session_id,label,ts,observation_count,mean_interval,std_interval,cv
c2_0,1,1789028184.6551013,3,4.8289,0.3373,0.0698
c2_0,1,1789028184.8751013,3,4.8289,0.3373,0.0698
c2_0,1,1789028185.0951014,3,4.8289,0.3373,0.0698
c2_0,1,1789028185.3151014,3,4.8289,0.3373,0.0698
c2_0,1,1789028185.5351014,3,4.8289,0.3373,0.0698
c2_0,1,1789028185.7551014,3,4.8289,0.3373,0.0698
c2_0,1,1789028185.9751015,3,4.8289,0.3373,0.0698
c2_0,1,1789028186.1951015,3,4.8289,0.3373,0.0698
c2_0,1,1789028186.4151015,3,4.8289,0.3373,0.0698
c2_0,1,1789028186.6351016,3,4.8289,0.3373,0.0698
c2_0,1,1789028186.8551016,3,4.8289,0.3373,0.0698
c2_0,1,1789028187.0751016,3,4.8289,0.3373,0.0698
c2_0,1,1789028187.2951016,3,4.8289,0.3373,0.0698
c2_0,1,1789028187.5151017,3,4.8289,0.3373,0.0698
c2_0,1,1789028187.7351017,3,4.8289,0.3373,0.0698
c2_0,1,1789028187.9551017,3,4.8289,0.3373,0.0698
c2_0,1,1789028188.1751018,3,4.8289,0.3373,0.0698
c2_0,1,1789028188.3951018,3,4.8289,0.3373,0.0698
c2_0,1,1789028188.6151018,3,4.8289,0.3373,0.0698
c2_0,1,1789028188.8351018,3,4.8289,0.3373,0.0698
c2_0,1,1789028189.0551019,4,4.6588,0.3657,0.0785
c2_0,1,1789028189.275102,4,4.6588,0.3657,0.0785
c2_0,1,1789028189.495102,4,4.6588,0.3657,0.0785
c2_0,1,1789028189.715102,4,4.6588,0.3657,0.0785
c2_0,1,1789028189.935102,4,4.6588,0.3657,0.0785
c2_0,1,1789028190.155102,4,4.6588,0.3657,0.0785
c2_0,1,1789028190.375102,4,4.6588,0.3657,0.0785
c2_0,1,1789028190.595102,4,4.6588,0.3657,0.0785
c2_0,1,1789028190.815102,4,4.6588,0.3657,0.0785
c2_0,1,1789028191.0351021,4,4.6588,0.3657,0.0785
c2_0,1,1789028191.2551022,4,4.6588,0.3657,0.0785
c2_0,1,1789028191.4751022,4,4.6588,0.3657,0.0785
c2_0,1,1789028191.6951022,4,4.6588,0.3657,0.0785
c2_0,1,1789028191.9151022,4,4.6588,0.3657,0.0785
c2_0,1,1789028192.1351023,4,4.6588,0.3657,0.0785
c2_0,1,1789028192.3551023,4,4.6588,0.3657,0.0785
c2_0,1,1789028192.5751023,4,4.6588,0.3657,0.0785
c2_0,1,1789028192.7951024,4,4.6588,0.3657,0.0785
c2_0,1,1789028193.0151024,4,4.6588,0.3657,0.0785
c2_0,1,1789028193.2351024,4,4.6588,0.3657,0.0785
c2_0,1,1789028193.4551024,4,4.6588,0.3657,0.0785
c2_0,1,1789028193.6751025,4,4.6588,0.3657,0.0785
c2_0,1,1789028193.8951025,4,4.6588,0.3657,0.0785
c2_0,1,1789028194.1151025,4,4.6588,0.3657,0.0785
c2_0,1,1789028194.3351026,4,4.6588,0.3657,0.0785
c2_0,1,1789028194.5551026,5,4.8618,0.4732,0.0973
c2_0,1,1789028194.7751026,5,4.8618,0.4732,0.0973
c2_0,1,1789028194.9951026,5,4.8618,0.4732,0.0973
c2_0,1,1789028195.2151027,5,4.8618,0.4732,0.0973
c2_0,1,1789028195.4351027,5,4.8618,0.4732,0.0973
c2_0,1,1789028195.6551027,5,4.8618,0.4732,0.0973
c2_0,1,1789028195.8751028,5,4.8618,0.4732,0.0973
c2_0,1,1789028196.0951028,5,4.8618,0.4732,0.0973
c2_0,1,1789028196.3151028,5,4.8618,0.4732,0.0973
c2_0,1,1789028196.5351028,5,4.8618,0.4732,0.0973
c2_0,1,1789028196.7551029,5,4.8618,0.4732,0.0973
c2_0,1,1789028196.975103,5,4.8618,0.4732,0.0973
c2_0,1,1789028197.195103,5,4.8618,0.4732,0.0973
c2_0,1,1789028197.415103,5,4.8618,0.4732,0.0973
c2_0,1,1789028197.635103,5,4.8618,0.4732,0.0973
c2_0,1,1789028197.855103,5,4.8618,0.4732,0.0973
c2_0,1,1789028198.075103,5,4.8618,0.4732,0.0973
c2_0,1,1789028198.295103,5,4.8618,0.4732,0.0973
c2_0,1,1789028198.515103,5,4.8618,0.4732,0.0973
c2_0,1,1789028198.7351031,5,4.8618,0.4732,0.0973
c2_0,1,1789028198.9551032,5,4.8618,0.4732,0.0973
c2_0,1,1789028199.1751032,5,4.8618,0.4732,0.0973
c2_0,1,1789028199.3951032,5,4.8618,0.4732,0.0973
c2_0,1,1789028199.6151032,5,4.8618,0.4732,0.0973
c2_0,1,1789028199.8351033,6,4.9535,0.4613,0.0931
c2_0,1,1789028200.0551033,6,4.9535,0.4613,0.0931
c2_0,1,1789028200.2751033,6,4.9535,0.4613,0.0931
c2_0,1,1789028200.4951034,6,4.9535,0.4613,0.0931
c2_0,1,1789028200.7151034,6,4.9535,0.4613,0.0931
c2_0,1,1789028200.9351034,6,4.9535,0.4613,0.0931
c2_0,1,1789028201.1551034,6,4.9535,0.4613,0.0931
c2_0,1,1789028201.3751035,6,4.9535,0.4613,0.0931
c2_0,1,1789028201.5951035,6,4.9535,0.4613,0.0931
c2_0,1,1789028201.8151035,6,4.9535,0.4613,0.0931
c2_0,1,1789028202.0351036,6,4.9535,0.4613,0.0931
c2_0,1,1789028202.2551036,6,4.9535,0.4613,0.0931
c2_0,1,1789028202.4751036,6,4.9535,0.4613,0.0931
c2_0,1,1789028202.6951036,6,4.9535,0.4613,0.0931
c2_0,1,1789028202.9151037,6,4.9535,0.4613,0.0931
c2_0,1,1789028203.1351037,6,4.9535,0.4613,0.0931
c2_0,1,1789028203.3551037,6,4.9535,0.4613,0.0931
c2_0,1,1789028203.5751038,6,4.9535,0.4613,0.0931
c2_0,1,1789028203.7951038,6,4.9535,0.4613,0.0931
c2_0,1,1789028204.0151038,7,4.8375,0.4945,0.1022
c2_0,1,1789028204.2351038,7,4.8375,0.4945,0.1022
c2_0,1,1789028204.4551039,7,4.8375,0.4945,0.1022
c2_0,1,1789028204.675104,7,4.8375,0.4945,0.1022
c2_0,1,1789028204.895104,7,4.8375,0.4945,0.1022
c2_0,1,1789028205.115104,7,4.8375,0.4945,0.1022
c2_0,1,1789028205.335104,7,4.8375,0.4945,0.1022
c2_0,1,1789028205.555104,7,4.8375,0.4945,0.1022
c2_0,1,1789028205.775104,7,4.8375,0.4945,0.1022
c2_0,1,1789028205.995104,7,4.8375,0.4945,0.1022
c2_0,1,1789028206.215104,7,4.8375,0.4945,0.1022
c2_0,1,1789028206.4351041,7,4.8375,0.4945,0.1022
c2_0,1,1789028206.6551042,7,4.8375,0.4945,0.1022
c2_0,1,1789028206.8751042,7,4.8375,0.4945,0.1022
c2_0,1,1789028207.0951042,7,4.8375,0.4945,0.1022
c2_0,1,1789028207.3151042,7,4.8375,0.4945,0.1022
c2_0,1,1789028207.5351043,7,4.8375,0.4945,0.1022
c2_0,1,1789028207.7551043,7,4.8375,0.4945,0.1022
c2_0,1,1789028207.9751043,7,4.8375,0.4945,0.1022
c2_0,1,1789028208.1951044,7,4.8375,0.4945,0.1022
c2_0,1,1789028208.4151044,8,4.7751,0.4827,0.1011
c2_0,1,1789028208.6351044,8,4.7751,0.4827,0.1011
c2_0,1,1789028208.8551044,8,4.7751,0.4827,0.1011
c2_0,1,1789028209.0751045,8,4.7751,0.4827,0.1011
c2_0,1,1789028209.2951045,8,4.7751,0.4827,0.1011
c2_0,1,1789028209.5151045,8,4.7751,0.4827,0.1011
c2_0,1,1789028209.7351046,8,4.7751,0.4827,0.1011
c2_0,1,1789028209.9551046,8,4.7751,0.4827,0.1011
c2_0,1,1789028210.1751046,8,4.7751,0.4827,0.1011
c2_0,1,1789028210.3951046,8,4.7751,0.4827,0.1011
c2_0,1,1789028210.6151047,8,4.7751,0.4827,0.1011
c2_0,1,1789028210.8351047,8,4.7751,0.4827,0.1011
c2_0,1,1789028211.0551047,8,4.7751,0.4827,0.1011
c2_0,1,1789028211.2751048,8,4.7751,0.4827,0.1011
c2_0,1,1789028211.4951048,8,4.7751,0.4827,0.1011
c2_0,1,1789028211.7151048,8,4.7751,0.4827,0.1011
c2_0,1,1789028211.9351048,8,4.7751,0.4827,0.1011
c2_0,1,1789028212.1551049,8,4.7751,0.4827,0.1011
c2_0,1,1789028212.375105,8,4.7751,0.4827,0.1011
c2_0,1,1789028212.595105,8,4.7751,0.4827,0.1011
c2_0,1,1789028212.815105,8,4.7751,0.4827,0.1011
c2_0,1,1789028213.035105,8,4.7751,0.4827,0.1011
c2_0,1,1789028213.255105,8,4.7751,0.4827,0.1011
c2_0,1,1789028213.475105,8,4.7751,0.4827,0.1011
c2_0,1,1789028213.695105,9,4.832,0.4759,0.0985
c2_0,1,1789028213.915105,9,4.832,0.4759,0.0985
c2_0,1,1789028214.1351051,9,4.832,0.4759,0.0985
c2_0,1,1789028214.3551052,9,4.832,0.4759,0.0985
c2_0,1,1789028214.5751052,9,4.832,0.4759,0.0985
c2_0,1,1789028214.7951052,9,4.832,0.4759,0.0985
c2_0,1,1789028215.0151052,9,4.832,0.4759,0.0985
c2_0,1,1789028215.2351053,9,4.832,0.4759,0.0985
c2_0,1,1789028215.4551053,9,4.832,0.4759,0.0985
c2_0,1,1789028215.6751053,9,4.832,0.4759,0.0985
c2_0,1,1789028215.8951054,9,4.832,0.4759,0.0985
c2_0,1,1789028216.1151054,9,4.832,0.4759,0.0985
c2_0,1,1789028216.3351054,9,4.832,0.4759,0.0985
c2_0,1,1789028216.5551054,9,4.832,0.4759,0.0985
c2_0,1,1789028216.7751055,9,4.832,0.4759,0.0985
c2_0,1,1789028216.9951055,9,4.832,0.4759,0.0985
c2_0,1,1789028217.2151055,9,4.832,0.4759,0.0985
c2_0,1,1789028217.4351056,9,4.832,0.4759,0.0985
c2_0,1,1789028217.6551056,9,4.832,0.4759,0.0985
c2_0,1,1789028217.8751056,9,4.832,0.4759,0.0985
c2_0,1,1789028218.0951056,9,4.832,0.4759,0.0985
c2_0,1,1789028218.3151057,9,4.832,0.4759,0.0985
c2_0,1,1789028218.5351057,9,4.832,0.4759,0.0985
c2_0,1,1789028218.7551057,9,4.832,0.4759,0.0985
c2_0,1,1789028218.9751058,9,4.832,0.4759,0.0985
c2_0,1,1789028219.1951058,9,4.832,0.4759,0.0985
c2_0,1,1789028219.4151058,10,4.9281,0.5246,0.1065
c2_0,1,1789028219.6351058,10,4.9281,0.5246,0.1065
c2_0,1,1789028219.8551059,10,4.9281,0.5246,0.1065
c2_0,1,1789028220.075106,10,4.9281,0.5246,0.1065
c2_0,1,1789028220.295106,10,4.9281,0.5246,0.1065
c2_0,1,1789028220.515106,10,4.9281,0.5246,0.1065
c2_0,1,1789028220.735106,10,4.9281,0.5246,0.1065
c2_0,1,1789028220.955106,10,4.9281,0.5246,0.1065
c2_0,1,1789028221.175106,10,4.9281,0.5246,0.1065
c2_0,1,1789028221.395106,10,4.9281,0.5246,0.1065
c2_0,1,1789028221.615106,10,4.9281,0.5246,0.1065
c2_0,1,1789028221.8351061,10,4.9281,0.5246,0.1065
c2_0,1,1789028222.0551062,10,4.9281,0.5246,0.1065
c2_0,1,1789028222.2751062,10,4.9281,0.5246,0.1065
c2_0,1,1789028222.4951062,10,4.9281,0.5246,0.1065
c2_0,1,1789028222.7151062,10,4.9281,0.5246,0.1065
c2_0,1,1789028222.9351063,10,4.9281,0.5246,0.1065
c2_0,1,1789028223.1551063,10,4.9281,0.5246,0.1065
c2_0,1,1789028223.3751063,10,4.9281,0.5246,0.1065
c2_0,1,1789028223.5951064,10,4.9281,0.5246,0.1065
c2_0,1,1789028223.8151064,10,4.9281,0.5246,0.1065
c2_0,1,1789028224.0351064,10,4.9281,0.5246,0.1065
c2_0,1,1789028224.2551064,10,4.9281,0.5246,0.1065
c2_0,1,1789028224.4751065,10,4.9281,0.5246,0.1065
c2_0,1,1789028224.6951065,10,4.9281,0.5246,0.1065
c2_0,1,1789028224.9151065,10,4.9281,0.5246,0.1065
c2_0,1,1789028225.1351066,11,5.0042,0.5476,0.1094
c2_0,1,1789028225.3551066,11,5.0042,0.5476,0.1094
c2_0,1,1789028225.5751066,11,5.0042,0.5476,0.1094
c2_0,1,1789028225.7951066,11,5.0042,0.5476,0.1094
c2_0,1,1789028226.0151067,11,5.0042,0.5476,0.1094
c2_0,1,1789028226.2351067,11,5.0042,0.5476,0.1094
c2_0,1,1789028226.4551067,11,5.0042,0.5476,0.1094
c2_0,1,1789028226.6751068,11,5.0042,0.5476,0.1094
c2_0,1,1789028226.8951068,11,5.0042,0.5476,0.1094
c2_0,1,1789028227.1151068,11,5.0042,0.5476,0.1094
c2_0,1,1789028227.3351068,11,5.0042,0.5476,0.1094
c2_0,1,1789028227.5551069,11,5.0042,0.5476,0.1094
c2_0,1,1789028227.775107,11,5.0042,0.5476,0.1094
c2_0,1,1789028227.995107,11,5.0042,0.5476,0.1094
c2_0,1,1789028228.215107,11,5.0042,0.5476,0.1094
c2_0,1,1789028228.435107,11,5.0042,0.5476,0.1094
c2_0,1,1789028228.655107,11,5.0042,0.5476,0.1094
c2_0,1,1789028228.875107,11,5.0042,0.5476,0.1094
c2_0,1,1789028229.095107,11,5.0042,0.5476,0.1094
c2_0,1,1789028229.315107,11,5.0042,0.5476,0.1094
c2_0,1,1789028229.5351071,11,5.0042,0.5476,0.1094
c2_0,1,1789028229.7551072,11,5.0042,0.5476,0.1094
c2_0,1,1789028229.9751072,11,5.0042,0.5476,0.1094
c2_0,1,1789028230.1951072,11,5.0042,0.5476,0.1094
c2_0,1,1789028230.4151073,11,5.0042,0.5476,0.1094
c2_0,1,1789028230.6351073,12,5.0451,0.5378,0.1066
c2_0,1,1789028230.8551073,12,5.0451,0.5378,0.1066
c2_0,1,1789028231.0751073,12,5.0451,0.5378,0.1066
c2_0,1,1789028231.2951074,12,5.0451,0.5378,0.1066
c2_0,1,1789028231.5151074,12,5.0451,0.5378,0.1066
c2_0,1,1789028231.7351074,12,5.0451,0.5378,0.1066
c2_0,1,1789028231.9551075,12,5.0451,0.5378,0.1066
c2_0,1,1789028232.1751075,12,5.0451,0.5378,0.1066
c2_0,1,1789028232.3951075,12,5.0451,0.5378,0.1066
c2_0,1,1789028232.6151075,12,5.0451,0.5378,0.1066
c2_0,1,1789028232.8351076,12,5.0451,0.5378,0.1066
c2_0,1,1789028233.0551076,12,5.0451,0.5378,0.1066
c2_0,1,1789028233.2751076,12,5.0451,0.5378,0.1066
c2_0,1,1789028233.4951077,12,5.0451,0.5378,0.1066
c2_0,1,1789028233.7151077,12,5.0451,0.5378,0.1066
c2_0,1,1789028233.9351077,12,5.0451,0.5378,0.1066
c2_0,1,1789028234.1551077,12,5.0451,0.5378,0.1066
c2_0,1,1789028234.3751078,12,5.0451,0.5378,0.1066
c2_0,1,1789028234.5951078,12,5.0451,0.5378,0.1066
c2_0,1,1789028234.8151078,13,4.9863,0.5506,0.1104
c2_0,1,1789028235.0351079,13,4.9863,0.5506,0.1104
c2_0,1,1789028235.2551079,13,4.9863,0.5506,0.1104
c2_0,1,1789028235.475108,13,4.9863,0.5506,0.1104
c2_0,1,1789028235.695108,13,4.9863,0.5506,0.1104
c2_0,1,1789028235.915108,13,4.9863,0.5506,0.1104
c2_0,1,1789028236.135108,13,4.9863,0.5506,0.1104
c2_0,1,1789028236.355108,13,4.9863,0.5506,0.1104
c2_0,1,1789028236.575108,13,4.9863,0.5506,0.1104
c2_0,1,1789028236.795108,13,4.9863,0.5506,0.1104
c2_0,1,1789028237.015108,13,4.9863,0.5506,0.1104
c2_0,1,1789028237.2351081,13,4.9863,0.5506,0.1104
c2_0,1,1789028237.4551082,13,4.9863,0.5506,0.1104
c2_0,1,1789028237.6751082,13,4.9863,0.5506,0.1104
c2_0,1,1789028237.8951082,13,4.9863,0.5506,0.1104
c2_0,1,1789028238.1151083,13,4.9863,0.5506,0.1104
c2_0,1,1789028238.3351083,13,4.9863,0.5506,0.1104
c2_0,1,1789028238.5551083,13,4.9863,0.5506,0.1104
c2_0,1,1789028238.7751083,13,4.9863,0.5506,0.1104
c2_0,1,1789028238.9951084,13,4.9863,0.5506,0.1104
c2_0,1,1789028239.2151084,13,4.9863,0.5506,0.1104
c2_0,1,1789028239.4351084,13,4.9863,0.5506,0.1104
c2_0,1,1789028239.6551085,13,4.9863,0.5506,0.1104
c2_0,1,1789028239.8751085,13,4.9863,0.5506,0.1104
c2_0,1,1789028240.0951085,13,4.9863,0.5506,0.1104
c2_0,1,1789028240.3151085,14,5.0176,0.5401,0.1076
c2_0,1,1789028240.5351086,14,5.0176,0.5401,0.1076
c2_0,1,1789028240.7551086,14,5.0176,0.5401,0.1076
c2_0,1,1789028240.9751086,14,5.0176,0.5401,0.1076
c2_0,1,1789028241.1951087,14,5.0176,0.5401,0.1076
c2_0,1,1789028241.4151087,14,5.0176,0.5401,0.1076
c2_0,1,1789028241.6351087,14,5.0176,0.5401,0.1076
c2_0,1,1789028241.8551087,14,5.0176,0.5401,0.1076
c2_0,1,1789028242.0751088,14,5.0176,0.5401,0.1076
c2_0,1,1789028242.2951088,14,5.0176,0.5401,0.1076
c2_0,1,1789028242.5151088,14,5.0176,0.5401,0.1076
c2_0,1,1789028242.7351089,14,5.0176,0.5401,0.1076
c2_0,1,1789028242.955109,14,5.0176,0.5401,0.1076
c2_0,1,1789028243.175109,14,5.0176,0.5401,0.1076
c2_0,1,1789028243.395109,14,5.0176,0.5401,0.1076
c2_0,1,1789028243.615109,14,5.0176,0.5401,0.1076
c2_0,1,1789028243.835109,14,5.0176,0.5401,0.1076
c2_0,1,1789028244.055109,14,5.0176,0.5401,0.1076
c2_0,1,1789028244.275109,14,5.0176,0.5401,0.1076
c2_0,1,1789028244.495109,14,5.0176,0.5401,0.1076
c2_0,1,1789028244.715109,14,5.0176,0.5401,0.1076
c2_0,1,1789028244.9351091,14,5.0176,0.5401,0.1076
c2_0,1,1789028245.1551092,14,5.0176,0.5401,0.1076
c2_1,1,1789028282.034407,3,4.0709,0.2441,0.06
c2_1,1,1789028282.254407,3,4.0709,0.2441,0.06
c2_1,1,1789028282.474407,3,4.0709,0.2441,0.06
c2_1,1,1789028282.694407,3,4.0709,0.2441,0.06
c2_1,1,1789028282.914407,3,4.0709,0.2441,0.06
c2_1,1,1789028283.134407,3,4.0709,0.2441,0.06
c2_1,1,1789028283.354407,3,4.0709,0.2441,0.06
c2_1,1,1789028283.574407,3,4.0709,0.2441,0.06
c2_1,1,1789028283.7944071,3,4.0709,0.2441,0.06
c2_1,1,1789028284.0144072,3,4.0709,0.2441,0.06
c2_1,1,1789028284.2344072,3,4.0709,0.2441,0.06
c2_1,1,1789028284.4544072,3,4.0709,0.2441,0.06
c2_1,1,1789028284.6744072,3,4.0709,0.2441,0.06
c2_1,1,1789028284.8944073,3,4.0709,0.2441,0.06
c2_1,1,1789028285.1144073,3,4.0709,0.2441,0.06
c2_1,1,1789028285.3344073,3,4.0709,0.2441,0.06
c2_1,1,1789028285.5544074,3,4.0709,0.2441,0.06
c2_1,1,1789028285.7744074,3,4.0709,0.2441,0.06
c2_1,1,1789028285.9944074,4,4.0351,0.2057,0.051
c2_1,1,1789028286.2144074,4,4.0351,0.2057,0.051
c2_1,1,1789028286.4344075,4,4.0351,0.2057,0.051
c2_1,1,1789028286.6544075,4,4.0351,0.2057,0.051
c2_1,1,1789028286.8744075,4,4.0351,0.2057,0.051
c2_1,1,1789028287.0944076,4,4.0351,0.2057,0.051
c2_1,1,1789028287.3144076,4,4.0351,0.2057,0.051
c2_1,1,1789028287.5344076,4,4.0351,0.2057,0.051
c2_1,1,1789028287.7544076,4,4.0351,0.2057,0.051
c2_1,1,1789028287.9744077,4,4.0351,0.2057,0.051
c2_1,1,1789028288.1944077,4,4.0351,0.2057,0.051
c2_1,1,1789028288.4144077,4,4.0351,0.2057,0.051
c2_1,1,1789028288.6344078,4,4.0351,0.2057,0.051
c2_1,1,1789028288.8544078,4,4.0351,0.2057,0.051
c2_1,1,1789028289.0744078,4,4.0351,0.2057,0.051
c2_1,1,1789028289.2944078,4,4.0351,0.2057,0.051
c2_1,1,1789028289.5144079,4,4.0351,0.2057,0.051
c2_1,1,1789028289.734408,4,4.0351,0.2057,0.051
c2_1,1,1789028289.954408,4,4.0351,0.2057,0.051
c2_1,1,1789028290.174408,4,4.0351,0.2057,0.051
c2_1,1,1789028290.394408,5,4.0789,0.1936,0.0475
c2_1,1,1789028290.614408,5,4.0789,0.1936,0.0475
c2_1,1,1789028290.834408,5,4.0789,0.1936,0.0475
c2_1,1,1789028291.054408,5,4.0789,0.1936,0.0475
c2_1,1,1789028291.274408,5,4.0789,0.1936,0.0475
c2_1,1,1789028291.4944081,5,4.0789,0.1936,0.0475
c2_1,1,1789028291.7144082,5,4.0789,0.1936,0.0475
c2_1,1,1789028291.9344082,5,4.0789,0.1936,0.0475
c2_1,1,1789028292.1544082,5,4.0789,0.1936,0.0475
c2_1,1,1789028292.3744082,5,4.0789,0.1936,0.0475
c2_1,1,1789028292.5944083,5,4.0789,0.1936,0.0475
c2_1,1,1789028292.8144083,5,4.0789,0.1936,0.0475
c2_1,1,1789028293.0344083,5,4.0789,0.1936,0.0475
c2_1,1,1789028293.2544084,5,4.0789,0.1936,0.0475
c2_1,1,1789028293.4744084,5,4.0789,0.1936,0.0475
c2_1,1,1789028293.6944084,5,4.0789,0.1936,0.0475
c2_1,1,1789028293.9144084,5,4.0789,0.1936,0.0475
c2_1,1,1789028294.1344085,6,4.0486,0.1834,0.0453
c2_1,1,1789028294.3544085,6,4.0486,0.1834,0.0453
c2_1,1,1789028294.5744085,6,4.0486,0.1834,0.0453
c2_1,1,1789028294.7944086,6,4.0486,0.1834,0.0453
c2_1,1,1789028295.0144086,6,4.0486,0.1834,0.0453
c2_1,1,1789028295.2344086,6,4.0486,0.1834,0.0453
c2_1,1,1789028295.4544086,6,4.0486,0.1834,0.0453
c2_1,1,1789028295.6744087,6,4.0486,0.1834,0.0453
c2_1,1,1789028295.8944087,6,4.0486,0.1834,0.0453
c2_1,1,1789028296.1144087,6,4.0486,0.1834,0.0453
c2_1,1,1789028296.3344088,6,4.0486,0.1834,0.0453
c2_1,1,1789028296.5544088,6,4.0486,0.1834,0.0453
c2_1,1,1789028296.7744088,6,4.0486,0.1834,0.0453
c2_1,1,1789028296.9944088,6,4.0486,0.1834,0.0453
c2_1,1,1789028297.2144089,6,4.0486,0.1834,0.0453
c2_1,1,1789028297.434409,6,4.0486,0.1834,0.0453
c2_1,1,1789028297.654409,6,4.0486,0.1834,0.0453
c2_1,1,1789028297.874409,6,4.0486,0.1834,0.0453
c2_1,1,1789028298.094409,7,4.0315,0.1717,0.0426
c2_1,1,1789028298.314409,7,4.0315,0.1717,0.0426
c2_1,1,1789028298.534409,7,4.0315,0.1717,0.0426
c2_1,1,1789028298.754409,7,4.0315,0.1717,0.0426
c2_1,1,1789028298.974409,7,4.0315,0.1717,0.0426
c2_1,1,1789028299.1944091,7,4.0315,0.1717,0.0426
c2_1,1,1789028299.4144092,7,4.0315,0.1717,0.0426
c2_1,1,1789028299.6344092,7,4.0315,0.1717,0.0426
c2_1,1,1789028299.8544092,7,4.0315,0.1717,0.0426
c2_1,1,1789028300.0744092,7,4.0315,0.1717,0.0426
c2_1,1,1789028300.2944093,7,4.0315,0.1717,0.0426
c2_1,1,1789028300.5144093,7,4.0315,0.1717,0.0426
c2_1,1,1789028300.7344093,7,4.0315,0.1717,0.0426
c2_1,1,1789028300.9544094,7,4.0315,0.1717,0.0426
c2_1,1,1789028301.1744094,7,4.0315,0.1717,0.0426
c2_1,1,1789028301.3944094,7,4.0315,0.1717,0.0426
c2_1,1,1789028301.6144094,7,4.0315,0.1717,0.0426
c2_1,1,1789028301.8344095,8,3.9694,0.2201,0.0555
c2_1,1,1789028302.0544095,8,3.9694,0.2201,0.0555
c2_1,1,1789028302.2744095,8,3.9694,0.2201,0.0555
c2_1,1,1789028302.4944096,8,3.9694,0.2201,0.0555
c2_1,1,1789028302.7144096,8,3.9694,0.2201,0.0555
c2_1,1,1789028302.9344096,8,3.9694,0.2201,0.0555
c2_1,1,1789028303.1544096,8,3.9694,0.2201,0.0555
c2_1,1,1789028303.3744097,8,3.9694,0.2201,0.0555
c2_1,1,1789028303.5944097,8,3.9694,0.2201,0.0555
c2_1,1,1789028303.8144097,8,3.9694,0.2201,0.0555
c2_1,1,1789028304.0344098,8,3.9694,0.2201,0.0555
c2_1,1,1789028304.2544098,8,3.9694,0.2201,0.0555
c2_1,1,1789028304.4744098,8,3.9694,0.2201,0.0555
c2_1,1,1789028304.6944098,8,3.9694,0.2201,0.0555
c2_1,1,1789028304.9144099,8,3.9694,0.2201,0.0555
c2_1,1,1789028305.13441,8,3.9694,0.2201,0.0555
c2_1,1,1789028305.35441,8,3.9694,0.2201,0.0555
c2_1,1,1789028305.57441,9,3.9579,0.2081,0.0526
c2_1,1,1789028305.79441,9,3.9579,0.2081,0.0526
c2_1,1,1789028306.01441,9,3.9579,0.2081,0.0526
c2_1,1,1789028306.23441,9,3.9579,0.2081,0.0526
c2_1,1,1789028306.45441,9,3.9579,0.2081,0.0526
c2_1,1,1789028306.67441,9,3.9579,0.2081,0.0526
c2_1,1,1789028306.8944101,9,3.9579,0.2081,0.0526
c2_1,1,1789028307.1144102,9,3.9579,0.2081,0.0526
c2_1,1,1789028307.3344102,9,3.9579,0.2081,0.0526
c2_1,1,1789028307.5544102,9,3.9579,0.2081,0.0526
c2_1,1,1789028307.7744102,9,3.9579,0.2081,0.0526
c2_1,1,1789028307.9944103,9,3.9579,0.2081,0.0526
c2_1,1,1789028308.2144103,9,3.9579,0.2081,0.0526
c2_1,1,1789028308.4344103,9,3.9579,0.2081,0.0526
c2_1,1,1789028308.6544104,9,3.9579,0.2081,0.0526
c2_1,1,1789028308.8744104,9,3.9579,0.2081,0.0526
c2_1,1,1789028309.0944104,9,3.9579,0.2081,0.0526
c2_1,1,1789028309.3144104,9,3.9579,0.2081,0.0526
c2_1,1,1789028309.5344105,10,3.9539,0.1966,0.0497
c2_1,1,1789028309.7544105,10,3.9539,0.1966,0.0497
c2_1,1,1789028309.9744105,10,3.9539,0.1966,0.0497
c2_1,1,1789028310.1944106,10,3.9539,0.1966,0.0497
c2_1,1,1789028310.4144106,10,3.9539,0.1966,0.0497
c2_1,1,1789028310.6344106,10,3.9539,0.1966,0.0497
c2_1,1,1789028310.8544106,10,3.9539,0.1966,0.0497
c2_1,1,1789028311.0744107,10,3.9539,0.1966,0.0497
c2_1,1,1789028311.2944107,10,3.9539,0.1966,0.0497
c2_1,1,1789028311.5144107,10,3.9539,0.1966,0.0497
c2_1,1,1789028311.7344108,10,3.9539,0.1966,0.0497
c2_1,1,1789028311.9544108,10,3.9539,0.1966,0.0497
c2_1,1,1789028312.1744108,10,3.9539,0.1966,0.0497
c2_1,1,1789028312.3944108,10,3.9539,0.1966,0.0497
benign_2,0,1789028329.0829253,3,6.2782,1.6279,0.2593
benign_2,0,1789028329.3029253,3,6.2782,1.6279,0.2593
benign_2,0,1789028329.5229254,3,6.2782,1.6279,0.2593
benign_2,0,1789028329.7429254,3,6.2782,1.6279,0.2593
benign_2,0,1789028329.9629254,3,6.2782,1.6279,0.2593
benign_2,0,1789028330.1829255,3,6.2782,1.6279,0.2593
benign_2,0,1789028330.4029255,3,6.2782,1.6279,0.2593
benign_2,0,1789028330.6229255,3,6.2782,1.6279,0.2593
benign_2,0,1789028330.8429255,3,6.2782,1.6279,0.2593
benign_2,0,1789028331.0629256,3,6.2782,1.6279,0.2593
benign_2,0,1789028331.2829256,4,4.8864,2.3751,0.4861
benign_2,0,1789028331.5029256,4,4.8864,2.3751,0.4861
benign_2,0,1789028331.7229257,4,4.8864,2.3751,0.4861
benign_2,0,1789028331.9429257,4,4.8864,2.3751,0.4861
benign_2,0,1789028332.1629257,4,4.8864,2.3751,0.4861
benign_2,0,1789028332.3829257,5,3.9643,2.6041,0.6569
benign_2,0,1789028332.6029258,5,3.9643,2.6041,0.6569
benign_2,0,1789028332.8229258,5,3.9643,2.6041,0.6569
benign_2,0,1789028333.0429258,5,3.9643,2.6041,0.6569
benign_2,0,1789028333.2629259,5,3.9643,2.6041,0.6569
benign_2,0,1789028333.482926,5,3.9643,2.6041,0.6569
benign_2,0,1789028333.702926,5,3.9643,2.6041,0.6569
benign_2,0,1789028333.922926,5,3.9643,2.6041,0.6569
benign_2,0,1789028334.142926,5,3.9643,2.6041,0.6569
benign_2,0,1789028334.362926,5,3.9643,2.6041,0.6569
c2_2,1,1789028347.823806,3,4.4015,0.1925,0.0437
c2_2,1,1789028348.043806,3,4.4015,0.1925,0.0437
c2_2,1,1789028348.263806,3,4.4015,0.1925,0.0437
c2_2,1,1789028348.4838061,3,4.4015,0.1925,0.0437
c2_2,1,1789028348.7038062,3,4.4015,0.1925,0.0437
c2_2,1,1789028348.9238062,3,4.4015,0.1925,0.0437
c2_2,1,1789028349.1438062,3,4.4015,0.1925,0.0437
c2_2,1,1789028349.3638062,3,4.4015,0.1925,0.0437
c2_2,1,1789028349.5838063,3,4.4015,0.1925,0.0437
c2_2,1,1789028349.8038063,3,4.4015,0.1925,0.0437
c2_2,1,1789028350.0238063,3,4.4015,0.1925,0.0437
c2_2,1,1789028350.2438064,3,4.4015,0.1925,0.0437
c2_2,1,1789028350.4638064,3,4.4015,0.1925,0.0437
c2_2,1,1789028350.6838064,3,4.4015,0.1925,0.0437
c2_2,1,1789028350.9038064,3,4.4015,0.1925,0.0437
c2_2,1,1789028351.1238065,3,4.4015,0.1925,0.0437
c2_2,1,1789028351.3438065,3,4.4015,0.1925,0.0437
c2_2,1,1789028351.5638065,3,4.4015,0.1925,0.0437
c2_2,1,1789028351.7838066,3,4.4015,0.1925,0.0437
c2_2,1,1789028352.0038066,4,4.3262,0.1899,0.0439
c2_2,1,1789028352.2238066,4,4.3262,0.1899,0.0439
c2_2,1,1789028352.4438066,4,4.3262,0.1899,0.0439
c2_2,1,1789028352.6638067,4,4.3262,0.1899,0.0439
c2_2,1,1789028352.8838067,4,4.3262,0.1899,0.0439
c2_2,1,1789028353.1038067,4,4.3262,0.1899,0.0439
c2_2,1,1789028353.3238068,4,4.3262,0.1899,0.0439
c2_2,1,1789028353.5438068,4,4.3262,0.1899,0.0439
c2_2,1,1789028353.7638068,4,4.3262,0.1899,0.0439
c2_2,1,1789028353.9838068,4,4.3262,0.1899,0.0439
c2_2,1,1789028354.2038069,4,4.3262,0.1899,0.0439
c2_2,1,1789028354.423807,4,4.3262,0.1899,0.0439
c2_2,1,1789028354.643807,4,4.3262,0.1899,0.0439
c2_2,1,1789028354.863807,4,4.3262,0.1899,0.0439
c2_2,1,1789028355.083807,4,4.3262,0.1899,0.0439
c2_2,1,1789028355.303807,4,4.3262,0.1899,0.0439
c2_2,1,1789028355.523807,4,4.3262,0.1899,0.0439
c2_2,1,1789028355.743807,4,4.3262,0.1899,0.0439
c2_2,1,1789028355.963807,4,4.3262,0.1899,0.0439
c2_2,1,1789028356.1838071,5,4.2932,0.1741,0.0405
c2_2,1,1789028356.4038072,5,4.2932,0.1741,0.0405
c2_2,1,1789028356.6238072,5,4.2932,0.1741,0.0405
c2_2,1,1789028356.8438072,5,4.2932,0.1741,0.0405
c2_2,1,1789028357.0638072,5,4.2932,0.1741,0.0405
c2_2,1,1789028357.2838073,5,4.2932,0.1741,0.0405
c2_2,1,1789028357.5038073,5,4.2932,0.1741,0.0405
c2_2,1,1789028357.7238073,5,4.2932,0.1741,0.0405
c2_2,1,1789028357.9438074,5,4.2932,0.1741,0.0405
c2_2,1,1789028358.1638074,5,4.2932,0.1741,0.0405
c2_2,1,1789028358.3838074,5,4.2932,0.1741,0.0405
c2_2,1,1789028358.6038074,5,4.2932,0.1741,0.0405
c2_2,1,1789028358.8238075,5,4.2932,0.1741,0.0405
c2_2,1,1789028359.0438075,5,4.2932,0.1741,0.0405
c2_2,1,1789028359.2638075,5,4.2932,0.1741,0.0405
c2_2,1,1789028359.4838076,5,4.2932,0.1741,0.0405
c2_2,1,1789028359.7038076,5,4.2932,0.1741,0.0405
c2_2,1,1789028359.9238076,5,4.2932,0.1741,0.0405
c2_2,1,1789028360.1438076,5,4.2932,0.1741,0.0405
c2_2,1,1789028360.3638077,5,4.2932,0.1741,0.0405
c2_2,1,1789028360.5838077,5,4.2932,0.1741,0.0405
c2_2,1,1789028360.8038077,6,4.3528,0.196,0.045
c2_2,1,1789028361.0238078,6,4.3528,0.196,0.045
c2_2,1,1789028361.2438078,6,4.3528,0.196,0.045
c2_2,1,1789028361.4638078,6,4.3528,0.196,0.045
c2_2,1,1789028361.6838078,6,4.3528,0.196,0.045
c2_2,1,1789028361.9038079,6,4.3528,0.196,0.045
c2_2,1,1789028362.123808,6,4.3528,0.196,0.045
c2_2,1,1789028362.343808,6,4.3528,0.196,0.045
c2_2,1,1789028362.563808,6,4.3528,0.196,0.045
c2_2,1,1789028362.783808,6,4.3528,0.196,0.045
c2_2,1,1789028363.003808,6,4.3528,0.196,0.045
c2_2,1,1789028363.223808,6,4.3528,0.196,0.045
c2_2,1,1789028363.443808,6,4.3528,0.196,0.045
c2_2,1,1789028363.663808,6,4.3528,0.196,0.045
c2_2,1,1789028363.8838081,6,4.3528,0.196,0.045
c2_2,1,1789028364.1038082,6,4.3528,0.196,0.045
c2_2,1,1789028364.3238082,6,4.3528,0.196,0.045
c2_2,1,1789028364.5438082,6,4.3528,0.196,0.045
c2_2,1,1789028364.7638083,6,4.3528,0.196,0.045
c2_2,1,1789028364.9838083,7,4.3544,0.179,0.0411
c2_2,1,1789028365.2038083,7,4.3544,0.179,0.0411
c2_2,1,1789028365.4238083,7,4.3544,0.179,0.0411
c2_2,1,1789028365.6438084,7,4.3544,0.179,0.0411
c2_2,1,1789028365.8638084,7,4.3544,0.179,0.0411
c2_2,1,1789028366.0838084,7,4.3544,0.179,0.0411
c2_2,1,1789028366.3038085,7,4.3544,0.179,0.0411
c2_2,1,1789028366.5238085,7,4.3544,0.179,0.0411
c2_2,1,1789028366.7438085,7,4.3544,0.179,0.0411
c2_2,1,1789028366.9638085,7,4.3544,0.179,0.0411
c2_2,1,1789028367.1838086,7,4.3544,0.179,0.0411
c2_2,1,1789028367.4038086,7,4.3544,0.179,0.0411
c2_2,1,1789028367.6238086,7,4.3544,0.179,0.0411
c2_2,1,1789028367.8438087,7,4.3544,0.179,0.0411
c2_2,1,1789028368.0638087,7,4.3544,0.179,0.0411
c2_2,1,1789028368.2838087,7,4.3544,0.179,0.0411
c2_2,1,1789028368.5038087,7,4.3544,0.179,0.0411
c2_2,1,1789028368.7238088,8,4.2551,0.2945,0.0692
c2_2,1,1789028368.9438088,8,4.2551,0.2945,0.0692
c2_2,1,1789028369.1638088,8,4.2551,0.2945,0.0692
c2_2,1,1789028369.3838089,8,4.2551,0.2945,0.0692
c2_2,1,1789028369.6038089,8,4.2551,0.2945,0.0692
c2_2,1,1789028369.823809,8,4.2551,0.2945,0.0692
c2_2,1,1789028370.043809,8,4.2551,0.2945,0.0692
c2_2,1,1789028370.263809,8,4.2551,0.2945,0.0692
c2_2,1,1789028370.483809,8,4.2551,0.2945,0.0692
c2_2,1,1789028370.703809,8,4.2551,0.2945,0.0692
c2_2,1,1789028370.923809,8,4.2551,0.2945,0.0692
c2_2,1,1789028371.143809,8,4.2551,0.2945,0.0692
c2_2,1,1789028371.363809,8,4.2551,0.2945,0.0692
c2_2,1,1789028371.5838091,8,4.2551,0.2945,0.0692
c2_2,1,1789028371.8038092,8,4.2551,0.2945,0.0692
c2_2,1,1789028372.0238092,8,4.2551,0.2945,0.0692
c2_2,1,1789028372.2438092,8,4.2551,0.2945,0.0692
c2_2,1,1789028372.4638093,8,4.2551,0.2945,0.0692
c2_2,1,1789028372.6838093,9,4.2267,0.2855,0.0675
c2_2,1,1789028372.9038093,9,4.2267,0.2855,0.0675
c2_2,1,1789028373.1238093,9,4.2267,0.2855,0.0675
c2_2,1,1789028373.3438094,9,4.2267,0.2855,0.0675
c2_2,1,1789028373.5638094,9,4.2267,0.2855,0.0675
c2_2,1,1789028373.7838094,9,4.2267,0.2855,0.0675
c2_2,1,1789028374.0038095,9,4.2267,0.2855,0.0675
c2_2,1,1789028374.2238095,9,4.2267,0.2855,0.0675
c2_2,1,1789028374.4438095,9,4.2267,0.2855,0.0675
c2_2,1,1789028374.6638095,9,4.2267,0.2855,0.0675
c2_2,1,1789028374.8838096,9,4.2267,0.2855,0.0675
c2_2,1,1789028375.1038096,9,4.2267,0.2855,0.0675
c2_2,1,1789028375.3238096,9,4.2267,0.2855,0.0675
c2_2,1,1789028375.5438097,9,4.2267,0.2855,0.0675
c2_2,1,1789028375.7638097,9,4.2267,0.2855,0.0675
c2_2,1,1789028375.9838097,9,4.2267,0.2855,0.0675
c2_2,1,1789028376.2038097,9,4.2267,0.2855,0.0675
c2_2,1,1789028376.4238098,9,4.2267,0.2855,0.0675
c2_2,1,1789028376.6438098,9,4.2267,0.2855,0.0675
c2_2,1,1789028376.8638098,9,4.2267,0.2855,0.0675
c2_2,1,1789028377.0838099,10,4.2319,0.2696,0.0637
c2_2,1,1789028377.30381,10,4.2319,0.2696,0.0637
c2_2,1,1789028377.52381,10,4.2319,0.2696,0.0637
c2_2,1,1789028377.74381,10,4.2319,0.2696,0.0637
c2_2,1,1789028377.96381,10,4.2319,0.2696,0.0637
c2_2,1,1789028378.18381,10,4.2319,0.2696,0.0637
c2_2,1,1789028378.40381,10,4.2319,0.2696,0.0637
c2_2,1,1789028378.62381,10,4.2319,0.2696,0.0637
c2_2,1,1789028378.84381,10,4.2319,0.2696,0.0637
c2_2,1,1789028379.06381,10,4.2319,0.2696,0.0637
c2_2,1,1789028379.2838101,10,4.2319,0.2696,0.0637
c2_2,1,1789028379.5038102,10,4.2319,0.2696,0.0637
c2_2,1,1789028379.7238102,10,4.2319,0.2696,0.0637
c2_2,1,1789028379.9438102,10,4.2319,0.2696,0.0637
c2_2,1,1789028380.1638103,10,4.2319,0.2696,0.0637
c2_2,1,1789028380.3838103,10,4.2319,0.2696,0.0637
c2_2,1,1789028380.6038103,10,4.2319,0.2696,0.0637
c2_2,1,1789028380.8238103,10,4.2319,0.2696,0.0637
c2_2,1,1789028381.0438104,11,4.2156,0.2603,0.0618
c2_2,1,1789028381.2638104,11,4.2156,0.2603,0.0618
c2_2,1,1789028381.4838104,11,4.2156,0.2603,0.0618
c2_2,1,1789028381.7038105,11,4.2156,0.2603,0.0618
c2_2,1,1789028381.9238105,11,4.2156,0.2603,0.0618
c2_2,1,1789028382.1438105,11,4.2156,0.2603,0.0618
c2_2,1,1789028382.3638105,11,4.2156,0.2603,0.0618
c2_2,1,1789028382.5838106,11,4.2156,0.2603,0.0618
c2_2,1,1789028382.8038106,11,4.2156,0.2603,0.0618
c2_2,1,1789028383.0238106,11,4.2156,0.2603,0.0618
c2_2,1,1789028383.2438107,11,4.2156,0.2603,0.0618
c2_2,1,1789028383.4638107,11,4.2156,0.2603,0.0618
c2_2,1,1789028383.6838107,11,4.2156,0.2603,0.0618
c2_2,1,1789028383.9038107,11,4.2156,0.2603,0.0618
c2_3,1,1789028426.9235156,3,5.4742,0.0132,0.0024
c2_3,1,1789028427.1435156,3,5.4742,0.0132,0.0024
c2_3,1,1789028427.3635156,3,5.4742,0.0132,0.0024
c2_3,1,1789028427.5835156,3,5.4742,0.0132,0.0024
c2_3,1,1789028427.8035157,3,5.4742,0.0132,0.0024
c2_3,1,1789028428.0235157,3,5.4742,0.0132,0.0024
c2_3,1,1789028428.2435157,3,5.4742,0.0132,0.0024
c2_3,1,1789028428.4635158,3,5.4742,0.0132,0.0024
c2_3,1,1789028428.6835158,3,5.4742,0.0132,0.0024
c2_3,1,1789028428.9035158,3,5.4742,0.0132,0.0024
c2_3,1,1789028429.1235158,3,5.4742,0.0132,0.0024
c2_3,1,1789028429.3435159,3,5.4742,0.0132,0.0024
c2_3,1,1789028429.563516,3,5.4742,0.0132,0.0024
c2_3,1,1789028429.783516,3,5.4742,0.0132,0.0024
c2_3,1,1789028430.003516,3,5.4742,0.0132,0.0024
c2_3,1,1789028430.223516,3,5.4742,0.0132,0.0024
c2_3,1,1789028430.443516,3,5.4742,0.0132,0.0024
c2_3,1,1789028430.663516,3,5.4742,0.0132,0.0024
c2_3,1,1789028430.883516,3,5.4742,0.0132,0.0024
c2_3,1,1789028431.103516,3,5.4742,0.0132,0.0024
c2_3,1,1789028431.3235161,3,5.4742,0.0132,0.0024
c2_3,1,1789028431.5435162,3,5.4742,0.0132,0.0024
c2_3,1,1789028431.7635162,3,5.4742,0.0132,0.0024
c2_3,1,1789028431.9835162,3,5.4742,0.0132,0.0024
c2_3,1,1789028432.2035162,4,5.4378,0.0526,0.0097
c2_3,1,1789028432.4235163,4,5.4378,0.0526,0.0097
c2_3,1,1789028432.6435163,4,5.4378,0.0526,0.0097
c2_3,1,1789028432.8635163,4,5.4378,0.0526,0.0097
c2_3,1,1789028433.0835164,4,5.4378,0.0526,0.0097
c2_3,1,1789028433.3035164,4,5.4378,0.0526,0.0097
c2_3,1,1789028433.5235164,4,5.4378,0.0526,0.0097
c2_3,1,1789028433.7435164,4,5.4378,0.0526,0.0097
c2_3,1,1789028433.9635165,4,5.4378,0.0526,0.0097
c2_3,1,1789028434.1835165,4,5.4378,0.0526,0.0097
c2_3,1,1789028434.4035165,4,5.4378,0.0526,0.0097
c2_3,1,1789028434.6235166,4,5.4378,0.0526,0.0097
c2_3,1,1789028434.8435166,4,5.4378,0.0526,0.0097
c2_3,1,1789028435.0635166,4,5.4378,0.0526,0.0097
c2_3,1,1789028435.2835166,4,5.4378,0.0526,0.0097
c2_3,1,1789028435.5035167,4,5.4378,0.0526,0.0097
c2_3,1,1789028435.7235167,4,5.4378,0.0526,0.0097
c2_3,1,1789028435.9435167,4,5.4378,0.0526,0.0097
c2_3,1,1789028436.1635168,4,5.4378,0.0526,0.0097
c2_3,1,1789028436.3835168,4,5.4378,0.0526,0.0097
c2_3,1,1789028436.6035168,4,5.4378,0.0526,0.0097
c2_3,1,1789028436.8235168,5,5.1982,0.4173,0.0803
c2_3,1,1789028437.0435169,5,5.1982,0.4173,0.0803
c2_3,1,1789028437.263517,5,5.1982,0.4173,0.0803
c2_3,1,1789028437.483517,5,5.1982,0.4173,0.0803
c2_3,1,1789028437.703517,5,5.1982,0.4173,0.0803
c2_3,1,1789028437.923517,5,5.1982,0.4173,0.0803
c2_3,1,1789028438.143517,5,5.1982,0.4173,0.0803
c2_3,1,1789028438.363517,5,5.1982,0.4173,0.0803
c2_3,1,1789028438.583517,5,5.1982,0.4173,0.0803
c2_3,1,1789028438.803517,5,5.1982,0.4173,0.0803
c2_3,1,1789028439.0235171,5,5.1982,0.4173,0.0803
c2_3,1,1789028439.2435172,5,5.1982,0.4173,0.0803
c2_3,1,1789028439.4635172,5,5.1982,0.4173,0.0803
c2_3,1,1789028439.6835172,5,5.1982,0.4173,0.0803
c2_3,1,1789028439.9035172,5,5.1982,0.4173,0.0803
c2_3,1,1789028440.1235173,5,5.1982,0.4173,0.0803
c2_3,1,1789028440.3435173,5,5.1982,0.4173,0.0803
c2_3,1,1789028440.5635173,5,5.1982,0.4173,0.0803
c2_3,1,1789028440.7835174,5,5.1982,0.4173,0.0803
c2_3,1,1789028441.0035174,5,5.1982,0.4173,0.0803
c2_3,1,1789028441.2235174,5,5.1982,0.4173,0.0803
c2_3,1,1789028441.4435174,5,5.1982,0.4173,0.0803
c2_3,1,1789028441.6635175,5,5.1982,0.4173,0.0803
c2_3,1,1789028441.8835175,5,5.1982,0.4173,0.0803
c2_3,1,1789028442.1035175,6,5.2465,0.3856,0.0735
c2_3,1,1789028442.3235176,6,5.2465,0.3856,0.0735
c2_3,1,1789028442.5435176,6,5.2465,0.3856,0.0735
c2_3,1,1789028442.7635176,6,5.2465,0.3856,0.0735
c2_3,1,1789028442.9835176,6,5.2465,0.3856,0.0735
c2_3,1,1789028443.2035177,6,5.2465,0.3856,0.0735
c2_3,1,1789028443.4235177,6,5.2465,0.3856,0.0735
c2_3,1,1789028443.6435177,6,5.2465,0.3856,0.0735
c2_3,1,1789028443.8635178,6,5.2465,0.3856,0.0735
c2_3,1,1789028444.0835178,6,5.2465,0.3856,0.0735
c2_3,1,1789028444.3035178,6,5.2465,0.3856,0.0735
c2_3,1,1789028444.5235178,6,5.2465,0.3856,0.0735
c2_3,1,1789028444.7435179,6,5.2465,0.3856,0.0735
c2_3,1,1789028444.963518,6,5.2465,0.3856,0.0735
c2_3,1,1789028445.183518,6,5.2465,0.3856,0.0735
c2_3,1,1789028445.403518,6,5.2465,0.3856,0.0735
c2_3,1,1789028445.623518,6,5.2465,0.3856,0.0735
c2_3,1,1789028445.843518,6,5.2465,0.3856,0.0735
c2_3,1,1789028446.063518,6,5.2465,0.3856,0.0735
c2_3,1,1789028446.283518,6,5.2465,0.3856,0.0735
c2_3,1,1789028446.503518,6,5.2465,0.3856,0.0735
c2_3,1,1789028446.7235181,6,5.2465,0.3856,0.0735
c2_3,1,1789028446.9435182,7,5.1609,0.4006,0.0776
c2_3,1,1789028447.1635182,7,5.1609,0.4006,0.0776
c2_3,1,1789028447.3835182,7,5.1609,0.4006,0.0776
c2_3,1,1789028447.6035182,7,5.1609,0.4006,0.0776
c2_3,1,1789028447.8235183,7,5.1609,0.4006,0.0776
c2_3,1,1789028448.0435183,7,5.1609,0.4006,0.0776
c2_3,1,1789028448.2635183,7,5.1609,0.4006,0.0776
c2_3,1,1789028448.4835184,7,5.1609,0.4006,0.0776
c2_3,1,1789028448.7035184,7,5.1609,0.4006,0.0776
c2_3,1,1789028448.9235184,7,5.1609,0.4006,0.0776
c2_3,1,1789028449.1435184,7,5.1609,0.4006,0.0776
c2_3,1,1789028449.3635185,7,5.1609,0.4006,0.0776
c2_3,1,1789028449.5835185,7,5.1609,0.4006,0.0776
c2_3,1,1789028449.8035185,7,5.1609,0.4006,0.0776
c2_3,1,1789028450.0235186,7,5.1609,0.4006,0.0776
c2_3,1,1789028450.2435186,7,5.1609,0.4006,0.0776
c2_3,1,1789028450.4635186,7,5.1609,0.4006,0.0776
c2_3,1,1789028450.6835186,7,5.1609,0.4006,0.0776
c2_3,1,1789028450.9035187,7,5.1609,0.4006,0.0776
c2_3,1,1789028451.1235187,7,5.1609,0.4006,0.0776
c2_3,1,1789028451.3435187,7,5.1609,0.4006,0.0776
c2_3,1,1789028451.5635188,7,5.1609,0.4006,0.0776
c2_3,1,1789028451.7835188,7,5.1609,0.4006,0.0776
c2_3,1,1789028452.0035188,7,5.1609,0.4006,0.0776
c2_3,1,1789028452.2235188,8,5.1718,0.3719,0.0719
c2_3,1,1789028452.4435189,8,5.1718,0.3719,0.0719
c2_3,1,1789028452.663519,8,5.1718,0.3719,0.0719
c2_3,1,1789028452.883519,8,5.1718,0.3719,0.0719
c2_3,1,1789028453.103519,8,5.1718,0.3719,0.0719
c2_3,1,1789028453.323519,8,5.1718,0.3719,0.0719
c2_3,1,1789028453.543519,8,5.1718,0.3719,0.0719
c2_3,1,1789028453.763519,8,5.1718,0.3719,0.0719
c2_3,1,1789028453.983519,8,5.1718,0.3719,0.0719
c2_3,1,1789028454.203519,8,5.1718,0.3719,0.0719
c2_3,1,1789028454.4235191,8,5.1718,0.3719,0.0719
c2_3,1,1789028454.6435192,8,5.1718,0.3719,0.0719
c2_3,1,1789028454.8635192,8,5.1718,0.3719,0.0719
c2_3,1,1789028455.0835192,8,5.1718,0.3719,0.0719
c2_3,1,1789028455.3035192,8,5.1718,0.3719,0.0719
c2_3,1,1789028455.5235193,8,5.1718,0.3719,0.0719
c2_3,1,1789028455.7435193,8,5.1718,0.3719,0.0719
c2_3,1,1789028455.9635193,8,5.1718,0.3719,0.0719
c2_3,1,1789028456.1835194,8,5.1718,0.3719,0.0719
c2_3,1,1789028456.4035194,9,5.0731,0.4349,0.0857
c2_3,1,1789028456.6235194,9,5.0731,0.4349,0.0857
c2_3,1,1789028456.8435194,9,5.0731,0.4349,0.0857
c2_3,1,1789028457.0635195,9,5.0731,0.4349,0.0857
c2_3,1,1789028457.2835195,9,5.0731,0.4349,0.0857
c2_3,1,1789028457.5035195,9,5.0731,0.4349,0.0857
c2_3,1,1789028457.7235196,9,5.0731,0.4349,0.0857
c2_3,1,1789028457.9435196,9,5.0731,0.4349,0.0857
c2_3,1,1789028458.1635196,9,5.0731,0.4349,0.0857
c2_3,1,1789028458.3835196,9,5.0731,0.4349,0.0857
c2_3,1,1789028458.6035197,9,5.0731,0.4349,0.0857
c2_3,1,1789028458.8235197,9,5.0731,0.4349,0.0857
c2_3,1,1789028459.0435197,9,5.0731,0.4349,0.0857
c2_3,1,1789028459.2635198,9,5.0731,0.4349,0.0857
c2_3,1,1789028459.4835198,9,5.0731,0.4349,0.0857
c2_3,1,1789028459.7035198,9,5.0731,0.4349,0.0857
c2_3,1,1789028459.9235198,9,5.0731,0.4349,0.0857
c2_3,1,1789028460.1435199,9,5.0731,0.4349,0.0857
c2_3,1,1789028460.36352,9,5.0731,0.4349,0.0857
c2_3,1,1789028460.58352,9,5.0731,0.4349,0.0857
c2_3,1,1789028460.80352,9,5.0731,0.4349,0.0857
c2_3,1,1789028461.02352,9,5.0731,0.4349,0.0857
c2_3,1,1789028461.24352,9,5.0731,0.4349,0.0857
c2_3,1,1789028461.46352,9,5.0731,0.4349,0.0857
c2_3,1,1789028461.68352,9,5.0731,0.4349,0.0857
c2_3,1,1789028461.90352,9,5.0731,0.4349,0.0857
c2_3,1,1789028462.1235201,10,5.1331,0.4438,0.0865
c2_3,1,1789028462.3435202,10,5.1331,0.4438,0.0865
c2_3,1,1789028462.5635202,10,5.1331,0.4438,0.0865
c2_3,1,1789028462.7835202,10,5.1331,0.4438,0.0865
c2_3,1,1789028463.0035203,10,5.1331,0.4438,0.0865
c2_3,1,1789028463.2235203,10,5.1331,0.4438,0.0865
c2_3,1,1789028463.4435203,10,5.1331,0.4438,0.0865
c2_3,1,1789028463.6635203,10,5.1331,0.4438,0.0865
c2_3,1,1789028463.8835204,10,5.1331,0.4438,0.0865
c2_3,1,1789028464.1035204,10,5.1331,0.4438,0.0865
c2_3,1,1789028464.3235204,10,5.1331,0.4438,0.0865
c2_3,1,1789028464.5435205,10,5.1331,0.4438,0.0865
c2_3,1,1789028464.7635205,10,5.1331,0.4438,0.0865
c2_3,1,1789028464.9835205,10,5.1331,0.4438,0.0865
c2_3,1,1789028465.2035205,10,5.1331,0.4438,0.0865
c2_3,1,1789028465.4235206,10,5.1331,0.4438,0.0865
c2_3,1,1789028465.6435206,10,5.1331,0.4438,0.0865
c2_3,1,1789028465.8635206,10,5.1331,0.4438,0.0865
c2_3,1,1789028466.0835207,10,5.1331,0.4438,0.0865
c2_3,1,1789028466.3035207,10,5.1331,0.4438,0.0865
c2_3,1,1789028466.5235207,10,5.1331,0.4438,0.0865
benign_4,0,1789028475.9419415,3,1.8555,1.6951,0.9136
benign_4,0,1789028476.1619415,3,1.8555,1.6951,0.9136
benign_4,0,1789028476.3819416,3,1.8555,1.6951,0.9136
benign_4,0,1789028476.6019416,3,1.8555,1.6951,0.9136
benign_4,0,1789028476.8219416,3,1.8555,1.6951,0.9136
benign_4,0,1789028477.0419416,3,1.8555,1.6951,0.9136
benign_4,0,1789028477.2619417,3,1.8555,1.6951,0.9136
benign_4,0,1789028477.4819417,3,1.8555,1.6951,0.9136
benign_4,0,1789028477.7019417,3,1.8555,1.6951,0.9136
benign_4,0,1789028477.9219418,3,1.8555,1.6951,0.9136
benign_4,0,1789028478.1419418,3,1.8555,1.6951,0.9136
benign_4,0,1789028478.3619418,3,1.8555,1.6951,0.9136
benign_4,0,1789028478.5819418,3,1.8555,1.6951,0.9136
benign_4,0,1789028478.8019419,3,1.8555,1.6951,0.9136
benign_4,0,1789028479.021942,3,1.8555,1.6951,0.9136
benign_4,0,1789028479.241942,3,1.8555,1.6951,0.9136
benign_4,0,1789028479.461942,4,2.3785,1.5693,0.6598
benign_4,0,1789028479.681942,4,2.3785,1.5693,0.6598
benign_4,0,1789028479.901942,4,2.3785,1.5693,0.6598
benign_4,0,1789028480.121942,4,2.3785,1.5693,0.6598
benign_4,0,1789028480.341942,5,1.988,1.5181,0.7636
benign_4,0,1789028480.561942,5,1.988,1.5181,0.7636
benign_4,0,1789028480.7819421,5,1.988,1.5181,0.7636
benign_4,0,1789028481.0019422,6,1.7644,1.4295,0.8102
benign_4,0,1789028481.2219422,6,1.7644,1.4295,0.8102
benign_4,0,1789028481.4419422,6,1.7644,1.4295,0.8102
benign_4,0,1789028481.6619422,6,1.7644,1.4295,0.8102
benign_4,0,1789028481.8819423,6,1.7644,1.4295,0.8102
benign_4,0,1789028482.1019423,6,1.7644,1.4295,0.8102
benign_4,0,1789028482.3219423,6,1.7644,1.4295,0.8102
benign_4,0,1789028482.5419424,6,1.7644,1.4295,0.8102
benign_4,0,1789028482.7619424,6,1.7644,1.4295,0.8102
benign_4,0,1789028482.9819424,6,1.7644,1.4295,0.8102
benign_4,0,1789028483.2019424,6,1.7644,1.4295,0.8102
benign_4,0,1789028483.4219425,6,1.7644,1.4295,0.8102
benign_4,0,1789028483.6419425,6,1.7644,1.4295,0.8102
benign_4,0,1789028483.8619425,6,1.7644,1.4295,0.8102
benign_4,0,1789028484.0819426,6,1.7644,1.4295,0.8102
benign_4,0,1789028484.3019426,6,1.7644,1.4295,0.8102
benign_4,0,1789028484.5219426,6,1.7644,1.4295,0.8102
benign_4,0,1789028484.7419426,6,1.7644,1.4295,0.8102
benign_4,0,1789028484.9619427,6,1.7644,1.4295,0.8102
benign_4,0,1789028485.1819427,6,1.7644,1.4295,0.8102
benign_4,0,1789028485.4019427,6,1.7644,1.4295,0.8102
benign_4,0,1789028485.6219428,6,1.7644,1.4295,0.8102
benign_4,0,1789028485.8419428,6,1.7644,1.4295,0.8102
benign_4,0,1789028486.0619428,6,1.7644,1.4295,0.8102
benign_4,0,1789028486.2819428,6,1.7644,1.4295,0.8102
benign_4,0,1789028486.5019429,6,1.7644,1.4295,0.8102
benign_4,0,1789028486.721943,6,1.7644,1.4295,0.8102
benign_4,0,1789028486.941943,6,1.7644,1.4295,0.8102
benign_4,0,1789028487.161943,6,1.7644,1.4295,0.8102
benign_4,0,1789028487.381943,7,2.5178,2.1309,0.8463
benign_4,0,1789028487.601943,7,2.5178,2.1309,0.8463
benign_4,0,1789028487.821943,7,2.5178,2.1309,0.8463
benign_4,0,1789028488.041943,7,2.5178,2.1309,0.8463
benign_4,0,1789028488.261943,7,2.5178,2.1309,0.8463
benign_4,0,1789028488.4819431,7,2.5178,2.1309,0.8463
benign_4,0,1789028488.7019432,7,2.5178,2.1309,0.8463
benign_4,0,1789028488.9219432,7,2.5178,2.1309,0.8463
benign_4,0,1789028489.1419432,7,2.5178,2.1309,0.8463
benign_4,0,1789028489.3619432,7,2.5178,2.1309,0.8463
benign_4,0,1789028489.5819433,7,2.5178,2.1309,0.8463
benign_4,0,1789028489.8019433,7,2.5178,2.1309,0.8463
benign_4,0,1789028490.0219433,7,2.5178,2.1309,0.8463
benign_4,0,1789028490.2419434,7,2.5178,2.1309,0.8463
benign_4,0,1789028490.4619434,7,2.5178,2.1309,0.8463
benign_4,0,1789028490.6819434,8,2.628,1.9912,0.7577
benign_4,0,1789028490.9019434,8,2.628,1.9912,0.7577
benign_4,0,1789028491.1219435,8,2.628,1.9912,0.7577
benign_4,0,1789028491.3419435,8,2.628,1.9912,0.7577
benign_4,0,1789028491.5619435,8,2.628,1.9912,0.7577
benign_4,0,1789028491.7819436,8,2.628,1.9912,0.7577
benign_4,0,1789028492.0019436,8,2.628,1.9912,0.7577
benign_4,0,1789028492.2219436,8,2.628,1.9912,0.7577
benign_4,0,1789028492.4419436,8,2.628,1.9912,0.7577
benign_4,0,1789028492.6619437,8,2.628,1.9912,0.7577
benign_4,0,1789028492.8819437,8,2.628,1.9912,0.7577
benign_4,0,1789028493.1019437,8,2.628,1.9912,0.7577
benign_4,0,1789028493.3219438,8,2.628,1.9912,0.7577
benign_4,0,1789028493.5419438,8,2.628,1.9912,0.7577
benign_4,0,1789028493.7619438,8,2.628,1.9912,0.7577
benign_4,0,1789028493.9819438,8,2.628,1.9912,0.7577
benign_4,0,1789028494.2019439,8,2.628,1.9912,0.7577
benign_4,0,1789028494.421944,8,2.628,1.9912,0.7577
benign_4,0,1789028494.641944,8,2.628,1.9912,0.7577
benign_4,0,1789028494.861944,8,2.628,1.9912,0.7577
benign_4,0,1789028495.081944,8,2.628,1.9912,0.7577
benign_4,0,1789028495.301944,8,2.628,1.9912,0.7577
benign_4,0,1789028495.521944,8,2.628,1.9912,0.7577
benign_4,0,1789028495.741944,8,2.628,1.9912,0.7577
benign_4,0,1789028495.961944,8,2.628,1.9912,0.7577
benign_4,0,1789028496.1819441,8,2.628,1.9912,0.7577
benign_4,0,1789028496.4019442,8,2.628,1.9912,0.7577
benign_4,0,1789028496.6219442,8,2.628,1.9912,0.7577
benign_4,0,1789028496.8419442,8,2.628,1.9912,0.7577
benign_4,0,1789028497.0619442,8,2.628,1.9912,0.7577
benign_4,0,1789028497.2819443,8,2.628,1.9912,0.7577
benign_4,0,1789028497.5019443,8,2.628,1.9912,0.7577
benign_4,0,1789028497.7219443,8,2.628,1.9912,0.7577
benign_4,0,1789028497.9419444,8,2.628,1.9912,0.7577
benign_4,0,1789028498.1619444,8,2.628,1.9912,0.7577
benign_4,0,1789028498.3819444,8,2.628,1.9912,0.7577
benign_4,0,1789028498.6019444,8,2.628,1.9912,0.7577
benign_4,0,1789028498.8219445,8,2.628,1.9912,0.7577
benign_4,0,1789028499.0419445,8,2.628,1.9912,0.7577
benign_4,0,1789028499.2619445,8,2.628,1.9912,0.7577
c2_4,1,1789028511.2168808,3,3.7662,0.0588,0.0156
c2_4,1,1789028511.4368808,3,3.7662,0.0588,0.0156
c2_4,1,1789028511.6568809,3,3.7662,0.0588,0.0156
c2_4,1,1789028511.876881,3,3.7662,0.0588,0.0156
c2_4,1,1789028512.096881,3,3.7662,0.0588,0.0156
c2_4,1,1789028512.316881,3,3.7662,0.0588,0.0156
c2_4,1,1789028512.536881,3,3.7662,0.0588,0.0156
c2_4,1,1789028512.756881,3,3.7662,0.0588,0.0156
c2_4,1,1789028512.976881,3,3.7662,0.0588,0.0156
c2_4,1,1789028513.196881,3,3.7662,0.0588,0.0156
c2_4,1,1789028513.416881,3,3.7662,0.0588,0.0156
c2_4,1,1789028513.636881,3,3.7662,0.0588,0.0156
c2_4,1,1789028513.8568811,3,3.7662,0.0588,0.0156
c2_4,1,1789028514.0768812,3,3.7662,0.0588,0.0156
c2_4,1,1789028514.2968812,3,3.7662,0.0588,0.0156
c2_4,1,1789028514.5168812,3,3.7662,0.0588,0.0156
c2_4,1,1789028514.7368813,3,3.7662,0.0588,0.0156
c2_4,1,1789028514.9568813,3,3.7662,0.0588,0.0156
c2_4,1,1789028515.1768813,4,3.8433,0.1191,0.031
c2_4,1,1789028515.3968813,4,3.8433,0.1191,0.031
c2_4,1,1789028515.6168814,4,3.8433,0.1191,0.031
c2_4,1,1789028515.8368814,4,3.8433,0.1191,0.031
c2_4,1,1789028516.0568814,4,3.8433,0.1191,0.031
c2_4,1,1789028516.2768815,4,3.8433,0.1191,0.031
c2_4,1,1789028516.4968815,4,3.8433,0.1191,0.031
c2_4,1,1789028516.7168815,4,3.8433,0.1191,0.031
c2_4,1,1789028516.9368815,4,3.8433,0.1191,0.031
c2_4,1,1789028517.1568816,4,3.8433,0.1191,0.031
c2_4,1,1789028517.3768816,4,3.8433,0.1191,0.031
c2_4,1,1789028517.5968816,4,3.8433,0.1191,0.031
c2_4,1,1789028517.8168817,4,3.8433,0.1191,0.031
c2_4,1,1789028518.0368817,4,3.8433,0.1191,0.031
c2_4,1,1789028518.2568817,4,3.8433,0.1191,0.031
c2_4,1,1789028518.4768817,4,3.8433,0.1191,0.031
c2_4,1,1789028518.6968818,4,3.8433,0.1191,0.031
c2_4,1,1789028518.9168818,5,3.8435,0.1031,0.0268
c2_4,1,1789028519.1368818,5,3.8435,0.1031,0.0268
c2_4,1,1789028519.3568819,5,3.8435,0.1031,0.0268
c2_4,1,1789028519.576882,5,3.8435,0.1031,0.0268
c2_4,1,1789028519.796882,5,3.8435,0.1031,0.0268
c2_4,1,1789028520.016882,5,3.8435,0.1031,0.0268
c2_4,1,1789028520.236882,5,3.8435,0.1031,0.0268
c2_4,1,1789028520.456882,5,3.8435,0.1031,0.0268
c2_4,1,1789028520.676882,5,3.8435,0.1031,0.0268
c2_4,1,1789028520.896882,5,3.8435,0.1031,0.0268
c2_4,1,1789028521.116882,5,3.8435,0.1031,0.0268
c2_4,1,1789028521.336882,5,3.8435,0.1031,0.0268
c2_4,1,1789028521.5568821,5,3.8435,0.1031,0.0268
c2_4,1,1789028521.7768822,5,3.8435,0.1031,0.0268
c2_4,1,1789028521.9968822,5,3.8435,0.1031,0.0268
c2_4,1,1789028522.2168822,5,3.8435,0.1031,0.0268
c2_4,1,1789028522.4368823,5,3.8435,0.1031,0.0268
c2_4,1,1789028522.6568823,6,3.8058,0.1192,0.0313
c2_4,1,1789028522.8768823,6,3.8058,0.1192,0.0313
c2_4,1,1789028523.0968823,6,3.8058,0.1192,0.0313
c2_4,1,1789028523.3168824,6,3.8058,0.1192,0.0313
c2_4,1,1789028523.5368824,6,3.8058,0.1192,0.0313
c2_4,1,1789028523.7568824,6,3.8058,0.1192,0.0313
c2_4,1,1789028523.9768825,6,3.8058,0.1192,0.0313
c2_4,1,1789028524.1968825,6,3.8058,0.1192,0.0313
c2_4,1,1789028524.4168825,6,3.8058,0.1192,0.0313
c2_4,1,1789028524.6368825,6,3.8058,0.1192,0.0313
c2_4,1,1789028524.8568826,6,3.8058,0.1192,0.0313
c2_4,1,1789028525.0768826,6,3.8058,0.1192,0.0313
c2_4,1,1789028525.2968826,6,3.8058,0.1192,0.0313
c2_4,1,1789028525.5168827,6,3.8058,0.1192,0.0313
c2_4,1,1789028525.7368827,6,3.8058,0.1192,0.0313
c2_4,1,1789028525.9568827,6,3.8058,0.1192,0.0313
c2_4,1,1789028526.1768827,7,3.7599,0.1496,0.0398
c2_4,1,1789028526.3968828,7,3.7599,0.1496,0.0398
c2_4,1,1789028526.6168828,7,3.7599,0.1496,0.0398
c2_4,1,1789028526.8368828,7,3.7599,0.1496,0.0398
c2_4,1,1789028527.0568829,7,3.7599,0.1496,0.0398
c2_4,1,1789028527.276883,7,3.7599,0.1496,0.0398
c2_4,1,1789028527.496883,7,3.7599,0.1496,0.0398
c2_4,1,1789028527.716883,7,3.7599,0.1496,0.0398
c2_4,1,1789028527.936883,7,3.7599,0.1496,0.0398
c2_4,1,1789028528.156883,7,3.7599,0.1496,0.0398
c2_4,1,1789028528.376883,7,3.7599,0.1496,0.0398
c2_4,1,1789028528.596883,7,3.7599,0.1496,0.0398
c2_4,1,1789028528.816883,7,3.7599,0.1496,0.0398
c2_4,1,1789028529.036883,7,3.7599,0.1496,0.0398
c2_4,1,1789028529.2568831,8,3.667,0.2663,0.0726
c2_4,1,1789028529.4768832,8,3.667,0.2663,0.0726
c2_4,1,1789028529.6968832,8,3.667,0.2663,0.0726
c2_4,1,1789028529.9168832,8,3.667,0.2663,0.0726
c2_4,1,1789028530.1368833,8,3.667,0.2663,0.0726
c2_4,1,1789028530.3568833,8,3.667,0.2663,0.0726
c2_4,1,1789028530.5768833,8,3.667,0.2663,0.0726
c2_4,1,1789028530.7968833,8,3.667,0.2663,0.0726
c2_4,1,1789028531.0168834,8,3.667,0.2663,0.0726
c2_4,1,1789028531.2368834,8,3.667,0.2663,0.0726
c2_4,1,1789028531.4568834,8,3.667,0.2663,0.0726
c2_4,1,1789028531.6768835,8,3.667,0.2663,0.0726
c2_4,1,1789028531.8968835,8,3.667,0.2663,0.0726
c2_4,1,1789028532.1168835,8,3.667,0.2663,0.0726
c2_4,1,1789028532.3368835,8,3.667,0.2663,0.0726
c2_4,1,1789028532.5568836,9,3.6216,0.2766,0.0764
c2_4,1,1789028532.7768836,9,3.6216,0.2766,0.0764
c2_4,1,1789028532.9968836,9,3.6216,0.2766,0.0764
c2_4,1,1789028533.2168837,9,3.6216,0.2766,0.0764
c2_4,1,1789028533.4368837,9,3.6216,0.2766,0.0764
c2_4,1,1789028533.6568837,9,3.6216,0.2766,0.0764
c2_4,1,1789028533.8768837,9,3.6216,0.2766,0.0764
c2_4,1,1789028534.0968838,9,3.6216,0.2766,0.0764
c2_4,1,1789028534.3168838,9,3.6216,0.2766,0.0764
c2_4,1,1789028534.5368838,9,3.6216,0.2766,0.0764
c2_4,1,1789028534.7568839,9,3.6216,0.2766,0.0764
c2_4,1,1789028534.976884,9,3.6216,0.2766,0.0764
c2_4,1,1789028535.196884,9,3.6216,0.2766,0.0764
c2_4,1,1789028535.416884,9,3.6216,0.2766,0.0764
c2_4,1,1789028535.636884,9,3.6216,0.2766,0.0764
c2_4,1,1789028535.856884,9,3.6216,0.2766,0.0764
c2_4,1,1789028536.076884,10,3.5976,0.2694,0.0749
c2_4,1,1789028536.296884,10,3.5976,0.2694,0.0749
c2_4,1,1789028536.516884,10,3.5976,0.2694,0.0749
c2_4,1,1789028536.736884,10,3.5976,0.2694,0.0749
c2_4,1,1789028536.9568841,10,3.5976,0.2694,0.0749
c2_4,1,1789028537.1768842,10,3.5976,0.2694,0.0749
c2_4,1,1789028537.3968842,10,3.5976,0.2694,0.0749
c2_4,1,1789028537.6168842,10,3.5976,0.2694,0.0749
c2_4,1,1789028537.8368843,10,3.5976,0.2694,0.0749
c2_4,1,1789028538.0568843,10,3.5976,0.2694,0.0749
c2_4,1,1789028538.2768843,10,3.5976,0.2694,0.0749
c2_4,1,1789028538.4968843,10,3.5976,0.2694,0.0749
c2_4,1,1789028538.7168844,10,3.5976,0.2694,0.0749
c2_4,1,1789028538.9368844,10,3.5976,0.2694,0.0749
c2_4,1,1789028539.1568844,10,3.5976,0.2694,0.0749
c2_4,1,1789028539.3768845,10,3.5976,0.2694,0.0749
c2_4,1,1789028539.5968845,10,3.5976,0.2694,0.0749
c2_4,1,1789028539.8168845,10,3.5976,0.2694,0.0749
c2_4,1,1789028540.0368845,11,3.6308,0.2743,0.0756
c2_4,1,1789028540.2568846,11,3.6308,0.2743,0.0756
c2_4,1,1789028540.4768846,11,3.6308,0.2743,0.0756
c2_4,1,1789028540.6968846,11,3.6308,0.2743,0.0756
c2_4,1,1789028540.9168847,11,3.6308,0.2743,0.0756
c2_4,1,1789028541.1368847,11,3.6308,0.2743,0.0756
c2_4,1,1789028541.3568847,11,3.6308,0.2743,0.0756
c2_4,1,1789028541.5768847,11,3.6308,0.2743,0.0756
c2_4,1,1789028541.7968848,11,3.6308,0.2743,0.0756
c2_4,1,1789028542.0168848,11,3.6308,0.2743,0.0756
c2_4,1,1789028542.2368848,11,3.6308,0.2743,0.0756
c2_4,1,1789028542.4568849,11,3.6308,0.2743,0.0756
c2_4,1,1789028542.676885,11,3.6308,0.2743,0.0756
c2_4,1,1789028542.896885,11,3.6308,0.2743,0.0756
c2_4,1,1789028543.116885,11,3.6308,0.2743,0.0756
c2_4,1,1789028543.336885,11,3.6308,0.2743,0.0756
c2_4,1,1789028543.556885,12,3.6254,0.2621,0.0723
c2_4,1,1789028543.776885,12,3.6254,0.2621,0.0723
c2_4,1,1789028543.996885,12,3.6254,0.2621,0.0723
c2_4,1,1789028544.216885,12,3.6254,0.2621,0.0723
c2_4,1,1789028544.436885,12,3.6254,0.2621,0.0723
c2_4,1,1789028544.6568851,12,3.6254,0.2621,0.0723
c2_4,1,1789028544.8768852,12,3.6254,0.2621,0.0723
c2_4,1,1789028545.0968852,12,3.6254,0.2621,0.0723
c2_4,1,1789028545.3168852,12,3.6254,0.2621,0.0723
c2_4,1,1789028545.5368853,12,3.6254,0.2621,0.0723
c2_4,1,1789028545.7568853,12,3.6254,0.2621,0.0723
c2_4,1,1789028545.9768853,12,3.6254,0.2621,0.0723
c2_4,1,1789028546.1968853,12,3.6254,0.2621,0.0723
c2_4,1,1789028546.4168854,12,3.6254,0.2621,0.0723
benign_5,0,1789028573.1499543,3,11.7417,7.8912,0.6721
benign_5,0,1789028573.3699543,3,11.7417,7.8912,0.6721
benign_5,0,1789028573.5899544,3,11.7417,7.8912,0.6721
benign_5,0,1789028573.8099544,3,11.7417,7.8912,0.6721
benign_5,0,1789028574.0299544,3,11.7417,7.8912,0.6721
benign_5,0,1789028574.2499545,3,11.7417,7.8912,0.6721
benign_5,0,1789028574.4699545,3,11.7417,7.8912,0.6721
benign_5,0,1789028574.6899545,3,11.7417,7.8912,0.6721
benign_5,0,1789028574.9099545,3,11.7417,7.8912,0.6721
benign_5,0,1789028575.1299546,3,11.7417,7.8912,0.6721
benign_5,0,1789028575.3499546,3,11.7417,7.8912,0.6721
benign_5,0,1789028575.5699546,3,11.7417,7.8912,0.6721
benign_5,0,1789028575.7899547,3,11.7417,7.8912,0.6721
benign_5,0,1789028576.0099547,3,11.7417,7.8912,0.6721
benign_5,0,1789028576.2299547,3,11.7417,7.8912,0.6721
benign_5,0,1789028576.4499547,3,11.7417,7.8912,0.6721
c2_5,1,1789028589.3925984,3,4.1133,0.3116,0.0757
c2_5,1,1789028589.6125984,3,4.1133,0.3116,0.0757
c2_5,1,1789028589.8325984,3,4.1133,0.3116,0.0757
c2_5,1,1789028590.0525985,3,4.1133,0.3116,0.0757
c2_5,1,1789028590.2725985,3,4.1133,0.3116,0.0757
c2_5,1,1789028590.4925985,3,4.1133,0.3116,0.0757
c2_5,1,1789028590.7125986,3,4.1133,0.3116,0.0757
c2_5,1,1789028590.9325986,3,4.1133,0.3116,0.0757
c2_5,1,1789028591.1525986,3,4.1133,0.3116,0.0757
c2_5,1,1789028591.3725986,3,4.1133,0.3116,0.0757
c2_5,1,1789028591.5925987,3,4.1133,0.3116,0.0757
c2_5,1,1789028591.8125987,3,4.1133,0.3116,0.0757
c2_5,1,1789028592.0325987,3,4.1133,0.3116,0.0757
c2_5,1,1789028592.2525988,3,4.1133,0.3116,0.0757
c2_5,1,1789028592.4725988,3,4.1133,0.3116,0.0757
c2_5,1,1789028592.6925988,3,4.1133,0.3116,0.0757
c2_5,1,1789028592.9125988,3,4.1133,0.3116,0.0757
c2_5,1,1789028593.1325989,3,4.1133,0.3116,0.0757
c2_5,1,1789028593.352599,3,4.1133,0.3116,0.0757
c2_5,1,1789028593.572599,3,4.1133,0.3116,0.0757
c2_5,1,1789028593.792599,3,4.1133,0.3116,0.0757
c2_5,1,1789028594.012599,3,4.1133,0.3116,0.0757
c2_5,1,1789028594.232599,3,4.1133,0.3116,0.0757
c2_5,1,1789028594.452599,4,4.3981,0.4763,0.1083
c2_5,1,1789028594.672599,4,4.3981,0.4763,0.1083
c2_5,1,1789028594.892599,4,4.3981,0.4763,0.1083
c2_5,1,1789028595.1125991,4,4.3981,0.4763,0.1083
c2_5,1,1789028595.3325992,4,4.3981,0.4763,0.1083
c2_5,1,1789028595.5525992,4,4.3981,0.4763,0.1083
c2_5,1,1789028595.7725992,4,4.3981,0.4763,0.1083
c2_5,1,1789028595.9925992,4,4.3981,0.4763,0.1083
c2_5,1,1789028596.2125993,4,4.3981,0.4763,0.1083
c2_5,1,1789028596.4325993,4,4.3981,0.4763,0.1083
c2_5,1,1789028596.6525993,4,4.3981,0.4763,0.1083
c2_5,1,1789028596.8725994,4,4.3981,0.4763,0.1083
c2_5,1,1789028597.0925994,4,4.3981,0.4763,0.1083
c2_5,1,1789028597.3125994,4,4.3981,0.4763,0.1083
c2_5,1,1789028597.5325994,4,4.3981,0.4763,0.1083
c2_5,1,1789028597.7525995,4,4.3981,0.4763,0.1083
c2_5,1,1789028597.9725995,4,4.3981,0.4763,0.1083
c2_5,1,1789028598.1925995,4,4.3981,0.4763,0.1083
c2_5,1,1789028598.4125996,4,4.3981,0.4763,0.1083
c2_5,1,1789028598.6325996,4,4.3981,0.4763,0.1083
c2_5,1,1789028598.8525996,4,4.3981,0.4763,0.1083
c2_5,1,1789028599.0725996,4,4.3981,0.4763,0.1083
c2_5,1,1789028599.2925997,5,4.4834,0.4382,0.0977
c2_5,1,1789028599.5125997,5,4.4834,0.4382,0.0977
c2_5,1,1789028599.7325997,5,4.4834,0.4382,0.0977
c2_5,1,1789028599.9525998,5,4.4834,0.4382,0.0977
c2_5,1,1789028600.1725998,5,4.4834,0.4382,0.0977
c2_5,1,1789028600.3925998,5,4.4834,0.4382,0.0977
c2_5,1,1789028600.6125998,5,4.4834,0.4382,0.0977
c2_5,1,1789028600.8325999,5,4.4834,0.4382,0.0977
c2_5,1,1789028601.0526,5,4.4834,0.4382,0.0977
c2_5,1,1789028601.2726,5,4.4834,0.4382,0.0977
c2_5,1,1789028601.4926,5,4.4834,0.4382,0.0977
c2_5,1,1789028601.7126,5,4.4834,0.4382,0.0977
c2_5,1,1789028601.9326,5,4.4834,0.4382,0.0977
c2_5,1,1789028602.1526,5,4.4834,0.4382,0.0977
c2_5,1,1789028602.3726,5,4.4834,0.4382,0.0977
c2_5,1,1789028602.5926,5,4.4834,0.4382,0.0977
c2_5,1,1789028602.8126001,5,4.4834,0.4382,0.0977
c2_5,1,1789028603.0326002,5,4.4834,0.4382,0.0977
c2_5,1,1789028603.2526002,6,4.4072,0.4205,0.0954
c2_5,1,1789028603.4726002,6,4.4072,0.4205,0.0954
c2_5,1,1789028603.6926003,6,4.4072,0.4205,0.0954
c2_5,1,1789028603.9126003,6,4.4072,0.4205,0.0954
c2_5,1,1789028604.1326003,6,4.4072,0.4205,0.0954
c2_5,1,1789028604.3526003,6,4.4072,0.4205,0.0954
c2_5,1,1789028604.5726004,6,4.4072,0.4205,0.0954
c2_5,1,1789028604.7926004,6,4.4072,0.4205,0.0954
c2_5,1,1789028605.0126004,6,4.4072,0.4205,0.0954
c2_5,1,1789028605.2326005,6,4.4072,0.4205,0.0954
c2_5,1,1789028605.4526005,6,4.4072,0.4205,0.0954
c2_5,1,1789028605.6726005,6,4.4072,0.4205,0.0954
c2_5,1,1789028605.8926005,6,4.4072,0.4205,0.0954
c2_5,1,1789028606.1126006,6,4.4072,0.4205,0.0954
c2_5,1,1789028606.3326006,6,4.4072,0.4205,0.0954
c2_5,1,1789028606.5526006,6,4.4072,0.4205,0.0954
c2_5,1,1789028606.7726007,6,4.4072,0.4205,0.0954
c2_5,1,1789028606.9926007,6,4.4072,0.4205,0.0954
c2_5,1,1789028607.2126007,6,4.4072,0.4205,0.0954
c2_5,1,1789028607.4326007,6,4.4072,0.4205,0.0954
c2_5,1,1789028607.6526008,6,4.4072,0.4205,0.0954
c2_5,1,1789028607.8726008,7,4.4506,0.3959,0.089
c2_5,1,1789028608.0926008,7,4.4506,0.3959,0.089
c2_5,1,1789028608.3126009,7,4.4506,0.3959,0.089
c2_5,1,1789028608.5326009,7,4.4506,0.3959,0.089
c2_5,1,1789028608.752601,7,4.4506,0.3959,0.089
c2_5,1,1789028608.972601,7,4.4506,0.3959,0.089
c2_5,1,1789028609.192601,7,4.4506,0.3959,0.089
c2_5,1,1789028609.412601,7,4.4506,0.3959,0.089
c2_5,1,1789028609.632601,7,4.4506,0.3959,0.089
c2_5,1,1789028609.852601,7,4.4506,0.3959,0.089
c2_5,1,1789028610.072601,7,4.4506,0.3959,0.089
c2_5,1,1789028610.292601,7,4.4506,0.3959,0.089
c2_5,1,1789028610.5126011,7,4.4506,0.3959,0.089
c2_5,1,1789028610.7326012,7,4.4506,0.3959,0.089
c2_5,1,1789028610.9526012,7,4.4506,0.3959,0.089
c2_5,1,1789028611.1726012,7,4.4506,0.3959,0.089
c2_5,1,1789028611.3926013,7,4.4506,0.3959,0.089
c2_5,1,1789028611.6126013,7,4.4506,0.3959,0.089
c2_5,1,1789028611.8326013,7,4.4506,0.3959,0.089
c2_5,1,1789028612.0526013,7,4.4506,0.3959,0.089
c2_5,1,1789028612.2726014,7,4.4506,0.3959,0.089
c2_5,1,1789028612.4926014,7,4.4506,0.3959,0.089
c2_5,1,1789028612.7126014,7,4.4506,0.3959,0.089
c2_5,1,1789028612.9326015,8,4.5128,0.397,0.088
c2_5,1,1789028613.1526015,8,4.5128,0.397,0.088
c2_5,1,1789028613.3726015,8,4.5128,0.397,0.088
c2_5,1,1789028613.5926015,8,4.5128,0.397,0.088
c2_5,1,1789028613.8126016,8,4.5128,0.397,0.088
c2_5,1,1789028614.0326016,8,4.5128,0.397,0.088
c2_5,1,1789028614.2526016,8,4.5128,0.397,0.088
c2_5,1,1789028614.4726017,8,4.5128,0.397,0.088
c2_5,1,1789028614.6926017,8,4.5128,0.397,0.088
c2_5,1,1789028614.9126017,8,4.5128,0.397,0.088
c2_5,1,1789028615.1326017,8,4.5128,0.397,0.088
c2_5,1,1789028615.3526018,8,4.5128,0.397,0.088
c2_5,1,1789028615.5726018,8,4.5128,0.397,0.088
c2_5,1,1789028615.7926018,8,4.5128,0.397,0.088
c2_5,1,1789028616.0126019,8,4.5128,0.397,0.088
c2_5,1,1789028616.232602,8,4.5128,0.397,0.088
c2_5,1,1789028616.452602,8,4.5128,0.397,0.088
c2_5,1,1789028616.672602,8,4.5128,0.397,0.088
c2_5,1,1789028616.892602,9,4.4616,0.3953,0.0886
c2_5,1,1789028617.112602,9,4.4616,0.3953,0.0886
c2_5,1,1789028617.332602,9,4.4616,0.3953,0.0886
c2_5,1,1789028617.552602,9,4.4616,0.3953,0.0886
c2_5,1,1789028617.772602,9,4.4616,0.3953,0.0886
c2_5,1,1789028617.992602,9,4.4616,0.3953,0.0886
c2_5,1,1789028618.2126021,9,4.4616,0.3953,0.0886
c2_5,1,1789028618.4326022,9,4.4616,0.3953,0.0886
c2_5,1,1789028618.6526022,9,4.4616,0.3953,0.0886
c2_5,1,1789028618.8726022,9,4.4616,0.3953,0.0886
c2_5,1,1789028619.0926023,9,4.4616,0.3953,0.0886
c2_5,1,1789028619.3126023,9,4.4616,0.3953,0.0886
c2_5,1,1789028619.5326023,9,4.4616,0.3953,0.0886
c2_5,1,1789028619.7526023,9,4.4616,0.3953,0.0886
c2_5,1,1789028619.9726024,9,4.4616,0.3953,0.0886
c2_5,1,1789028620.1926024,9,4.4616,0.3953,0.0886
c2_5,1,1789028620.4126024,9,4.4616,0.3953,0.0886
c2_5,1,1789028620.6326025,9,4.4616,0.3953,0.0886
c2_5,1,1789028620.8526025,9,4.4616,0.3953,0.0886
c2_5,1,1789028621.0726025,9,4.4616,0.3953,0.0886
c2_5,1,1789028621.2926025,9,4.4616,0.3953,0.0886
c2_5,1,1789028621.5126026,10,4.4703,0.3735,0.0836
c2_5,1,1789028621.7326026,10,4.4703,0.3735,0.0836
c2_5,1,1789028621.9526026,10,4.4703,0.3735,0.0836
c2_5,1,1789028622.1726027,10,4.4703,0.3735,0.0836
c2_5,1,1789028622.3926027,10,4.4703,0.3735,0.0836
c2_5,1,1789028622.6126027,10,4.4703,0.3735,0.0836
c2_5,1,1789028622.8326027,10,4.4703,0.3735,0.0836
c2_5,1,1789028623.0526028,10,4.4703,0.3735,0.0836
c2_5,1,1789028623.2726028,10,4.4703,0.3735,0.0836
c2_5,1,1789028623.4926028,10,4.4703,0.3735,0.0836
c2_5,1,1789028623.7126029,10,4.4703,0.3735,0.0836
c2_5,1,1789028623.932603,10,4.4703,0.3735,0.0836
c2_5,1,1789028624.152603,10,4.4703,0.3735,0.0836
c2_5,1,1789028624.372603,10,4.4703,0.3735,0.0836
c2_5,1,1789028624.592603,10,4.4703,0.3735,0.0836
c2_5,1,1789028624.812603,10,4.4703,0.3735,0.0836
c2_5,1,1789028625.032603,10,4.4703,0.3735,0.0836
c2_5,1,1789028625.252603,10,4.4703,0.3735,0.0836
c2_5,1,1789028625.472603,10,4.4703,0.3735,0.0836
c2_5,1,1789028625.692603,11,4.4464,0.3615,0.0813
c2_5,1,1789028625.9126031,11,4.4464,0.3615,0.0813
c2_5,1,1789028626.1326032,11,4.4464,0.3615,0.0813
c2_5,1,1789028626.3526032,11,4.4464,0.3615,0.0813
c2_5,1,1789028626.5726032,11,4.4464,0.3615,0.0813
c2_5,1,1789028626.7926033,11,4.4464,0.3615,0.0813
c2_5,1,1789028627.0126033,11,4.4464,0.3615,0.0813
c2_5,1,1789028627.2326033,11,4.4464,0.3615,0.0813
c2_5,1,1789028627.4526033,11,4.4464,0.3615,0.0813
c2_5,1,1789028627.6726034,11,4.4464,0.3615,0.0813
c2_5,1,1789028627.8926034,11,4.4464,0.3615,0.0813
c2_5,1,1789028628.1126034,11,4.4464,0.3615,0.0813
c2_5,1,1789028628.3326035,11,4.4464,0.3615,0.0813
c2_5,1,1789028628.5526035,11,4.4464,0.3615,0.0813
c2_5,1,1789028628.7726035,11,4.4464,0.3615,0.0813
c2_5,1,1789028628.9926035,11,4.4464,0.3615,0.0813
c2_5,1,1789028629.2126036,11,4.4464,0.3615,0.0813
c2_5,1,1789028629.4326036,11,4.4464,0.3615,0.0813
c2_5,1,1789028629.6526036,11,4.4464,0.3615,0.0813
c2_5,1,1789028629.8726037,12,4.4134,0.3601,0.0816
c2_5,1,1789028630.0926037,12,4.4134,0.3601,0.0816
c2_5,1,1789028630.3126037,12,4.4134,0.3601,0.0816
c2_5,1,1789028630.5326037,12,4.4134,0.3601,0.0816
c2_5,1,1789028630.7526038,12,4.4134,0.3601,0.0816
c2_5,1,1789028630.9726038,12,4.4134,0.3601,0.0816
c2_5,1,1789028631.1926038,12,4.4134,0.3601,0.0816
c2_5,1,1789028631.4126039,12,4.4134,0.3601,0.0816
c2_5,1,1789028631.632604,12,4.4134,0.3601,0.0816
c2_5,1,1789028631.852604,12,4.4134,0.3601,0.0816
c2_5,1,1789028632.072604,12,4.4134,0.3601,0.0816
c2_5,1,1789028632.292604,12,4.4134,0.3601,0.0816
c2_5,1,1789028632.512604,12,4.4134,0.3601,0.0816
c2_5,1,1789028632.732604,12,4.4134,0.3601,0.0816
c2_5,1,1789028632.952604,12,4.4134,0.3601,0.0816
c2_5,1,1789028633.172604,12,4.4134,0.3601,0.0816
c2_5,1,1789028633.392604,12,4.4134,0.3601,0.0816
c2_5,1,1789028633.6126041,12,4.4134,0.3601,0.0816
c2_5,1,1789028633.8326042,12,4.4134,0.3601,0.0816
c2_5,1,1789028634.0526042,13,4.3907,0.3529,0.0804
c2_5,1,1789028634.2726042,13,4.3907,0.3529,0.0804
c2_5,1,1789028634.4926043,13,4.3907,0.3529,0.0804
c2_5,1,1789028634.7126043,13,4.3907,0.3529,0.0804
c2_5,1,1789028634.9326043,13,4.3907,0.3529,0.0804
c2_5,1,1789028635.1526043,13,4.3907,0.3529,0.0804
c2_5,1,1789028635.3726044,13,4.3907,0.3529,0.0804
c2_5,1,1789028635.5926044,13,4.3907,0.3529,0.0804
c2_5,1,1789028635.8126044,13,4.3907,0.3529,0.0804
c2_5,1,1789028636.0326045,13,4.3907,0.3529,0.0804
c2_5,1,1789028636.2526045,13,4.3907,0.3529,0.0804
c2_5,1,1789028636.4726045,13,4.3907,0.3529,0.0804
c2_5,1,1789028636.6926045,13,4.3907,0.3529,0.0804
c2_5,1,1789028636.9126046,13,4.3907,0.3529,0.0804
c2_5,1,1789028637.1326046,13,4.3907,0.3529,0.0804
c2_5,1,1789028637.3526046,13,4.3907,0.3529,0.0804
c2_5,1,1789028637.5726047,13,4.3907,0.3529,0.0804
c2_5,1,1789028637.7926047,13,4.3907,0.3529,0.0804
c2_5,1,1789028638.0126047,14,4.363,0.3524,0.0808
c2_5,1,1789028638.2326047,14,4.363,0.3524,0.0808
c2_5,1,1789028638.4526048,14,4.363,0.3524,0.0808
c2_5,1,1789028638.6726048,14,4.363,0.3524,0.0808
c2_5,1,1789028638.8926048,14,4.363,0.3524,0.0808
c2_5,1,1789028639.1126049,14,4.363,0.3524,0.0808
c2_5,1,1789028639.332605,14,4.363,0.3524,0.0808
c2_5,1,1789028639.552605,14,4.363,0.3524,0.0808
c2_5,1,1789028639.772605,14,4.363,0.3524,0.0808
c2_5,1,1789028639.992605,14,4.363,0.3524,0.0808
c2_5,1,1789028640.212605,14,4.363,0.3524,0.0808
c2_5,1,1789028640.432605,14,4.363,0.3524,0.0808
c2_5,1,1789028640.652605,14,4.363,0.3524,0.0808
c2_5,1,1789028640.872605,14,4.363,0.3524,0.0808
c2_5,1,1789028641.092605,14,4.363,0.3524,0.0808
c2_5,1,1789028641.3126051,14,4.363,0.3524,0.0808
c2_5,1,1789028641.5326052,14,4.363,0.3524,0.0808
c2_6,1,1789028672.3841195,3,3.5968,0.1931,0.0537
c2_6,1,1789028672.6041195,3,3.5968,0.1931,0.0537
c2_6,1,1789028672.8241196,3,3.5968,0.1931,0.0537
c2_6,1,1789028673.0441196,3,3.5968,0.1931,0.0537
c2_6,1,1789028673.2641196,3,3.5968,0.1931,0.0537
c2_6,1,1789028673.4841197,3,3.5968,0.1931,0.0537
c2_6,1,1789028673.7041197,3,3.5968,0.1931,0.0537
c2_6,1,1789028673.9241197,3,3.5968,0.1931,0.0537
c2_6,1,1789028674.1441197,3,3.5968,0.1931,0.0537
c2_6,1,1789028674.3641198,3,3.5968,0.1931,0.0537
c2_6,1,1789028674.5841198,3,3.5968,0.1931,0.0537
c2_6,1,1789028674.8041198,3,3.5968,0.1931,0.0537
c2_6,1,1789028675.0241199,3,3.5968,0.1931,0.0537
c2_6,1,1789028675.24412,3,3.5968,0.1931,0.0537
c2_6,1,1789028675.46412,3,3.5968,0.1931,0.0537
c2_6,1,1789028675.68412,3,3.5968,0.1931,0.0537
c2_6,1,1789028675.90412,3,3.5968,0.1931,0.0537
c2_6,1,1789028676.12412,3,3.5968,0.1931,0.0537
c2_6,1,1789028676.34412,4,3.7154,0.2302,0.062
c2_6,1,1789028676.56412,4,3.7154,0.2302,0.062
c2_6,1,1789028676.78412,4,3.7154,0.2302,0.062
c2_6,1,1789028677.00412,4,3.7154,0.2302,0.062
c2_6,1,1789028677.2241201,4,3.7154,0.2302,0.062
c2_6,1,1789028677.4441202,4,3.7154,0.2302,0.062
c2_6,1,1789028677.6641202,4,3.7154,0.2302,0.062
c2_6,1,1789028677.8841202,4,3.7154,0.2302,0.062
c2_6,1,1789028678.1041203,4,3.7154,0.2302,0.062
c2_6,1,1789028678.3241203,4,3.7154,0.2302,0.062
c2_6,1,1789028678.5441203,4,3.7154,0.2302,0.062
c2_6,1,1789028678.7641203,4,3.7154,0.2302,0.062
c2_6,1,1789028678.9841204,4,3.7154,0.2302,0.062
c2_6,1,1789028679.2041204,4,3.7154,0.2302,0.062
c2_6,1,1789028679.4241204,4,3.7154,0.2302,0.062
c2_6,1,1789028679.6441205,4,3.7154,0.2302,0.062
c2_6,1,1789028679.8641205,4,3.7154,0.2302,0.062
c2_6,1,1789028680.0841205,4,3.7154,0.2302,0.062
c2_6,1,1789028680.3041205,4,3.7154,0.2302,0.062
c2_6,1,1789028680.5241206,4,3.7154,0.2302,0.062
c2_6,1,1789028680.7441206,4,3.7154,0.2302,0.062
c2_6,1,1789028680.9641206,5,3.8992,0.3756,0.0963
c2_6,1,1789028681.1841207,5,3.8992,0.3756,0.0963
c2_6,1,1789028681.4041207,5,3.8992,0.3756,0.0963
c2_6,1,1789028681.6241207,5,3.8992,0.3756,0.0963
c2_6,1,1789028681.8441207,5,3.8992,0.3756,0.0963
c2_6,1,1789028682.0641208,5,3.8992,0.3756,0.0963
c2_6,1,1789028682.2841208,5,3.8992,0.3756,0.0963
c2_6,1,1789028682.5041208,5,3.8992,0.3756,0.0963
c2_6,1,1789028682.7241209,5,3.8992,0.3756,0.0963
c2_6,1,1789028682.944121,5,3.8992,0.3756,0.0963
c2_6,1,1789028683.164121,5,3.8992,0.3756,0.0963
c2_6,1,1789028683.384121,5,3.8992,0.3756,0.0963
c2_6,1,1789028683.604121,5,3.8992,0.3756,0.0963
c2_6,1,1789028683.824121,5,3.8992,0.3756,0.0963
c2_6,1,1789028684.044121,5,3.8992,0.3756,0.0963
c2_6,1,1789028684.264121,5,3.8992,0.3756,0.0963
c2_6,1,1789028684.484121,6,3.8206,0.3709,0.0971
c2_6,1,1789028684.704121,6,3.8206,0.3709,0.0971
c2_6,1,1789028684.9241211,6,3.8206,0.3709,0.0971
c2_6,1,1789028685.1441212,6,3.8206,0.3709,0.0971
c2_6,1,1789028685.3641212,6,3.8206,0.3709,0.0971
c2_6,1,1789028685.5841212,6,3.8206,0.3709,0.0971
c2_6,1,1789028685.8041213,6,3.8206,0.3709,0.0971
c2_6,1,1789028686.0241213,6,3.8206,0.3709,0.0971
c2_6,1,1789028686.2441213,6,3.8206,0.3709,0.0971
c2_6,1,1789028686.4641213,6,3.8206,0.3709,0.0971
c2_6,1,1789028686.6841214,6,3.8206,0.3709,0.0971
c2_6,1,1789028686.9041214,6,3.8206,0.3709,0.0971
c2_6,1,1789028687.1241214,6,3.8206,0.3709,0.0971
c2_6,1,1789028687.3441215,6,3.8206,0.3709,0.0971
c2_6,1,1789028687.5641215,6,3.8206,0.3709,0.0971
c2_6,1,1789028687.7841215,7,3.7494,0.3741,0.0998
c2_6,1,1789028688.0041215,7,3.7494,0.3741,0.0998
c2_6,1,1789028688.2241216,7,3.7494,0.3741,0.0998
c2_6,1,1789028688.4441216,7,3.7494,0.3741,0.0998
c2_6,1,1789028688.6641216,7,3.7494,0.3741,0.0998
c2_6,1,1789028688.8841217,7,3.7494,0.3741,0.0998
c2_6,1,1789028689.1041217,7,3.7494,0.3741,0.0998
c2_6,1,1789028689.3241217,7,3.7494,0.3741,0.0998
c2_6,1,1789028689.5441217,7,3.7494,0.3741,0.0998
c2_6,1,1789028689.7641218,7,3.7494,0.3741,0.0998
c2_6,1,1789028689.9841218,7,3.7494,0.3741,0.0998
c2_6,1,1789028690.2041218,7,3.7494,0.3741,0.0998
c2_6,1,1789028690.4241219,7,3.7494,0.3741,0.0998
c2_6,1,1789028690.644122,7,3.7494,0.3741,0.0998
c2_6,1,1789028690.864122,7,3.7494,0.3741,0.0998
c2_6,1,1789028691.084122,7,3.7494,0.3741,0.0998
c2_6,1,1789028691.304122,7,3.7494,0.3741,0.0998
c2_6,1,1789028691.524122,8,3.7516,0.3464,0.0923
c2_6,1,1789028691.744122,8,3.7516,0.3464,0.0923
c2_6,1,1789028691.964122,8,3.7516,0.3464,0.0923
c2_6,1,1789028692.184122,8,3.7516,0.3464,0.0923
c2_6,1,1789028692.404122,8,3.7516,0.3464,0.0923
c2_6,1,1789028692.6241221,8,3.7516,0.3464,0.0923
c2_6,1,1789028692.8441222,8,3.7516,0.3464,0.0923
c2_6,1,1789028693.0641222,8,3.7516,0.3464,0.0923
c2_6,1,1789028693.2841222,8,3.7516,0.3464,0.0923
c2_6,1,1789028693.5041223,8,3.7516,0.3464,0.0923
c2_6,1,1789028693.7241223,8,3.7516,0.3464,0.0923
c2_6,1,1789028693.9441223,8,3.7516,0.3464,0.0923
c2_6,1,1789028694.1641223,8,3.7516,0.3464,0.0923
c2_6,1,1789028694.3841224,8,3.7516,0.3464,0.0923
c2_6,1,1789028694.6041224,8,3.7516,0.3464,0.0923
c2_6,1,1789028694.8241224,8,3.7516,0.3464,0.0923
c2_6,1,1789028695.0441225,9,3.7221,0.3333,0.0895
c2_6,1,1789028695.2641225,9,3.7221,0.3333,0.0895
c2_6,1,1789028695.4841225,9,3.7221,0.3333,0.0895
c2_6,1,1789028695.7041225,9,3.7221,0.3333,0.0895
c2_6,1,1789028695.9241226,9,3.7221,0.3333,0.0895
c2_6,1,1789028696.1441226,9,3.7221,0.3333,0.0895
c2_6,1,1789028696.3641226,9,3.7221,0.3333,0.0895
c2_6,1,1789028696.5841227,9,3.7221,0.3333,0.0895
c2_6,1,1789028696.8041227,9,3.7221,0.3333,0.0895
c2_6,1,1789028697.0241227,9,3.7221,0.3333,0.0895
c2_6,1,1789028697.2441227,9,3.7221,0.3333,0.0895
c2_6,1,1789028697.4641228,9,3.7221,0.3333,0.0895
c2_6,1,1789028697.6841228,9,3.7221,0.3333,0.0895
c2_6,1,1789028697.9041228,9,3.7221,0.3333,0.0895
c2_6,1,1789028698.1241229,9,3.7221,0.3333,0.0895
c2_6,1,1789028698.344123,9,3.7221,0.3333,0.0895
c2_6,1,1789028698.564123,9,3.7221,0.3333,0.0895
c2_6,1,1789028698.784123,10,3.719,0.3144,0.0845
c2_6,1,1789028699.004123,10,3.719,0.3144,0.0845
c2_6,1,1789028699.224123,10,3.719,0.3144,0.0845
c2_6,1,1789028699.444123,10,3.719,0.3144,0.0845
c2_6,1,1789028699.664123,10,3.719,0.3144,0.0845
c2_6,1,1789028699.884123,10,3.719,0.3144,0.0845
c2_6,1,1789028700.104123,10,3.719,0.3144,0.0845
c2_6,1,1789028700.3241231,10,3.719,0.3144,0.0845
c2_6,1,1789028700.5441232,10,3.719,0.3144,0.0845
c2_6,1,1789028700.7641232,10,3.719,0.3144,0.0845
c2_6,1,1789028700.9841232,10,3.719,0.3144,0.0845
c2_6,1,1789028701.2041233,10,3.719,0.3144,0.0845
c2_6,1,1789028701.4241233,10,3.719,0.3144,0.0845
c2_6,1,1789028701.6441233,10,3.719,0.3144,0.0845
c2_6,1,1789028701.8641233,10,3.719,0.3144,0.0845
c2_6,1,1789028702.0841234,10,3.719,0.3144,0.0845
c2_6,1,1789028702.3041234,10,3.719,0.3144,0.0845
c2_6,1,1789028702.5241234,10,3.719,0.3144,0.0845
c2_6,1,1789028702.7441235,11,3.7512,0.3135,0.0836
c2_6,1,1789028702.9641235,11,3.7512,0.3135,0.0836
c2_6,1,1789028703.1841235,11,3.7512,0.3135,0.0836
c2_6,1,1789028703.4041235,11,3.7512,0.3135,0.0836
c2_6,1,1789028703.6241236,11,3.7512,0.3135,0.0836
c2_6,1,1789028703.8441236,11,3.7512,0.3135,0.0836
c2_6,1,1789028704.0641236,11,3.7512,0.3135,0.0836
c2_6,1,1789028704.2841237,11,3.7512,0.3135,0.0836
c2_6,1,1789028704.5041237,11,3.7512,0.3135,0.0836
c2_6,1,1789028704.7241237,11,3.7512,0.3135,0.0836
c2_6,1,1789028704.9441237,11,3.7512,0.3135,0.0836
c2_6,1,1789028705.1641238,11,3.7512,0.3135,0.0836
c2_6,1,1789028705.3841238,11,3.7512,0.3135,0.0836
c2_6,1,1789028705.6041238,11,3.7512,0.3135,0.0836
c2_6,1,1789028705.8241239,11,3.7512,0.3135,0.0836
c2_6,1,1789028706.044124,11,3.7512,0.3135,0.0836
c2_6,1,1789028706.264124,11,3.7512,0.3135,0.0836
c2_6,1,1789028706.484124,12,3.7441,0.2997,0.0801
c2_6,1,1789028706.704124,12,3.7441,0.2997,0.0801
c2_6,1,1789028706.924124,12,3.7441,0.2997,0.0801
c2_6,1,1789028707.144124,12,3.7441,0.2997,0.0801
c2_6,1,1789028707.364124,12,3.7441,0.2997,0.0801
c2_6,1,1789028707.584124,12,3.7441,0.2997,0.0801
c2_6,1,1789028707.804124,12,3.7441,0.2997,0.0801
c2_6,1,1789028708.0241241,12,3.7441,0.2997,0.0801
c2_6,1,1789028708.2441242,12,3.7441,0.2997,0.0801
c2_6,1,1789028708.4641242,12,3.7441,0.2997,0.0801
c2_6,1,1789028708.6841242,12,3.7441,0.2997,0.0801
c2_6,1,1789028708.9041243,12,3.7441,0.2997,0.0801
c2_6,1,1789028709.1241243,12,3.7441,0.2997,0.0801
c2_6,1,1789028709.3441243,12,3.7441,0.2997,0.0801
c2_6,1,1789028709.5641243,12,3.7441,0.2997,0.0801
c2_7,1,1789028755.8335917,3,3.1906,0.2258,0.0708
c2_7,1,1789028756.0535917,3,3.1906,0.2258,0.0708
c2_7,1,1789028756.2735918,3,3.1906,0.2258,0.0708
c2_7,1,1789028756.4935918,3,3.1906,0.2258,0.0708
c2_7,1,1789028756.7135918,3,3.1906,0.2258,0.0708
c2_7,1,1789028756.9335918,3,3.1906,0.2258,0.0708
c2_7,1,1789028757.1535919,3,3.1906,0.2258,0.0708
c2_7,1,1789028757.373592,3,3.1906,0.2258,0.0708
c2_7,1,1789028757.593592,3,3.1906,0.2258,0.0708
c2_7,1,1789028757.813592,3,3.1906,0.2258,0.0708
c2_7,1,1789028758.033592,3,3.1906,0.2258,0.0708
c2_7,1,1789028758.253592,3,3.1906,0.2258,0.0708
c2_7,1,1789028758.473592,3,3.1906,0.2258,0.0708
c2_7,1,1789028758.693592,3,3.1906,0.2258,0.0708
c2_7,1,1789028758.913592,3,3.1906,0.2258,0.0708
c2_7,1,1789028759.1335921,3,3.1906,0.2258,0.0708
c2_7,1,1789028759.3535922,4,3.2938,0.2352,0.0714
c2_7,1,1789028759.5735922,4,3.2938,0.2352,0.0714
c2_7,1,1789028759.7935922,4,3.2938,0.2352,0.0714
c2_7,1,1789028760.0135922,4,3.2938,0.2352,0.0714
c2_7,1,1789028760.2335923,4,3.2938,0.2352,0.0714
c2_7,1,1789028760.4535923,4,3.2938,0.2352,0.0714
c2_7,1,1789028760.6735923,4,3.2938,0.2352,0.0714
c2_7,1,1789028760.8935924,4,3.2938,0.2352,0.0714
c2_7,1,1789028761.1135924,4,3.2938,0.2352,0.0714
c2_7,1,1789028761.3335924,4,3.2938,0.2352,0.0714
c2_7,1,1789028761.5535924,4,3.2938,0.2352,0.0714
c2_7,1,1789028761.7735925,4,3.2938,0.2352,0.0714
c2_7,1,1789028761.9935925,4,3.2938,0.2352,0.0714
c2_7,1,1789028762.2135925,4,3.2938,0.2352,0.0714
c2_7,1,1789028762.4335926,5,3.2638,0.2102,0.0644
c2_7,1,1789028762.6535926,5,3.2638,0.2102,0.0644
c2_7,1,1789028762.8735926,5,3.2638,0.2102,0.0644
c2_7,1,1789028763.0935926,5,3.2638,0.2102,0.0644
c2_7,1,1789028763.3135927,5,3.2638,0.2102,0.0644
c2_7,1,1789028763.5335927,5,3.2638,0.2102,0.0644
c2_7,1,1789028763.7535927,5,3.2638,0.2102,0.0644
c2_7,1,1789028763.9735928,5,3.2638,0.2102,0.0644
c2_7,1,1789028764.1935928,5,3.2638,0.2102,0.0644
c2_7,1,1789028764.4135928,5,3.2638,0.2102,0.0644
c2_7,1,1789028764.6335928,5,3.2638,0.2102,0.0644
c2_7,1,1789028764.8535929,5,3.2638,0.2102,0.0644
c2_7,1,1789028765.073593,5,3.2638,0.2102,0.0644
c2_7,1,1789028765.293593,6,3.167,0.2699,0.0852
c2_7,1,1789028765.513593,6,3.167,0.2699,0.0852
c2_7,1,1789028765.733593,6,3.167,0.2699,0.0852
c2_7,1,1789028765.953593,6,3.167,0.2699,0.0852
c2_7,1,1789028766.173593,6,3.167,0.2699,0.0852
c2_7,1,1789028766.393593,6,3.167,0.2699,0.0852
c2_7,1,1789028766.613593,6,3.167,0.2699,0.0852
c2_7,1,1789028766.8335931,6,3.167,0.2699,0.0852
c2_7,1,1789028767.0535932,6,3.167,0.2699,0.0852
c2_7,1,1789028767.2735932,6,3.167,0.2699,0.0852
c2_7,1,1789028767.4935932,6,3.167,0.2699,0.0852
c2_7,1,1789028767.7135932,6,3.167,0.2699,0.0852
c2_7,1,1789028767.9335933,7,3.0835,0.3091,0.1002
c2_7,1,1789028768.1535933,7,3.0835,0.3091,0.1002
c2_7,1,1789028768.3735933,7,3.0835,0.3091,0.1002
c2_7,1,1789028768.5935934,7,3.0835,0.3091,0.1002
c2_7,1,1789028768.8135934,7,3.0835,0.3091,0.1002
c2_7,1,1789028769.0335934,7,3.0835,0.3091,0.1002
c2_7,1,1789028769.2535934,7,3.0835,0.3091,0.1002
c2_7,1,1789028769.4735935,7,3.0835,0.3091,0.1002
c2_7,1,1789028769.6935935,7,3.0835,0.3091,0.1002
c2_7,1,1789028769.9135935,7,3.0835,0.3091,0.1002
c2_7,1,1789028770.1335936,7,3.0835,0.3091,0.1002
c2_7,1,1789028770.3535936,7,3.0835,0.3091,0.1002
c2_7,1,1789028770.5735936,7,3.0835,0.3091,0.1002
c2_7,1,1789028770.7935936,8,3.0565,0.2937,0.0961
c2_7,1,1789028771.0135937,8,3.0565,0.2937,0.0961
c2_7,1,1789028771.2335937,8,3.0565,0.2937,0.0961
c2_7,1,1789028771.4535937,8,3.0565,0.2937,0.0961
c2_7,1,1789028771.6735938,8,3.0565,0.2937,0.0961
c2_7,1,1789028771.8935938,8,3.0565,0.2937,0.0961
c2_7,1,1789028772.1135938,8,3.0565,0.2937,0.0961
c2_7,1,1789028772.3335938,8,3.0565,0.2937,0.0961
c2_7,1,1789028772.5535939,8,3.0565,0.2937,0.0961
c2_7,1,1789028772.773594,8,3.0565,0.2937,0.0961
c2_7,1,1789028772.993594,8,3.0565,0.2937,0.0961
c2_7,1,1789028773.213594,8,3.0565,0.2937,0.0961
c2_7,1,1789028773.433594,8,3.0565,0.2937,0.0961
c2_7,1,1789028773.653594,8,3.0565,0.2937,0.0961
c2_7,1,1789028773.873594,8,3.0565,0.2937,0.0961
c2_7,1,1789028774.093594,8,3.0565,0.2937,0.0961
c2_7,1,1789028774.313594,9,3.1091,0.3079,0.099
c2_7,1,1789028774.5335941,9,3.1091,0.3079,0.099
c2_7,1,1789028774.7535942,9,3.1091,0.3079,0.099
c2_7,1,1789028774.9735942,9,3.1091,0.3079,0.099
c2_7,1,1789028775.1935942,9,3.1091,0.3079,0.099
c2_7,1,1789028775.4135942,9,3.1091,0.3079,0.099
c2_7,1,1789028775.6335943,9,3.1091,0.3079,0.099
c2_7,1,1789028775.8535943,9,3.1091,0.3079,0.099
c2_7,1,1789028776.0735943,9,3.1091,0.3079,0.099
c2_7,1,1789028776.2935944,9,3.1091,0.3079,0.099
c2_7,1,1789028776.5135944,9,3.1091,0.3079,0.099
c2_7,1,1789028776.7335944,9,3.1091,0.3079,0.099
c2_7,1,1789028776.9535944,9,3.1091,0.3079,0.099
c2_7,1,1789028777.1735945,10,3.075,0.3059,0.0995
c2_7,1,1789028777.3935945,10,3.075,0.3059,0.0995
c2_7,1,1789028777.6135945,10,3.075,0.3059,0.0995
c2_7,1,1789028777.8335946,10,3.075,0.3059,0.0995
c2_7,1,1789028778.0535946,10,3.075,0.3059,0.0995
c2_7,1,1789028778.2735946,10,3.075,0.3059,0.0995
c2_7,1,1789028778.4935946,10,3.075,0.3059,0.0995
c2_7,1,1789028778.7135947,10,3.075,0.3059,0.0995
c2_7,1,1789028778.9335947,10,3.075,0.3059,0.0995
c2_7,1,1789028779.1535947,10,3.075,0.3059,0.0995
c2_7,1,1789028779.3735948,10,3.075,0.3059,0.0995
c2_7,1,1789028779.5935948,10,3.075,0.3059,0.0995
c2_7,1,1789028779.8135948,10,3.075,0.3059,0.0995
c2_7,1,1789028780.0335948,10,3.075,0.3059,0.0995
c2_7,1,1789028780.2535949,11,3.0786,0.2904,0.0943
c2_7,1,1789028780.473595,11,3.0786,0.2904,0.0943
c2_7,1,1789028780.693595,11,3.0786,0.2904,0.0943
c2_7,1,1789028780.913595,11,3.0786,0.2904,0.0943
c2_7,1,1789028781.133595,11,3.0786,0.2904,0.0943
c2_7,1,1789028781.353595,11,3.0786,0.2904,0.0943
c2_7,1,1789028781.573595,11,3.0786,0.2904,0.0943
c2_7,1,1789028781.793595,11,3.0786,0.2904,0.0943
c2_7,1,1789028782.013595,11,3.0786,0.2904,0.0943
c2_7,1,1789028782.2335951,11,3.0786,0.2904,0.0943
c2_7,1,1789028782.4535952,11,3.0786,0.2904,0.0943
c2_7,1,1789028782.6735952,11,3.0786,0.2904,0.0943
c2_7,1,1789028782.8935952,11,3.0786,0.2904,0.0943
c2_7,1,1789028783.1135952,11,3.0786,0.2904,0.0943
c2_7,1,1789028783.3335953,12,3.0725,0.2776,0.0903
c2_7,1,1789028783.5535953,12,3.0725,0.2776,0.0903
c2_7,1,1789028783.7735953,12,3.0725,0.2776,0.0903
c2_7,1,1789028783.9935954,12,3.0725,0.2776,0.0903
c2_7,1,1789028784.2135954,12,3.0725,0.2776,0.0903
c2_7,1,1789028784.4335954,12,3.0725,0.2776,0.0903
c2_7,1,1789028784.6535954,12,3.0725,0.2776,0.0903
c2_7,1,1789028784.8735955,12,3.0725,0.2776,0.0903
c2_7,1,1789028785.0935955,12,3.0725,0.2776,0.0903
c2_7,1,1789028785.3135955,12,3.0725,0.2776,0.0903
c2_7,1,1789028785.5335956,12,3.0725,0.2776,0.0903
c2_7,1,1789028785.7535956,12,3.0725,0.2776,0.0903
c2_7,1,1789028785.9735956,12,3.0725,0.2776,0.0903
c2_7,1,1789028786.1935956,13,3.0652,0.2668,0.0871
c2_7,1,1789028786.4135957,13,3.0652,0.2668,0.0871
c2_7,1,1789028786.6335957,13,3.0652,0.2668,0.0871
c2_7,1,1789028786.8535957,13,3.0652,0.2668,0.0871
c2_7,1,1789028787.0735958,13,3.0652,0.2668,0.0871
c2_7,1,1789028787.2935958,13,3.0652,0.2668,0.0871
c2_7,1,1789028787.5135958,13,3.0652,0.2668,0.0871
c2_7,1,1789028787.7335958,13,3.0652,0.2668,0.0871
c2_7,1,1789028787.9535959,13,3.0652,0.2668,0.0871
c2_7,1,1789028788.173596,13,3.0652,0.2668,0.0871
c2_7,1,1789028788.393596,13,3.0652,0.2668,0.0871
c2_7,1,1789028788.613596,13,3.0652,0.2668,0.0871
c2_7,1,1789028788.833596,13,3.0652,0.2668,0.0871
c2_8,1,1789028828.3221576,3,4.9745,0.3911,0.0786
c2_8,1,1789028828.5421576,3,4.9745,0.3911,0.0786
c2_8,1,1789028828.7621577,3,4.9745,0.3911,0.0786
c2_8,1,1789028828.9821577,3,4.9745,0.3911,0.0786
c2_8,1,1789028829.2021577,3,4.9745,0.3911,0.0786
c2_8,1,1789028829.4221578,3,4.9745,0.3911,0.0786
c2_8,1,1789028829.6421578,3,4.9745,0.3911,0.0786
c2_8,1,1789028829.8621578,3,4.9745,0.3911,0.0786
c2_8,1,1789028830.0821579,3,4.9745,0.3911,0.0786
c2_8,1,1789028830.3021579,3,4.9745,0.3911,0.0786
c2_8,1,1789028830.522158,3,4.9745,0.3911,0.0786
c2_8,1,1789028830.742158,3,4.9745,0.3911,0.0786
c2_8,1,1789028830.962158,3,4.9745,0.3911,0.0786
c2_8,1,1789028831.182158,3,4.9745,0.3911,0.0786
c2_8,1,1789028831.402158,3,4.9745,0.3911,0.0786
c2_8,1,1789028831.622158,3,4.9745,0.3911,0.0786
c2_8,1,1789028831.842158,3,4.9745,0.3911,0.0786
c2_8,1,1789028832.062158,3,4.9745,0.3911,0.0786
c2_8,1,1789028832.2821581,3,4.9745,0.3911,0.0786
c2_8,1,1789028832.5021582,3,4.9745,0.3911,0.0786
c2_8,1,1789028832.7221582,3,4.9745,0.3911,0.0786
c2_8,1,1789028832.9421582,4,4.8429,0.3696,0.0763
c2_8,1,1789028833.1621583,4,4.8429,0.3696,0.0763
c2_8,1,1789028833.3821583,4,4.8429,0.3696,0.0763
c2_8,1,1789028833.6021583,4,4.8429,0.3696,0.0763
c2_8,1,1789028833.8221583,4,4.8429,0.3696,0.0763
c2_8,1,1789028834.0421584,4,4.8429,0.3696,0.0763
c2_8,1,1789028834.2621584,4,4.8429,0.3696,0.0763
c2_8,1,1789028834.4821584,4,4.8429,0.3696,0.0763
c2_8,1,1789028834.7021585,4,4.8429,0.3696,0.0763
c2_8,1,1789028834.9221585,4,4.8429,0.3696,0.0763
c2_8,1,1789028835.1421585,4,4.8429,0.3696,0.0763
c2_8,1,1789028835.3621585,4,4.8429,0.3696,0.0763
c2_8,1,1789028835.5821586,4,4.8429,0.3696,0.0763
c2_8,1,1789028835.8021586,4,4.8429,0.3696,0.0763
c2_8,1,1789028836.0221586,4,4.8429,0.3696,0.0763
c2_8,1,1789028836.2421587,4,4.8429,0.3696,0.0763
c2_8,1,1789028836.4621587,4,4.8429,0.3696,0.0763
c2_8,1,1789028836.6821587,4,4.8429,0.3696,0.0763
c2_8,1,1789028836.9021587,4,4.8429,0.3696,0.0763
c2_8,1,1789028837.1221588,4,4.8429,0.3696,0.0763
c2_8,1,1789028837.3421588,4,4.8429,0.3696,0.0763
c2_8,1,1789028837.5621588,4,4.8429,0.3696,0.0763
c2_8,1,1789028837.7821589,4,4.8429,0.3696,0.0763
c2_8,1,1789028838.0021589,4,4.8429,0.3696,0.0763
c2_8,1,1789028838.222159,5,4.9999,0.42,0.084
c2_8,1,1789028838.442159,5,4.9999,0.42,0.084
c2_8,1,1789028838.662159,5,4.9999,0.42,0.084
c2_8,1,1789028838.882159,5,4.9999,0.42,0.084
c2_8,1,1789028839.102159,5,4.9999,0.42,0.084
c2_8,1,1789028839.322159,5,4.9999,0.42,0.084
c2_8,1,1789028839.542159,5,4.9999,0.42,0.084
c2_8,1,1789028839.762159,5,4.9999,0.42,0.084
c2_8,1,1789028839.9821591,5,4.9999,0.42,0.084
c2_8,1,1789028840.2021592,5,4.9999,0.42,0.084
c2_8,1,1789028840.4221592,5,4.9999,0.42,0.084
c2_8,1,1789028840.6421592,5,4.9999,0.42,0.084
c2_8,1,1789028840.8621593,5,4.9999,0.42,0.084
c2_8,1,1789028841.0821593,5,4.9999,0.42,0.084
c2_8,1,1789028841.3021593,5,4.9999,0.42,0.084
c2_8,1,1789028841.5221593,5,4.9999,0.42,0.084
c2_8,1,1789028841.7421594,5,4.9999,0.42,0.084
c2_8,1,1789028841.9621594,5,4.9999,0.42,0.084
c2_8,1,1789028842.1821594,5,4.9999,0.42,0.084
c2_8,1,1789028842.4021595,5,4.9999,0.42,0.084
c2_8,1,1789028842.6221595,5,4.9999,0.42,0.084
c2_8,1,1789028842.8421595,5,4.9999,0.42,0.084
c2_8,1,1789028843.0621595,5,4.9999,0.42,0.084
c2_8,1,1789028843.2821596,5,4.9999,0.42,0.084
c2_8,1,1789028843.5021596,5,4.9999,0.42,0.084
c2_8,1,1789028843.7221596,5,4.9999,0.42,0.084
c2_8,1,1789028843.9421597,5,4.9999,0.42,0.084
c2_8,1,1789028844.1621597,5,4.9999,0.42,0.084
c2_8,1,1789028844.3821597,6,5.1986,0.5468,0.1052
c2_8,1,1789028844.6021597,6,5.1986,0.5468,0.1052
c2_8,1,1789028844.8221598,6,5.1986,0.5468,0.1052
c2_8,1,1789028845.0421598,6,5.1986,0.5468,0.1052
c2_8,1,1789028845.2621598,6,5.1986,0.5468,0.1052
c2_8,1,1789028845.4821599,6,5.1986,0.5468,0.1052
c2_8,1,1789028845.70216,6,5.1986,0.5468,0.1052
c2_8,1,1789028845.92216,6,5.1986,0.5468,0.1052
c2_8,1,1789028846.14216,6,5.1986,0.5468,0.1052
c2_8,1,1789028846.36216,6,5.1986,0.5468,0.1052
c2_8,1,1789028846.58216,6,5.1986,0.5468,0.1052
c2_8,1,1789028846.80216,6,5.1986,0.5468,0.1052
c2_8,1,1789028847.02216,6,5.1986,0.5468,0.1052
c2_8,1,1789028847.24216,6,5.1986,0.5468,0.1052
c2_8,1,1789028847.46216,6,5.1986,0.5468,0.1052
c2_8,1,1789028847.6821601,6,5.1986,0.5468,0.1052
c2_8,1,1789028847.9021602,6,5.1986,0.5468,0.1052
c2_8,1,1789028848.1221602,6,5.1986,0.5468,0.1052
c2_8,1,1789028848.3421602,6,5.1986,0.5468,0.1052
c2_8,1,1789028848.5621603,6,5.1986,0.5468,0.1052
c2_8,1,1789028848.7821603,6,5.1986,0.5468,0.1052
c2_8,1,1789028849.0021603,6,5.1986,0.5468,0.1052
c2_8,1,1789028849.2221603,6,5.1986,0.5468,0.1052
c2_8,1,1789028849.4421604,6,5.1986,0.5468,0.1052
c2_8,1,1789028849.6621604,6,5.1986,0.5468,0.1052
c2_8,1,1789028849.8821604,6,5.1986,0.5468,0.1052
c2_8,1,1789028850.1021605,7,5.2827,0.5335,0.101
c2_8,1,1789028850.3221605,7,5.2827,0.5335,0.101
c2_8,1,1789028850.5421605,7,5.2827,0.5335,0.101
c2_8,1,1789028850.7621605,7,5.2827,0.5335,0.101
c2_8,1,1789028850.9821606,7,5.2827,0.5335,0.101
c2_8,1,1789028851.2021606,7,5.2827,0.5335,0.101
c2_8,1,1789028851.4221606,7,5.2827,0.5335,0.101
c2_8,1,1789028851.6421607,7,5.2827,0.5335,0.101
c2_8,1,1789028851.8621607,7,5.2827,0.5335,0.101
c2_8,1,1789028852.0821607,7,5.2827,0.5335,0.101
c2_8,1,1789028852.3021607,7,5.2827,0.5335,0.101
c2_8,1,1789028852.5221608,7,5.2827,0.5335,0.101
c2_8,1,1789028852.7421608,7,5.2827,0.5335,0.101
c2_8,1,1789028852.9621608,7,5.2827,0.5335,0.101
c2_8,1,1789028853.1821609,7,5.2827,0.5335,0.101
c2_8,1,1789028853.402161,7,5.2827,0.5335,0.101
c2_8,1,1789028853.622161,7,5.2827,0.5335,0.101
c2_8,1,1789028853.842161,7,5.2827,0.5335,0.101
c2_8,1,1789028854.062161,7,5.2827,0.5335,0.101
c2_8,1,1789028854.282161,7,5.2827,0.5335,0.101
c2_8,1,1789028854.502161,7,5.2827,0.5335,0.101
c2_8,1,1789028854.722161,7,5.2827,0.5335,0.101
c2_8,1,1789028854.942161,7,5.2827,0.5335,0.101
c2_8,1,1789028855.162161,8,5.2546,0.4987,0.0949
c2_8,1,1789028855.3821611,8,5.2546,0.4987,0.0949
c2_8,1,1789028855.6021612,8,5.2546,0.4987,0.0949
c2_8,1,1789028855.8221612,8,5.2546,0.4987,0.0949
c2_8,1,1789028856.0421612,8,5.2546,0.4987,0.0949
c2_8,1,1789028856.2621613,8,5.2546,0.4987,0.0949
c2_8,1,1789028856.4821613,8,5.2546,0.4987,0.0949
c2_8,1,1789028856.7021613,8,5.2546,0.4987,0.0949
c2_8,1,1789028856.9221613,8,5.2546,0.4987,0.0949
c2_8,1,1789028857.1421614,8,5.2546,0.4987,0.0949
c2_8,1,1789028857.3621614,8,5.2546,0.4987,0.0949
c2_8,1,1789028857.5821614,8,5.2546,0.4987,0.0949
c2_8,1,1789028857.8021615,8,5.2546,0.4987,0.0949
c2_8,1,1789028858.0221615,8,5.2546,0.4987,0.0949
c2_8,1,1789028858.2421615,8,5.2546,0.4987,0.0949
c2_8,1,1789028858.4621615,8,5.2546,0.4987,0.0949
c2_8,1,1789028858.6821616,8,5.2546,0.4987,0.0949
c2_8,1,1789028858.9021616,8,5.2546,0.4987,0.0949
c2_8,1,1789028859.1221616,8,5.2546,0.4987,0.0949
c2_8,1,1789028859.3421617,8,5.2546,0.4987,0.0949
c2_8,1,1789028859.5621617,8,5.2546,0.4987,0.0949
c2_8,1,1789028859.7821617,8,5.2546,0.4987,0.0949
c2_8,1,1789028860.0021617,8,5.2546,0.4987,0.0949
c2_8,1,1789028860.2221618,9,5.2386,0.4684,0.0894
c2_8,1,1789028860.4421618,9,5.2386,0.4684,0.0894
c2_8,1,1789028860.6621618,9,5.2386,0.4684,0.0894
c2_8,1,1789028860.8821619,9,5.2386,0.4684,0.0894
c2_8,1,1789028861.102162,9,5.2386,0.4684,0.0894
c2_8,1,1789028861.322162,9,5.2386,0.4684,0.0894
c2_8,1,1789028861.542162,9,5.2386,0.4684,0.0894
c2_8,1,1789028861.762162,9,5.2386,0.4684,0.0894
c2_8,1,1789028861.982162,9,5.2386,0.4684,0.0894
c2_8,1,1789028862.202162,9,5.2386,0.4684,0.0894
c2_8,1,1789028862.422162,9,5.2386,0.4684,0.0894
c2_8,1,1789028862.642162,9,5.2386,0.4684,0.0894
c2_8,1,1789028862.862162,9,5.2386,0.4684,0.0894
c2_8,1,1789028863.0821621,9,5.2386,0.4684,0.0894
c2_8,1,1789028863.3021622,9,5.2386,0.4684,0.0894
c2_8,1,1789028863.5221622,9,5.2386,0.4684,0.0894
c2_8,1,1789028863.7421622,9,5.2386,0.4684,0.0894
c2_8,1,1789028863.9621623,9,5.2386,0.4684,0.0894
c2_8,1,1789028864.1821623,9,5.2386,0.4684,0.0894
c2_8,1,1789028864.4021623,9,5.2386,0.4684,0.0894
c2_8,1,1789028864.6221623,9,5.2386,0.4684,0.0894
c2_8,1,1789028864.8421624,9,5.2386,0.4684,0.0894
c2_8,1,1789028865.0621624,10,5.1825,0.4692,0.0905
c2_8,1,1789028865.2821624,10,5.1825,0.4692,0.0905
c2_8,1,1789028865.5021625,10,5.1825,0.4692,0.0905
c2_8,1,1789028865.7221625,10,5.1825,0.4692,0.0905
c2_8,1,1789028865.9421625,10,5.1825,0.4692,0.0905
c2_8,1,1789028866.1621625,10,5.1825,0.4692,0.0905
c2_8,1,1789028866.3821626,10,5.1825,0.4692,0.0905
c2_8,1,1789028866.6021626,10,5.1825,0.4692,0.0905
c2_8,1,1789028866.8221626,10,5.1825,0.4692,0.0905
c2_8,1,1789028867.0421627,10,5.1825,0.4692,0.0905
c2_8,1,1789028867.2621627,10,5.1825,0.4692,0.0905
c2_8,1,1789028867.4821627,10,5.1825,0.4692,0.0905
c2_8,1,1789028867.7021627,10,5.1825,0.4692,0.0905
c2_8,1,1789028867.9221628,10,5.1825,0.4692,0.0905
c2_8,1,1789028868.1421628,10,5.1825,0.4692,0.0905
c2_8,1,1789028868.3621628,10,5.1825,0.4692,0.0905
c2_8,1,1789028868.5821629,10,5.1825,0.4692,0.0905
c2_8,1,1789028868.802163,10,5.1825,0.4692,0.0905
c2_8,1,1789028869.022163,10,5.1825,0.4692,0.0905
c2_8,1,1789028869.242163,10,5.1825,0.4692,0.0905
c2_8,1,1789028869.462163,10,5.1825,0.4692,0.0905
c2_8,1,1789028869.682163,10,5.1825,0.4692,0.0905
benign_9,0,1789028874.8895247,3,1.8446,1.7676,0.9583
benign_9,0,1789028875.1095247,3,1.8446,1.7676,0.9583
benign_9,0,1789028875.3295248,3,1.8446,1.7676,0.9583
benign_9,0,1789028875.5495248,3,1.8446,1.7676,0.9583
benign_9,0,1789028875.7695248,3,1.8446,1.7676,0.9583
benign_9,0,1789028875.9895248,3,1.8446,1.7676,0.9583
benign_9,0,1789028876.2095249,3,1.8446,1.7676,0.9583
benign_9,0,1789028876.429525,4,1.7429,1.4503,0.8321
benign_9,0,1789028876.649525,4,1.7429,1.4503,0.8321
benign_9,0,1789028876.869525,5,1.4233,1.3726,0.9644
benign_9,0,1789028877.089525,5,1.4233,1.3726,0.9644
benign_9,0,1789028877.309525,5,1.4233,1.3726,0.9644
benign_9,0,1789028877.529525,5,1.4233,1.3726,0.9644
benign_9,0,1789028877.749525,5,1.4233,1.3726,0.9644
benign_9,0,1789028877.969525,5,1.4233,1.3726,0.9644
benign_9,0,1789028878.1895251,5,1.4233,1.3726,0.9644
benign_9,0,1789028878.4095252,5,1.4233,1.3726,0.9644
benign_9,0,1789028878.6295252,5,1.4233,1.3726,0.9644
benign_9,0,1789028878.8495252,6,1.5336,1.2474,0.8134
benign_9,0,1789028879.0695252,6,1.5336,1.2474,0.8134
benign_9,0,1789028879.2895253,6,1.5336,1.2474,0.8134
benign_9,0,1789028879.5095253,6,1.5336,1.2474,0.8134
benign_9,0,1789028879.7295253,6,1.5336,1.2474,0.8134
benign_9,0,1789028879.9495254,6,1.5336,1.2474,0.8134
benign_9,0,1789028880.1695254,6,1.5336,1.2474,0.8134
benign_9,0,1789028880.3895254,6,1.5336,1.2474,0.8134
benign_9,0,1789028880.6095254,6,1.5336,1.2474,0.8134
benign_9,0,1789028880.8295255,6,1.5336,1.2474,0.8134
benign_9,0,1789028881.0495255,6,1.5336,1.2474,0.8134
benign_9,0,1789028881.2695255,6,1.5336,1.2474,0.8134
benign_9,0,1789028881.4895256,6,1.5336,1.2474,0.8134
benign_9,0,1789028881.7095256,6,1.5336,1.2474,0.8134
benign_9,0,1789028881.9295256,6,1.5336,1.2474,0.8134
benign_9,0,1789028882.1495256,6,1.5336,1.2474,0.8134
benign_9,0,1789028882.3695257,6,1.5336,1.2474,0.8134
benign_9,0,1789028882.5895257,6,1.5336,1.2474,0.8134
benign_9,0,1789028882.8095257,6,1.5336,1.2474,0.8134
benign_9,0,1789028883.0295258,6,1.5336,1.2474,0.8134
benign_9,0,1789028883.2495258,6,1.5336,1.2474,0.8134
benign_9,0,1789028883.4695258,6,1.5336,1.2474,0.8134
benign_9,0,1789028883.6895258,7,2.0783,1.6674,0.8023
benign_9,0,1789028883.9095259,7,2.0783,1.6674,0.8023
benign_9,0,1789028884.129526,7,2.0783,1.6674,0.8023
benign_9,0,1789028884.349526,7,2.0783,1.6674,0.8023
benign_9,0,1789028884.569526,8,1.9031,1.6022,0.8419
benign_9,0,1789028884.789526,8,1.9031,1.6022,0.8419
benign_9,0,1789028885.009526,8,1.9031,1.6022,0.8419
benign_9,0,1789028885.229526,8,1.9031,1.6022,0.8419
benign_9,0,1789028885.449526,8,1.9031,1.6022,0.8419
benign_9,0,1789028885.669526,8,1.9031,1.6022,0.8419
benign_9,0,1789028885.8895261,8,1.9031,1.6022,0.8419
benign_9,0,1789028886.1095262,8,1.9031,1.6022,0.8419
benign_9,0,1789028886.3295262,8,1.9031,1.6022,0.8419
benign_9,0,1789028886.5495262,8,1.9031,1.6022,0.8419
benign_9,0,1789028886.7695262,8,1.9031,1.6022,0.8419
benign_9,0,1789028886.9895263,8,1.9031,1.6022,0.8419
benign_9,0,1789028887.2095263,8,1.9031,1.6022,0.8419
benign_9,0,1789028887.4295263,8,1.9031,1.6022,0.8419
benign_9,0,1789028887.6495264,8,1.9031,1.6022,0.8419
benign_9,0,1789028887.8695264,8,1.9031,1.6022,0.8419
benign_9,0,1789028888.0895264,8,1.9031,1.6022,0.8419
benign_9,0,1789028888.3095264,8,1.9031,1.6022,0.8419
benign_9,0,1789028888.5295265,8,1.9031,1.6022,0.8419
benign_9,0,1789028888.7495265,8,1.9031,1.6022,0.8419
benign_9,0,1789028888.9695265,8,1.9031,1.6022,0.8419
benign_9,0,1789028889.1895266,8,1.9031,1.6022,0.8419
benign_9,0,1789028889.4095266,8,1.9031,1.6022,0.8419
benign_9,0,1789028889.6295266,8,1.9031,1.6022,0.8419
benign_9,0,1789028889.8495266,8,1.9031,1.6022,0.8419
benign_9,0,1789028890.0695267,8,1.9031,1.6022,0.8419
benign_9,0,1789028890.2895267,8,1.9031,1.6022,0.8419
benign_9,0,1789028890.5095267,8,1.9031,1.6022,0.8419
benign_9,0,1789028890.7295268,8,1.9031,1.6022,0.8419
benign_9,0,1789028890.9495268,8,1.9031,1.6022,0.8419
benign_9,0,1789028891.1695268,8,1.9031,1.6022,0.8419
benign_9,0,1789028891.3895268,8,1.9031,1.6022,0.8419
benign_9,0,1789028891.6095269,8,1.9031,1.6022,0.8419
benign_9,0,1789028891.829527,8,1.9031,1.6022,0.8419
benign_9,0,1789028892.049527,8,1.9031,1.6022,0.8419
benign_9,0,1789028892.269527,8,1.9031,1.6022,0.8419
benign_9,0,1789028892.489527,8,1.9031,1.6022,0.8419
benign_9,0,1789028892.709527,8,1.9031,1.6022,0.8419
benign_9,0,1789028892.929527,8,1.9031,1.6022,0.8419
benign_9,0,1789028893.149527,8,1.9031,1.6022,0.8419
benign_9,0,1789028893.369527,8,1.9031,1.6022,0.8419
benign_9,0,1789028893.5895271,8,1.9031,1.6022,0.8419
benign_9,0,1789028893.8095272,8,1.9031,1.6022,0.8419
benign_9,0,1789028894.0295272,8,1.9031,1.6022,0.8419
benign_9,0,1789028894.2495272,8,1.9031,1.6022,0.8419
benign_9,0,1789028894.4695272,8,1.9031,1.6022,0.8419
benign_9,0,1789028894.6895273,8,1.9031,1.6022,0.8419
benign_9,0,1789028894.9095273,8,1.9031,1.6022,0.8419
benign_9,0,1789028895.1295273,8,1.9031,1.6022,0.8419
benign_9,0,1789028895.3495274,8,1.9031,1.6022,0.8419
benign_9,0,1789028895.5695274,8,1.9031,1.6022,0.8419
benign_9,0,1789028895.7895274,8,1.9031,1.6022,0.8419
benign_9,0,1789028896.0095274,8,1.9031,1.6022,0.8419
benign_9,0,1789028896.2295275,8,1.9031,1.6022,0.8419
benign_9,0,1789028896.4495275,8,1.9031,1.6022,0.8419
benign_9,0,1789028896.6695275,8,1.9031,1.6022,0.8419
benign_9,0,1789028896.8895276,8,1.9031,1.6022,0.8419
benign_9,0,1789028897.1095276,8,1.9031,1.6022,0.8419
benign_9,0,1789028897.3295276,8,1.9031,1.6022,0.8419
benign_9,0,1789028897.5495276,8,1.9031,1.6022,0.8419
benign_9,0,1789028897.7695277,8,1.9031,1.6022,0.8419
benign_9,0,1789028897.9895277,8,1.9031,1.6022,0.8419
benign_9,0,1789028898.2095277,8,1.9031,1.6022,0.8419
benign_9,0,1789028898.4295278,8,1.9031,1.6022,0.8419
benign_9,0,1789028898.6495278,8,1.9031,1.6022,0.8419
benign_9,0,1789028898.8695278,8,1.9031,1.6022,0.8419
benign_9,0,1789028899.0895278,8,1.9031,1.6022,0.8419
benign_9,0,1789028899.3095279,8,1.9031,1.6022,0.8419
benign_9,0,1789028899.529528,8,1.9031,1.6022,0.8419
benign_9,0,1789028899.749528,8,1.9031,1.6022,0.8419
benign_9,0,1789028899.969528,8,1.9031,1.6022,0.8419
benign_9,0,1789028900.189528,8,1.9031,1.6022,0.8419
benign_9,0,1789028900.409528,8,1.9031,1.6022,0.8419
benign_9,0,1789028900.629528,8,1.9031,1.6022,0.8419
benign_9,0,1789028900.849528,8,1.9031,1.6022,0.8419
benign_9,0,1789028901.069528,8,1.9031,1.6022,0.8419
benign_9,0,1789028901.2895281,8,1.9031,1.6022,0.8419
benign_9,0,1789028901.5095282,8,1.9031,1.6022,0.8419
benign_9,0,1789028901.7295282,8,1.9031,1.6022,0.8419
benign_9,0,1789028901.9495282,8,1.9031,1.6022,0.8419
benign_9,0,1789028902.1695282,8,1.9031,1.6022,0.8419
benign_9,0,1789028902.3895283,8,1.9031,1.6022,0.8419
benign_9,0,1789028902.6095283,8,1.9031,1.6022,0.8419
c2_9,1,1789028917.8334026,3,4.3719,0.0407,0.0093
c2_9,1,1789028918.0534027,3,4.3719,0.0407,0.0093
c2_9,1,1789028918.2734027,3,4.3719,0.0407,0.0093
c2_9,1,1789028918.4934027,3,4.3719,0.0407,0.0093
c2_9,1,1789028918.7134027,3,4.3719,0.0407,0.0093
c2_9,1,1789028918.9334028,3,4.3719,0.0407,0.0093
c2_9,1,1789028919.1534028,3,4.3719,0.0407,0.0093
c2_9,1,1789028919.3734028,3,4.3719,0.0407,0.0093
c2_9,1,1789028919.5934029,3,4.3719,0.0407,0.0093
c2_9,1,1789028919.813403,3,4.3719,0.0407,0.0093
c2_9,1,1789028920.033403,3,4.3719,0.0407,0.0093
c2_9,1,1789028920.253403,3,4.3719,0.0407,0.0093
c2_9,1,1789028920.473403,3,4.3719,0.0407,0.0093
c2_9,1,1789028920.693403,3,4.3719,0.0407,0.0093
c2_9,1,1789028920.913403,3,4.3719,0.0407,0.0093
c2_9,1,1789028921.133403,3,4.3719,0.0407,0.0093
c2_9,1,1789028921.353403,3,4.3719,0.0407,0.0093
c2_9,1,1789028921.5734031,3,4.3719,0.0407,0.0093
c2_9,1,1789028921.7934031,3,4.3719,0.0407,0.0093
c2_9,1,1789028922.0134032,3,4.3719,0.0407,0.0093
c2_9,1,1789028922.2334032,3,4.3719,0.0407,0.0093
c2_9,1,1789028922.4534032,3,4.3719,0.0407,0.0093
c2_9,1,1789028922.6734033,4,4.5417,0.2423,0.0534
c2_9,1,1789028922.8934033,4,4.5417,0.2423,0.0534
c2_9,1,1789028923.1134033,4,4.5417,0.2423,0.0534
c2_9,1,1789028923.3334033,4,4.5417,0.2423,0.0534
c2_9,1,1789028923.5534034,4,4.5417,0.2423,0.0534
c2_9,1,1789028923.7734034,4,4.5417,0.2423,0.0534
c2_9,1,1789028923.9934034,4,4.5417,0.2423,0.0534
c2_9,1,1789028924.2134035,4,4.5417,0.2423,0.0534
c2_9,1,1789028924.4334035,4,4.5417,0.2423,0.0534
c2_9,1,1789028924.6534035,4,4.5417,0.2423,0.0534
c2_9,1,1789028924.8734035,4,4.5417,0.2423,0.0534
c2_9,1,1789028925.0934036,4,4.5417,0.2423,0.0534
c2_9,1,1789028925.3134036,4,4.5417,0.2423,0.0534
c2_9,1,1789028925.5334036,4,4.5417,0.2423,0.0534
c2_9,1,1789028925.7534037,4,4.5417,0.2423,0.0534
c2_9,1,1789028925.9734037,4,4.5417,0.2423,0.0534
c2_9,1,1789028926.1934037,4,4.5417,0.2423,0.0534
c2_9,1,1789028926.4134037,4,4.5417,0.2423,0.0534
c2_9,1,1789028926.6334038,4,4.5417,0.2423,0.0534
c2_9,1,1789028926.8534038,4,4.5417,0.2423,0.0534
c2_9,1,1789028927.0734038,4,4.5417,0.2423,0.0534
c2_9,1,1789028927.2934039,4,4.5417,0.2423,0.0534
c2_9,1,1789028927.513404,5,4.6198,0.2497,0.054
c2_9,1,1789028927.733404,5,4.6198,0.2497,0.054
c2_9,1,1789028927.953404,5,4.6198,0.2497,0.054
c2_9,1,1789028928.173404,5,4.6198,0.2497,0.054
c2_9,1,1789028928.393404,5,4.6198,0.2497,0.054
c2_9,1,1789028928.613404,5,4.6198,0.2497,0.054
c2_9,1,1789028928.833404,5,4.6198,0.2497,0.054
c2_9,1,1789028929.053404,5,4.6198,0.2497,0.054
c2_9,1,1789028929.2734041,5,4.6198,0.2497,0.054
c2_9,1,1789028929.4934042,5,4.6198,0.2497,0.054
c2_9,1,1789028929.7134042,5,4.6198,0.2497,0.054
c2_9,1,1789028929.9334042,5,4.6198,0.2497,0.054
c2_9,1,1789028930.1534042,5,4.6198,0.2497,0.054
c2_9,1,1789028930.3734043,5,4.6198,0.2497,0.054
c2_9,1,1789028930.5934043,5,4.6198,0.2497,0.054
c2_9,1,1789028930.8134043,5,4.6198,0.2497,0.054
c2_9,1,1789028931.0334044,5,4.6198,0.2497,0.054
c2_9,1,1789028931.2534044,5,4.6198,0.2497,0.054
c2_9,1,1789028931.4734044,5,4.6198,0.2497,0.054
c2_9,1,1789028931.6934044,5,4.6198,0.2497,0.054
c2_9,1,1789028931.9134045,5,4.6198,0.2497,0.054
c2_9,1,1789028932.1334045,5,4.6198,0.2497,0.054
c2_9,1,1789028932.3534045,6,4.6674,0.2428,0.052
c2_9,1,1789028932.5734046,6,4.6674,0.2428,0.052
c2_9,1,1789028932.7934046,6,4.6674,0.2428,0.052
c2_9,1,1789028933.0134046,6,4.6674,0.2428,0.052
c2_9,1,1789028933.2334046,6,4.6674,0.2428,0.052
c2_9,1,1789028933.4534047,6,4.6674,0.2428,0.052
c2_9,1,1789028933.6734047,6,4.6674,0.2428,0.052
c2_9,1,1789028933.8934047,6,4.6674,0.2428,0.052
c2_9,1,1789028934.1134048,6,4.6674,0.2428,0.052
c2_9,1,1789028934.3334048,6,4.6674,0.2428,0.052
c2_9,1,1789028934.5534048,6,4.6674,0.2428,0.052
c2_9,1,1789028934.7734048,6,4.6674,0.2428,0.052
c2_9,1,1789028934.9934049,6,4.6674,0.2428,0.052
c2_9,1,1789028935.213405,6,4.6674,0.2428,0.052
c2_9,1,1789028935.433405,6,4.6674,0.2428,0.052
c2_9,1,1789028935.653405,6,4.6674,0.2428,0.052
c2_9,1,1789028935.873405,6,4.6674,0.2428,0.052
c2_9,1,1789028936.093405,6,4.6674,0.2428,0.052
c2_9,1,1789028936.313405,6,4.6674,0.2428,0.052
c2_9,1,1789028936.533405,6,4.6674,0.2428,0.052
c2_9,1,1789028936.753405,7,4.6391,0.2305,0.0497
c2_9,1,1789028936.9734051,7,4.6391,0.2305,0.0497
c2_9,1,1789028937.1934052,7,4.6391,0.2305,0.0497
c2_9,1,1789028937.4134052,7,4.6391,0.2305,0.0497
c2_9,1,1789028937.6334052,7,4.6391,0.2305,0.0497
c2_9,1,1789028937.8534052,7,4.6391,0.2305,0.0497
c2_9,1,1789028938.0734053,7,4.6391,0.2305,0.0497
c2_9,1,1789028938.2934053,7,4.6391,0.2305,0.0497
c2_9,1,1789028938.5134053,7,4.6391,0.2305,0.0497
c2_9,1,1789028938.7334054,7,4.6391,0.2305,0.0497
c2_9,1,1789028938.9534054,7,4.6391,0.2305,0.0497
c2_9,1,1789028939.1734054,7,4.6391,0.2305,0.0497
c2_9,1,1789028939.3934054,7,4.6391,0.2305,0.0497
c2_9,1,1789028939.6134055,7,4.6391,0.2305,0.0497
c2_9,1,1789028939.8334055,7,4.6391,0.2305,0.0497
c2_9,1,1789028940.0534055,7,4.6391,0.2305,0.0497
c2_9,1,1789028940.2734056,7,4.6391,0.2305,0.0497
c2_9,1,1789028940.4934056,7,4.6391,0.2305,0.0497
c2_9,1,1789028940.7134056,7,4.6391,0.2305,0.0497
c2_9,1,1789028940.9334056,7,4.6391,0.2305,0.0497
c2_9,1,1789028941.1534057,7,4.6391,0.2305,0.0497
c2_9,1,1789028941.3734057,8,4.6185,0.2192,0.0475
c2_9,1,1789028941.5934057,8,4.6185,0.2192,0.0475
c2_9,1,1789028941.8134058,8,4.6185,0.2192,0.0475
c2_9,1,1789028942.0334058,8,4.6185,0.2192,0.0475
c2_9,1,1789028942.2534058,8,4.6185,0.2192,0.0475
c2_9,1,1789028942.4734058,8,4.6185,0.2192,0.0475
c2_9,1,1789028942.6934059,8,4.6185,0.2192,0.0475
c2_9,1,1789028942.913406,8,4.6185,0.2192,0.0475
c2_9,1,1789028943.133406,8,4.6185,0.2192,0.0475
c2_9,1,1789028943.353406,8,4.6185,0.2192,0.0475
c2_9,1,1789028943.573406,8,4.6185,0.2192,0.0475
c2_9,1,1789028943.793406,8,4.6185,0.2192,0.0475
c2_9,1,1789028944.013406,8,4.6185,0.2192,0.0475
c2_9,1,1789028944.233406,8,4.6185,0.2192,0.0475
c2_9,1,1789028944.453406,8,4.6185,0.2192,0.0475
c2_9,1,1789028944.6734061,8,4.6185,0.2192,0.0475
c2_9,1,1789028944.8934062,8,4.6185,0.2192,0.0475
c2_9,1,1789028945.1134062,8,4.6185,0.2192,0.0475
c2_9,1,1789028945.3334062,8,4.6185,0.2192,0.0475
c2_9,1,1789028945.5534062,8,4.6185,0.2192,0.0475
c2_9,1,1789028945.7734063,8,4.6185,0.2192,0.0475
c2_9,1,1789028945.9934063,9,4.6316,0.208,0.0449
c2_9,1,1789028946.2134063,9,4.6316,0.208,0.0449
c2_9,1,1789028946.4334064,9,4.6316,0.208,0.0449
c2_9,1,1789028946.6534064,9,4.6316,0.208,0.0449
c2_9,1,1789028946.8734064,9,4.6316,0.208,0.0449
c2_9,1,1789028947.0934064,9,4.6316,0.208,0.0449
c2_9,1,1789028947.3134065,9,4.6316,0.208,0.0449
c2_9,1,1789028947.5334065,9,4.6316,0.208,0.0449
c2_9,1,1789028947.7534065,9,4.6316,0.208,0.0449
c2_9,1,1789028947.9734066,9,4.6316,0.208,0.0449
c2_9,1,1789028948.1934066,9,4.6316,0.208,0.0449
c2_9,1,1789028948.4134066,9,4.6316,0.208,0.0449
c2_9,1,1789028948.6334066,9,4.6316,0.208,0.0449
c2_9,1,1789028948.8534067,9,4.6316,0.208,0.0449
c2_9,1,1789028949.0734067,9,4.6316,0.208,0.0449
c2_9,1,1789028949.2934067,9,4.6316,0.208,0.0449
c2_9,1,1789028949.5134068,9,4.6316,0.208,0.0449
c2_9,1,1789028949.7334068,9,4.6316,0.208,0.0449
c2_9,1,1789028949.9534068,9,4.6316,0.208,0.0449
c2_9,1,1789028950.1734068,9,4.6316,0.208,0.0449
c2_9,1,1789028950.3934069,9,4.6316,0.208,0.0449
c2_9,1,1789028950.613407,9,4.6316,0.208,0.0449
c2_9,1,1789028950.833407,9,4.6316,0.208,0.0449
c2_9,1,1789028951.053407,10,4.6796,0.2384,0.051
c2_9,1,1789028951.273407,10,4.6796,0.2384,0.051
c2_9,1,1789028951.493407,10,4.6796,0.2384,0.051
c2_9,1,1789028951.713407,10,4.6796,0.2384,0.051
c2_9,1,1789028951.933407,10,4.6796,0.2384,0.051
c2_9,1,1789028952.153407,10,4.6796,0.2384,0.051
c2_9,1,1789028952.3734071,10,4.6796,0.2384,0.051
c2_9,1,1789028952.5934072,10,4.6796,0.2384,0.051
c2_9,1,1789028952.8134072,10,4.6796,0.2384,0.051
c2_9,1,1789028953.0334072,10,4.6796,0.2384,0.051
c2_9,1,1789028953.2534072,10,4.6796,0.2384,0.051
c2_9,1,1789028953.4734073,10,4.6796,0.2384,0.051
c2_9,1,1789028953.6934073,10,4.6796,0.2384,0.051
c2_9,1,1789028953.9134073,10,4.6796,0.2384,0.051
c2_9,1,1789028954.1334074,10,4.6796,0.2384,0.051
c2_9,1,1789028954.3534074,10,4.6796,0.2384,0.051
c2_9,1,1789028954.5734074,10,4.6796,0.2384,0.051
c2_9,1,1789028954.7934074,10,4.6796,0.2384,0.051
c2_9,1,1789028955.0134075,10,4.6796,0.2384,0.051
c2_9,1,1789028955.2334075,10,4.6796,0.2384,0.051
c2_9,1,1789028955.4534075,10,4.6796,0.2384,0.051
c2_9,1,1789028955.6734076,10,4.6796,0.2384,0.051
c2_9,1,1789028955.8934076,10,4.6796,0.2384,0.051
c2_9,1,1789028956.1134076,11,4.7188,0.255,0.054
c2_9,1,1789028956.3334076,11,4.7188,0.255,0.054
c2_9,1,1789028956.5534077,11,4.7188,0.255,0.054
c2_9,1,1789028956.7734077,11,4.7188,0.255,0.054
c2_9,1,1789028956.9934077,11,4.7188,0.255,0.054
c2_9,1,1789028957.2134078,11,4.7188,0.255,0.054
c2_9,1,1789028957.4334078,11,4.7188,0.255,0.054
c2_9,1,1789028957.6534078,11,4.7188,0.255,0.054
c2_9,1,1789028957.8734078,11,4.7188,0.255,0.054
c2_9,1,1789028958.0934079,11,4.7188,0.255,0.054
c2_9,1,1789028958.313408,11,4.7188,0.255,0.054
c2_9,1,1789028958.533408,11,4.7188,0.255,0.054
c2_9,1,1789028958.753408,11,4.7188,0.255,0.054
c2_9,1,1789028958.973408,11,4.7188,0.255,0.054
c2_9,1,1789028959.193408,11,4.7188,0.255,0.054
c2_9,1,1789028959.413408,11,4.7188,0.255,0.054
c2_9,1,1789028959.633408,11,4.7188,0.255,0.054
c2_9,1,1789028959.853408,11,4.7188,0.255,0.054
c2_9,1,1789028960.0734081,11,4.7188,0.255,0.054
c2_9,1,1789028960.2934082,11,4.7188,0.255,0.054
c2_9,1,1789028960.5134082,11,4.7188,0.255,0.054
c2_9,1,1789028960.7334082,11,4.7188,0.255,0.054
c2_9,1,1789028960.9534082,12,4.7158,0.2433,0.0516
c2_9,1,1789028961.1734083,12,4.7158,0.2433,0.0516
c2_9,1,1789028961.3934083,12,4.7158,0.2433,0.0516
c2_9,1,1789028961.6134083,12,4.7158,0.2433,0.0516
c2_9,1,1789028961.8334084,12,4.7158,0.2433,0.0516
c2_9,1,1789028962.0534084,12,4.7158,0.2433,0.0516
c2_9,1,1789028962.2734084,12,4.7158,0.2433,0.0516
c2_9,1,1789028962.4934084,12,4.7158,0.2433,0.0516
c2_9,1,1789028962.7134085,12,4.7158,0.2433,0.0516
c2_9,1,1789028962.9334085,12,4.7158,0.2433,0.0516
c2_9,1,1789028963.1534085,12,4.7158,0.2433,0.0516
c2_9,1,1789028963.3734086,12,4.7158,0.2433,0.0516
c2_9,1,1789028963.5934086,12,4.7158,0.2433,0.0516
c2_9,1,1789028963.8134086,12,4.7158,0.2433,0.0516
c2_9,1,1789028964.0334086,12,4.7158,0.2433,0.0516
c2_9,1,1789028964.2534087,12,4.7158,0.2433,0.0516
c2_9,1,1789028964.4734087,12,4.7158,0.2433,0.0516
c2_9,1,1789028964.6934087,12,4.7158,0.2433,0.0516
c2_9,1,1789028964.9134088,12,4.7158,0.2433,0.0516
c2_9,1,1789028965.1334088,12,4.7158,0.2433,0.0516
c2_9,1,1789028965.3534088,12,4.7158,0.2433,0.0516
c2_9,1,1789028965.5734088,13,4.7071,0.2348,0.0499
c2_9,1,1789028965.7934089,13,4.7071,0.2348,0.0499
c2_9,1,1789028966.013409,13,4.7071,0.2348,0.0499
c2_9,1,1789028966.233409,13,4.7071,0.2348,0.0499
c2_9,1,1789028966.453409,13,4.7071,0.2348,0.0499
c2_9,1,1789028966.673409,13,4.7071,0.2348,0.0499
c2_9,1,1789028966.893409,13,4.7071,0.2348,0.0499
c2_9,1,1789028967.113409,13,4.7071,0.2348,0.0499
c2_9,1,1789028967.333409,13,4.7071,0.2348,0.0499
c2_9,1,1789028967.553409,13,4.7071,0.2348,0.0499
c2_9,1,1789028967.7734091,13,4.7071,0.2348,0.0499
c2_9,1,1789028967.9934092,13,4.7071,0.2348,0.0499
c2_9,1,1789028968.2134092,13,4.7071,0.2348,0.0499
c2_9,1,1789028968.4334092,13,4.7071,0.2348,0.0499
c2_9,1,1789028968.6534092,13,4.7071,0.2348,0.0499
c2_9,1,1789028968.8734093,13,4.7071,0.2348,0.0499
c2_9,1,1789028969.0934093,13,4.7071,0.2348,0.0499
c2_9,1,1789028969.3134093,13,4.7071,0.2348,0.0499
c2_9,1,1789028969.5334094,13,4.7071,0.2348,0.0499
c2_9,1,1789028969.7534094,13,4.7071,0.2348,0.0499
c2_9,1,1789028969.9734094,13,4.7071,0.2348,0.0499
c2_9,1,1789028970.1934094,13,4.7071,0.2348,0.0499
c2_9,1,1789028970.4134095,13,4.7071,0.2348,0.0499
c2_9,1,1789028970.6334095,13,4.7071,0.2348,0.0499
c2_9,1,1789028970.8534095,13,4.7071,0.2348,0.0499
c2_9,1,1789028971.0734096,13,4.7071,0.2348,0.0499
c2_9,1,1789028971.2934096,14,4.7885,0.361,0.0754
c2_9,1,1789028971.5134096,14,4.7885,0.361,0.0754
c2_9,1,1789028971.7334096,14,4.7885,0.361,0.0754
c2_9,1,1789028971.9534097,14,4.7885,0.361,0.0754
c2_9,1,1789028972.1734097,14,4.7885,0.361,0.0754
c2_9,1,1789028972.3934097,14,4.7885,0.361,0.0754
c2_9,1,1789028972.6134098,14,4.7885,0.361,0.0754
c2_9,1,1789028972.8334098,14,4.7885,0.361,0.0754
c2_9,1,1789028973.0534098,14,4.7885,0.361,0.0754
c2_9,1,1789028973.2734098,14,4.7885,0.361,0.0754
c2_9,1,1789028973.4934099,14,4.7885,0.361,0.0754
c2_9,1,1789028973.71341,14,4.7885,0.361,0.0754
c2_9,1,1789028973.93341,14,4.7885,0.361,0.0754
c2_9,1,1789028974.15341,14,4.7885,0.361,0.0754
c2_9,1,1789028974.37341,14,4.7885,0.361,0.0754
c2_9,1,1789028974.59341,14,4.7885,0.361,0.0754
c2_9,1,1789028974.81341,14,4.7885,0.361,0.0754
c2_9,1,1789028975.03341,14,4.7885,0.361,0.0754
c2_9,1,1789028975.25341,14,4.7885,0.361,0.0754
c2_9,1,1789028975.4734101,14,4.7885,0.361,0.0754
c2_9,1,1789028975.6934102,14,4.7885,0.361,0.0754
c2_9,1,1789028975.9134102,14,4.7885,0.361,0.0754
c2_9,1,1789028976.1334102,14,4.7885,0.361,0.0754
c2_9,1,1789028976.3534102,14,4.7885,0.361,0.0754
c2_10,1,1789029022.1422446,3,4.7455,0.244,0.0514
c2_10,1,1789029022.3622446,3,4.7455,0.244,0.0514
c2_10,1,1789029022.5822446,3,4.7455,0.244,0.0514
c2_10,1,1789029022.8022447,3,4.7455,0.244,0.0514
c2_10,1,1789029023.0222447,3,4.7455,0.244,0.0514
c2_10,1,1789029023.2422447,3,4.7455,0.244,0.0514
c2_10,1,1789029023.4622447,3,4.7455,0.244,0.0514
c2_10,1,1789029023.6822448,3,4.7455,0.244,0.0514
c2_10,1,1789029023.9022448,3,4.7455,0.244,0.0514
c2_10,1,1789029024.1222448,3,4.7455,0.244,0.0514
c2_10,1,1789029024.3422449,3,4.7455,0.244,0.0514
c2_10,1,1789029024.562245,3,4.7455,0.244,0.0514
c2_10,1,1789029024.782245,3,4.7455,0.244,0.0514
c2_10,1,1789029025.002245,3,4.7455,0.244,0.0514
c2_10,1,1789029025.222245,3,4.7455,0.244,0.0514
c2_10,1,1789029025.442245,3,4.7455,0.244,0.0514
c2_10,1,1789029025.662245,3,4.7455,0.244,0.0514
c2_10,1,1789029025.882245,3,4.7455,0.244,0.0514
c2_10,1,1789029026.102245,3,4.7455,0.244,0.0514
c2_10,1,1789029026.3222451,4,4.5116,0.3862,0.0856
c2_10,1,1789029026.5422451,4,4.5116,0.3862,0.0856
c2_10,1,1789029026.7622452,4,4.5116,0.3862,0.0856
c2_10,1,1789029026.9822452,4,4.5116,0.3862,0.0856
c2_10,1,1789029027.2022452,4,4.5116,0.3862,0.0856
c2_10,1,1789029027.4222453,4,4.5116,0.3862,0.0856
c2_10,1,1789029027.6422453,4,4.5116,0.3862,0.0856
c2_10,1,1789029027.8622453,4,4.5116,0.3862,0.0856
c2_10,1,1789029028.0822453,4,4.5116,0.3862,0.0856
c2_10,1,1789029028.3022454,4,4.5116,0.3862,0.0856
c2_10,1,1789029028.5222454,4,4.5116,0.3862,0.0856
c2_10,1,1789029028.7422454,4,4.5116,0.3862,0.0856
c2_10,1,1789029028.9622455,4,4.5116,0.3862,0.0856
c2_10,1,1789029029.1822455,4,4.5116,0.3862,0.0856
c2_10,1,1789029029.4022455,4,4.5116,0.3862,0.0856
c2_10,1,1789029029.6222456,4,4.5116,0.3862,0.0856
c2_10,1,1789029029.8422456,4,4.5116,0.3862,0.0856
c2_10,1,1789029030.0622456,4,4.5116,0.3862,0.0856
c2_10,1,1789029030.2822456,4,4.5116,0.3862,0.0856
c2_10,1,1789029030.5022457,5,4.4553,0.3484,0.0782
c2_10,1,1789029030.7222457,5,4.4553,0.3484,0.0782
c2_10,1,1789029030.9422457,5,4.4553,0.3484,0.0782
c2_10,1,1789029031.1622458,5,4.4553,0.3484,0.0782
c2_10,1,1789029031.3822458,5,4.4553,0.3484,0.0782
c2_10,1,1789029031.6022458,5,4.4553,0.3484,0.0782
c2_10,1,1789029031.8222458,5,4.4553,0.3484,0.0782
c2_10,1,1789029032.0422459,5,4.4553,0.3484,0.0782
c2_10,1,1789029032.262246,5,4.4553,0.3484,0.0782
c2_10,1,1789029032.482246,5,4.4553,0.3484,0.0782
c2_10,1,1789029032.702246,5,4.4553,0.3484,0.0782
c2_10,1,1789029032.922246,5,4.4553,0.3484,0.0782
c2_10,1,1789029033.142246,5,4.4553,0.3484,0.0782
c2_10,1,1789029033.362246,5,4.4553,0.3484,0.0782
c2_10,1,1789029033.582246,5,4.4553,0.3484,0.0782
c2_10,1,1789029033.802246,5,4.4553,0.3484,0.0782
c2_10,1,1789029034.0222461,5,4.4553,0.3484,0.0782
c2_10,1,1789029034.2422462,5,4.4553,0.3484,0.0782
c2_10,1,1789029034.4622462,5,4.4553,0.3484,0.0782
c2_10,1,1789029034.6822462,5,4.4553,0.3484,0.0782
c2_10,1,1789029034.9022462,6,4.4484,0.3119,0.0701
c2_10,1,1789029035.1222463,6,4.4484,0.3119,0.0701
c2_10,1,1789029035.3422463,6,4.4484,0.3119,0.0701
c2_10,1,1789029035.5622463,6,4.4484,0.3119,0.0701
c2_10,1,1789029035.7822464,6,4.4484,0.3119,0.0701
c2_10,1,1789029036.0022464,6,4.4484,0.3119,0.0701
c2_10,1,1789029036.2222464,6,4.4484,0.3119,0.0701
c2_10,1,1789029036.4422464,6,4.4484,0.3119,0.0701
c2_10,1,1789029036.6622465,6,4.4484,0.3119,0.0701
c2_10,1,1789029036.8822465,6,4.4484,0.3119,0.0701
c2_10,1,1789029037.1022465,6,4.4484,0.3119,0.0701
c2_10,1,1789029037.3222466,6,4.4484,0.3119,0.0701
c2_10,1,1789029037.5422466,6,4.4484,0.3119,0.0701
c2_10,1,1789029037.7622466,6,4.4484,0.3119,0.0701
c2_10,1,1789029037.9822466,6,4.4484,0.3119,0.0701
c2_10,1,1789029038.2022467,6,4.4484,0.3119,0.0701
c2_10,1,1789029038.4222467,6,4.4484,0.3119,0.0701
c2_10,1,1789029038.6422467,6,4.4484,0.3119,0.0701
c2_10,1,1789029038.8622468,6,4.4484,0.3119,0.0701
c2_10,1,1789029039.0822468,7,4.3802,0.3229,0.0737
c2_10,1,1789029039.3022468,7,4.3802,0.3229,0.0737
c2_10,1,1789029039.5222468,7,4.3802,0.3229,0.0737
c2_10,1,1789029039.7422469,7,4.3802,0.3229,0.0737
c2_10,1,1789029039.962247,7,4.3802,0.3229,0.0737
c2_10,1,1789029040.182247,7,4.3802,0.3229,0.0737
c2_10,1,1789029040.402247,7,4.3802,0.3229,0.0737
c2_10,1,1789029040.622247,7,4.3802,0.3229,0.0737
c2_10,1,1789029040.842247,7,4.3802,0.3229,0.0737
c2_10,1,1789029041.062247,7,4.3802,0.3229,0.0737
c2_10,1,1789029041.282247,7,4.3802,0.3229,0.0737
c2_10,1,1789029041.502247,7,4.3802,0.3229,0.0737
c2_10,1,1789029041.7222471,7,4.3802,0.3229,0.0737
c2_10,1,1789029041.9422472,7,4.3802,0.3229,0.0737
c2_10,1,1789029042.1622472,7,4.3802,0.3229,0.0737
c2_10,1,1789029042.3822472,7,4.3802,0.3229,0.0737
c2_10,1,1789029042.6022472,7,4.3802,0.3229,0.0737
c2_10,1,1789029042.8222473,7,4.3802,0.3229,0.0737
c2_10,1,1789029043.0422473,7,4.3802,0.3229,0.0737
c2_10,1,1789029043.2622473,7,4.3802,0.3229,0.0737
c2_10,1,1789029043.4822474,8,4.4045,0.3048,0.0692
c2_10,1,1789029043.7022474,8,4.4045,0.3048,0.0692
c2_10,1,1789029043.9222474,8,4.4045,0.3048,0.0692
c2_10,1,1789029044.1422474,8,4.4045,0.3048,0.0692
c2_10,1,1789029044.3622475,8,4.4045,0.3048,0.0692
c2_10,1,1789029044.5822475,8,4.4045,0.3048,0.0692
c2_10,1,1789029044.8022475,8,4.4045,0.3048,0.0692
c2_10,1,1789029045.0222476,8,4.4045,0.3048,0.0692
c2_10,1,1789029045.2422476,8,4.4045,0.3048,0.0692
c2_10,1,1789029045.4622476,8,4.4045,0.3048,0.0692
c2_10,1,1789029045.6822476,8,4.4045,0.3048,0.0692
c2_10,1,1789029045.9022477,8,4.4045,0.3048,0.0692
c2_10,1,1789029046.1222477,8,4.4045,0.3048,0.0692
c2_10,1,1789029046.3422477,8,4.4045,0.3048,0.0692
c2_10,1,1789029046.5622478,8,4.4045,0.3048,0.0692
c2_10,1,1789029046.7822478,8,4.4045,0.3048,0.0692
c2_10,1,1789029047.0022478,8,4.4045,0.3048,0.0692
c2_10,1,1789029047.2222478,8,4.4045,0.3048,0.0692
c2_10,1,1789029047.4422479,9,4.3328,0.3426,0.0791
c2_10,1,1789029047.662248,9,4.3328,0.3426,0.0791
c2_10,1,1789029047.882248,9,4.3328,0.3426,0.0791
c2_10,1,1789029048.102248,9,4.3328,0.3426,0.0791
c2_10,1,1789029048.322248,9,4.3328,0.3426,0.0791
c2_10,1,1789029048.542248,9,4.3328,0.3426,0.0791
c2_10,1,1789029048.762248,9,4.3328,0.3426,0.0791
c2_10,1,1789029048.982248,9,4.3328,0.3426,0.0791
c2_10,1,1789029049.202248,9,4.3328,0.3426,0.0791
c2_10,1,1789029049.4222481,9,4.3328,0.3426,0.0791
c2_10,1,1789029049.6422482,9,4.3328,0.3426,0.0791
c2_10,1,1789029049.8622482,9,4.3328,0.3426,0.0791
c2_10,1,1789029050.0822482,9,4.3328,0.3426,0.0791
c2_10,1,1789029050.3022482,9,4.3328,0.3426,0.0791
c2_10,1,1789029050.5222483,9,4.3328,0.3426,0.0791
c2_10,1,1789029050.7422483,9,4.3328,0.3426,0.0791
c2_10,1,1789029050.9622483,9,4.3328,0.3426,0.0791
c2_10,1,1789029051.1822484,9,4.3328,0.3426,0.0791
c2_10,1,1789029051.4022484,9,4.3328,0.3426,0.0791
c2_10,1,1789029051.6222484,9,4.3328,0.3426,0.0791
c2_10,1,1789029051.8422484,9,4.3328,0.3426,0.0791
c2_10,1,1789029052.0622485,9,4.3328,0.3426,0.0791
c2_10,1,1789029052.2822485,10,4.3937,0.3661,0.0833
c2_10,1,1789029052.5022485,10,4.3937,0.3661,0.0833
c2_10,1,1789029052.7222486,10,4.3937,0.3661,0.0833
c2_10,1,1789029052.9422486,10,4.3937,0.3661,0.0833
c2_10,1,1789029053.1622486,10,4.3937,0.3661,0.0833
c2_10,1,1789029053.3822486,10,4.3937,0.3661,0.0833
c2_10,1,1789029053.6022487,10,4.3937,0.3661,0.0833
c2_10,1,1789029053.8222487,10,4.3937,0.3661,0.0833
c2_10,1,1789029054.0422487,10,4.3937,0.3661,0.0833
c2_10,1,1789029054.2622488,10,4.3937,0.3661,0.0833
c2_10,1,1789029054.4822488,10,4.3937,0.3661,0.0833
c2_10,1,1789029054.7022488,10,4.3937,0.3661,0.0833
c2_10,1,1789029054.9222488,10,4.3937,0.3661,0.0833
c2_10,1,1789029055.1422489,10,4.3937,0.3661,0.0833
c2_10,1,1789029055.362249,10,4.3937,0.3661,0.0833
c2_10,1,1789029055.582249,10,4.3937,0.3661,0.0833
c2_10,1,1789029055.802249,10,4.3937,0.3661,0.0833
c2_10,1,1789029056.022249,10,4.3937,0.3661,0.0833
c2_10,1,1789029056.242249,11,4.3567,0.3647,0.0837
c2_10,1,1789029056.462249,11,4.3567,0.3647,0.0837
c2_10,1,1789029056.682249,11,4.3567,0.3647,0.0837
c2_10,1,1789029056.902249,11,4.3567,0.3647,0.0837
c2_10,1,1789029057.1222491,11,4.3567,0.3647,0.0837
c2_10,1,1789029057.3422492,11,4.3567,0.3647,0.0837
c2_10,1,1789029057.5622492,11,4.3567,0.3647,0.0837
c2_10,1,1789029057.7822492,11,4.3567,0.3647,0.0837
c2_10,1,1789029058.0022492,11,4.3567,0.3647,0.0837
c2_10,1,1789029058.2222493,11,4.3567,0.3647,0.0837
c2_10,1,1789029058.4422493,11,4.3567,0.3647,0.0837
c2_10,1,1789029058.6622493,11,4.3567,0.3647,0.0837
c2_10,1,1789029058.8822494,11,4.3567,0.3647,0.0837
c2_10,1,1789029059.1022494,11,4.3567,0.3647,0.0837
c2_10,1,1789029059.3222494,11,4.3567,0.3647,0.0837
c2_10,1,1789029059.5422494,11,4.3567,0.3647,0.0837
benign_11,0,1789029070.0723732,3,3.0553,2.7963,0.9152
benign_11,0,1789029070.2923732,3,3.0553,2.7963,0.9152
benign_11,0,1789029070.5123732,3,3.0553,2.7963,0.9152
benign_11,0,1789029070.7323732,3,3.0553,2.7963,0.9152
benign_11,0,1789029070.9523733,3,3.0553,2.7963,0.9152
benign_11,0,1789029071.1723733,3,3.0553,2.7963,0.9152
benign_11,0,1789029071.3923733,3,3.0553,2.7963,0.9152
benign_11,0,1789029071.6123734,3,3.0553,2.7963,0.9152
benign_11,0,1789029071.8323734,3,3.0553,2.7963,0.9152
benign_11,0,1789029072.0523734,3,3.0553,2.7963,0.9152
benign_11,0,1789029072.2723734,3,3.0553,2.7963,0.9152
benign_11,0,1789029072.4923735,3,3.0553,2.7963,0.9152
benign_11,0,1789029072.7123735,3,3.0553,2.7963,0.9152
benign_11,0,1789029072.9323735,3,3.0553,2.7963,0.9152
benign_11,0,1789029073.1523736,3,3.0553,2.7963,0.9152
benign_11,0,1789029073.3723736,3,3.0553,2.7963,0.9152
benign_11,0,1789029073.5923736,3,3.0553,2.7963,0.9152
benign_11,0,1789029073.8123736,3,3.0553,2.7963,0.9152
benign_11,0,1789029074.0323737,3,3.0553,2.7963,0.9152
benign_11,0,1789029074.2523737,3,3.0553,2.7963,0.9152
benign_11,0,1789029074.4723737,3,3.0553,2.7963,0.9152
benign_11,0,1789029074.6923738,3,3.0553,2.7963,0.9152
benign_11,0,1789029074.9123738,3,3.0553,2.7963,0.9152
benign_11,0,1789029075.1323738,3,3.0553,2.7963,0.9152
benign_11,0,1789029075.3523738,3,3.0553,2.7963,0.9152
benign_11,0,1789029075.5723739,3,3.0553,2.7963,0.9152
benign_11,0,1789029075.792374,4,3.8851,2.567,0.6607
benign_11,0,1789029076.012374,4,3.8851,2.567,0.6607
benign_11,0,1789029076.232374,4,3.8851,2.567,0.6607
benign_11,0,1789029076.452374,4,3.8851,2.567,0.6607
benign_11,0,1789029076.672374,4,3.8851,2.567,0.6607
benign_11,0,1789029076.892374,4,3.8851,2.567,0.6607
benign_11,0,1789029077.112374,4,3.8851,2.567,0.6607
benign_11,0,1789029077.332374,4,3.8851,2.567,0.6607
benign_11,0,1789029077.5523741,4,3.8851,2.567,0.6607
benign_11,0,1789029077.7723742,4,3.8851,2.567,0.6607
benign_11,0,1789029077.9923742,4,3.8851,2.567,0.6607
benign_11,0,1789029078.2123742,4,3.8851,2.567,0.6607
benign_11,0,1789029078.4323742,4,3.8851,2.567,0.6607
benign_11,0,1789029078.6523743,4,3.8851,2.567,0.6607
benign_11,0,1789029078.8723743,4,3.8851,2.567,0.6607
benign_11,0,1789029079.0923743,4,3.8851,2.567,0.6607
benign_11,0,1789029079.3123744,4,3.8851,2.567,0.6607
benign_11,0,1789029079.5323744,4,3.8851,2.567,0.6607
benign_11,0,1789029079.7523744,4,3.8851,2.567,0.6607
benign_11,0,1789029079.9723744,4,3.8851,2.567,0.6607
benign_11,0,1789029080.1923745,4,3.8851,2.567,0.6607
benign_11,0,1789029080.4123745,4,3.8851,2.567,0.6607
benign_11,0,1789029080.6323745,4,3.8851,2.567,0.6607
benign_11,0,1789029080.8523746,4,3.8851,2.567,0.6607
benign_11,0,1789029081.0723746,4,3.8851,2.567,0.6607
benign_11,0,1789029081.2923746,4,3.8851,2.567,0.6607
benign_11,0,1789029081.5123746,4,3.8851,2.567,0.6607
benign_11,0,1789029081.7323747,4,3.8851,2.567,0.6607
benign_11,0,1789029081.9523747,4,3.8851,2.567,0.6607
benign_11,0,1789029082.1723747,4,3.8851,2.567,0.6607
benign_11,0,1789029082.3923748,4,3.8851,2.567,0.6607
benign_11,0,1789029082.6123748,4,3.8851,2.567,0.6607
benign_11,0,1789029082.8323748,4,3.8851,2.567,0.6607
benign_11,0,1789029083.0523748,4,3.8851,2.567,0.6607
benign_11,0,1789029083.2723749,4,3.8851,2.567,0.6607
benign_11,0,1789029083.492375,4,3.8851,2.567,0.6607
benign_11,0,1789029083.712375,4,3.8851,2.567,0.6607
benign_11,0,1789029083.932375,4,3.8851,2.567,0.6607
benign_11,0,1789029084.152375,4,3.8851,2.567,0.6607
benign_11,0,1789029084.372375,4,3.8851,2.567,0.6607
benign_11,0,1789029084.592375,4,3.8851,2.567,0.6607
benign_11,0,1789029084.812375,4,3.8851,2.567,0.6607
benign_11,0,1789029085.032375,4,3.8851,2.567,0.6607
benign_11,0,1789029085.2523751,4,3.8851,2.567,0.6607
benign_11,0,1789029085.4723752,4,3.8851,2.567,0.6607
benign_11,0,1789029085.6923752,4,3.8851,2.567,0.6607
benign_11,0,1789029085.9123752,4,3.8851,2.567,0.6607
c2_11,1,1789029101.1698396,3,5.0787,0.5472,0.1077
c2_11,1,1789029101.3898396,3,5.0787,0.5472,0.1077
c2_11,1,1789029101.6098397,3,5.0787,0.5472,0.1077
c2_11,1,1789029101.8298397,3,5.0787,0.5472,0.1077
c2_11,1,1789029102.0498397,3,5.0787,0.5472,0.1077
c2_11,1,1789029102.2698398,3,5.0787,0.5472,0.1077
c2_11,1,1789029102.4898398,3,5.0787,0.5472,0.1077
c2_11,1,1789029102.7098398,3,5.0787,0.5472,0.1077
c2_11,1,1789029102.9298398,3,5.0787,0.5472,0.1077
c2_11,1,1789029103.1498399,3,5.0787,0.5472,0.1077
c2_11,1,1789029103.36984,3,5.0787,0.5472,0.1077
c2_11,1,1789029103.58984,3,5.0787,0.5472,0.1077
c2_11,1,1789029103.80984,3,5.0787,0.5472,0.1077
c2_11,1,1789029104.02984,3,5.0787,0.5472,0.1077
c2_11,1,1789029104.24984,3,5.0787,0.5472,0.1077
c2_11,1,1789029104.46984,3,5.0787,0.5472,0.1077
c2_11,1,1789029104.68984,3,5.0787,0.5472,0.1077
c2_11,1,1789029104.90984,3,5.0787,0.5472,0.1077
c2_11,1,1789029105.1298401,3,5.0787,0.5472,0.1077
c2_11,1,1789029105.3498402,3,5.0787,0.5472,0.1077
c2_11,1,1789029105.5698402,3,5.0787,0.5472,0.1077
c2_11,1,1789029105.7898402,3,5.0787,0.5472,0.1077
c2_11,1,1789029106.0098403,3,5.0787,0.5472,0.1077
c2_11,1,1789029106.2298403,3,5.0787,0.5472,0.1077
c2_11,1,1789029106.4498403,3,5.0787,0.5472,0.1077
c2_11,1,1789029106.6698403,3,5.0787,0.5472,0.1077
c2_11,1,1789029106.8898404,4,5.2496,0.508,0.0968
c2_11,1,1789029107.1098404,4,5.2496,0.508,0.0968
c2_11,1,1789029107.3298404,4,5.2496,0.508,0.0968
c2_11,1,1789029107.5498405,4,5.2496,0.508,0.0968
c2_11,1,1789029107.7698405,4,5.2496,0.508,0.0968
c2_11,1,1789029107.9898405,4,5.2496,0.508,0.0968
c2_11,1,1789029108.2098405,4,5.2496,0.508,0.0968
c2_11,1,1789029108.4298406,4,5.2496,0.508,0.0968
c2_11,1,1789029108.6498406,4,5.2496,0.508,0.0968
c2_11,1,1789029108.8698406,4,5.2496,0.508,0.0968
c2_11,1,1789029109.0898407,4,5.2496,0.508,0.0968
c2_11,1,1789029109.3098407,4,5.2496,0.508,0.0968
c2_11,1,1789029109.5298407,4,5.2496,0.508,0.0968
c2_11,1,1789029109.7498407,4,5.2496,0.508,0.0968
c2_11,1,1789029109.9698408,4,5.2496,0.508,0.0968
c2_11,1,1789029110.1898408,4,5.2496,0.508,0.0968
c2_11,1,1789029110.4098408,4,5.2496,0.508,0.0968
c2_11,1,1789029110.6298409,4,5.2496,0.508,0.0968
c2_11,1,1789029110.8498409,4,5.2496,0.508,0.0968
c2_11,1,1789029111.069841,4,5.2496,0.508,0.0968
c2_11,1,1789029111.289841,5,5.074,0.5348,0.1054
c2_11,1,1789029111.509841,5,5.074,0.5348,0.1054
c2_11,1,1789029111.729841,5,5.074,0.5348,0.1054
c2_11,1,1789029111.949841,5,5.074,0.5348,0.1054
c2_11,1,1789029112.169841,5,5.074,0.5348,0.1054
c2_11,1,1789029112.389841,5,5.074,0.5348,0.1054
c2_11,1,1789029112.609841,5,5.074,0.5348,0.1054
c2_11,1,1789029112.8298411,5,5.074,0.5348,0.1054
c2_11,1,1789029113.0498412,5,5.074,0.5348,0.1054
c2_11,1,1789029113.2698412,5,5.074,0.5348,0.1054
c2_11,1,1789029113.4898412,5,5.074,0.5348,0.1054
c2_11,1,1789029113.7098413,5,5.074,0.5348,0.1054
c2_11,1,1789029113.9298413,5,5.074,0.5348,0.1054
c2_11,1,1789029114.1498413,5,5.074,0.5348,0.1054
c2_11,1,1789029114.3698413,5,5.074,0.5348,0.1054
c2_11,1,1789029114.5898414,5,5.074,0.5348,0.1054
c2_11,1,1789029114.8098414,5,5.074,0.5348,0.1054
c2_11,1,1789029115.0298414,5,5.074,0.5348,0.1054
c2_11,1,1789029115.2498415,5,5.074,0.5348,0.1054
c2_11,1,1789029115.4698415,5,5.074,0.5348,0.1054
c2_11,1,1789029115.6898415,6,4.9382,0.5501,0.1114
c2_11,1,1789029115.9098415,6,4.9382,0.5501,0.1114
c2_11,1,1789029116.1298416,6,4.9382,0.5501,0.1114
c2_11,1,1789029116.3498416,6,4.9382,0.5501,0.1114
c2_11,1,1789029116.5698416,6,4.9382,0.5501,0.1114
c2_11,1,1789029116.7898417,6,4.9382,0.5501,0.1114
c2_11,1,1789029117.0098417,6,4.9382,0.5501,0.1114
c2_11,1,1789029117.2298417,6,4.9382,0.5501,0.1114
c2_11,1,1789029117.4498417,6,4.9382,0.5501,0.1114
c2_11,1,1789029117.6698418,6,4.9382,0.5501,0.1114
c2_11,1,1789029117.8898418,6,4.9382,0.5501,0.1114
c2_11,1,1789029118.1098418,6,4.9382,0.5501,0.1114
c2_11,1,1789029118.3298419,6,4.9382,0.5501,0.1114
c2_11,1,1789029118.549842,6,4.9382,0.5501,0.1114
c2_11,1,1789029118.769842,6,4.9382,0.5501,0.1114
c2_11,1,1789029118.989842,6,4.9382,0.5501,0.1114
c2_11,1,1789029119.209842,6,4.9382,0.5501,0.1114
c2_11,1,1789029119.429842,6,4.9382,0.5501,0.1114
c2_11,1,1789029119.649842,6,4.9382,0.5501,0.1114
c2_11,1,1789029119.869842,6,4.9382,0.5501,0.1114
c2_11,1,1789029120.089842,6,4.9382,0.5501,0.1114
c2_11,1,1789029120.309842,6,4.9382,0.5501,0.1114
c2_11,1,1789029120.5298421,6,4.9382,0.5501,0.1114
c2_11,1,1789029120.7498422,7,4.9611,0.5048,0.1017
c2_11,1,1789029120.9698422,7,4.9611,0.5048,0.1017
c2_11,1,1789029121.1898422,7,4.9611,0.5048,0.1017
c2_11,1,1789029121.4098423,7,4.9611,0.5048,0.1017
c2_11,1,1789029121.6298423,7,4.9611,0.5048,0.1017
c2_11,1,1789029121.8498423,7,4.9611,0.5048,0.1017
c2_11,1,1789029122.0698423,7,4.9611,0.5048,0.1017
c2_11,1,1789029122.2898424,7,4.9611,0.5048,0.1017
c2_11,1,1789029122.5098424,7,4.9611,0.5048,0.1017
c2_11,1,1789029122.7298424,7,4.9611,0.5048,0.1017
c2_11,1,1789029122.9498425,7,4.9611,0.5048,0.1017
c2_11,1,1789029123.1698425,7,4.9611,0.5048,0.1017
c2_11,1,1789029123.3898425,7,4.9611,0.5048,0.1017
c2_11,1,1789029123.6098425,7,4.9611,0.5048,0.1017
c2_11,1,1789029123.8298426,7,4.9611,0.5048,0.1017
c2_11,1,1789029124.0498426,7,4.9611,0.5048,0.1017
c2_11,1,1789029124.2698426,7,4.9611,0.5048,0.1017
c2_11,1,1789029124.4898427,7,4.9611,0.5048,0.1017
c2_11,1,1789029124.7098427,7,4.9611,0.5048,0.1017
c2_11,1,1789029124.9298427,7,4.9611,0.5048,0.1017
c2_11,1,1789029125.1498427,7,4.9611,0.5048,0.1017
c2_11,1,1789029125.3698428,7,4.9611,0.5048,0.1017
c2_11,1,1789029125.5898428,7,4.9611,0.5048,0.1017
c2_11,1,1789029125.8098428,7,4.9611,0.5048,0.1017
c2_11,1,1789029126.0298429,7,4.9611,0.5048,0.1017
c2_11,1,1789029126.249843,7,4.9611,0.5048,0.1017
c2_11,1,1789029126.469843,8,5.0699,0.538,0.1061
c2_11,1,1789029126.689843,8,5.0699,0.538,0.1061
c2_11,1,1789029126.909843,8,5.0699,0.538,0.1061
c2_11,1,1789029127.129843,8,5.0699,0.538,0.1061
c2_11,1,1789029127.349843,8,5.0699,0.538,0.1061
c2_11,1,1789029127.569843,8,5.0699,0.538,0.1061
c2_11,1,1789029127.789843,8,5.0699,0.538,0.1061
c2_11,1,1789029128.009843,8,5.0699,0.538,0.1061
c2_11,1,1789029128.2298431,8,5.0699,0.538,0.1061
c2_11,1,1789029128.4498432,8,5.0699,0.538,0.1061
c2_11,1,1789029128.6698432,8,5.0699,0.538,0.1061
c2_11,1,1789029128.8898432,8,5.0699,0.538,0.1061
c2_11,1,1789029129.1098433,8,5.0699,0.538,0.1061
c2_11,1,1789029129.3298433,8,5.0699,0.538,0.1061
c2_11,1,1789029129.5498433,8,5.0699,0.538,0.1061
c2_11,1,1789029129.7698433,8,5.0699,0.538,0.1061
c2_11,1,1789029129.9898434,8,5.0699,0.538,0.1061
c2_11,1,1789029130.2098434,8,5.0699,0.538,0.1061
c2_11,1,1789029130.4298434,8,5.0699,0.538,0.1061
c2_11,1,1789029130.6498435,8,5.0699,0.538,0.1061
c2_11,1,1789029130.8698435,8,5.0699,0.538,0.1061
c2_11,1,1789029131.0898435,8,5.0699,0.538,0.1061
c2_11,1,1789029131.3098435,9,5.0243,0.5175,0.103
c2_11,1,1789029131.5298436,9,5.0243,0.5175,0.103
c2_11,1,1789029131.7498436,9,5.0243,0.5175,0.103
c2_11,1,1789029131.9698436,9,5.0243,0.5175,0.103
c2_11,1,1789029132.1898437,9,5.0243,0.5175,0.103
c2_11,1,1789029132.4098437,9,5.0243,0.5175,0.103
c2_11,1,1789029132.6298437,9,5.0243,0.5175,0.103
c2_11,1,1789029132.8498437,9,5.0243,0.5175,0.103
c2_11,1,1789029133.0698438,9,5.0243,0.5175,0.103
c2_11,1,1789029133.2898438,9,5.0243,0.5175,0.103
c2_11,1,1789029133.5098438,9,5.0243,0.5175,0.103
c2_11,1,1789029133.7298439,9,5.0243,0.5175,0.103
c2_11,1,1789029133.949844,9,5.0243,0.5175,0.103
c2_11,1,1789029134.169844,9,5.0243,0.5175,0.103
c2_11,1,1789029134.389844,9,5.0243,0.5175,0.103
c2_11,1,1789029134.609844,9,5.0243,0.5175,0.103
c2_11,1,1789029134.829844,9,5.0243,0.5175,0.103
c2_11,1,1789029135.049844,9,5.0243,0.5175,0.103
c2_11,1,1789029135.269844,9,5.0243,0.5175,0.103
c2_11,1,1789029135.489844,9,5.0243,0.5175,0.103
benign_12,0,1789029152.3045373,3,6.4813,2.9078,0.4486
benign_12,0,1789029152.5245373,3,6.4813,2.9078,0.4486
benign_12,0,1789029152.7445374,3,6.4813,2.9078,0.4486
benign_12,0,1789029152.9645374,3,6.4813,2.9078,0.4486
benign_12,0,1789029153.1845374,3,6.4813,2.9078,0.4486
benign_12,0,1789029153.4045374,3,6.4813,2.9078,0.4486
benign_12,0,1789029153.6245375,3,6.4813,2.9078,0.4486
benign_12,0,1789029153.8445375,3,6.4813,2.9078,0.4486
benign_12,0,1789029154.0645375,3,6.4813,2.9078,0.4486
benign_12,0,1789029154.2845376,3,6.4813,2.9078,0.4486
benign_12,0,1789029154.5045376,3,6.4813,2.9078,0.4486
benign_12,0,1789029154.7245376,3,6.4813,2.9078,0.4486
benign_12,0,1789029154.9445376,3,6.4813,2.9078,0.4486
benign_12,0,1789029155.1645377,3,6.4813,2.9078,0.4486
benign_12,0,1789029155.3845377,3,6.4813,2.9078,0.4486
benign_12,0,1789029155.6045377,3,6.4813,2.9078,0.4486
benign_12,0,1789029155.8245378,3,6.4813,2.9078,0.4486
benign_12,0,1789029156.0445378,3,6.4813,2.9078,0.4486
benign_12,0,1789029156.2645378,3,6.4813,2.9078,0.4486
benign_12,0,1789029156.4845378,3,6.4813,2.9078,0.4486
benign_12,0,1789029156.7045379,3,6.4813,2.9078,0.4486
benign_12,0,1789029156.924538,3,6.4813,2.9078,0.4486
benign_12,0,1789029157.144538,3,6.4813,2.9078,0.4486
benign_12,0,1789029157.364538,3,6.4813,2.9078,0.4486
benign_12,0,1789029157.584538,3,6.4813,2.9078,0.4486
benign_12,0,1789029157.804538,3,6.4813,2.9078,0.4486
benign_12,0,1789029158.024538,3,6.4813,2.9078,0.4486
benign_12,0,1789029158.244538,3,6.4813,2.9078,0.4486
benign_12,0,1789029158.464538,3,6.4813,2.9078,0.4486
benign_12,0,1789029158.6845381,3,6.4813,2.9078,0.4486
benign_12,0,1789029158.9045382,3,6.4813,2.9078,0.4486
benign_12,0,1789029159.1245382,3,6.4813,2.9078,0.4486
benign_12,0,1789029159.3445382,3,6.4813,2.9078,0.4486
benign_12,0,1789029159.5645382,3,6.4813,2.9078,0.4486
benign_12,0,1789029159.7845383,3,6.4813,2.9078,0.4486
benign_12,0,1789029160.0045383,3,6.4813,2.9078,0.4486
benign_12,0,1789029160.2245383,3,6.4813,2.9078,0.4486
benign_12,0,1789029160.4445384,3,6.4813,2.9078,0.4486
benign_12,0,1789029160.6645384,3,6.4813,2.9078,0.4486
benign_12,0,1789029160.8845384,3,6.4813,2.9078,0.4486
benign_12,0,1789029161.1045384,3,6.4813,2.9078,0.4486
benign_12,0,1789029161.3245385,3,6.4813,2.9078,0.4486
benign_12,0,1789029161.5445385,3,6.4813,2.9078,0.4486
c2_12,1,1789029177.5867045,3,5.1289,0.5631,0.1098
c2_12,1,1789029177.8067045,3,5.1289,0.5631,0.1098
c2_12,1,1789029178.0267045,3,5.1289,0.5631,0.1098
c2_12,1,1789029178.2467046,3,5.1289,0.5631,0.1098
c2_12,1,1789029178.4667046,3,5.1289,0.5631,0.1098
c2_12,1,1789029178.6867046,3,5.1289,0.5631,0.1098
c2_12,1,1789029178.9067047,3,5.1289,0.5631,0.1098
c2_12,1,1789029179.1267047,3,5.1289,0.5631,0.1098
c2_12,1,1789029179.3467047,3,5.1289,0.5631,0.1098
c2_12,1,1789029179.5667048,3,5.1289,0.5631,0.1098
c2_12,1,1789029179.7867048,3,5.1289,0.5631,0.1098
c2_12,1,1789029180.0067048,3,5.1289,0.5631,0.1098
c2_12,1,1789029180.2267048,3,5.1289,0.5631,0.1098
c2_12,1,1789029180.4467049,3,5.1289,0.5631,0.1098
c2_12,1,1789029180.666705,3,5.1289,0.5631,0.1098
c2_12,1,1789029180.886705,3,5.1289,0.5631,0.1098
c2_12,1,1789029181.106705,3,5.1289,0.5631,0.1098
c2_12,1,1789029181.326705,3,5.1289,0.5631,0.1098
c2_12,1,1789029181.546705,3,5.1289,0.5631,0.1098
c2_12,1,1789029181.766705,3,5.1289,0.5631,0.1098
c2_12,1,1789029181.986705,3,5.1289,0.5631,0.1098
c2_12,1,1789029182.206705,3,5.1289,0.5631,0.1098
c2_12,1,1789029182.4267051,4,5.0774,0.4655,0.0917
c2_12,1,1789029182.6467052,4,5.0774,0.4655,0.0917
c2_12,1,1789029182.8667052,4,5.0774,0.4655,0.0917
c2_12,1,1789029183.0867052,4,5.0774,0.4655,0.0917
c2_12,1,1789029183.3067052,4,5.0774,0.4655,0.0917
c2_12,1,1789029183.5267053,4,5.0774,0.4655,0.0917
c2_12,1,1789029183.7467053,4,5.0774,0.4655,0.0917
c2_12,1,1789029183.9667053,4,5.0774,0.4655,0.0917
c2_12,1,1789029184.1867054,4,5.0774,0.4655,0.0917
c2_12,1,1789029184.4067054,4,5.0774,0.4655,0.0917
c2_12,1,1789029184.6267054,4,5.0774,0.4655,0.0917
c2_12,1,1789029184.8467054,4,5.0774,0.4655,0.0917
c2_12,1,1789029185.0667055,4,5.0774,0.4655,0.0917
c2_12,1,1789029185.2867055,4,5.0774,0.4655,0.0917
c2_12,1,1789029185.5067055,4,5.0774,0.4655,0.0917
c2_12,1,1789029185.7267056,4,5.0774,0.4655,0.0917
c2_12,1,1789029185.9467056,4,5.0774,0.4655,0.0917
c2_12,1,1789029186.1667056,4,5.0774,0.4655,0.0917
c2_12,1,1789029186.3867056,4,5.0774,0.4655,0.0917
c2_12,1,1789029186.6067057,5,4.8666,0.5439,0.1118
c2_12,1,1789029186.8267057,5,4.8666,0.5439,0.1118
c2_12,1,1789029187.0467057,5,4.8666,0.5439,0.1118
c2_12,1,1789029187.2667058,5,4.8666,0.5439,0.1118
c2_12,1,1789029187.4867058,5,4.8666,0.5439,0.1118
c2_12,1,1789029187.7067058,5,4.8666,0.5439,0.1118
c2_12,1,1789029187.9267058,5,4.8666,0.5439,0.1118
c2_12,1,1789029188.1467059,5,4.8666,0.5439,0.1118
c2_12,1,1789029188.366706,5,4.8666,0.5439,0.1118
c2_12,1,1789029188.586706,5,4.8666,0.5439,0.1118
c2_12,1,1789029188.806706,5,4.8666,0.5439,0.1118
c2_12,1,1789029189.026706,5,4.8666,0.5439,0.1118
c2_12,1,1789029189.246706,5,4.8666,0.5439,0.1118
c2_12,1,1789029189.466706,5,4.8666,0.5439,0.1118
c2_12,1,1789029189.686706,5,4.8666,0.5439,0.1118
c2_12,1,1789029189.906706,5,4.8666,0.5439,0.1118
c2_12,1,1789029190.1267061,5,4.8666,0.5439,0.1118
c2_12,1,1789029190.3467062,5,4.8666,0.5439,0.1118
c2_12,1,1789029190.5667062,5,4.8666,0.5439,0.1118
c2_12,1,1789029190.7867062,5,4.8666,0.5439,0.1118
c2_12,1,1789029191.0067062,5,4.8666,0.5439,0.1118
c2_12,1,1789029191.2267063,5,4.8666,0.5439,0.1118
c2_12,1,1789029191.4467063,6,4.8462,0.4882,0.1007
c2_12,1,1789029191.6667063,6,4.8462,0.4882,0.1007
c2_12,1,1789029191.8867064,6,4.8462,0.4882,0.1007
c2_12,1,1789029192.1067064,6,4.8462,0.4882,0.1007
c2_12,1,1789029192.3267064,6,4.8462,0.4882,0.1007
c2_12,1,1789029192.5467064,6,4.8462,0.4882,0.1007
c2_12,1,1789029192.7667065,6,4.8462,0.4882,0.1007
c2_12,1,1789029192.9867065,6,4.8462,0.4882,0.1007
c2_12,1,1789029193.2067065,6,4.8462,0.4882,0.1007
c2_12,1,1789029193.4267066,6,4.8462,0.4882,0.1007
c2_12,1,1789029193.6467066,6,4.8462,0.4882,0.1007
c2_12,1,1789029193.8667066,6,4.8462,0.4882,0.1007
c2_12,1,1789029194.0867066,6,4.8462,0.4882,0.1007
c2_12,1,1789029194.3067067,6,4.8462,0.4882,0.1007
c2_12,1,1789029194.5267067,6,4.8462,0.4882,0.1007
c2_12,1,1789029194.7467067,6,4.8462,0.4882,0.1007
c2_12,1,1789029194.9667068,6,4.8462,0.4882,0.1007
c2_12,1,1789029195.1867068,6,4.8462,0.4882,0.1007
c2_12,1,1789029195.4067068,6,4.8462,0.4882,0.1007
c2_12,1,1789029195.6267068,6,4.8462,0.4882,0.1007
c2_12,1,1789029195.8467069,7,4.7778,0.4711,0.0986
c2_12,1,1789029196.066707,7,4.7778,0.4711,0.0986
c2_12,1,1789029196.286707,7,4.7778,0.4711,0.0986
c2_12,1,1789029196.506707,7,4.7778,0.4711,0.0986
c2_12,1,1789029196.726707,7,4.7778,0.4711,0.0986
c2_12,1,1789029196.946707,7,4.7778,0.4711,0.0986
c2_12,1,1789029197.166707,7,4.7778,0.4711,0.0986
c2_12,1,1789029197.386707,7,4.7778,0.4711,0.0986
c2_12,1,1789029197.606707,7,4.7778,0.4711,0.0986
c2_12,1,1789029197.8267071,7,4.7778,0.4711,0.0986
c2_12,1,1789029198.0467072,7,4.7778,0.4711,0.0986
c2_12,1,1789029198.2667072,7,4.7778,0.4711,0.0986
c2_12,1,1789029198.4867072,7,4.7778,0.4711,0.0986
c2_12,1,1789029198.7067072,7,4.7778,0.4711,0.0986
c2_12,1,1789029198.9267073,7,4.7778,0.4711,0.0986
c2_12,1,1789029199.1467073,7,4.7778,0.4711,0.0986
c2_12,1,1789029199.3667073,7,4.7778,0.4711,0.0986
c2_12,1,1789029199.5867074,7,4.7778,0.4711,0.0986
c2_12,1,1789029199.8067074,7,4.7778,0.4711,0.0986
c2_12,1,1789029200.0267074,7,4.7778,0.4711,0.0986
c2_12,1,1789029200.2467074,7,4.7778,0.4711,0.0986
c2_12,1,1789029200.4667075,7,4.7778,0.4711,0.0986
c2_12,1,1789029200.6867075,7,4.7778,0.4711,0.0986
c2_12,1,1789029200.9067075,8,4.7967,0.4386,0.0914
c2_12,1,1789029201.1267076,8,4.7967,0.4386,0.0914
c2_12,1,1789029201.3467076,8,4.7967,0.4386,0.0914
c2_12,1,1789029201.5667076,8,4.7967,0.4386,0.0914
c2_12,1,1789029201.7867076,8,4.7967,0.4386,0.0914
c2_12,1,1789029202.0067077,8,4.7967,0.4386,0.0914
c2_12,1,1789029202.2267077,8,4.7967,0.4386,0.0914
c2_12,1,1789029202.4467077,8,4.7967,0.4386,0.0914
c2_12,1,1789029202.6667078,8,4.7967,0.4386,0.0914
c2_12,1,1789029202.8867078,8,4.7967,0.4386,0.0914
c2_12,1,1789029203.1067078,8,4.7967,0.4386,0.0914
c2_12,1,1789029203.3267078,8,4.7967,0.4386,0.0914
c2_12,1,1789029203.5467079,8,4.7967,0.4386,0.0914
c2_12,1,1789029203.766708,8,4.7967,0.4386,0.0914
c2_12,1,1789029203.986708,8,4.7967,0.4386,0.0914
c2_12,1,1789029204.206708,8,4.7967,0.4386,0.0914
c2_12,1,1789029204.426708,8,4.7967,0.4386,0.0914
c2_12,1,1789029204.646708,8,4.7967,0.4386,0.0914
c2_12,1,1789029204.866708,8,4.7967,0.4386,0.0914
c2_12,1,1789029205.086708,8,4.7967,0.4386,0.0914
c2_12,1,1789029205.306708,8,4.7967,0.4386,0.0914
c2_12,1,1789029205.5267081,9,4.7896,0.4107,0.0857
c2_12,1,1789029205.7467082,9,4.7896,0.4107,0.0857
c2_12,1,1789029205.9667082,9,4.7896,0.4107,0.0857
c2_12,1,1789029206.1867082,9,4.7896,0.4107,0.0857
c2_12,1,1789029206.4067082,9,4.7896,0.4107,0.0857
c2_12,1,1789029206.6267083,9,4.7896,0.4107,0.0857
c2_12,1,1789029206.8467083,9,4.7896,0.4107,0.0857
c2_12,1,1789029207.0667083,9,4.7896,0.4107,0.0857
c2_12,1,1789029207.2867084,9,4.7896,0.4107,0.0857
c2_12,1,1789029207.5067084,9,4.7896,0.4107,0.0857
c2_12,1,1789029207.7267084,9,4.7896,0.4107,0.0857
c2_12,1,1789029207.9467084,9,4.7896,0.4107,0.0857
c2_12,1,1789029208.1667085,9,4.7896,0.4107,0.0857
c2_12,1,1789029208.3867085,9,4.7896,0.4107,0.0857
c2_12,1,1789029208.6067085,9,4.7896,0.4107,0.0857
c2_12,1,1789029208.8267086,9,4.7896,0.4107,0.0857
c2_12,1,1789029209.0467086,9,4.7896,0.4107,0.0857
c2_12,1,1789029209.2667086,9,4.7896,0.4107,0.0857
c2_12,1,1789029209.4867086,9,4.7896,0.4107,0.0857
c2_12,1,1789029209.7067087,9,4.7896,0.4107,0.0857
c2_12,1,1789029209.9267087,10,4.7478,0.4048,0.0853
c2_12,1,1789029210.1467087,10,4.7478,0.4048,0.0853
c2_12,1,1789029210.3667088,10,4.7478,0.4048,0.0853
c2_12,1,1789029210.5867088,10,4.7478,0.4048,0.0853
c2_12,1,1789029210.8067088,10,4.7478,0.4048,0.0853
c2_12,1,1789029211.0267088,10,4.7478,0.4048,0.0853
c2_12,1,1789029211.2467089,10,4.7478,0.4048,0.0853
c2_12,1,1789029211.466709,10,4.7478,0.4048,0.0853
c2_12,1,1789029211.686709,10,4.7478,0.4048,0.0853
c2_12,1,1789029211.906709,10,4.7478,0.4048,0.0853
c2_12,1,1789029212.126709,10,4.7478,0.4048,0.0853
c2_12,1,1789029212.346709,10,4.7478,0.4048,0.0853
c2_12,1,1789029212.566709,10,4.7478,0.4048,0.0853
c2_12,1,1789029212.786709,10,4.7478,0.4048,0.0853
c2_12,1,1789029213.006709,10,4.7478,0.4048,0.0853
c2_12,1,1789029213.2267091,10,4.7478,0.4048,0.0853
c2_12,1,1789029213.4467092,10,4.7478,0.4048,0.0853
c2_12,1,1789029213.6667092,10,4.7478,0.4048,0.0853
c2_12,1,1789029213.8867092,10,4.7478,0.4048,0.0853
c2_12,1,1789029214.1067092,10,4.7478,0.4048,0.0853
c2_12,1,1789029214.3267093,10,4.7478,0.4048,0.0853
c2_12,1,1789029214.5467093,10,4.7478,0.4048,0.0853
c2_12,1,1789029214.7667093,11,4.7459,0.3841,0.0809
c2_12,1,1789029214.9867094,11,4.7459,0.3841,0.0809
c2_12,1,1789029215.2067094,11,4.7459,0.3841,0.0809
c2_12,1,1789029215.4267094,11,4.7459,0.3841,0.0809
c2_12,1,1789029215.6467094,11,4.7459,0.3841,0.0809
c2_12,1,1789029215.8667095,11,4.7459,0.3841,0.0809
c2_12,1,1789029216.0867095,11,4.7459,0.3841,0.0809
c2_12,1,1789029216.3067095,11,4.7459,0.3841,0.0809
c2_12,1,1789029216.5267096,11,4.7459,0.3841,0.0809
c2_12,1,1789029216.7467096,11,4.7459,0.3841,0.0809
c2_12,1,1789029216.9667096,11,4.7459,0.3841,0.0809
c2_12,1,1789029217.1867096,11,4.7459,0.3841,0.0809
c2_12,1,1789029217.4067097,11,4.7459,0.3841,0.0809
c2_12,1,1789029217.6267097,11,4.7459,0.3841,0.0809
c2_12,1,1789029217.8467097,11,4.7459,0.3841,0.0809
c2_12,1,1789029218.0667098,11,4.7459,0.3841,0.0809
c2_12,1,1789029218.2867098,11,4.7459,0.3841,0.0809
c2_12,1,1789029218.5067098,11,4.7459,0.3841,0.0809
c2_12,1,1789029218.7267098,11,4.7459,0.3841,0.0809
c2_12,1,1789029218.9467099,11,4.7459,0.3841,0.0809
c2_12,1,1789029219.16671,12,4.7283,0.3704,0.0783
c2_12,1,1789029219.38671,12,4.7283,0.3704,0.0783
c2_12,1,1789029219.60671,12,4.7283,0.3704,0.0783
c2_12,1,1789029219.82671,12,4.7283,0.3704,0.0783
c2_12,1,1789029220.04671,12,4.7283,0.3704,0.0783
c2_12,1,1789029220.26671,12,4.7283,0.3704,0.0783
c2_12,1,1789029220.48671,12,4.7283,0.3704,0.0783
c2_12,1,1789029220.70671,12,4.7283,0.3704,0.0783
c2_12,1,1789029220.9267101,12,4.7283,0.3704,0.0783
c2_12,1,1789029221.1467102,12,4.7283,0.3704,0.0783
c2_12,1,1789029221.3667102,12,4.7283,0.3704,0.0783
c2_12,1,1789029221.5867102,12,4.7283,0.3704,0.0783
c2_12,1,1789029221.8067102,12,4.7283,0.3704,0.0783
c2_12,1,1789029222.0267103,12,4.7283,0.3704,0.0783
c2_12,1,1789029222.2467103,12,4.7283,0.3704,0.0783
c2_12,1,1789029222.4667103,12,4.7283,0.3704,0.0783
c2_12,1,1789029222.6867104,12,4.7283,0.3704,0.0783
c2_12,1,1789029222.9067104,12,4.7283,0.3704,0.0783
c2_12,1,1789029223.1267104,12,4.7283,0.3704,0.0783
c2_12,1,1789029223.3467104,12,4.7283,0.3704,0.0783
c2_12,1,1789029223.5667105,12,4.7283,0.3704,0.0783
c2_12,1,1789029223.7867105,13,4.7207,0.3555,0.0753
c2_12,1,1789029224.0067105,13,4.7207,0.3555,0.0753
c2_12,1,1789029224.2267106,13,4.7207,0.3555,0.0753
c2_12,1,1789029224.4467106,13,4.7207,0.3555,0.0753
c2_12,1,1789029224.6667106,13,4.7207,0.3555,0.0753
c2_12,1,1789029224.8867106,13,4.7207,0.3555,0.0753
c2_12,1,1789029225.1067107,13,4.7207,0.3555,0.0753
c2_12,1,1789029225.3267107,13,4.7207,0.3555,0.0753
c2_12,1,1789029225.5467107,13,4.7207,0.3555,0.0753
c2_12,1,1789029225.7667108,13,4.7207,0.3555,0.0753
c2_12,1,1789029225.9867108,13,4.7207,0.3555,0.0753
c2_12,1,1789029226.2067108,13,4.7207,0.3555,0.0753
c2_12,1,1789029226.4267108,13,4.7207,0.3555,0.0753
c2_12,1,1789029226.6467109,13,4.7207,0.3555,0.0753
c2_12,1,1789029226.866711,13,4.7207,0.3555,0.0753
c2_12,1,1789029227.086711,13,4.7207,0.3555,0.0753
c2_12,1,1789029227.306711,13,4.7207,0.3555,0.0753
c2_12,1,1789029227.526711,13,4.7207,0.3555,0.0753
benign_13,0,1789029235.4448214,3,1.967,1.7558,0.8927
benign_13,0,1789029235.6648214,3,1.967,1.7558,0.8927
benign_13,0,1789029235.8848214,3,1.967,1.7558,0.8927
benign_13,0,1789029236.1048214,3,1.967,1.7558,0.8927
benign_13,0,1789029236.3248215,3,1.967,1.7558,0.8927
benign_13,0,1789029236.5448215,3,1.967,1.7558,0.8927
benign_13,0,1789029236.7648215,3,1.967,1.7558,0.8927
benign_13,0,1789029236.9848216,3,1.967,1.7558,0.8927
benign_13,0,1789029237.2048216,3,1.967,1.7558,0.8927
benign_13,0,1789029237.4248216,3,1.967,1.7558,0.8927
benign_13,0,1789029237.6448216,3,1.967,1.7558,0.8927
benign_13,0,1789029237.8648217,3,1.967,1.7558,0.8927
benign_13,0,1789029238.0848217,3,1.967,1.7558,0.8927
benign_13,0,1789029238.3048217,3,1.967,1.7558,0.8927
benign_13,0,1789029238.5248218,3,1.967,1.7558,0.8927
benign_13,0,1789029238.7448218,3,1.967,1.7558,0.8927
benign_13,0,1789029238.9648218,4,2.45,1.588,0.6482
benign_13,0,1789029239.1848218,4,2.45,1.588,0.6482
benign_13,0,1789029239.4048219,4,2.45,1.588,0.6482
benign_13,0,1789029239.624822,4,2.45,1.588,0.6482
benign_13,0,1789029239.844822,4,2.45,1.588,0.6482
benign_13,0,1789029240.064822,4,2.45,1.588,0.6482
benign_13,0,1789029240.284822,4,2.45,1.588,0.6482
benign_13,0,1789029240.504822,4,2.45,1.588,0.6482
benign_13,0,1789029240.724822,4,2.45,1.588,0.6482
benign_13,0,1789029240.944822,4,2.45,1.588,0.6482
benign_13,0,1789029241.164822,4,2.45,1.588,0.6482
benign_13,0,1789029241.3848221,5,2.4873,1.3768,0.5535
benign_13,0,1789029241.6048222,5,2.4873,1.3768,0.5535
benign_13,0,1789029241.8248222,5,2.4873,1.3768,0.5535
benign_13,0,1789029242.0448222,5,2.4873,1.3768,0.5535
benign_13,0,1789029242.2648222,5,2.4873,1.3768,0.5535
benign_13,0,1789029242.4848223,5,2.4873,1.3768,0.5535
benign_13,0,1789029242.7048223,5,2.4873,1.3768,0.5535
benign_13,0,1789029242.9248223,5,2.4873,1.3768,0.5535
benign_13,0,1789029243.1448224,5,2.4873,1.3768,0.5535
benign_13,0,1789029243.3648224,5,2.4873,1.3768,0.5535
benign_13,0,1789029243.5848224,5,2.4873,1.3768,0.5535
benign_13,0,1789029243.8048224,5,2.4873,1.3768,0.5535
benign_13,0,1789029244.0248225,5,2.4873,1.3768,0.5535
benign_13,0,1789029244.2448225,5,2.4873,1.3768,0.5535
benign_13,0,1789029244.4648225,5,2.4873,1.3768,0.5535
benign_13,0,1789029244.6848226,5,2.4873,1.3768,0.5535
benign_13,0,1789029244.9048226,5,2.4873,1.3768,0.5535
benign_13,0,1789029245.1248226,5,2.4873,1.3768,0.5535
benign_13,0,1789029245.3448226,5,2.4873,1.3768,0.5535
benign_13,0,1789029245.5648227,5,2.4873,1.3768,0.5535
benign_13,0,1789029245.7848227,5,2.4873,1.3768,0.5535
benign_13,0,1789029246.0048227,5,2.4873,1.3768,0.5535
benign_13,0,1789029246.2248228,5,2.4873,1.3768,0.5535
benign_13,0,1789029246.4448228,5,2.4873,1.3768,0.5535
benign_13,0,1789029246.6648228,5,2.4873,1.3768,0.5535
benign_13,0,1789029246.8848228,6,3.072,1.6983,0.5528
benign_13,0,1789029247.1048229,6,3.072,1.6983,0.5528
benign_13,0,1789029247.324823,6,3.072,1.6983,0.5528
benign_13,0,1789029247.544823,6,3.072,1.6983,0.5528
benign_13,0,1789029247.764823,6,3.072,1.6983,0.5528
benign_13,0,1789029247.984823,6,3.072,1.6983,0.5528
benign_13,0,1789029248.204823,6,3.072,1.6983,0.5528
benign_13,0,1789029248.424823,6,3.072,1.6983,0.5528
benign_13,0,1789029248.644823,6,3.072,1.6983,0.5528
benign_13,0,1789029248.864823,6,3.072,1.6983,0.5528
benign_13,0,1789029249.0848231,6,3.072,1.6983,0.5528
benign_13,0,1789029249.3048232,6,3.072,1.6983,0.5528
benign_13,0,1789029249.5248232,6,3.072,1.6983,0.5528
benign_13,0,1789029249.7448232,6,3.072,1.6983,0.5528
benign_13,0,1789029249.9648232,6,3.072,1.6983,0.5528
benign_13,0,1789029250.1848233,6,3.072,1.6983,0.5528
benign_13,0,1789029250.4048233,6,3.072,1.6983,0.5528
benign_13,0,1789029250.6248233,6,3.072,1.6983,0.5528
benign_13,0,1789029250.8448234,6,3.072,1.6983,0.5528
benign_13,0,1789029251.0648234,6,3.072,1.6983,0.5528
benign_13,0,1789029251.2848234,6,3.072,1.6983,0.5528
benign_13,0,1789029251.5048234,6,3.072,1.6983,0.5528
benign_13,0,1789029251.7248235,6,3.072,1.6983,0.5528
benign_13,0,1789029251.9448235,6,3.072,1.6983,0.5528
benign_13,0,1789029252.1648235,6,3.072,1.6983,0.5528
benign_13,0,1789029252.3848236,6,3.072,1.6983,0.5528
benign_13,0,1789029252.6048236,6,3.072,1.6983,0.5528
benign_13,0,1789029252.8248236,6,3.072,1.6983,0.5528
benign_13,0,1789029253.0448236,6,3.072,1.6983,0.5528
benign_13,0,1789029253.2648237,6,3.072,1.6983,0.5528
benign_13,0,1789029253.4848237,6,3.072,1.6983,0.5528
benign_13,0,1789029253.7048237,6,3.072,1.6983,0.5528
c2_13,1,1789029266.7382803,3,3.8833,0.2771,0.0713
c2_13,1,1789029266.9582803,3,3.8833,0.2771,0.0713
c2_13,1,1789029267.1782804,3,3.8833,0.2771,0.0713
c2_13,1,1789029267.3982804,3,3.8833,0.2771,0.0713
c2_13,1,1789029267.6182804,3,3.8833,0.2771,0.0713
c2_13,1,1789029267.8382804,3,3.8833,0.2771,0.0713
c2_13,1,1789029268.0582805,3,3.8833,0.2771,0.0713
c2_13,1,1789029268.2782805,3,3.8833,0.2771,0.0713
c2_13,1,1789029268.4982805,3,3.8833,0.2771,0.0713
c2_13,1,1789029268.7182806,3,3.8833,0.2771,0.0713
c2_13,1,1789029268.9382806,3,3.8833,0.2771,0.0713
c2_13,1,1789029269.1582806,3,3.8833,0.2771,0.0713
c2_13,1,1789029269.3782806,3,3.8833,0.2771,0.0713
c2_13,1,1789029269.5982807,3,3.8833,0.2771,0.0713
c2_13,1,1789029269.8182807,3,3.8833,0.2771,0.0713
c2_13,1,1789029270.0382807,3,3.8833,0.2771,0.0713
c2_13,1,1789029270.2582808,3,3.8833,0.2771,0.0713
c2_13,1,1789029270.4782808,3,3.8833,0.2771,0.0713
c2_13,1,1789029270.6982808,3,3.8833,0.2771,0.0713
c2_13,1,1789029270.9182808,3,3.8833,0.2771,0.0713
c2_13,1,1789029271.1382809,3,3.8833,0.2771,0.0713
c2_13,1,1789029271.358281,4,4.1189,0.4028,0.0978
c2_13,1,1789029271.578281,4,4.1189,0.4028,0.0978
c2_13,1,1789029271.798281,4,4.1189,0.4028,0.0978
c2_13,1,1789029272.018281,4,4.1189,0.4028,0.0978
c2_13,1,1789029272.238281,4,4.1189,0.4028,0.0978
c2_13,1,1789029272.458281,4,4.1189,0.4028,0.0978
c2_13,1,1789029272.678281,4,4.1189,0.4028,0.0978
c2_13,1,1789029272.898281,4,4.1189,0.4028,0.0978
c2_13,1,1789029273.1182811,4,4.1189,0.4028,0.0978
c2_13,1,1789029273.3382812,4,4.1189,0.4028,0.0978
c2_13,1,1789029273.5582812,4,4.1189,0.4028,0.0978
c2_13,1,1789029273.7782812,4,4.1189,0.4028,0.0978
c2_13,1,1789029273.9982812,4,4.1189,0.4028,0.0978
c2_13,1,1789029274.2182813,4,4.1189,0.4028,0.0978
c2_13,1,1789029274.4382813,4,4.1189,0.4028,0.0978
c2_13,1,1789029274.6582813,4,4.1189,0.4028,0.0978
c2_13,1,1789029274.8782814,4,4.1189,0.4028,0.0978
c2_13,1,1789029275.0982814,4,4.1189,0.4028,0.0978
c2_13,1,1789029275.3182814,4,4.1189,0.4028,0.0978
c2_13,1,1789029275.5382814,5,4.1336,0.3497,0.0846
c2_13,1,1789029275.7582815,5,4.1336,0.3497,0.0846
c2_13,1,1789029275.9782815,5,4.1336,0.3497,0.0846
c2_13,1,1789029276.1982815,5,4.1336,0.3497,0.0846
c2_13,1,1789029276.4182816,5,4.1336,0.3497,0.0846
c2_13,1,1789029276.6382816,5,4.1336,0.3497,0.0846
c2_13,1,1789029276.8582816,5,4.1336,0.3497,0.0846
c2_13,1,1789029277.0782816,5,4.1336,0.3497,0.0846
c2_13,1,1789029277.2982817,5,4.1336,0.3497,0.0846
c2_13,1,1789029277.5182817,5,4.1336,0.3497,0.0846
c2_13,1,1789029277.7382817,5,4.1336,0.3497,0.0846
c2_13,1,1789029277.9582818,5,4.1336,0.3497,0.0846
c2_13,1,1789029278.1782818,5,4.1336,0.3497,0.0846
c2_13,1,1789029278.3982818,5,4.1336,0.3497,0.0846
c2_13,1,1789029278.6182818,5,4.1336,0.3497,0.0846
c2_13,1,1789029278.8382819,5,4.1336,0.3497,0.0846
c2_13,1,1789029279.058282,5,4.1336,0.3497,0.0846
c2_13,1,1789029279.278282,5,4.1336,0.3497,0.0846
c2_13,1,1789029279.498282,6,4.081,0.33,0.0809
c2_13,1,1789029279.718282,6,4.081,0.33,0.0809
c2_13,1,1789029279.938282,6,4.081,0.33,0.0809
c2_13,1,1789029280.158282,6,4.081,0.33,0.0809
c2_13,1,1789029280.378282,6,4.081,0.33,0.0809
c2_13,1,1789029280.598282,6,4.081,0.33,0.0809
c2_13,1,1789029280.8182821,6,4.081,0.33,0.0809
c2_13,1,1789029281.0382822,6,4.081,0.33,0.0809
c2_13,1,1789029281.2582822,6,4.081,0.33,0.0809
c2_13,1,1789029281.4782822,6,4.081,0.33,0.0809
c2_13,1,1789029281.6982822,6,4.081,0.33,0.0809
c2_13,1,1789029281.9182823,6,4.081,0.33,0.0809
c2_13,1,1789029282.1382823,6,4.081,0.33,0.0809
c2_13,1,1789029282.3582823,6,4.081,0.33,0.0809
c2_13,1,1789029282.5782824,6,4.081,0.33,0.0809
c2_13,1,1789029282.7982824,6,4.081,0.33,0.0809
c2_13,1,1789029283.0182824,6,4.081,0.33,0.0809
c2_13,1,1789029283.2382824,6,4.081,0.33,0.0809
c2_13,1,1789029283.4582825,7,4.0666,0.303,0.0745
c2_13,1,1789029283.6782825,7,4.0666,0.303,0.0745
c2_13,1,1789029283.8982825,7,4.0666,0.303,0.0745
c2_13,1,1789029284.1182826,7,4.0666,0.303,0.0745
c2_13,1,1789029284.3382826,7,4.0666,0.303,0.0745
c2_13,1,1789029284.5582826,7,4.0666,0.303,0.0745
c2_13,1,1789029284.7782826,7,4.0666,0.303,0.0745
c2_13,1,1789029284.9982827,7,4.0666,0.303,0.0745
c2_13,1,1789029285.2182827,7,4.0666,0.303,0.0745
c2_13,1,1789029285.4382827,7,4.0666,0.303,0.0745
c2_13,1,1789029285.6582828,7,4.0666,0.303,0.0745
c2_13,1,1789029285.8782828,7,4.0666,0.303,0.0745
c2_13,1,1789029286.0982828,7,4.0666,0.303,0.0745
c2_13,1,1789029286.3182828,7,4.0666,0.303,0.0745
c2_13,1,1789029286.5382829,7,4.0666,0.303,0.0745
c2_13,1,1789029286.758283,7,4.0666,0.303,0.0745
c2_13,1,1789029286.978283,8,4.0109,0.3118,0.0777
c2_13,1,1789029287.198283,8,4.0109,0.3118,0.0777
c2_13,1,1789029287.418283,8,4.0109,0.3118,0.0777
c2_13,1,1789029287.638283,8,4.0109,0.3118,0.0777
c2_13,1,1789029287.858283,8,4.0109,0.3118,0.0777
c2_13,1,1789029288.078283,8,4.0109,0.3118,0.0777
c2_13,1,1789029288.298283,8,4.0109,0.3118,0.0777
c2_13,1,1789029288.5182831,8,4.0109,0.3118,0.0777
c2_13,1,1789029288.7382832,8,4.0109,0.3118,0.0777
c2_13,1,1789029288.9582832,8,4.0109,0.3118,0.0777
c2_13,1,1789029289.1782832,8,4.0109,0.3118,0.0777
c2_13,1,1789029289.3982832,8,4.0109,0.3118,0.0777
c2_13,1,1789029289.6182833,8,4.0109,0.3118,0.0777
c2_13,1,1789029289.8382833,8,4.0109,0.3118,0.0777
c2_13,1,1789029290.0582833,8,4.0109,0.3118,0.0777
c2_13,1,1789029290.2782834,8,4.0109,0.3118,0.0777
c2_13,1,1789029290.4982834,8,4.0109,0.3118,0.0777
c2_13,1,1789029290.7182834,8,4.0109,0.3118,0.0777
c2_13,1,1789029290.9382834,9,3.9818,0.3017,0.0758
c2_13,1,1789029291.1582835,9,3.9818,0.3017,0.0758
c2_13,1,1789029291.3782835,9,3.9818,0.3017,0.0758
c2_13,1,1789029291.5982835,9,3.9818,0.3017,0.0758
c2_13,1,1789029291.8182836,9,3.9818,0.3017,0.0758
c2_13,1,1789029292.0382836,9,3.9818,0.3017,0.0758
c2_13,1,1789029292.2582836,9,3.9818,0.3017,0.0758
c2_13,1,1789029292.4782836,9,3.9818,0.3017,0.0758
c2_13,1,1789029292.6982837,9,3.9818,0.3017,0.0758
c2_13,1,1789029292.9182837,9,3.9818,0.3017,0.0758
c2_13,1,1789029293.1382837,9,3.9818,0.3017,0.0758
c2_13,1,1789029293.3582838,9,3.9818,0.3017,0.0758
c2_13,1,1789029293.5782838,9,3.9818,0.3017,0.0758
c2_13,1,1789029293.7982838,9,3.9818,0.3017,0.0758
c2_13,1,1789029294.0182838,9,3.9818,0.3017,0.0758
c2_13,1,1789029294.2382839,9,3.9818,0.3017,0.0758
c2_13,1,1789029294.458284,9,3.9818,0.3017,0.0758
c2_13,1,1789029294.678284,10,3.976,0.2849,0.0717
c2_13,1,1789029294.898284,10,3.976,0.2849,0.0717
c2_13,1,1789029295.118284,10,3.976,0.2849,0.0717
c2_13,1,1789029295.338284,10,3.976,0.2849,0.0717
c2_13,1,1789029295.558284,10,3.976,0.2849,0.0717
c2_13,1,1789029295.778284,10,3.976,0.2849,0.0717
c2_13,1,1789029295.998284,10,3.976,0.2849,0.0717
c2_13,1,1789029296.2182841,10,3.976,0.2849,0.0717
c2_13,1,1789029296.4382842,10,3.976,0.2849,0.0717
c2_13,1,1789029296.6582842,10,3.976,0.2849,0.0717
c2_13,1,1789029296.8782842,10,3.976,0.2849,0.0717
c2_13,1,1789029297.0982842,10,3.976,0.2849,0.0717
c2_13,1,1789029297.3182843,10,3.976,0.2849,0.0717
c2_13,1,1789029297.5382843,10,3.976,0.2849,0.0717
c2_13,1,1789029297.7582843,10,3.976,0.2849,0.0717
c2_13,1,1789029297.9782844,10,3.976,0.2849,0.0717
c2_13,1,1789029298.1982844,10,3.976,0.2849,0.0717
c2_13,1,1789029298.4182844,10,3.976,0.2849,0.0717
c2_13,1,1789029298.6382844,10,3.976,0.2849,0.0717
c2_13,1,1789029298.8582845,10,3.976,0.2849,0.0717
c2_13,1,1789029299.0782845,11,4.0027,0.2819,0.0704
c2_13,1,1789029299.2982845,11,4.0027,0.2819,0.0704
c2_13,1,1789029299.5182846,11,4.0027,0.2819,0.0704
c2_13,1,1789029299.7382846,11,4.0027,0.2819,0.0704
c2_13,1,1789029299.9582846,11,4.0027,0.2819,0.0704
c2_13,1,1789029300.1782846,11,4.0027,0.2819,0.0704
c2_13,1,1789029300.3982847,11,4.0027,0.2819,0.0704
c2_13,1,1789029300.6182847,11,4.0027,0.2819,0.0704
c2_13,1,1789029300.8382847,11,4.0027,0.2819,0.0704
c2_13,1,1789029301.0582848,11,4.0027,0.2819,0.0704
c2_13,1,1789029301.2782848,11,4.0027,0.2819,0.0704
c2_13,1,1789029301.4982848,11,4.0027,0.2819,0.0704
c2_13,1,1789029301.7182848,11,4.0027,0.2819,0.0704
c2_13,1,1789029301.9382849,11,4.0027,0.2819,0.0704
c2_13,1,1789029302.158285,11,4.0027,0.2819,0.0704
c2_13,1,1789029302.378285,11,4.0027,0.2819,0.0704
c2_13,1,1789029302.598285,11,4.0027,0.2819,0.0704
c2_13,1,1789029302.818285,11,4.0027,0.2819,0.0704
c2_13,1,1789029303.038285,11,4.0027,0.2819,0.0704
c2_13,1,1789029303.258285,11,4.0027,0.2819,0.0704
c2_13,1,1789029303.478285,12,4.0455,0.3011,0.0744
c2_13,1,1789029303.698285,12,4.0455,0.3011,0.0744
c2_13,1,1789029303.9182851,12,4.0455,0.3011,0.0744
c2_13,1,1789029304.1382852,12,4.0455,0.3011,0.0744
c2_13,1,1789029304.3582852,12,4.0455,0.3011,0.0744
c2_13,1,1789029304.5782852,12,4.0455,0.3011,0.0744
c2_13,1,1789029304.7982852,12,4.0455,0.3011,0.0744
c2_13,1,1789029305.0182853,12,4.0455,0.3011,0.0744
c2_13,1,1789029305.2382853,12,4.0455,0.3011,0.0744
c2_13,1,1789029305.4582853,12,4.0455,0.3011,0.0744
c2_13,1,1789029305.6782854,12,4.0455,0.3011,0.0744
c2_13,1,1789029305.8982854,12,4.0455,0.3011,0.0744
c2_13,1,1789029306.1182854,12,4.0455,0.3011,0.0744
c2_13,1,1789029306.3382854,12,4.0455,0.3011,0.0744
c2_13,1,1789029306.5582855,12,4.0455,0.3011,0.0744
c2_13,1,1789029306.7782855,12,4.0455,0.3011,0.0744
c2_13,1,1789029306.9982855,12,4.0455,0.3011,0.0744
c2_13,1,1789029307.2182856,12,4.0455,0.3011,0.0744
c2_13,1,1789029307.4382856,12,4.0455,0.3011,0.0744
c2_13,1,1789029307.6582856,12,4.0455,0.3011,0.0744
c2_13,1,1789029307.8782856,12,4.0455,0.3011,0.0744
c2_13,1,1789029308.0982857,13,4.0984,0.3374,0.0823
c2_13,1,1789029308.3182857,13,4.0984,0.3374,0.0823
c2_13,1,1789029308.5382857,13,4.0984,0.3374,0.0823
c2_13,1,1789029308.7582858,13,4.0984,0.3374,0.0823
c2_13,1,1789029308.9782858,13,4.0984,0.3374,0.0823
c2_13,1,1789029309.1982858,13,4.0984,0.3374,0.0823
c2_13,1,1789029309.4182858,13,4.0984,0.3374,0.0823
c2_13,1,1789029309.6382859,13,4.0984,0.3374,0.0823
c2_13,1,1789029309.858286,13,4.0984,0.3374,0.0823
c2_13,1,1789029310.078286,13,4.0984,0.3374,0.0823
c2_13,1,1789029310.298286,13,4.0984,0.3374,0.0823
c2_13,1,1789029310.518286,13,4.0984,0.3374,0.0823
c2_13,1,1789029310.738286,13,4.0984,0.3374,0.0823
c2_13,1,1789029310.958286,13,4.0984,0.3374,0.0823
c2_13,1,1789029311.178286,13,4.0984,0.3374,0.0823
c2_13,1,1789029311.398286,13,4.0984,0.3374,0.0823
benign_14,0,1789029318.177755,3,2.1282,0.4728,0.2222
benign_14,0,1789029318.3977551,3,2.1282,0.4728,0.2222
benign_14,0,1789029318.6177552,3,2.1282,0.4728,0.2222
benign_14,0,1789029318.8377552,3,2.1282,0.4728,0.2222
benign_14,0,1789029319.0577552,3,2.1282,0.4728,0.2222
benign_14,0,1789029319.2777553,3,2.1282,0.4728,0.2222
benign_14,0,1789029319.4977553,3,2.1282,0.4728,0.2222
benign_14,0,1789029319.7177553,3,2.1282,0.4728,0.2222
benign_14,0,1789029319.9377553,3,2.1282,0.4728,0.2222
benign_14,0,1789029320.1577554,3,2.1282,0.4728,0.2222
benign_14,0,1789029320.3777554,3,2.1282,0.4728,0.2222
benign_14,0,1789029320.5977554,3,2.1282,0.4728,0.2222
benign_14,0,1789029320.8177555,3,2.1282,0.4728,0.2222
benign_14,0,1789029321.0377555,3,2.1282,0.4728,0.2222
benign_14,0,1789029321.2577555,3,2.1282,0.4728,0.2222
benign_14,0,1789029321.4777555,3,2.1282,0.4728,0.2222
benign_14,0,1789029321.6977556,3,2.1282,0.4728,0.2222
benign_14,0,1789029321.9177556,3,2.1282,0.4728,0.2222
benign_14,0,1789029322.1377556,3,2.1282,0.4728,0.2222
benign_14,0,1789029322.3577557,3,2.1282,0.4728,0.2222
benign_14,0,1789029322.5777557,4,2.8647,1.1108,0.3878
benign_14,0,1789029322.7977557,5,2.2139,1.482,0.6694
benign_14,0,1789029323.0177557,5,2.2139,1.482,0.6694
benign_14,0,1789029323.2377558,5,2.2139,1.482,0.6694
benign_14,0,1789029323.4577558,6,1.9232,1.4474,0.7526
benign_14,0,1789029323.6777558,6,1.9232,1.4474,0.7526
benign_14,0,1789029323.8977559,6,1.9232,1.4474,0.7526
benign_14,0,1789029324.117756,7,1.685,1.4246,0.8455
benign_14,0,1789029324.337756,7,1.685,1.4246,0.8455
benign_14,0,1789029324.557756,7,1.685,1.4246,0.8455
benign_14,0,1789029324.777756,7,1.685,1.4246,0.8455
benign_14,0,1789029324.997756,7,1.685,1.4246,0.8455
benign_14,0,1789029325.217756,8,1.6199,1.3286,0.8202
benign_14,0,1789029325.437756,8,1.6199,1.3286,0.8202
benign_14,0,1789029325.657756,8,1.6199,1.3286,0.8202
benign_14,0,1789029325.877756,8,1.6199,1.3286,0.8202
benign_14,0,1789029326.0977561,8,1.6199,1.3286,0.8202
benign_14,0,1789029326.3177562,9,1.557,1.2538,0.8053
benign_14,0,1789029326.5377562,9,1.557,1.2538,0.8053
benign_14,0,1789029326.7577562,9,1.557,1.2538,0.8053
benign_14,0,1789029326.9777563,9,1.557,1.2538,0.8053
benign_14,0,1789029327.1977563,9,1.557,1.2538,0.8053
benign_14,0,1789029327.4177563,9,1.557,1.2538,0.8053
benign_14,0,1789029327.6377563,9,1.557,1.2538,0.8053
benign_14,0,1789029327.8577564,9,1.557,1.2538,0.8053
benign_14,0,1789029328.0777564,9,1.557,1.2538,0.8053
benign_14,0,1789029328.2977564,9,1.557,1.2538,0.8053
benign_14,0,1789029328.5177565,9,1.557,1.2538,0.8053
benign_14,0,1789029328.7377565,9,1.557,1.2538,0.8053
benign_14,0,1789029328.9577565,9,1.557,1.2538,0.8053
benign_14,0,1789029329.1777565,9,1.557,1.2538,0.8053
benign_14,0,1789029329.3977566,9,1.557,1.2538,0.8053
benign_14,0,1789029329.6177566,9,1.557,1.2538,0.8053
benign_14,0,1789029329.8377566,9,1.557,1.2538,0.8053
benign_14,0,1789029330.0577567,9,1.557,1.2538,0.8053
benign_14,0,1789029330.2777567,9,1.557,1.2538,0.8053
benign_14,0,1789029330.4977567,9,1.557,1.2538,0.8053
benign_14,0,1789029330.7177567,9,1.557,1.2538,0.8053
benign_14,0,1789029330.9377568,9,1.557,1.2538,0.8053
benign_14,0,1789029331.1577568,9,1.557,1.2538,0.8053
benign_14,0,1789029331.3777568,9,1.557,1.2538,0.8053
benign_14,0,1789029331.5977569,9,1.557,1.2538,0.8053
benign_14,0,1789029331.817757,9,1.557,1.2538,0.8053
benign_14,0,1789029332.037757,9,1.557,1.2538,0.8053
benign_14,0,1789029332.257757,9,1.557,1.2538,0.8053
benign_14,0,1789029332.477757,9,1.557,1.2538,0.8053
benign_14,0,1789029332.697757,9,1.557,1.2538,0.8053
benign_14,0,1789029332.917757,9,1.557,1.2538,0.8053
benign_14,0,1789029333.137757,9,1.557,1.2538,0.8053
benign_14,0,1789029333.357757,9,1.557,1.2538,0.8053
benign_14,0,1789029333.5777571,9,1.557,1.2538,0.8053
benign_14,0,1789029333.7977571,9,1.557,1.2538,0.8053
benign_14,0,1789029334.0177572,9,1.557,1.2538,0.8053
benign_14,0,1789029334.2377572,9,1.557,1.2538,0.8053
benign_14,0,1789029334.4577572,9,1.557,1.2538,0.8053
benign_14,0,1789029334.6777573,9,1.557,1.2538,0.8053
benign_14,0,1789029334.8977573,9,1.557,1.2538,0.8053
benign_14,0,1789029335.1177573,9,1.557,1.2538,0.8053
benign_14,0,1789029335.3377573,9,1.557,1.2538,0.8053
benign_14,0,1789029335.5577574,9,1.557,1.2538,0.8053
benign_14,0,1789029335.7777574,9,1.557,1.2538,0.8053
benign_14,0,1789029335.9977574,9,1.557,1.2538,0.8053
benign_14,0,1789029336.2177575,9,1.557,1.2538,0.8053
benign_14,0,1789029336.4377575,9,1.557,1.2538,0.8053
benign_14,0,1789029336.6577575,9,1.557,1.2538,0.8053
benign_14,0,1789029336.8777575,9,1.557,1.2538,0.8053
benign_14,0,1789029337.0977576,10,2.5844,3.1373,1.2139
benign_14,0,1789029337.3177576,10,2.5844,3.1373,1.2139
benign_14,0,1789029337.5377576,10,2.5844,3.1373,1.2139
benign_14,0,1789029337.7577577,10,2.5844,3.1373,1.2139
benign_14,0,1789029337.9777577,11,2.3989,3.0278,1.2622
benign_14,0,1789029338.1977577,11,2.3989,3.0278,1.2622
benign_14,0,1789029338.4177577,11,2.3989,3.0278,1.2622
benign_14,0,1789029338.6377578,11,2.3989,3.0278,1.2622
benign_14,0,1789029338.8577578,11,2.3989,3.0278,1.2622
benign_14,0,1789029339.0777578,11,2.3989,3.0278,1.2622
benign_14,0,1789029339.2977579,11,2.3989,3.0278,1.2622
benign_14,0,1789029339.517758,11,2.3989,3.0278,1.2622
benign_14,0,1789029339.737758,11,2.3989,3.0278,1.2622
benign_14,0,1789029339.957758,11,2.3989,3.0278,1.2622
benign_14,0,1789029340.177758,11,2.3989,3.0278,1.2622
benign_14,0,1789029340.397758,11,2.3989,3.0278,1.2622
benign_14,0,1789029340.617758,11,2.3989,3.0278,1.2622
benign_14,0,1789029340.837758,11,2.3989,3.0278,1.2622
benign_14,0,1789029341.057758,11,2.3989,3.0278,1.2622
benign_14,0,1789029341.2777581,11,2.3989,3.0278,1.2622
benign_14,0,1789029341.4977582,11,2.3989,3.0278,1.2622
benign_14,0,1789029341.7177582,11,2.3989,3.0278,1.2622
benign_14,0,1789029341.9377582,11,2.3989,3.0278,1.2622
benign_14,0,1789029342.1577582,11,2.3989,3.0278,1.2622
benign_14,0,1789029342.3777583,11,2.3989,3.0278,1.2622
benign_14,0,1789029342.5977583,11,2.3989,3.0278,1.2622
benign_14,0,1789029342.8177583,11,2.3989,3.0278,1.2622
benign_14,0,1789029343.0377584,11,2.3989,3.0278,1.2622
benign_14,0,1789029343.2577584,11,2.3989,3.0278,1.2622
benign_14,0,1789029343.4777584,11,2.3989,3.0278,1.2622
benign_14,0,1789029343.6977584,11,2.3989,3.0278,1.2622
benign_14,0,1789029343.9177585,11,2.3989,3.0278,1.2622
benign_14,0,1789029344.1377585,11,2.3989,3.0278,1.2622
benign_14,0,1789029344.3577585,11,2.3989,3.0278,1.2622
benign_14,0,1789029344.5777586,11,2.3989,3.0278,1.2622
benign_14,0,1789029344.7977586,11,2.3989,3.0278,1.2622
benign_14,0,1789029345.0177586,11,2.3989,3.0278,1.2622
benign_14,0,1789029345.2377586,11,2.3989,3.0278,1.2622
benign_14,0,1789029345.4577587,11,2.3989,3.0278,1.2622
benign_14,0,1789029345.6777587,11,2.3989,3.0278,1.2622
c2_14,1,1789029357.5736907,3,3.4193,0.0139,0.0041
c2_14,1,1789029357.7936907,3,3.4193,0.0139,0.0041
c2_14,1,1789029358.0136907,3,3.4193,0.0139,0.0041
c2_14,1,1789029358.2336907,3,3.4193,0.0139,0.0041
c2_14,1,1789029358.4536908,3,3.4193,0.0139,0.0041
c2_14,1,1789029358.6736908,3,3.4193,0.0139,0.0041
c2_14,1,1789029358.8936908,3,3.4193,0.0139,0.0041
c2_14,1,1789029359.1136909,3,3.4193,0.0139,0.0041
c2_14,1,1789029359.333691,3,3.4193,0.0139,0.0041
c2_14,1,1789029359.553691,3,3.4193,0.0139,0.0041
c2_14,1,1789029359.773691,3,3.4193,0.0139,0.0041
c2_14,1,1789029359.993691,3,3.4193,0.0139,0.0041
c2_14,1,1789029360.213691,3,3.4193,0.0139,0.0041
c2_14,1,1789029360.433691,3,3.4193,0.0139,0.0041
c2_14,1,1789029360.653691,3,3.4193,0.0139,0.0041
c2_14,1,1789029360.873691,3,3.4193,0.0139,0.0041
c2_14,1,1789029361.093691,4,3.4301,0.019,0.0055
c2_14,1,1789029361.3136911,4,3.4301,0.019,0.0055
c2_14,1,1789029361.5336912,4,3.4301,0.019,0.0055
c2_14,1,1789029361.7536912,4,3.4301,0.019,0.0055
c2_14,1,1789029361.9736912,4,3.4301,0.019,0.0055
c2_14,1,1789029362.1936913,4,3.4301,0.019,0.0055
c2_14,1,1789029362.4136913,4,3.4301,0.019,0.0055
c2_14,1,1789029362.6336913,4,3.4301,0.019,0.0055
c2_14,1,1789029362.8536913,4,3.4301,0.019,0.0055
c2_14,1,1789029363.0736914,4,3.4301,0.019,0.0055
c2_14,1,1789029363.2936914,4,3.4301,0.019,0.0055
c2_14,1,1789029363.5136914,4,3.4301,0.019,0.0055
c2_14,1,1789029363.7336915,4,3.4301,0.019,0.0055
c2_14,1,1789029363.9536915,4,3.4301,0.019,0.0055
c2_14,1,1789029364.1736915,4,3.4301,0.019,0.0055
c2_14,1,1789029364.3936915,4,3.4301,0.019,0.0055
c2_14,1,1789029364.6136916,5,3.4175,0.0273,0.008
c2_14,1,1789029364.8336916,5,3.4175,0.0273,0.008
c2_14,1,1789029365.0536916,5,3.4175,0.0273,0.008
c2_14,1,1789029365.2736917,5,3.4175,0.0273,0.008
c2_14,1,1789029365.4936917,5,3.4175,0.0273,0.008
c2_14,1,1789029365.7136917,5,3.4175,0.0273,0.008
c2_14,1,1789029365.9336917,5,3.4175,0.0273,0.008
c2_14,1,1789029366.1536918,5,3.4175,0.0273,0.008
c2_14,1,1789029366.3736918,5,3.4175,0.0273,0.008
c2_14,1,1789029366.5936918,5,3.4175,0.0273,0.008
c2_14,1,1789029366.8136919,5,3.4175,0.0273,0.008
c2_14,1,1789029367.033692,5,3.4175,0.0273,0.008
c2_14,1,1789029367.253692,5,3.4175,0.0273,0.008
c2_14,1,1789029367.473692,5,3.4175,0.0273,0.008
c2_14,1,1789029367.693692,5,3.4175,0.0273,0.008
c2_14,1,1789029367.913692,5,3.4175,0.0273,0.008
c2_14,1,1789029368.133692,5,3.4175,0.0273,0.008
c2_14,1,1789029368.353692,6,3.4844,0.1361,0.0391
c2_14,1,1789029368.573692,6,3.4844,0.1361,0.0391
c2_14,1,1789029368.793692,6,3.4844,0.1361,0.0391
c2_14,1,1789029369.0136921,6,3.4844,0.1361,0.0391
c2_14,1,1789029369.2336922,6,3.4844,0.1361,0.0391
c2_14,1,1789029369.4536922,6,3.4844,0.1361,0.0391
c2_14,1,1789029369.6736922,6,3.4844,0.1361,0.0391
c2_14,1,1789029369.8936923,6,3.4844,0.1361,0.0391
c2_14,1,1789029370.1136923,6,3.4844,0.1361,0.0391
c2_14,1,1789029370.3336923,6,3.4844,0.1361,0.0391
c2_14,1,1789029370.5536923,6,3.4844,0.1361,0.0391
c2_14,1,1789029370.7736924,6,3.4844,0.1361,0.0391
c2_14,1,1789029370.9936924,6,3.4844,0.1361,0.0391
c2_14,1,1789029371.2136924,6,3.4844,0.1361,0.0391
c2_14,1,1789029371.4336925,6,3.4844,0.1361,0.0391
c2_14,1,1789029371.6536925,6,3.4844,0.1361,0.0391
c2_14,1,1789029371.8736925,7,3.4952,0.1265,0.0362
c2_14,1,1789029372.0936925,7,3.4952,0.1265,0.0362
c2_14,1,1789029372.3136926,7,3.4952,0.1265,0.0362
c2_14,1,1789029372.5336926,7,3.4952,0.1265,0.0362
c2_14,1,1789029372.7536926,7,3.4952,0.1265,0.0362
c2_14,1,1789029372.9736927,7,3.4952,0.1265,0.0362
c2_14,1,1789029373.1936927,7,3.4952,0.1265,0.0362
c2_14,1,1789029373.4136927,7,3.4952,0.1265,0.0362
c2_14,1,1789029373.6336927,7,3.4952,0.1265,0.0362
c2_14,1,1789029373.8536928,7,3.4952,0.1265,0.0362
c2_14,1,1789029374.0736928,7,3.4952,0.1265,0.0362
c2_14,1,1789029374.2936928,7,3.4952,0.1265,0.0362
c2_14,1,1789029374.5136929,7,3.4952,0.1265,0.0362
c2_14,1,1789029374.733693,7,3.4952,0.1265,0.0362
c2_14,1,1789029374.953693,7,3.4952,0.1265,0.0362
c2_14,1,1789029375.173693,7,3.4952,0.1265,0.0362
c2_14,1,1789029375.393693,8,3.494,0.1172,0.0335
c2_14,1,1789029375.613693,8,3.494,0.1172,0.0335
c2_14,1,1789029375.833693,8,3.494,0.1172,0.0335
c2_14,1,1789029376.053693,8,3.494,0.1172,0.0335
c2_14,1,1789029376.273693,8,3.494,0.1172,0.0335
c2_14,1,1789029376.493693,8,3.494,0.1172,0.0335
c2_14,1,1789029376.7136931,8,3.494,0.1172,0.0335
c2_14,1,1789029376.9336932,8,3.494,0.1172,0.0335
c2_14,1,1789029377.1536932,8,3.494,0.1172,0.0335
c2_14,1,1789029377.3736932,8,3.494,0.1172,0.0335
c2_14,1,1789029377.5936933,8,3.494,0.1172,0.0335
c2_14,1,1789029377.8136933,8,3.494,0.1172,0.0335
c2_14,1,1789029378.0336933,8,3.494,0.1172,0.0335
c2_14,1,1789029378.2536933,8,3.494,0.1172,0.0335
c2_14,1,1789029378.4736934,8,3.494,0.1172,0.0335
c2_14,1,1789029378.6936934,9,3.4723,0.1238,0.0357
c2_14,1,1789029378.9136934,9,3.4723,0.1238,0.0357
c2_14,1,1789029379.1336935,9,3.4723,0.1238,0.0357
c2_14,1,1789029379.3536935,9,3.4723,0.1238,0.0357
c2_14,1,1789029379.5736935,9,3.4723,0.1238,0.0357
c2_14,1,1789029379.7936935,9,3.4723,0.1238,0.0357
c2_14,1,1789029380.0136936,9,3.4723,0.1238,0.0357
c2_14,1,1789029380.2336936,9,3.4723,0.1238,0.0357
c2_14,1,1789029380.4536936,9,3.4723,0.1238,0.0357
c2_14,1,1789029380.6736937,9,3.4723,0.1238,0.0357
c2_14,1,1789029380.8936937,9,3.4723,0.1238,0.0357
c2_14,1,1789029381.1136937,9,3.4723,0.1238,0.0357
c2_14,1,1789029381.3336937,9,3.4723,0.1238,0.0357
c2_14,1,1789029381.5536938,9,3.4723,0.1238,0.0357
c2_14,1,1789029381.7736938,9,3.4723,0.1238,0.0357
c2_14,1,1789029381.9936938,9,3.4723,0.1238,0.0357
c2_14,1,1789029382.2136939,9,3.4723,0.1238,0.0357
c2_14,1,1789029382.433694,9,3.4723,0.1238,0.0357
c2_14,1,1789029382.653694,10,3.5437,0.2334,0.0659
c2_14,1,1789029382.873694,10,3.5437,0.2334,0.0659
c2_14,1,1789029383.093694,10,3.5437,0.2334,0.0659
c2_14,1,1789029383.313694,10,3.5437,0.2334,0.0659
c2_14,1,1789029383.533694,10,3.5437,0.2334,0.0659
c2_14,1,1789029383.753694,10,3.5437,0.2334,0.0659
c2_14,1,1789029383.973694,10,3.5437,0.2334,0.0659
c2_14,1,1789029384.193694,10,3.5437,0.2334,0.0659
c2_14,1,1789029384.4136941,10,3.5437,0.2334,0.0659
c2_14,1,1789029384.6336942,10,3.5437,0.2334,0.0659
c2_14,1,1789029384.8536942,10,3.5437,0.2334,0.0659
c2_14,1,1789029385.0736942,10,3.5437,0.2334,0.0659
c2_14,1,1789029385.2936943,10,3.5437,0.2334,0.0659
c2_15,1,1789029421.0582123,3,4.907,0.2401,0.0489
c2_15,1,1789029421.2782123,3,4.907,0.2401,0.0489
c2_15,1,1789029421.4982123,3,4.907,0.2401,0.0489
c2_15,1,1789029421.7182124,3,4.907,0.2401,0.0489
c2_15,1,1789029421.9382124,3,4.907,0.2401,0.0489
c2_15,1,1789029422.1582124,3,4.907,0.2401,0.0489
c2_15,1,1789029422.3782125,3,4.907,0.2401,0.0489
c2_15,1,1789029422.5982125,3,4.907,0.2401,0.0489
c2_15,1,1789029422.8182125,3,4.907,0.2401,0.0489
c2_15,1,1789029423.0382125,3,4.907,0.2401,0.0489
c2_15,1,1789029423.2582126,3,4.907,0.2401,0.0489
c2_15,1,1789029423.4782126,3,4.907,0.2401,0.0489
c2_15,1,1789029423.6982126,3,4.907,0.2401,0.0489
c2_15,1,1789029423.9182127,3,4.907,0.2401,0.0489
c2_15,1,1789029424.1382127,3,4.907,0.2401,0.0489
c2_15,1,1789029424.3582127,3,4.907,0.2401,0.0489
c2_15,1,1789029424.5782127,3,4.907,0.2401,0.0489
c2_15,1,1789029424.7982128,3,4.907,0.2401,0.0489
c2_15,1,1789029425.0182128,3,4.907,0.2401,0.0489
c2_15,1,1789029425.2382128,3,4.907,0.2401,0.0489
c2_15,1,1789029425.4582129,3,4.907,0.2401,0.0489
c2_15,1,1789029425.678213,3,4.907,0.2401,0.0489
c2_15,1,1789029425.898213,3,4.907,0.2401,0.0489
c2_15,1,1789029426.118213,3,4.907,0.2401,0.0489
c2_15,1,1789029426.338213,3,4.907,0.2401,0.0489
c2_15,1,1789029426.558213,3,4.907,0.2401,0.0489
c2_15,1,1789029426.778213,3,4.907,0.2401,0.0489
c2_15,1,1789029426.998213,4,5.2413,0.5118,0.0976
c2_15,1,1789029427.218213,4,5.2413,0.5118,0.0976
c2_15,1,1789029427.438213,4,5.2413,0.5118,0.0976
c2_15,1,1789029427.6582131,4,5.2413,0.5118,0.0976
c2_15,1,1789029427.8782132,4,5.2413,0.5118,0.0976
c2_15,1,1789029428.0982132,4,5.2413,0.5118,0.0976
c2_15,1,1789029428.3182132,4,5.2413,0.5118,0.0976
c2_15,1,1789029428.5382133,4,5.2413,0.5118,0.0976
c2_15,1,1789029428.7582133,4,5.2413,0.5118,0.0976
c2_15,1,1789029428.9782133,4,5.2413,0.5118,0.0976
c2_15,1,1789029429.1982133,4,5.2413,0.5118,0.0976
c2_15,1,1789029429.4182134,4,5.2413,0.5118,0.0976
c2_15,1,1789029429.6382134,4,5.2413,0.5118,0.0976
c2_15,1,1789029429.8582134,4,5.2413,0.5118,0.0976
c2_15,1,1789029430.0782135,4,5.2413,0.5118,0.0976
c2_15,1,1789029430.2982135,4,5.2413,0.5118,0.0976
c2_15,1,1789029430.5182135,4,5.2413,0.5118,0.0976
c2_15,1,1789029430.7382135,4,5.2413,0.5118,0.0976
c2_15,1,1789029430.9582136,4,5.2413,0.5118,0.0976
c2_15,1,1789029431.1782136,4,5.2413,0.5118,0.0976
c2_15,1,1789029431.3982136,4,5.2413,0.5118,0.0976
c2_15,1,1789029431.6182137,4,5.2413,0.5118,0.0976
c2_15,1,1789029431.8382137,4,5.2413,0.5118,0.0976
c2_15,1,1789029432.0582137,4,5.2413,0.5118,0.0976
c2_15,1,1789029432.2782137,4,5.2413,0.5118,0.0976
c2_15,1,1789029432.4982138,4,5.2413,0.5118,0.0976
c2_15,1,1789029432.7182138,4,5.2413,0.5118,0.0976
c2_15,1,1789029432.9382138,5,5.3916,0.514,0.0953
c2_15,1,1789029433.1582139,5,5.3916,0.514,0.0953
c2_15,1,1789029433.378214,5,5.3916,0.514,0.0953
c2_15,1,1789029433.598214,5,5.3916,0.514,0.0953
c2_15,1,1789029433.818214,5,5.3916,0.514,0.0953
c2_15,1,1789029434.038214,5,5.3916,0.514,0.0953
c2_15,1,1789029434.258214,5,5.3916,0.514,0.0953
c2_15,1,1789029434.478214,5,5.3916,0.514,0.0953
c2_15,1,1789029434.698214,5,5.3916,0.514,0.0953
c2_15,1,1789029434.918214,5,5.3916,0.514,0.0953
c2_15,1,1789029435.138214,5,5.3916,0.514,0.0953
c2_15,1,1789029435.3582141,5,5.3916,0.514,0.0953
c2_15,1,1789029435.5782142,5,5.3916,0.514,0.0953
c2_15,1,1789029435.7982142,5,5.3916,0.514,0.0953
c2_15,1,1789029436.0182142,5,5.3916,0.514,0.0953
c2_15,1,1789029436.2382143,5,5.3916,0.514,0.0953
c2_15,1,1789029436.4582143,5,5.3916,0.514,0.0953
c2_15,1,1789029436.6782143,5,5.3916,0.514,0.0953
c2_15,1,1789029436.8982143,5,5.3916,0.514,0.0953
c2_15,1,1789029437.1182144,5,5.3916,0.514,0.0953
c2_15,1,1789029437.3382144,5,5.3916,0.514,0.0953
c2_15,1,1789029437.5582144,5,5.3916,0.514,0.0953
c2_15,1,1789029437.7782145,5,5.3916,0.514,0.0953
c2_15,1,1789029437.9982145,5,5.3916,0.514,0.0953
c2_15,1,1789029438.2182145,5,5.3916,0.514,0.0953
c2_15,1,1789029438.4382145,5,5.3916,0.514,0.0953
c2_15,1,1789029438.6582146,6,5.4726,0.4874,0.0891
c2_15,1,1789029438.8782146,6,5.4726,0.4874,0.0891
c2_15,1,1789029439.0982146,6,5.4726,0.4874,0.0891
c2_15,1,1789029439.3182147,6,5.4726,0.4874,0.0891
c2_15,1,1789029439.5382147,6,5.4726,0.4874,0.0891
c2_15,1,1789029439.7582147,6,5.4726,0.4874,0.0891
c2_15,1,1789029439.9782147,6,5.4726,0.4874,0.0891
c2_15,1,1789029440.1982148,6,5.4726,0.4874,0.0891
c2_15,1,1789029440.4182148,6,5.4726,0.4874,0.0891
c2_15,1,1789029440.6382148,6,5.4726,0.4874,0.0891
c2_15,1,1789029440.8582149,6,5.4726,0.4874,0.0891
c2_15,1,1789029441.078215,6,5.4726,0.4874,0.0891
c2_15,1,1789029441.298215,6,5.4726,0.4874,0.0891
c2_15,1,1789029441.518215,6,5.4726,0.4874,0.0891
c2_15,1,1789029441.738215,6,5.4726,0.4874,0.0891
c2_15,1,1789029441.958215,6,5.4726,0.4874,0.0891
c2_15,1,1789029442.178215,6,5.4726,0.4874,0.0891
c2_15,1,1789029442.398215,6,5.4726,0.4874,0.0891
c2_15,1,1789029442.618215,6,5.4726,0.4874,0.0891
c2_15,1,1789029442.838215,6,5.4726,0.4874,0.0891
c2_15,1,1789029443.0582151,6,5.4726,0.4874,0.0891
c2_15,1,1789029443.2782152,6,5.4726,0.4874,0.0891
c2_15,1,1789029443.4982152,7,5.349,0.5237,0.0979
c2_15,1,1789029443.7182152,7,5.349,0.5237,0.0979
c2_15,1,1789029443.9382153,7,5.349,0.5237,0.0979
c2_15,1,1789029444.1582153,7,5.349,0.5237,0.0979
c2_15,1,1789029444.3782153,7,5.349,0.5237,0.0979
c2_15,1,1789029444.5982153,7,5.349,0.5237,0.0979
c2_15,1,1789029444.8182154,7,5.349,0.5237,0.0979
c2_15,1,1789029445.0382154,7,5.349,0.5237,0.0979
c2_15,1,1789029445.2582154,7,5.349,0.5237,0.0979
c2_15,1,1789029445.4782155,7,5.349,0.5237,0.0979
c2_15,1,1789029445.6982155,7,5.349,0.5237,0.0979
c2_15,1,1789029445.9182155,7,5.349,0.5237,0.0979
c2_15,1,1789029446.1382155,7,5.349,0.5237,0.0979
c2_15,1,1789029446.3582156,7,5.349,0.5237,0.0979
c2_15,1,1789029446.5782156,7,5.349,0.5237,0.0979
c2_15,1,1789029446.7982156,7,5.349,0.5237,0.0979
c2_15,1,1789029447.0182157,7,5.349,0.5237,0.0979
c2_15,1,1789029447.2382157,7,5.349,0.5237,0.0979
c2_15,1,1789029447.4582157,7,5.349,0.5237,0.0979
c2_15,1,1789029447.6782157,7,5.349,0.5237,0.0979
c2_15,1,1789029447.8982158,7,5.349,0.5237,0.0979
c2_15,1,1789029448.1182158,7,5.349,0.5237,0.0979
c2_15,1,1789029448.3382158,7,5.349,0.5237,0.0979
c2_15,1,1789029448.5582159,7,5.349,0.5237,0.0979
c2_15,1,1789029448.778216,7,5.349,0.5237,0.0979
c2_15,1,1789029448.998216,7,5.349,0.5237,0.0979
c2_15,1,1789029449.218216,8,5.4188,0.5141,0.0949
c2_15,1,1789029449.438216,8,5.4188,0.5141,0.0949
c2_15,1,1789029449.658216,8,5.4188,0.5141,0.0949
c2_15,1,1789029449.878216,8,5.4188,0.5141,0.0949
c2_15,1,1789029450.098216,8,5.4188,0.5141,0.0949
c2_15,1,1789029450.318216,8,5.4188,0.5141,0.0949
c2_15,1,1789029450.538216,8,5.4188,0.5141,0.0949
c2_15,1,1789029450.7582161,8,5.4188,0.5141,0.0949
c2_15,1,1789029450.9782162,8,5.4188,0.5141,0.0949
c2_15,1,1789029451.1982162,8,5.4188,0.5141,0.0949
c2_15,1,1789029451.4182162,8,5.4188,0.5141,0.0949
c2_15,1,1789029451.6382163,8,5.4188,0.5141,0.0949
c2_15,1,1789029451.8582163,8,5.4188,0.5141,0.0949
c2_15,1,1789029452.0782163,8,5.4188,0.5141,0.0949
c2_15,1,1789029452.2982163,8,5.4188,0.5141,0.0949
c2_15,1,1789029452.5182164,8,5.4188,0.5141,0.0949
c2_15,1,1789029452.7382164,8,5.4188,0.5141,0.0949
c2_15,1,1789029452.9582164,8,5.4188,0.5141,0.0949
c2_15,1,1789029453.1782165,8,5.4188,0.5141,0.0949
c2_15,1,1789029453.3982165,8,5.4188,0.5141,0.0949
c2_15,1,1789029453.6182165,8,5.4188,0.5141,0.0949
c2_15,1,1789029453.8382165,8,5.4188,0.5141,0.0949
c2_15,1,1789029454.0582166,8,5.4188,0.5141,0.0949
c2_15,1,1789029454.2782166,9,5.3759,0.4941,0.0919
c2_15,1,1789029454.4982166,9,5.3759,0.4941,0.0919
c2_15,1,1789029454.7182167,9,5.3759,0.4941,0.0919
c2_15,1,1789029454.9382167,9,5.3759,0.4941,0.0919
c2_15,1,1789029455.1582167,9,5.3759,0.4941,0.0919
c2_15,1,1789029455.3782167,9,5.3759,0.4941,0.0919
c2_15,1,1789029455.5982168,9,5.3759,0.4941,0.0919
c2_15,1,1789029455.8182168,9,5.3759,0.4941,0.0919
c2_15,1,1789029456.0382168,9,5.3759,0.4941,0.0919
c2_15,1,1789029456.2582169,9,5.3759,0.4941,0.0919
c2_15,1,1789029456.478217,9,5.3759,0.4941,0.0919
c2_15,1,1789029456.698217,9,5.3759,0.4941,0.0919
c2_15,1,1789029456.918217,9,5.3759,0.4941,0.0919
c2_15,1,1789029457.138217,9,5.3759,0.4941,0.0919
c2_15,1,1789029457.358217,9,5.3759,0.4941,0.0919
c2_15,1,1789029457.578217,9,5.3759,0.4941,0.0919
c2_15,1,1789029457.798217,9,5.3759,0.4941,0.0919
c2_15,1,1789029458.018217,9,5.3759,0.4941,0.0919
c2_15,1,1789029458.238217,9,5.3759,0.4941,0.0919
c2_15,1,1789029458.4582171,9,5.3759,0.4941,0.0919
c2_15,1,1789029458.6782172,9,5.3759,0.4941,0.0919
c2_15,1,1789029458.8982172,9,5.3759,0.4941,0.0919
c2_15,1,1789029459.1182172,9,5.3759,0.4941,0.0919
c2_15,1,1789029459.3382173,10,5.3413,0.476,0.0891
c2_15,1,1789029459.5582173,10,5.3413,0.476,0.0891
c2_15,1,1789029459.7782173,10,5.3413,0.476,0.0891
c2_15,1,1789029459.9982173,10,5.3413,0.476,0.0891
c2_15,1,1789029460.2182174,10,5.3413,0.476,0.0891
c2_15,1,1789029460.4382174,10,5.3413,0.476,0.0891
c2_15,1,1789029460.6582174,10,5.3413,0.476,0.0891
c2_15,1,1789029460.8782175,10,5.3413,0.476,0.0891
c2_15,1,1789029461.0982175,10,5.3413,0.476,0.0891
c2_15,1,1789029461.3182175,10,5.3413,0.476,0.0891
c2_15,1,1789029461.5382175,10,5.3413,0.476,0.0891
c2_15,1,1789029461.7582176,10,5.3413,0.476,0.0891
c2_15,1,1789029461.9782176,10,5.3413,0.476,0.0891
c2_15,1,1789029462.1982176,10,5.3413,0.476,0.0891
c2_15,1,1789029462.4182177,10,5.3413,0.476,0.0891
c2_15,1,1789029462.6382177,10,5.3413,0.476,0.0891
c2_15,1,1789029462.8582177,10,5.3413,0.476,0.0891
c2_15,1,1789029463.0782177,10,5.3413,0.476,0.0891
c2_15,1,1789029463.2982178,10,5.3413,0.476,0.0891
c2_15,1,1789029463.5182178,10,5.3413,0.476,0.0891
c2_15,1,1789029463.7382178,10,5.3413,0.476,0.0891
c2_15,1,1789029463.9582179,10,5.3413,0.476,0.0891
c2_15,1,1789029464.178218,10,5.3413,0.476,0.0891
c2_15,1,1789029464.398218,11,5.3079,0.4625,0.0871
c2_15,1,1789029464.618218,11,5.3079,0.4625,0.0871
c2_15,1,1789029464.838218,11,5.3079,0.4625,0.0871
c2_15,1,1789029465.058218,11,5.3079,0.4625,0.0871
c2_15,1,1789029465.278218,11,5.3079,0.4625,0.0871
c2_15,1,1789029465.498218,11,5.3079,0.4625,0.0871
c2_15,1,1789029465.718218,11,5.3079,0.4625,0.0871
c2_15,1,1789029465.938218,11,5.3079,0.4625,0.0871
c2_15,1,1789029466.1582181,11,5.3079,0.4625,0.0871
c2_15,1,1789029466.3782182,11,5.3079,0.4625,0.0871
c2_15,1,1789029466.5982182,11,5.3079,0.4625,0.0871
c2_15,1,1789029466.8182182,11,5.3079,0.4625,0.0871
c2_15,1,1789029467.0382183,11,5.3079,0.4625,0.0871
c2_15,1,1789029467.2582183,11,5.3079,0.4625,0.0871
c2_15,1,1789029467.4782183,11,5.3079,0.4625,0.0871
c2_15,1,1789029467.6982183,11,5.3079,0.4625,0.0871
c2_15,1,1789029467.9182184,11,5.3079,0.4625,0.0871
c2_15,1,1789029468.1382184,11,5.3079,0.4625,0.0871
c2_15,1,1789029468.3582184,11,5.3079,0.4625,0.0871
c2_15,1,1789029468.5782185,11,5.3079,0.4625,0.0871
c2_15,1,1789029468.7982185,11,5.3079,0.4625,0.0871
c2_15,1,1789029469.0182185,11,5.3079,0.4625,0.0871
c2_15,1,1789029469.2382185,11,5.3079,0.4625,0.0871
c2_15,1,1789029469.4582186,11,5.3079,0.4625,0.0871
c2_15,1,1789029469.6782186,11,5.3079,0.4625,0.0871
c2_15,1,1789029469.8982186,11,5.3079,0.4625,0.0871
c2_15,1,1789029470.1182187,11,5.3079,0.4625,0.0871
c2_15,1,1789029470.3382187,12,5.3606,0.4714,0.0879
c2_15,1,1789029470.5582187,12,5.3606,0.4714,0.0879
c2_15,1,1789029470.7782187,12,5.3606,0.4714,0.0879
c2_15,1,1789029470.9982188,12,5.3606,0.4714,0.0879
c2_15,1,1789029471.2182188,12,5.3606,0.4714,0.0879
c2_15,1,1789029471.4382188,12,5.3606,0.4714,0.0879
c2_15,1,1789029471.6582189,12,5.3606,0.4714,0.0879
c2_15,1,1789029471.878219,12,5.3606,0.4714,0.0879
c2_15,1,1789029472.098219,12,5.3606,0.4714,0.0879
c2_15,1,1789029472.318219,12,5.3606,0.4714,0.0879
c2_15,1,1789029472.538219,12,5.3606,0.4714,0.0879
c2_15,1,1789029472.758219,12,5.3606,0.4714,0.0879
c2_15,1,1789029472.978219,12,5.3606,0.4714,0.0879
c2_15,1,1789029473.198219,12,5.3606,0.4714,0.0879
c2_15,1,1789029473.418219,12,5.3606,0.4714,0.0879
c2_15,1,1789029473.638219,12,5.3606,0.4714,0.0879
c2_15,1,1789029473.8582191,12,5.3606,0.4714,0.0879
c2_15,1,1789029474.0782192,12,5.3606,0.4714,0.0879
c2_15,1,1789029474.2982192,12,5.3606,0.4714,0.0879
c2_15,1,1789029474.5182192,12,5.3606,0.4714,0.0879
c2_15,1,1789029474.7382193,12,5.3606,0.4714,0.0879
c2_15,1,1789029474.9582193,12,5.3606,0.4714,0.0879
c2_15,1,1789029475.1782193,12,5.3606,0.4714,0.0879
c2_15,1,1789029475.3982193,12,5.3606,0.4714,0.0879
c2_15,1,1789029475.6182194,12,5.3606,0.4714,0.0879
c2_15,1,1789029475.8382194,12,5.3606,0.4714,0.0879
c2_15,1,1789029476.0582194,13,5.3922,0.4634,0.0859
c2_15,1,1789029476.2782195,13,5.3922,0.4634,0.0859
c2_15,1,1789029476.4982195,13,5.3922,0.4634,0.0859
c2_15,1,1789029476.7182195,13,5.3922,0.4634,0.0859
c2_15,1,1789029476.9382195,13,5.3922,0.4634,0.0859
c2_15,1,1789029477.1582196,13,5.3922,0.4634,0.0859
c2_15,1,1789029477.3782196,13,5.3922,0.4634,0.0859
c2_15,1,1789029477.5982196,13,5.3922,0.4634,0.0859
c2_15,1,1789029477.8182197,13,5.3922,0.4634,0.0859
c2_15,1,1789029478.0382197,13,5.3922,0.4634,0.0859
c2_15,1,1789029478.2582197,13,5.3922,0.4634,0.0859
c2_15,1,1789029478.4782197,13,5.3922,0.4634,0.0859
c2_15,1,1789029478.6982198,13,5.3922,0.4634,0.0859
c2_15,1,1789029478.9182198,13,5.3922,0.4634,0.0859
c2_15,1,1789029479.1382198,13,5.3922,0.4634,0.0859
c2_15,1,1789029479.3582199,13,5.3922,0.4634,0.0859
c2_15,1,1789029479.57822,13,5.3922,0.4634,0.0859
c2_15,1,1789029479.79822,13,5.3922,0.4634,0.0859
c2_15,1,1789029480.01822,13,5.3922,0.4634,0.0859
c2_15,1,1789029480.23822,13,5.3922,0.4634,0.0859
c2_15,1,1789029480.45822,13,5.3922,0.4634,0.0859
c2_15,1,1789029480.67822,13,5.3922,0.4634,0.0859
benign_16,0,1789029490.2867944,3,4.1332,2.9564,0.7153
benign_16,0,1789029490.5067945,3,4.1332,2.9564,0.7153
benign_16,0,1789029490.7267945,3,4.1332,2.9564,0.7153
benign_16,0,1789029490.9467945,3,4.1332,2.9564,0.7153
benign_16,0,1789029491.1667945,3,4.1332,2.9564,0.7153
benign_16,0,1789029491.3867946,3,4.1332,2.9564,0.7153
benign_16,0,1789029491.6067946,3,4.1332,2.9564,0.7153
benign_16,0,1789029491.8267946,3,4.1332,2.9564,0.7153
benign_16,0,1789029492.0467947,3,4.1332,2.9564,0.7153
benign_16,0,1789029492.2667947,3,4.1332,2.9564,0.7153
benign_16,0,1789029492.4867947,3,4.1332,2.9564,0.7153
benign_16,0,1789029492.7067947,3,4.1332,2.9564,0.7153
benign_16,0,1789029492.9267948,3,4.1332,2.9564,0.7153
benign_16,0,1789029493.1467948,3,4.1332,2.9564,0.7153
benign_16,0,1789029493.3667948,3,4.1332,2.9564,0.7153
benign_16,0,1789029493.5867949,3,4.1332,2.9564,0.7153
benign_16,0,1789029493.806795,3,4.1332,2.9564,0.7153
benign_16,0,1789029494.026795,3,4.1332,2.9564,0.7153
benign_16,0,1789029494.246795,3,4.1332,2.9564,0.7153
benign_16,0,1789029494.466795,3,4.1332,2.9564,0.7153
benign_16,0,1789029494.686795,3,4.1332,2.9564,0.7153
benign_16,0,1789029494.906795,3,4.1332,2.9564,0.7153
benign_16,0,1789029495.126795,3,4.1332,2.9564,0.7153
benign_16,0,1789029495.346795,3,4.1332,2.9564,0.7153
benign_16,0,1789029495.566795,3,4.1332,2.9564,0.7153
benign_16,0,1789029495.7867951,3,4.1332,2.9564,0.7153
benign_16,0,1789029496.0067952,3,4.1332,2.9564,0.7153
benign_16,0,1789029496.2267952,3,4.1332,2.9564,0.7153
benign_16,0,1789029496.4467952,3,4.1332,2.9564,0.7153
benign_16,0,1789029496.6667953,3,4.1332,2.9564,0.7153
benign_16,0,1789029496.8867953,3,4.1332,2.9564,0.7153
benign_16,0,1789029497.1067953,3,4.1332,2.9564,0.7153
benign_16,0,1789029497.3267953,3,4.1332,2.9564,0.7153
benign_16,0,1789029497.5467954,3,4.1332,2.9564,0.7153
benign_16,0,1789029497.7667954,3,4.1332,2.9564,0.7153
benign_16,0,1789029497.9867954,3,4.1332,2.9564,0.7153
benign_16,0,1789029498.2067955,3,4.1332,2.9564,0.7153
benign_16,0,1789029498.4267955,3,4.1332,2.9564,0.7153
benign_16,0,1789029498.6467955,3,4.1332,2.9564,0.7153
benign_16,0,1789029498.8667955,3,4.1332,2.9564,0.7153
benign_16,0,1789029499.0867956,3,4.1332,2.9564,0.7153
benign_16,0,1789029499.3067956,3,4.1332,2.9564,0.7153
benign_16,0,1789029499.5267956,3,4.1332,2.9564,0.7153
benign_16,0,1789029499.7467957,3,4.1332,2.9564,0.7153
benign_16,0,1789029499.9667957,3,4.1332,2.9564,0.7153
benign_16,0,1789029500.1867957,3,4.1332,2.9564,0.7153
benign_16,0,1789029500.4067957,3,4.1332,2.9564,0.7153
benign_16,0,1789029500.6267958,3,4.1332,2.9564,0.7153
benign_16,0,1789029500.8467958,3,4.1332,2.9564,0.7153
benign_16,0,1789029501.0667958,3,4.1332,2.9564,0.7153
benign_16,0,1789029501.2867959,3,4.1332,2.9564,0.7153
benign_16,0,1789029501.506796,3,4.1332,2.9564,0.7153
benign_16,0,1789029501.726796,3,4.1332,2.9564,0.7153
benign_16,0,1789029501.946796,3,4.1332,2.9564,0.7153
benign_16,0,1789029502.166796,3,4.1332,2.9564,0.7153
benign_16,0,1789029502.386796,3,4.1332,2.9564,0.7153
benign_16,0,1789029502.606796,3,4.1332,2.9564,0.7153
c2_16,1,1789029520.6897628,3,5.4761,0.0758,0.0138
c2_16,1,1789029520.9097629,3,5.4761,0.0758,0.0138
c2_16,1,1789029521.129763,3,5.4761,0.0758,0.0138
c2_16,1,1789029521.349763,3,5.4761,0.0758,0.0138
c2_16,1,1789029521.569763,3,5.4761,0.0758,0.0138
c2_16,1,1789029521.789763,3,5.4761,0.0758,0.0138
c2_16,1,1789029522.009763,3,5.4761,0.0758,0.0138
c2_16,1,1789029522.229763,3,5.4761,0.0758,0.0138
c2_16,1,1789029522.449763,3,5.4761,0.0758,0.0138
c2_16,1,1789029522.669763,3,5.4761,0.0758,0.0138
c2_16,1,1789029522.889763,3,5.4761,0.0758,0.0138
c2_16,1,1789029523.1097631,3,5.4761,0.0758,0.0138
c2_16,1,1789029523.3297632,3,5.4761,0.0758,0.0138
c2_16,1,1789029523.5497632,3,5.4761,0.0758,0.0138
c2_16,1,1789029523.7697632,3,5.4761,0.0758,0.0138
c2_16,1,1789029523.9897633,3,5.4761,0.0758,0.0138
c2_16,1,1789029524.2097633,3,5.4761,0.0758,0.0138
c2_16,1,1789029524.4297633,3,5.4761,0.0758,0.0138
c2_16,1,1789029524.6497633,3,5.4761,0.0758,0.0138
c2_16,1,1789029524.8697634,3,5.4761,0.0758,0.0138
c2_16,1,1789029525.0897634,3,5.4761,0.0758,0.0138
c2_16,1,1789029525.3097634,3,5.4761,0.0758,0.0138
c2_16,1,1789029525.5297635,3,5.4761,0.0758,0.0138
c2_16,1,1789029525.7497635,3,5.4761,0.0758,0.0138
c2_16,1,1789029525.9697635,4,5.3822,0.1465,0.0272
c2_16,1,1789029526.1897635,4,5.3822,0.1465,0.0272
c2_16,1,1789029526.4097636,4,5.3822,0.1465,0.0272
c2_16,1,1789029526.6297636,4,5.3822,0.1465,0.0272
c2_16,1,1789029526.8497636,4,5.3822,0.1465,0.0272
c2_16,1,1789029527.0697637,4,5.3822,0.1465,0.0272
c2_16,1,1789029527.2897637,4,5.3822,0.1465,0.0272
c2_16,1,1789029527.5097637,4,5.3822,0.1465,0.0272
c2_16,1,1789029527.7297637,4,5.3822,0.1465,0.0272
c2_16,1,1789029527.9497638,4,5.3822,0.1465,0.0272
c2_16,1,1789029528.1697638,4,5.3822,0.1465,0.0272
c2_16,1,1789029528.3897638,4,5.3822,0.1465,0.0272
c2_16,1,1789029528.6097639,4,5.3822,0.1465,0.0272
c2_16,1,1789029528.829764,4,5.3822,0.1465,0.0272
c2_16,1,1789029529.049764,4,5.3822,0.1465,0.0272
c2_16,1,1789029529.269764,4,5.3822,0.1465,0.0272
c2_16,1,1789029529.489764,4,5.3822,0.1465,0.0272
c2_16,1,1789029529.709764,4,5.3822,0.1465,0.0272
c2_16,1,1789029529.929764,4,5.3822,0.1465,0.0272
c2_16,1,1789029530.149764,4,5.3822,0.1465,0.0272
c2_16,1,1789029530.369764,4,5.3822,0.1465,0.0272
c2_16,1,1789029530.589764,4,5.3822,0.1465,0.0272
c2_16,1,1789029530.8097641,4,5.3822,0.1465,0.0272
c2_16,1,1789029531.0297642,4,5.3822,0.1465,0.0272
c2_16,1,1789029531.2497642,4,5.3822,0.1465,0.0272
c2_16,1,1789029531.4697642,4,5.3822,0.1465,0.0272
c2_16,1,1789029531.6897643,5,5.4848,0.2184,0.0398
c2_16,1,1789029531.9097643,5,5.4848,0.2184,0.0398
c2_16,1,1789029532.1297643,5,5.4848,0.2184,0.0398
c2_16,1,1789029532.3497643,5,5.4848,0.2184,0.0398
c2_16,1,1789029532.5697644,5,5.4848,0.2184,0.0398
c2_16,1,1789029532.7897644,5,5.4848,0.2184,0.0398
c2_16,1,1789029533.0097644,5,5.4848,0.2184,0.0398
c2_16,1,1789029533.2297645,5,5.4848,0.2184,0.0398
c2_16,1,1789029533.4497645,5,5.4848,0.2184,0.0398
c2_16,1,1789029533.6697645,5,5.4848,0.2184,0.0398
c2_16,1,1789029533.8897645,5,5.4848,0.2184,0.0398
c2_16,1,1789029534.1097646,5,5.4848,0.2184,0.0398
c2_16,1,1789029534.3297646,5,5.4848,0.2184,0.0398
c2_16,1,1789029534.5497646,5,5.4848,0.2184,0.0398
c2_16,1,1789029534.7697647,5,5.4848,0.2184,0.0398
c2_16,1,1789029534.9897647,5,5.4848,0.2184,0.0398
c2_16,1,1789029535.2097647,5,5.4848,0.2184,0.0398
c2_16,1,1789029535.4297647,5,5.4848,0.2184,0.0398
c2_16,1,1789029535.6497648,5,5.4848,0.2184,0.0398
c2_16,1,1789029535.8697648,5,5.4848,0.2184,0.0398
c2_16,1,1789029536.0897648,5,5.4848,0.2184,0.0398
c2_16,1,1789029536.3097649,5,5.4848,0.2184,0.0398
c2_16,1,1789029536.529765,5,5.4848,0.2184,0.0398
c2_16,1,1789029536.749765,5,5.4848,0.2184,0.0398
c2_16,1,1789029536.969765,6,5.4271,0.2269,0.0418
c2_16,1,1789029537.189765,6,5.4271,0.2269,0.0418
c2_16,1,1789029537.409765,6,5.4271,0.2269,0.0418
c2_16,1,1789029537.629765,6,5.4271,0.2269,0.0418
c2_16,1,1789029537.849765,6,5.4271,0.2269,0.0418
c2_16,1,1789029538.069765,6,5.4271,0.2269,0.0418
c2_16,1,1789029538.2897651,6,5.4271,0.2269,0.0418
c2_16,1,1789029538.5097651,6,5.4271,0.2269,0.0418
c2_16,1,1789029538.7297652,6,5.4271,0.2269,0.0418
c2_16,1,1789029538.9497652,6,5.4271,0.2269,0.0418
c2_16,1,1789029539.1697652,6,5.4271,0.2269,0.0418
c2_16,1,1789029539.3897653,6,5.4271,0.2269,0.0418
c2_16,1,1789029539.6097653,6,5.4271,0.2269,0.0418
c2_16,1,1789029539.8297653,6,5.4271,0.2269,0.0418
c2_16,1,1789029540.0497653,6,5.4271,0.2269,0.0418
c2_16,1,1789029540.2697654,6,5.4271,0.2269,0.0418
c2_16,1,1789029540.4897654,6,5.4271,0.2269,0.0418
c2_16,1,1789029540.7097654,6,5.4271,0.2269,0.0418
c2_16,1,1789029540.9297655,6,5.4271,0.2269,0.0418
c2_16,1,1789029541.1497655,6,5.4271,0.2269,0.0418
c2_16,1,1789029541.3697655,6,5.4271,0.2269,0.0418
c2_16,1,1789029541.5897655,6,5.4271,0.2269,0.0418
c2_16,1,1789029541.8097656,6,5.4271,0.2269,0.0418
c2_16,1,1789029542.0297656,6,5.4271,0.2269,0.0418
c2_16,1,1789029542.2497656,6,5.4271,0.2269,0.0418
c2_16,1,1789029542.4697657,6,5.4271,0.2269,0.0418
c2_16,1,1789029542.6897657,6,5.4271,0.2269,0.0418
c2_16,1,1789029542.9097657,6,5.4271,0.2269,0.0418
c2_16,1,1789029543.1297657,7,5.5656,0.3724,0.0669
c2_16,1,1789029543.3497658,7,5.5656,0.3724,0.0669
c2_16,1,1789029543.5697658,7,5.5656,0.3724,0.0669
c2_16,1,1789029543.7897658,7,5.5656,0.3724,0.0669
c2_16,1,1789029544.0097659,7,5.5656,0.3724,0.0669
c2_16,1,1789029544.229766,7,5.5656,0.3724,0.0669
c2_16,1,1789029544.449766,7,5.5656,0.3724,0.0669
c2_16,1,1789029544.669766,7,5.5656,0.3724,0.0669
c2_16,1,1789029544.889766,7,5.5656,0.3724,0.0669
c2_16,1,1789029545.109766,7,5.5656,0.3724,0.0669
c2_16,1,1789029545.329766,7,5.5656,0.3724,0.0669
c2_16,1,1789029545.549766,7,5.5656,0.3724,0.0669
c2_16,1,1789029545.769766,7,5.5656,0.3724,0.0669
c2_16,1,1789029545.9897661,7,5.5656,0.3724,0.0669
c2_16,1,1789029546.2097661,7,5.5656,0.3724,0.0669
c2_16,1,1789029546.4297662,7,5.5656,0.3724,0.0669
c2_16,1,1789029546.6497662,7,5.5656,0.3724,0.0669
c2_16,1,1789029546.8697662,7,5.5656,0.3724,0.0669
c2_16,1,1789029547.0897663,7,5.5656,0.3724,0.0669
c2_16,1,1789029547.3097663,7,5.5656,0.3724,0.0669
c2_16,1,1789029547.5297663,7,5.5656,0.3724,0.0669
c2_16,1,1789029547.7497663,7,5.5656,0.3724,0.0669
c2_16,1,1789029547.9697664,7,5.5656,0.3724,0.0669
c2_16,1,1789029548.1897664,7,5.5656,0.3724,0.0669
c2_16,1,1789029548.4097664,7,5.5656,0.3724,0.0669
c2_16,1,1789029548.6297665,7,5.5656,0.3724,0.0669
c2_16,1,1789029548.8497665,7,5.5656,0.3724,0.0669
c2_16,1,1789029549.0697665,7,5.5656,0.3724,0.0669
c2_16,1,1789029549.2897666,8,5.6319,0.3811,0.0677
c2_16,1,1789029549.5097666,8,5.6319,0.3811,0.0677
c2_16,1,1789029549.7297666,8,5.6319,0.3811,0.0677
c2_16,1,1789029549.9497666,8,5.6319,0.3811,0.0677
c2_16,1,1789029550.1697667,8,5.6319,0.3811,0.0677
c2_16,1,1789029550.3897667,8,5.6319,0.3811,0.0677
c2_16,1,1789029550.6097667,8,5.6319,0.3811,0.0677
c2_16,1,1789029550.8297668,8,5.6319,0.3811,0.0677
c2_16,1,1789029551.0497668,8,5.6319,0.3811,0.0677
c2_16,1,1789029551.2697668,8,5.6319,0.3811,0.0677
c2_16,1,1789029551.4897668,8,5.6319,0.3811,0.0677
c2_16,1,1789029551.7097669,8,5.6319,0.3811,0.0677
c2_16,1,1789029551.929767,8,5.6319,0.3811,0.0677
c2_16,1,1789029552.149767,8,5.6319,0.3811,0.0677
c2_16,1,1789029552.369767,8,5.6319,0.3811,0.0677
c2_16,1,1789029552.589767,8,5.6319,0.3811,0.0677
c2_16,1,1789029552.809767,8,5.6319,0.3811,0.0677
c2_16,1,1789029553.029767,8,5.6319,0.3811,0.0677
c2_16,1,1789029553.249767,8,5.6319,0.3811,0.0677
c2_16,1,1789029553.469767,8,5.6319,0.3811,0.0677
c2_16,1,1789029553.6897671,8,5.6319,0.3811,0.0677
c2_16,1,1789029553.9097672,8,5.6319,0.3811,0.0677
c2_16,1,1789029554.1297672,8,5.6319,0.3811,0.0677
c2_16,1,1789029554.3497672,8,5.6319,0.3811,0.0677
c2_16,1,1789029554.5697672,8,5.6319,0.3811,0.0677
c2_16,1,1789029554.7897673,8,5.6319,0.3811,0.0677
c2_16,1,1789029555.0097673,9,5.6472,0.3588,0.0635
c2_16,1,1789029555.2297673,9,5.6472,0.3588,0.0635
c2_16,1,1789029555.4497674,9,5.6472,0.3588,0.0635
c2_16,1,1789029555.6697674,9,5.6472,0.3588,0.0635
c2_16,1,1789029555.8897674,9,5.6472,0.3588,0.0635
c2_16,1,1789029556.1097674,9,5.6472,0.3588,0.0635
c2_16,1,1789029556.3297675,9,5.6472,0.3588,0.0635
c2_16,1,1789029556.5497675,9,5.6472,0.3588,0.0635
c2_16,1,1789029556.7697675,9,5.6472,0.3588,0.0635
c2_16,1,1789029556.9897676,9,5.6472,0.3588,0.0635
c2_16,1,1789029557.2097676,9,5.6472,0.3588,0.0635
c2_16,1,1789029557.4297676,9,5.6472,0.3588,0.0635
c2_16,1,1789029557.6497676,9,5.6472,0.3588,0.0635
c2_16,1,1789029557.8697677,9,5.6472,0.3588,0.0635
c2_16,1,1789029558.0897677,9,5.6472,0.3588,0.0635
c2_16,1,1789029558.3097677,9,5.6472,0.3588,0.0635
c2_16,1,1789029558.5297678,9,5.6472,0.3588,0.0635
c2_16,1,1789029558.7497678,9,5.6472,0.3588,0.0635
c2_16,1,1789029558.9697678,9,5.6472,0.3588,0.0635
c2_16,1,1789029559.1897678,9,5.6472,0.3588,0.0635
c2_16,1,1789029559.4097679,9,5.6472,0.3588,0.0635
c2_16,1,1789029559.629768,9,5.6472,0.3588,0.0635
c2_16,1,1789029559.849768,9,5.6472,0.3588,0.0635
c2_16,1,1789029560.069768,9,5.6472,0.3588,0.0635
c2_16,1,1789029560.289768,9,5.6472,0.3588,0.0635
c2_16,1,1789029560.509768,9,5.6472,0.3588,0.0635
c2_16,1,1789029560.729768,9,5.6472,0.3588,0.0635
c2_16,1,1789029560.949768,9,5.6472,0.3588,0.0635
c2_16,1,1789029561.169768,10,5.7161,0.3904,0.0683
c2_16,1,1789029561.3897681,10,5.7161,0.3904,0.0683
c2_16,1,1789029561.6097682,10,5.7161,0.3904,0.0683
c2_16,1,1789029561.8297682,10,5.7161,0.3904,0.0683
c2_16,1,1789029562.0497682,10,5.7161,0.3904,0.0683
c2_16,1,1789029562.2697682,10,5.7161,0.3904,0.0683
c2_16,1,1789029562.4897683,10,5.7161,0.3904,0.0683
c2_16,1,1789029562.7097683,10,5.7161,0.3904,0.0683
c2_16,1,1789029562.9297683,10,5.7161,0.3904,0.0683
c2_16,1,1789029563.1497684,10,5.7161,0.3904,0.0683
c2_16,1,1789029563.3697684,10,5.7161,0.3904,0.0683
c2_16,1,1789029563.5897684,10,5.7161,0.3904,0.0683
c2_16,1,1789029563.8097684,10,5.7161,0.3904,0.0683
c2_16,1,1789029564.0297685,10,5.7161,0.3904,0.0683
c2_16,1,1789029564.2497685,10,5.7161,0.3904,0.0683
c2_16,1,1789029564.4697685,10,5.7161,0.3904,0.0683
c2_16,1,1789029564.6897686,10,5.7161,0.3904,0.0683
c2_16,1,1789029564.9097686,10,5.7161,0.3904,0.0683
c2_16,1,1789029565.1297686,10,5.7161,0.3904,0.0683
c2_16,1,1789029565.3497686,10,5.7161,0.3904,0.0683
c2_16,1,1789029565.5697687,10,5.7161,0.3904,0.0683
c2_16,1,1789029565.7897687,10,5.7161,0.3904,0.0683
c2_16,1,1789029566.0097687,10,5.7161,0.3904,0.0683
c2_16,1,1789029566.2297688,10,5.7161,0.3904,0.0683
c2_16,1,1789029566.4497688,10,5.7161,0.3904,0.0683
c2_16,1,1789029566.6697688,11,5.687,0.3806,0.0669
c2_16,1,1789029566.8897688,11,5.687,0.3806,0.0669
c2_16,1,1789029567.1097689,11,5.687,0.3806,0.0669
c2_16,1,1789029567.329769,11,5.687,0.3806,0.0669
c2_16,1,1789029567.549769,11,5.687,0.3806,0.0669
c2_16,1,1789029567.769769,11,5.687,0.3806,0.0669
c2_16,1,1789029567.989769,11,5.687,0.3806,0.0669
c2_16,1,1789029568.209769,11,5.687,0.3806,0.0669
c2_16,1,1789029568.429769,11,5.687,0.3806,0.0669
c2_16,1,1789029568.649769,11,5.687,0.3806,0.0669
c2_16,1,1789029568.869769,11,5.687,0.3806,0.0669
c2_16,1,1789029569.0897691,11,5.687,0.3806,0.0669
c2_16,1,1789029569.3097692,11,5.687,0.3806,0.0669
c2_16,1,1789029569.5297692,11,5.687,0.3806,0.0669
c2_16,1,1789029569.7497692,11,5.687,0.3806,0.0669
c2_16,1,1789029569.9697692,11,5.687,0.3806,0.0669
c2_16,1,1789029570.1897693,11,5.687,0.3806,0.0669
c2_16,1,1789029570.4097693,11,5.687,0.3806,0.0669
c2_16,1,1789029570.6297693,11,5.687,0.3806,0.0669
c2_16,1,1789029570.8497694,11,5.687,0.3806,0.0669
c2_16,1,1789029571.0697694,11,5.687,0.3806,0.0669
c2_16,1,1789029571.2897694,11,5.687,0.3806,0.0669
c2_16,1,1789029571.5097694,11,5.687,0.3806,0.0669
benign_17,0,1789029582.7792132,3,4.9743,0.1614,0.0325
benign_17,0,1789029582.9992132,3,4.9743,0.1614,0.0325
benign_17,0,1789029583.2192132,3,4.9743,0.1614,0.0325
benign_17,0,1789029583.4392133,3,4.9743,0.1614,0.0325
benign_17,0,1789029583.6592133,3,4.9743,0.1614,0.0325
benign_17,0,1789029583.8792133,3,4.9743,0.1614,0.0325
benign_17,0,1789029584.0992134,3,4.9743,0.1614,0.0325
benign_17,0,1789029584.3192134,3,4.9743,0.1614,0.0325
benign_17,0,1789029584.5392134,4,3.9117,1.5085,0.3856
benign_17,0,1789029584.7592134,4,3.9117,1.5085,0.3856
benign_17,0,1789029584.9792135,4,3.9117,1.5085,0.3856
benign_17,0,1789029585.1992135,4,3.9117,1.5085,0.3856
benign_17,0,1789029585.4192135,4,3.9117,1.5085,0.3856
benign_17,0,1789029585.6392136,4,3.9117,1.5085,0.3856
benign_17,0,1789029585.8592136,4,3.9117,1.5085,0.3856
benign_17,0,1789029586.0792136,4,3.9117,1.5085,0.3856
benign_17,0,1789029586.2992136,5,3.3457,1.6334,0.4882
benign_17,0,1789029586.5192137,5,3.3457,1.6334,0.4882
benign_17,0,1789029586.7392137,7,2.3064,1.9889,0.8623
benign_17,0,1789029586.9592137,7,2.3064,1.9889,0.8623
benign_17,0,1789029587.1792138,7,2.3064,1.9889,0.8623
benign_17,0,1789029587.3992138,7,2.3064,1.9889,0.8623
benign_17,0,1789029587.6192138,7,2.3064,1.9889,0.8623
benign_17,0,1789029587.8392138,7,2.3064,1.9889,0.8623
benign_17,0,1789029588.0592139,7,2.3064,1.9889,0.8623
benign_17,0,1789029588.279214,7,2.3064,1.9889,0.8623
benign_17,0,1789029588.499214,7,2.3064,1.9889,0.8623
benign_17,0,1789029588.719214,7,2.3064,1.9889,0.8623
benign_17,0,1789029588.939214,8,2.293,1.8416,0.8031
benign_17,0,1789029589.159214,8,2.293,1.8416,0.8031
benign_17,0,1789029589.379214,8,2.293,1.8416,0.8031
benign_17,0,1789029589.599214,8,2.293,1.8416,0.8031
benign_17,0,1789029589.819214,9,2.1116,1.7883,0.8469
benign_17,0,1789029590.0392141,9,2.1116,1.7883,0.8469
benign_17,0,1789029590.2592142,10,1.9318,1.761,0.9116
benign_17,0,1789029590.4792142,10,1.9318,1.761,0.9116
benign_17,0,1789029590.6992142,10,1.9318,1.761,0.9116
benign_17,0,1789029590.9192142,10,1.9318,1.761,0.9116
benign_17,0,1789029591.1392143,10,1.9318,1.761,0.9116
benign_17,0,1789029591.3592143,10,1.9318,1.761,0.9116
benign_17,0,1789029591.5792143,10,1.9318,1.761,0.9116
benign_17,0,1789029591.7992144,10,1.9318,1.761,0.9116
benign_17,0,1789029592.0192144,10,1.9318,1.761,0.9116
benign_17,0,1789029592.2392144,10,1.9318,1.761,0.9116
benign_17,0,1789029592.4592144,10,1.9318,1.761,0.9116
benign_17,0,1789029592.6792145,10,1.9318,1.761,0.9116
benign_17,0,1789029592.8992145,10,1.9318,1.761,0.9116
benign_17,0,1789029593.1192145,10,1.9318,1.761,0.9116
benign_17,0,1789029593.3392146,10,1.9318,1.761,0.9116
benign_17,0,1789029593.5592146,10,1.9318,1.761,0.9116
benign_17,0,1789029593.7792146,10,1.9318,1.761,0.9116
benign_17,0,1789029593.9992146,10,1.9318,1.761,0.9116
benign_17,0,1789029594.2192147,10,1.9318,1.761,0.9116
benign_17,0,1789029594.4392147,10,1.9318,1.761,0.9116
benign_17,0,1789029594.6592147,10,1.9318,1.761,0.9116
benign_17,0,1789029594.8792148,10,1.9318,1.761,0.9116
benign_17,0,1789029595.0992148,10,1.9318,1.761,0.9116
benign_17,0,1789029595.3192148,10,1.9318,1.761,0.9116
benign_17,0,1789029595.5392148,10,1.9318,1.761,0.9116
benign_17,0,1789029595.7592149,10,1.9318,1.761,0.9116
benign_17,0,1789029595.979215,10,1.9318,1.761,0.9116
benign_17,0,1789029596.199215,10,1.9318,1.761,0.9116
benign_17,0,1789029596.419215,10,1.9318,1.761,0.9116
benign_17,0,1789029596.639215,10,1.9318,1.761,0.9116
c2_17,1,1789029606.552206,3,2.9912,0.2935,0.0981
c2_17,1,1789029606.772206,3,2.9912,0.2935,0.0981
c2_17,1,1789029606.992206,3,2.9912,0.2935,0.0981
c2_17,1,1789029607.2122061,3,2.9912,0.2935,0.0981
c2_17,1,1789029607.4322062,3,2.9912,0.2935,0.0981
c2_17,1,1789029607.6522062,3,2.9912,0.2935,0.0981
c2_17,1,1789029607.8722062,3,2.9912,0.2935,0.0981
c2_17,1,1789029608.0922062,3,2.9912,0.2935,0.0981
c2_17,1,1789029608.3122063,3,2.9912,0.2935,0.0981
c2_17,1,1789029608.5322063,3,2.9912,0.2935,0.0981
c2_17,1,1789029608.7522063,3,2.9912,0.2935,0.0981
c2_17,1,1789029608.9722064,3,2.9912,0.2935,0.0981
c2_17,1,1789029609.1922064,3,2.9912,0.2935,0.0981
c2_17,1,1789029609.4122064,3,2.9912,0.2935,0.0981
c2_17,1,1789029609.6322064,3,2.9912,0.2935,0.0981
c2_17,1,1789029609.8522065,4,3.0876,0.2757,0.0893
c2_17,1,1789029610.0722065,4,3.0876,0.2757,0.0893
c2_17,1,1789029610.2922065,4,3.0876,0.2757,0.0893
c2_17,1,1789029610.5122066,4,3.0876,0.2757,0.0893
c2_17,1,1789029610.7322066,4,3.0876,0.2757,0.0893
c2_17,1,1789029610.9522066,4,3.0876,0.2757,0.0893
c2_17,1,1789029611.1722066,4,3.0876,0.2757,0.0893
c2_17,1,1789029611.3922067,4,3.0876,0.2757,0.0893
c2_17,1,1789029611.6122067,4,3.0876,0.2757,0.0893
c2_17,1,1789029611.8322067,4,3.0876,0.2757,0.0893
c2_17,1,1789029612.0522068,4,3.0876,0.2757,0.0893
c2_17,1,1789029612.2722068,4,3.0876,0.2757,0.0893
c2_17,1,1789029612.4922068,4,3.0876,0.2757,0.0893
c2_17,1,1789029612.7122068,4,3.0876,0.2757,0.0893
c2_17,1,1789029612.9322069,5,3.0948,0.2391,0.0772
c2_17,1,1789029613.152207,5,3.0948,0.2391,0.0772
c2_17,1,1789029613.372207,5,3.0948,0.2391,0.0772
c2_17,1,1789029613.592207,5,3.0948,0.2391,0.0772
c2_17,1,1789029613.812207,5,3.0948,0.2391,0.0772
c2_17,1,1789029614.032207,5,3.0948,0.2391,0.0772
c2_17,1,1789029614.252207,5,3.0948,0.2391,0.0772
c2_17,1,1789029614.472207,5,3.0948,0.2391,0.0772
c2_17,1,1789029614.692207,5,3.0948,0.2391,0.0772
c2_17,1,1789029614.9122071,5,3.0948,0.2391,0.0772
c2_17,1,1789029615.1322072,5,3.0948,0.2391,0.0772
c2_17,1,1789029615.3522072,5,3.0948,0.2391,0.0772
c2_17,1,1789029615.5722072,5,3.0948,0.2391,0.0772
c2_17,1,1789029615.7922072,5,3.0948,0.2391,0.0772
c2_17,1,1789029616.0122073,5,3.0948,0.2391,0.0772
c2_17,1,1789029616.2322073,6,3.1113,0.2164,0.0695
c2_17,1,1789029616.4522073,6,3.1113,0.2164,0.0695
c2_17,1,1789029616.6722074,6,3.1113,0.2164,0.0695
c2_17,1,1789029616.8922074,6,3.1113,0.2164,0.0695
c2_17,1,1789029617.1122074,6,3.1113,0.2164,0.0695
c2_17,1,1789029617.3322074,6,3.1113,0.2164,0.0695
c2_17,1,1789029617.5522075,6,3.1113,0.2164,0.0695
c2_17,1,1789029617.7722075,6,3.1113,0.2164,0.0695
c2_17,1,1789029617.9922075,6,3.1113,0.2164,0.0695
c2_17,1,1789029618.2122076,6,3.1113,0.2164,0.0695
c2_17,1,1789029618.4322076,6,3.1113,0.2164,0.0695
c2_17,1,1789029618.6522076,6,3.1113,0.2164,0.0695
c2_17,1,1789029618.8722076,6,3.1113,0.2164,0.0695
c2_17,1,1789029619.0922077,6,3.1113,0.2164,0.0695
c2_17,1,1789029619.3122077,6,3.1113,0.2164,0.0695
c2_17,1,1789029619.5322077,6,3.1113,0.2164,0.0695
c2_17,1,1789029619.7522078,7,3.1703,0.2375,0.0749
c2_17,1,1789029619.9722078,7,3.1703,0.2375,0.0749
c2_17,1,1789029620.1922078,7,3.1703,0.2375,0.0749
c2_17,1,1789029620.4122078,7,3.1703,0.2375,0.0749
c2_17,1,1789029620.6322079,7,3.1703,0.2375,0.0749
c2_17,1,1789029620.852208,7,3.1703,0.2375,0.0749
c2_17,1,1789029621.072208,7,3.1703,0.2375,0.0749
c2_17,1,1789029621.292208,7,3.1703,0.2375,0.0749
c2_17,1,1789029621.512208,7,3.1703,0.2375,0.0749
c2_17,1,1789029621.732208,7,3.1703,0.2375,0.0749
c2_17,1,1789029621.952208,7,3.1703,0.2375,0.0749
c2_17,1,1789029622.172208,7,3.1703,0.2375,0.0749
c2_17,1,1789029622.392208,7,3.1703,0.2375,0.0749
c2_17,1,1789029622.6122081,7,3.1703,0.2375,0.0749
c2_17,1,1789029622.8322082,7,3.1703,0.2375,0.0749
c2_17,1,1789029623.0522082,8,3.1934,0.227,0.0711
c2_17,1,1789029623.2722082,8,3.1934,0.227,0.0711
c2_17,1,1789029623.4922082,8,3.1934,0.227,0.0711
c2_17,1,1789029623.7122083,8,3.1934,0.227,0.0711
c2_17,1,1789029623.9322083,8,3.1934,0.227,0.0711
c2_17,1,1789029624.1522083,8,3.1934,0.227,0.0711
c2_17,1,1789029624.3722084,8,3.1934,0.227,0.0711
c2_17,1,1789029624.5922084,8,3.1934,0.227,0.0711
c2_17,1,1789029624.8122084,8,3.1934,0.227,0.0711
c2_17,1,1789029625.0322084,8,3.1934,0.227,0.0711
c2_17,1,1789029625.2522085,8,3.1934,0.227,0.0711
c2_17,1,1789029625.4722085,8,3.1934,0.227,0.0711
c2_17,1,1789029625.6922085,8,3.1934,0.227,0.0711
c2_17,1,1789029625.9122086,8,3.1934,0.227,0.0711
c2_17,1,1789029626.1322086,9,3.1879,0.2129,0.0668
c2_17,1,1789029626.3522086,9,3.1879,0.2129,0.0668
c2_17,1,1789029626.5722086,9,3.1879,0.2129,0.0668
c2_17,1,1789029626.7922087,9,3.1879,0.2129,0.0668
c2_17,1,1789029627.0122087,9,3.1879,0.2129,0.0668
c2_17,1,1789029627.2322087,9,3.1879,0.2129,0.0668
c2_17,1,1789029627.4522088,9,3.1879,0.2129,0.0668
c2_17,1,1789029627.6722088,9,3.1879,0.2129,0.0668
c2_17,1,1789029627.8922088,9,3.1879,0.2129,0.0668
c2_17,1,1789029628.1122088,9,3.1879,0.2129,0.0668
c2_17,1,1789029628.3322089,9,3.1879,0.2129,0.0668
c2_17,1,1789029628.552209,9,3.1879,0.2129,0.0668
c2_17,1,1789029628.772209,9,3.1879,0.2129,0.0668
c2_17,1,1789029628.992209,9,3.1879,0.2129,0.0668
c2_17,1,1789029629.212209,9,3.1879,0.2129,0.0668
c2_17,1,1789029629.432209,10,3.201,0.2041,0.0638
c2_17,1,1789029629.652209,10,3.201,0.2041,0.0638
c2_17,1,1789029629.872209,10,3.201,0.2041,0.0638
c2_17,1,1789029630.092209,10,3.201,0.2041,0.0638
c2_17,1,1789029630.3122091,10,3.201,0.2041,0.0638
c2_17,1,1789029630.5322092,10,3.201,0.2041,0.0638
c2_17,1,1789029630.7522092,10,3.201,0.2041,0.0638
c2_17,1,1789029630.9722092,10,3.201,0.2041,0.0638
c2_17,1,1789029631.1922092,10,3.201,0.2041,0.0638
c2_17,1,1789029631.4122093,10,3.201,0.2041,0.0638
c2_17,1,1789029631.6322093,10,3.201,0.2041,0.0638
c2_17,1,1789029631.8522093,10,3.201,0.2041,0.0638
c2_17,1,1789029632.0722094,10,3.201,0.2041,0.0638
c2_17,1,1789029632.2922094,10,3.201,0.2041,0.0638
c2_17,1,1789029632.5122094,11,3.186,0.1988,0.0624
c2_17,1,1789029632.7322094,11,3.186,0.1988,0.0624
c2_17,1,1789029632.9522095,11,3.186,0.1988,0.0624
c2_17,1,1789029633.1722095,11,3.186,0.1988,0.0624
c2_17,1,1789029633.3922095,11,3.186,0.1988,0.0624
c2_17,1,1789029633.6122096,11,3.186,0.1988,0.0624
c2_17,1,1789029633.8322096,11,3.186,0.1988,0.0624
c2_17,1,1789029634.0522096,11,3.186,0.1988,0.0624
c2_17,1,1789029634.2722096,11,3.186,0.1988,0.0624
c2_17,1,1789029634.4922097,11,3.186,0.1988,0.0624
c2_17,1,1789029634.7122097,11,3.186,0.1988,0.0624
c2_17,1,1789029634.9322097,11,3.186,0.1988,0.0624
benign_18,0,1789029651.6268961,3,3.074,0.0219,0.0071
benign_18,0,1789029651.8468962,3,3.074,0.0219,0.0071
benign_18,0,1789029652.0668962,3,3.074,0.0219,0.0071
benign_18,0,1789029652.2868962,3,3.074,0.0219,0.0071
benign_18,0,1789029652.5068963,3,3.074,0.0219,0.0071
benign_18,0,1789029652.7268963,3,3.074,0.0219,0.0071
benign_18,0,1789029652.9468963,3,3.074,0.0219,0.0071
benign_18,0,1789029653.1668963,3,3.074,0.0219,0.0071
benign_18,0,1789029653.3868964,3,3.074,0.0219,0.0071
benign_18,0,1789029653.6068964,3,3.074,0.0219,0.0071
benign_18,0,1789029653.8268964,3,3.074,0.0219,0.0071
benign_18,0,1789029654.0468965,3,3.074,0.0219,0.0071
benign_18,0,1789029654.2668965,3,3.074,0.0219,0.0071
benign_18,0,1789029654.4868965,3,3.074,0.0219,0.0071
benign_18,0,1789029654.7068965,3,3.074,0.0219,0.0071
benign_18,0,1789029654.9268966,3,3.074,0.0219,0.0071
benign_18,0,1789029655.1468966,3,3.074,0.0219,0.0071
benign_18,0,1789029655.3668966,3,3.074,0.0219,0.0071
benign_18,0,1789029655.5868967,3,3.074,0.0219,0.0071
benign_18,0,1789029655.8068967,3,3.074,0.0219,0.0071
benign_18,0,1789029656.0268967,3,3.074,0.0219,0.0071
benign_18,0,1789029656.2468967,3,3.074,0.0219,0.0071
benign_18,0,1789029656.4668968,3,3.074,0.0219,0.0071
benign_18,0,1789029656.6868968,3,3.074,0.0219,0.0071
benign_18,0,1789029656.9068968,3,3.074,0.0219,0.0071
benign_18,0,1789029657.1268969,3,3.074,0.0219,0.0071
benign_18,0,1789029657.346897,3,3.074,0.0219,0.0071
benign_18,0,1789029657.566897,3,3.074,0.0219,0.0071
benign_18,0,1789029657.786897,3,3.074,0.0219,0.0071
benign_18,0,1789029658.006897,3,3.074,0.0219,0.0071
benign_18,0,1789029658.226897,3,3.074,0.0219,0.0071
benign_18,0,1789029658.446897,3,3.074,0.0219,0.0071
benign_18,0,1789029658.666897,3,3.074,0.0219,0.0071
benign_18,0,1789029658.886897,3,3.074,0.0219,0.0071
benign_18,0,1789029659.106897,3,3.074,0.0219,0.0071
benign_18,0,1789029659.3268971,3,3.074,0.0219,0.0071
benign_18,0,1789029659.5468972,3,3.074,0.0219,0.0071
benign_18,0,1789029659.7668972,3,3.074,0.0219,0.0071
benign_18,0,1789029659.9868972,3,3.074,0.0219,0.0071
benign_18,0,1789029660.2068973,3,3.074,0.0219,0.0071
benign_18,0,1789029660.4268973,3,3.074,0.0219,0.0071
benign_18,0,1789029660.6468973,3,3.074,0.0219,0.0071
benign_18,0,1789029660.8668973,3,3.074,0.0219,0.0071
benign_18,0,1789029661.0868974,3,3.074,0.0219,0.0071
benign_18,0,1789029661.3068974,3,3.074,0.0219,0.0071
benign_18,0,1789029661.5268974,3,3.074,0.0219,0.0071
benign_18,0,1789029661.7468975,3,3.074,0.0219,0.0071
benign_18,0,1789029661.9668975,3,3.074,0.0219,0.0071
benign_18,0,1789029662.1868975,3,3.074,0.0219,0.0071
benign_18,0,1789029662.4068975,3,3.074,0.0219,0.0071
benign_18,0,1789029662.6268976,3,3.074,0.0219,0.0071
benign_18,0,1789029662.8468976,3,3.074,0.0219,0.0071
benign_18,0,1789029663.0668976,3,3.074,0.0219,0.0071
benign_18,0,1789029663.2868977,3,3.074,0.0219,0.0071
benign_18,0,1789029663.5068977,3,3.074,0.0219,0.0071
benign_18,0,1789029663.7268977,3,3.074,0.0219,0.0071
benign_18,0,1789029663.9468977,3,3.074,0.0219,0.0071
benign_18,0,1789029664.1668978,3,3.074,0.0219,0.0071
benign_18,0,1789029664.3868978,3,3.074,0.0219,0.0071
benign_18,0,1789029664.6068978,3,3.074,0.0219,0.0071
benign_18,0,1789029664.8268979,3,3.074,0.0219,0.0071
benign_18,0,1789029665.046898,3,3.074,0.0219,0.0071
benign_18,0,1789029665.266898,3,3.074,0.0219,0.0071
benign_18,0,1789029665.486898,3,3.074,0.0219,0.0071
benign_18,0,1789029665.706898,3,3.074,0.0219,0.0071
c2_18,1,1789029678.8624508,3,4.28,0.4967,0.1161
c2_18,1,1789029679.0824509,3,4.28,0.4967,0.1161
c2_18,1,1789029679.302451,3,4.28,0.4967,0.1161
c2_18,1,1789029679.522451,3,4.28,0.4967,0.1161
c2_18,1,1789029679.742451,3,4.28,0.4967,0.1161
c2_18,1,1789029679.962451,3,4.28,0.4967,0.1161
c2_18,1,1789029680.182451,3,4.28,0.4967,0.1161
c2_18,1,1789029680.402451,3,4.28,0.4967,0.1161
c2_18,1,1789029680.622451,3,4.28,0.4967,0.1161
c2_18,1,1789029680.842451,3,4.28,0.4967,0.1161
c2_18,1,1789029681.0624511,3,4.28,0.4967,0.1161
c2_18,1,1789029681.2824512,3,4.28,0.4967,0.1161
c2_18,1,1789029681.5024512,3,4.28,0.4967,0.1161
c2_18,1,1789029681.7224512,3,4.28,0.4967,0.1161
c2_18,1,1789029681.9424512,3,4.28,0.4967,0.1161
c2_18,1,1789029682.1624513,3,4.28,0.4967,0.1161
c2_18,1,1789029682.3824513,3,4.28,0.4967,0.1161
c2_18,1,1789029682.6024513,3,4.28,0.4967,0.1161
c2_18,1,1789029682.8224514,3,4.28,0.4967,0.1161
c2_18,1,1789029683.0424514,3,4.28,0.4967,0.1161
c2_18,1,1789029683.2624514,4,4.3591,0.4207,0.0965
c2_18,1,1789029683.4824514,4,4.3591,0.4207,0.0965
c2_18,1,1789029683.7024515,4,4.3591,0.4207,0.0965
c2_18,1,1789029683.9224515,4,4.3591,0.4207,0.0965
c2_18,1,1789029684.1424515,4,4.3591,0.4207,0.0965
c2_18,1,1789029684.3624516,4,4.3591,0.4207,0.0965
c2_18,1,1789029684.5824516,4,4.3591,0.4207,0.0965
c2_18,1,1789029684.8024516,4,4.3591,0.4207,0.0965
c2_18,1,1789029685.0224516,4,4.3591,0.4207,0.0965
c2_18,1,1789029685.2424517,4,4.3591,0.4207,0.0965
c2_18,1,1789029685.4624517,4,4.3591,0.4207,0.0965
c2_18,1,1789029685.6824517,4,4.3591,0.4207,0.0965
c2_18,1,1789029685.9024518,4,4.3591,0.4207,0.0965
c2_18,1,1789029686.1224518,4,4.3591,0.4207,0.0965
c2_18,1,1789029686.3424518,4,4.3591,0.4207,0.0965
c2_18,1,1789029686.5624518,4,4.3591,0.4207,0.0965
c2_18,1,1789029686.7824519,4,4.3591,0.4207,0.0965
c2_18,1,1789029687.002452,5,4.1776,0.4813,0.1152
c2_18,1,1789029687.222452,5,4.1776,0.4813,0.1152
c2_18,1,1789029687.442452,5,4.1776,0.4813,0.1152
c2_18,1,1789029687.662452,5,4.1776,0.4813,0.1152
c2_18,1,1789029687.882452,5,4.1776,0.4813,0.1152
c2_18,1,1789029688.102452,5,4.1776,0.4813,0.1152
c2_18,1,1789029688.322452,5,4.1776,0.4813,0.1152
c2_18,1,1789029688.542452,5,4.1776,0.4813,0.1152
c2_18,1,1789029688.7624521,5,4.1776,0.4813,0.1152
c2_18,1,1789029688.9824522,5,4.1776,0.4813,0.1152
c2_18,1,1789029689.2024522,5,4.1776,0.4813,0.1152
c2_18,1,1789029689.4224522,5,4.1776,0.4813,0.1152
c2_18,1,1789029689.6424522,5,4.1776,0.4813,0.1152
c2_18,1,1789029689.8624523,5,4.1776,0.4813,0.1152
c2_18,1,1789029690.0824523,5,4.1776,0.4813,0.1152
c2_18,1,1789029690.3024523,5,4.1776,0.4813,0.1152
c2_18,1,1789029690.5224524,5,4.1776,0.4813,0.1152
c2_18,1,1789029690.7424524,5,4.1776,0.4813,0.1152
c2_18,1,1789029690.9624524,5,4.1776,0.4813,0.1152
c2_18,1,1789029691.1824524,6,4.1726,0.4306,0.1032
c2_18,1,1789029691.4024525,6,4.1726,0.4306,0.1032
c2_18,1,1789029691.6224525,6,4.1726,0.4306,0.1032
c2_18,1,1789029691.8424525,6,4.1726,0.4306,0.1032
c2_18,1,1789029692.0624526,6,4.1726,0.4306,0.1032
c2_18,1,1789029692.2824526,6,4.1726,0.4306,0.1032
c2_18,1,1789029692.5024526,6,4.1726,0.4306,0.1032
c2_18,1,1789029692.7224526,6,4.1726,0.4306,0.1032
c2_18,1,1789029692.9424527,6,4.1726,0.4306,0.1032
c2_18,1,1789029693.1624527,6,4.1726,0.4306,0.1032
c2_18,1,1789029693.3824527,6,4.1726,0.4306,0.1032
c2_18,1,1789029693.6024528,6,4.1726,0.4306,0.1032
c2_18,1,1789029693.8224528,6,4.1726,0.4306,0.1032
c2_18,1,1789029694.0424528,6,4.1726,0.4306,0.1032
c2_18,1,1789029694.2624528,6,4.1726,0.4306,0.1032
c2_18,1,1789029694.4824529,6,4.1726,0.4306,0.1032
c2_18,1,1789029694.702453,6,4.1726,0.4306,0.1032
c2_18,1,1789029694.922453,7,4.0939,0.4306,0.1052
c2_18,1,1789029695.142453,7,4.0939,0.4306,0.1052
c2_18,1,1789029695.362453,7,4.0939,0.4306,0.1052
c2_18,1,1789029695.582453,7,4.0939,0.4306,0.1052
c2_18,1,1789029695.802453,7,4.0939,0.4306,0.1052
c2_18,1,1789029696.022453,7,4.0939,0.4306,0.1052
c2_18,1,1789029696.242453,7,4.0939,0.4306,0.1052
c2_18,1,1789029696.4624531,7,4.0939,0.4306,0.1052
c2_18,1,1789029696.6824532,7,4.0939,0.4306,0.1052
c2_18,1,1789029696.9024532,7,4.0939,0.4306,0.1052
c2_18,1,1789029697.1224532,7,4.0939,0.4306,0.1052
c2_18,1,1789029697.3424532,7,4.0939,0.4306,0.1052
c2_18,1,1789029697.5624533,7,4.0939,0.4306,0.1052
c2_18,1,1789029697.7824533,7,4.0939,0.4306,0.1052
c2_18,1,1789029698.0024533,7,4.0939,0.4306,0.1052
c2_18,1,1789029698.2224534,7,4.0939,0.4306,0.1052
c2_18,1,1789029698.4424534,7,4.0939,0.4306,0.1052
c2_18,1,1789029698.6624534,7,4.0939,0.4306,0.1052
c2_18,1,1789029698.8824534,7,4.0939,0.4306,0.1052
c2_18,1,1789029699.1024535,7,4.0939,0.4306,0.1052
c2_18,1,1789029699.3224535,7,4.0939,0.4306,0.1052
c2_18,1,1789029699.5424535,8,4.1727,0.4429,0.1061
c2_18,1,1789029699.7624536,8,4.1727,0.4429,0.1061
c2_18,1,1789029699.9824536,8,4.1727,0.4429,0.1061
c2_18,1,1789029700.2024536,8,4.1727,0.4429,0.1061
c2_18,1,1789029700.4224536,8,4.1727,0.4429,0.1061
c2_18,1,1789029700.6424537,8,4.1727,0.4429,0.1061
c2_18,1,1789029700.8624537,8,4.1727,0.4429,0.1061
c2_18,1,1789029701.0824537,8,4.1727,0.4429,0.1061
c2_18,1,1789029701.3024538,8,4.1727,0.4429,0.1061
c2_18,1,1789029701.5224538,8,4.1727,0.4429,0.1061
c2_18,1,1789029701.7424538,8,4.1727,0.4429,0.1061
c2_18,1,1789029701.9624538,8,4.1727,0.4429,0.1061
c2_18,1,1789029702.1824539,8,4.1727,0.4429,0.1061
c2_18,1,1789029702.402454,8,4.1727,0.4429,0.1061
c2_18,1,1789029702.622454,8,4.1727,0.4429,0.1061
c2_18,1,1789029702.842454,8,4.1727,0.4429,0.1061
c2_18,1,1789029703.062454,8,4.1727,0.4429,0.1061
c2_18,1,1789029703.282454,8,4.1727,0.4429,0.1061
c2_18,1,1789029703.502454,8,4.1727,0.4429,0.1061
c2_18,1,1789029703.722454,9,4.1782,0.4145,0.0992
c2_18,1,1789029703.942454,9,4.1782,0.4145,0.0992
c2_18,1,1789029704.1624541,9,4.1782,0.4145,0.0992
c2_18,1,1789029704.3824542,9,4.1782,0.4145,0.0992
c2_18,1,1789029704.6024542,9,4.1782,0.4145,0.0992
c2_18,1,1789029704.8224542,9,4.1782,0.4145,0.0992
c2_18,1,1789029705.0424542,9,4.1782,0.4145,0.0992
c2_18,1,1789029705.2624543,9,4.1782,0.4145,0.0992
c2_18,1,1789029705.4824543,9,4.1782,0.4145,0.0992
c2_18,1,1789029705.7024543,9,4.1782,0.4145,0.0992
c2_18,1,1789029705.9224544,9,4.1782,0.4145,0.0992
c2_18,1,1789029706.1424544,9,4.1782,0.4145,0.0992
c2_18,1,1789029706.3624544,9,4.1782,0.4145,0.0992
c2_18,1,1789029706.5824544,9,4.1782,0.4145,0.0992
c2_18,1,1789029706.8024545,9,4.1782,0.4145,0.0992
c2_18,1,1789029707.0224545,9,4.1782,0.4145,0.0992
benign_19,0,1789029716.7855508,3,1.6721,0.2319,0.1387
benign_19,0,1789029717.0055509,3,1.6721,0.2319,0.1387
benign_19,0,1789029717.225551,3,1.6721,0.2319,0.1387
benign_19,0,1789029717.445551,3,1.6721,0.2319,0.1387
benign_19,0,1789029717.665551,3,1.6721,0.2319,0.1387
benign_19,0,1789029717.885551,3,1.6721,0.2319,0.1387
benign_19,0,1789029718.105551,3,1.6721,0.2319,0.1387
benign_19,0,1789029718.325551,3,1.6721,0.2319,0.1387
benign_19,0,1789029718.545551,3,1.6721,0.2319,0.1387
benign_19,0,1789029718.765551,3,1.6721,0.2319,0.1387
benign_19,0,1789029718.985551,3,1.6721,0.2319,0.1387
benign_19,0,1789029719.2055511,3,1.6721,0.2319,0.1387
benign_19,0,1789029719.4255512,3,1.6721,0.2319,0.1387
benign_19,0,1789029719.6455512,3,1.6721,0.2319,0.1387
benign_19,0,1789029719.8655512,3,1.6721,0.2319,0.1387
benign_19,0,1789029720.0855513,3,1.6721,0.2319,0.1387
benign_19,0,1789029720.3055513,3,1.6721,0.2319,0.1387
benign_19,0,1789029720.5255513,3,1.6721,0.2319,0.1387
benign_19,0,1789029720.7455513,4,2.4253,1.0818,0.4461
benign_19,0,1789029720.9655514,4,2.4253,1.0818,0.4461
benign_19,0,1789029721.1855514,4,2.4253,1.0818,0.4461
benign_19,0,1789029721.4055514,4,2.4253,1.0818,0.4461
benign_19,0,1789029721.6255515,4,2.4253,1.0818,0.4461
benign_19,0,1789029721.8455515,4,2.4253,1.0818,0.4461
benign_19,0,1789029722.0655515,4,2.4253,1.0818,0.4461
benign_19,0,1789029722.2855515,4,2.4253,1.0818,0.4461
benign_19,0,1789029722.5055516,4,2.4253,1.0818,0.4461
benign_19,0,1789029722.7255516,4,2.4253,1.0818,0.4461
benign_19,0,1789029722.9455516,4,2.4253,1.0818,0.4461
benign_19,0,1789029723.1655517,4,2.4253,1.0818,0.4461
benign_19,0,1789029723.3855517,4,2.4253,1.0818,0.4461
benign_19,0,1789029723.6055517,4,2.4253,1.0818,0.4461
benign_19,0,1789029723.8255517,4,2.4253,1.0818,0.4461
benign_19,0,1789029724.0455518,4,2.4253,1.0818,0.4461
benign_19,0,1789029724.2655518,4,2.4253,1.0818,0.4461
benign_19,0,1789029724.4855518,4,2.4253,1.0818,0.4461
benign_19,0,1789029724.7055519,4,2.4253,1.0818,0.4461
c2_19,1,1789029742.5521479,3,5.8686,0.2403,0.041
c2_19,1,1789029742.772148,3,5.8686,0.2403,0.041
c2_19,1,1789029742.992148,3,5.8686,0.2403,0.041
c2_19,1,1789029743.212148,3,5.8686,0.2403,0.041
c2_19,1,1789029743.432148,3,5.8686,0.2403,0.041
c2_19,1,1789029743.652148,3,5.8686,0.2403,0.041
c2_19,1,1789029743.872148,3,5.8686,0.2403,0.041
c2_19,1,1789029744.092148,3,5.8686,0.2403,0.041
c2_19,1,1789029744.312148,3,5.8686,0.2403,0.041
c2_19,1,1789029744.5321481,3,5.8686,0.2403,0.041
c2_19,1,1789029744.7521482,3,5.8686,0.2403,0.041
c2_19,1,1789029744.9721482,3,5.8686,0.2403,0.041
c2_19,1,1789029745.1921482,3,5.8686,0.2403,0.041
c2_19,1,1789029745.4121482,3,5.8686,0.2403,0.041
c2_19,1,1789029745.6321483,3,5.8686,0.2403,0.041
c2_19,1,1789029745.8521483,3,5.8686,0.2403,0.041
c2_19,1,1789029746.0721483,3,5.8686,0.2403,0.041
c2_19,1,1789029746.2921484,3,5.8686,0.2403,0.041
c2_19,1,1789029746.5121484,3,5.8686,0.2403,0.041
c2_19,1,1789029746.7321484,3,5.8686,0.2403,0.041
c2_19,1,1789029746.9521484,3,5.8686,0.2403,0.041
c2_19,1,1789029747.1721485,3,5.8686,0.2403,0.041
c2_19,1,1789029747.3921485,3,5.8686,0.2403,0.041
c2_19,1,1789029747.6121485,3,5.8686,0.2403,0.041
c2_19,1,1789029747.8321486,3,5.8686,0.2403,0.041
c2_19,1,1789029748.0521486,3,5.8686,0.2403,0.041
c2_19,1,1789029748.2721486,3,5.8686,0.2403,0.041
c2_19,1,1789029748.4921486,3,5.8686,0.2403,0.041
c2_19,1,1789029748.7121487,3,5.8686,0.2403,0.041
c2_19,1,1789029748.9321487,4,6.0103,0.2805,0.0467
c2_19,1,1789029749.1521487,4,6.0103,0.2805,0.0467
c2_19,1,1789029749.3721488,4,6.0103,0.2805,0.0467
c2_19,1,1789029749.5921488,4,6.0103,0.2805,0.0467
c2_19,1,1789029749.8121488,4,6.0103,0.2805,0.0467
c2_19,1,1789029750.0321488,4,6.0103,0.2805,0.0467
c2_19,1,1789029750.2521489,4,6.0103,0.2805,0.0467
c2_19,1,1789029750.472149,4,6.0103,0.2805,0.0467
c2_19,1,1789029750.692149,4,6.0103,0.2805,0.0467
c2_19,1,1789029750.912149,4,6.0103,0.2805,0.0467
c2_19,1,1789029751.132149,4,6.0103,0.2805,0.0467
c2_19,1,1789029751.352149,4,6.0103,0.2805,0.0467
c2_19,1,1789029751.572149,4,6.0103,0.2805,0.0467
c2_19,1,1789029751.792149,4,6.0103,0.2805,0.0467
c2_19,1,1789029752.012149,4,6.0103,0.2805,0.0467
c2_19,1,1789029752.2321491,4,6.0103,0.2805,0.0467
c2_19,1,1789029752.4521492,4,6.0103,0.2805,0.0467
c2_19,1,1789029752.6721492,4,6.0103,0.2805,0.0467
c2_19,1,1789029752.8921492,4,6.0103,0.2805,0.0467
c2_19,1,1789029753.1121492,4,6.0103,0.2805,0.0467
c2_19,1,1789029753.3321493,4,6.0103,0.2805,0.0467
c2_19,1,1789029753.5521493,4,6.0103,0.2805,0.0467
c2_19,1,1789029753.7721493,4,6.0103,0.2805,0.0467
c2_19,1,1789029753.9921494,5,5.7869,0.4569,0.0789
c2_19,1,1789029754.2121494,5,5.7869,0.4569,0.0789
c2_19,1,1789029754.4321494,5,5.7869,0.4569,0.0789
c2_19,1,1789029754.6521494,5,5.7869,0.4569,0.0789
c2_19,1,1789029754.8721495,5,5.7869,0.4569,0.0789
c2_19,1,1789029755.0921495,5,5.7869,0.4569,0.0789
c2_19,1,1789029755.3121495,5,5.7869,0.4569,0.0789
c2_19,1,1789029755.5321496,5,5.7869,0.4569,0.0789
c2_19,1,1789029755.7521496,5,5.7869,0.4569,0.0789
c2_19,1,1789029755.9721496,5,5.7869,0.4569,0.0789
c2_19,1,1789029756.1921496,5,5.7869,0.4569,0.0789
c2_19,1,1789029756.4121497,5,5.7869,0.4569,0.0789
c2_19,1,1789029756.6321497,5,5.7869,0.4569,0.0789
c2_19,1,1789029756.8521497,5,5.7869,0.4569,0.0789
c2_19,1,1789029757.0721498,5,5.7869,0.4569,0.0789
c2_19,1,1789029757.2921498,5,5.7869,0.4569,0.0789
c2_19,1,1789029757.5121498,5,5.7869,0.4569,0.0789
c2_19,1,1789029757.7321498,5,5.7869,0.4569,0.0789
c2_19,1,1789029757.9521499,5,5.7869,0.4569,0.0789
c2_19,1,1789029758.17215,5,5.7869,0.4569,0.0789
c2_19,1,1789029758.39215,5,5.7869,0.4569,0.0789
c2_19,1,1789029758.61215,5,5.7869,0.4569,0.0789
c2_19,1,1789029758.83215,5,5.7869,0.4569,0.0789
c2_19,1,1789029759.05215,5,5.7869,0.4569,0.0789
c2_19,1,1789029759.27215,5,5.7869,0.4569,0.0789
c2_19,1,1789029759.49215,5,5.7869,0.4569,0.0789
c2_19,1,1789029759.71215,5,5.7869,0.4569,0.0789
c2_19,1,1789029759.9321501,5,5.7869,0.4569,0.0789
c2_19,1,1789029760.1521502,6,5.8619,0.4353,0.0743
c2_19,1,1789029760.3721502,6,5.8619,0.4353,0.0743
c2_19,1,1789029760.5921502,6,5.8619,0.4353,0.0743
c2_19,1,1789029760.8121502,6,5.8619,0.4353,0.0743
c2_19,1,1789029761.0321503,6,5.8619,0.4353,0.0743
c2_19,1,1789029761.2521503,6,5.8619,0.4353,0.0743
c2_19,1,1789029761.4721503,6,5.8619,0.4353,0.0743
c2_19,1,1789029761.6921504,6,5.8619,0.4353,0.0743
c2_19,1,1789029761.9121504,6,5.8619,0.4353,0.0743
c2_19,1,1789029762.1321504,6,5.8619,0.4353,0.0743
c2_19,1,1789029762.3521504,6,5.8619,0.4353,0.0743
c2_19,1,1789029762.5721505,6,5.8619,0.4353,0.0743
c2_19,1,1789029762.7921505,6,5.8619,0.4353,0.0743
c2_19,1,1789029763.0121505,6,5.8619,0.4353,0.0743
c2_19,1,1789029763.2321506,6,5.8619,0.4353,0.0743
c2_19,1,1789029763.4521506,6,5.8619,0.4353,0.0743
c2_19,1,1789029763.6721506,6,5.8619,0.4353,0.0743
c2_19,1,1789029763.8921506,6,5.8619,0.4353,0.0743
c2_19,1,1789029764.1121507,6,5.8619,0.4353,0.0743
c2_19,1,1789029764.3321507,6,5.8619,0.4353,0.0743
c2_19,1,1789029764.5521507,6,5.8619,0.4353,0.0743
c2_19,1,1789029764.7721508,6,5.8619,0.4353,0.0743
c2_19,1,1789029764.9921508,6,5.8619,0.4353,0.0743
c2_19,1,1789029765.2121508,6,5.8619,0.4353,0.0743
c2_19,1,1789029765.4321508,6,5.8619,0.4353,0.0743
c2_19,1,1789029765.6521509,6,5.8619,0.4353,0.0743
c2_19,1,1789029765.872151,7,5.815,0.4109,0.0707
c2_19,1,1789029766.092151,7,5.815,0.4109,0.0707
c2_19,1,1789029766.312151,7,5.815,0.4109,0.0707
c2_19,1,1789029766.532151,7,5.815,0.4109,0.0707
c2_19,1,1789029766.752151,7,5.815,0.4109,0.0707
c2_19,1,1789029766.972151,7,5.815,0.4109,0.0707
c2_19,1,1789029767.192151,7,5.815,0.4109,0.0707
c2_19,1,1789029767.412151,7,5.815,0.4109,0.0707
c2_19,1,1789029767.6321511,7,5.815,0.4109,0.0707
c2_19,1,1789029767.8521512,7,5.815,0.4109,0.0707
c2_19,1,1789029768.0721512,7,5.815,0.4109,0.0707
c2_19,1,1789029768.2921512,7,5.815,0.4109,0.0707
c2_19,1,1789029768.5121512,7,5.815,0.4109,0.0707
c2_19,1,1789029768.7321513,7,5.815,0.4109,0.0707
c2_19,1,1789029768.9521513,7,5.815,0.4109,0.0707
c2_19,1,1789029769.1721513,7,5.815,0.4109,0.0707
c2_19,1,1789029769.3921514,7,5.815,0.4109,0.0707
c2_19,1,1789029769.6121514,7,5.815,0.4109,0.0707
c2_19,1,1789029769.8321514,7,5.815,0.4109,0.0707
c2_19,1,1789029770.0521514,7,5.815,0.4109,0.0707
c2_19,1,1789029770.2721515,7,5.815,0.4109,0.0707
c2_19,1,1789029770.4921515,7,5.815,0.4109,0.0707
c2_19,1,1789029770.7121515,7,5.815,0.4109,0.0707
c2_19,1,1789029770.9321516,7,5.815,0.4109,0.0707
c2_19,1,1789029771.1521516,7,5.815,0.4109,0.0707
c2_19,1,1789029771.3721516,7,5.815,0.4109,0.0707
c2_19,1,1789029771.5921516,8,5.8149,0.3804,0.0654
c2_19,1,1789029771.8121517,8,5.8149,0.3804,0.0654
c2_19,1,1789029772.0321517,8,5.8149,0.3804,0.0654
c2_19,1,1789029772.2521517,8,5.8149,0.3804,0.0654
c2_19,1,1789029772.4721518,8,5.8149,0.3804,0.0654
c2_19,1,1789029772.6921518,8,5.8149,0.3804,0.0654
c2_19,1,1789029772.9121518,8,5.8149,0.3804,0.0654
c2_19,1,1789029773.1321518,8,5.8149,0.3804,0.0654
c2_19,1,1789029773.3521519,8,5.8149,0.3804,0.0654
c2_19,1,1789029773.572152,8,5.8149,0.3804,0.0654
c2_19,1,1789029773.792152,8,5.8149,0.3804,0.0654
c2_19,1,1789029774.012152,8,5.8149,0.3804,0.0654
c2_19,1,1789029774.232152,8,5.8149,0.3804,0.0654
c2_19,1,1789029774.452152,8,5.8149,0.3804,0.0654
c2_19,1,1789029774.672152,8,5.8149,0.3804,0.0654
c2_19,1,1789029774.892152,8,5.8149,0.3804,0.0654
c2_19,1,1789029775.112152,8,5.8149,0.3804,0.0654
c2_19,1,1789029775.3321521,8,5.8149,0.3804,0.0654
c2_19,1,1789029775.5521522,8,5.8149,0.3804,0.0654
c2_19,1,1789029775.7721522,8,5.8149,0.3804,0.0654
c2_19,1,1789029775.9921522,8,5.8149,0.3804,0.0654
c2_19,1,1789029776.2121522,8,5.8149,0.3804,0.0654
c2_19,1,1789029776.4321523,9,5.7056,0.4585,0.0804
c2_19,1,1789029776.6521523,9,5.7056,0.4585,0.0804
c2_19,1,1789029776.8721523,9,5.7056,0.4585,0.0804
c2_19,1,1789029777.0921524,9,5.7056,0.4585,0.0804
c2_19,1,1789029777.3121524,9,5.7056,0.4585,0.0804
c2_19,1,1789029777.5321524,9,5.7056,0.4585,0.0804
c2_19,1,1789029777.7521524,9,5.7056,0.4585,0.0804
c2_19,1,1789029777.9721525,9,5.7056,0.4585,0.0804
c2_19,1,1789029778.1921525,9,5.7056,0.4585,0.0804
c2_19,1,1789029778.4121525,9,5.7056,0.4585,0.0804
c2_19,1,1789029778.6321526,9,5.7056,0.4585,0.0804
c2_19,1,1789029778.8521526,9,5.7056,0.4585,0.0804
c2_19,1,1789029779.0721526,9,5.7056,0.4585,0.0804
c2_19,1,1789029779.2921526,9,5.7056,0.4585,0.0804
c2_19,1,1789029779.5121527,9,5.7056,0.4585,0.0804
c2_19,1,1789029779.7321527,9,5.7056,0.4585,0.0804
c2_19,1,1789029779.9521527,9,5.7056,0.4585,0.0804
c2_19,1,1789029780.1721528,9,5.7056,0.4585,0.0804
c2_19,1,1789029780.3921528,9,5.7056,0.4585,0.0804
c2_19,1,1789029780.6121528,9,5.7056,0.4585,0.0804
c2_19,1,1789029780.8321528,9,5.7056,0.4585,0.0804
c2_19,1,1789029781.0521529,9,5.7056,0.4585,0.0804
c2_19,1,1789029781.272153,9,5.7056,0.4585,0.0804
benign_20,0,1789029797.850473,3,0.8907,0.6381,0.7164
benign_20,0,1789029798.070473,4,0.6313,0.6372,1.0094
benign_20,0,1789029798.290473,4,0.6313,0.6372,1.0094
benign_20,0,1789029798.510473,4,0.6313,0.6372,1.0094
benign_20,0,1789029798.730473,4,0.6313,0.6372,1.0094
benign_20,0,1789029798.950473,4,0.6313,0.6372,1.0094
benign_20,0,1789029799.170473,4,0.6313,0.6372,1.0094
benign_20,0,1789029799.3904731,4,0.6313,0.6372,1.0094
benign_20,0,1789029799.6104732,4,0.6313,0.6372,1.0094
benign_20,0,1789029799.8304732,4,0.6313,0.6372,1.0094
benign_20,0,1789029800.0504732,4,0.6313,0.6372,1.0094
benign_20,0,1789029800.2704732,4,0.6313,0.6372,1.0094
benign_20,0,1789029800.4904733,4,0.6313,0.6372,1.0094
benign_20,0,1789029800.7104733,4,0.6313,0.6372,1.0094
benign_20,0,1789029800.9304733,4,0.6313,0.6372,1.0094
benign_20,0,1789029801.1504734,4,0.6313,0.6372,1.0094
benign_20,0,1789029801.3704734,4,0.6313,0.6372,1.0094
benign_20,0,1789029801.5904734,4,0.6313,0.6372,1.0094
benign_20,0,1789029801.8104734,4,0.6313,0.6372,1.0094
benign_20,0,1789029802.0304735,4,0.6313,0.6372,1.0094
benign_20,0,1789029802.2504735,4,0.6313,0.6372,1.0094
benign_20,0,1789029802.4704735,4,0.6313,0.6372,1.0094
benign_20,0,1789029802.6904736,4,0.6313,0.6372,1.0094
benign_20,0,1789029802.9104736,4,0.6313,0.6372,1.0094
benign_20,0,1789029803.1304736,5,1.7149,1.9564,1.1408
benign_20,0,1789029803.3504736,5,1.7149,1.9564,1.1408
benign_20,0,1789029803.5704737,5,1.7149,1.9564,1.1408
benign_20,0,1789029803.7904737,5,1.7149,1.9564,1.1408
benign_20,0,1789029804.0104737,5,1.7149,1.9564,1.1408
benign_20,0,1789029804.2304738,5,1.7149,1.9564,1.1408
benign_20,0,1789029804.4504738,5,1.7149,1.9564,1.1408
benign_20,0,1789029804.6704738,5,1.7149,1.9564,1.1408
benign_20,0,1789029804.8904738,5,1.7149,1.9564,1.1408
benign_20,0,1789029805.1104739,5,1.7149,1.9564,1.1408
benign_20,0,1789029805.330474,5,1.7149,1.9564,1.1408
benign_20,0,1789029805.550474,5,1.7149,1.9564,1.1408
benign_20,0,1789029805.770474,5,1.7149,1.9564,1.1408
benign_20,0,1789029805.990474,5,1.7149,1.9564,1.1408
benign_20,0,1789029806.210474,5,1.7149,1.9564,1.1408
benign_20,0,1789029806.430474,5,1.7149,1.9564,1.1408
benign_20,0,1789029806.650474,5,1.7149,1.9564,1.1408
benign_20,0,1789029806.870474,5,1.7149,1.9564,1.1408
benign_20,0,1789029807.0904741,5,1.7149,1.9564,1.1408
benign_20,0,1789029807.3104742,5,1.7149,1.9564,1.1408
benign_20,0,1789029807.5304742,5,1.7149,1.9564,1.1408
benign_20,0,1789029807.7504742,5,1.7149,1.9564,1.1408
benign_20,0,1789029807.9704742,5,1.7149,1.9564,1.1408
benign_20,0,1789029808.1904743,5,1.7149,1.9564,1.1408
benign_20,0,1789029808.4104743,5,1.7149,1.9564,1.1408
benign_20,0,1789029808.6304743,5,1.7149,1.9564,1.1408
benign_20,0,1789029808.8504744,5,1.7149,1.9564,1.1408
benign_20,0,1789029809.0704744,5,1.7149,1.9564,1.1408
benign_20,0,1789029809.2904744,5,1.7149,1.9564,1.1408
benign_20,0,1789029809.5104744,5,1.7149,1.9564,1.1408
benign_20,0,1789029809.7304745,5,1.7149,1.9564,1.1408
benign_20,0,1789029809.9504745,5,1.7149,1.9564,1.1408
c2_20,1,1789029823.6729815,3,4.1459,0.0246,0.0059
c2_20,1,1789029823.8929815,3,4.1459,0.0246,0.0059
c2_20,1,1789029824.1129816,3,4.1459,0.0246,0.0059
c2_20,1,1789029824.3329816,3,4.1459,0.0246,0.0059
c2_20,1,1789029824.5529816,3,4.1459,0.0246,0.0059
c2_20,1,1789029824.7729816,3,4.1459,0.0246,0.0059
c2_20,1,1789029824.9929817,3,4.1459,0.0246,0.0059
c2_20,1,1789029825.2129817,3,4.1459,0.0246,0.0059
c2_20,1,1789029825.4329817,3,4.1459,0.0246,0.0059
c2_20,1,1789029825.6529818,3,4.1459,0.0246,0.0059
c2_20,1,1789029825.8729818,3,4.1459,0.0246,0.0059
c2_20,1,1789029826.0929818,3,4.1459,0.0246,0.0059
c2_20,1,1789029826.3129818,3,4.1459,0.0246,0.0059
c2_20,1,1789029826.5329819,3,4.1459,0.0246,0.0059
c2_20,1,1789029826.752982,3,4.1459,0.0246,0.0059
c2_20,1,1789029826.972982,3,4.1459,0.0246,0.0059
c2_20,1,1789029827.192982,3,4.1459,0.0246,0.0059
c2_20,1,1789029827.412982,3,4.1459,0.0246,0.0059
c2_20,1,1789029827.632982,3,4.1459,0.0246,0.0059
c2_20,1,1789029827.852982,4,4.1529,0.0224,0.0054
c2_20,1,1789029828.072982,4,4.1529,0.0224,0.0054
c2_20,1,1789029828.292982,4,4.1529,0.0224,0.0054
c2_20,1,1789029828.5129821,4,4.1529,0.0224,0.0054
c2_20,1,1789029828.7329822,4,4.1529,0.0224,0.0054
c2_20,1,1789029828.9529822,4,4.1529,0.0224,0.0054
c2_20,1,1789029829.1729822,4,4.1529,0.0224,0.0054
c2_20,1,1789029829.3929822,4,4.1529,0.0224,0.0054
c2_20,1,1789029829.6129823,4,4.1529,0.0224,0.0054
c2_20,1,1789029829.8329823,4,4.1529,0.0224,0.0054
c2_20,1,1789029830.0529823,4,4.1529,0.0224,0.0054
c2_20,1,1789029830.2729824,4,4.1529,0.0224,0.0054
c2_20,1,1789029830.4929824,4,4.1529,0.0224,0.0054
c2_20,1,1789029830.7129824,4,4.1529,0.0224,0.0054
c2_20,1,1789029830.9329824,4,4.1529,0.0224,0.0054
c2_20,1,1789029831.1529825,4,4.1529,0.0224,0.0054
c2_20,1,1789029831.3729825,4,4.1529,0.0224,0.0054
c2_20,1,1789029831.5929825,4,4.1529,0.0224,0.0054
c2_20,1,1789029831.8129826,4,4.1529,0.0224,0.0054
c2_20,1,1789029832.0329826,4,4.1529,0.0224,0.0054
c2_20,1,1789029832.2529826,5,4.2,0.0839,0.02
c2_20,1,1789029832.4729826,5,4.2,0.0839,0.02
c2_20,1,1789029832.6929827,5,4.2,0.0839,0.02
c2_20,1,1789029832.9129827,5,4.2,0.0839,0.02
c2_20,1,1789029833.1329827,5,4.2,0.0839,0.02
c2_20,1,1789029833.3529828,5,4.2,0.0839,0.02
c2_20,1,1789029833.5729828,5,4.2,0.0839,0.02
c2_20,1,1789029833.7929828,5,4.2,0.0839,0.02
c2_20,1,1789029834.0129828,5,4.2,0.0839,0.02
c2_20,1,1789029834.2329829,5,4.2,0.0839,0.02
c2_20,1,1789029834.452983,5,4.2,0.0839,0.02
c2_20,1,1789029834.672983,5,4.2,0.0839,0.02
c2_20,1,1789029834.892983,5,4.2,0.0839,0.02
c2_20,1,1789029835.112983,5,4.2,0.0839,0.02
c2_20,1,1789029835.332983,5,4.2,0.0839,0.02
c2_20,1,1789029835.552983,5,4.2,0.0839,0.02
c2_20,1,1789029835.772983,6,4.091,0.2305,0.0564
c2_20,1,1789029835.992983,6,4.091,0.2305,0.0564
c2_20,1,1789029836.2129831,6,4.091,0.2305,0.0564
c2_20,1,1789029836.4329832,6,4.091,0.2305,0.0564
c2_20,1,1789029836.6529832,6,4.091,0.2305,0.0564
c2_20,1,1789029836.8729832,6,4.091,0.2305,0.0564
c2_20,1,1789029837.0929832,6,4.091,0.2305,0.0564
c2_20,1,1789029837.3129833,6,4.091,0.2305,0.0564
c2_20,1,1789029837.5329833,6,4.091,0.2305,0.0564
c2_20,1,1789029837.7529833,6,4.091,0.2305,0.0564
c2_20,1,1789029837.9729834,6,4.091,0.2305,0.0564
c2_20,1,1789029838.1929834,6,4.091,0.2305,0.0564
c2_20,1,1789029838.4129834,6,4.091,0.2305,0.0564
c2_20,1,1789029838.6329834,6,4.091,0.2305,0.0564
c2_20,1,1789029838.8529835,6,4.091,0.2305,0.0564
c2_20,1,1789029839.0729835,6,4.091,0.2305,0.0564
c2_20,1,1789029839.2929835,6,4.091,0.2305,0.0564
c2_20,1,1789029839.5129836,6,4.091,0.2305,0.0564
c2_20,1,1789029839.7329836,6,4.091,0.2305,0.0564
c2_20,1,1789029839.9529836,7,4.1131,0.2161,0.0526
c2_20,1,1789029840.1729836,7,4.1131,0.2161,0.0526
c2_20,1,1789029840.3929837,7,4.1131,0.2161,0.0526
c2_20,1,1789029840.6129837,7,4.1131,0.2161,0.0526
c2_20,1,1789029840.8329837,7,4.1131,0.2161,0.0526
c2_20,1,1789029841.0529838,7,4.1131,0.2161,0.0526
c2_20,1,1789029841.2729838,7,4.1131,0.2161,0.0526
c2_20,1,1789029841.4929838,7,4.1131,0.2161,0.0526
c2_20,1,1789029841.7129838,7,4.1131,0.2161,0.0526
c2_20,1,1789029841.9329839,7,4.1131,0.2161,0.0526
c2_20,1,1789029842.152984,7,4.1131,0.2161,0.0526
c2_20,1,1789029842.372984,7,4.1131,0.2161,0.0526
c2_20,1,1789029842.592984,7,4.1131,0.2161,0.0526
c2_20,1,1789029842.812984,7,4.1131,0.2161,0.0526
c2_20,1,1789029843.032984,7,4.1131,0.2161,0.0526
c2_20,1,1789029843.252984,7,4.1131,0.2161,0.0526
c2_20,1,1789029843.472984,7,4.1131,0.2161,0.0526
c2_20,1,1789029843.692984,7,4.1131,0.2161,0.0526
c2_20,1,1789029843.9129841,7,4.1131,0.2161,0.0526
c2_20,1,1789029844.1329842,7,4.1131,0.2161,0.0526
c2_20,1,1789029844.3529842,7,4.1131,0.2161,0.0526
c2_20,1,1789029844.5729842,8,4.1565,0.2267,0.0545
c2_20,1,1789029844.7929842,8,4.1565,0.2267,0.0545
c2_20,1,1789029845.0129843,8,4.1565,0.2267,0.0545
c2_20,1,1789029845.2329843,8,4.1565,0.2267,0.0545
c2_20,1,1789029845.4529843,8,4.1565,0.2267,0.0545
c2_20,1,1789029845.6729844,8,4.1565,0.2267,0.0545
c2_20,1,1789029845.8929844,8,4.1565,0.2267,0.0545
c2_20,1,1789029846.1129844,8,4.1565,0.2267,0.0545
c2_20,1,1789029846.3329844,8,4.1565,0.2267,0.0545
c2_20,1,1789029846.5529845,8,4.1565,0.2267,0.0545
c2_20,1,1789029846.7729845,8,4.1565,0.2267,0.0545
c2_20,1,1789029846.9929845,8,4.1565,0.2267,0.0545
c2_20,1,1789029847.2129846,8,4.1565,0.2267,0.0545
c2_20,1,1789029847.4329846,8,4.1565,0.2267,0.0545
c2_20,1,1789029847.6529846,8,4.1565,0.2267,0.0545
c2_20,1,1789029847.8729846,8,4.1565,0.2267,0.0545
c2_20,1,1789029848.0929847,9,4.0832,0.2875,0.0704
c2_20,1,1789029848.3129847,9,4.0832,0.2875,0.0704
c2_20,1,1789029848.5329847,9,4.0832,0.2875,0.0704
c2_20,1,1789029848.7529848,9,4.0832,0.2875,0.0704
c2_20,1,1789029848.9729848,9,4.0832,0.2875,0.0704
c2_20,1,1789029849.1929848,9,4.0832,0.2875,0.0704
c2_20,1,1789029849.4129848,9,4.0832,0.2875,0.0704
c2_20,1,1789029849.6329849,9,4.0832,0.2875,0.0704
c2_20,1,1789029849.852985,9,4.0832,0.2875,0.0704
c2_20,1,1789029850.072985,9,4.0832,0.2875,0.0704
c2_20,1,1789029850.292985,9,4.0832,0.2875,0.0704
c2_20,1,1789029850.512985,9,4.0832,0.2875,0.0704
c2_20,1,1789029850.732985,9,4.0832,0.2875,0.0704
c2_20,1,1789029850.952985,9,4.0832,0.2875,0.0704
c2_20,1,1789029851.172985,9,4.0832,0.2875,0.0704
c2_20,1,1789029851.392985,9,4.0832,0.2875,0.0704
c2_20,1,1789029851.6129851,9,4.0832,0.2875,0.0704
c2_20,1,1789029851.8329852,9,4.0832,0.2875,0.0704
c2_20,1,1789029852.0529852,9,4.0832,0.2875,0.0704
c2_20,1,1789029852.2729852,9,4.0832,0.2875,0.0704
c2_20,1,1789029852.4929852,10,4.1233,0.2938,0.0713
c2_20,1,1789029852.7129853,10,4.1233,0.2938,0.0713
c2_20,1,1789029852.9329853,10,4.1233,0.2938,0.0713
c2_20,1,1789029853.1529853,10,4.1233,0.2938,0.0713
c2_20,1,1789029853.3729854,10,4.1233,0.2938,0.0713
c2_20,1,1789029853.5929854,10,4.1233,0.2938,0.0713
c2_20,1,1789029853.8129854,10,4.1233,0.2938,0.0713
c2_20,1,1789029854.0329854,10,4.1233,0.2938,0.0713
c2_20,1,1789029854.2529855,10,4.1233,0.2938,0.0713
c2_20,1,1789029854.4729855,10,4.1233,0.2938,0.0713
c2_20,1,1789029854.6929855,10,4.1233,0.2938,0.0713
c2_20,1,1789029854.9129856,10,4.1233,0.2938,0.0713
c2_20,1,1789029855.1329856,10,4.1233,0.2938,0.0713
c2_20,1,1789029855.3529856,10,4.1233,0.2938,0.0713
c2_20,1,1789029855.5729856,10,4.1233,0.2938,0.0713
c2_20,1,1789029855.7929857,10,4.1233,0.2938,0.0713
c2_20,1,1789029856.0129857,10,4.1233,0.2938,0.0713
c2_20,1,1789029856.2329857,10,4.1233,0.2938,0.0713
c2_20,1,1789029856.4529858,10,4.1233,0.2938,0.0713
c2_20,1,1789029856.6729858,11,4.1276,0.279,0.0676
c2_20,1,1789029856.8929858,11,4.1276,0.279,0.0676
c2_20,1,1789029857.1129858,11,4.1276,0.279,0.0676
c2_20,1,1789029857.3329859,11,4.1276,0.279,0.0676
c2_20,1,1789029857.552986,11,4.1276,0.279,0.0676
c2_20,1,1789029857.772986,11,4.1276,0.279,0.0676
c2_20,1,1789029857.992986,11,4.1276,0.279,0.0676
c2_20,1,1789029858.212986,11,4.1276,0.279,0.0676
c2_20,1,1789029858.432986,11,4.1276,0.279,0.0676
c2_20,1,1789029858.652986,11,4.1276,0.279,0.0676
c2_20,1,1789029858.872986,11,4.1276,0.279,0.0676
c2_20,1,1789029859.092986,11,4.1276,0.279,0.0676
c2_20,1,1789029859.3129861,11,4.1276,0.279,0.0676
c2_20,1,1789029859.5329862,11,4.1276,0.279,0.0676
c2_20,1,1789029859.7529862,11,4.1276,0.279,0.0676
c2_20,1,1789029859.9729862,11,4.1276,0.279,0.0676
c2_20,1,1789029860.1929862,11,4.1276,0.279,0.0676
c2_20,1,1789029860.4129863,12,4.0955,0.2847,0.0695
c2_20,1,1789029860.6329863,12,4.0955,0.2847,0.0695
c2_20,1,1789029860.8529863,12,4.0955,0.2847,0.0695
c2_20,1,1789029861.0729864,12,4.0955,0.2847,0.0695
c2_20,1,1789029861.2929864,12,4.0955,0.2847,0.0695
c2_20,1,1789029861.5129864,12,4.0955,0.2847,0.0695
c2_20,1,1789029861.7329865,12,4.0955,0.2847,0.0695
c2_20,1,1789029861.9529865,12,4.0955,0.2847,0.0695
c2_20,1,1789029862.1729865,12,4.0955,0.2847,0.0695
c2_20,1,1789029862.3929865,12,4.0955,0.2847,0.0695
c2_20,1,1789029862.6129866,12,4.0955,0.2847,0.0695
c2_20,1,1789029862.8329866,12,4.0955,0.2847,0.0695
c2_20,1,1789029863.0529866,12,4.0955,0.2847,0.0695
c2_20,1,1789029863.2729867,12,4.0955,0.2847,0.0695
c2_20,1,1789029863.4929867,12,4.0955,0.2847,0.0695
c2_20,1,1789029863.7129867,12,4.0955,0.2847,0.0695
c2_20,1,1789029863.9329867,12,4.0955,0.2847,0.0695
c2_20,1,1789029864.1529868,12,4.0955,0.2847,0.0695
c2_20,1,1789029864.3729868,12,4.0955,0.2847,0.0695
c2_20,1,1789029864.5929868,12,4.0955,0.2847,0.0695
c2_20,1,1789029864.8129869,13,4.1259,0.2906,0.0704
c2_20,1,1789029865.0329869,13,4.1259,0.2906,0.0704
c2_20,1,1789029865.252987,13,4.1259,0.2906,0.0704
c2_20,1,1789029865.472987,13,4.1259,0.2906,0.0704
c2_20,1,1789029865.692987,13,4.1259,0.2906,0.0704
c2_20,1,1789029865.912987,13,4.1259,0.2906,0.0704
c2_20,1,1789029866.132987,13,4.1259,0.2906,0.0704
c2_20,1,1789029866.352987,13,4.1259,0.2906,0.0704
c2_20,1,1789029866.572987,13,4.1259,0.2906,0.0704
c2_20,1,1789029866.792987,13,4.1259,0.2906,0.0704
c2_20,1,1789029867.0129871,13,4.1259,0.2906,0.0704
c2_20,1,1789029867.2329872,13,4.1259,0.2906,0.0704
c2_20,1,1789029867.4529872,13,4.1259,0.2906,0.0704
c2_20,1,1789029867.6729872,13,4.1259,0.2906,0.0704
benign_21,0,1789029882.5092485,3,5.2274,5.0156,0.9595
benign_21,0,1789029882.7292485,3,5.2274,5.0156,0.9595
benign_21,0,1789029882.9492486,3,5.2274,5.0156,0.9595
benign_21,0,1789029883.1692486,3,5.2274,5.0156,0.9595
benign_21,0,1789029883.3892486,3,5.2274,5.0156,0.9595
benign_21,0,1789029883.6092486,3,5.2274,5.0156,0.9595
benign_21,0,1789029883.8292487,4,3.9217,4.4922,1.1455
benign_21,0,1789029884.0492487,4,3.9217,4.4922,1.1455
benign_21,0,1789029884.2692487,4,3.9217,4.4922,1.1455
benign_21,0,1789029884.4892488,4,3.9217,4.4922,1.1455
benign_21,0,1789029884.7092488,4,3.9217,4.4922,1.1455
benign_21,0,1789029884.9292488,4,3.9217,4.4922,1.1455
benign_21,0,1789029885.1492488,4,3.9217,4.4922,1.1455
benign_21,0,1789029885.3692489,4,3.9217,4.4922,1.1455
benign_21,0,1789029885.589249,4,3.9217,4.4922,1.1455
benign_21,0,1789029885.809249,4,3.9217,4.4922,1.1455
benign_21,0,1789029886.029249,4,3.9217,4.4922,1.1455
benign_21,0,1789029886.249249,4,3.9217,4.4922,1.1455
benign_21,0,1789029886.469249,4,3.9217,4.4922,1.1455
benign_21,0,1789029886.689249,4,3.9217,4.4922,1.1455
benign_21,0,1789029886.909249,4,3.9217,4.4922,1.1455
benign_21,0,1789029887.129249,4,3.9217,4.4922,1.1455
benign_21,0,1789029887.3492491,4,3.9217,4.4922,1.1455
benign_21,0,1789029887.5692492,4,3.9217,4.4922,1.1455
benign_21,0,1789029887.7892492,4,3.9217,4.4922,1.1455
benign_21,0,1789029888.0092492,4,3.9217,4.4922,1.1455
benign_21,0,1789029888.2292492,4,3.9217,4.4922,1.1455
benign_21,0,1789029888.4492493,4,3.9217,4.4922,1.1455
benign_21,0,1789029888.6692493,4,3.9217,4.4922,1.1455
benign_21,0,1789029888.8892493,4,3.9217,4.4922,1.1455
benign_21,0,1789029889.1092494,4,3.9217,4.4922,1.1455
benign_21,0,1789029889.3292494,4,3.9217,4.4922,1.1455
benign_21,0,1789029889.5492494,4,3.9217,4.4922,1.1455
benign_21,0,1789029889.7692494,4,3.9217,4.4922,1.1455
benign_21,0,1789029889.9892495,4,3.9217,4.4922,1.1455
benign_21,0,1789029890.2092495,4,3.9217,4.4922,1.1455
benign_21,0,1789029890.4292495,4,3.9217,4.4922,1.1455
benign_21,0,1789029890.6492496,4,3.9217,4.4922,1.1455
benign_21,0,1789029890.8692496,4,3.9217,4.4922,1.1455
benign_21,0,1789029891.0892496,4,3.9217,4.4922,1.1455
benign_21,0,1789029891.3092496,4,3.9217,4.4922,1.1455
benign_21,0,1789029891.5292497,5,4.8451,4.2063,0.8682
benign_21,0,1789029891.7492497,5,4.8451,4.2063,0.8682
benign_21,0,1789029891.9692497,5,4.8451,4.2063,0.8682
benign_21,0,1789029892.1892498,5,4.8451,4.2063,0.8682
benign_21,0,1789029892.4092498,5,4.8451,4.2063,0.8682
benign_21,0,1789029892.6292498,5,4.8451,4.2063,0.8682
benign_21,0,1789029892.8492498,5,4.8451,4.2063,0.8682
benign_21,0,1789029893.0692499,5,4.8451,4.2063,0.8682
benign_21,0,1789029893.28925,5,4.8451,4.2063,0.8682
benign_21,0,1789029893.50925,5,4.8451,4.2063,0.8682
benign_21,0,1789029893.72925,5,4.8451,4.2063,0.8682
benign_21,0,1789029893.94925,5,4.8451,4.2063,0.8682
benign_21,0,1789029894.16925,5,4.8451,4.2063,0.8682
benign_21,0,1789029894.38925,5,4.8451,4.2063,0.8682
benign_21,0,1789029894.60925,5,4.8451,4.2063,0.8682
benign_21,0,1789029894.82925,5,4.8451,4.2063,0.8682
c2_21,1,1789029913.2777483,3,5.6595,0.6212,0.1098
c2_21,1,1789029913.4977484,3,5.6595,0.6212,0.1098
c2_21,1,1789029913.7177484,3,5.6595,0.6212,0.1098
c2_21,1,1789029913.9377484,3,5.6595,0.6212,0.1098
c2_21,1,1789029914.1577485,3,5.6595,0.6212,0.1098
c2_21,1,1789029914.3777485,3,5.6595,0.6212,0.1098
c2_21,1,1789029914.5977485,3,5.6595,0.6212,0.1098
c2_21,1,1789029914.8177485,3,5.6595,0.6212,0.1098
c2_21,1,1789029915.0377486,3,5.6595,0.6212,0.1098
c2_21,1,1789029915.2577486,3,5.6595,0.6212,0.1098
c2_21,1,1789029915.4777486,3,5.6595,0.6212,0.1098
c2_21,1,1789029915.6977487,3,5.6595,0.6212,0.1098
c2_21,1,1789029915.9177487,3,5.6595,0.6212,0.1098
c2_21,1,1789029916.1377487,3,5.6595,0.6212,0.1098
c2_21,1,1789029916.3577487,3,5.6595,0.6212,0.1098
c2_21,1,1789029916.5777488,3,5.6595,0.6212,0.1098
c2_21,1,1789029916.7977488,3,5.6595,0.6212,0.1098
c2_21,1,1789029917.0177488,3,5.6595,0.6212,0.1098
c2_21,1,1789029917.2377489,3,5.6595,0.6212,0.1098
c2_21,1,1789029917.457749,3,5.6595,0.6212,0.1098
c2_21,1,1789029917.677749,3,5.6595,0.6212,0.1098
c2_21,1,1789029917.897749,3,5.6595,0.6212,0.1098
c2_21,1,1789029918.117749,3,5.6595,0.6212,0.1098
c2_21,1,1789029918.337749,3,5.6595,0.6212,0.1098
c2_21,1,1789029918.557749,3,5.6595,0.6212,0.1098
c2_21,1,1789029918.777749,3,5.6595,0.6212,0.1098
c2_21,1,1789029918.997749,3,5.6595,0.6212,0.1098
c2_21,1,1789029919.217749,4,5.7753,0.533,0.0923
c2_21,1,1789029919.4377491,4,5.7753,0.533,0.0923
c2_21,1,1789029919.6577492,4,5.7753,0.533,0.0923
c2_21,1,1789029919.8777492,4,5.7753,0.533,0.0923
c2_21,1,1789029920.0977492,4,5.7753,0.533,0.0923
c2_21,1,1789029920.3177493,4,5.7753,0.533,0.0923
c2_21,1,1789029920.5377493,4,5.7753,0.533,0.0923
c2_21,1,1789029920.7577493,4,5.7753,0.533,0.0923
c2_21,1,1789029920.9777493,4,5.7753,0.533,0.0923
c2_21,1,1789029921.1977494,4,5.7753,0.533,0.0923
c2_21,1,1789029921.4177494,4,5.7753,0.533,0.0923
c2_21,1,1789029921.6377494,4,5.7753,0.533,0.0923
c2_21,1,1789029921.8577495,4,5.7753,0.533,0.0923
c2_21,1,1789029922.0777495,4,5.7753,0.533,0.0923
c2_21,1,1789029922.2977495,4,5.7753,0.533,0.0923
c2_21,1,1789029922.5177495,4,5.7753,0.533,0.0923
c2_21,1,1789029922.7377496,4,5.7753,0.533,0.0923
c2_21,1,1789029922.9577496,4,5.7753,0.533,0.0923
c2_21,1,1789029923.1777496,4,5.7753,0.533,0.0923
c2_21,1,1789029923.3977497,4,5.7753,0.533,0.0923
c2_21,1,1789029923.6177497,4,5.7753,0.533,0.0923
c2_21,1,1789029923.8377497,4,5.7753,0.533,0.0923
c2_21,1,1789029924.0577497,4,5.7753,0.533,0.0923
c2_21,1,1789029924.2777498,4,5.7753,0.533,0.0923
c2_21,1,1789029924.4977498,4,5.7753,0.533,0.0923
c2_21,1,1789029924.7177498,5,5.7137,0.4738,0.0829
c2_21,1,1789029924.9377499,5,5.7137,0.4738,0.0829
c2_21,1,1789029925.15775,5,5.7137,0.4738,0.0829
c2_21,1,1789029925.37775,5,5.7137,0.4738,0.0829
c2_21,1,1789029925.59775,5,5.7137,0.4738,0.0829
c2_21,1,1789029925.81775,5,5.7137,0.4738,0.0829
c2_21,1,1789029926.03775,5,5.7137,0.4738,0.0829
c2_21,1,1789029926.25775,5,5.7137,0.4738,0.0829
c2_21,1,1789029926.47775,5,5.7137,0.4738,0.0829
c2_21,1,1789029926.69775,5,5.7137,0.4738,0.0829
c2_21,1,1789029926.9177501,5,5.7137,0.4738,0.0829
c2_21,1,1789029927.1377501,5,5.7137,0.4738,0.0829
c2_21,1,1789029927.3577502,5,5.7137,0.4738,0.0829
c2_21,1,1789029927.5777502,5,5.7137,0.4738,0.0829
c2_21,1,1789029927.7977502,5,5.7137,0.4738,0.0829
c2_21,1,1789029928.0177503,5,5.7137,0.4738,0.0829
c2_21,1,1789029928.2377503,5,5.7137,0.4738,0.0829
c2_21,1,1789029928.4577503,5,5.7137,0.4738,0.0829
c2_21,1,1789029928.6777503,5,5.7137,0.4738,0.0829
c2_21,1,1789029928.8977504,5,5.7137,0.4738,0.0829
c2_21,1,1789029929.1177504,5,5.7137,0.4738,0.0829
c2_21,1,1789029929.3377504,5,5.7137,0.4738,0.0829
c2_21,1,1789029929.5577505,5,5.7137,0.4738,0.0829
c2_21,1,1789029929.7777505,5,5.7137,0.4738,0.0829
c2_21,1,1789029929.9977505,5,5.7137,0.4738,0.0829
c2_21,1,1789029930.2177505,5,5.7137,0.4738,0.0829
c2_21,1,1789029930.4377506,5,5.7137,0.4738,0.0829
c2_21,1,1789029930.6577506,5,5.7137,0.4738,0.0829
c2_21,1,1789029930.8777506,5,5.7137,0.4738,0.0829
c2_21,1,1789029931.0977507,6,5.8183,0.4726,0.0812
c2_21,1,1789029931.3177507,6,5.8183,0.4726,0.0812
c2_21,1,1789029931.5377507,6,5.8183,0.4726,0.0812
c2_21,1,1789029931.7577507,6,5.8183,0.4726,0.0812
c2_21,1,1789029931.9777508,6,5.8183,0.4726,0.0812
c2_21,1,1789029932.1977508,6,5.8183,0.4726,0.0812
c2_21,1,1789029932.4177508,6,5.8183,0.4726,0.0812
c2_21,1,1789029932.6377509,6,5.8183,0.4726,0.0812
c2_21,1,1789029932.857751,6,5.8183,0.4726,0.0812
c2_21,1,1789029933.077751,6,5.8183,0.4726,0.0812
c2_21,1,1789029933.297751,6,5.8183,0.4726,0.0812
c2_21,1,1789029933.517751,6,5.8183,0.4726,0.0812
c2_21,1,1789029933.737751,6,5.8183,0.4726,0.0812
c2_21,1,1789029933.957751,6,5.8183,0.4726,0.0812
c2_21,1,1789029934.177751,6,5.8183,0.4726,0.0812
c2_21,1,1789029934.397751,6,5.8183,0.4726,0.0812
c2_21,1,1789029934.6177511,6,5.8183,0.4726,0.0812
c2_21,1,1789029934.8377512,6,5.8183,0.4726,0.0812
c2_21,1,1789029935.0577512,6,5.8183,0.4726,0.0812
c2_21,1,1789029935.2777512,6,5.8183,0.4726,0.0812
c2_21,1,1789029935.4977512,6,5.8183,0.4726,0.0812
c2_21,1,1789029935.7177513,6,5.8183,0.4726,0.0812
c2_21,1,1789029935.9377513,6,5.8183,0.4726,0.0812
c2_21,1,1789029936.1577513,6,5.8183,0.4726,0.0812
c2_21,1,1789029936.3777514,6,5.8183,0.4726,0.0812
c2_21,1,1789029936.5977514,6,5.8183,0.4726,0.0812
c2_21,1,1789029936.8177514,6,5.8183,0.4726,0.0812
c2_21,1,1789029937.0377514,6,5.8183,0.4726,0.0812
c2_21,1,1789029937.2577515,6,5.8183,0.4726,0.0812
c2_21,1,1789029937.4777515,6,5.8183,0.4726,0.0812
c2_21,1,1789029937.6977515,7,5.9664,0.5438,0.0912
c2_21,1,1789029937.9177516,7,5.9664,0.5438,0.0912
c2_21,1,1789029938.1377516,7,5.9664,0.5438,0.0912
c2_21,1,1789029938.3577516,7,5.9664,0.5438,0.0912
c2_21,1,1789029938.5777516,7,5.9664,0.5438,0.0912
c2_21,1,1789029938.7977517,7,5.9664,0.5438,0.0912
c2_21,1,1789029939.0177517,7,5.9664,0.5438,0.0912
c2_21,1,1789029939.2377517,7,5.9664,0.5438,0.0912
c2_21,1,1789029939.4577518,7,5.9664,0.5438,0.0912
c2_21,1,1789029939.6777518,7,5.9664,0.5438,0.0912
c2_21,1,1789029939.8977518,7,5.9664,0.5438,0.0912
c2_21,1,1789029940.1177518,7,5.9664,0.5438,0.0912
c2_21,1,1789029940.3377519,7,5.9664,0.5438,0.0912
c2_21,1,1789029940.557752,7,5.9664,0.5438,0.0912
c2_21,1,1789029940.777752,7,5.9664,0.5438,0.0912
c2_21,1,1789029940.997752,7,5.9664,0.5438,0.0912
c2_21,1,1789029941.217752,7,5.9664,0.5438,0.0912
c2_21,1,1789029941.437752,7,5.9664,0.5438,0.0912
c2_21,1,1789029941.657752,7,5.9664,0.5438,0.0912
c2_21,1,1789029941.877752,7,5.9664,0.5438,0.0912
c2_21,1,1789029942.097752,7,5.9664,0.5438,0.0912
c2_21,1,1789029942.3177521,7,5.9664,0.5438,0.0912
c2_21,1,1789029942.5377522,7,5.9664,0.5438,0.0912
c2_21,1,1789029942.7577522,7,5.9664,0.5438,0.0912
c2_21,1,1789029942.9777522,7,5.9664,0.5438,0.0912
c2_21,1,1789029943.1977522,7,5.9664,0.5438,0.0912
c2_21,1,1789029943.4177523,7,5.9664,0.5438,0.0912
c2_21,1,1789029943.6377523,7,5.9664,0.5438,0.0912
c2_21,1,1789029943.8577523,8,5.9976,0.5093,0.0849
c2_21,1,1789029944.0777524,8,5.9976,0.5093,0.0849
c2_21,1,1789029944.2977524,8,5.9976,0.5093,0.0849
c2_21,1,1789029944.5177524,8,5.9976,0.5093,0.0849
c2_21,1,1789029944.7377524,8,5.9976,0.5093,0.0849
c2_21,1,1789029944.9577525,8,5.9976,0.5093,0.0849
c2_21,1,1789029945.1777525,8,5.9976,0.5093,0.0849
c2_21,1,1789029945.3977525,8,5.9976,0.5093,0.0849
c2_21,1,1789029945.6177526,8,5.9976,0.5093,0.0849
c2_21,1,1789029945.8377526,8,5.9976,0.5093,0.0849
c2_21,1,1789029946.0577526,8,5.9976,0.5093,0.0849
c2_21,1,1789029946.2777526,8,5.9976,0.5093,0.0849
c2_21,1,1789029946.4977527,8,5.9976,0.5093,0.0849
c2_21,1,1789029946.7177527,8,5.9976,0.5093,0.0849
c2_21,1,1789029946.9377527,8,5.9976,0.5093,0.0849
c2_21,1,1789029947.1577528,8,5.9976,0.5093,0.0849
c2_21,1,1789029947.3777528,8,5.9976,0.5093,0.0849
c2_21,1,1789029947.5977528,8,5.9976,0.5093,0.0849
c2_21,1,1789029947.8177528,8,5.9976,0.5093,0.0849
c2_21,1,1789029948.0377529,8,5.9976,0.5093,0.0849
c2_21,1,1789029948.257753,8,5.9976,0.5093,0.0849
c2_21,1,1789029948.477753,8,5.9976,0.5093,0.0849
c2_21,1,1789029948.697753,8,5.9976,0.5093,0.0849
c2_21,1,1789029948.917753,8,5.9976,0.5093,0.0849
c2_21,1,1789029949.137753,8,5.9976,0.5093,0.0849
c2_21,1,1789029949.357753,8,5.9976,0.5093,0.0849
c2_21,1,1789029949.577753,8,5.9976,0.5093,0.0849
c2_21,1,1789029949.797753,9,5.9831,0.4779,0.0799
c2_21,1,1789029950.0177531,9,5.9831,0.4779,0.0799
c2_21,1,1789029950.2377532,9,5.9831,0.4779,0.0799
c2_21,1,1789029950.4577532,9,5.9831,0.4779,0.0799
c2_21,1,1789029950.6777532,9,5.9831,0.4779,0.0799
c2_21,1,1789029950.8977532,9,5.9831,0.4779,0.0799
c2_21,1,1789029951.1177533,9,5.9831,0.4779,0.0799
c2_21,1,1789029951.3377533,9,5.9831,0.4779,0.0799
c2_21,1,1789029951.5577533,9,5.9831,0.4779,0.0799
c2_21,1,1789029951.7777534,9,5.9831,0.4779,0.0799
c2_21,1,1789029951.9977534,9,5.9831,0.4779,0.0799
c2_21,1,1789029952.2177534,9,5.9831,0.4779,0.0799
c2_21,1,1789029952.4377534,9,5.9831,0.4779,0.0799
c2_21,1,1789029952.6577535,9,5.9831,0.4779,0.0799
c2_21,1,1789029952.8777535,9,5.9831,0.4779,0.0799
c2_21,1,1789029953.0977535,9,5.9831,0.4779,0.0799
c2_21,1,1789029953.3177536,9,5.9831,0.4779,0.0799
c2_21,1,1789029953.5377536,9,5.9831,0.4779,0.0799
c2_21,1,1789029953.7577536,9,5.9831,0.4779,0.0799
c2_21,1,1789029953.9777536,9,5.9831,0.4779,0.0799
c2_21,1,1789029954.1977537,9,5.9831,0.4779,0.0799
c2_21,1,1789029954.4177537,9,5.9831,0.4779,0.0799
c2_21,1,1789029954.6377537,9,5.9831,0.4779,0.0799
c2_21,1,1789029954.8577538,9,5.9831,0.4779,0.0799
c2_21,1,1789029955.0777538,9,5.9831,0.4779,0.0799
c2_21,1,1789029955.2977538,9,5.9831,0.4779,0.0799
c2_21,1,1789029955.5177538,9,5.9831,0.4779,0.0799
c2_21,1,1789029955.7377539,9,5.9831,0.4779,0.0799
c2_21,1,1789029955.957754,10,5.9933,0.4515,0.0753
c2_21,1,1789029956.177754,10,5.9933,0.4515,0.0753
c2_21,1,1789029956.397754,10,5.9933,0.4515,0.0753
c2_21,1,1789029956.617754,10,5.9933,0.4515,0.0753
c2_21,1,1789029956.837754,10,5.9933,0.4515,0.0753
c2_21,1,1789029957.057754,10,5.9933,0.4515,0.0753
c2_21,1,1789029957.277754,10,5.9933,0.4515,0.0753
c2_21,1,1789029957.497754,10,5.9933,0.4515,0.0753
c2_21,1,1789029957.7177541,10,5.9933,0.4515,0.0753
c2_21,1,1789029957.9377542,10,5.9933,0.4515,0.0753
c2_21,1,1789029958.1577542,10,5.9933,0.4515,0.0753
c2_21,1,1789029958.3777542,10,5.9933,0.4515,0.0753
c2_21,1,1789029958.5977542,10,5.9933,0.4515,0.0753
c2_21,1,1789029958.8177543,10,5.9933,0.4515,0.0753
c2_21,1,1789029959.0377543,10,5.9933,0.4515,0.0753
c2_21,1,1789029959.2577543,10,5.9933,0.4515,0.0753
c2_21,1,1789029959.4777544,10,5.9933,0.4515,0.0753
c2_21,1,1789029959.6977544,10,5.9933,0.4515,0.0753
c2_21,1,1789029959.9177544,10,5.9933,0.4515,0.0753
c2_21,1,1789029960.1377544,10,5.9933,0.4515,0.0753
c2_21,1,1789029960.3577545,10,5.9933,0.4515,0.0753
c2_21,1,1789029960.5777545,10,5.9933,0.4515,0.0753
benign_22,0,1789029970.4947653,3,3.019,1.2614,0.4178
benign_22,0,1789029970.7147653,3,3.019,1.2614,0.4178
benign_22,0,1789029970.9347653,3,3.019,1.2614,0.4178
benign_22,0,1789029971.1547654,3,3.019,1.2614,0.4178
benign_22,0,1789029971.3747654,4,2.2674,1.4801,0.6528
benign_22,0,1789029971.5947654,4,2.2674,1.4801,0.6528
benign_22,0,1789029971.8147655,4,2.2674,1.4801,0.6528
benign_22,0,1789029972.0347655,4,2.2674,1.4801,0.6528
benign_22,0,1789029972.2547655,4,2.2674,1.4801,0.6528
benign_22,0,1789029972.4747655,4,2.2674,1.4801,0.6528
benign_22,0,1789029972.6947656,4,2.2674,1.4801,0.6528
benign_22,0,1789029972.9147656,4,2.2674,1.4801,0.6528
benign_22,0,1789029973.1347656,4,2.2674,1.4801,0.6528
benign_22,0,1789029973.3547657,4,2.2674,1.4801,0.6528
benign_22,0,1789029973.5747657,4,2.2674,1.4801,0.6528
benign_22,0,1789029973.7947657,4,2.2674,1.4801,0.6528
benign_22,0,1789029974.0147657,4,2.2674,1.4801,0.6528
benign_22,0,1789029974.2347658,4,2.2674,1.4801,0.6528
benign_22,0,1789029974.4547658,4,2.2674,1.4801,0.6528
benign_22,0,1789029974.6747658,4,2.2674,1.4801,0.6528
benign_22,0,1789029974.8947659,4,2.2674,1.4801,0.6528
benign_22,0,1789029975.114766,4,2.2674,1.4801,0.6528
benign_22,0,1789029975.334766,4,2.2674,1.4801,0.6528
benign_22,0,1789029975.554766,4,2.2674,1.4801,0.6528
benign_22,0,1789029975.774766,4,2.2674,1.4801,0.6528
benign_22,0,1789029975.994766,4,2.2674,1.4801,0.6528
benign_22,0,1789029976.214766,4,2.2674,1.4801,0.6528
benign_22,0,1789029976.434766,4,2.2674,1.4801,0.6528
benign_22,0,1789029976.654766,4,2.2674,1.4801,0.6528
benign_22,0,1789029976.874766,4,2.2674,1.4801,0.6528
benign_22,0,1789029977.0947661,4,2.2674,1.4801,0.6528
benign_22,0,1789029977.3147662,4,2.2674,1.4801,0.6528
benign_22,0,1789029977.5347662,4,2.2674,1.4801,0.6528
benign_22,0,1789029977.7547662,4,2.2674,1.4801,0.6528
benign_22,0,1789029977.9747663,4,2.2674,1.4801,0.6528
benign_22,0,1789029978.1947663,4,2.2674,1.4801,0.6528
benign_22,0,1789029978.4147663,4,2.2674,1.4801,0.6528
benign_22,0,1789029978.6347663,4,2.2674,1.4801,0.6528
benign_22,0,1789029978.8547664,4,2.2674,1.4801,0.6528
benign_22,0,1789029979.0747664,4,2.2674,1.4801,0.6528
benign_22,0,1789029979.2947664,4,2.2674,1.4801,0.6528
benign_22,0,1789029979.5147665,4,2.2674,1.4801,0.6528
benign_22,0,1789029979.7347665,4,2.2674,1.4801,0.6528
benign_22,0,1789029979.9547665,4,2.2674,1.4801,0.6528
benign_22,0,1789029980.1747665,5,3.9055,3.1134,0.7972
benign_22,0,1789029980.3947666,5,3.9055,3.1134,0.7972
benign_22,0,1789029980.6147666,5,3.9055,3.1134,0.7972
benign_22,0,1789029980.8347666,5,3.9055,3.1134,0.7972
benign_22,0,1789029981.0547667,5,3.9055,3.1134,0.7972
benign_22,0,1789029981.2747667,5,3.9055,3.1134,0.7972
benign_22,0,1789029981.4947667,5,3.9055,3.1134,0.7972
benign_22,0,1789029981.7147667,5,3.9055,3.1134,0.7972
benign_22,0,1789029981.9347668,5,3.9055,3.1134,0.7972
benign_22,0,1789029982.1547668,5,3.9055,3.1134,0.7972
benign_22,0,1789029982.3747668,5,3.9055,3.1134,0.7972
benign_22,0,1789029982.5947669,5,3.9055,3.1134,0.7972
benign_22,0,1789029982.814767,5,3.9055,3.1134,0.7972
benign_22,0,1789029983.034767,5,3.9055,3.1134,0.7972
benign_22,0,1789029983.254767,5,3.9055,3.1134,0.7972
benign_22,0,1789029983.474767,5,3.9055,3.1134,0.7972
benign_22,0,1789029983.694767,5,3.9055,3.1134,0.7972
benign_22,0,1789029983.914767,5,3.9055,3.1134,0.7972
benign_22,0,1789029984.134767,5,3.9055,3.1134,0.7972
c2_22,1,1789029998.254128,3,4.3047,0.2198,0.0511
c2_22,1,1789029998.474128,3,4.3047,0.2198,0.0511
c2_22,1,1789029998.694128,3,4.3047,0.2198,0.0511
c2_22,1,1789029998.914128,3,4.3047,0.2198,0.0511
c2_22,1,1789029999.134128,3,4.3047,0.2198,0.0511
c2_22,1,1789029999.3541281,3,4.3047,0.2198,0.0511
c2_22,1,1789029999.5741282,3,4.3047,0.2198,0.0511
c2_22,1,1789029999.7941282,3,4.3047,0.2198,0.0511
c2_22,1,1789030000.0141282,3,4.3047,0.2198,0.0511
c2_22,1,1789030000.2341282,3,4.3047,0.2198,0.0511
c2_22,1,1789030000.4541283,3,4.3047,0.2198,0.0511
c2_22,1,1789030000.6741283,3,4.3047,0.2198,0.0511
c2_22,1,1789030000.8941283,3,4.3047,0.2198,0.0511
c2_22,1,1789030001.1141284,3,4.3047,0.2198,0.0511
c2_22,1,1789030001.3341284,3,4.3047,0.2198,0.0511
c2_22,1,1789030001.5541284,3,4.3047,0.2198,0.0511
c2_22,1,1789030001.7741284,3,4.3047,0.2198,0.0511
c2_22,1,1789030001.9941285,3,4.3047,0.2198,0.0511
c2_22,1,1789030002.2141285,4,4.1806,0.2509,0.06
c2_22,1,1789030002.4341285,4,4.1806,0.2509,0.06
c2_22,1,1789030002.6541286,4,4.1806,0.2509,0.06
c2_22,1,1789030002.8741286,4,4.1806,0.2509,0.06
c2_22,1,1789030003.0941286,4,4.1806,0.2509,0.06
c2_22,1,1789030003.3141286,4,4.1806,0.2509,0.06
c2_22,1,1789030003.5341287,4,4.1806,0.2509,0.06
c2_22,1,1789030003.7541287,4,4.1806,0.2509,0.06
c2_22,1,1789030003.9741287,4,4.1806,0.2509,0.06
c2_22,1,1789030004.1941288,4,4.1806,0.2509,0.06
c2_22,1,1789030004.4141288,4,4.1806,0.2509,0.06
c2_22,1,1789030004.6341288,4,4.1806,0.2509,0.06
c2_22,1,1789030004.8541288,4,4.1806,0.2509,0.06
c2_22,1,1789030005.0741289,4,4.1806,0.2509,0.06
c2_22,1,1789030005.294129,4,4.1806,0.2509,0.06
c2_22,1,1789030005.514129,4,4.1806,0.2509,0.06
c2_22,1,1789030005.734129,4,4.1806,0.2509,0.06
c2_22,1,1789030005.954129,4,4.1806,0.2509,0.06
c2_22,1,1789030006.174129,5,4.1558,0.2215,0.0533
c2_22,1,1789030006.394129,5,4.1558,0.2215,0.0533
c2_22,1,1789030006.614129,5,4.1558,0.2215,0.0533
c2_22,1,1789030006.834129,5,4.1558,0.2215,0.0533
c2_22,1,1789030007.0541291,5,4.1558,0.2215,0.0533
c2_22,1,1789030007.2741292,5,4.1558,0.2215,0.0533
c2_22,1,1789030007.4941292,5,4.1558,0.2215,0.0533
c2_22,1,1789030007.7141292,5,4.1558,0.2215,0.0533
c2_22,1,1789030007.9341292,5,4.1558,0.2215,0.0533
c2_22,1,1789030008.1541293,5,4.1558,0.2215,0.0533
c2_22,1,1789030008.3741293,5,4.1558,0.2215,0.0533
c2_22,1,1789030008.5941293,5,4.1558,0.2215,0.0533
c2_22,1,1789030008.8141294,5,4.1558,0.2215,0.0533
c2_22,1,1789030009.0341294,5,4.1558,0.2215,0.0533
c2_22,1,1789030009.2541294,5,4.1558,0.2215,0.0533
c2_22,1,1789030009.4741294,5,4.1558,0.2215,0.0533
c2_22,1,1789030009.6941295,5,4.1558,0.2215,0.0533
c2_22,1,1789030009.9141295,5,4.1558,0.2215,0.0533
c2_22,1,1789030010.1341295,5,4.1558,0.2215,0.0533
c2_22,1,1789030010.3541296,5,4.1558,0.2215,0.0533
c2_22,1,1789030010.5741296,6,4.1788,0.2034,0.0487
c2_22,1,1789030010.7941296,6,4.1788,0.2034,0.0487
c2_22,1,1789030011.0141296,6,4.1788,0.2034,0.0487
c2_22,1,1789030011.2341297,6,4.1788,0.2034,0.0487
c2_22,1,1789030011.4541297,6,4.1788,0.2034,0.0487
c2_22,1,1789030011.6741297,6,4.1788,0.2034,0.0487
c2_22,1,1789030011.8941298,6,4.1788,0.2034,0.0487
c2_22,1,1789030012.1141298,6,4.1788,0.2034,0.0487
c2_22,1,1789030012.3341298,6,4.1788,0.2034,0.0487
c2_22,1,1789030012.5541298,6,4.1788,0.2034,0.0487
c2_22,1,1789030012.7741299,6,4.1788,0.2034,0.0487
c2_22,1,1789030012.99413,6,4.1788,0.2034,0.0487
c2_22,1,1789030013.21413,6,4.1788,0.2034,0.0487
c2_22,1,1789030013.43413,6,4.1788,0.2034,0.0487
c2_22,1,1789030013.65413,6,4.1788,0.2034,0.0487
c2_22,1,1789030013.87413,6,4.1788,0.2034,0.0487
c2_22,1,1789030014.09413,6,4.1788,0.2034,0.0487
c2_22,1,1789030014.31413,6,4.1788,0.2034,0.0487
c2_22,1,1789030014.53413,6,4.1788,0.2034,0.0487
c2_22,1,1789030014.7541301,6,4.1788,0.2034,0.0487
c2_22,1,1789030014.9741302,7,4.2287,0.2167,0.0512
c2_22,1,1789030015.1941302,7,4.2287,0.2167,0.0512
c2_22,1,1789030015.4141302,7,4.2287,0.2167,0.0512
c2_22,1,1789030015.6341302,7,4.2287,0.2167,0.0512
c2_22,1,1789030015.8541303,7,4.2287,0.2167,0.0512
c2_22,1,1789030016.0741303,7,4.2287,0.2167,0.0512
c2_22,1,1789030016.2941303,7,4.2287,0.2167,0.0512
c2_22,1,1789030016.5141304,7,4.2287,0.2167,0.0512
c2_22,1,1789030016.7341304,7,4.2287,0.2167,0.0512
c2_22,1,1789030016.9541304,7,4.2287,0.2167,0.0512
c2_22,1,1789030017.1741304,7,4.2287,0.2167,0.0512
c2_22,1,1789030017.3941305,7,4.2287,0.2167,0.0512
c2_22,1,1789030017.6141305,7,4.2287,0.2167,0.0512
c2_22,1,1789030017.8341305,7,4.2287,0.2167,0.0512
c2_22,1,1789030018.0541306,7,4.2287,0.2167,0.0512
c2_22,1,1789030018.2741306,7,4.2287,0.2167,0.0512
c2_22,1,1789030018.4941306,7,4.2287,0.2167,0.0512
c2_22,1,1789030018.7141306,7,4.2287,0.2167,0.0512
c2_22,1,1789030018.9341307,7,4.2287,0.2167,0.0512
c2_22,1,1789030019.1541307,7,4.2287,0.2167,0.0512
c2_22,1,1789030019.3741307,7,4.2287,0.2167,0.0512
c2_22,1,1789030019.5941308,8,4.2849,0.2432,0.0568
c2_22,1,1789030019.8141308,8,4.2849,0.2432,0.0568
c2_22,1,1789030020.0341308,8,4.2849,0.2432,0.0568
c2_22,1,1789030020.2541308,8,4.2849,0.2432,0.0568
c2_22,1,1789030020.4741309,8,4.2849,0.2432,0.0568
c2_22,1,1789030020.694131,8,4.2849,0.2432,0.0568
c2_22,1,1789030020.914131,8,4.2849,0.2432,0.0568
c2_22,1,1789030021.134131,8,4.2849,0.2432,0.0568
c2_22,1,1789030021.354131,8,4.2849,0.2432,0.0568
c2_22,1,1789030021.574131,8,4.2849,0.2432,0.0568
c2_22,1,1789030021.794131,8,4.2849,0.2432,0.0568
c2_22,1,1789030022.014131,8,4.2849,0.2432,0.0568
c2_22,1,1789030022.234131,8,4.2849,0.2432,0.0568
c2_22,1,1789030022.4541311,8,4.2849,0.2432,0.0568
c2_22,1,1789030022.6741312,8,4.2849,0.2432,0.0568
c2_22,1,1789030022.8941312,8,4.2849,0.2432,0.0568
c2_22,1,1789030023.1141312,8,4.2849,0.2432,0.0568
c2_22,1,1789030023.3341312,8,4.2849,0.2432,0.0568
c2_22,1,1789030023.5541313,8,4.2849,0.2432,0.0568
c2_22,1,1789030023.7741313,8,4.2849,0.2432,0.0568
c2_22,1,1789030023.9941313,8,4.2849,0.2432,0.0568
c2_22,1,1789030024.2141314,9,4.3202,0.246,0.0569
c2_22,1,1789030024.4341314,9,4.3202,0.246,0.0569
c2_22,1,1789030024.6541314,9,4.3202,0.246,0.0569
c2_22,1,1789030024.8741314,9,4.3202,0.246,0.0569
c2_22,1,1789030025.0941315,9,4.3202,0.246,0.0569
c2_22,1,1789030025.3141315,9,4.3202,0.246,0.0569
c2_22,1,1789030025.5341315,9,4.3202,0.246,0.0569
c2_22,1,1789030025.7541316,9,4.3202,0.246,0.0569
c2_22,1,1789030025.9741316,9,4.3202,0.246,0.0569
c2_22,1,1789030026.1941316,9,4.3202,0.246,0.0569
c2_22,1,1789030026.4141316,9,4.3202,0.246,0.0569
c2_22,1,1789030026.6341317,9,4.3202,0.246,0.0569
c2_22,1,1789030026.8541317,9,4.3202,0.246,0.0569
c2_22,1,1789030027.0741317,9,4.3202,0.246,0.0569
c2_22,1,1789030027.2941318,9,4.3202,0.246,0.0569
c2_22,1,1789030027.5141318,9,4.3202,0.246,0.0569
c2_22,1,1789030027.7341318,9,4.3202,0.246,0.0569
c2_22,1,1789030027.9541318,9,4.3202,0.246,0.0569
c2_22,1,1789030028.1741319,9,4.3202,0.246,0.0569
c2_22,1,1789030028.394132,10,4.3118,0.2331,0.0541
c2_22,1,1789030028.614132,10,4.3118,0.2331,0.0541
c2_22,1,1789030028.834132,10,4.3118,0.2331,0.0541
c2_22,1,1789030029.054132,10,4.3118,0.2331,0.0541
c2_22,1,1789030029.274132,10,4.3118,0.2331,0.0541
c2_22,1,1789030029.494132,10,4.3118,0.2331,0.0541
c2_22,1,1789030029.714132,10,4.3118,0.2331,0.0541
c2_22,1,1789030029.934132,10,4.3118,0.2331,0.0541
c2_22,1,1789030030.1541321,10,4.3118,0.2331,0.0541
c2_22,1,1789030030.3741322,10,4.3118,0.2331,0.0541
c2_22,1,1789030030.5941322,10,4.3118,0.2331,0.0541
c2_22,1,1789030030.8141322,10,4.3118,0.2331,0.0541
c2_22,1,1789030031.0341322,10,4.3118,0.2331,0.0541
c2_22,1,1789030031.2541323,10,4.3118,0.2331,0.0541
c2_22,1,1789030031.4741323,10,4.3118,0.2331,0.0541
c2_22,1,1789030031.6941323,10,4.3118,0.2331,0.0541
c2_22,1,1789030031.9141324,10,4.3118,0.2331,0.0541
c2_22,1,1789030032.1341324,10,4.3118,0.2331,0.0541
c2_22,1,1789030032.3541324,10,4.3118,0.2331,0.0541
benign_23,0,1789030047.6176338,3,6.9518,1.9531,0.281
benign_23,0,1789030047.8376338,3,6.9518,1.9531,0.281
benign_23,0,1789030048.0576339,3,6.9518,1.9531,0.281
benign_23,0,1789030048.277634,3,6.9518,1.9531,0.281
benign_23,0,1789030048.497634,3,6.9518,1.9531,0.281
benign_23,0,1789030048.717634,3,6.9518,1.9531,0.281
benign_23,0,1789030048.937634,4,5.0658,3.1076,0.6135
benign_23,0,1789030049.157634,4,5.0658,3.1076,0.6135
benign_23,0,1789030049.377634,4,5.0658,3.1076,0.6135
benign_23,0,1789030049.597634,4,5.0658,3.1076,0.6135
benign_23,0,1789030049.817634,4,5.0658,3.1076,0.6135
benign_23,0,1789030050.0376341,4,5.0658,3.1076,0.6135
benign_23,0,1789030050.2576342,4,5.0658,3.1076,0.6135
benign_23,0,1789030050.4776342,4,5.0658,3.1076,0.6135
benign_23,0,1789030050.6976342,4,5.0658,3.1076,0.6135
benign_23,0,1789030050.9176342,4,5.0658,3.1076,0.6135
benign_23,0,1789030051.1376343,4,5.0658,3.1076,0.6135
benign_23,0,1789030051.3576343,4,5.0658,3.1076,0.6135
benign_23,0,1789030051.5776343,4,5.0658,3.1076,0.6135
benign_23,0,1789030051.7976344,4,5.0658,3.1076,0.6135
benign_23,0,1789030052.0176344,4,5.0658,3.1076,0.6135
benign_23,0,1789030052.2376344,4,5.0658,3.1076,0.6135
benign_23,0,1789030052.4576344,4,5.0658,3.1076,0.6135
benign_23,0,1789030052.6776345,4,5.0658,3.1076,0.6135
benign_23,0,1789030052.8976345,4,5.0658,3.1076,0.6135
benign_23,0,1789030053.1176345,4,5.0658,3.1076,0.6135
benign_23,0,1789030053.3376346,4,5.0658,3.1076,0.6135
benign_23,0,1789030053.5576346,4,5.0658,3.1076,0.6135
benign_23,0,1789030053.7776346,4,5.0658,3.1076,0.6135
benign_23,0,1789030053.9976346,4,5.0658,3.1076,0.6135
benign_23,0,1789030054.2176347,4,5.0658,3.1076,0.6135
benign_23,0,1789030054.4376347,4,5.0658,3.1076,0.6135
benign_23,0,1789030054.6576347,4,5.0658,3.1076,0.6135
benign_23,0,1789030054.8776348,4,5.0658,3.1076,0.6135
benign_23,0,1789030055.0976348,4,5.0658,3.1076,0.6135
benign_23,0,1789030055.3176348,4,5.0658,3.1076,0.6135
benign_23,0,1789030055.5376348,5,5.4747,2.7829,0.5083
benign_23,0,1789030055.7576349,5,5.4747,2.7829,0.5083
benign_23,0,1789030055.977635,5,5.4747,2.7829,0.5083
benign_23,0,1789030056.197635,5,5.4747,2.7829,0.5083
benign_23,0,1789030056.417635,5,5.4747,2.7829,0.5083
benign_23,0,1789030056.637635,5,5.4747,2.7829,0.5083
benign_23,0,1789030056.857635,5,5.4747,2.7829,0.5083
benign_23,0,1789030057.077635,5,5.4747,2.7829,0.5083
benign_23,0,1789030057.297635,5,5.4747,2.7829,0.5083
benign_23,0,1789030057.517635,6,4.7722,2.8583,0.599
benign_23,0,1789030057.7376351,6,4.7722,2.8583,0.599
benign_23,0,1789030057.9576352,6,4.7722,2.8583,0.599
benign_23,0,1789030058.1776352,6,4.7722,2.8583,0.599
benign_23,0,1789030058.3976352,6,4.7722,2.8583,0.599
benign_23,0,1789030058.6176353,6,4.7722,2.8583,0.599
benign_23,0,1789030058.8376353,6,4.7722,2.8583,0.599
benign_23,0,1789030059.0576353,6,4.7722,2.8583,0.599
benign_23,0,1789030059.2776353,6,4.7722,2.8583,0.599
benign_23,0,1789030059.4976354,6,4.7722,2.8583,0.599
c2_23,1,1789030073.7312052,3,4.4656,0.1669,0.0374
c2_23,1,1789030073.9512053,3,4.4656,0.1669,0.0374
c2_23,1,1789030074.1712053,3,4.4656,0.1669,0.0374
c2_23,1,1789030074.3912053,3,4.4656,0.1669,0.0374
c2_23,1,1789030074.6112053,3,4.4656,0.1669,0.0374
c2_23,1,1789030074.8312054,3,4.4656,0.1669,0.0374
c2_23,1,1789030075.0512054,3,4.4656,0.1669,0.0374
c2_23,1,1789030075.2712054,3,4.4656,0.1669,0.0374
c2_23,1,1789030075.4912055,3,4.4656,0.1669,0.0374
c2_23,1,1789030075.7112055,3,4.4656,0.1669,0.0374
c2_23,1,1789030075.9312055,3,4.4656,0.1669,0.0374
c2_23,1,1789030076.1512055,3,4.4656,0.1669,0.0374
c2_23,1,1789030076.3712056,3,4.4656,0.1669,0.0374
c2_23,1,1789030076.5912056,3,4.4656,0.1669,0.0374
c2_23,1,1789030076.8112056,3,4.4656,0.1669,0.0374
c2_23,1,1789030077.0312057,3,4.4656,0.1669,0.0374
c2_23,1,1789030077.2512057,3,4.4656,0.1669,0.0374
c2_23,1,1789030077.4712057,3,4.4656,0.1669,0.0374
c2_23,1,1789030077.6912057,3,4.4656,0.1669,0.0374
c2_23,1,1789030077.9112058,3,4.4656,0.1669,0.0374
c2_23,1,1789030078.1312058,3,4.4656,0.1669,0.0374
c2_23,1,1789030078.3512058,3,4.4656,0.1669,0.0374
c2_23,1,1789030078.5712059,4,4.5618,0.1925,0.0422
c2_23,1,1789030078.791206,4,4.5618,0.1925,0.0422
c2_23,1,1789030079.011206,4,4.5618,0.1925,0.0422
c2_23,1,1789030079.231206,4,4.5618,0.1925,0.0422
c2_23,1,1789030079.451206,4,4.5618,0.1925,0.0422
c2_23,1,1789030079.671206,4,4.5618,0.1925,0.0422
c2_23,1,1789030079.891206,4,4.5618,0.1925,0.0422
c2_23,1,1789030080.111206,4,4.5618,0.1925,0.0422
c2_23,1,1789030080.331206,4,4.5618,0.1925,0.0422
c2_23,1,1789030080.551206,4,4.5618,0.1925,0.0422
c2_23,1,1789030080.7712061,4,4.5618,0.1925,0.0422
c2_23,1,1789030080.9912062,4,4.5618,0.1925,0.0422
c2_23,1,1789030081.2112062,4,4.5618,0.1925,0.0422
c2_23,1,1789030081.4312062,4,4.5618,0.1925,0.0422
c2_23,1,1789030081.6512063,4,4.5618,0.1925,0.0422
c2_23,1,1789030081.8712063,4,4.5618,0.1925,0.0422
c2_23,1,1789030082.0912063,4,4.5618,0.1925,0.0422
c2_23,1,1789030082.3112063,4,4.5618,0.1925,0.0422
c2_23,1,1789030082.5312064,5,4.4072,0.3154,0.0716
c2_23,1,1789030082.7512064,5,4.4072,0.3154,0.0716
c2_23,1,1789030082.9712064,5,4.4072,0.3154,0.0716
c2_23,1,1789030083.1912065,5,4.4072,0.3154,0.0716
c2_23,1,1789030083.4112065,5,4.4072,0.3154,0.0716
c2_23,1,1789030083.6312065,5,4.4072,0.3154,0.0716
c2_23,1,1789030083.8512065,5,4.4072,0.3154,0.0716
c2_23,1,1789030084.0712066,5,4.4072,0.3154,0.0716
c2_23,1,1789030084.2912066,5,4.4072,0.3154,0.0716
c2_23,1,1789030084.5112066,5,4.4072,0.3154,0.0716
c2_23,1,1789030084.7312067,5,4.4072,0.3154,0.0716
c2_23,1,1789030084.9512067,5,4.4072,0.3154,0.0716
c2_23,1,1789030085.1712067,5,4.4072,0.3154,0.0716
c2_23,1,1789030085.3912067,5,4.4072,0.3154,0.0716
c2_23,1,1789030085.6112068,5,4.4072,0.3154,0.0716
c2_23,1,1789030085.8312068,5,4.4072,0.3154,0.0716
c2_23,1,1789030086.0512068,5,4.4072,0.3154,0.0716
c2_23,1,1789030086.2712069,6,4.2713,0.3917,0.0917
c2_23,1,1789030086.491207,6,4.2713,0.3917,0.0917
c2_23,1,1789030086.711207,6,4.2713,0.3917,0.0917
c2_23,1,1789030086.931207,6,4.2713,0.3917,0.0917
c2_23,1,1789030087.151207,6,4.2713,0.3917,0.0917
c2_23,1,1789030087.371207,6,4.2713,0.3917,0.0917
c2_23,1,1789030087.591207,6,4.2713,0.3917,0.0917
c2_23,1,1789030087.811207,6,4.2713,0.3917,0.0917
c2_23,1,1789030088.031207,6,4.2713,0.3917,0.0917
c2_23,1,1789030088.251207,6,4.2713,0.3917,0.0917
c2_23,1,1789030088.4712071,6,4.2713,0.3917,0.0917
c2_23,1,1789030088.6912072,6,4.2713,0.3917,0.0917
c2_23,1,1789030088.9112072,6,4.2713,0.3917,0.0917
c2_23,1,1789030089.1312072,6,4.2713,0.3917,0.0917
c2_23,1,1789030089.3512073,6,4.2713,0.3917,0.0917
c2_23,1,1789030089.5712073,6,4.2713,0.3917,0.0917
c2_23,1,1789030089.7912073,6,4.2713,0.3917,0.0917
c2_23,1,1789030090.0112073,6,4.2713,0.3917,0.0917
c2_23,1,1789030090.2312074,6,4.2713,0.3917,0.0917
c2_23,1,1789030090.4512074,6,4.2713,0.3917,0.0917
c2_23,1,1789030090.6712074,6,4.2713,0.3917,0.0917
c2_23,1,1789030090.8912075,7,4.344,0.3928,0.0904
c2_23,1,1789030091.1112075,7,4.344,0.3928,0.0904
c2_23,1,1789030091.3312075,7,4.344,0.3928,0.0904
c2_23,1,1789030091.5512075,7,4.344,0.3928,0.0904
c2_23,1,1789030091.7712076,7,4.344,0.3928,0.0904
c2_23,1,1789030091.9912076,7,4.344,0.3928,0.0904
c2_23,1,1789030092.2112076,7,4.344,0.3928,0.0904
c2_23,1,1789030092.4312077,7,4.344,0.3928,0.0904
c2_23,1,1789030092.6512077,7,4.344,0.3928,0.0904
c2_23,1,1789030092.8712077,7,4.344,0.3928,0.0904
c2_23,1,1789030093.0912077,7,4.344,0.3928,0.0904
c2_23,1,1789030093.3112078,7,4.344,0.3928,0.0904
c2_23,1,1789030093.5312078,7,4.344,0.3928,0.0904
c2_23,1,1789030093.7512078,7,4.344,0.3928,0.0904
c2_23,1,1789030093.9712079,7,4.344,0.3928,0.0904
c2_23,1,1789030094.191208,7,4.344,0.3928,0.0904
c2_23,1,1789030094.411208,7,4.344,0.3928,0.0904
c2_23,1,1789030094.631208,7,4.344,0.3928,0.0904
c2_23,1,1789030094.851208,7,4.344,0.3928,0.0904
c2_23,1,1789030095.071208,7,4.344,0.3928,0.0904
c2_23,1,1789030095.291208,7,4.344,0.3928,0.0904
c2_23,1,1789030095.511208,7,4.344,0.3928,0.0904
c2_23,1,1789030095.731208,7,4.344,0.3928,0.0904
c2_23,1,1789030095.951208,8,4.4311,0.4216,0.0951
c2_23,1,1789030096.1712081,8,4.4311,0.4216,0.0951
c2_23,1,1789030096.3912082,8,4.4311,0.4216,0.0951
c2_23,1,1789030096.6112082,8,4.4311,0.4216,0.0951
c2_23,1,1789030096.8312082,8,4.4311,0.4216,0.0951
c2_23,1,1789030097.0512083,8,4.4311,0.4216,0.0951
c2_23,1,1789030097.2712083,8,4.4311,0.4216,0.0951
c2_23,1,1789030097.4912083,8,4.4311,0.4216,0.0951
c2_23,1,1789030097.7112083,8,4.4311,0.4216,0.0951
c2_23,1,1789030097.9312084,8,4.4311,0.4216,0.0951
c2_23,1,1789030098.1512084,8,4.4311,0.4216,0.0951
c2_23,1,1789030098.3712084,8,4.4311,0.4216,0.0951
c2_23,1,1789030098.5912085,8,4.4311,0.4216,0.0951
c2_23,1,1789030098.8112085,8,4.4311,0.4216,0.0951
c2_23,1,1789030099.0312085,8,4.4311,0.4216,0.0951
c2_23,1,1789030099.2512085,8,4.4311,0.4216,0.0951
c2_23,1,1789030099.4712086,8,4.4311,0.4216,0.0951
c2_23,1,1789030099.6912086,8,4.4311,0.4216,0.0951
c2_23,1,1789030099.9112086,8,4.4311,0.4216,0.0951
c2_23,1,1789030100.1312087,8,4.4311,0.4216,0.0951
c2_23,1,1789030100.3512087,9,4.4313,0.3944,0.089
c2_23,1,1789030100.5712087,9,4.4313,0.3944,0.089
c2_23,1,1789030100.7912087,9,4.4313,0.3944,0.089
c2_23,1,1789030101.0112088,9,4.4313,0.3944,0.089
c2_23,1,1789030101.2312088,9,4.4313,0.3944,0.089
c2_23,1,1789030101.4512088,9,4.4313,0.3944,0.089
c2_23,1,1789030101.6712089,9,4.4313,0.3944,0.089
c2_23,1,1789030101.891209,9,4.4313,0.3944,0.089
c2_23,1,1789030102.111209,9,4.4313,0.3944,0.089
c2_23,1,1789030102.331209,9,4.4313,0.3944,0.089
c2_23,1,1789030102.551209,9,4.4313,0.3944,0.089
c2_23,1,1789030102.771209,9,4.4313,0.3944,0.089
c2_23,1,1789030102.991209,9,4.4313,0.3944,0.089
c2_23,1,1789030103.211209,9,4.4313,0.3944,0.089
c2_23,1,1789030103.431209,9,4.4313,0.3944,0.089
c2_23,1,1789030103.651209,9,4.4313,0.3944,0.089
c2_23,1,1789030103.8712091,9,4.4313,0.3944,0.089
c2_23,1,1789030104.0912092,9,4.4313,0.3944,0.089
benign_24,0,1789030129.3731422,3,8.7108,7.8182,0.8975
benign_24,0,1789030129.5931423,3,8.7108,7.8182,0.8975
benign_24,0,1789030129.8131423,3,8.7108,7.8182,0.8975
benign_24,0,1789030130.0331423,3,8.7108,7.8182,0.8975
benign_24,0,1789030130.2531424,3,8.7108,7.8182,0.8975
benign_24,0,1789030130.4731424,3,8.7108,7.8182,0.8975
benign_24,0,1789030130.6931424,3,8.7108,7.8182,0.8975
benign_24,0,1789030130.9131424,3,8.7108,7.8182,0.8975
benign_24,0,1789030131.1331425,3,8.7108,7.8182,0.8975
benign_24,0,1789030131.3531425,3,8.7108,7.8182,0.8975
benign_24,0,1789030131.5731425,3,8.7108,7.8182,0.8975
benign_24,0,1789030131.7931426,4,6.6789,7.0005,1.0481
benign_24,0,1789030132.0131426,4,6.6789,7.0005,1.0481
benign_24,0,1789030132.2331426,4,6.6789,7.0005,1.0481
benign_24,0,1789030132.4531426,4,6.6789,7.0005,1.0481
benign_24,0,1789030132.6731427,4,6.6789,7.0005,1.0481
benign_24,0,1789030132.8931427,4,6.6789,7.0005,1.0481
benign_24,0,1789030133.1131427,4,6.6789,7.0005,1.0481
benign_24,0,1789030133.3331428,4,6.6789,7.0005,1.0481
benign_24,0,1789030133.5531428,4,6.6789,7.0005,1.0481
benign_24,0,1789030133.7731428,4,6.6789,7.0005,1.0481
benign_24,0,1789030133.9931428,4,6.6789,7.0005,1.0481
benign_24,0,1789030134.2131429,4,6.6789,7.0005,1.0481
benign_24,0,1789030134.433143,4,6.6789,7.0005,1.0481
benign_24,0,1789030134.653143,4,6.6789,7.0005,1.0481
benign_24,0,1789030134.873143,4,6.6789,7.0005,1.0481
benign_24,0,1789030135.093143,4,6.6789,7.0005,1.0481
benign_24,0,1789030135.313143,4,6.6789,7.0005,1.0481
benign_24,0,1789030135.533143,4,6.6789,7.0005,1.0481
benign_24,0,1789030135.753143,4,6.6789,7.0005,1.0481
benign_24,0,1789030135.973143,4,6.6789,7.0005,1.0481
benign_24,0,1789030136.1931431,4,6.6789,7.0005,1.0481
benign_24,0,1789030136.4131432,4,6.6789,7.0005,1.0481
benign_24,0,1789030136.6331432,4,6.6789,7.0005,1.0481
benign_24,0,1789030136.8531432,4,6.6789,7.0005,1.0481
benign_24,0,1789030137.0731432,4,6.6789,7.0005,1.0481
benign_24,0,1789030137.2931433,4,6.6789,7.0005,1.0481
benign_24,0,1789030137.5131433,4,6.6789,7.0005,1.0481
benign_24,0,1789030137.7331433,4,6.6789,7.0005,1.0481
benign_24,0,1789030137.9531434,4,6.6789,7.0005,1.0481
benign_24,0,1789030138.1731434,4,6.6789,7.0005,1.0481
benign_24,0,1789030138.3931434,4,6.6789,7.0005,1.0481
benign_24,0,1789030138.6131434,4,6.6789,7.0005,1.0481
benign_24,0,1789030138.8331435,4,6.6789,7.0005,1.0481
benign_24,0,1789030139.0531435,4,6.6789,7.0005,1.0481
benign_24,0,1789030139.2731435,4,6.6789,7.0005,1.0481
benign_24,0,1789030139.4931436,4,6.6789,7.0005,1.0481
benign_24,0,1789030139.7131436,4,6.6789,7.0005,1.0481
benign_24,0,1789030139.9331436,4,6.6789,7.0005,1.0481
benign_24,0,1789030140.1531436,4,6.6789,7.0005,1.0481
benign_24,0,1789030140.3731437,4,6.6789,7.0005,1.0481
benign_24,0,1789030140.5931437,4,6.6789,7.0005,1.0481
benign_24,0,1789030140.8131437,4,6.6789,7.0005,1.0481
benign_24,0,1789030141.0331438,4,6.6789,7.0005,1.0481
benign_24,0,1789030141.2531438,4,6.6789,7.0005,1.0481
benign_24,0,1789030141.4731438,4,6.6789,7.0005,1.0481
benign_24,0,1789030141.6931438,4,6.6789,7.0005,1.0481
benign_24,0,1789030141.9131439,4,6.6789,7.0005,1.0481
benign_24,0,1789030142.133144,4,6.6789,7.0005,1.0481
benign_24,0,1789030142.353144,4,6.6789,7.0005,1.0481
benign_24,0,1789030142.573144,4,6.6789,7.0005,1.0481
benign_24,0,1789030142.793144,4,6.6789,7.0005,1.0481
benign_24,0,1789030143.013144,4,6.6789,7.0005,1.0481
benign_24,0,1789030143.233144,4,6.6789,7.0005,1.0481
benign_24,0,1789030143.453144,4,6.6789,7.0005,1.0481
benign_24,0,1789030143.673144,4,6.6789,7.0005,1.0481
benign_24,0,1789030143.8931441,4,6.6789,7.0005,1.0481
benign_24,0,1789030144.1131442,4,6.6789,7.0005,1.0481
benign_24,0,1789030144.3331442,4,6.6789,7.0005,1.0481
benign_24,0,1789030144.5531442,4,6.6789,7.0005,1.0481
benign_24,0,1789030144.7731442,4,6.6789,7.0005,1.0481
benign_24,0,1789030144.9931443,4,6.6789,7.0005,1.0481
benign_24,0,1789030145.2131443,4,6.6789,7.0005,1.0481
benign_24,0,1789030145.4331443,4,6.6789,7.0005,1.0481
benign_24,0,1789030145.6531444,4,6.6789,7.0005,1.0481
benign_24,0,1789030145.8731444,4,6.6789,7.0005,1.0481
benign_24,0,1789030146.0931444,4,6.6789,7.0005,1.0481
benign_24,0,1789030146.3131444,4,6.6789,7.0005,1.0481
benign_24,0,1789030146.5331445,4,6.6789,7.0005,1.0481
benign_24,0,1789030146.7531445,4,6.6789,7.0005,1.0481
benign_24,0,1789030146.9731445,4,6.6789,7.0005,1.0481
benign_24,0,1789030147.1931446,4,6.6789,7.0005,1.0481
benign_24,0,1789030147.4131446,4,6.6789,7.0005,1.0481
benign_24,0,1789030147.6331446,4,6.6789,7.0005,1.0481
benign_24,0,1789030147.8531446,4,6.6789,7.0005,1.0481
benign_24,0,1789030148.0731447,4,6.6789,7.0005,1.0481
benign_24,0,1789030148.2931447,4,6.6789,7.0005,1.0481
benign_24,0,1789030148.5131447,4,6.6789,7.0005,1.0481
benign_24,0,1789030148.7331448,4,6.6789,7.0005,1.0481
benign_24,0,1789030148.9531448,4,6.6789,7.0005,1.0481
benign_24,0,1789030149.1731448,4,6.6789,7.0005,1.0481
benign_24,0,1789030149.3931448,4,6.6789,7.0005,1.0481
benign_24,0,1789030149.6131449,4,6.6789,7.0005,1.0481
benign_24,0,1789030149.833145,4,6.6789,7.0005,1.0481
benign_24,0,1789030150.053145,4,6.6789,7.0005,1.0481
benign_24,0,1789030150.273145,4,6.6789,7.0005,1.0481
benign_24,0,1789030150.493145,4,6.6789,7.0005,1.0481
benign_24,0,1789030150.713145,4,6.6789,7.0005,1.0481
benign_24,0,1789030150.933145,4,6.6789,7.0005,1.0481
benign_24,0,1789030151.153145,4,6.6789,7.0005,1.0481
benign_24,0,1789030151.373145,4,6.6789,7.0005,1.0481
benign_24,0,1789030151.5931451,4,6.6789,7.0005,1.0481
benign_24,0,1789030151.8131452,4,6.6789,7.0005,1.0481
benign_24,0,1789030152.0331452,4,6.6789,7.0005,1.0481
benign_24,0,1789030152.2531452,4,6.6789,7.0005,1.0481
benign_24,0,1789030152.4731452,4,6.6789,7.0005,1.0481
benign_24,0,1789030152.6931453,4,6.6789,7.0005,1.0481
benign_24,0,1789030152.9131453,4,6.6789,7.0005,1.0481
benign_24,0,1789030153.1331453,4,6.6789,7.0005,1.0481
benign_24,0,1789030153.3531454,4,6.6789,7.0005,1.0481
benign_24,0,1789030153.5731454,4,6.6789,7.0005,1.0481
benign_24,0,1789030153.7931454,4,6.6789,7.0005,1.0481
benign_24,0,1789030154.0131454,4,6.6789,7.0005,1.0481
benign_24,0,1789030154.2331455,4,6.6789,7.0005,1.0481
benign_24,0,1789030154.4531455,4,6.6789,7.0005,1.0481
benign_24,0,1789030154.6731455,4,6.6789,7.0005,1.0481
benign_24,0,1789030154.8931456,4,6.6789,7.0005,1.0481
benign_24,0,1789030155.1131456,4,6.6789,7.0005,1.0481
benign_24,0,1789030155.3331456,4,6.6789,7.0005,1.0481
benign_24,0,1789030155.5531456,4,6.6789,7.0005,1.0481
benign_24,0,1789030155.7731457,4,6.6789,7.0005,1.0481
benign_24,0,1789030155.9931457,4,6.6789,7.0005,1.0481
benign_24,0,1789030156.2131457,4,6.6789,7.0005,1.0481
benign_24,0,1789030156.4331458,4,6.6789,7.0005,1.0481
benign_24,0,1789030156.6531458,4,6.6789,7.0005,1.0481
benign_24,0,1789030156.8731458,4,6.6789,7.0005,1.0481
benign_24,0,1789030157.0931458,4,6.6789,7.0005,1.0481
benign_24,0,1789030157.3131459,4,6.6789,7.0005,1.0481
benign_24,0,1789030157.533146,4,6.6789,7.0005,1.0481
benign_24,0,1789030157.753146,4,6.6789,7.0005,1.0481
benign_24,0,1789030157.973146,4,6.6789,7.0005,1.0481
c2_24,1,1789030166.990656,3,2.763,0.1342,0.0486
c2_24,1,1789030167.210656,3,2.763,0.1342,0.0486
c2_24,1,1789030167.430656,3,2.763,0.1342,0.0486
c2_24,1,1789030167.650656,3,2.763,0.1342,0.0486
c2_24,1,1789030167.870656,3,2.763,0.1342,0.0486
c2_24,1,1789030168.090656,3,2.763,0.1342,0.0486
c2_24,1,1789030168.310656,3,2.763,0.1342,0.0486
c2_24,1,1789030168.530656,3,2.763,0.1342,0.0486
c2_24,1,1789030168.7506561,3,2.763,0.1342,0.0486
c2_24,1,1789030168.9706562,3,2.763,0.1342,0.0486
c2_24,1,1789030169.1906562,3,2.763,0.1342,0.0486
c2_24,1,1789030169.4106562,4,2.7161,0.1281,0.0471
c2_24,1,1789030169.6306562,4,2.7161,0.1281,0.0471
c2_24,1,1789030169.8506563,4,2.7161,0.1281,0.0471
c2_24,1,1789030170.0706563,4,2.7161,0.1281,0.0471
c2_24,1,1789030170.2906563,4,2.7161,0.1281,0.0471
c2_24,1,1789030170.5106564,4,2.7161,0.1281,0.0471
c2_24,1,1789030170.7306564,4,2.7161,0.1281,0.0471
c2_24,1,1789030170.9506564,4,2.7161,0.1281,0.0471
c2_24,1,1789030171.1706564,4,2.7161,0.1281,0.0471
c2_24,1,1789030171.3906565,4,2.7161,0.1281,0.0471
c2_24,1,1789030171.6106565,4,2.7161,0.1281,0.0471
c2_24,1,1789030171.8306565,4,2.7161,0.1281,0.0471
c2_24,1,1789030172.0506566,4,2.7161,0.1281,0.0471
c2_24,1,1789030172.2706566,4,2.7161,0.1281,0.0471
c2_24,1,1789030172.4906566,4,2.7161,0.1281,0.0471
c2_24,1,1789030172.7106566,4,2.7161,0.1281,0.0471
c2_24,1,1789030172.9306567,5,2.8798,0.3044,0.1057
c2_24,1,1789030173.1506567,5,2.8798,0.3044,0.1057
c2_24,1,1789030173.3706567,5,2.8798,0.3044,0.1057
c2_24,1,1789030173.5906568,5,2.8798,0.3044,0.1057
c2_24,1,1789030173.8106568,5,2.8798,0.3044,0.1057
c2_24,1,1789030174.0306568,5,2.8798,0.3044,0.1057
c2_24,1,1789030174.2506568,5,2.8798,0.3044,0.1057
c2_24,1,1789030174.4706569,5,2.8798,0.3044,0.1057
c2_24,1,1789030174.690657,5,2.8798,0.3044,0.1057
c2_24,1,1789030174.910657,5,2.8798,0.3044,0.1057
c2_24,1,1789030175.130657,5,2.8798,0.3044,0.1057
c2_24,1,1789030175.350657,5,2.8798,0.3044,0.1057
c2_24,1,1789030175.570657,6,2.837,0.2855,0.1006
c2_24,1,1789030175.790657,6,2.837,0.2855,0.1006
c2_24,1,1789030176.010657,6,2.837,0.2855,0.1006
c2_24,1,1789030176.230657,6,2.837,0.2855,0.1006
c2_24,1,1789030176.4506571,6,2.837,0.2855,0.1006
c2_24,1,1789030176.6706572,6,2.837,0.2855,0.1006
c2_24,1,1789030176.8906572,6,2.837,0.2855,0.1006
c2_24,1,1789030177.1106572,6,2.837,0.2855,0.1006
c2_24,1,1789030177.3306572,6,2.837,0.2855,0.1006
c2_24,1,1789030177.5506573,6,2.837,0.2855,0.1006
c2_24,1,1789030177.7706573,6,2.837,0.2855,0.1006
c2_24,1,1789030177.9906573,6,2.837,0.2855,0.1006
c2_24,1,1789030178.2106574,6,2.837,0.2855,0.1006
c2_24,1,1789030178.4306574,6,2.837,0.2855,0.1006
c2_24,1,1789030178.6506574,6,2.837,0.2855,0.1006
c2_24,1,1789030178.8706574,6,2.837,0.2855,0.1006
c2_24,1,1789030179.0906575,7,2.94,0.3478,0.1183
c2_24,1,1789030179.3106575,7,2.94,0.3478,0.1183
c2_24,1,1789030179.5306575,7,2.94,0.3478,0.1183
c2_24,1,1789030179.7506576,7,2.94,0.3478,0.1183
c2_24,1,1789030179.9706576,7,2.94,0.3478,0.1183
c2_24,1,1789030180.1906576,7,2.94,0.3478,0.1183
c2_24,1,1789030180.4106576,7,2.94,0.3478,0.1183
c2_24,1,1789030180.6306577,7,2.94,0.3478,0.1183
c2_24,1,1789030180.8506577,7,2.94,0.3478,0.1183
c2_24,1,1789030181.0706577,7,2.94,0.3478,0.1183
c2_24,1,1789030181.2906578,7,2.94,0.3478,0.1183
c2_24,1,1789030181.5106578,7,2.94,0.3478,0.1183
c2_24,1,1789030181.7306578,8,2.902,0.3351,0.1155
c2_24,1,1789030181.9506578,8,2.902,0.3351,0.1155
c2_24,1,1789030182.1706579,8,2.902,0.3351,0.1155
c2_24,1,1789030182.390658,8,2.902,0.3351,0.1155
c2_24,1,1789030182.610658,8,2.902,0.3351,0.1155
c2_24,1,1789030182.830658,8,2.902,0.3351,0.1155
c2_24,1,1789030183.050658,8,2.902,0.3351,0.1155
c2_24,1,1789030183.270658,8,2.902,0.3351,0.1155
c2_24,1,1789030183.490658,8,2.902,0.3351,0.1155
c2_24,1,1789030183.710658,8,2.902,0.3351,0.1155
c2_24,1,1789030183.930658,8,2.902,0.3351,0.1155
c2_24,1,1789030184.1506581,8,2.902,0.3351,0.1155
c2_24,1,1789030184.3706582,8,2.902,0.3351,0.1155
c2_24,1,1789030184.5906582,8,2.902,0.3351,0.1155
c2_24,1,1789030184.8106582,8,2.902,0.3351,0.1155
c2_24,1,1789030185.0306582,9,2.9514,0.3396,0.1151
c2_24,1,1789030185.2506583,9,2.9514,0.3396,0.1151
c2_24,1,1789030185.4706583,9,2.9514,0.3396,0.1151
c2_24,1,1789030185.6906583,9,2.9514,0.3396,0.1151
c2_24,1,1789030185.9106584,9,2.9514,0.3396,0.1151
c2_24,1,1789030186.1306584,9,2.9514,0.3396,0.1151
c2_24,1,1789030186.3506584,9,2.9514,0.3396,0.1151
c2_24,1,1789030186.5706584,9,2.9514,0.3396,0.1151
c2_24,1,1789030186.7906585,9,2.9514,0.3396,0.1151
c2_24,1,1789030187.0106585,9,2.9514,0.3396,0.1151
c2_24,1,1789030187.2306585,9,2.9514,0.3396,0.1151
c2_24,1,1789030187.4506586,9,2.9514,0.3396,0.1151
c2_24,1,1789030187.6706586,9,2.9514,0.3396,0.1151
c2_24,1,1789030187.8906586,9,2.9514,0.3396,0.1151
c2_24,1,1789030188.1106586,9,2.9514,0.3396,0.1151
c2_24,1,1789030188.3306587,10,2.9904,0.3387,0.1133
c2_24,1,1789030188.5506587,10,2.9904,0.3387,0.1133
c2_24,1,1789030188.7706587,10,2.9904,0.3387,0.1133
c2_24,1,1789030188.9906588,10,2.9904,0.3387,0.1133
c2_24,1,1789030189.2106588,10,2.9904,0.3387,0.1133
c2_24,1,1789030189.4306588,10,2.9904,0.3387,0.1133
c2_24,1,1789030189.6506588,10,2.9904,0.3387,0.1133
c2_24,1,1789030189.8706589,10,2.9904,0.3387,0.1133
c2_24,1,1789030190.090659,10,2.9904,0.3387,0.1133
c2_24,1,1789030190.310659,10,2.9904,0.3387,0.1133
c2_24,1,1789030190.530659,10,2.9904,0.3387,0.1133
c2_24,1,1789030190.750659,10,2.9904,0.3387,0.1133
c2_24,1,1789030190.970659,10,2.9904,0.3387,0.1133
c2_24,1,1789030191.190659,10,2.9904,0.3387,0.1133
c2_24,1,1789030191.410659,10,2.9904,0.3387,0.1133
c2_24,1,1789030191.630659,10,2.9904,0.3387,0.1133
c2_24,1,1789030191.8506591,11,3.0418,0.3565,0.1172
c2_24,1,1789030192.0706592,11,3.0418,0.3565,0.1172
c2_24,1,1789030192.2906592,11,3.0418,0.3565,0.1172
c2_24,1,1789030192.5106592,11,3.0418,0.3565,0.1172
c2_24,1,1789030192.7306592,11,3.0418,0.3565,0.1172
c2_24,1,1789030192.9506593,11,3.0418,0.3565,0.1172
c2_24,1,1789030193.1706593,11,3.0418,0.3565,0.1172
c2_24,1,1789030193.3906593,11,3.0418,0.3565,0.1172
c2_24,1,1789030193.6106594,11,3.0418,0.3565,0.1172
c2_24,1,1789030193.8306594,11,3.0418,0.3565,0.1172
c2_24,1,1789030194.0506594,11,3.0418,0.3565,0.1172
c2_24,1,1789030194.2706594,11,3.0418,0.3565,0.1172
c2_24,1,1789030194.4906595,11,3.0418,0.3565,0.1172
c2_24,1,1789030194.7106595,11,3.0418,0.3565,0.1172
c2_24,1,1789030194.9306595,11,3.0418,0.3565,0.1172
c2_24,1,1789030195.1506596,12,3.0635,0.3467,0.1132
c2_24,1,1789030195.3706596,12,3.0635,0.3467,0.1132
c2_24,1,1789030195.5906596,12,3.0635,0.3467,0.1132
c2_24,1,1789030195.8106596,12,3.0635,0.3467,0.1132
c2_24,1,1789030196.0306597,12,3.0635,0.3467,0.1132
c2_24,1,1789030196.2506597,12,3.0635,0.3467,0.1132
c2_24,1,1789030196.4706597,12,3.0635,0.3467,0.1132
c2_24,1,1789030196.6906598,12,3.0635,0.3467,0.1132
c2_24,1,1789030196.9106598,12,3.0635,0.3467,0.1132
c2_24,1,1789030197.1306598,12,3.0635,0.3467,0.1132
c2_24,1,1789030197.3506598,12,3.0635,0.3467,0.1132
c2_25,1,1789030239.2274957,3,3.9088,0.0016,0.0004
c2_25,1,1789030239.4474957,3,3.9088,0.0016,0.0004
c2_25,1,1789030239.6674957,3,3.9088,0.0016,0.0004
c2_25,1,1789030239.8874958,3,3.9088,0.0016,0.0004
c2_25,1,1789030240.1074958,3,3.9088,0.0016,0.0004
c2_25,1,1789030240.3274958,3,3.9088,0.0016,0.0004
c2_25,1,1789030240.5474958,3,3.9088,0.0016,0.0004
c2_25,1,1789030240.7674959,3,3.9088,0.0016,0.0004
c2_25,1,1789030240.987496,3,3.9088,0.0016,0.0004
c2_25,1,1789030241.207496,3,3.9088,0.0016,0.0004
c2_25,1,1789030241.427496,3,3.9088,0.0016,0.0004
c2_25,1,1789030241.647496,3,3.9088,0.0016,0.0004
c2_25,1,1789030241.867496,3,3.9088,0.0016,0.0004
c2_25,1,1789030242.087496,3,3.9088,0.0016,0.0004
c2_25,1,1789030242.307496,3,3.9088,0.0016,0.0004
c2_25,1,1789030242.527496,3,3.9088,0.0016,0.0004
c2_25,1,1789030242.7474961,3,3.9088,0.0016,0.0004
c2_25,1,1789030242.9674962,3,3.9088,0.0016,0.0004
c2_25,1,1789030243.1874962,3,3.9088,0.0016,0.0004
c2_25,1,1789030243.4074962,3,3.9088,0.0016,0.0004
c2_25,1,1789030243.6274962,4,4.1048,0.2771,0.0675
c2_25,1,1789030243.8474963,4,4.1048,0.2771,0.0675
c2_25,1,1789030244.0674963,4,4.1048,0.2771,0.0675
c2_25,1,1789030244.2874963,4,4.1048,0.2771,0.0675
c2_25,1,1789030244.5074964,4,4.1048,0.2771,0.0675
c2_25,1,1789030244.7274964,4,4.1048,0.2771,0.0675
c2_25,1,1789030244.9474964,4,4.1048,0.2771,0.0675
c2_25,1,1789030245.1674964,4,4.1048,0.2771,0.0675
c2_25,1,1789030245.3874965,4,4.1048,0.2771,0.0675
c2_25,1,1789030245.6074965,4,4.1048,0.2771,0.0675
c2_25,1,1789030245.8274965,4,4.1048,0.2771,0.0675
c2_25,1,1789030246.0474966,4,4.1048,0.2771,0.0675
c2_25,1,1789030246.2674966,4,4.1048,0.2771,0.0675
c2_25,1,1789030246.4874966,4,4.1048,0.2771,0.0675
c2_25,1,1789030246.7074966,4,4.1048,0.2771,0.0675
c2_25,1,1789030246.9274967,4,4.1048,0.2771,0.0675
c2_25,1,1789030247.1474967,5,3.9576,0.3501,0.0885
c2_25,1,1789030247.3674967,5,3.9576,0.3501,0.0885
c2_25,1,1789030247.5874968,5,3.9576,0.3501,0.0885
c2_25,1,1789030247.8074968,5,3.9576,0.3501,0.0885
c2_25,1,1789030248.0274968,5,3.9576,0.3501,0.0885
c2_25,1,1789030248.2474968,5,3.9576,0.3501,0.0885
c2_25,1,1789030248.4674969,5,3.9576,0.3501,0.0885
c2_25,1,1789030248.687497,5,3.9576,0.3501,0.0885
c2_25,1,1789030248.907497,5,3.9576,0.3501,0.0885
c2_25,1,1789030249.127497,5,3.9576,0.3501,0.0885
c2_25,1,1789030249.347497,5,3.9576,0.3501,0.0885
c2_25,1,1789030249.567497,5,3.9576,0.3501,0.0885
c2_25,1,1789030249.787497,5,3.9576,0.3501,0.0885
c2_25,1,1789030250.007497,5,3.9576,0.3501,0.0885
c2_25,1,1789030250.227497,5,3.9576,0.3501,0.0885
c2_25,1,1789030250.4474971,5,3.9576,0.3501,0.0885
c2_25,1,1789030250.6674972,5,3.9576,0.3501,0.0885
c2_25,1,1789030250.8874972,6,3.9,0.3337,0.0856
c2_25,1,1789030251.1074972,6,3.9,0.3337,0.0856
c2_25,1,1789030251.3274972,6,3.9,0.3337,0.0856
c2_25,1,1789030251.5474973,6,3.9,0.3337,0.0856
c2_25,1,1789030251.7674973,6,3.9,0.3337,0.0856
c2_25,1,1789030251.9874973,6,3.9,0.3337,0.0856
c2_25,1,1789030252.2074974,6,3.9,0.3337,0.0856
c2_25,1,1789030252.4274974,6,3.9,0.3337,0.0856
c2_25,1,1789030252.6474974,6,3.9,0.3337,0.0856
c2_25,1,1789030252.8674974,6,3.9,0.3337,0.0856
c2_25,1,1789030253.0874975,6,3.9,0.3337,0.0856
c2_25,1,1789030253.3074975,6,3.9,0.3337,0.0856
c2_25,1,1789030253.5274975,6,3.9,0.3337,0.0856
c2_25,1,1789030253.7474976,6,3.9,0.3337,0.0856
c2_25,1,1789030253.9674976,6,3.9,0.3337,0.0856
c2_25,1,1789030254.1874976,6,3.9,0.3337,0.0856
c2_25,1,1789030254.4074976,6,3.9,0.3337,0.0856
c2_25,1,1789030254.6274977,7,3.888,0.3058,0.0787
c2_25,1,1789030254.8474977,7,3.888,0.3058,0.0787
c2_25,1,1789030255.0674977,7,3.888,0.3058,0.0787
c2_25,1,1789030255.2874978,7,3.888,0.3058,0.0787
c2_25,1,1789030255.5074978,7,3.888,0.3058,0.0787
c2_25,1,1789030255.7274978,7,3.888,0.3058,0.0787
c2_25,1,1789030255.9474978,7,3.888,0.3058,0.0787
c2_25,1,1789030256.1674979,7,3.888,0.3058,0.0787
c2_25,1,1789030256.387498,7,3.888,0.3058,0.0787
c2_25,1,1789030256.607498,7,3.888,0.3058,0.0787
c2_25,1,1789030256.827498,7,3.888,0.3058,0.0787
c2_25,1,1789030257.047498,7,3.888,0.3058,0.0787
c2_25,1,1789030257.267498,7,3.888,0.3058,0.0787
c2_25,1,1789030257.487498,7,3.888,0.3058,0.0787
c2_25,1,1789030257.707498,7,3.888,0.3058,0.0787
c2_25,1,1789030257.927498,7,3.888,0.3058,0.0787
c2_25,1,1789030258.1474981,8,3.8411,0.3055,0.0795
c2_25,1,1789030258.3674982,8,3.8411,0.3055,0.0795
c2_25,1,1789030258.5874982,8,3.8411,0.3055,0.0795
c2_25,1,1789030258.8074982,8,3.8411,0.3055,0.0795
c2_25,1,1789030259.0274982,8,3.8411,0.3055,0.0795
c2_25,1,1789030259.2474983,8,3.8411,0.3055,0.0795
c2_25,1,1789030259.4674983,8,3.8411,0.3055,0.0795
c2_25,1,1789030259.6874983,8,3.8411,0.3055,0.0795
c2_25,1,1789030259.9074984,8,3.8411,0.3055,0.0795
c2_25,1,1789030260.1274984,8,3.8411,0.3055,0.0795
c2_25,1,1789030260.3474984,8,3.8411,0.3055,0.0795
c2_25,1,1789030260.5674984,8,3.8411,0.3055,0.0795
c2_25,1,1789030260.7874985,8,3.8411,0.3055,0.0795
c2_25,1,1789030261.0074985,8,3.8411,0.3055,0.0795
c2_25,1,1789030261.2274985,8,3.8411,0.3055,0.0795
c2_25,1,1789030261.4474986,8,3.8411,0.3055,0.0795
c2_25,1,1789030261.6674986,8,3.8411,0.3055,0.0795
c2_25,1,1789030261.8874986,9,3.8114,0.2964,0.0778
c2_25,1,1789030262.1074986,9,3.8114,0.2964,0.0778
c2_25,1,1789030262.3274987,9,3.8114,0.2964,0.0778
c2_25,1,1789030262.5474987,9,3.8114,0.2964,0.0778
c2_25,1,1789030262.7674987,9,3.8114,0.2964,0.0778
c2_25,1,1789030262.9874988,9,3.8114,0.2964,0.0778
c2_25,1,1789030263.2074988,9,3.8114,0.2964,0.0778
c2_25,1,1789030263.4274988,9,3.8114,0.2964,0.0778
c2_25,1,1789030263.6474988,9,3.8114,0.2964,0.0778
c2_25,1,1789030263.8674989,9,3.8114,0.2964,0.0778
c2_25,1,1789030264.087499,9,3.8114,0.2964,0.0778
c2_25,1,1789030264.307499,9,3.8114,0.2964,0.0778
c2_25,1,1789030264.527499,9,3.8114,0.2964,0.0778
c2_25,1,1789030264.747499,9,3.8114,0.2964,0.0778
c2_25,1,1789030264.967499,9,3.8114,0.2964,0.0778
c2_25,1,1789030265.187499,9,3.8114,0.2964,0.0778
c2_25,1,1789030265.407499,9,3.8114,0.2964,0.0778
c2_25,1,1789030265.627499,10,3.8196,0.2804,0.0734
c2_25,1,1789030265.8474991,10,3.8196,0.2804,0.0734
c2_25,1,1789030266.0674992,10,3.8196,0.2804,0.0734
c2_25,1,1789030266.2874992,10,3.8196,0.2804,0.0734
c2_25,1,1789030266.5074992,10,3.8196,0.2804,0.0734
c2_25,1,1789030266.7274992,10,3.8196,0.2804,0.0734
c2_25,1,1789030266.9474993,10,3.8196,0.2804,0.0734
c2_25,1,1789030267.1674993,10,3.8196,0.2804,0.0734
c2_25,1,1789030267.3874993,10,3.8196,0.2804,0.0734
c2_25,1,1789030267.6074994,10,3.8196,0.2804,0.0734
c2_25,1,1789030267.8274994,10,3.8196,0.2804,0.0734
c2_25,1,1789030268.0474994,10,3.8196,0.2804,0.0734
c2_25,1,1789030268.2674994,10,3.8196,0.2804,0.0734
c2_25,1,1789030268.4874995,10,3.8196,0.2804,0.0734
c2_25,1,1789030268.7074995,10,3.8196,0.2804,0.0734
c2_25,1,1789030268.9274995,10,3.8196,0.2804,0.0734
c2_25,1,1789030269.1474996,10,3.8196,0.2804,0.0734
c2_25,1,1789030269.3674996,10,3.8196,0.2804,0.0734
c2_25,1,1789030269.5874996,11,3.8146,0.2664,0.0699
c2_25,1,1789030269.8074996,11,3.8146,0.2664,0.0699
c2_25,1,1789030270.0274997,11,3.8146,0.2664,0.0699
c2_25,1,1789030270.2474997,11,3.8146,0.2664,0.0699
c2_25,1,1789030270.4674997,11,3.8146,0.2664,0.0699
c2_25,1,1789030270.6874998,11,3.8146,0.2664,0.0699
c2_25,1,1789030270.9074998,11,3.8146,0.2664,0.0699
c2_25,1,1789030271.1274998,11,3.8146,0.2664,0.0699
c2_25,1,1789030271.3474998,11,3.8146,0.2664,0.0699
c2_25,1,1789030271.5674999,11,3.8146,0.2664,0.0699
c2_25,1,1789030271.7875,11,3.8146,0.2664,0.0699
c2_25,1,1789030272.0075,11,3.8146,0.2664,0.0699
c2_25,1,1789030272.2275,11,3.8146,0.2664,0.0699
c2_25,1,1789030272.4475,11,3.8146,0.2664,0.0699
c2_25,1,1789030272.6675,11,3.8146,0.2664,0.0699
c2_25,1,1789030272.8875,11,3.8146,0.2664,0.0699
c2_25,1,1789030273.1075,11,3.8146,0.2664,0.0699
c2_25,1,1789030273.3275,11,3.8146,0.2664,0.0699
c2_25,1,1789030273.5475001,12,3.8328,0.2605,0.068
c2_25,1,1789030273.7675002,12,3.8328,0.2605,0.068
c2_25,1,1789030273.9875002,12,3.8328,0.2605,0.068
c2_25,1,1789030274.2075002,12,3.8328,0.2605,0.068
c2_25,1,1789030274.4275002,12,3.8328,0.2605,0.068
c2_25,1,1789030274.6475003,12,3.8328,0.2605,0.068
c2_25,1,1789030274.8675003,12,3.8328,0.2605,0.068
c2_25,1,1789030275.0875003,12,3.8328,0.2605,0.068
c2_25,1,1789030275.3075004,12,3.8328,0.2605,0.068
c2_25,1,1789030275.5275004,12,3.8328,0.2605,0.068
c2_25,1,1789030275.7475004,12,3.8328,0.2605,0.068
c2_25,1,1789030275.9675004,12,3.8328,0.2605,0.068
c2_25,1,1789030276.1875005,12,3.8328,0.2605,0.068
c2_25,1,1789030276.4075005,12,3.8328,0.2605,0.068
c2_25,1,1789030276.6275005,12,3.8328,0.2605,0.068
c2_25,1,1789030276.8475006,12,3.8328,0.2605,0.068
c2_25,1,1789030277.0675006,12,3.8328,0.2605,0.068
c2_25,1,1789030277.2875006,12,3.8328,0.2605,0.068
c2_25,1,1789030277.5075006,12,3.8328,0.2605,0.068
c2_25,1,1789030277.7275007,13,3.8729,0.2827,0.073
c2_25,1,1789030277.9475007,13,3.8729,0.2827,0.073
c2_25,1,1789030278.1675007,13,3.8729,0.2827,0.073
c2_25,1,1789030278.3875008,13,3.8729,0.2827,0.073
c2_25,1,1789030278.6075008,13,3.8729,0.2827,0.073
c2_25,1,1789030278.8275008,13,3.8729,0.2827,0.073
c2_25,1,1789030279.0475008,13,3.8729,0.2827,0.073
c2_25,1,1789030279.2675009,13,3.8729,0.2827,0.073
c2_25,1,1789030279.487501,13,3.8729,0.2827,0.073
c2_25,1,1789030279.707501,13,3.8729,0.2827,0.073
c2_25,1,1789030279.927501,13,3.8729,0.2827,0.073
c2_25,1,1789030280.147501,13,3.8729,0.2827,0.073
c2_25,1,1789030280.367501,13,3.8729,0.2827,0.073
c2_25,1,1789030280.587501,13,3.8729,0.2827,0.073
c2_25,1,1789030280.807501,13,3.8729,0.2827,0.073
c2_25,1,1789030281.027501,13,3.8729,0.2827,0.073
c2_25,1,1789030281.2475011,13,3.8729,0.2827,0.073
c2_25,1,1789030281.4675012,13,3.8729,0.2827,0.073
c2_25,1,1789030281.6875012,13,3.8729,0.2827,0.073
c2_25,1,1789030281.9075012,13,3.8729,0.2827,0.073
c2_25,1,1789030282.1275012,14,3.8999,0.2872,0.0736
c2_25,1,1789030282.3475013,14,3.8999,0.2872,0.0736
c2_25,1,1789030282.5675013,14,3.8999,0.2872,0.0736
c2_25,1,1789030282.7875013,14,3.8999,0.2872,0.0736
c2_25,1,1789030283.0075014,14,3.8999,0.2872,0.0736
c2_25,1,1789030283.2275014,14,3.8999,0.2872,0.0736
c2_25,1,1789030283.4475014,14,3.8999,0.2872,0.0736
c2_25,1,1789030283.6675014,14,3.8999,0.2872,0.0736
c2_25,1,1789030283.8875015,14,3.8999,0.2872,0.0736
c2_25,1,1789030284.1075015,14,3.8999,0.2872,0.0736
c2_25,1,1789030284.3275015,14,3.8999,0.2872,0.0736
c2_25,1,1789030284.5475016,14,3.8999,0.2872,0.0736
c2_25,1,1789030284.7675016,14,3.8999,0.2872,0.0736
c2_25,1,1789030284.9875016,14,3.8999,0.2872,0.0736
c2_25,1,1789030285.2075016,14,3.8999,0.2872,0.0736
c2_25,1,1789030285.4275017,14,3.8999,0.2872,0.0736
c2_25,1,1789030285.6475017,14,3.8999,0.2872,0.0736
benign_26,0,1789030289.699531,3,0.7267,0.5575,0.7672
benign_26,0,1789030289.919531,3,0.7267,0.5575,0.7672
benign_26,0,1789030290.1395311,3,0.7267,0.5575,0.7672
benign_26,0,1789030290.3595312,3,0.7267,0.5575,0.7672
benign_26,0,1789030290.5795312,3,0.7267,0.5575,0.7672
benign_26,0,1789030290.7995312,3,0.7267,0.5575,0.7672
benign_26,0,1789030291.0195312,3,0.7267,0.5575,0.7672
benign_26,0,1789030291.2395313,3,0.7267,0.5575,0.7672
benign_26,0,1789030291.4595313,3,0.7267,0.5575,0.7672
benign_26,0,1789030291.6795313,3,0.7267,0.5575,0.7672
benign_26,0,1789030291.8995314,3,0.7267,0.5575,0.7672
benign_26,0,1789030292.1195314,3,0.7267,0.5575,0.7672
benign_26,0,1789030292.3395314,3,0.7267,0.5575,0.7672
benign_26,0,1789030292.5595315,3,0.7267,0.5575,0.7672
benign_26,0,1789030292.7795315,3,0.7267,0.5575,0.7672
benign_26,0,1789030292.9995315,3,0.7267,0.5575,0.7672
benign_26,0,1789030293.2195315,3,0.7267,0.5575,0.7672
benign_26,0,1789030293.4395316,3,0.7267,0.5575,0.7672
benign_26,0,1789030293.6595316,3,0.7267,0.5575,0.7672
benign_26,0,1789030293.8795316,3,0.7267,0.5575,0.7672
benign_26,0,1789030294.0995317,3,0.7267,0.5575,0.7672
benign_26,0,1789030294.3195317,3,0.7267,0.5575,0.7672
benign_26,0,1789030294.5395317,3,0.7267,0.5575,0.7672
benign_26,0,1789030294.7595317,3,0.7267,0.5575,0.7672
benign_26,0,1789030294.9795318,3,0.7267,0.5575,0.7672
benign_26,0,1789030295.1995318,3,0.7267,0.5575,0.7672
benign_26,0,1789030295.4195318,3,0.7267,0.5575,0.7672
benign_26,0,1789030295.6395319,3,0.7267,0.5575,0.7672
benign_26,0,1789030295.8595319,3,0.7267,0.5575,0.7672
benign_26,0,1789030296.079532,3,0.7267,0.5575,0.7672
benign_26,0,1789030296.299532,3,0.7267,0.5575,0.7672
benign_26,0,1789030296.519532,3,0.7267,0.5575,0.7672
benign_26,0,1789030296.739532,3,0.7267,0.5575,0.7672
benign_26,0,1789030296.959532,3,0.7267,0.5575,0.7672
benign_26,0,1789030297.179532,3,0.7267,0.5575,0.7672
benign_26,0,1789030297.399532,3,0.7267,0.5575,0.7672
benign_26,0,1789030297.619532,3,0.7267,0.5575,0.7672
benign_26,0,1789030297.8395321,3,0.7267,0.5575,0.7672
benign_26,0,1789030298.0595322,3,0.7267,0.5575,0.7672
benign_26,0,1789030298.2795322,3,0.7267,0.5575,0.7672
benign_26,0,1789030298.4995322,3,0.7267,0.5575,0.7672
benign_26,0,1789030298.7195323,3,0.7267,0.5575,0.7672
benign_26,0,1789030298.9395323,3,0.7267,0.5575,0.7672
benign_26,0,1789030299.1595323,3,0.7267,0.5575,0.7672
benign_26,0,1789030299.3795323,3,0.7267,0.5575,0.7672
benign_26,0,1789030299.5995324,3,0.7267,0.5575,0.7672
benign_26,0,1789030299.8195324,3,0.7267,0.5575,0.7672
benign_26,0,1789030300.0395324,3,0.7267,0.5575,0.7672
benign_26,0,1789030300.2595325,3,0.7267,0.5575,0.7672
benign_26,0,1789030300.4795325,3,0.7267,0.5575,0.7672
benign_26,0,1789030300.6995325,3,0.7267,0.5575,0.7672
benign_26,0,1789030300.9195325,3,0.7267,0.5575,0.7672
benign_26,0,1789030301.1395326,3,0.7267,0.5575,0.7672
benign_26,0,1789030301.3595326,3,0.7267,0.5575,0.7672
benign_26,0,1789030301.5795326,3,0.7267,0.5575,0.7672
benign_26,0,1789030301.7995327,3,0.7267,0.5575,0.7672
benign_26,0,1789030302.0195327,3,0.7267,0.5575,0.7672
benign_26,0,1789030302.2395327,3,0.7267,0.5575,0.7672
benign_26,0,1789030302.4595327,4,4.7903,5.7648,1.2034
benign_26,0,1789030302.6795328,4,4.7903,5.7648,1.2034
benign_26,0,1789030302.8995328,4,4.7903,5.7648,1.2034
benign_26,0,1789030303.1195328,4,4.7903,5.7648,1.2034
benign_26,0,1789030303.3395329,4,4.7903,5.7648,1.2034
benign_26,0,1789030303.5595329,4,4.7903,5.7648,1.2034
benign_26,0,1789030303.779533,4,4.7903,5.7648,1.2034
benign_26,0,1789030303.999533,4,4.7903,5.7648,1.2034
benign_26,0,1789030304.219533,4,4.7903,5.7648,1.2034
benign_26,0,1789030304.439533,4,4.7903,5.7648,1.2034
benign_26,0,1789030304.659533,4,4.7903,5.7648,1.2034
benign_26,0,1789030304.879533,5,4.155,5.1123,1.2304
benign_26,0,1789030305.099533,5,4.155,5.1123,1.2304
benign_26,0,1789030305.319533,5,4.155,5.1123,1.2304
benign_26,0,1789030305.5395331,5,4.155,5.1123,1.2304
benign_26,0,1789030305.7595332,5,4.155,5.1123,1.2304
benign_26,0,1789030305.9795332,5,4.155,5.1123,1.2304
benign_26,0,1789030306.1995332,5,4.155,5.1123,1.2304
benign_26,0,1789030306.4195333,5,4.155,5.1123,1.2304
benign_26,0,1789030306.6395333,5,4.155,5.1123,1.2304
benign_26,0,1789030306.8595333,5,4.155,5.1123,1.2304
benign_26,0,1789030307.0795333,5,4.155,5.1123,1.2304
benign_26,0,1789030307.2995334,5,4.155,5.1123,1.2304
benign_26,0,1789030307.5195334,5,4.155,5.1123,1.2304
benign_26,0,1789030307.7395334,5,4.155,5.1123,1.2304
benign_26,0,1789030307.9595335,5,4.155,5.1123,1.2304
benign_26,0,1789030308.1795335,5,4.155,5.1123,1.2304
benign_26,0,1789030308.3995335,5,4.155,5.1123,1.2304
benign_26,0,1789030308.6195335,5,4.155,5.1123,1.2304
benign_26,0,1789030308.8395336,6,4.1326,4.5728,1.1065
benign_26,0,1789030309.0595336,6,4.1326,4.5728,1.1065
benign_26,0,1789030309.2795336,6,4.1326,4.5728,1.1065
benign_26,0,1789030309.4995337,6,4.1326,4.5728,1.1065
benign_26,0,1789030309.7195337,6,4.1326,4.5728,1.1065
benign_26,0,1789030309.9395337,6,4.1326,4.5728,1.1065
benign_26,0,1789030310.1595337,6,4.1326,4.5728,1.1065
c2_26,1,1789030319.963977,3,3.0881,0.2385,0.0772
c2_26,1,1789030320.1839771,3,3.0881,0.2385,0.0772
c2_26,1,1789030320.4039772,3,3.0881,0.2385,0.0772
c2_26,1,1789030320.6239772,3,3.0881,0.2385,0.0772
c2_26,1,1789030320.8439772,3,3.0881,0.2385,0.0772
c2_26,1,1789030321.0639772,3,3.0881,0.2385,0.0772
c2_26,1,1789030321.2839773,3,3.0881,0.2385,0.0772
c2_26,1,1789030321.5039773,3,3.0881,0.2385,0.0772
c2_26,1,1789030321.7239773,3,3.0881,0.2385,0.0772
c2_26,1,1789030321.9439774,3,3.0881,0.2385,0.0772
c2_26,1,1789030322.1639774,3,3.0881,0.2385,0.0772
c2_26,1,1789030322.3839774,3,3.0881,0.2385,0.0772
c2_26,1,1789030322.6039774,3,3.0881,0.2385,0.0772
c2_26,1,1789030322.8239775,3,3.0881,0.2385,0.0772
c2_26,1,1789030323.0439775,3,3.0881,0.2385,0.0772
c2_26,1,1789030323.2639775,4,3.1864,0.2393,0.0751
c2_26,1,1789030323.4839776,4,3.1864,0.2393,0.0751
c2_26,1,1789030323.7039776,4,3.1864,0.2393,0.0751
c2_26,1,1789030323.9239776,4,3.1864,0.2393,0.0751
c2_26,1,1789030324.1439776,4,3.1864,0.2393,0.0751
c2_26,1,1789030324.3639777,4,3.1864,0.2393,0.0751
c2_26,1,1789030324.5839777,4,3.1864,0.2393,0.0751
c2_26,1,1789030324.8039777,4,3.1864,0.2393,0.0751
c2_26,1,1789030325.0239778,4,3.1864,0.2393,0.0751
c2_26,1,1789030325.2439778,4,3.1864,0.2393,0.0751
c2_26,1,1789030325.4639778,4,3.1864,0.2393,0.0751
c2_26,1,1789030325.6839778,4,3.1864,0.2393,0.0751
c2_26,1,1789030325.9039779,5,3.0754,0.2828,0.092
c2_26,1,1789030326.123978,5,3.0754,0.2828,0.092
c2_26,1,1789030326.343978,5,3.0754,0.2828,0.092
c2_26,1,1789030326.563978,5,3.0754,0.2828,0.092
c2_26,1,1789030326.783978,5,3.0754,0.2828,0.092
c2_26,1,1789030327.003978,5,3.0754,0.2828,0.092
c2_26,1,1789030327.223978,5,3.0754,0.2828,0.092
c2_26,1,1789030327.443978,5,3.0754,0.2828,0.092
c2_26,1,1789030327.663978,5,3.0754,0.2828,0.092
c2_26,1,1789030327.8839781,5,3.0754,0.2828,0.092
c2_26,1,1789030328.1039782,5,3.0754,0.2828,0.092
c2_26,1,1789030328.3239782,5,3.0754,0.2828,0.092
c2_26,1,1789030328.5439782,5,3.0754,0.2828,0.092
c2_26,1,1789030328.7639782,5,3.0754,0.2828,0.092
c2_26,1,1789030328.9839783,5,3.0754,0.2828,0.092
c2_26,1,1789030329.2039783,5,3.0754,0.2828,0.092
c2_26,1,1789030329.4239783,5,3.0754,0.2828,0.092
c2_26,1,1789030329.6439784,6,3.1891,0.3401,0.1067
c2_26,1,1789030329.8639784,6,3.1891,0.3401,0.1067
c2_26,1,1789030330.0839784,6,3.1891,0.3401,0.1067
c2_26,1,1789030330.3039784,6,3.1891,0.3401,0.1067
c2_26,1,1789030330.5239785,6,3.1891,0.3401,0.1067
c2_26,1,1789030330.7439785,6,3.1891,0.3401,0.1067
c2_26,1,1789030330.9639785,6,3.1891,0.3401,0.1067
c2_26,1,1789030331.1839786,6,3.1891,0.3401,0.1067
c2_26,1,1789030331.4039786,6,3.1891,0.3401,0.1067
c2_26,1,1789030331.6239786,6,3.1891,0.3401,0.1067
c2_26,1,1789030331.8439786,6,3.1891,0.3401,0.1067
c2_26,1,1789030332.0639787,6,3.1891,0.3401,0.1067
c2_26,1,1789030332.2839787,6,3.1891,0.3401,0.1067
c2_26,1,1789030332.5039787,7,3.1162,0.3507,0.1125
c2_26,1,1789030332.7239788,7,3.1162,0.3507,0.1125
c2_26,1,1789030332.9439788,7,3.1162,0.3507,0.1125
c2_26,1,1789030333.1639788,7,3.1162,0.3507,0.1125
c2_26,1,1789030333.3839788,7,3.1162,0.3507,0.1125
c2_26,1,1789030333.6039789,7,3.1162,0.3507,0.1125
c2_26,1,1789030333.823979,7,3.1162,0.3507,0.1125
c2_26,1,1789030334.043979,7,3.1162,0.3507,0.1125
c2_26,1,1789030334.263979,7,3.1162,0.3507,0.1125
c2_26,1,1789030334.483979,7,3.1162,0.3507,0.1125
c2_26,1,1789030334.703979,7,3.1162,0.3507,0.1125
c2_26,1,1789030334.923979,7,3.1162,0.3507,0.1125
c2_26,1,1789030335.143979,7,3.1162,0.3507,0.1125
c2_26,1,1789030335.363979,8,3.0842,0.334,0.1083
c2_26,1,1789030335.5839791,8,3.0842,0.334,0.1083
c2_26,1,1789030335.8039792,8,3.0842,0.334,0.1083
c2_26,1,1789030336.0239792,8,3.0842,0.334,0.1083
c2_26,1,1789030336.2439792,8,3.0842,0.334,0.1083
c2_26,1,1789030336.4639792,8,3.0842,0.334,0.1083
c2_26,1,1789030336.6839793,8,3.0842,0.334,0.1083
c2_26,1,1789030336.9039793,8,3.0842,0.334,0.1083
c2_26,1,1789030337.1239793,8,3.0842,0.334,0.1083
c2_26,1,1789030337.3439794,8,3.0842,0.334,0.1083
c2_26,1,1789030337.5639794,8,3.0842,0.334,0.1083
c2_26,1,1789030337.7839794,8,3.0842,0.334,0.1083
c2_26,1,1789030338.0039794,8,3.0842,0.334,0.1083
c2_26,1,1789030338.2239795,8,3.0842,0.334,0.1083
c2_26,1,1789030338.4439795,9,3.0797,0.3127,0.1015
c2_26,1,1789030338.6639795,9,3.0797,0.3127,0.1015
c2_26,1,1789030338.8839796,9,3.0797,0.3127,0.1015
c2_26,1,1789030339.1039796,9,3.0797,0.3127,0.1015
c2_26,1,1789030339.3239796,9,3.0797,0.3127,0.1015
c2_26,1,1789030339.5439796,9,3.0797,0.3127,0.1015
c2_26,1,1789030339.7639797,9,3.0797,0.3127,0.1015
c2_26,1,1789030339.9839797,9,3.0797,0.3127,0.1015
c2_26,1,1789030340.2039797,9,3.0797,0.3127,0.1015
c2_26,1,1789030340.4239798,9,3.0797,0.3127,0.1015
c2_26,1,1789030340.6439798,9,3.0797,0.3127,0.1015
c2_26,1,1789030340.8639798,9,3.0797,0.3127,0.1015
c2_26,1,1789030341.0839798,9,3.0797,0.3127,0.1015
c2_26,1,1789030341.3039799,9,3.0797,0.3127,0.1015
c2_26,1,1789030341.52398,9,3.0797,0.3127,0.1015
c2_26,1,1789030341.74398,10,3.1265,0.3231,0.1033
c2_26,1,1789030341.96398,10,3.1265,0.3231,0.1033
c2_26,1,1789030342.18398,10,3.1265,0.3231,0.1033
c2_26,1,1789030342.40398,10,3.1265,0.3231,0.1033
c2_26,1,1789030342.62398,10,3.1265,0.3231,0.1033
c2_26,1,1789030342.84398,10,3.1265,0.3231,0.1033
c2_26,1,1789030343.06398,10,3.1265,0.3231,0.1033
c2_26,1,1789030343.2839801,10,3.1265,0.3231,0.1033
c2_26,1,1789030343.5039802,10,3.1265,0.3231,0.1033
c2_26,1,1789030343.7239802,10,3.1265,0.3231,0.1033
c2_26,1,1789030343.9439802,10,3.1265,0.3231,0.1033
c2_26,1,1789030344.1639802,10,3.1265,0.3231,0.1033
c2_26,1,1789030344.3839803,10,3.1265,0.3231,0.1033
c2_26,1,1789030344.6039803,10,3.1265,0.3231,0.1033
c2_26,1,1789030344.8239803,10,3.1265,0.3231,0.1033
c2_26,1,1789030345.0439804,10,3.1265,0.3231,0.1033
c2_26,1,1789030345.2639804,11,3.1586,0.3213,0.1017
c2_26,1,1789030345.4839804,11,3.1586,0.3213,0.1017
c2_26,1,1789030345.7039804,11,3.1586,0.3213,0.1017
c2_26,1,1789030345.9239805,11,3.1586,0.3213,0.1017
c2_26,1,1789030346.1439805,11,3.1586,0.3213,0.1017
c2_26,1,1789030346.3639805,11,3.1586,0.3213,0.1017
c2_26,1,1789030346.5839806,11,3.1586,0.3213,0.1017
c2_26,1,1789030346.8039806,11,3.1586,0.3213,0.1017
c2_26,1,1789030347.0239806,11,3.1586,0.3213,0.1017
c2_26,1,1789030347.2439806,11,3.1586,0.3213,0.1017
c2_26,1,1789030347.4639807,11,3.1586,0.3213,0.1017
c2_26,1,1789030347.6839807,11,3.1586,0.3213,0.1017
c2_26,1,1789030347.9039807,11,3.1586,0.3213,0.1017
c2_26,1,1789030348.1239808,11,3.1586,0.3213,0.1017
c2_26,1,1789030348.3439808,11,3.1586,0.3213,0.1017
c2_26,1,1789030348.5639808,11,3.1586,0.3213,0.1017
c2_26,1,1789030348.7839808,12,3.1849,0.3175,0.0997
c2_26,1,1789030349.0039809,12,3.1849,0.3175,0.0997
c2_26,1,1789030349.223981,12,3.1849,0.3175,0.0997
c2_26,1,1789030349.443981,12,3.1849,0.3175,0.0997
c2_26,1,1789030349.663981,12,3.1849,0.3175,0.0997
c2_26,1,1789030349.883981,12,3.1849,0.3175,0.0997
c2_26,1,1789030350.103981,12,3.1849,0.3175,0.0997
c2_26,1,1789030350.323981,12,3.1849,0.3175,0.0997
c2_26,1,1789030350.543981,12,3.1849,0.3175,0.0997
c2_26,1,1789030350.763981,12,3.1849,0.3175,0.0997
c2_26,1,1789030350.9839811,12,3.1849,0.3175,0.0997
c2_26,1,1789030351.2039812,12,3.1849,0.3175,0.0997
c2_26,1,1789030351.4239812,12,3.1849,0.3175,0.0997
c2_26,1,1789030351.6439812,12,3.1849,0.3175,0.0997
c2_26,1,1789030351.8639812,13,3.1817,0.3041,0.0956
c2_26,1,1789030352.0839813,13,3.1817,0.3041,0.0956
c2_26,1,1789030352.3039813,13,3.1817,0.3041,0.0956
c2_26,1,1789030352.5239813,13,3.1817,0.3041,0.0956
c2_26,1,1789030352.7439814,13,3.1817,0.3041,0.0956
c2_26,1,1789030352.9639814,13,3.1817,0.3041,0.0956
c2_26,1,1789030353.1839814,13,3.1817,0.3041,0.0956
c2_26,1,1789030353.4039814,13,3.1817,0.3041,0.0956
c2_26,1,1789030353.6239815,13,3.1817,0.3041,0.0956
c2_26,1,1789030353.8439815,13,3.1817,0.3041,0.0956
c2_26,1,1789030354.0639815,13,3.1817,0.3041,0.0956
c2_26,1,1789030354.2839816,13,3.1817,0.3041,0.0956
c2_26,1,1789030354.5039816,13,3.1817,0.3041,0.0956
c2_26,1,1789030354.7239816,13,3.1817,0.3041,0.0956
benign_27,0,1789030364.03,3,2.4812,1.0595,0.427
benign_27,0,1789030364.25,3,2.4812,1.0595,0.427
benign_27,0,1789030364.47,3,2.4812,1.0595,0.427
benign_27,0,1789030364.69,3,2.4812,1.0595,0.427
benign_27,0,1789030364.91,3,2.4812,1.0595,0.427
benign_27,0,1789030365.13,3,2.4812,1.0595,0.427
benign_27,0,1789030365.3500001,3,2.4812,1.0595,0.427
benign_27,0,1789030365.5700002,3,2.4812,1.0595,0.427
benign_27,0,1789030365.7900002,3,2.4812,1.0595,0.427
benign_27,0,1789030366.0100002,3,2.4812,1.0595,0.427
benign_27,0,1789030366.2300003,3,2.4812,1.0595,0.427
benign_27,0,1789030366.4500003,3,2.4812,1.0595,0.427
benign_27,0,1789030366.6700003,3,2.4812,1.0595,0.427
benign_27,0,1789030366.8900003,3,2.4812,1.0595,0.427
benign_27,0,1789030367.1100004,3,2.4812,1.0595,0.427
benign_27,0,1789030367.3300004,3,2.4812,1.0595,0.427
benign_27,0,1789030367.5500004,3,2.4812,1.0595,0.427
benign_27,0,1789030367.7700005,3,2.4812,1.0595,0.427
benign_27,0,1789030367.9900005,3,2.4812,1.0595,0.427
benign_27,0,1789030368.2100005,3,2.4812,1.0595,0.427
benign_27,0,1789030368.4300005,3,2.4812,1.0595,0.427
benign_27,0,1789030368.6500006,3,2.4812,1.0595,0.427
benign_27,0,1789030368.8700006,3,2.4812,1.0595,0.427
benign_27,0,1789030369.0900006,3,2.4812,1.0595,0.427
benign_27,0,1789030369.3100007,3,2.4812,1.0595,0.427
benign_27,0,1789030369.5300007,3,2.4812,1.0595,0.427
benign_27,0,1789030369.7500007,3,2.4812,1.0595,0.427
benign_27,0,1789030369.9700007,3,2.4812,1.0595,0.427
benign_27,0,1789030370.1900008,3,2.4812,1.0595,0.427
benign_27,0,1789030370.4100008,3,2.4812,1.0595,0.427
benign_27,0,1789030370.6300008,3,2.4812,1.0595,0.427
benign_27,0,1789030370.8500009,3,2.4812,1.0595,0.427
benign_27,0,1789030371.070001,3,2.4812,1.0595,0.427
benign_27,0,1789030371.290001,3,2.4812,1.0595,0.427
benign_27,0,1789030371.510001,3,2.4812,1.0595,0.427
benign_27,0,1789030371.730001,3,2.4812,1.0595,0.427
benign_27,0,1789030371.950001,3,2.4812,1.0595,0.427
benign_27,0,1789030372.170001,3,2.4812,1.0595,0.427
benign_27,0,1789030372.390001,3,2.4812,1.0595,0.427
benign_27,0,1789030372.610001,3,2.4812,1.0595,0.427
benign_27,0,1789030372.830001,3,2.4812,1.0595,0.427
benign_27,0,1789030373.0500011,3,2.4812,1.0595,0.427
benign_27,0,1789030373.2700012,3,2.4812,1.0595,0.427
benign_27,0,1789030373.4900012,3,2.4812,1.0595,0.427
benign_27,0,1789030373.7100012,3,2.4812,1.0595,0.427
benign_27,0,1789030373.9300013,3,2.4812,1.0595,0.427
benign_27,0,1789030374.1500013,3,2.4812,1.0595,0.427
benign_27,0,1789030374.3700013,3,2.4812,1.0595,0.427
benign_27,0,1789030374.5900013,3,2.4812,1.0595,0.427
benign_27,0,1789030374.8100014,3,2.4812,1.0595,0.427
benign_27,0,1789030375.0300014,3,2.4812,1.0595,0.427
benign_27,0,1789030375.2500014,3,2.4812,1.0595,0.427
benign_27,0,1789030375.4700015,3,2.4812,1.0595,0.427
benign_27,0,1789030375.6900015,3,2.4812,1.0595,0.427
benign_27,0,1789030375.9100015,3,2.4812,1.0595,0.427
benign_27,0,1789030376.1300015,3,2.4812,1.0595,0.427
benign_27,0,1789030376.3500016,3,2.4812,1.0595,0.427
benign_27,0,1789030376.5700016,3,2.4812,1.0595,0.427
benign_27,0,1789030376.7900016,3,2.4812,1.0595,0.427
benign_27,0,1789030377.0100017,3,2.4812,1.0595,0.427
benign_27,0,1789030377.2300017,3,2.4812,1.0595,0.427
benign_27,0,1789030377.4500017,3,2.4812,1.0595,0.427
benign_27,0,1789030377.6700017,3,2.4812,1.0595,0.427
benign_27,0,1789030377.8900018,3,2.4812,1.0595,0.427
benign_27,0,1789030378.1100018,3,2.4812,1.0595,0.427
benign_27,0,1789030378.3300018,3,2.4812,1.0595,0.427
benign_27,0,1789030378.5500019,3,2.4812,1.0595,0.427
benign_27,0,1789030378.770002,3,2.4812,1.0595,0.427
benign_27,0,1789030378.990002,3,2.4812,1.0595,0.427
benign_27,0,1789030379.210002,3,2.4812,1.0595,0.427
benign_27,0,1789030379.430002,3,2.4812,1.0595,0.427
benign_27,0,1789030379.650002,3,2.4812,1.0595,0.427
benign_27,0,1789030379.870002,3,2.4812,1.0595,0.427
benign_27,0,1789030380.090002,3,2.4812,1.0595,0.427
benign_27,0,1789030380.310002,3,2.4812,1.0595,0.427
benign_27,0,1789030380.530002,3,2.4812,1.0595,0.427
benign_27,0,1789030380.7500021,3,2.4812,1.0595,0.427
c2_27,1,1789030393.4986656,3,3.8418,0.2847,0.0741
c2_27,1,1789030393.7186656,3,3.8418,0.2847,0.0741
c2_27,1,1789030393.9386656,3,3.8418,0.2847,0.0741
c2_27,1,1789030394.1586657,3,3.8418,0.2847,0.0741
c2_27,1,1789030394.3786657,3,3.8418,0.2847,0.0741
c2_27,1,1789030394.5986657,3,3.8418,0.2847,0.0741
c2_27,1,1789030394.8186657,3,3.8418,0.2847,0.0741
c2_27,1,1789030395.0386658,3,3.8418,0.2847,0.0741
c2_27,1,1789030395.2586658,3,3.8418,0.2847,0.0741
c2_27,1,1789030395.4786658,3,3.8418,0.2847,0.0741
c2_27,1,1789030395.6986659,3,3.8418,0.2847,0.0741
c2_27,1,1789030395.918666,3,3.8418,0.2847,0.0741
c2_27,1,1789030396.138666,3,3.8418,0.2847,0.0741
c2_27,1,1789030396.358666,3,3.8418,0.2847,0.0741
c2_27,1,1789030396.578666,3,3.8418,0.2847,0.0741
c2_27,1,1789030396.798666,3,3.8418,0.2847,0.0741
c2_27,1,1789030397.018666,3,3.8418,0.2847,0.0741
c2_27,1,1789030397.238666,3,3.8418,0.2847,0.0741
c2_27,1,1789030397.458666,4,3.8679,0.2354,0.0609
c2_27,1,1789030397.678666,4,3.8679,0.2354,0.0609
c2_27,1,1789030397.8986661,4,3.8679,0.2354,0.0609
c2_27,1,1789030398.1186662,4,3.8679,0.2354,0.0609
c2_27,1,1789030398.3386662,4,3.8679,0.2354,0.0609
c2_27,1,1789030398.5586662,4,3.8679,0.2354,0.0609
c2_27,1,1789030398.7786663,4,3.8679,0.2354,0.0609
c2_27,1,1789030398.9986663,4,3.8679,0.2354,0.0609
c2_27,1,1789030399.2186663,4,3.8679,0.2354,0.0609
c2_27,1,1789030399.4386663,4,3.8679,0.2354,0.0609
c2_27,1,1789030399.6586664,4,3.8679,0.2354,0.0609
c2_27,1,1789030399.8786664,4,3.8679,0.2354,0.0609
c2_27,1,1789030400.0986664,4,3.8679,0.2354,0.0609
c2_27,1,1789030400.3186665,4,3.8679,0.2354,0.0609
c2_27,1,1789030400.5386665,4,3.8679,0.2354,0.0609
c2_27,1,1789030400.7586665,4,3.8679,0.2354,0.0609
c2_27,1,1789030400.9786665,4,3.8679,0.2354,0.0609
c2_27,1,1789030401.1986666,5,3.8358,0.2113,0.0551
c2_27,1,1789030401.4186666,5,3.8358,0.2113,0.0551
c2_27,1,1789030401.6386666,5,3.8358,0.2113,0.0551
c2_27,1,1789030401.8586667,5,3.8358,0.2113,0.0551
c2_27,1,1789030402.0786667,5,3.8358,0.2113,0.0551
c2_27,1,1789030402.2986667,5,3.8358,0.2113,0.0551
c2_27,1,1789030402.5186667,5,3.8358,0.2113,0.0551
c2_27,1,1789030402.7386668,5,3.8358,0.2113,0.0551
c2_27,1,1789030402.9586668,5,3.8358,0.2113,0.0551
c2_27,1,1789030403.1786668,5,3.8358,0.2113,0.0551
c2_27,1,1789030403.3986669,5,3.8358,0.2113,0.0551
c2_27,1,1789030403.618667,5,3.8358,0.2113,0.0551
c2_27,1,1789030403.838667,5,3.8358,0.2113,0.0551
c2_27,1,1789030404.058667,5,3.8358,0.2113,0.0551
c2_27,1,1789030404.278667,5,3.8358,0.2113,0.0551
c2_27,1,1789030404.498667,5,3.8358,0.2113,0.0551
c2_27,1,1789030404.718667,5,3.8358,0.2113,0.0551
c2_27,1,1789030404.938667,5,3.8358,0.2113,0.0551
c2_27,1,1789030405.158667,6,3.8357,0.189,0.0493
c2_27,1,1789030405.378667,6,3.8357,0.189,0.0493
c2_27,1,1789030405.5986671,6,3.8357,0.189,0.0493
c2_27,1,1789030405.8186672,6,3.8357,0.189,0.0493
c2_27,1,1789030406.0386672,6,3.8357,0.189,0.0493
c2_27,1,1789030406.2586672,6,3.8357,0.189,0.0493
c2_27,1,1789030406.4786673,6,3.8357,0.189,0.0493
c2_27,1,1789030406.6986673,6,3.8357,0.189,0.0493
c2_27,1,1789030406.9186673,6,3.8357,0.189,0.0493
c2_27,1,1789030407.1386673,6,3.8357,0.189,0.0493
c2_27,1,1789030407.3586674,6,3.8357,0.189,0.0493
c2_27,1,1789030407.5786674,6,3.8357,0.189,0.0493
c2_27,1,1789030407.7986674,6,3.8357,0.189,0.0493
c2_27,1,1789030408.0186675,6,3.8357,0.189,0.0493
c2_27,1,1789030408.2386675,6,3.8357,0.189,0.0493
c2_27,1,1789030408.4586675,6,3.8357,0.189,0.0493
c2_27,1,1789030408.6786675,6,3.8357,0.189,0.0493
c2_27,1,1789030408.8986676,7,3.8429,0.1733,0.0451
c2_27,1,1789030409.1186676,7,3.8429,0.1733,0.0451
c2_27,1,1789030409.3386676,7,3.8429,0.1733,0.0451
c2_27,1,1789030409.5586677,7,3.8429,0.1733,0.0451
c2_27,1,1789030409.7786677,7,3.8429,0.1733,0.0451
c2_27,1,1789030409.9986677,7,3.8429,0.1733,0.0451
c2_27,1,1789030410.2186677,7,3.8429,0.1733,0.0451
c2_27,1,1789030410.4386678,7,3.8429,0.1733,0.0451
c2_27,1,1789030410.6586678,7,3.8429,0.1733,0.0451
c2_27,1,1789030410.8786678,7,3.8429,0.1733,0.0451
c2_27,1,1789030411.0986679,7,3.8429,0.1733,0.0451
c2_27,1,1789030411.318668,7,3.8429,0.1733,0.0451
c2_27,1,1789030411.538668,7,3.8429,0.1733,0.0451
c2_27,1,1789030411.758668,7,3.8429,0.1733,0.0451
c2_27,1,1789030411.978668,7,3.8429,0.1733,0.0451
c2_27,1,1789030412.198668,7,3.8429,0.1733,0.0451
c2_27,1,1789030412.418668,7,3.8429,0.1733,0.0451
c2_27,1,1789030412.638668,7,3.8429,0.1733,0.0451
c2_27,1,1789030412.858668,7,3.8429,0.1733,0.0451
c2_27,1,1789030413.078668,7,3.8429,0.1733,0.0451
c2_27,1,1789030413.2986681,7,3.8429,0.1733,0.0451
c2_27,1,1789030413.5186682,8,3.9392,0.2852,0.0724
c2_27,1,1789030413.7386682,8,3.9392,0.2852,0.0724
c2_27,1,1789030413.9586682,8,3.9392,0.2852,0.0724
c2_27,1,1789030414.1786683,8,3.9392,0.2852,0.0724
c2_27,1,1789030414.3986683,8,3.9392,0.2852,0.0724
c2_27,1,1789030414.6186683,8,3.9392,0.2852,0.0724
c2_27,1,1789030414.8386683,8,3.9392,0.2852,0.0724
c2_27,1,1789030415.0586684,8,3.9392,0.2852,0.0724
c2_27,1,1789030415.2786684,8,3.9392,0.2852,0.0724
c2_27,1,1789030415.4986684,8,3.9392,0.2852,0.0724
c2_27,1,1789030415.7186685,8,3.9392,0.2852,0.0724
c2_27,1,1789030415.9386685,8,3.9392,0.2852,0.0724
c2_27,1,1789030416.1586685,8,3.9392,0.2852,0.0724
c2_27,1,1789030416.3786685,8,3.9392,0.2852,0.0724
c2_27,1,1789030416.5986686,8,3.9392,0.2852,0.0724
c2_27,1,1789030416.8186686,8,3.9392,0.2852,0.0724
c2_27,1,1789030417.0386686,8,3.9392,0.2852,0.0724
c2_27,1,1789030417.2586687,8,3.9392,0.2852,0.0724
c2_27,1,1789030417.4786687,8,3.9392,0.2852,0.0724
c2_27,1,1789030417.6986687,9,3.9803,0.2881,0.0724
c2_27,1,1789030417.9186687,9,3.9803,0.2881,0.0724
c2_27,1,1789030418.1386688,9,3.9803,0.2881,0.0724
c2_27,1,1789030418.3586688,9,3.9803,0.2881,0.0724
c2_27,1,1789030418.5786688,9,3.9803,0.2881,0.0724
c2_27,1,1789030418.7986689,9,3.9803,0.2881,0.0724
c2_27,1,1789030419.018669,9,3.9803,0.2881,0.0724
c2_27,1,1789030419.238669,9,3.9803,0.2881,0.0724
c2_27,1,1789030419.458669,9,3.9803,0.2881,0.0724
c2_27,1,1789030419.678669,9,3.9803,0.2881,0.0724
c2_27,1,1789030419.898669,9,3.9803,0.2881,0.0724
c2_27,1,1789030420.118669,9,3.9803,0.2881,0.0724
c2_27,1,1789030420.338669,9,3.9803,0.2881,0.0724
c2_27,1,1789030420.558669,9,3.9803,0.2881,0.0724
c2_27,1,1789030420.778669,9,3.9803,0.2881,0.0724
c2_27,1,1789030420.9986691,9,3.9803,0.2881,0.0724
c2_27,1,1789030421.2186692,9,3.9803,0.2881,0.0724
c2_27,1,1789030421.4386692,9,3.9803,0.2881,0.0724
c2_27,1,1789030421.6586692,10,3.9854,0.272,0.0683
c2_27,1,1789030421.8786693,10,3.9854,0.272,0.0683
c2_27,1,1789030422.0986693,10,3.9854,0.272,0.0683
c2_27,1,1789030422.3186693,10,3.9854,0.272,0.0683
c2_27,1,1789030422.5386693,10,3.9854,0.272,0.0683
c2_27,1,1789030422.7586694,10,3.9854,0.272,0.0683
c2_27,1,1789030422.9786694,10,3.9854,0.272,0.0683
c2_27,1,1789030423.1986694,10,3.9854,0.272,0.0683
c2_27,1,1789030423.4186695,10,3.9854,0.272,0.0683
c2_27,1,1789030423.6386695,10,3.9854,0.272,0.0683
c2_27,1,1789030423.8586695,10,3.9854,0.272,0.0683
c2_27,1,1789030424.0786695,10,3.9854,0.272,0.0683
c2_27,1,1789030424.2986696,10,3.9854,0.272,0.0683
c2_27,1,1789030424.5186696,10,3.9854,0.272,0.0683
c2_27,1,1789030424.7386696,10,3.9854,0.272,0.0683
c2_27,1,1789030424.9586697,10,3.9854,0.272,0.0683
c2_27,1,1789030425.1786697,10,3.9854,0.272,0.0683
c2_27,1,1789030425.3986697,10,3.9854,0.272,0.0683
c2_27,1,1789030425.6186697,10,3.9854,0.272,0.0683
c2_27,1,1789030425.8386698,11,4.0044,0.2643,0.066
c2_27,1,1789030426.0586698,11,4.0044,0.2643,0.066
c2_27,1,1789030426.2786698,11,4.0044,0.2643,0.066
c2_27,1,1789030426.4986699,11,4.0044,0.2643,0.066
c2_27,1,1789030426.71867,11,4.0044,0.2643,0.066
c2_27,1,1789030426.93867,11,4.0044,0.2643,0.066
c2_27,1,1789030427.15867,11,4.0044,0.2643,0.066
c2_27,1,1789030427.37867,11,4.0044,0.2643,0.066
c2_27,1,1789030427.59867,11,4.0044,0.2643,0.066
c2_27,1,1789030427.81867,11,4.0044,0.2643,0.066
c2_27,1,1789030428.03867,11,4.0044,0.2643,0.066
c2_27,1,1789030428.25867,11,4.0044,0.2643,0.066
c2_27,1,1789030428.4786701,11,4.0044,0.2643,0.066
c2_27,1,1789030428.6986701,11,4.0044,0.2643,0.066
c2_27,1,1789030428.9186702,11,4.0044,0.2643,0.066
c2_27,1,1789030429.1386702,11,4.0044,0.2643,0.066
c2_28,1,1789030469.0097218,3,5.3319,0.1219,0.0229
c2_28,1,1789030469.2297218,3,5.3319,0.1219,0.0229
c2_28,1,1789030469.4497218,3,5.3319,0.1219,0.0229
c2_28,1,1789030469.6697218,3,5.3319,0.1219,0.0229
c2_28,1,1789030469.8897219,3,5.3319,0.1219,0.0229
c2_28,1,1789030470.109722,3,5.3319,0.1219,0.0229
c2_28,1,1789030470.329722,3,5.3319,0.1219,0.0229
c2_28,1,1789030470.549722,3,5.3319,0.1219,0.0229
c2_28,1,1789030470.769722,3,5.3319,0.1219,0.0229
c2_28,1,1789030470.989722,3,5.3319,0.1219,0.0229
c2_28,1,1789030471.209722,3,5.3319,0.1219,0.0229
c2_28,1,1789030471.429722,3,5.3319,0.1219,0.0229
c2_28,1,1789030471.649722,3,5.3319,0.1219,0.0229
c2_28,1,1789030471.8697221,3,5.3319,0.1219,0.0229
c2_28,1,1789030472.0897222,3,5.3319,0.1219,0.0229
c2_28,1,1789030472.3097222,3,5.3319,0.1219,0.0229
c2_28,1,1789030472.5297222,3,5.3319,0.1219,0.0229
c2_28,1,1789030472.7497222,3,5.3319,0.1219,0.0229
c2_28,1,1789030472.9697223,3,5.3319,0.1219,0.0229
c2_28,1,1789030473.1897223,3,5.3319,0.1219,0.0229
c2_28,1,1789030473.4097223,3,5.3319,0.1219,0.0229
c2_28,1,1789030473.6297224,3,5.3319,0.1219,0.0229
c2_28,1,1789030473.8497224,3,5.3319,0.1219,0.0229
c2_28,1,1789030474.0697224,3,5.3319,0.1219,0.0229
c2_28,1,1789030474.2897224,3,5.3319,0.1219,0.0229
c2_28,1,1789030474.5097225,3,5.3319,0.1219,0.0229
c2_28,1,1789030474.7297225,3,5.3319,0.1219,0.0229
c2_28,1,1789030474.9497225,3,5.3319,0.1219,0.0229
c2_28,1,1789030475.1697226,3,5.3319,0.1219,0.0229
c2_28,1,1789030475.3897226,3,5.3319,0.1219,0.0229
c2_28,1,1789030475.6097226,4,5.7501,0.5998,0.1043
c2_28,1,1789030475.8297226,4,5.7501,0.5998,0.1043
c2_28,1,1789030476.0497227,4,5.7501,0.5998,0.1043
c2_28,1,1789030476.2697227,4,5.7501,0.5998,0.1043
c2_28,1,1789030476.4897227,4,5.7501,0.5998,0.1043
c2_28,1,1789030476.7097228,4,5.7501,0.5998,0.1043
c2_28,1,1789030476.9297228,4,5.7501,0.5998,0.1043
c2_28,1,1789030477.1497228,4,5.7501,0.5998,0.1043
c2_28,1,1789030477.3697228,4,5.7501,0.5998,0.1043
c2_28,1,1789030477.5897229,4,5.7501,0.5998,0.1043
c2_28,1,1789030477.809723,4,5.7501,0.5998,0.1043
c2_28,1,1789030478.029723,4,5.7501,0.5998,0.1043
c2_28,1,1789030478.249723,4,5.7501,0.5998,0.1043
c2_28,1,1789030478.469723,4,5.7501,0.5998,0.1043
c2_28,1,1789030478.689723,4,5.7501,0.5998,0.1043
c2_28,1,1789030478.909723,4,5.7501,0.5998,0.1043
c2_28,1,1789030479.129723,4,5.7501,0.5998,0.1043
c2_28,1,1789030479.349723,4,5.7501,0.5998,0.1043
c2_28,1,1789030479.5697231,4,5.7501,0.5998,0.1043
c2_28,1,1789030479.7897232,4,5.7501,0.5998,0.1043
c2_28,1,1789030480.0097232,4,5.7501,0.5998,0.1043
c2_28,1,1789030480.2297232,4,5.7501,0.5998,0.1043
c2_28,1,1789030480.4497232,4,5.7501,0.5998,0.1043
c2_28,1,1789030480.6697233,4,5.7501,0.5998,0.1043
c2_28,1,1789030480.8897233,4,5.7501,0.5998,0.1043
c2_28,1,1789030481.1097233,4,5.7501,0.5998,0.1043
c2_28,1,1789030481.3297234,4,5.7501,0.5998,0.1043
c2_28,1,1789030481.5497234,5,5.7649,0.5201,0.0902
c2_28,1,1789030481.7697234,5,5.7649,0.5201,0.0902
c2_28,1,1789030481.9897234,5,5.7649,0.5201,0.0902
c2_28,1,1789030482.2097235,5,5.7649,0.5201,0.0902
c2_28,1,1789030482.4297235,5,5.7649,0.5201,0.0902
c2_28,1,1789030482.6497235,5,5.7649,0.5201,0.0902
c2_28,1,1789030482.8697236,5,5.7649,0.5201,0.0902
c2_28,1,1789030483.0897236,5,5.7649,0.5201,0.0902
c2_28,1,1789030483.3097236,5,5.7649,0.5201,0.0902
c2_28,1,1789030483.5297236,5,5.7649,0.5201,0.0902
c2_28,1,1789030483.7497237,5,5.7649,0.5201,0.0902
c2_28,1,1789030483.9697237,5,5.7649,0.5201,0.0902
c2_28,1,1789030484.1897237,5,5.7649,0.5201,0.0902
c2_28,1,1789030484.4097238,5,5.7649,0.5201,0.0902
c2_28,1,1789030484.6297238,5,5.7649,0.5201,0.0902
c2_28,1,1789030484.8497238,5,5.7649,0.5201,0.0902
c2_28,1,1789030485.0697238,5,5.7649,0.5201,0.0902
c2_28,1,1789030485.2897239,5,5.7649,0.5201,0.0902
c2_28,1,1789030485.509724,5,5.7649,0.5201,0.0902
c2_28,1,1789030485.729724,5,5.7649,0.5201,0.0902
c2_28,1,1789030485.949724,5,5.7649,0.5201,0.0902
c2_28,1,1789030486.169724,5,5.7649,0.5201,0.0902
c2_28,1,1789030486.389724,5,5.7649,0.5201,0.0902
c2_28,1,1789030486.609724,5,5.7649,0.5201,0.0902
c2_28,1,1789030486.829724,5,5.7649,0.5201,0.0902
c2_28,1,1789030487.049724,6,5.7213,0.4732,0.0827
c2_28,1,1789030487.2697241,6,5.7213,0.4732,0.0827
c2_28,1,1789030487.4897242,6,5.7213,0.4732,0.0827
c2_28,1,1789030487.7097242,6,5.7213,0.4732,0.0827
c2_28,1,1789030487.9297242,6,5.7213,0.4732,0.0827
c2_28,1,1789030488.1497242,6,5.7213,0.4732,0.0827
c2_28,1,1789030488.3697243,6,5.7213,0.4732,0.0827
c2_28,1,1789030488.5897243,6,5.7213,0.4732,0.0827
c2_28,1,1789030488.8097243,6,5.7213,0.4732,0.0827
c2_28,1,1789030489.0297244,6,5.7213,0.4732,0.0827
c2_28,1,1789030489.2497244,6,5.7213,0.4732,0.0827
c2_28,1,1789030489.4697244,6,5.7213,0.4732,0.0827
c2_28,1,1789030489.6897244,6,5.7213,0.4732,0.0827
c2_28,1,1789030489.9097245,6,5.7213,0.4732,0.0827
c2_28,1,1789030490.1297245,6,5.7213,0.4732,0.0827
c2_28,1,1789030490.3497245,6,5.7213,0.4732,0.0827
c2_28,1,1789030490.5697246,6,5.7213,0.4732,0.0827
c2_28,1,1789030490.7897246,6,5.7213,0.4732,0.0827
c2_28,1,1789030491.0097246,6,5.7213,0.4732,0.0827
c2_28,1,1789030491.2297246,6,5.7213,0.4732,0.0827
c2_28,1,1789030491.4497247,6,5.7213,0.4732,0.0827
c2_28,1,1789030491.6697247,6,5.7213,0.4732,0.0827
c2_28,1,1789030491.8897247,6,5.7213,0.4732,0.0827
c2_28,1,1789030492.1097248,6,5.7213,0.4732,0.0827
c2_28,1,1789030492.3297248,6,5.7213,0.4732,0.0827
c2_28,1,1789030492.5497248,6,5.7213,0.4732,0.0827
c2_28,1,1789030492.7697248,6,5.7213,0.4732,0.0827
c2_28,1,1789030492.9897249,7,5.7708,0.4459,0.0773
c2_28,1,1789030493.209725,7,5.7708,0.4459,0.0773
c2_28,1,1789030493.429725,7,5.7708,0.4459,0.0773
c2_28,1,1789030493.649725,7,5.7708,0.4459,0.0773
c2_28,1,1789030493.869725,7,5.7708,0.4459,0.0773
c2_28,1,1789030494.089725,7,5.7708,0.4459,0.0773
c2_28,1,1789030494.309725,7,5.7708,0.4459,0.0773
c2_28,1,1789030494.529725,7,5.7708,0.4459,0.0773
c2_28,1,1789030494.749725,7,5.7708,0.4459,0.0773
c2_28,1,1789030494.9697251,7,5.7708,0.4459,0.0773
c2_28,1,1789030495.1897252,7,5.7708,0.4459,0.0773
c2_28,1,1789030495.4097252,7,5.7708,0.4459,0.0773
c2_28,1,1789030495.6297252,7,5.7708,0.4459,0.0773
c2_28,1,1789030495.8497252,7,5.7708,0.4459,0.0773
c2_28,1,1789030496.0697253,7,5.7708,0.4459,0.0773
c2_28,1,1789030496.2897253,7,5.7708,0.4459,0.0773
c2_28,1,1789030496.5097253,7,5.7708,0.4459,0.0773
c2_28,1,1789030496.7297254,7,5.7708,0.4459,0.0773
c2_28,1,1789030496.9497254,7,5.7708,0.4459,0.0773
c2_28,1,1789030497.1697254,7,5.7708,0.4459,0.0773
c2_28,1,1789030497.3897254,7,5.7708,0.4459,0.0773
c2_28,1,1789030497.6097255,7,5.7708,0.4459,0.0773
c2_28,1,1789030497.8297255,7,5.7708,0.4459,0.0773
c2_28,1,1789030498.0497255,7,5.7708,0.4459,0.0773
c2_28,1,1789030498.2697256,8,5.6805,0.4683,0.0824
c2_28,1,1789030498.4897256,8,5.6805,0.4683,0.0824
c2_28,1,1789030498.7097256,8,5.6805,0.4683,0.0824
c2_28,1,1789030498.9297256,8,5.6805,0.4683,0.0824
c2_28,1,1789030499.1497257,8,5.6805,0.4683,0.0824
c2_28,1,1789030499.3697257,8,5.6805,0.4683,0.0824
c2_28,1,1789030499.5897257,8,5.6805,0.4683,0.0824
c2_28,1,1789030499.8097258,8,5.6805,0.4683,0.0824
c2_28,1,1789030500.0297258,8,5.6805,0.4683,0.0824
c2_28,1,1789030500.2497258,8,5.6805,0.4683,0.0824
c2_28,1,1789030500.4697258,8,5.6805,0.4683,0.0824
c2_28,1,1789030500.6897259,8,5.6805,0.4683,0.0824
c2_28,1,1789030500.909726,8,5.6805,0.4683,0.0824
c2_28,1,1789030501.129726,8,5.6805,0.4683,0.0824
c2_28,1,1789030501.349726,8,5.6805,0.4683,0.0824
c2_28,1,1789030501.569726,8,5.6805,0.4683,0.0824
c2_28,1,1789030501.789726,8,5.6805,0.4683,0.0824
c2_28,1,1789030502.009726,8,5.6805,0.4683,0.0824
c2_28,1,1789030502.229726,8,5.6805,0.4683,0.0824
c2_28,1,1789030502.449726,8,5.6805,0.4683,0.0824
c2_28,1,1789030502.6697261,8,5.6805,0.4683,0.0824
c2_28,1,1789030502.8897262,8,5.6805,0.4683,0.0824
c2_28,1,1789030503.1097262,8,5.6805,0.4683,0.0824
c2_28,1,1789030503.3297262,8,5.6805,0.4683,0.0824
c2_28,1,1789030503.5497262,8,5.6805,0.4683,0.0824
c2_28,1,1789030503.7697263,8,5.6805,0.4683,0.0824
c2_28,1,1789030503.9897263,9,5.6925,0.4392,0.0772
c2_28,1,1789030504.2097263,9,5.6925,0.4392,0.0772
c2_28,1,1789030504.4297264,9,5.6925,0.4392,0.0772
c2_28,1,1789030504.6497264,9,5.6925,0.4392,0.0772
c2_28,1,1789030504.8697264,9,5.6925,0.4392,0.0772
c2_28,1,1789030505.0897264,9,5.6925,0.4392,0.0772
c2_28,1,1789030505.3097265,9,5.6925,0.4392,0.0772
c2_28,1,1789030505.5297265,9,5.6925,0.4392,0.0772
c2_28,1,1789030505.7497265,9,5.6925,0.4392,0.0772
c2_28,1,1789030505.9697266,9,5.6925,0.4392,0.0772
c2_28,1,1789030506.1897266,9,5.6925,0.4392,0.0772
c2_28,1,1789030506.4097266,9,5.6925,0.4392,0.0772
c2_28,1,1789030506.6297266,9,5.6925,0.4392,0.0772
c2_28,1,1789030506.8497267,9,5.6925,0.4392,0.0772
c2_28,1,1789030507.0697267,9,5.6925,0.4392,0.0772
c2_28,1,1789030507.2897267,9,5.6925,0.4392,0.0772
c2_28,1,1789030507.5097268,9,5.6925,0.4392,0.0772
c2_28,1,1789030507.7297268,9,5.6925,0.4392,0.0772
c2_28,1,1789030507.9497268,9,5.6925,0.4392,0.0772
c2_28,1,1789030508.1697268,9,5.6925,0.4392,0.0772
c2_28,1,1789030508.3897269,9,5.6925,0.4392,0.0772
c2_28,1,1789030508.609727,9,5.6925,0.4392,0.0772
c2_28,1,1789030508.829727,9,5.6925,0.4392,0.0772
c2_28,1,1789030509.049727,9,5.6925,0.4392,0.0772
c2_28,1,1789030509.269727,9,5.6925,0.4392,0.0772
c2_28,1,1789030509.489727,9,5.6925,0.4392,0.0772
benign_29,0,1789030513.628071,3,1.0683,0.3992,0.3737
benign_29,0,1789030513.848071,4,0.8274,0.4715,0.5699
benign_29,0,1789030514.0680711,4,0.8274,0.4715,0.5699
benign_29,0,1789030514.2880712,4,0.8274,0.4715,0.5699
benign_29,0,1789030514.5080712,4,0.8274,0.4715,0.5699
benign_29,0,1789030514.7280712,4,0.8274,0.4715,0.5699
benign_29,0,1789030514.9480712,4,0.8274,0.4715,0.5699
benign_29,0,1789030515.1680713,4,0.8274,0.4715,0.5699
benign_29,0,1789030515.3880713,4,0.8274,0.4715,0.5699
benign_29,0,1789030515.6080713,4,0.8274,0.4715,0.5699
benign_29,0,1789030515.8280714,4,0.8274,0.4715,0.5699
benign_29,0,1789030516.0480714,4,0.8274,0.4715,0.5699
benign_29,0,1789030516.2680714,4,0.8274,0.4715,0.5699
benign_29,0,1789030516.4880714,4,0.8274,0.4715,0.5699
benign_29,0,1789030516.7080715,4,0.8274,0.4715,0.5699
benign_29,0,1789030516.9280715,4,0.8274,0.4715,0.5699
benign_29,0,1789030517.1480715,4,0.8274,0.4715,0.5699
benign_29,0,1789030517.3680716,4,0.8274,0.4715,0.5699
benign_29,0,1789030517.5880716,4,0.8274,0.4715,0.5699
benign_29,0,1789030517.8080716,5,1.5829,1.3709,0.866
benign_29,0,1789030518.0280716,5,1.5829,1.3709,0.866
benign_29,0,1789030518.2480717,5,1.5829,1.3709,0.866
benign_29,0,1789030518.4680717,5,1.5829,1.3709,0.866
benign_29,0,1789030518.6880717,5,1.5829,1.3709,0.866
benign_29,0,1789030518.9080718,5,1.5829,1.3709,0.866
benign_29,0,1789030519.1280718,5,1.5829,1.3709,0.866
benign_29,0,1789030519.3480718,5,1.5829,1.3709,0.866
benign_29,0,1789030519.5680718,6,1.6341,1.2304,0.753
benign_29,0,1789030519.7880719,6,1.6341,1.2304,0.753
benign_29,0,1789030520.008072,6,1.6341,1.2304,0.753
benign_29,0,1789030520.228072,7,1.4885,1.1694,0.7856
benign_29,0,1789030520.448072,7,1.4885,1.1694,0.7856
benign_29,0,1789030520.668072,7,1.4885,1.1694,0.7856
benign_29,0,1789030520.888072,7,1.4885,1.1694,0.7856
benign_29,0,1789030521.108072,7,1.4885,1.1694,0.7856
benign_29,0,1789030521.328072,7,1.4885,1.1694,0.7856
benign_29,0,1789030521.548072,7,1.4885,1.1694,0.7856
benign_29,0,1789030521.7680721,7,1.4885,1.1694,0.7856
benign_29,0,1789030521.9880722,7,1.4885,1.1694,0.7856
benign_29,0,1789030522.2080722,7,1.4885,1.1694,0.7856
benign_29,0,1789030522.4280722,7,1.4885,1.1694,0.7856
benign_29,0,1789030522.6480722,7,1.4885,1.1694,0.7856
benign_29,0,1789030522.8680723,8,1.6491,1.1519,0.6985
benign_29,0,1789030523.0880723,8,1.6491,1.1519,0.6985
benign_29,0,1789030523.3080723,8,1.6491,1.1519,0.6985
benign_29,0,1789030523.5280724,9,1.5028,1.1449,0.7619
benign_29,0,1789030523.7480724,9,1.5028,1.1449,0.7619
benign_29,0,1789030523.9680724,9,1.5028,1.1449,0.7619
benign_29,0,1789030524.1880724,9,1.5028,1.1449,0.7619
benign_29,0,1789030524.4080725,9,1.5028,1.1449,0.7619
benign_29,0,1789030524.6280725,9,1.5028,1.1449,0.7619
benign_29,0,1789030524.8480725,9,1.5028,1.1449,0.7619
benign_29,0,1789030525.0680726,9,1.5028,1.1449,0.7619
benign_29,0,1789030525.2880726,9,1.5028,1.1449,0.7619
benign_29,0,1789030525.5080726,9,1.5028,1.1449,0.7619
benign_29,0,1789030525.7280726,9,1.5028,1.1449,0.7619
benign_29,0,1789030525.9480727,9,1.5028,1.1449,0.7619
benign_29,0,1789030526.1680727,9,1.5028,1.1449,0.7619
benign_29,0,1789030526.3880727,9,1.5028,1.1449,0.7619
benign_29,0,1789030526.6080728,9,1.5028,1.1449,0.7619
benign_29,0,1789030526.8280728,9,1.5028,1.1449,0.7619
benign_29,0,1789030527.0480728,9,1.5028,1.1449,0.7619
benign_29,0,1789030527.2680728,9,1.5028,1.1449,0.7619
benign_29,0,1789030527.4880729,10,1.7949,1.3594,0.7574
benign_29,0,1789030527.708073,10,1.7949,1.3594,0.7574
benign_29,0,1789030527.928073,10,1.7949,1.3594,0.7574
benign_29,0,1789030528.148073,10,1.7949,1.3594,0.7574
benign_29,0,1789030528.368073,10,1.7949,1.3594,0.7574
benign_29,0,1789030528.588073,10,1.7949,1.3594,0.7574
benign_29,0,1789030528.808073,10,1.7949,1.3594,0.7574
benign_29,0,1789030529.028073,10,1.7949,1.3594,0.7574
benign_29,0,1789030529.248073,10,1.7949,1.3594,0.7574
benign_29,0,1789030529.4680731,10,1.7949,1.3594,0.7574
benign_29,0,1789030529.6880732,10,1.7949,1.3594,0.7574
benign_29,0,1789030529.9080732,10,1.7949,1.3594,0.7574
benign_29,0,1789030530.1280732,10,1.7949,1.3594,0.7574
benign_29,0,1789030530.3480732,10,1.7949,1.3594,0.7574
benign_29,0,1789030530.5680733,10,1.7949,1.3594,0.7574
benign_29,0,1789030530.7880733,10,1.7949,1.3594,0.7574
benign_29,0,1789030531.0080733,10,1.7949,1.3594,0.7574
benign_29,0,1789030531.2280734,10,1.7949,1.3594,0.7574
benign_29,0,1789030531.4480734,10,1.7949,1.3594,0.7574
benign_29,0,1789030531.6680734,10,1.7949,1.3594,0.7574
benign_29,0,1789030531.8880734,10,1.7949,1.3594,0.7574
benign_29,0,1789030532.1080735,10,1.7949,1.3594,0.7574
benign_29,0,1789030532.3280735,10,1.7949,1.3594,0.7574
benign_29,0,1789030532.5480735,10,1.7949,1.3594,0.7574
benign_29,0,1789030532.7680736,10,1.7949,1.3594,0.7574
benign_29,0,1789030532.9880736,10,1.7949,1.3594,0.7574
benign_29,0,1789030533.2080736,10,1.7949,1.3594,0.7574
benign_29,0,1789030533.4280736,10,1.7949,1.3594,0.7574
benign_29,0,1789030533.6480737,10,1.7949,1.3594,0.7574
benign_29,0,1789030533.8680737,10,1.7949,1.3594,0.7574
benign_29,0,1789030534.0880737,10,1.7949,1.3594,0.7574
benign_29,0,1789030534.3080738,10,1.7949,1.3594,0.7574
benign_29,0,1789030534.5280738,10,1.7949,1.3594,0.7574
benign_29,0,1789030534.7480738,10,1.7949,1.3594,0.7574
benign_29,0,1789030534.9680738,10,1.7949,1.3594,0.7574
benign_29,0,1789030535.1880739,10,1.7949,1.3594,0.7574
benign_29,0,1789030535.408074,10,1.7949,1.3594,0.7574
benign_29,0,1789030535.628074,10,1.7949,1.3594,0.7574
benign_29,0,1789030535.848074,10,1.7949,1.3594,0.7574
benign_29,0,1789030536.068074,10,1.7949,1.3594,0.7574
benign_29,0,1789030536.288074,10,1.7949,1.3594,0.7574
benign_29,0,1789030536.508074,10,1.7949,1.3594,0.7574
benign_29,0,1789030536.728074,10,1.7949,1.3594,0.7574
benign_29,0,1789030536.948074,10,1.7949,1.3594,0.7574
benign_29,0,1789030537.1680741,10,1.7949,1.3594,0.7574
benign_29,0,1789030537.3880742,10,1.7949,1.3594,0.7574
benign_29,0,1789030537.6080742,10,1.7949,1.3594,0.7574
benign_29,0,1789030537.8280742,10,1.7949,1.3594,0.7574
benign_29,0,1789030538.0480742,10,1.7949,1.3594,0.7574
benign_29,0,1789030538.2680743,10,1.7949,1.3594,0.7574
benign_29,0,1789030538.4880743,10,1.7949,1.3594,0.7574
benign_29,0,1789030538.7080743,10,1.7949,1.3594,0.7574
benign_29,0,1789030538.9280744,10,1.7949,1.3594,0.7574
c2_29,1,1789030552.2924032,3,4.2567,0.031,0.0073
c2_29,1,1789030552.5124032,3,4.2567,0.031,0.0073
c2_29,1,1789030552.7324033,3,4.2567,0.031,0.0073
c2_29,1,1789030552.9524033,3,4.2567,0.031,0.0073
c2_29,1,1789030553.1724033,3,4.2567,0.031,0.0073
c2_29,1,1789030553.3924034,3,4.2567,0.031,0.0073
c2_29,1,1789030553.6124034,3,4.2567,0.031,0.0073
c2_29,1,1789030553.8324034,3,4.2567,0.031,0.0073
c2_29,1,1789030554.0524035,3,4.2567,0.031,0.0073
c2_29,1,1789030554.2724035,3,4.2567,0.031,0.0073
c2_29,1,1789030554.4924035,3,4.2567,0.031,0.0073
c2_29,1,1789030554.7124035,3,4.2567,0.031,0.0073
c2_29,1,1789030554.9324036,3,4.2567,0.031,0.0073
c2_29,1,1789030555.1524036,3,4.2567,0.031,0.0073
c2_29,1,1789030555.3724036,3,4.2567,0.031,0.0073
c2_29,1,1789030555.5924037,3,4.2567,0.031,0.0073
c2_29,1,1789030555.8124037,3,4.2567,0.031,0.0073
c2_29,1,1789030556.0324037,3,4.2567,0.031,0.0073
c2_29,1,1789030556.2524037,4,4.1636,0.1342,0.0322
c2_29,1,1789030556.4724038,4,4.1636,0.1342,0.0322
c2_29,1,1789030556.6924038,4,4.1636,0.1342,0.0322
c2_29,1,1789030556.9124038,4,4.1636,0.1342,0.0322
c2_29,1,1789030557.1324039,4,4.1636,0.1342,0.0322
c2_29,1,1789030557.3524039,4,4.1636,0.1342,0.0322
c2_29,1,1789030557.572404,4,4.1636,0.1342,0.0322
c2_29,1,1789030557.792404,4,4.1636,0.1342,0.0322
c2_29,1,1789030558.012404,4,4.1636,0.1342,0.0322
c2_29,1,1789030558.232404,4,4.1636,0.1342,0.0322
c2_29,1,1789030558.452404,4,4.1636,0.1342,0.0322
c2_29,1,1789030558.672404,4,4.1636,0.1342,0.0322
c2_29,1,1789030558.892404,4,4.1636,0.1342,0.0322
c2_29,1,1789030559.112404,4,4.1636,0.1342,0.0322
c2_29,1,1789030559.3324041,4,4.1636,0.1342,0.0322
c2_29,1,1789030559.5524042,4,4.1636,0.1342,0.0322
c2_29,1,1789030559.7724042,4,4.1636,0.1342,0.0322
c2_29,1,1789030559.9924042,4,4.1636,0.1342,0.0322
c2_29,1,1789030560.2124043,4,4.1636,0.1342,0.0322
c2_29,1,1789030560.4324043,5,4.1559,0.1169,0.0281
c2_29,1,1789030560.6524043,5,4.1559,0.1169,0.0281
c2_29,1,1789030560.8724043,5,4.1559,0.1169,0.0281
c2_29,1,1789030561.0924044,5,4.1559,0.1169,0.0281
c2_29,1,1789030561.3124044,5,4.1559,0.1169,0.0281
c2_29,1,1789030561.5324044,5,4.1559,0.1169,0.0281
c2_29,1,1789030561.7524045,5,4.1559,0.1169,0.0281
c2_29,1,1789030561.9724045,5,4.1559,0.1169,0.0281
c2_29,1,1789030562.1924045,5,4.1559,0.1169,0.0281
c2_29,1,1789030562.4124045,5,4.1559,0.1169,0.0281
c2_29,1,1789030562.6324046,5,4.1559,0.1169,0.0281
c2_29,1,1789030562.8524046,5,4.1559,0.1169,0.0281
c2_29,1,1789030563.0724046,5,4.1559,0.1169,0.0281
c2_29,1,1789030563.2924047,5,4.1559,0.1169,0.0281
c2_29,1,1789030563.5124047,5,4.1559,0.1169,0.0281
c2_29,1,1789030563.7324047,5,4.1559,0.1169,0.0281
c2_29,1,1789030563.9524047,5,4.1559,0.1169,0.0281
c2_29,1,1789030564.1724048,5,4.1559,0.1169,0.0281
c2_29,1,1789030564.3924048,5,4.1559,0.1169,0.0281
c2_29,1,1789030564.6124048,5,4.1559,0.1169,0.0281
c2_29,1,1789030564.8324049,5,4.1559,0.1169,0.0281
c2_29,1,1789030565.0524049,6,4.2554,0.2249,0.0528
c2_29,1,1789030565.272405,6,4.2554,0.2249,0.0528
c2_29,1,1789030565.492405,6,4.2554,0.2249,0.0528
c2_29,1,1789030565.712405,6,4.2554,0.2249,0.0528
c2_29,1,1789030565.932405,6,4.2554,0.2249,0.0528
c2_29,1,1789030566.152405,6,4.2554,0.2249,0.0528
c2_29,1,1789030566.372405,6,4.2554,0.2249,0.0528
c2_29,1,1789030566.592405,6,4.2554,0.2249,0.0528
c2_29,1,1789030566.812405,6,4.2554,0.2249,0.0528
c2_29,1,1789030567.0324051,6,4.2554,0.2249,0.0528
c2_29,1,1789030567.2524052,6,4.2554,0.2249,0.0528
c2_29,1,1789030567.4724052,6,4.2554,0.2249,0.0528
c2_29,1,1789030567.6924052,6,4.2554,0.2249,0.0528
c2_29,1,1789030567.9124053,6,4.2554,0.2249,0.0528
c2_29,1,1789030568.1324053,6,4.2554,0.2249,0.0528
c2_29,1,1789030568.3524053,6,4.2554,0.2249,0.0528
c2_29,1,1789030568.5724053,6,4.2554,0.2249,0.0528
c2_29,1,1789030568.7924054,6,4.2554,0.2249,0.0528
c2_29,1,1789030569.0124054,6,4.2554,0.2249,0.0528
c2_29,1,1789030569.2324054,6,4.2554,0.2249,0.0528
c2_29,1,1789030569.4524055,7,4.2754,0.2101,0.0491
c2_29,1,1789030569.6724055,7,4.2754,0.2101,0.0491
c2_29,1,1789030569.8924055,7,4.2754,0.2101,0.0491
c2_29,1,1789030570.1124055,7,4.2754,0.2101,0.0491
c2_29,1,1789030570.3324056,7,4.2754,0.2101,0.0491
c2_29,1,1789030570.5524056,7,4.2754,0.2101,0.0491
c2_29,1,1789030570.7724056,7,4.2754,0.2101,0.0491
c2_29,1,1789030570.9924057,7,4.2754,0.2101,0.0491
c2_29,1,1789030571.2124057,7,4.2754,0.2101,0.0491
c2_29,1,1789030571.4324057,7,4.2754,0.2101,0.0491
c2_29,1,1789030571.6524057,7,4.2754,0.2101,0.0491
c2_29,1,1789030571.8724058,7,4.2754,0.2101,0.0491
c2_29,1,1789030572.0924058,7,4.2754,0.2101,0.0491
c2_29,1,1789030572.3124058,7,4.2754,0.2101,0.0491
c2_29,1,1789030572.5324059,7,4.2754,0.2101,0.0491
c2_29,1,1789030572.752406,7,4.2754,0.2101,0.0491
c2_29,1,1789030572.972406,7,4.2754,0.2101,0.0491
c2_29,1,1789030573.192406,7,4.2754,0.2101,0.0491
c2_29,1,1789030573.412406,8,4.212,0.2489,0.0591
c2_29,1,1789030573.632406,8,4.212,0.2489,0.0591
c2_29,1,1789030573.852406,8,4.212,0.2489,0.0591
c2_29,1,1789030574.072406,8,4.212,0.2489,0.0591
c2_29,1,1789030574.292406,8,4.212,0.2489,0.0591
c2_29,1,1789030574.512406,8,4.212,0.2489,0.0591
c2_29,1,1789030574.7324061,8,4.212,0.2489,0.0591
c2_29,1,1789030574.9524062,8,4.212,0.2489,0.0591
c2_29,1,1789030575.1724062,8,4.212,0.2489,0.0591
c2_29,1,1789030575.3924062,8,4.212,0.2489,0.0591
c2_29,1,1789030575.6124063,8,4.212,0.2489,0.0591
c2_29,1,1789030575.8324063,8,4.212,0.2489,0.0591
c2_29,1,1789030576.0524063,8,4.212,0.2489,0.0591
c2_29,1,1789030576.2724063,8,4.212,0.2489,0.0591
c2_29,1,1789030576.4924064,8,4.212,0.2489,0.0591
c2_29,1,1789030576.7124064,8,4.212,0.2489,0.0591
c2_29,1,1789030576.9324064,8,4.212,0.2489,0.0591
c2_29,1,1789030577.1524065,8,4.212,0.2489,0.0591
c2_29,1,1789030577.3724065,9,4.1772,0.2503,0.0599
c2_29,1,1789030577.5924065,9,4.1772,0.2503,0.0599
c2_29,1,1789030577.8124065,9,4.1772,0.2503,0.0599
c2_29,1,1789030578.0324066,9,4.1772,0.2503,0.0599
c2_29,1,1789030578.2524066,9,4.1772,0.2503,0.0599
c2_29,1,1789030578.4724066,9,4.1772,0.2503,0.0599
c2_29,1,1789030578.6924067,9,4.1772,0.2503,0.0599
c2_29,1,1789030578.9124067,9,4.1772,0.2503,0.0599
c2_29,1,1789030579.1324067,9,4.1772,0.2503,0.0599
c2_29,1,1789030579.3524067,9,4.1772,0.2503,0.0599
c2_29,1,1789030579.5724068,9,4.1772,0.2503,0.0599
c2_29,1,1789030579.7924068,9,4.1772,0.2503,0.0599
c2_29,1,1789030580.0124068,9,4.1772,0.2503,0.0599
c2_29,1,1789030580.2324069,9,4.1772,0.2503,0.0599
c2_29,1,1789030580.452407,9,4.1772,0.2503,0.0599
c2_29,1,1789030580.672407,9,4.1772,0.2503,0.0599
c2_29,1,1789030580.892407,9,4.1772,0.2503,0.0599
c2_29,1,1789030581.112407,9,4.1772,0.2503,0.0599
c2_29,1,1789030581.332407,9,4.1772,0.2503,0.0599
c2_29,1,1789030581.552407,9,4.1772,0.2503,0.0599
c2_29,1,1789030581.772407,9,4.1772,0.2503,0.0599
c2_29,1,1789030581.992407,9,4.1772,0.2503,0.0599
c2_29,1,1789030582.212407,10,4.2522,0.3174,0.0746
c2_29,1,1789030582.4324071,10,4.2522,0.3174,0.0746
c2_29,1,1789030582.6524072,10,4.2522,0.3174,0.0746
c2_29,1,1789030582.8724072,10,4.2522,0.3174,0.0746
c2_29,1,1789030583.0924072,10,4.2522,0.3174,0.0746
c2_29,1,1789030583.3124073,10,4.2522,0.3174,0.0746
c2_29,1,1789030583.5324073,10,4.2522,0.3174,0.0746
c2_29,1,1789030583.7524073,10,4.2522,0.3174,0.0746
c2_29,1,1789030583.9724073,10,4.2522,0.3174,0.0746
c2_29,1,1789030584.1924074,10,4.2522,0.3174,0.0746
c2_29,1,1789030584.4124074,10,4.2522,0.3174,0.0746
c2_29,1,1789030584.6324074,10,4.2522,0.3174,0.0746
c2_29,1,1789030584.8524075,10,4.2522,0.3174,0.0746
c2_29,1,1789030585.0724075,10,4.2522,0.3174,0.0746
c2_29,1,1789030585.2924075,10,4.2522,0.3174,0.0746
c2_29,1,1789030585.5124075,10,4.2522,0.3174,0.0746
c2_29,1,1789030585.7324076,10,4.2522,0.3174,0.0746
c2_29,1,1789030585.9524076,10,4.2522,0.3174,0.0746
c2_29,1,1789030586.1724076,10,4.2522,0.3174,0.0746
c2_29,1,1789030586.3924077,11,4.2478,0.3014,0.0709
c2_29,1,1789030586.6124077,11,4.2478,0.3014,0.0709
c2_29,1,1789030586.8324077,11,4.2478,0.3014,0.0709
c2_29,1,1789030587.0524077,11,4.2478,0.3014,0.0709
c2_29,1,1789030587.2724078,11,4.2478,0.3014,0.0709
c2_29,1,1789030587.4924078,11,4.2478,0.3014,0.0709
c2_29,1,1789030587.7124078,11,4.2478,0.3014,0.0709
c2_29,1,1789030587.9324079,11,4.2478,0.3014,0.0709
c2_29,1,1789030588.152408,11,4.2478,0.3014,0.0709
c2_29,1,1789030588.372408,11,4.2478,0.3014,0.0709
c2_29,1,1789030588.592408,11,4.2478,0.3014,0.0709
c2_29,1,1789030588.812408,11,4.2478,0.3014,0.0709
c2_29,1,1789030589.032408,11,4.2478,0.3014,0.0709
c2_29,1,1789030589.252408,11,4.2478,0.3014,0.0709
c2_29,1,1789030589.472408,11,4.2478,0.3014,0.0709
c2_29,1,1789030589.692408,11,4.2478,0.3014,0.0709
c2_29,1,1789030589.912408,11,4.2478,0.3014,0.0709
c2_29,1,1789030590.1324081,11,4.2478,0.3014,0.0709
c2_29,1,1789030590.3524082,11,4.2478,0.3014,0.0709
c2_29,1,1789030590.5724082,11,4.2478,0.3014,0.0709
c2_29,1,1789030590.7924082,11,4.2478,0.3014,0.0709
c2_29,1,1789030591.0124083,11,4.2478,0.3014,0.0709
c2_29,1,1789030591.2324083,12,4.3014,0.3337,0.0776
c2_29,1,1789030591.4524083,12,4.3014,0.3337,0.0776
c2_29,1,1789030591.6724083,12,4.3014,0.3337,0.0776
c2_29,1,1789030591.8924084,12,4.3014,0.3337,0.0776
c2_29,1,1789030592.1124084,12,4.3014,0.3337,0.0776
c2_29,1,1789030592.3324084,12,4.3014,0.3337,0.0776
c2_29,1,1789030592.5524085,12,4.3014,0.3337,0.0776
c2_29,1,1789030592.7724085,12,4.3014,0.3337,0.0776
c2_29,1,1789030592.9924085,12,4.3014,0.3337,0.0776
c2_29,1,1789030593.2124085,12,4.3014,0.3337,0.0776
c2_29,1,1789030593.4324086,12,4.3014,0.3337,0.0776
c2_29,1,1789030593.6524086,12,4.3014,0.3337,0.0776
c2_29,1,1789030593.8724086,12,4.3014,0.3337,0.0776
c2_29,1,1789030594.0924087,12,4.3014,0.3337,0.0776
c2_29,1,1789030594.3124087,12,4.3014,0.3337,0.0776
c2_29,1,1789030594.5324087,12,4.3014,0.3337,0.0776
c2_29,1,1789030594.7524087,12,4.3014,0.3337,0.0776
c2_29,1,1789030594.9724088,12,4.3014,0.3337,0.0776
benign_30,0,1789030614.812505,3,4.443,2.1029,0.4733
benign_30,0,1789030615.032505,3,4.443,2.1029,0.4733
benign_30,0,1789030615.252505,3,4.443,2.1029,0.4733
benign_30,0,1789030615.472505,3,4.443,2.1029,0.4733
benign_30,0,1789030615.6925051,4,3.2346,2.4225,0.7489
benign_30,0,1789030615.9125051,4,3.2346,2.4225,0.7489
benign_30,0,1789030616.1325052,4,3.2346,2.4225,0.7489
benign_30,0,1789030616.3525052,4,3.2346,2.4225,0.7489
benign_30,0,1789030616.5725052,4,3.2346,2.4225,0.7489
benign_30,0,1789030616.7925053,4,3.2346,2.4225,0.7489
benign_30,0,1789030617.0125053,4,3.2346,2.4225,0.7489
benign_30,0,1789030617.2325053,4,3.2346,2.4225,0.7489
benign_30,0,1789030617.4525054,4,3.2346,2.4225,0.7489
benign_30,0,1789030617.6725054,4,3.2346,2.4225,0.7489
benign_30,0,1789030617.8925054,4,3.2346,2.4225,0.7489
benign_30,0,1789030618.1125054,4,3.2346,2.4225,0.7489
benign_30,0,1789030618.3325055,4,3.2346,2.4225,0.7489
benign_30,0,1789030618.5525055,4,3.2346,2.4225,0.7489
benign_30,0,1789030618.7725055,4,3.2346,2.4225,0.7489
benign_30,0,1789030618.9925056,4,3.2346,2.4225,0.7489
benign_30,0,1789030619.2125056,4,3.2346,2.4225,0.7489
benign_30,0,1789030619.4325056,4,3.2346,2.4225,0.7489
benign_30,0,1789030619.6525056,4,3.2346,2.4225,0.7489
benign_30,0,1789030619.8725057,4,3.2346,2.4225,0.7489
benign_30,0,1789030620.0925057,4,3.2346,2.4225,0.7489
c2_30,1,1789030638.310503,3,5.9841,0.1126,0.0188
c2_30,1,1789030638.530503,3,5.9841,0.1126,0.0188
c2_30,1,1789030638.750503,3,5.9841,0.1126,0.0188
c2_30,1,1789030638.970503,3,5.9841,0.1126,0.0188
c2_30,1,1789030639.1905031,3,5.9841,0.1126,0.0188
c2_30,1,1789030639.4105031,3,5.9841,0.1126,0.0188
c2_30,1,1789030639.6305032,3,5.9841,0.1126,0.0188
c2_30,1,1789030639.8505032,3,5.9841,0.1126,0.0188
c2_30,1,1789030640.0705032,3,5.9841,0.1126,0.0188
c2_30,1,1789030640.2905033,3,5.9841,0.1126,0.0188
c2_30,1,1789030640.5105033,3,5.9841,0.1126,0.0188
c2_30,1,1789030640.7305033,3,5.9841,0.1126,0.0188
c2_30,1,1789030640.9505033,3,5.9841,0.1126,0.0188
c2_30,1,1789030641.1705034,3,5.9841,0.1126,0.0188
c2_30,1,1789030641.3905034,3,5.9841,0.1126,0.0188
c2_30,1,1789030641.6105034,3,5.9841,0.1126,0.0188
c2_30,1,1789030641.8305035,3,5.9841,0.1126,0.0188
c2_30,1,1789030642.0505035,3,5.9841,0.1126,0.0188
c2_30,1,1789030642.2705035,3,5.9841,0.1126,0.0188
c2_30,1,1789030642.4905035,3,5.9841,0.1126,0.0188
c2_30,1,1789030642.7105036,3,5.9841,0.1126,0.0188
c2_30,1,1789030642.9305036,3,5.9841,0.1126,0.0188
c2_30,1,1789030643.1505036,3,5.9841,0.1126,0.0188
c2_30,1,1789030643.3705037,3,5.9841,0.1126,0.0188
c2_30,1,1789030643.5905037,3,5.9841,0.1126,0.0188
c2_30,1,1789030643.8105037,3,5.9841,0.1126,0.0188
c2_30,1,1789030644.0305037,3,5.9841,0.1126,0.0188
c2_30,1,1789030644.2505038,3,5.9841,0.1126,0.0188
c2_30,1,1789030644.4705038,4,6.007,0.0975,0.0162
c2_30,1,1789030644.6905038,4,6.007,0.0975,0.0162
c2_30,1,1789030644.9105039,4,6.007,0.0975,0.0162
c2_30,1,1789030645.130504,4,6.007,0.0975,0.0162
c2_30,1,1789030645.350504,4,6.007,0.0975,0.0162
c2_30,1,1789030645.570504,4,6.007,0.0975,0.0162
c2_30,1,1789030645.790504,4,6.007,0.0975,0.0162
c2_30,1,1789030646.010504,4,6.007,0.0975,0.0162
c2_30,1,1789030646.230504,4,6.007,0.0975,0.0162
c2_30,1,1789030646.450504,4,6.007,0.0975,0.0162
c2_30,1,1789030646.670504,4,6.007,0.0975,0.0162
c2_30,1,1789030646.8905041,4,6.007,0.0975,0.0162
c2_30,1,1789030647.1105042,4,6.007,0.0975,0.0162
c2_30,1,1789030647.3305042,4,6.007,0.0975,0.0162
c2_30,1,1789030647.5505042,4,6.007,0.0975,0.0162
c2_30,1,1789030647.7705042,4,6.007,0.0975,0.0162
c2_30,1,1789030647.9905043,4,6.007,0.0975,0.0162
c2_30,1,1789030648.2105043,4,6.007,0.0975,0.0162
c2_30,1,1789030648.4305043,4,6.007,0.0975,0.0162
c2_30,1,1789030648.6505044,4,6.007,0.0975,0.0162
c2_30,1,1789030648.8705044,4,6.007,0.0975,0.0162
c2_30,1,1789030649.0905044,4,6.007,0.0975,0.0162
c2_30,1,1789030649.3105044,4,6.007,0.0975,0.0162
c2_30,1,1789030649.5305045,4,6.007,0.0975,0.0162
c2_30,1,1789030649.7505045,5,5.8423,0.2975,0.0509
c2_30,1,1789030649.9705045,5,5.8423,0.2975,0.0509
c2_30,1,1789030650.1905046,5,5.8423,0.2975,0.0509
c2_30,1,1789030650.4105046,5,5.8423,0.2975,0.0509
c2_30,1,1789030650.6305046,5,5.8423,0.2975,0.0509
c2_30,1,1789030650.8505046,5,5.8423,0.2975,0.0509
c2_30,1,1789030651.0705047,5,5.8423,0.2975,0.0509
c2_30,1,1789030651.2905047,5,5.8423,0.2975,0.0509
c2_30,1,1789030651.5105047,5,5.8423,0.2975,0.0509
c2_30,1,1789030651.7305048,5,5.8423,0.2975,0.0509
c2_30,1,1789030651.9505048,5,5.8423,0.2975,0.0509
c2_30,1,1789030652.1705048,5,5.8423,0.2975,0.0509
c2_30,1,1789030652.3905048,5,5.8423,0.2975,0.0509
c2_30,1,1789030652.6105049,5,5.8423,0.2975,0.0509
c2_30,1,1789030652.830505,5,5.8423,0.2975,0.0509
c2_30,1,1789030653.050505,5,5.8423,0.2975,0.0509
c2_30,1,1789030653.270505,5,5.8423,0.2975,0.0509
c2_30,1,1789030653.490505,5,5.8423,0.2975,0.0509
c2_30,1,1789030653.710505,5,5.8423,0.2975,0.0509
c2_30,1,1789030653.930505,5,5.8423,0.2975,0.0509
c2_30,1,1789030654.150505,5,5.8423,0.2975,0.0509
c2_30,1,1789030654.370505,5,5.8423,0.2975,0.0509
c2_30,1,1789030654.5905051,5,5.8423,0.2975,0.0509
c2_30,1,1789030654.8105052,5,5.8423,0.2975,0.0509
c2_30,1,1789030655.0305052,5,5.8423,0.2975,0.0509
c2_30,1,1789030655.2505052,5,5.8423,0.2975,0.0509
c2_30,1,1789030655.4705052,5,5.8423,0.2975,0.0509
c2_30,1,1789030655.6905053,5,5.8423,0.2975,0.0509
c2_30,1,1789030655.9105053,6,5.906,0.295,0.0499
c2_30,1,1789030656.1305053,6,5.906,0.295,0.0499
c2_30,1,1789030656.3505054,6,5.906,0.295,0.0499
c2_30,1,1789030656.5705054,6,5.906,0.295,0.0499
c2_30,1,1789030656.7905054,6,5.906,0.295,0.0499
c2_30,1,1789030657.0105054,6,5.906,0.295,0.0499
c2_30,1,1789030657.2305055,6,5.906,0.295,0.0499
c2_30,1,1789030657.4505055,6,5.906,0.295,0.0499
c2_30,1,1789030657.6705055,6,5.906,0.295,0.0499
c2_30,1,1789030657.8905056,6,5.906,0.295,0.0499
c2_30,1,1789030658.1105056,6,5.906,0.295,0.0499
c2_30,1,1789030658.3305056,6,5.906,0.295,0.0499
c2_30,1,1789030658.5505056,6,5.906,0.295,0.0499
c2_30,1,1789030658.7705057,6,5.906,0.295,0.0499
c2_30,1,1789030658.9905057,6,5.906,0.295,0.0499
c2_30,1,1789030659.2105057,6,5.906,0.295,0.0499
c2_30,1,1789030659.4305058,6,5.906,0.295,0.0499
c2_30,1,1789030659.6505058,6,5.906,0.295,0.0499
c2_30,1,1789030659.8705058,6,5.906,0.295,0.0499
c2_30,1,1789030660.0905058,6,5.906,0.295,0.0499
c2_30,1,1789030660.3105059,6,5.906,0.295,0.0499
c2_30,1,1789030660.530506,6,5.906,0.295,0.0499
c2_30,1,1789030660.750506,6,5.906,0.295,0.0499
c2_30,1,1789030660.970506,6,5.906,0.295,0.0499
c2_30,1,1789030661.190506,6,5.906,0.295,0.0499
c2_30,1,1789030661.410506,6,5.906,0.295,0.0499
c2_30,1,1789030661.630506,6,5.906,0.295,0.0499
c2_30,1,1789030661.850506,6,5.906,0.295,0.0499
c2_30,1,1789030662.070506,7,5.9379,0.2786,0.0469
c2_30,1,1789030662.2905061,7,5.9379,0.2786,0.0469
c2_30,1,1789030662.5105062,7,5.9379,0.2786,0.0469
c2_30,1,1789030662.7305062,7,5.9379,0.2786,0.0469
c2_30,1,1789030662.9505062,7,5.9379,0.2786,0.0469
c2_30,1,1789030663.1705062,7,5.9379,0.2786,0.0469
c2_30,1,1789030663.3905063,7,5.9379,0.2786,0.0469
c2_30,1,1789030663.6105063,7,5.9379,0.2786,0.0469
c2_30,1,1789030663.8305063,7,5.9379,0.2786,0.0469
c2_30,1,1789030664.0505064,7,5.9379,0.2786,0.0469
c2_30,1,1789030664.2705064,7,5.9379,0.2786,0.0469
c2_30,1,1789030664.4905064,7,5.9379,0.2786,0.0469
c2_30,1,1789030664.7105064,7,5.9379,0.2786,0.0469
c2_30,1,1789030664.9305065,7,5.9379,0.2786,0.0469
c2_30,1,1789030665.1505065,7,5.9379,0.2786,0.0469
c2_30,1,1789030665.3705065,7,5.9379,0.2786,0.0469
c2_30,1,1789030665.5905066,7,5.9379,0.2786,0.0469
c2_30,1,1789030665.8105066,7,5.9379,0.2786,0.0469
c2_30,1,1789030666.0305066,7,5.9379,0.2786,0.0469
c2_30,1,1789030666.2505066,7,5.9379,0.2786,0.0469
c2_30,1,1789030666.4705067,7,5.9379,0.2786,0.0469
c2_30,1,1789030666.6905067,7,5.9379,0.2786,0.0469
c2_30,1,1789030666.9105067,7,5.9379,0.2786,0.0469
c2_30,1,1789030667.1305068,7,5.9379,0.2786,0.0469
c2_30,1,1789030667.3505068,7,5.9379,0.2786,0.0469
c2_30,1,1789030667.5705068,7,5.9379,0.2786,0.0469
c2_30,1,1789030667.7905068,8,5.9049,0.2704,0.0458
c2_30,1,1789030668.0105069,8,5.9049,0.2704,0.0458
c2_30,1,1789030668.230507,8,5.9049,0.2704,0.0458
c2_30,1,1789030668.450507,8,5.9049,0.2704,0.0458
c2_30,1,1789030668.670507,8,5.9049,0.2704,0.0458
c2_30,1,1789030668.890507,8,5.9049,0.2704,0.0458
c2_30,1,1789030669.110507,8,5.9049,0.2704,0.0458
c2_30,1,1789030669.330507,8,5.9049,0.2704,0.0458
c2_30,1,1789030669.550507,8,5.9049,0.2704,0.0458
c2_30,1,1789030669.770507,8,5.9049,0.2704,0.0458
c2_30,1,1789030669.9905071,8,5.9049,0.2704,0.0458
c2_30,1,1789030670.2105072,8,5.9049,0.2704,0.0458
c2_30,1,1789030670.4305072,8,5.9049,0.2704,0.0458
c2_30,1,1789030670.6505072,8,5.9049,0.2704,0.0458
c2_30,1,1789030670.8705072,8,5.9049,0.2704,0.0458
c2_30,1,1789030671.0905073,8,5.9049,0.2704,0.0458
c2_30,1,1789030671.3105073,8,5.9049,0.2704,0.0458
c2_30,1,1789030671.5305073,8,5.9049,0.2704,0.0458
c2_30,1,1789030671.7505074,8,5.9049,0.2704,0.0458
c2_30,1,1789030671.9705074,8,5.9049,0.2704,0.0458
c2_30,1,1789030672.1905074,8,5.9049,0.2704,0.0458
c2_30,1,1789030672.4105074,8,5.9049,0.2704,0.0458
c2_30,1,1789030672.6305075,8,5.9049,0.2704,0.0458
c2_30,1,1789030672.8505075,8,5.9049,0.2704,0.0458
c2_30,1,1789030673.0705075,8,5.9049,0.2704,0.0458
c2_30,1,1789030673.2905076,8,5.9049,0.2704,0.0458
c2_30,1,1789030673.5105076,8,5.9049,0.2704,0.0458
c2_30,1,1789030673.7305076,8,5.9049,0.2704,0.0458
c2_30,1,1789030673.9505076,9,5.9379,0.2675,0.0451
c2_30,1,1789030674.1705077,9,5.9379,0.2675,0.0451
c2_30,1,1789030674.3905077,9,5.9379,0.2675,0.0451
c2_30,1,1789030674.6105077,9,5.9379,0.2675,0.0451
c2_30,1,1789030674.8305078,9,5.9379,0.2675,0.0451
c2_30,1,1789030675.0505078,9,5.9379,0.2675,0.0451
c2_30,1,1789030675.2705078,9,5.9379,0.2675,0.0451
c2_30,1,1789030675.4905078,9,5.9379,0.2675,0.0451
c2_30,1,1789030675.7105079,9,5.9379,0.2675,0.0451
c2_30,1,1789030675.930508,9,5.9379,0.2675,0.0451
c2_30,1,1789030676.150508,9,5.9379,0.2675,0.0451
c2_30,1,1789030676.370508,9,5.9379,0.2675,0.0451
c2_30,1,1789030676.590508,9,5.9379,0.2675,0.0451
c2_30,1,1789030676.810508,9,5.9379,0.2675,0.0451
c2_30,1,1789030677.030508,9,5.9379,0.2675,0.0451
c2_30,1,1789030677.250508,9,5.9379,0.2675,0.0451
c2_30,1,1789030677.470508,9,5.9379,0.2675,0.0451
c2_30,1,1789030677.6905081,9,5.9379,0.2675,0.0451
c2_30,1,1789030677.9105082,9,5.9379,0.2675,0.0451
c2_30,1,1789030678.1305082,9,5.9379,0.2675,0.0451
c2_30,1,1789030678.3505082,9,5.9379,0.2675,0.0451
c2_30,1,1789030678.5705082,9,5.9379,0.2675,0.0451
c2_30,1,1789030678.7905083,9,5.9379,0.2675,0.0451
c2_30,1,1789030679.0105083,9,5.9379,0.2675,0.0451
c2_30,1,1789030679.2305083,9,5.9379,0.2675,0.0451
c2_30,1,1789030679.4505084,9,5.9379,0.2675,0.0451
c2_30,1,1789030679.6705084,9,5.9379,0.2675,0.0451
c2_30,1,1789030679.8905084,9,5.9379,0.2675,0.0451
c2_30,1,1789030680.1105084,9,5.9379,0.2675,0.0451
c2_30,1,1789030680.3305085,9,5.9379,0.2675,0.0451
c2_30,1,1789030680.5505085,10,6.0014,0.3097,0.0516
c2_30,1,1789030680.7705085,10,6.0014,0.3097,0.0516
c2_30,1,1789030680.9905086,10,6.0014,0.3097,0.0516
c2_30,1,1789030681.2105086,10,6.0014,0.3097,0.0516
c2_30,1,1789030681.4305086,10,6.0014,0.3097,0.0516
c2_30,1,1789030681.6505086,10,6.0014,0.3097,0.0516
c2_30,1,1789030681.8705087,10,6.0014,0.3097,0.0516
c2_30,1,1789030682.0905087,10,6.0014,0.3097,0.0516
c2_30,1,1789030682.3105087,10,6.0014,0.3097,0.0516
c2_30,1,1789030682.5305088,10,6.0014,0.3097,0.0516
c2_30,1,1789030682.7505088,10,6.0014,0.3097,0.0516
c2_30,1,1789030682.9705088,10,6.0014,0.3097,0.0516
c2_30,1,1789030683.1905088,10,6.0014,0.3097,0.0516
c2_30,1,1789030683.4105089,10,6.0014,0.3097,0.0516
c2_30,1,1789030683.630509,10,6.0014,0.3097,0.0516
c2_30,1,1789030683.850509,10,6.0014,0.3097,0.0516
c2_30,1,1789030684.070509,10,6.0014,0.3097,0.0516
c2_30,1,1789030684.290509,10,6.0014,0.3097,0.0516
c2_30,1,1789030684.510509,10,6.0014,0.3097,0.0516
c2_30,1,1789030684.730509,10,6.0014,0.3097,0.0516
c2_30,1,1789030684.950509,10,6.0014,0.3097,0.0516
c2_30,1,1789030685.170509,10,6.0014,0.3097,0.0516
c2_30,1,1789030685.3905091,10,6.0014,0.3097,0.0516
c2_30,1,1789030685.6105092,10,6.0014,0.3097,0.0516
c2_30,1,1789030685.8305092,10,6.0014,0.3097,0.0516
c2_30,1,1789030686.0505092,11,5.9707,0.308,0.0516
c2_30,1,1789030686.2705092,11,5.9707,0.308,0.0516
c2_30,1,1789030686.4905093,11,5.9707,0.308,0.0516
c2_30,1,1789030686.7105093,11,5.9707,0.308,0.0516
c2_30,1,1789030686.9305093,11,5.9707,0.308,0.0516
c2_30,1,1789030687.1505094,11,5.9707,0.308,0.0516
c2_30,1,1789030687.3705094,11,5.9707,0.308,0.0516
c2_30,1,1789030687.5905094,11,5.9707,0.308,0.0516
c2_30,1,1789030687.8105094,11,5.9707,0.308,0.0516
c2_30,1,1789030688.0305095,11,5.9707,0.308,0.0516
c2_30,1,1789030688.2505095,11,5.9707,0.308,0.0516
c2_30,1,1789030688.4705095,11,5.9707,0.308,0.0516
c2_30,1,1789030688.6905096,11,5.9707,0.308,0.0516
c2_30,1,1789030688.9105096,11,5.9707,0.308,0.0516
c2_30,1,1789030689.1305096,11,5.9707,0.308,0.0516
c2_30,1,1789030689.3505096,11,5.9707,0.308,0.0516
c2_30,1,1789030689.5705097,11,5.9707,0.308,0.0516
c2_30,1,1789030689.7905097,11,5.9707,0.308,0.0516
c2_30,1,1789030690.0105097,11,5.9707,0.308,0.0516
c2_30,1,1789030690.2305098,11,5.9707,0.308,0.0516
c2_30,1,1789030690.4505098,11,5.9707,0.308,0.0516
c2_30,1,1789030690.6705098,11,5.9707,0.308,0.0516
c2_30,1,1789030690.8905098,11,5.9707,0.308,0.0516
c2_30,1,1789030691.1105099,11,5.9707,0.308,0.0516
c2_30,1,1789030691.33051,12,5.8926,0.3836,0.0651
c2_30,1,1789030691.55051,12,5.8926,0.3836,0.0651
c2_30,1,1789030691.77051,12,5.8926,0.3836,0.0651
c2_30,1,1789030691.99051,12,5.8926,0.3836,0.0651
c2_30,1,1789030692.21051,12,5.8926,0.3836,0.0651
c2_30,1,1789030692.43051,12,5.8926,0.3836,0.0651
c2_30,1,1789030692.65051,12,5.8926,0.3836,0.0651
c2_30,1,1789030692.87051,12,5.8926,0.3836,0.0651
c2_30,1,1789030693.0905101,12,5.8926,0.3836,0.0651
c2_30,1,1789030693.3105102,12,5.8926,0.3836,0.0651
c2_30,1,1789030693.5305102,12,5.8926,0.3836,0.0651
c2_30,1,1789030693.7505102,12,5.8926,0.3836,0.0651
c2_30,1,1789030693.9705102,12,5.8926,0.3836,0.0651
c2_30,1,1789030694.1905103,12,5.8926,0.3836,0.0651
c2_30,1,1789030694.4105103,12,5.8926,0.3836,0.0651
c2_30,1,1789030694.6305103,12,5.8926,0.3836,0.0651
c2_30,1,1789030694.8505104,12,5.8926,0.3836,0.0651
c2_30,1,1789030695.0705104,12,5.8926,0.3836,0.0651
c2_30,1,1789030695.2905104,12,5.8926,0.3836,0.0651
c2_30,1,1789030695.5105104,12,5.8926,0.3836,0.0651
c2_30,1,1789030695.7305105,12,5.8926,0.3836,0.0651
c2_30,1,1789030695.9505105,12,5.8926,0.3836,0.0651
c2_30,1,1789030696.1705105,12,5.8926,0.3836,0.0651
c2_30,1,1789030696.3905106,12,5.8926,0.3836,0.0651
c2_30,1,1789030696.6105106,12,5.8926,0.3836,0.0651
c2_30,1,1789030696.8305106,13,5.8566,0.3862,0.0659
c2_30,1,1789030697.0505106,13,5.8566,0.3862,0.0659
c2_30,1,1789030697.2705107,13,5.8566,0.3862,0.0659
c2_30,1,1789030697.4905107,13,5.8566,0.3862,0.0659
c2_30,1,1789030697.7105107,13,5.8566,0.3862,0.0659
c2_30,1,1789030697.9305108,13,5.8566,0.3862,0.0659
c2_30,1,1789030698.1505108,13,5.8566,0.3862,0.0659
c2_30,1,1789030698.3705108,13,5.8566,0.3862,0.0659
c2_30,1,1789030698.5905108,13,5.8566,0.3862,0.0659
c2_30,1,1789030698.8105109,13,5.8566,0.3862,0.0659
c2_30,1,1789030699.030511,13,5.8566,0.3862,0.0659
c2_30,1,1789030699.250511,13,5.8566,0.3862,0.0659
c2_30,1,1789030699.470511,13,5.8566,0.3862,0.0659
c2_30,1,1789030699.690511,13,5.8566,0.3862,0.0659
c2_30,1,1789030699.910511,13,5.8566,0.3862,0.0659
c2_30,1,1789030700.130511,13,5.8566,0.3862,0.0659
c2_30,1,1789030700.350511,13,5.8566,0.3862,0.0659
c2_30,1,1789030700.570511,13,5.8566,0.3862,0.0659
c2_30,1,1789030700.7905111,13,5.8566,0.3862,0.0659
c2_30,1,1789030701.0105112,13,5.8566,0.3862,0.0659
c2_30,1,1789030701.2305112,13,5.8566,0.3862,0.0659
c2_30,1,1789030701.4505112,13,5.8566,0.3862,0.0659
c2_30,1,1789030701.6705112,13,5.8566,0.3862,0.0659
c2_30,1,1789030701.8905113,13,5.8566,0.3862,0.0659
c2_30,1,1789030702.1105113,13,5.8566,0.3862,0.0659
c2_30,1,1789030702.3305113,13,5.8566,0.3862,0.0659
c2_30,1,1789030702.5505114,13,5.8566,0.3862,0.0659
c2_30,1,1789030702.7705114,13,5.8566,0.3862,0.0659
c2_30,1,1789030702.9905114,14,5.8837,0.3827,0.065
c2_30,1,1789030703.2105114,14,5.8837,0.3827,0.065
c2_30,1,1789030703.4305115,14,5.8837,0.3827,0.065
c2_30,1,1789030703.6505115,14,5.8837,0.3827,0.065
c2_30,1,1789030703.8705115,14,5.8837,0.3827,0.065
c2_30,1,1789030704.0905116,14,5.8837,0.3827,0.065
c2_30,1,1789030704.3105116,14,5.8837,0.3827,0.065
c2_30,1,1789030704.5305116,14,5.8837,0.3827,0.065
c2_30,1,1789030704.7505116,14,5.8837,0.3827,0.065
c2_30,1,1789030704.9705117,14,5.8837,0.3827,0.065
c2_30,1,1789030705.1905117,14,5.8837,0.3827,0.065
c2_30,1,1789030705.4105117,14,5.8837,0.3827,0.065
c2_30,1,1789030705.6305118,14,5.8837,0.3827,0.065
c2_30,1,1789030705.8505118,14,5.8837,0.3827,0.065
c2_30,1,1789030706.0705118,14,5.8837,0.3827,0.065
c2_30,1,1789030706.2905118,14,5.8837,0.3827,0.065
c2_30,1,1789030706.5105119,14,5.8837,0.3827,0.065
c2_30,1,1789030706.730512,14,5.8837,0.3827,0.065
c2_30,1,1789030706.950512,14,5.8837,0.3827,0.065
c2_30,1,1789030707.170512,14,5.8837,0.3827,0.065
c2_31,1,1789030757.0162096,3,4.2025,0.3719,0.0885
c2_31,1,1789030757.2362096,3,4.2025,0.3719,0.0885
c2_31,1,1789030757.4562097,3,4.2025,0.3719,0.0885
c2_31,1,1789030757.6762097,3,4.2025,0.3719,0.0885
c2_31,1,1789030757.8962097,3,4.2025,0.3719,0.0885
c2_31,1,1789030758.1162097,3,4.2025,0.3719,0.0885
c2_31,1,1789030758.3362098,3,4.2025,0.3719,0.0885
c2_31,1,1789030758.5562098,3,4.2025,0.3719,0.0885
c2_31,1,1789030758.7762098,3,4.2025,0.3719,0.0885
c2_31,1,1789030758.9962099,3,4.2025,0.3719,0.0885
c2_31,1,1789030759.21621,3,4.2025,0.3719,0.0885
c2_31,1,1789030759.43621,3,4.2025,0.3719,0.0885
c2_31,1,1789030759.65621,3,4.2025,0.3719,0.0885
c2_31,1,1789030759.87621,3,4.2025,0.3719,0.0885
c2_31,1,1789030760.09621,3,4.2025,0.3719,0.0885
c2_31,1,1789030760.31621,3,4.2025,0.3719,0.0885
c2_31,1,1789030760.53621,3,4.2025,0.3719,0.0885
c2_31,1,1789030760.75621,4,4.0456,0.3761,0.093
c2_31,1,1789030760.97621,4,4.0456,0.3761,0.093
c2_31,1,1789030761.1962101,4,4.0456,0.3761,0.093
c2_31,1,1789030761.4162102,4,4.0456,0.3761,0.093
c2_31,1,1789030761.6362102,4,4.0456,0.3761,0.093
c2_31,1,1789030761.8562102,4,4.0456,0.3761,0.093
c2_31,1,1789030762.0762103,4,4.0456,0.3761,0.093
c2_31,1,1789030762.2962103,4,4.0456,0.3761,0.093
c2_31,1,1789030762.5162103,4,4.0456,0.3761,0.093
c2_31,1,1789030762.7362103,4,4.0456,0.3761,0.093
c2_31,1,1789030762.9562104,4,4.0456,0.3761,0.093
c2_31,1,1789030763.1762104,4,4.0456,0.3761,0.093
c2_31,1,1789030763.3962104,4,4.0456,0.3761,0.093
c2_31,1,1789030763.6162105,4,4.0456,0.3761,0.093
c2_31,1,1789030763.8362105,4,4.0456,0.3761,0.093
c2_31,1,1789030764.0562105,4,4.0456,0.3761,0.093
c2_31,1,1789030764.2762105,4,4.0456,0.3761,0.093
c2_31,1,1789030764.4962106,4,4.0456,0.3761,0.093
c2_31,1,1789030764.7162106,5,4.0082,0.3321,0.0829
c2_31,1,1789030764.9362106,5,4.0082,0.3321,0.0829
c2_31,1,1789030765.1562107,5,4.0082,0.3321,0.0829
c2_31,1,1789030765.3762107,5,4.0082,0.3321,0.0829
c2_31,1,1789030765.5962107,5,4.0082,0.3321,0.0829
c2_31,1,1789030765.8162107,5,4.0082,0.3321,0.0829
c2_31,1,1789030766.0362108,5,4.0082,0.3321,0.0829
c2_31,1,1789030766.2562108,5,4.0082,0.3321,0.0829
c2_31,1,1789030766.4762108,5,4.0082,0.3321,0.0829
c2_31,1,1789030766.6962109,5,4.0082,0.3321,0.0829
c2_31,1,1789030766.916211,5,4.0082,0.3321,0.0829
c2_31,1,1789030767.136211,5,4.0082,0.3321,0.0829
c2_31,1,1789030767.356211,5,4.0082,0.3321,0.0829
c2_31,1,1789030767.576211,5,4.0082,0.3321,0.0829
c2_31,1,1789030767.796211,5,4.0082,0.3321,0.0829
c2_31,1,1789030768.016211,5,4.0082,0.3321,0.0829
c2_31,1,1789030768.236211,6,3.9291,0.3365,0.0856
c2_31,1,1789030768.456211,6,3.9291,0.3365,0.0856
c2_31,1,1789030768.676211,6,3.9291,0.3365,0.0856
c2_31,1,1789030768.8962111,6,3.9291,0.3365,0.0856
c2_31,1,1789030769.1162112,6,3.9291,0.3365,0.0856
c2_31,1,1789030769.3362112,6,3.9291,0.3365,0.0856
c2_31,1,1789030769.5562112,6,3.9291,0.3365,0.0856
c2_31,1,1789030769.7762113,6,3.9291,0.3365,0.0856
c2_31,1,1789030769.9962113,6,3.9291,0.3365,0.0856
c2_31,1,1789030770.2162113,6,3.9291,0.3365,0.0856
c2_31,1,1789030770.4362113,6,3.9291,0.3365,0.0856
c2_31,1,1789030770.6562114,6,3.9291,0.3365,0.0856
c2_31,1,1789030770.8762114,6,3.9291,0.3365,0.0856
c2_31,1,1789030771.0962114,6,3.9291,0.3365,0.0856
c2_31,1,1789030771.3162115,6,3.9291,0.3365,0.0856
c2_31,1,1789030771.5362115,6,3.9291,0.3365,0.0856
c2_31,1,1789030771.7562115,6,3.9291,0.3365,0.0856
c2_31,1,1789030771.9762115,7,3.8889,0.3201,0.0823
c2_31,1,1789030772.1962116,7,3.8889,0.3201,0.0823
c2_31,1,1789030772.4162116,7,3.8889,0.3201,0.0823
c2_31,1,1789030772.6362116,7,3.8889,0.3201,0.0823
c2_31,1,1789030772.8562117,7,3.8889,0.3201,0.0823
c2_31,1,1789030773.0762117,7,3.8889,0.3201,0.0823
c2_31,1,1789030773.2962117,7,3.8889,0.3201,0.0823
c2_31,1,1789030773.5162117,7,3.8889,0.3201,0.0823
c2_31,1,1789030773.7362118,7,3.8889,0.3201,0.0823
c2_31,1,1789030773.9562118,7,3.8889,0.3201,0.0823
c2_31,1,1789030774.1762118,7,3.8889,0.3201,0.0823
c2_31,1,1789030774.3962119,7,3.8889,0.3201,0.0823
c2_31,1,1789030774.616212,7,3.8889,0.3201,0.0823
c2_31,1,1789030774.836212,7,3.8889,0.3201,0.0823
c2_31,1,1789030775.056212,7,3.8889,0.3201,0.0823
c2_31,1,1789030775.276212,7,3.8889,0.3201,0.0823
c2_31,1,1789030775.496212,7,3.8889,0.3201,0.0823
c2_31,1,1789030775.716212,8,3.8752,0.2982,0.077
c2_31,1,1789030775.936212,8,3.8752,0.2982,0.077
c2_31,1,1789030776.156212,8,3.8752,0.2982,0.077
c2_31,1,1789030776.3762121,8,3.8752,0.2982,0.077
c2_31,1,1789030776.5962121,8,3.8752,0.2982,0.077
c2_31,1,1789030776.8162122,8,3.8752,0.2982,0.077
c2_31,1,1789030777.0362122,8,3.8752,0.2982,0.077
c2_31,1,1789030777.2562122,8,3.8752,0.2982,0.077
c2_31,1,1789030777.4762123,8,3.8752,0.2982,0.077
c2_31,1,1789030777.6962123,8,3.8752,0.2982,0.077
c2_31,1,1789030777.9162123,8,3.8752,0.2982,0.077
c2_31,1,1789030778.1362123,8,3.8752,0.2982,0.077
c2_31,1,1789030778.3562124,8,3.8752,0.2982,0.077
c2_31,1,1789030778.5762124,8,3.8752,0.2982,0.077
c2_31,1,1789030778.7962124,8,3.8752,0.2982,0.077
c2_31,1,1789030779.0162125,8,3.8752,0.2982,0.077
c2_31,1,1789030779.2362125,8,3.8752,0.2982,0.077
c2_31,1,1789030779.4562125,8,3.8752,0.2982,0.077
c2_31,1,1789030779.6762125,8,3.8752,0.2982,0.077
c2_31,1,1789030779.8962126,8,3.8752,0.2982,0.077
c2_31,1,1789030780.1162126,9,3.9298,0.3141,0.0799
c2_31,1,1789030780.3362126,9,3.9298,0.3141,0.0799
c2_31,1,1789030780.5562127,9,3.9298,0.3141,0.0799
c2_31,1,1789030780.7762127,9,3.9298,0.3141,0.0799
c2_31,1,1789030780.9962127,9,3.9298,0.3141,0.0799
c2_31,1,1789030781.2162127,9,3.9298,0.3141,0.0799
c2_31,1,1789030781.4362128,9,3.9298,0.3141,0.0799
c2_31,1,1789030781.6562128,9,3.9298,0.3141,0.0799
c2_31,1,1789030781.8762128,9,3.9298,0.3141,0.0799
c2_31,1,1789030782.0962129,9,3.9298,0.3141,0.0799
c2_31,1,1789030782.316213,9,3.9298,0.3141,0.0799
c2_31,1,1789030782.536213,9,3.9298,0.3141,0.0799
c2_31,1,1789030782.756213,9,3.9298,0.3141,0.0799
c2_31,1,1789030782.976213,9,3.9298,0.3141,0.0799
c2_31,1,1789030783.196213,9,3.9298,0.3141,0.0799
c2_31,1,1789030783.416213,9,3.9298,0.3141,0.0799
c2_31,1,1789030783.636213,9,3.9298,0.3141,0.0799
c2_31,1,1789030783.856213,9,3.9298,0.3141,0.0799
c2_31,1,1789030784.0762131,9,3.9298,0.3141,0.0799
c2_31,1,1789030784.2962132,9,3.9298,0.3141,0.0799
c2_31,1,1789030784.5162132,9,3.9298,0.3141,0.0799
c2_31,1,1789030784.7362132,10,4.0104,0.3737,0.0932
c2_31,1,1789030784.9562132,10,4.0104,0.3737,0.0932
c2_31,1,1789030785.1762133,10,4.0104,0.3737,0.0932
c2_31,1,1789030785.3962133,10,4.0104,0.3737,0.0932
c2_31,1,1789030785.6162133,10,4.0104,0.3737,0.0932
c2_31,1,1789030785.8362134,10,4.0104,0.3737,0.0932
c2_31,1,1789030786.0562134,10,4.0104,0.3737,0.0932
c2_31,1,1789030786.2762134,10,4.0104,0.3737,0.0932
c2_31,1,1789030786.4962134,10,4.0104,0.3737,0.0932
c2_31,1,1789030786.7162135,10,4.0104,0.3737,0.0932
c2_31,1,1789030786.9362135,10,4.0104,0.3737,0.0932
c2_31,1,1789030787.1562135,10,4.0104,0.3737,0.0932
c2_31,1,1789030787.3762136,10,4.0104,0.3737,0.0932
c2_31,1,1789030787.5962136,10,4.0104,0.3737,0.0932
c2_31,1,1789030787.8162136,10,4.0104,0.3737,0.0932
c2_31,1,1789030788.0362136,10,4.0104,0.3737,0.0932
c2_31,1,1789030788.2562137,10,4.0104,0.3737,0.0932
c2_31,1,1789030788.4762137,10,4.0104,0.3737,0.0932
c2_31,1,1789030788.6962137,11,3.9919,0.3588,0.0899
c2_31,1,1789030788.9162138,11,3.9919,0.3588,0.0899
c2_31,1,1789030789.1362138,11,3.9919,0.3588,0.0899
c2_31,1,1789030789.3562138,11,3.9919,0.3588,0.0899
c2_31,1,1789030789.5762138,11,3.9919,0.3588,0.0899
c2_31,1,1789030789.7962139,11,3.9919,0.3588,0.0899
c2_31,1,1789030790.016214,11,3.9919,0.3588,0.0899
c2_31,1,1789030790.236214,11,3.9919,0.3588,0.0899
c2_31,1,1789030790.456214,11,3.9919,0.3588,0.0899
c2_31,1,1789030790.676214,11,3.9919,0.3588,0.0899
c2_31,1,1789030790.896214,11,3.9919,0.3588,0.0899
c2_31,1,1789030791.116214,11,3.9919,0.3588,0.0899
c2_31,1,1789030791.336214,11,3.9919,0.3588,0.0899
c2_31,1,1789030791.556214,11,3.9919,0.3588,0.0899
c2_31,1,1789030791.7762141,11,3.9919,0.3588,0.0899
benign_32,0,1789030796.3670533,3,1.6192,0.1142,0.0705
benign_32,0,1789030796.5870533,3,1.6192,0.1142,0.0705
benign_32,0,1789030796.8070533,3,1.6192,0.1142,0.0705
benign_32,0,1789030797.0270534,3,1.6192,0.1142,0.0705
benign_32,0,1789030797.2470534,3,1.6192,0.1142,0.0705
benign_32,0,1789030797.4670534,3,1.6192,0.1142,0.0705
benign_32,0,1789030797.6870534,3,1.6192,0.1142,0.0705
benign_32,0,1789030797.9070535,3,1.6192,0.1142,0.0705
benign_32,0,1789030798.1270535,3,1.6192,0.1142,0.0705
benign_32,0,1789030798.3470535,3,1.6192,0.1142,0.0705
benign_32,0,1789030798.5670536,3,1.6192,0.1142,0.0705
benign_32,0,1789030798.7870536,3,1.6192,0.1142,0.0705
benign_32,0,1789030799.0070536,3,1.6192,0.1142,0.0705
benign_32,0,1789030799.2270536,3,1.6192,0.1142,0.0705
benign_32,0,1789030799.4470537,3,1.6192,0.1142,0.0705
benign_32,0,1789030799.6670537,3,1.6192,0.1142,0.0705
benign_32,0,1789030799.8870537,3,1.6192,0.1142,0.0705
benign_32,0,1789030800.1070538,3,1.6192,0.1142,0.0705
benign_32,0,1789030800.3270538,3,1.6192,0.1142,0.0705
benign_32,0,1789030800.5470538,3,1.6192,0.1142,0.0705
benign_32,0,1789030800.7670538,3,1.6192,0.1142,0.0705
benign_32,0,1789030800.9870539,3,1.6192,0.1142,0.0705
benign_32,0,1789030801.207054,3,1.6192,0.1142,0.0705
benign_32,0,1789030801.427054,3,1.6192,0.1142,0.0705
benign_32,0,1789030801.647054,3,1.6192,0.1142,0.0705
benign_32,0,1789030801.867054,3,1.6192,0.1142,0.0705
benign_32,0,1789030802.087054,3,1.6192,0.1142,0.0705
benign_32,0,1789030802.307054,3,1.6192,0.1142,0.0705
benign_32,0,1789030802.527054,3,1.6192,0.1142,0.0705
benign_32,0,1789030802.747054,3,1.6192,0.1142,0.0705
benign_32,0,1789030802.9670541,3,1.6192,0.1142,0.0705
benign_32,0,1789030803.1870542,3,1.6192,0.1142,0.0705
benign_32,0,1789030803.4070542,3,1.6192,0.1142,0.0705
benign_32,0,1789030803.6270542,3,1.6192,0.1142,0.0705
benign_32,0,1789030803.8470542,3,1.6192,0.1142,0.0705
benign_32,0,1789030804.0670543,3,1.6192,0.1142,0.0705
benign_32,0,1789030804.2870543,3,1.6192,0.1142,0.0705
benign_32,0,1789030804.5070543,3,1.6192,0.1142,0.0705
benign_32,0,1789030804.7270544,3,1.6192,0.1142,0.0705
benign_32,0,1789030804.9470544,3,1.6192,0.1142,0.0705
benign_32,0,1789030805.1670544,3,1.6192,0.1142,0.0705
benign_32,0,1789030805.3870544,3,1.6192,0.1142,0.0705
benign_32,0,1789030805.6070545,3,1.6192,0.1142,0.0705
benign_32,0,1789030805.8270545,3,1.6192,0.1142,0.0705
benign_32,0,1789030806.0470545,3,1.6192,0.1142,0.0705
benign_32,0,1789030806.2670546,3,1.6192,0.1142,0.0705
benign_32,0,1789030806.4870546,3,1.6192,0.1142,0.0705
benign_32,0,1789030806.7070546,3,1.6192,0.1142,0.0705
benign_32,0,1789030806.9270546,3,1.6192,0.1142,0.0705
benign_32,0,1789030807.1470547,3,1.6192,0.1142,0.0705
benign_32,0,1789030807.3670547,3,1.6192,0.1142,0.0705
benign_32,0,1789030807.5870547,3,1.6192,0.1142,0.0705
benign_32,0,1789030807.8070548,3,1.6192,0.1142,0.0705
benign_32,0,1789030808.0270548,3,1.6192,0.1142,0.0705
benign_32,0,1789030808.2470548,3,1.6192,0.1142,0.0705
benign_32,0,1789030808.4670548,3,1.6192,0.1142,0.0705
benign_32,0,1789030808.6870549,3,1.6192,0.1142,0.0705
benign_32,0,1789030808.907055,4,5.2442,5.1275,0.9777
benign_32,0,1789030809.127055,5,4.0147,4.9247,1.2267
benign_32,0,1789030809.347055,5,4.0147,4.9247,1.2267
benign_32,0,1789030809.567055,5,4.0147,4.9247,1.2267
benign_32,0,1789030809.787055,5,4.0147,4.9247,1.2267
benign_32,0,1789030810.007055,5,4.0147,4.9247,1.2267
benign_32,0,1789030810.227055,5,4.0147,4.9247,1.2267
benign_32,0,1789030810.447055,5,4.0147,4.9247,1.2267
benign_32,0,1789030810.6670551,5,4.0147,4.9247,1.2267
benign_32,0,1789030810.8870552,5,4.0147,4.9247,1.2267
benign_32,0,1789030811.1070552,5,4.0147,4.9247,1.2267
benign_32,0,1789030811.3270552,5,4.0147,4.9247,1.2267
benign_32,0,1789030811.5470552,5,4.0147,4.9247,1.2267
benign_32,0,1789030811.7670553,5,4.0147,4.9247,1.2267
benign_32,0,1789030811.9870553,5,4.0147,4.9247,1.2267
benign_32,0,1789030812.2070553,5,4.0147,4.9247,1.2267
benign_32,0,1789030812.4270554,5,4.0147,4.9247,1.2267
benign_32,0,1789030812.6470554,5,4.0147,4.9247,1.2267
benign_32,0,1789030812.8670554,5,4.0147,4.9247,1.2267
benign_32,0,1789030813.0870554,5,4.0147,4.9247,1.2267
benign_32,0,1789030813.3070555,5,4.0147,4.9247,1.2267
benign_32,0,1789030813.5270555,5,4.0147,4.9247,1.2267
benign_32,0,1789030813.7470555,5,4.0147,4.9247,1.2267
benign_32,0,1789030813.9670556,5,4.0147,4.9247,1.2267
benign_32,0,1789030814.1870556,5,4.0147,4.9247,1.2267
benign_32,0,1789030814.4070556,5,4.0147,4.9247,1.2267
benign_32,0,1789030814.6270556,5,4.0147,4.9247,1.2267
benign_32,0,1789030814.8470557,5,4.0147,4.9247,1.2267
benign_32,0,1789030815.0670557,5,4.0147,4.9247,1.2267
benign_32,0,1789030815.2870557,5,4.0147,4.9247,1.2267
benign_32,0,1789030815.5070558,5,4.0147,4.9247,1.2267
benign_32,0,1789030815.7270558,5,4.0147,4.9247,1.2267
benign_32,0,1789030815.9470558,5,4.0147,4.9247,1.2267
benign_32,0,1789030816.1670558,5,4.0147,4.9247,1.2267
benign_32,0,1789030816.3870559,5,4.0147,4.9247,1.2267
benign_32,0,1789030816.607056,5,4.0147,4.9247,1.2267
benign_32,0,1789030816.827056,5,4.0147,4.9247,1.2267
benign_32,0,1789030817.047056,5,4.0147,4.9247,1.2267
benign_32,0,1789030817.267056,5,4.0147,4.9247,1.2267
benign_32,0,1789030817.487056,5,4.0147,4.9247,1.2267
benign_32,0,1789030817.707056,5,4.0147,4.9247,1.2267
c2_32,1,1789030835.0956752,3,5.7519,0.7076,0.123
c2_32,1,1789030835.3156753,3,5.7519,0.7076,0.123
c2_32,1,1789030835.5356753,3,5.7519,0.7076,0.123
c2_32,1,1789030835.7556753,3,5.7519,0.7076,0.123
c2_32,1,1789030835.9756753,3,5.7519,0.7076,0.123
c2_32,1,1789030836.1956754,3,5.7519,0.7076,0.123
c2_32,1,1789030836.4156754,3,5.7519,0.7076,0.123
c2_32,1,1789030836.6356754,3,5.7519,0.7076,0.123
c2_32,1,1789030836.8556755,3,5.7519,0.7076,0.123
c2_32,1,1789030837.0756755,3,5.7519,0.7076,0.123
c2_32,1,1789030837.2956755,3,5.7519,0.7076,0.123
c2_32,1,1789030837.5156755,3,5.7519,0.7076,0.123
c2_32,1,1789030837.7356756,3,5.7519,0.7076,0.123
c2_32,1,1789030837.9556756,3,5.7519,0.7076,0.123
c2_32,1,1789030838.1756756,3,5.7519,0.7076,0.123
c2_32,1,1789030838.3956757,3,5.7519,0.7076,0.123
c2_32,1,1789030838.6156757,3,5.7519,0.7076,0.123
c2_32,1,1789030838.8356757,3,5.7519,0.7076,0.123
c2_32,1,1789030839.0556757,3,5.7519,0.7076,0.123
c2_32,1,1789030839.2756758,3,5.7519,0.7076,0.123
c2_32,1,1789030839.4956758,3,5.7519,0.7076,0.123
c2_32,1,1789030839.7156758,3,5.7519,0.7076,0.123
c2_32,1,1789030839.9356759,3,5.7519,0.7076,0.123
c2_32,1,1789030840.155676,3,5.7519,0.7076,0.123
c2_32,1,1789030840.375676,3,5.7519,0.7076,0.123
c2_32,1,1789030840.595676,3,5.7519,0.7076,0.123
c2_32,1,1789030840.815676,4,5.7509,0.5777,0.1005
c2_32,1,1789030841.035676,4,5.7509,0.5777,0.1005
c2_32,1,1789030841.255676,4,5.7509,0.5777,0.1005
c2_32,1,1789030841.475676,4,5.7509,0.5777,0.1005
c2_32,1,1789030841.695676,4,5.7509,0.5777,0.1005
c2_32,1,1789030841.915676,4,5.7509,0.5777,0.1005
c2_32,1,1789030842.1356761,4,5.7509,0.5777,0.1005
c2_32,1,1789030842.3556762,4,5.7509,0.5777,0.1005
c2_32,1,1789030842.5756762,4,5.7509,0.5777,0.1005
c2_32,1,1789030842.7956762,4,5.7509,0.5777,0.1005
c2_32,1,1789030843.0156763,4,5.7509,0.5777,0.1005
c2_32,1,1789030843.2356763,4,5.7509,0.5777,0.1005
c2_32,1,1789030843.4556763,4,5.7509,0.5777,0.1005
c2_32,1,1789030843.6756763,4,5.7509,0.5777,0.1005
c2_32,1,1789030843.8956764,4,5.7509,0.5777,0.1005
c2_32,1,1789030844.1156764,4,5.7509,0.5777,0.1005
c2_32,1,1789030844.3356764,4,5.7509,0.5777,0.1005
c2_32,1,1789030844.5556765,4,5.7509,0.5777,0.1005
c2_32,1,1789030844.7756765,4,5.7509,0.5777,0.1005
c2_32,1,1789030844.9956765,4,5.7509,0.5777,0.1005
c2_32,1,1789030845.2156765,4,5.7509,0.5777,0.1005
c2_32,1,1789030845.4356766,4,5.7509,0.5777,0.1005
c2_32,1,1789030845.6556766,4,5.7509,0.5777,0.1005
c2_32,1,1789030845.8756766,4,5.7509,0.5777,0.1005
c2_32,1,1789030846.0956767,5,5.6431,0.534,0.0946
c2_32,1,1789030846.3156767,5,5.6431,0.534,0.0946
c2_32,1,1789030846.5356767,5,5.6431,0.534,0.0946
c2_32,1,1789030846.7556767,5,5.6431,0.534,0.0946
c2_32,1,1789030846.9756768,5,5.6431,0.534,0.0946
c2_32,1,1789030847.1956768,5,5.6431,0.534,0.0946
c2_32,1,1789030847.4156768,5,5.6431,0.534,0.0946
c2_32,1,1789030847.6356769,5,5.6431,0.534,0.0946
c2_32,1,1789030847.855677,5,5.6431,0.534,0.0946
c2_32,1,1789030848.075677,5,5.6431,0.534,0.0946
c2_32,1,1789030848.295677,5,5.6431,0.534,0.0946
c2_32,1,1789030848.515677,5,5.6431,0.534,0.0946
c2_32,1,1789030848.735677,5,5.6431,0.534,0.0946
c2_32,1,1789030848.955677,5,5.6431,0.534,0.0946
c2_32,1,1789030849.175677,5,5.6431,0.534,0.0946
c2_32,1,1789030849.395677,5,5.6431,0.534,0.0946
c2_32,1,1789030849.615677,5,5.6431,0.534,0.0946
c2_32,1,1789030849.8356771,5,5.6431,0.534,0.0946
c2_32,1,1789030850.0556772,5,5.6431,0.534,0.0946
c2_32,1,1789030850.2756772,5,5.6431,0.534,0.0946
c2_32,1,1789030850.4956772,5,5.6431,0.534,0.0946
c2_32,1,1789030850.7156773,5,5.6431,0.534,0.0946
c2_32,1,1789030850.9356773,5,5.6431,0.534,0.0946
c2_32,1,1789030851.1556773,5,5.6431,0.534,0.0946
c2_32,1,1789030851.3756773,5,5.6431,0.534,0.0946
c2_32,1,1789030851.5956774,6,5.5896,0.4895,0.0876
c2_32,1,1789030851.8156774,6,5.5896,0.4895,0.0876
c2_32,1,1789030852.0356774,6,5.5896,0.4895,0.0876
c2_32,1,1789030852.2556775,6,5.5896,0.4895,0.0876
c2_32,1,1789030852.4756775,6,5.5896,0.4895,0.0876
c2_32,1,1789030852.6956775,6,5.5896,0.4895,0.0876
c2_32,1,1789030852.9156775,6,5.5896,0.4895,0.0876
c2_32,1,1789030853.1356776,6,5.5896,0.4895,0.0876
c2_32,1,1789030853.3556776,6,5.5896,0.4895,0.0876
c2_32,1,1789030853.5756776,6,5.5896,0.4895,0.0876
c2_32,1,1789030853.7956777,6,5.5896,0.4895,0.0876
c2_32,1,1789030854.0156777,6,5.5896,0.4895,0.0876
c2_32,1,1789030854.2356777,6,5.5896,0.4895,0.0876
c2_32,1,1789030854.4556777,6,5.5896,0.4895,0.0876
c2_32,1,1789030854.6756778,6,5.5896,0.4895,0.0876
c2_32,1,1789030854.8956778,6,5.5896,0.4895,0.0876
c2_32,1,1789030855.1156778,6,5.5896,0.4895,0.0876
c2_32,1,1789030855.3356779,6,5.5896,0.4895,0.0876
c2_32,1,1789030855.555678,6,5.5896,0.4895,0.0876
c2_32,1,1789030855.775678,6,5.5896,0.4895,0.0876
c2_32,1,1789030855.995678,6,5.5896,0.4895,0.0876
c2_32,1,1789030856.215678,6,5.5896,0.4895,0.0876
c2_32,1,1789030856.435678,6,5.5896,0.4895,0.0876
c2_32,1,1789030856.655678,6,5.5896,0.4895,0.0876
c2_32,1,1789030856.875678,6,5.5896,0.4895,0.0876
c2_32,1,1789030857.095678,6,5.5896,0.4895,0.0876
c2_32,1,1789030857.3156781,6,5.5896,0.4895,0.0876
c2_32,1,1789030857.5356781,6,5.5896,0.4895,0.0876
c2_32,1,1789030857.7556782,6,5.5896,0.4895,0.0876
c2_32,1,1789030857.9756782,7,5.718,0.5311,0.0929
c2_32,1,1789030858.1956782,7,5.718,0.5311,0.0929
c2_32,1,1789030858.4156783,7,5.718,0.5311,0.0929
c2_32,1,1789030858.6356783,7,5.718,0.5311,0.0929
c2_32,1,1789030858.8556783,7,5.718,0.5311,0.0929
c2_32,1,1789030859.0756783,7,5.718,0.5311,0.0929
c2_32,1,1789030859.2956784,7,5.718,0.5311,0.0929
c2_32,1,1789030859.5156784,7,5.718,0.5311,0.0929
c2_32,1,1789030859.7356784,7,5.718,0.5311,0.0929
c2_32,1,1789030859.9556785,7,5.718,0.5311,0.0929
c2_32,1,1789030860.1756785,7,5.718,0.5311,0.0929
c2_32,1,1789030860.3956785,7,5.718,0.5311,0.0929
c2_32,1,1789030860.6156785,7,5.718,0.5311,0.0929
c2_32,1,1789030860.8356786,7,5.718,0.5311,0.0929
c2_32,1,1789030861.0556786,7,5.718,0.5311,0.0929
c2_32,1,1789030861.2756786,7,5.718,0.5311,0.0929
c2_32,1,1789030861.4956787,7,5.718,0.5311,0.0929
c2_32,1,1789030861.7156787,7,5.718,0.5311,0.0929
c2_32,1,1789030861.9356787,7,5.718,0.5311,0.0929
c2_32,1,1789030862.1556787,7,5.718,0.5311,0.0929
c2_32,1,1789030862.3756788,7,5.718,0.5311,0.0929
c2_32,1,1789030862.5956788,7,5.718,0.5311,0.0929
c2_32,1,1789030862.8156788,7,5.718,0.5311,0.0929
c2_32,1,1789030863.0356789,7,5.718,0.5311,0.0929
c2_32,1,1789030863.255679,7,5.718,0.5311,0.0929
c2_32,1,1789030863.475679,7,5.718,0.5311,0.0929
c2_32,1,1789030863.695679,7,5.718,0.5311,0.0929
c2_32,1,1789030863.915679,7,5.718,0.5311,0.0929
c2_32,1,1789030864.135679,7,5.718,0.5311,0.0929
c2_32,1,1789030864.355679,7,5.718,0.5311,0.0929
c2_32,1,1789030864.575679,8,5.8607,0.6032,0.1029
c2_32,1,1789030864.795679,8,5.8607,0.6032,0.1029
c2_32,1,1789030865.0156791,8,5.8607,0.6032,0.1029
c2_32,1,1789030865.2356791,8,5.8607,0.6032,0.1029
c2_32,1,1789030865.4556792,8,5.8607,0.6032,0.1029
c2_32,1,1789030865.6756792,8,5.8607,0.6032,0.1029
c2_32,1,1789030865.8956792,8,5.8607,0.6032,0.1029
c2_32,1,1789030866.1156793,8,5.8607,0.6032,0.1029
c2_32,1,1789030866.3356793,8,5.8607,0.6032,0.1029
c2_32,1,1789030866.5556793,8,5.8607,0.6032,0.1029
c2_32,1,1789030866.7756793,8,5.8607,0.6032,0.1029
c2_32,1,1789030866.9956794,8,5.8607,0.6032,0.1029
c2_32,1,1789030867.2156794,8,5.8607,0.6032,0.1029
c2_32,1,1789030867.4356794,8,5.8607,0.6032,0.1029
c2_32,1,1789030867.6556795,8,5.8607,0.6032,0.1029
c2_32,1,1789030867.8756795,8,5.8607,0.6032,0.1029
c2_32,1,1789030868.0956795,8,5.8607,0.6032,0.1029
c2_32,1,1789030868.3156796,8,5.8607,0.6032,0.1029
c2_32,1,1789030868.5356796,8,5.8607,0.6032,0.1029
c2_32,1,1789030868.7556796,8,5.8607,0.6032,0.1029
c2_32,1,1789030868.9756796,8,5.8607,0.6032,0.1029
c2_32,1,1789030869.1956797,8,5.8607,0.6032,0.1029
c2_32,1,1789030869.4156797,8,5.8607,0.6032,0.1029
c2_32,1,1789030869.6356797,8,5.8607,0.6032,0.1029
c2_32,1,1789030869.8556798,8,5.8607,0.6032,0.1029
c2_32,1,1789030870.0756798,8,5.8607,0.6032,0.1029
c2_32,1,1789030870.2956798,8,5.8607,0.6032,0.1029
c2_32,1,1789030870.5156798,8,5.8607,0.6032,0.1029
c2_32,1,1789030870.7356799,8,5.8607,0.6032,0.1029
c2_32,1,1789030870.95568,8,5.8607,0.6032,0.1029
c2_32,1,1789030871.17568,8,5.8607,0.6032,0.1029
c2_32,1,1789030871.39568,9,5.9686,0.6324,0.106
c2_32,1,1789030871.61568,9,5.9686,0.6324,0.106
c2_32,1,1789030871.83568,9,5.9686,0.6324,0.106
c2_32,1,1789030872.05568,9,5.9686,0.6324,0.106
c2_32,1,1789030872.27568,9,5.9686,0.6324,0.106
c2_32,1,1789030872.49568,9,5.9686,0.6324,0.106
c2_32,1,1789030872.7156801,9,5.9686,0.6324,0.106
c2_32,1,1789030872.9356802,9,5.9686,0.6324,0.106
c2_32,1,1789030873.1556802,9,5.9686,0.6324,0.106
c2_32,1,1789030873.3756802,9,5.9686,0.6324,0.106
c2_32,1,1789030873.5956802,9,5.9686,0.6324,0.106
c2_32,1,1789030873.8156803,9,5.9686,0.6324,0.106
c2_32,1,1789030874.0356803,9,5.9686,0.6324,0.106
c2_32,1,1789030874.2556803,9,5.9686,0.6324,0.106
c2_32,1,1789030874.4756804,9,5.9686,0.6324,0.106
c2_32,1,1789030874.6956804,9,5.9686,0.6324,0.106
c2_32,1,1789030874.9156804,9,5.9686,0.6324,0.106
c2_32,1,1789030875.1356804,9,5.9686,0.6324,0.106
c2_32,1,1789030875.3556805,9,5.9686,0.6324,0.106
c2_32,1,1789030875.5756805,9,5.9686,0.6324,0.106
c2_32,1,1789030875.7956805,9,5.9686,0.6324,0.106
c2_32,1,1789030876.0156806,9,5.9686,0.6324,0.106
c2_32,1,1789030876.2356806,9,5.9686,0.6324,0.106
c2_32,1,1789030876.4556806,9,5.9686,0.6324,0.106
c2_32,1,1789030876.6756806,9,5.9686,0.6324,0.106
c2_32,1,1789030876.8956807,10,5.9278,0.6073,0.1025
c2_32,1,1789030877.1156807,10,5.9278,0.6073,0.1025
c2_32,1,1789030877.3356807,10,5.9278,0.6073,0.1025
c2_32,1,1789030877.5556808,10,5.9278,0.6073,0.1025
c2_32,1,1789030877.7756808,10,5.9278,0.6073,0.1025
c2_32,1,1789030877.9956808,10,5.9278,0.6073,0.1025
c2_32,1,1789030878.2156808,10,5.9278,0.6073,0.1025
c2_32,1,1789030878.4356809,10,5.9278,0.6073,0.1025
c2_32,1,1789030878.655681,10,5.9278,0.6073,0.1025
c2_32,1,1789030878.875681,10,5.9278,0.6073,0.1025
c2_32,1,1789030879.095681,10,5.9278,0.6073,0.1025
c2_32,1,1789030879.315681,10,5.9278,0.6073,0.1025
c2_32,1,1789030879.535681,10,5.9278,0.6073,0.1025
c2_32,1,1789030879.755681,10,5.9278,0.6073,0.1025
c2_32,1,1789030879.975681,10,5.9278,0.6073,0.1025
c2_32,1,1789030880.195681,10,5.9278,0.6073,0.1025
c2_32,1,1789030880.4156811,10,5.9278,0.6073,0.1025
c2_32,1,1789030880.6356812,10,5.9278,0.6073,0.1025
c2_32,1,1789030880.8556812,10,5.9278,0.6073,0.1025
c2_32,1,1789030881.0756812,10,5.9278,0.6073,0.1025
c2_32,1,1789030881.2956812,10,5.9278,0.6073,0.1025
c2_32,1,1789030881.5156813,10,5.9278,0.6073,0.1025
c2_32,1,1789030881.7356813,10,5.9278,0.6073,0.1025
c2_32,1,1789030881.9556813,10,5.9278,0.6073,0.1025
c2_32,1,1789030882.1756814,10,5.9278,0.6073,0.1025
benign_33,0,1789030899.7795594,4,4.6698,3.2363,0.693
benign_33,0,1789030899.9995594,4,4.6698,3.2363,0.693
benign_33,0,1789030900.2195594,4,4.6698,3.2363,0.693
benign_33,0,1789030900.4395595,4,4.6698,3.2363,0.693
benign_33,0,1789030900.6595595,4,4.6698,3.2363,0.693
benign_33,0,1789030900.8795595,4,4.6698,3.2363,0.693
benign_33,0,1789030901.0995595,4,4.6698,3.2363,0.693
benign_33,0,1789030901.3195596,4,4.6698,3.2363,0.693
benign_33,0,1789030901.5395596,4,4.6698,3.2363,0.693
benign_33,0,1789030901.7595596,4,4.6698,3.2363,0.693
benign_33,0,1789030901.9795597,4,4.6698,3.2363,0.693
benign_33,0,1789030902.1995597,4,4.6698,3.2363,0.693
benign_33,0,1789030902.4195597,4,4.6698,3.2363,0.693
benign_33,0,1789030902.6395597,4,4.6698,3.2363,0.693
benign_33,0,1789030902.8595598,4,4.6698,3.2363,0.693
benign_33,0,1789030903.0795598,4,4.6698,3.2363,0.693
benign_33,0,1789030903.2995598,4,4.6698,3.2363,0.693
benign_33,0,1789030903.5195599,4,4.6698,3.2363,0.693
benign_33,0,1789030903.73956,4,4.6698,3.2363,0.693
benign_33,0,1789030903.95956,4,4.6698,3.2363,0.693
benign_33,0,1789030904.17956,4,4.6698,3.2363,0.693
benign_33,0,1789030904.39956,4,4.6698,3.2363,0.693
benign_33,0,1789030904.61956,4,4.6698,3.2363,0.693
benign_33,0,1789030904.83956,4,4.6698,3.2363,0.693
benign_33,0,1789030905.05956,4,4.6698,3.2363,0.693
benign_33,0,1789030905.27956,4,4.6698,3.2363,0.693
benign_33,0,1789030905.49956,4,4.6698,3.2363,0.693
benign_33,0,1789030905.7195601,4,4.6698,3.2363,0.693
benign_33,0,1789030905.9395602,4,4.6698,3.2363,0.693
benign_33,0,1789030906.1595602,4,4.6698,3.2363,0.693
benign_33,0,1789030906.3795602,4,4.6698,3.2363,0.693
benign_33,0,1789030906.5995603,4,4.6698,3.2363,0.693
benign_33,0,1789030906.8195603,4,4.6698,3.2363,0.693
benign_33,0,1789030907.0395603,4,4.6698,3.2363,0.693
benign_33,0,1789030907.2595603,4,4.6698,3.2363,0.693
benign_33,0,1789030907.4795604,4,4.6698,3.2363,0.693
benign_33,0,1789030907.6995604,4,4.6698,3.2363,0.693
benign_33,0,1789030907.9195604,4,4.6698,3.2363,0.693
benign_33,0,1789030908.1395605,4,4.6698,3.2363,0.693
benign_33,0,1789030908.3595605,4,4.6698,3.2363,0.693
c2_33,1,1789030917.864478,3,2.8637,0.044,0.0154
c2_33,1,1789030918.0844781,3,2.8637,0.044,0.0154
c2_33,1,1789030918.3044782,3,2.8637,0.044,0.0154
c2_33,1,1789030918.5244782,3,2.8637,0.044,0.0154
c2_33,1,1789030918.7444782,3,2.8637,0.044,0.0154
c2_33,1,1789030918.9644783,3,2.8637,0.044,0.0154
c2_33,1,1789030919.1844783,3,2.8637,0.044,0.0154
c2_33,1,1789030919.4044783,3,2.8637,0.044,0.0154
c2_33,1,1789030919.6244783,3,2.8637,0.044,0.0154
c2_33,1,1789030919.8444784,3,2.8637,0.044,0.0154
c2_33,1,1789030920.0644784,3,2.8637,0.044,0.0154
c2_33,1,1789030920.2844784,3,2.8637,0.044,0.0154
c2_33,1,1789030920.5044785,3,2.8637,0.044,0.0154
c2_33,1,1789030920.7244785,3,2.8637,0.044,0.0154
c2_33,1,1789030920.9444785,3,2.8637,0.044,0.0154
c2_33,1,1789030921.1644785,3,2.8637,0.044,0.0154
c2_33,1,1789030921.3844786,3,2.8637,0.044,0.0154
c2_33,1,1789030921.6044786,4,3.1259,0.3725,0.1192
c2_33,1,1789030921.8244786,4,3.1259,0.3725,0.1192
c2_33,1,1789030922.0444787,4,3.1259,0.3725,0.1192
c2_33,1,1789030922.2644787,4,3.1259,0.3725,0.1192
c2_33,1,1789030922.4844787,4,3.1259,0.3725,0.1192
c2_33,1,1789030922.7044787,4,3.1259,0.3725,0.1192
c2_33,1,1789030922.9244788,4,3.1259,0.3725,0.1192
c2_33,1,1789030923.1444788,4,3.1259,0.3725,0.1192
c2_33,1,1789030923.3644788,4,3.1259,0.3725,0.1192
c2_33,1,1789030923.5844789,4,3.1259,0.3725,0.1192
c2_33,1,1789030923.804479,4,3.1259,0.3725,0.1192
c2_33,1,1789030924.024479,4,3.1259,0.3725,0.1192
c2_33,1,1789030924.244479,5,3.0399,0.3553,0.1169
c2_33,1,1789030924.464479,5,3.0399,0.3553,0.1169
c2_33,1,1789030924.684479,5,3.0399,0.3553,0.1169
c2_33,1,1789030924.904479,5,3.0399,0.3553,0.1169
c2_33,1,1789030925.124479,5,3.0399,0.3553,0.1169
c2_33,1,1789030925.344479,5,3.0399,0.3553,0.1169
c2_33,1,1789030925.564479,5,3.0399,0.3553,0.1169
c2_33,1,1789030925.7844791,5,3.0399,0.3553,0.1169
c2_33,1,1789030926.0044792,5,3.0399,0.3553,0.1169
c2_33,1,1789030926.2244792,5,3.0399,0.3553,0.1169
c2_33,1,1789030926.4444792,5,3.0399,0.3553,0.1169
c2_33,1,1789030926.6644793,5,3.0399,0.3553,0.1169
c2_33,1,1789030926.8844793,5,3.0399,0.3553,0.1169
c2_33,1,1789030927.1044793,6,2.9814,0.3386,0.1136
c2_33,1,1789030927.3244793,6,2.9814,0.3386,0.1136
c2_33,1,1789030927.5444794,6,2.9814,0.3386,0.1136
c2_33,1,1789030927.7644794,6,2.9814,0.3386,0.1136
c2_33,1,1789030927.9844794,6,2.9814,0.3386,0.1136
c2_33,1,1789030928.2044795,6,2.9814,0.3386,0.1136
c2_33,1,1789030928.4244795,6,2.9814,0.3386,0.1136
c2_33,1,1789030928.6444795,6,2.9814,0.3386,0.1136
c2_33,1,1789030928.8644795,6,2.9814,0.3386,0.1136
c2_33,1,1789030929.0844796,6,2.9814,0.3386,0.1136
c2_33,1,1789030929.3044796,6,2.9814,0.3386,0.1136
c2_33,1,1789030929.5244796,6,2.9814,0.3386,0.1136
c2_33,1,1789030929.7444797,6,2.9814,0.3386,0.1136
c2_33,1,1789030929.9644797,7,2.9835,0.3092,0.1036
c2_33,1,1789030930.1844797,7,2.9835,0.3092,0.1036
c2_33,1,1789030930.4044797,7,2.9835,0.3092,0.1036
c2_33,1,1789030930.6244798,7,2.9835,0.3092,0.1036
c2_33,1,1789030930.8444798,7,2.9835,0.3092,0.1036
c2_33,1,1789030931.0644798,7,2.9835,0.3092,0.1036
c2_33,1,1789030931.2844799,7,2.9835,0.3092,0.1036
c2_33,1,1789030931.50448,7,2.9835,0.3092,0.1036
c2_33,1,1789030931.72448,7,2.9835,0.3092,0.1036
c2_33,1,1789030931.94448,7,2.9835,0.3092,0.1036
c2_33,1,1789030932.16448,7,2.9835,0.3092,0.1036
c2_33,1,1789030932.38448,7,2.9835,0.3092,0.1036
c2_33,1,1789030932.60448,7,2.9835,0.3092,0.1036
c2_33,1,1789030932.82448,7,2.9835,0.3092,0.1036
c2_33,1,1789030933.04448,7,2.9835,0.3092,0.1036
c2_33,1,1789030933.26448,8,3.0323,0.3102,0.1023
c2_33,1,1789030933.4844801,8,3.0323,0.3102,0.1023
c2_33,1,1789030933.7044802,8,3.0323,0.3102,0.1023
c2_33,1,1789030933.9244802,8,3.0323,0.3102,0.1023
c2_33,1,1789030934.1444802,8,3.0323,0.3102,0.1023
c2_33,1,1789030934.3644803,8,3.0323,0.3102,0.1023
c2_33,1,1789030934.5844803,8,3.0323,0.3102,0.1023
c2_33,1,1789030934.8044803,8,3.0323,0.3102,0.1023
c2_33,1,1789030935.0244803,8,3.0323,0.3102,0.1023
c2_33,1,1789030935.2444804,8,3.0323,0.3102,0.1023
c2_33,1,1789030935.4644804,8,3.0323,0.3102,0.1023
c2_33,1,1789030935.6844804,8,3.0323,0.3102,0.1023
c2_33,1,1789030935.9044805,8,3.0323,0.3102,0.1023
c2_33,1,1789030936.1244805,9,3.0126,0.2948,0.0979
c2_33,1,1789030936.3444805,9,3.0126,0.2948,0.0979
c2_33,1,1789030936.5644805,9,3.0126,0.2948,0.0979
c2_33,1,1789030936.7844806,9,3.0126,0.2948,0.0979
c2_33,1,1789030937.0044806,9,3.0126,0.2948,0.0979
c2_33,1,1789030937.2244806,9,3.0126,0.2948,0.0979
c2_33,1,1789030937.4444807,9,3.0126,0.2948,0.0979
c2_33,1,1789030937.6644807,9,3.0126,0.2948,0.0979
c2_33,1,1789030937.8844807,9,3.0126,0.2948,0.0979
c2_33,1,1789030938.1044807,9,3.0126,0.2948,0.0979
c2_33,1,1789030938.3244808,9,3.0126,0.2948,0.0979
c2_33,1,1789030938.5444808,9,3.0126,0.2948,0.0979
c2_33,1,1789030938.7644808,9,3.0126,0.2948,0.0979
c2_33,1,1789030938.9844809,9,3.0126,0.2948,0.0979
c2_33,1,1789030939.204481,9,3.0126,0.2948,0.0979
c2_33,1,1789030939.424481,10,3.032,0.2834,0.0935
c2_33,1,1789030939.644481,10,3.032,0.2834,0.0935
c2_33,1,1789030939.864481,10,3.032,0.2834,0.0935
c2_33,1,1789030940.084481,10,3.032,0.2834,0.0935
c2_33,1,1789030940.304481,10,3.032,0.2834,0.0935
c2_33,1,1789030940.524481,10,3.032,0.2834,0.0935
c2_33,1,1789030940.744481,10,3.032,0.2834,0.0935
c2_33,1,1789030940.964481,10,3.032,0.2834,0.0935
c2_33,1,1789030941.1844811,10,3.032,0.2834,0.0935
c2_33,1,1789030941.4044812,10,3.032,0.2834,0.0935
c2_33,1,1789030941.6244812,10,3.032,0.2834,0.0935
c2_33,1,1789030941.8444812,10,3.032,0.2834,0.0935
c2_33,1,1789030942.0644813,10,3.032,0.2834,0.0935
c2_33,1,1789030942.2844813,10,3.032,0.2834,0.0935
c2_33,1,1789030942.5044813,10,3.032,0.2834,0.0935
c2_33,1,1789030942.7244813,10,3.032,0.2834,0.0935
c2_33,1,1789030942.9444814,11,3.0806,0.3057,0.0992
c2_33,1,1789030943.1644814,11,3.0806,0.3057,0.0992
c2_33,1,1789030943.3844814,11,3.0806,0.3057,0.0992
c2_33,1,1789030943.6044815,11,3.0806,0.3057,0.0992
c2_33,1,1789030943.8244815,11,3.0806,0.3057,0.0992
c2_33,1,1789030944.0444815,11,3.0806,0.3057,0.0992
c2_33,1,1789030944.2644815,11,3.0806,0.3057,0.0992
c2_33,1,1789030944.4844816,11,3.0806,0.3057,0.0992
c2_33,1,1789030944.7044816,11,3.0806,0.3057,0.0992
c2_33,1,1789030944.9244816,11,3.0806,0.3057,0.0992
c2_33,1,1789030945.1444817,11,3.0806,0.3057,0.0992
c2_33,1,1789030945.3644817,11,3.0806,0.3057,0.0992
c2_33,1,1789030945.5844817,11,3.0806,0.3057,0.0992
c2_33,1,1789030945.8044817,12,3.0643,0.296,0.0966
c2_33,1,1789030946.0244818,12,3.0643,0.296,0.0966
c2_33,1,1789030946.2444818,12,3.0643,0.296,0.0966
c2_33,1,1789030946.4644818,12,3.0643,0.296,0.0966
c2_33,1,1789030946.6844819,12,3.0643,0.296,0.0966
c2_33,1,1789030946.904482,12,3.0643,0.296,0.0966
c2_33,1,1789030947.124482,12,3.0643,0.296,0.0966
c2_33,1,1789030947.344482,12,3.0643,0.296,0.0966
c2_33,1,1789030947.564482,12,3.0643,0.296,0.0966
c2_33,1,1789030947.784482,12,3.0643,0.296,0.0966
c2_33,1,1789030948.004482,12,3.0643,0.296,0.0966
c2_33,1,1789030948.224482,12,3.0643,0.296,0.0966
c2_33,1,1789030948.444482,12,3.0643,0.296,0.0966
c2_33,1,1789030948.664482,12,3.0643,0.296,0.0966
c2_33,1,1789030948.8844821,13,3.0557,0.2849,0.0932
c2_33,1,1789030949.1044822,13,3.0557,0.2849,0.0932
c2_33,1,1789030949.3244822,13,3.0557,0.2849,0.0932
c2_33,1,1789030949.5444822,13,3.0557,0.2849,0.0932
c2_33,1,1789030949.7644823,13,3.0557,0.2849,0.0932
c2_33,1,1789030949.9844823,13,3.0557,0.2849,0.0932
c2_33,1,1789030950.2044823,13,3.0557,0.2849,0.0932
c2_33,1,1789030950.4244823,13,3.0557,0.2849,0.0932
c2_33,1,1789030950.6444824,13,3.0557,0.2849,0.0932
c2_33,1,1789030950.8644824,13,3.0557,0.2849,0.0932
c2_33,1,1789030951.0844824,13,3.0557,0.2849,0.0932
c2_33,1,1789030951.3044825,13,3.0557,0.2849,0.0932
c2_33,1,1789030951.5244825,13,3.0557,0.2849,0.0932
c2_33,1,1789030951.7444825,13,3.0557,0.2849,0.0932
c2_33,1,1789030951.9644825,14,3.0637,0.2751,0.0898
c2_33,1,1789030952.1844826,14,3.0637,0.2751,0.0898
c2_33,1,1789030952.4044826,14,3.0637,0.2751,0.0898
c2_33,1,1789030952.6244826,14,3.0637,0.2751,0.0898
c2_33,1,1789030952.8444827,14,3.0637,0.2751,0.0898
c2_33,1,1789030953.0644827,14,3.0637,0.2751,0.0898
c2_33,1,1789030953.2844827,14,3.0637,0.2751,0.0898
c2_33,1,1789030953.5044827,14,3.0637,0.2751,0.0898
c2_33,1,1789030953.7244828,14,3.0637,0.2751,0.0898
c2_33,1,1789030953.9444828,14,3.0637,0.2751,0.0898
c2_33,1,1789030954.1644828,14,3.0637,0.2751,0.0898
c2_33,1,1789030954.3844829,14,3.0637,0.2751,0.0898
c2_33,1,1789030954.604483,14,3.0637,0.2751,0.0898
c2_33,1,1789030954.824483,14,3.0637,0.2751,0.0898
benign_34,0,1789030981.2322235,3,12.2692,6.4128,0.5227
c2_34,1,1789030993.7563941,3,3.9615,0.0525,0.0133
c2_34,1,1789030993.9763942,3,3.9615,0.0525,0.0133
c2_34,1,1789030994.1963942,3,3.9615,0.0525,0.0133
c2_34,1,1789030994.4163942,3,3.9615,0.0525,0.0133
c2_34,1,1789030994.6363943,3,3.9615,0.0525,0.0133
c2_34,1,1789030994.8563943,3,3.9615,0.0525,0.0133
c2_34,1,1789030995.0763943,3,3.9615,0.0525,0.0133
c2_34,1,1789030995.2963943,3,3.9615,0.0525,0.0133
c2_34,1,1789030995.5163944,3,3.9615,0.0525,0.0133
c2_34,1,1789030995.7363944,3,3.9615,0.0525,0.0133
c2_34,1,1789030995.9563944,3,3.9615,0.0525,0.0133
c2_34,1,1789030996.1763945,3,3.9615,0.0525,0.0133
c2_34,1,1789030996.3963945,3,3.9615,0.0525,0.0133
c2_34,1,1789030996.6163945,3,3.9615,0.0525,0.0133
c2_34,1,1789030996.8363945,3,3.9615,0.0525,0.0133
c2_34,1,1789030997.0563946,3,3.9615,0.0525,0.0133
c2_34,1,1789030997.2763946,4,3.7747,0.2676,0.0709
c2_34,1,1789030997.4963946,4,3.7747,0.2676,0.0709
c2_34,1,1789030997.7163947,4,3.7747,0.2676,0.0709
c2_34,1,1789030997.9363947,4,3.7747,0.2676,0.0709
c2_34,1,1789030998.1563947,4,3.7747,0.2676,0.0709
c2_34,1,1789030998.3763947,4,3.7747,0.2676,0.0709
c2_34,1,1789030998.5963948,4,3.7747,0.2676,0.0709
c2_34,1,1789030998.8163948,4,3.7747,0.2676,0.0709
c2_34,1,1789030999.0363948,4,3.7747,0.2676,0.0709
c2_34,1,1789030999.2563949,4,3.7747,0.2676,0.0709
c2_34,1,1789030999.476395,4,3.7747,0.2676,0.0709
c2_34,1,1789030999.696395,4,3.7747,0.2676,0.0709
c2_34,1,1789030999.916395,4,3.7747,0.2676,0.0709
c2_34,1,1789031000.136395,4,3.7747,0.2676,0.0709
c2_34,1,1789031000.356395,4,3.7747,0.2676,0.0709
c2_34,1,1789031000.576395,4,3.7747,0.2676,0.0709
c2_34,1,1789031000.796395,5,3.7178,0.2518,0.0677
c2_34,1,1789031001.016395,5,3.7178,0.2518,0.0677
c2_34,1,1789031001.2363951,5,3.7178,0.2518,0.0677
c2_34,1,1789031001.4563951,5,3.7178,0.2518,0.0677
c2_34,1,1789031001.6763952,5,3.7178,0.2518,0.0677
c2_34,1,1789031001.8963952,5,3.7178,0.2518,0.0677
c2_34,1,1789031002.1163952,5,3.7178,0.2518,0.0677
c2_34,1,1789031002.3363953,5,3.7178,0.2518,0.0677
c2_34,1,1789031002.5563953,5,3.7178,0.2518,0.0677
c2_34,1,1789031002.7763953,5,3.7178,0.2518,0.0677
c2_34,1,1789031002.9963953,5,3.7178,0.2518,0.0677
c2_34,1,1789031003.2163954,5,3.7178,0.2518,0.0677
c2_34,1,1789031003.4363954,5,3.7178,0.2518,0.0677
c2_34,1,1789031003.6563954,5,3.7178,0.2518,0.0677
c2_34,1,1789031003.8763955,5,3.7178,0.2518,0.0677
c2_34,1,1789031004.0963955,5,3.7178,0.2518,0.0677
c2_34,1,1789031004.3163955,5,3.7178,0.2518,0.0677
c2_34,1,1789031004.5363955,5,3.7178,0.2518,0.0677
c2_34,1,1789031004.7563956,5,3.7178,0.2518,0.0677
c2_34,1,1789031004.9763956,6,3.7969,0.2752,0.0725
c2_34,1,1789031005.1963956,6,3.7969,0.2752,0.0725
c2_34,1,1789031005.4163957,6,3.7969,0.2752,0.0725
c2_34,1,1789031005.6363957,6,3.7969,0.2752,0.0725
c2_34,1,1789031005.8563957,6,3.7969,0.2752,0.0725
c2_34,1,1789031006.0763958,6,3.7969,0.2752,0.0725
c2_34,1,1789031006.2963958,6,3.7969,0.2752,0.0725
c2_34,1,1789031006.5163958,6,3.7969,0.2752,0.0725
c2_34,1,1789031006.7363958,6,3.7969,0.2752,0.0725
c2_34,1,1789031006.9563959,6,3.7969,0.2752,0.0725
c2_34,1,1789031007.176396,6,3.7969,0.2752,0.0725
c2_34,1,1789031007.396396,6,3.7969,0.2752,0.0725
c2_34,1,1789031007.616396,6,3.7969,0.2752,0.0725
c2_34,1,1789031007.836396,6,3.7969,0.2752,0.0725
c2_34,1,1789031008.056396,6,3.7969,0.2752,0.0725
c2_34,1,1789031008.276396,7,3.7481,0.2739,0.0731
c2_34,1,1789031008.496396,7,3.7481,0.2739,0.0731
c2_34,1,1789031008.716396,7,3.7481,0.2739,0.0731
c2_34,1,1789031008.9363961,7,3.7481,0.2739,0.0731
c2_34,1,1789031009.1563962,7,3.7481,0.2739,0.0731
c2_34,1,1789031009.3763962,7,3.7481,0.2739,0.0731
c2_34,1,1789031009.5963962,7,3.7481,0.2739,0.0731
c2_34,1,1789031009.8163962,7,3.7481,0.2739,0.0731
c2_34,1,1789031010.0363963,7,3.7481,0.2739,0.0731
c2_34,1,1789031010.2563963,7,3.7481,0.2739,0.0731
c2_34,1,1789031010.4763963,7,3.7481,0.2739,0.0731
c2_34,1,1789031010.6963964,7,3.7481,0.2739,0.0731
c2_34,1,1789031010.9163964,7,3.7481,0.2739,0.0731
c2_34,1,1789031011.1363964,7,3.7481,0.2739,0.0731
c2_34,1,1789031011.3563964,7,3.7481,0.2739,0.0731
c2_34,1,1789031011.5763965,7,3.7481,0.2739,0.0731
c2_34,1,1789031011.7963965,7,3.7481,0.2739,0.0731
c2_34,1,1789031012.0163965,7,3.7481,0.2739,0.0731
c2_34,1,1789031012.2363966,8,3.754,0.2539,0.0676
c2_34,1,1789031012.4563966,8,3.754,0.2539,0.0676
c2_34,1,1789031012.6763966,8,3.754,0.2539,0.0676
c2_34,1,1789031012.8963966,8,3.754,0.2539,0.0676
c2_34,1,1789031013.1163967,8,3.754,0.2539,0.0676
c2_34,1,1789031013.3363967,8,3.754,0.2539,0.0676
c2_34,1,1789031013.5563967,8,3.754,0.2539,0.0676
c2_34,1,1789031013.7763968,8,3.754,0.2539,0.0676
c2_34,1,1789031013.9963968,8,3.754,0.2539,0.0676
c2_34,1,1789031014.2163968,8,3.754,0.2539,0.0676
c2_34,1,1789031014.4363968,8,3.754,0.2539,0.0676
c2_34,1,1789031014.6563969,8,3.754,0.2539,0.0676
c2_34,1,1789031014.876397,8,3.754,0.2539,0.0676
c2_34,1,1789031015.096397,8,3.754,0.2539,0.0676
c2_34,1,1789031015.316397,9,3.6769,0.3131,0.0851
c2_34,1,1789031015.536397,9,3.6769,0.3131,0.0851
c2_34,1,1789031015.756397,9,3.6769,0.3131,0.0851
c2_34,1,1789031015.976397,9,3.6769,0.3131,0.0851
c2_34,1,1789031016.196397,9,3.6769,0.3131,0.0851
c2_34,1,1789031016.416397,9,3.6769,0.3131,0.0851
c2_34,1,1789031016.6363971,9,3.6769,0.3131,0.0851
c2_34,1,1789031016.8563972,9,3.6769,0.3131,0.0851
c2_34,1,1789031017.0763972,9,3.6769,0.3131,0.0851
c2_34,1,1789031017.2963972,9,3.6769,0.3131,0.0851
c2_34,1,1789031017.5163972,9,3.6769,0.3131,0.0851
c2_34,1,1789031017.7363973,9,3.6769,0.3131,0.0851
c2_34,1,1789031017.9563973,9,3.6769,0.3131,0.0851
c2_34,1,1789031018.1763973,9,3.6769,0.3131,0.0851
c2_34,1,1789031018.3963974,9,3.6769,0.3131,0.0851
c2_34,1,1789031018.6163974,9,3.6769,0.3131,0.0851
c2_34,1,1789031018.8363974,10,3.6689,0.296,0.0807
c2_34,1,1789031019.0563974,10,3.6689,0.296,0.0807
c2_34,1,1789031019.2763975,10,3.6689,0.296,0.0807
c2_34,1,1789031019.4963975,10,3.6689,0.296,0.0807
c2_34,1,1789031019.7163975,10,3.6689,0.296,0.0807
c2_34,1,1789031019.9363976,10,3.6689,0.296,0.0807
c2_34,1,1789031020.1563976,10,3.6689,0.296,0.0807
c2_34,1,1789031020.3763976,10,3.6689,0.296,0.0807
c2_34,1,1789031020.5963976,10,3.6689,0.296,0.0807
c2_34,1,1789031020.8163977,10,3.6689,0.296,0.0807
c2_34,1,1789031021.0363977,10,3.6689,0.296,0.0807
c2_34,1,1789031021.2563977,10,3.6689,0.296,0.0807
c2_34,1,1789031021.4763978,10,3.6689,0.296,0.0807
c2_34,1,1789031021.6963978,10,3.6689,0.296,0.0807
c2_34,1,1789031021.9163978,10,3.6689,0.296,0.0807
c2_34,1,1789031022.1363978,10,3.6689,0.296,0.0807
c2_34,1,1789031022.3563979,10,3.6689,0.296,0.0807
c2_34,1,1789031022.576398,11,3.6654,0.281,0.0767
c2_34,1,1789031022.796398,11,3.6654,0.281,0.0767
c2_34,1,1789031023.016398,11,3.6654,0.281,0.0767
c2_34,1,1789031023.236398,11,3.6654,0.281,0.0767
c2_34,1,1789031023.456398,11,3.6654,0.281,0.0767
c2_34,1,1789031023.676398,11,3.6654,0.281,0.0767
c2_34,1,1789031023.896398,11,3.6654,0.281,0.0767
c2_34,1,1789031024.116398,11,3.6654,0.281,0.0767
c2_34,1,1789031024.3363981,11,3.6654,0.281,0.0767
c2_34,1,1789031024.5563982,11,3.6654,0.281,0.0767
c2_34,1,1789031024.7763982,11,3.6654,0.281,0.0767
c2_34,1,1789031024.9963982,11,3.6654,0.281,0.0767
c2_34,1,1789031025.2163982,11,3.6654,0.281,0.0767
c2_34,1,1789031025.4363983,11,3.6654,0.281,0.0767
c2_34,1,1789031025.6563983,11,3.6654,0.281,0.0767
c2_34,1,1789031025.8763983,11,3.6654,0.281,0.0767
c2_34,1,1789031026.0963984,11,3.6654,0.281,0.0767
c2_34,1,1789031026.3163984,11,3.6654,0.281,0.0767
c2_34,1,1789031026.5363984,12,3.7024,0.2924,0.079
c2_34,1,1789031026.7563984,12,3.7024,0.2924,0.079
c2_34,1,1789031026.9763985,12,3.7024,0.2924,0.079
c2_34,1,1789031027.1963985,12,3.7024,0.2924,0.079
c2_34,1,1789031027.4163985,12,3.7024,0.2924,0.079
c2_34,1,1789031027.6363986,12,3.7024,0.2924,0.079
c2_34,1,1789031027.8563986,12,3.7024,0.2924,0.079
c2_34,1,1789031028.0763986,12,3.7024,0.2924,0.079
c2_34,1,1789031028.2963986,12,3.7024,0.2924,0.079
c2_34,1,1789031028.5163987,12,3.7024,0.2924,0.079
c2_34,1,1789031028.7363987,12,3.7024,0.2924,0.079
c2_34,1,1789031028.9563987,12,3.7024,0.2924,0.079
c2_34,1,1789031029.1763988,12,3.7024,0.2924,0.079
c2_34,1,1789031029.3963988,12,3.7024,0.2924,0.079
c2_34,1,1789031029.6163988,12,3.7024,0.2924,0.079
c2_34,1,1789031029.8363988,12,3.7024,0.2924,0.079
c2_34,1,1789031030.0563989,12,3.7024,0.2924,0.079
benign_35,0,1789031039.049913,3,2.7146,1.0185,0.3752
benign_35,0,1789031039.269913,3,2.7146,1.0185,0.3752
benign_35,0,1789031039.489913,3,2.7146,1.0185,0.3752
benign_35,0,1789031039.709913,3,2.7146,1.0185,0.3752
benign_35,0,1789031039.929913,3,2.7146,1.0185,0.3752
benign_35,0,1789031040.149913,3,2.7146,1.0185,0.3752
benign_35,0,1789031040.369913,4,2.2376,1.0708,0.4786
benign_35,0,1789031040.5899131,4,2.2376,1.0708,0.4786
benign_35,0,1789031040.8099132,4,2.2376,1.0708,0.4786
benign_35,0,1789031041.0299132,4,2.2376,1.0708,0.4786
benign_35,0,1789031041.2499132,4,2.2376,1.0708,0.4786
benign_35,0,1789031041.4699132,4,2.2376,1.0708,0.4786
benign_35,0,1789031041.6899133,4,2.2376,1.0708,0.4786
benign_35,0,1789031041.9099133,4,2.2376,1.0708,0.4786
benign_35,0,1789031042.1299133,4,2.2376,1.0708,0.4786
benign_35,0,1789031042.3499134,4,2.2376,1.0708,0.4786
benign_35,0,1789031042.5699134,4,2.2376,1.0708,0.4786
benign_35,0,1789031042.7899134,4,2.2376,1.0708,0.4786
benign_35,0,1789031043.0099134,4,2.2376,1.0708,0.4786
benign_35,0,1789031043.2299135,4,2.2376,1.0708,0.4786
benign_35,0,1789031043.4499135,4,2.2376,1.0708,0.4786
benign_35,0,1789031043.6699135,4,2.2376,1.0708,0.4786
benign_35,0,1789031043.8899136,4,2.2376,1.0708,0.4786
benign_35,0,1789031044.1099136,4,2.2376,1.0708,0.4786
benign_35,0,1789031044.3299136,4,2.2376,1.0708,0.4786
benign_35,0,1789031044.5499136,4,2.2376,1.0708,0.4786
benign_35,0,1789031044.7699137,4,2.2376,1.0708,0.4786
benign_35,0,1789031044.9899137,4,2.2376,1.0708,0.4786
benign_35,0,1789031045.2099137,4,2.2376,1.0708,0.4786
benign_35,0,1789031045.4299138,4,2.2376,1.0708,0.4786
benign_35,0,1789031045.6499138,4,2.2376,1.0708,0.4786
benign_35,0,1789031045.8699138,4,2.2376,1.0708,0.4786
benign_35,0,1789031046.0899138,4,2.2376,1.0708,0.4786
benign_35,0,1789031046.3099139,4,2.2376,1.0708,0.4786
benign_35,0,1789031046.529914,4,2.2376,1.0708,0.4786
benign_35,0,1789031046.749914,4,2.2376,1.0708,0.4786
benign_35,0,1789031046.969914,4,2.2376,1.0708,0.4786
benign_35,0,1789031047.189914,4,2.2376,1.0708,0.4786
benign_35,0,1789031047.409914,4,2.2376,1.0708,0.4786
benign_35,0,1789031047.629914,5,3.4683,2.3246,0.6702
benign_35,0,1789031047.849914,5,3.4683,2.3246,0.6702
benign_35,0,1789031048.069914,5,3.4683,2.3246,0.6702
benign_35,0,1789031048.2899141,5,3.4683,2.3246,0.6702
benign_35,0,1789031048.5099142,5,3.4683,2.3246,0.6702
benign_35,0,1789031048.7299142,6,2.9938,2.2855,0.7634
benign_35,0,1789031048.9499142,6,2.9938,2.2855,0.7634
benign_35,0,1789031049.1699142,6,2.9938,2.2855,0.7634
benign_35,0,1789031049.3899143,6,2.9938,2.2855,0.7634
benign_35,0,1789031049.6099143,6,2.9938,2.2855,0.7634
benign_35,0,1789031049.8299143,6,2.9938,2.2855,0.7634
benign_35,0,1789031050.0499144,6,2.9938,2.2855,0.7634
benign_35,0,1789031050.2699144,6,2.9938,2.2855,0.7634
benign_35,0,1789031050.4899144,6,2.9938,2.2855,0.7634
benign_35,0,1789031050.7099144,6,2.9938,2.2855,0.7634
benign_35,0,1789031050.9299145,6,2.9938,2.2855,0.7634
benign_35,0,1789031051.1499145,6,2.9938,2.2855,0.7634
benign_35,0,1789031051.3699145,6,2.9938,2.2855,0.7634
benign_35,0,1789031051.5899146,6,2.9938,2.2855,0.7634
benign_35,0,1789031051.8099146,6,2.9938,2.2855,0.7634
benign_35,0,1789031052.0299146,6,2.9938,2.2855,0.7634
benign_35,0,1789031052.2499146,6,2.9938,2.2855,0.7634
benign_35,0,1789031052.4699147,8,2.6887,2.2186,0.8252
benign_35,0,1789031052.6899147,8,2.6887,2.2186,0.8252
benign_35,0,1789031052.9099147,8,2.6887,2.2186,0.8252
benign_35,0,1789031053.1299148,8,2.6887,2.2186,0.8252
benign_35,0,1789031053.3499148,8,2.6887,2.2186,0.8252
benign_35,0,1789031053.5699148,8,2.6887,2.2186,0.8252
benign_35,0,1789031053.7899148,8,2.6887,2.2186,0.8252
benign_35,0,1789031054.0099149,8,2.6887,2.2186,0.8252
benign_35,0,1789031054.229915,8,2.6887,2.2186,0.8252
benign_35,0,1789031054.449915,8,2.6887,2.2186,0.8252
benign_35,0,1789031054.669915,8,2.6887,2.2186,0.8252
benign_35,0,1789031054.889915,8,2.6887,2.2186,0.8252
benign_35,0,1789031055.109915,8,2.6887,2.2186,0.8252
benign_35,0,1789031055.329915,9,2.7135,2.0764,0.7652
benign_35,0,1789031055.549915,9,2.7135,2.0764,0.7652
benign_35,0,1789031055.769915,9,2.7135,2.0764,0.7652
benign_35,0,1789031055.9899151,9,2.7135,2.0764,0.7652
benign_35,0,1789031056.2099152,9,2.7135,2.0764,0.7652
benign_35,0,1789031056.4299152,9,2.7135,2.0764,0.7652
benign_35,0,1789031056.6499152,9,2.7135,2.0764,0.7652
benign_35,0,1789031056.8699152,9,2.7135,2.0764,0.7652
benign_35,0,1789031057.0899153,9,2.7135,2.0764,0.7652
benign_35,0,1789031057.3099153,9,2.7135,2.0764,0.7652
benign_35,0,1789031057.5299153,9,2.7135,2.0764,0.7652
benign_35,0,1789031057.7499154,9,2.7135,2.0764,0.7652
benign_35,0,1789031057.9699154,9,2.7135,2.0764,0.7652
benign_35,0,1789031058.1899154,9,2.7135,2.0764,0.7652
benign_35,0,1789031058.4099154,9,2.7135,2.0764,0.7652
benign_35,0,1789031058.6299155,9,2.7135,2.0764,0.7652
benign_35,0,1789031058.8499155,9,2.7135,2.0764,0.7652
benign_35,0,1789031059.0699155,9,2.7135,2.0764,0.7652
benign_35,0,1789031059.2899156,9,2.7135,2.0764,0.7652
benign_35,0,1789031059.5099156,9,2.7135,2.0764,0.7652
benign_35,0,1789031059.7299156,9,2.7135,2.0764,0.7652
benign_35,0,1789031059.9499156,9,2.7135,2.0764,0.7652
benign_35,0,1789031060.1699157,9,2.7135,2.0764,0.7652
benign_35,0,1789031060.3899157,9,2.7135,2.0764,0.7652
benign_35,0,1789031060.6099157,9,2.7135,2.0764,0.7652
benign_35,0,1789031060.8299158,9,2.7135,2.0764,0.7652
benign_35,0,1789031061.0499158,9,2.7135,2.0764,0.7652
benign_35,0,1789031061.2699158,9,2.7135,2.0764,0.7652
benign_35,0,1789031061.4899158,9,2.7135,2.0764,0.7652
benign_35,0,1789031061.7099159,9,2.7135,2.0764,0.7652
benign_35,0,1789031061.929916,9,2.7135,2.0764,0.7652
benign_35,0,1789031062.149916,9,2.7135,2.0764,0.7652
benign_35,0,1789031062.369916,9,2.7135,2.0764,0.7652
benign_35,0,1789031062.589916,9,2.7135,2.0764,0.7652
benign_35,0,1789031062.809916,9,2.7135,2.0764,0.7652
benign_35,0,1789031063.029916,9,2.7135,2.0764,0.7652
benign_35,0,1789031063.249916,9,2.7135,2.0764,0.7652
benign_35,0,1789031063.469916,9,2.7135,2.0764,0.7652
benign_35,0,1789031063.6899161,9,2.7135,2.0764,0.7652
benign_35,0,1789031063.9099162,9,2.7135,2.0764,0.7652
benign_35,0,1789031064.1299162,9,2.7135,2.0764,0.7652
benign_35,0,1789031064.3499162,9,2.7135,2.0764,0.7652
benign_35,0,1789031064.5699162,9,2.7135,2.0764,0.7652
benign_35,0,1789031064.7899163,9,2.7135,2.0764,0.7652
benign_35,0,1789031065.0099163,9,2.7135,2.0764,0.7652
benign_35,0,1789031065.2299163,9,2.7135,2.0764,0.7652
benign_35,0,1789031065.4499164,9,2.7135,2.0764,0.7652
benign_35,0,1789031065.6699164,9,2.7135,2.0764,0.7652
benign_35,0,1789031065.8899164,9,2.7135,2.0764,0.7652
benign_35,0,1789031066.1099164,9,2.7135,2.0764,0.7652
benign_35,0,1789031066.3299165,9,2.7135,2.0764,0.7652
benign_35,0,1789031066.5499165,9,2.7135,2.0764,0.7652
benign_35,0,1789031066.7699165,9,2.7135,2.0764,0.7652
benign_35,0,1789031066.9899166,9,2.7135,2.0764,0.7652
benign_35,0,1789031067.2099166,9,2.7135,2.0764,0.7652
benign_35,0,1789031067.4299166,9,2.7135,2.0764,0.7652
benign_35,0,1789031067.6499166,9,2.7135,2.0764,0.7652
benign_35,0,1789031067.8699167,9,2.7135,2.0764,0.7652
benign_35,0,1789031068.0899167,9,2.7135,2.0764,0.7652
benign_35,0,1789031068.3099167,9,2.7135,2.0764,0.7652
benign_35,0,1789031068.5299168,9,2.7135,2.0764,0.7652
benign_35,0,1789031068.7499168,9,2.7135,2.0764,0.7652
benign_35,0,1789031068.9699168,9,2.7135,2.0764,0.7652
benign_35,0,1789031069.1899168,9,2.7135,2.0764,0.7652
benign_35,0,1789031069.4099169,9,2.7135,2.0764,0.7652
benign_35,0,1789031069.629917,9,2.7135,2.0764,0.7652
benign_35,0,1789031069.849917,9,2.7135,2.0764,0.7652
benign_35,0,1789031070.069917,9,2.7135,2.0764,0.7652
benign_35,0,1789031070.289917,9,2.7135,2.0764,0.7652
c2_35,1,1789031079.0211728,3,2.6338,0.0398,0.0151
c2_35,1,1789031079.2411728,3,2.6338,0.0398,0.0151
c2_35,1,1789031079.4611728,3,2.6338,0.0398,0.0151
c2_35,1,1789031079.6811728,3,2.6338,0.0398,0.0151
c2_35,1,1789031079.9011729,3,2.6338,0.0398,0.0151
c2_35,1,1789031080.121173,3,2.6338,0.0398,0.0151
c2_35,1,1789031080.341173,3,2.6338,0.0398,0.0151
c2_35,1,1789031080.561173,3,2.6338,0.0398,0.0151
c2_35,1,1789031080.781173,3,2.6338,0.0398,0.0151
c2_35,1,1789031081.001173,3,2.6338,0.0398,0.0151
c2_35,1,1789031081.221173,3,2.6338,0.0398,0.0151
c2_35,1,1789031081.441173,3,2.6338,0.0398,0.0151
c2_35,1,1789031081.661173,3,2.6338,0.0398,0.0151
c2_35,1,1789031081.8811731,3,2.6338,0.0398,0.0151
c2_35,1,1789031082.1011732,3,2.6338,0.0398,0.0151
c2_35,1,1789031082.3211732,4,2.8668,0.3311,0.1155
c2_35,1,1789031082.5411732,4,2.8668,0.3311,0.1155
c2_35,1,1789031082.7611732,4,2.8668,0.3311,0.1155
c2_35,1,1789031082.9811733,4,2.8668,0.3311,0.1155
c2_35,1,1789031083.2011733,4,2.8668,0.3311,0.1155
c2_35,1,1789031083.4211733,4,2.8668,0.3311,0.1155
c2_35,1,1789031083.6411734,4,2.8668,0.3311,0.1155
c2_35,1,1789031083.8611734,4,2.8668,0.3311,0.1155
c2_35,1,1789031084.0811734,4,2.8668,0.3311,0.1155
c2_35,1,1789031084.3011734,4,2.8668,0.3311,0.1155
c2_35,1,1789031084.5211735,4,2.8668,0.3311,0.1155
c2_35,1,1789031084.7411735,5,2.7986,0.3101,0.1108
c2_35,1,1789031084.9611735,5,2.7986,0.3101,0.1108
c2_35,1,1789031085.1811736,5,2.7986,0.3101,0.1108
c2_35,1,1789031085.4011736,5,2.7986,0.3101,0.1108
c2_35,1,1789031085.6211736,5,2.7986,0.3101,0.1108
c2_35,1,1789031085.8411736,5,2.7986,0.3101,0.1108
c2_35,1,1789031086.0611737,5,2.7986,0.3101,0.1108
c2_35,1,1789031086.2811737,5,2.7986,0.3101,0.1108
c2_35,1,1789031086.5011737,5,2.7986,0.3101,0.1108
c2_35,1,1789031086.7211738,5,2.7986,0.3101,0.1108
c2_35,1,1789031086.9411738,5,2.7986,0.3101,0.1108
c2_35,1,1789031087.1611738,5,2.7986,0.3101,0.1108
c2_35,1,1789031087.3811738,5,2.7986,0.3101,0.1108
c2_35,1,1789031087.6011739,5,2.7986,0.3101,0.1108
c2_35,1,1789031087.821174,5,2.7986,0.3101,0.1108
c2_35,1,1789031088.041174,6,2.8968,0.3399,0.1173
c2_35,1,1789031088.261174,6,2.8968,0.3399,0.1173
c2_35,1,1789031088.481174,6,2.8968,0.3399,0.1173
c2_35,1,1789031088.701174,6,2.8968,0.3399,0.1173
c2_35,1,1789031088.921174,6,2.8968,0.3399,0.1173
c2_35,1,1789031089.141174,6,2.8968,0.3399,0.1173
c2_35,1,1789031089.361174,6,2.8968,0.3399,0.1173
c2_35,1,1789031089.5811741,6,2.8968,0.3399,0.1173
c2_35,1,1789031089.8011742,6,2.8968,0.3399,0.1173
c2_35,1,1789031090.0211742,6,2.8968,0.3399,0.1173
c2_35,1,1789031090.2411742,6,2.8968,0.3399,0.1173
c2_35,1,1789031090.4611742,6,2.8968,0.3399,0.1173
c2_35,1,1789031090.6811743,6,2.8968,0.3399,0.1173
c2_35,1,1789031090.9011743,6,2.8968,0.3399,0.1173
c2_35,1,1789031091.1211743,6,2.8968,0.3399,0.1173
c2_35,1,1789031091.3411744,7,2.9435,0.3274,0.1112
c2_35,1,1789031091.5611744,7,2.9435,0.3274,0.1112
c2_35,1,1789031091.7811744,7,2.9435,0.3274,0.1112
c2_35,1,1789031092.0011744,7,2.9435,0.3274,0.1112
c2_35,1,1789031092.2211745,7,2.9435,0.3274,0.1112
c2_35,1,1789031092.4411745,7,2.9435,0.3274,0.1112
c2_35,1,1789031092.6611745,7,2.9435,0.3274,0.1112
c2_35,1,1789031092.8811746,7,2.9435,0.3274,0.1112
c2_35,1,1789031093.1011746,7,2.9435,0.3274,0.1112
c2_35,1,1789031093.3211746,7,2.9435,0.3274,0.1112
c2_35,1,1789031093.5411747,7,2.9435,0.3274,0.1112
c2_35,1,1789031093.7611747,7,2.9435,0.3274,0.1112
c2_35,1,1789031093.9811747,7,2.9435,0.3274,0.1112
c2_35,1,1789031094.2011747,7,2.9435,0.3274,0.1112
c2_35,1,1789031094.4211748,7,2.9435,0.3274,0.1112
c2_35,1,1789031094.6411748,8,3.0123,0.3467,0.1151
c2_35,1,1789031094.8611748,8,3.0123,0.3467,0.1151
c2_35,1,1789031095.0811749,8,3.0123,0.3467,0.1151
c2_35,1,1789031095.3011749,8,3.0123,0.3467,0.1151
c2_35,1,1789031095.521175,8,3.0123,0.3467,0.1151
c2_35,1,1789031095.741175,8,3.0123,0.3467,0.1151
c2_35,1,1789031095.961175,8,3.0123,0.3467,0.1151
c2_35,1,1789031096.181175,8,3.0123,0.3467,0.1151
c2_35,1,1789031096.401175,8,3.0123,0.3467,0.1151
c2_35,1,1789031096.621175,8,3.0123,0.3467,0.1151
c2_35,1,1789031096.841175,8,3.0123,0.3467,0.1151
c2_35,1,1789031097.061175,8,3.0123,0.3467,0.1151
c2_35,1,1789031097.2811751,8,3.0123,0.3467,0.1151
c2_35,1,1789031097.5011752,8,3.0123,0.3467,0.1151
c2_35,1,1789031097.7211752,9,3.0059,0.3248,0.108
c2_35,1,1789031097.9411752,9,3.0059,0.3248,0.108
c2_35,1,1789031098.1611753,9,3.0059,0.3248,0.108
c2_35,1,1789031098.3811753,9,3.0059,0.3248,0.108
c2_35,1,1789031098.6011753,9,3.0059,0.3248,0.108
c2_35,1,1789031098.8211753,9,3.0059,0.3248,0.108
c2_35,1,1789031099.0411754,9,3.0059,0.3248,0.108
c2_35,1,1789031099.2611754,9,3.0059,0.3248,0.108
c2_35,1,1789031099.4811754,9,3.0059,0.3248,0.108
c2_35,1,1789031099.7011755,9,3.0059,0.3248,0.108
c2_35,1,1789031099.9211755,9,3.0059,0.3248,0.108
benign_36,0,1789031114.3417797,3,5.8582,1.009,0.1722
benign_36,0,1789031114.5617797,3,5.8582,1.009,0.1722
benign_36,0,1789031114.7817798,3,5.8582,1.009,0.1722
benign_36,0,1789031115.0017798,3,5.8582,1.009,0.1722
benign_36,0,1789031115.2217798,3,5.8582,1.009,0.1722
benign_36,0,1789031115.4417799,3,5.8582,1.009,0.1722
benign_36,0,1789031115.6617799,3,5.8582,1.009,0.1722
benign_36,0,1789031115.88178,3,5.8582,1.009,0.1722
benign_36,0,1789031116.10178,3,5.8582,1.009,0.1722
benign_36,0,1789031116.32178,3,5.8582,1.009,0.1722
benign_36,0,1789031116.54178,3,5.8582,1.009,0.1722
benign_36,0,1789031116.76178,4,4.6872,1.8498,0.3946
benign_36,0,1789031116.98178,4,4.6872,1.8498,0.3946
benign_36,0,1789031117.20178,5,3.6381,2.4224,0.6658
benign_36,0,1789031117.42178,5,3.6381,2.4224,0.6658
benign_36,0,1789031117.6417801,6,2.9806,2.5345,0.8503
benign_36,0,1789031117.8617802,6,2.9806,2.5345,0.8503
benign_36,0,1789031118.0817802,6,2.9806,2.5345,0.8503
benign_36,0,1789031118.3017802,6,2.9806,2.5345,0.8503
benign_36,0,1789031118.5217803,6,2.9806,2.5345,0.8503
benign_36,0,1789031118.7417803,6,2.9806,2.5345,0.8503
benign_36,0,1789031118.9617803,6,2.9806,2.5345,0.8503
benign_36,0,1789031119.1817803,6,2.9806,2.5345,0.8503
benign_36,0,1789031119.4017804,6,2.9806,2.5345,0.8503
benign_36,0,1789031119.6217804,6,2.9806,2.5345,0.8503
benign_36,0,1789031119.8417804,6,2.9806,2.5345,0.8503
benign_36,0,1789031120.0617805,6,2.9806,2.5345,0.8503
benign_36,0,1789031120.2817805,6,2.9806,2.5345,0.8503
c2_36,1,1789031132.918678,3,4.1606,0.4043,0.0972
c2_36,1,1789031133.138678,3,4.1606,0.4043,0.0972
c2_36,1,1789031133.358678,3,4.1606,0.4043,0.0972
c2_36,1,1789031133.5786781,3,4.1606,0.4043,0.0972
c2_36,1,1789031133.7986782,3,4.1606,0.4043,0.0972
c2_36,1,1789031134.0186782,3,4.1606,0.4043,0.0972
c2_36,1,1789031134.2386782,3,4.1606,0.4043,0.0972
c2_36,1,1789031134.4586782,3,4.1606,0.4043,0.0972
c2_36,1,1789031134.6786783,3,4.1606,0.4043,0.0972
c2_36,1,1789031134.8986783,3,4.1606,0.4043,0.0972
c2_36,1,1789031135.1186783,3,4.1606,0.4043,0.0972
c2_36,1,1789031135.3386784,3,4.1606,0.4043,0.0972
c2_36,1,1789031135.5586784,3,4.1606,0.4043,0.0972
c2_36,1,1789031135.7786784,3,4.1606,0.4043,0.0972
c2_36,1,1789031135.9986784,3,4.1606,0.4043,0.0972
c2_36,1,1789031136.2186785,3,4.1606,0.4043,0.0972
c2_36,1,1789031136.4386785,3,4.1606,0.4043,0.0972
c2_36,1,1789031136.6586785,3,4.1606,0.4043,0.0972
c2_36,1,1789031136.8786786,3,4.1606,0.4043,0.0972
c2_36,1,1789031137.0986786,4,4.1693,0.3303,0.0792
c2_36,1,1789031137.3186786,4,4.1693,0.3303,0.0792
c2_36,1,1789031137.5386786,4,4.1693,0.3303,0.0792
c2_36,1,1789031137.7586787,4,4.1693,0.3303,0.0792
c2_36,1,1789031137.9786787,4,4.1693,0.3303,0.0792
c2_36,1,1789031138.1986787,4,4.1693,0.3303,0.0792
c2_36,1,1789031138.4186788,4,4.1693,0.3303,0.0792
c2_36,1,1789031138.6386788,4,4.1693,0.3303,0.0792
c2_36,1,1789031138.8586788,4,4.1693,0.3303,0.0792
c2_36,1,1789031139.0786788,4,4.1693,0.3303,0.0792
c2_36,1,1789031139.2986789,4,4.1693,0.3303,0.0792
c2_36,1,1789031139.518679,4,4.1693,0.3303,0.0792
c2_36,1,1789031139.738679,4,4.1693,0.3303,0.0792
c2_36,1,1789031139.958679,4,4.1693,0.3303,0.0792
c2_36,1,1789031140.178679,4,4.1693,0.3303,0.0792
c2_36,1,1789031140.398679,4,4.1693,0.3303,0.0792
c2_36,1,1789031140.618679,4,4.1693,0.3303,0.0792
c2_36,1,1789031140.838679,4,4.1693,0.3303,0.0792
c2_36,1,1789031141.058679,4,4.1693,0.3303,0.0792
c2_36,1,1789031141.2786791,5,4.1701,0.2861,0.0686
c2_36,1,1789031141.4986792,5,4.1701,0.2861,0.0686
c2_36,1,1789031141.7186792,5,4.1701,0.2861,0.0686
c2_36,1,1789031141.9386792,5,4.1701,0.2861,0.0686
c2_36,1,1789031142.1586792,5,4.1701,0.2861,0.0686
c2_36,1,1789031142.3786793,5,4.1701,0.2861,0.0686
c2_36,1,1789031142.5986793,5,4.1701,0.2861,0.0686
c2_36,1,1789031142.8186793,5,4.1701,0.2861,0.0686
c2_36,1,1789031143.0386794,5,4.1701,0.2861,0.0686
c2_36,1,1789031143.2586794,5,4.1701,0.2861,0.0686
c2_36,1,1789031143.4786794,5,4.1701,0.2861,0.0686
c2_36,1,1789031143.6986794,5,4.1701,0.2861,0.0686
c2_36,1,1789031143.9186795,5,4.1701,0.2861,0.0686
c2_36,1,1789031144.1386795,5,4.1701,0.2861,0.0686
c2_36,1,1789031144.3586795,5,4.1701,0.2861,0.0686
c2_36,1,1789031144.5786796,5,4.1701,0.2861,0.0686
c2_36,1,1789031144.7986796,5,4.1701,0.2861,0.0686
c2_36,1,1789031145.0186796,6,4.1062,0.286,0.0696
c2_36,1,1789031145.2386796,6,4.1062,0.286,0.0696
c2_36,1,1789031145.4586797,6,4.1062,0.286,0.0696
c2_36,1,1789031145.6786797,6,4.1062,0.286,0.0696
c2_36,1,1789031145.8986797,6,4.1062,0.286,0.0696
c2_36,1,1789031146.1186798,6,4.1062,0.286,0.0696
c2_36,1,1789031146.3386798,6,4.1062,0.286,0.0696
c2_36,1,1789031146.5586798,6,4.1062,0.286,0.0696
c2_36,1,1789031146.7786798,6,4.1062,0.286,0.0696
c2_36,1,1789031146.9986799,6,4.1062,0.286,0.0696
c2_36,1,1789031147.21868,6,4.1062,0.286,0.0696
c2_36,1,1789031147.43868,6,4.1062,0.286,0.0696
c2_36,1,1789031147.65868,6,4.1062,0.286,0.0696
c2_36,1,1789031147.87868,6,4.1062,0.286,0.0696
c2_36,1,1789031148.09868,6,4.1062,0.286,0.0696
c2_36,1,1789031148.31868,6,4.1062,0.286,0.0696
c2_36,1,1789031148.53868,6,4.1062,0.286,0.0696
c2_36,1,1789031148.75868,7,4.0341,0.3068,0.0761
c2_36,1,1789031148.9786801,7,4.0341,0.3068,0.0761
c2_36,1,1789031149.1986802,7,4.0341,0.3068,0.0761
c2_36,1,1789031149.4186802,7,4.0341,0.3068,0.0761
c2_36,1,1789031149.6386802,7,4.0341,0.3068,0.0761
c2_36,1,1789031149.8586802,7,4.0341,0.3068,0.0761
c2_36,1,1789031150.0786803,7,4.0341,0.3068,0.0761
c2_36,1,1789031150.2986803,7,4.0341,0.3068,0.0761
c2_36,1,1789031150.5186803,7,4.0341,0.3068,0.0761
c2_36,1,1789031150.7386804,7,4.0341,0.3068,0.0761
c2_36,1,1789031150.9586804,7,4.0341,0.3068,0.0761
c2_36,1,1789031151.1786804,7,4.0341,0.3068,0.0761
c2_36,1,1789031151.3986804,7,4.0341,0.3068,0.0761
c2_36,1,1789031151.6186805,7,4.0341,0.3068,0.0761
c2_36,1,1789031151.8386805,7,4.0341,0.3068,0.0761
c2_36,1,1789031152.0586805,7,4.0341,0.3068,0.0761
c2_36,1,1789031152.2786806,7,4.0341,0.3068,0.0761
c2_36,1,1789031152.4986806,7,4.0341,0.3068,0.0761
c2_36,1,1789031152.7186806,7,4.0341,0.3068,0.0761
c2_36,1,1789031152.9386806,8,4.0435,0.285,0.0705
c2_36,1,1789031153.1586807,8,4.0435,0.285,0.0705
c2_36,1,1789031153.3786807,8,4.0435,0.285,0.0705
c2_36,1,1789031153.5986807,8,4.0435,0.285,0.0705
c2_36,1,1789031153.8186808,8,4.0435,0.285,0.0705
c2_36,1,1789031154.0386808,8,4.0435,0.285,0.0705
c2_36,1,1789031154.2586808,8,4.0435,0.285,0.0705
c2_36,1,1789031154.4786808,8,4.0435,0.285,0.0705
c2_36,1,1789031154.6986809,8,4.0435,0.285,0.0705
c2_36,1,1789031154.918681,8,4.0435,0.285,0.0705
c2_36,1,1789031155.138681,8,4.0435,0.285,0.0705
c2_36,1,1789031155.358681,8,4.0435,0.285,0.0705
c2_36,1,1789031155.578681,8,4.0435,0.285,0.0705
c2_36,1,1789031155.798681,8,4.0435,0.285,0.0705
c2_36,1,1789031156.018681,8,4.0435,0.285,0.0705
c2_36,1,1789031156.238681,8,4.0435,0.285,0.0705
c2_36,1,1789031156.458681,8,4.0435,0.285,0.0705
c2_36,1,1789031156.6786811,9,4.015,0.277,0.069
c2_36,1,1789031156.8986812,9,4.015,0.277,0.069
c2_36,1,1789031157.1186812,9,4.015,0.277,0.069
c2_36,1,1789031157.3386812,9,4.015,0.277,0.069
c2_36,1,1789031157.5586812,9,4.015,0.277,0.069
c2_36,1,1789031157.7786813,9,4.015,0.277,0.069
c2_36,1,1789031157.9986813,9,4.015,0.277,0.069
c2_36,1,1789031158.2186813,9,4.015,0.277,0.069
c2_36,1,1789031158.4386814,9,4.015,0.277,0.069
c2_36,1,1789031158.6586814,9,4.015,0.277,0.069
c2_36,1,1789031158.8786814,9,4.015,0.277,0.069
c2_36,1,1789031159.0986814,9,4.015,0.277,0.069
c2_36,1,1789031159.3186815,9,4.015,0.277,0.069
c2_36,1,1789031159.5386815,9,4.015,0.277,0.069
c2_36,1,1789031159.7586815,9,4.015,0.277,0.069
c2_36,1,1789031159.9786816,9,4.015,0.277,0.069
c2_36,1,1789031160.1986816,10,3.9593,0.305,0.077
c2_36,1,1789031160.4186816,10,3.9593,0.305,0.077
c2_36,1,1789031160.6386817,10,3.9593,0.305,0.077
c2_36,1,1789031160.8586817,10,3.9593,0.305,0.077
c2_36,1,1789031161.0786817,10,3.9593,0.305,0.077
c2_36,1,1789031161.2986817,10,3.9593,0.305,0.077
c2_36,1,1789031161.5186818,10,3.9593,0.305,0.077
c2_36,1,1789031161.7386818,10,3.9593,0.305,0.077
c2_36,1,1789031161.9586818,10,3.9593,0.305,0.077
c2_36,1,1789031162.1786819,10,3.9593,0.305,0.077
c2_36,1,1789031162.3986819,10,3.9593,0.305,0.077
c2_36,1,1789031162.618682,10,3.9593,0.305,0.077
c2_36,1,1789031162.838682,10,3.9593,0.305,0.077
c2_36,1,1789031163.058682,10,3.9593,0.305,0.077
c2_36,1,1789031163.278682,10,3.9593,0.305,0.077
c2_36,1,1789031163.498682,10,3.9593,0.305,0.077
c2_36,1,1789031163.718682,11,3.9267,0.3054,0.0778
c2_36,1,1789031163.938682,11,3.9267,0.3054,0.0778
c2_36,1,1789031164.158682,11,3.9267,0.3054,0.0778
c2_36,1,1789031164.3786821,11,3.9267,0.3054,0.0778
c2_36,1,1789031164.5986822,11,3.9267,0.3054,0.0778
c2_36,1,1789031164.8186822,11,3.9267,0.3054,0.0778
c2_36,1,1789031165.0386822,11,3.9267,0.3054,0.0778
c2_36,1,1789031165.2586823,11,3.9267,0.3054,0.0778
c2_36,1,1789031165.4786823,11,3.9267,0.3054,0.0778
c2_36,1,1789031165.6986823,11,3.9267,0.3054,0.0778
c2_36,1,1789031165.9186823,11,3.9267,0.3054,0.0778
c2_36,1,1789031166.1386824,11,3.9267,0.3054,0.0778
c2_36,1,1789031166.3586824,11,3.9267,0.3054,0.0778
c2_36,1,1789031166.5786824,11,3.9267,0.3054,0.0778
c2_36,1,1789031166.7986825,11,3.9267,0.3054,0.0778
c2_36,1,1789031167.0186825,11,3.9267,0.3054,0.0778
c2_36,1,1789031167.2386825,12,3.885,0.3196,0.0823
c2_36,1,1789031167.4586825,12,3.885,0.3196,0.0823
c2_36,1,1789031167.6786826,12,3.885,0.3196,0.0823
c2_36,1,1789031167.8986826,12,3.885,0.3196,0.0823
c2_36,1,1789031168.1186826,12,3.885,0.3196,0.0823
c2_36,1,1789031168.3386827,12,3.885,0.3196,0.0823
c2_36,1,1789031168.5586827,12,3.885,0.3196,0.0823
c2_36,1,1789031168.7786827,12,3.885,0.3196,0.0823
c2_36,1,1789031168.9986827,12,3.885,0.3196,0.0823
c2_36,1,1789031169.2186828,12,3.885,0.3196,0.0823
c2_36,1,1789031169.4386828,12,3.885,0.3196,0.0823
c2_36,1,1789031169.6586828,12,3.885,0.3196,0.0823
c2_36,1,1789031169.8786829,12,3.885,0.3196,0.0823
c2_36,1,1789031170.0986829,12,3.885,0.3196,0.0823
c2_36,1,1789031170.318683,12,3.885,0.3196,0.0823
c2_36,1,1789031170.538683,12,3.885,0.3196,0.0823
c2_36,1,1789031170.758683,12,3.885,0.3196,0.0823
c2_36,1,1789031170.978683,12,3.885,0.3196,0.0823
c2_36,1,1789031171.198683,12,3.885,0.3196,0.0823
c2_36,1,1789031171.418683,12,3.885,0.3196,0.0823
c2_36,1,1789031171.638683,12,3.885,0.3196,0.0823
c2_36,1,1789031171.858683,13,3.9367,0.3507,0.0891
c2_36,1,1789031172.0786831,13,3.9367,0.3507,0.0891
c2_36,1,1789031172.2986832,13,3.9367,0.3507,0.0891
c2_36,1,1789031172.5186832,13,3.9367,0.3507,0.0891
c2_36,1,1789031172.7386832,13,3.9367,0.3507,0.0891
c2_36,1,1789031172.9586833,13,3.9367,0.3507,0.0891
c2_36,1,1789031173.1786833,13,3.9367,0.3507,0.0891
c2_36,1,1789031173.3986833,13,3.9367,0.3507,0.0891
c2_36,1,1789031173.6186833,13,3.9367,0.3507,0.0891
c2_36,1,1789031173.8386834,13,3.9367,0.3507,0.0891
c2_36,1,1789031174.0586834,13,3.9367,0.3507,0.0891
c2_36,1,1789031174.2786834,13,3.9367,0.3507,0.0891
c2_36,1,1789031174.4986835,13,3.9367,0.3507,0.0891
c2_36,1,1789031174.7186835,13,3.9367,0.3507,0.0891
benign_37,0,1789031182.8962162,3,0.3205,0.039,0.1216
benign_37,0,1789031183.1162162,3,0.3205,0.039,0.1216
benign_37,0,1789031183.3362162,3,0.3205,0.039,0.1216
benign_37,0,1789031183.5562162,3,0.3205,0.039,0.1216
benign_37,0,1789031183.7762163,3,0.3205,0.039,0.1216
benign_37,0,1789031183.9962163,3,0.3205,0.039,0.1216
benign_37,0,1789031184.2162163,3,0.3205,0.039,0.1216
benign_37,0,1789031184.4362164,3,0.3205,0.039,0.1216
benign_37,0,1789031184.6562164,3,0.3205,0.039,0.1216
benign_37,0,1789031184.8762164,3,0.3205,0.039,0.1216
benign_37,0,1789031185.0962164,3,0.3205,0.039,0.1216
benign_37,0,1789031185.3162165,3,0.3205,0.039,0.1216
benign_37,0,1789031185.5362165,3,0.3205,0.039,0.1216
benign_37,0,1789031185.7562165,3,0.3205,0.039,0.1216
benign_37,0,1789031185.9762166,3,0.3205,0.039,0.1216
benign_37,0,1789031186.1962166,3,0.3205,0.039,0.1216
benign_37,0,1789031186.4162166,3,0.3205,0.039,0.1216
benign_37,0,1789031186.6362166,3,0.3205,0.039,0.1216
benign_37,0,1789031186.8562167,3,0.3205,0.039,0.1216
benign_37,0,1789031187.0762167,3,0.3205,0.039,0.1216
benign_37,0,1789031187.2962167,3,0.3205,0.039,0.1216
benign_37,0,1789031187.5162168,3,0.3205,0.039,0.1216
benign_37,0,1789031187.7362168,3,0.3205,0.039,0.1216
benign_37,0,1789031187.9562168,3,0.3205,0.039,0.1216
benign_37,0,1789031188.1762168,3,0.3205,0.039,0.1216
benign_37,0,1789031188.3962169,3,0.3205,0.039,0.1216
benign_37,0,1789031188.616217,3,0.3205,0.039,0.1216
benign_37,0,1789031188.836217,3,0.3205,0.039,0.1216
benign_37,0,1789031189.056217,3,0.3205,0.039,0.1216
benign_37,0,1789031189.276217,3,0.3205,0.039,0.1216
benign_37,0,1789031189.496217,3,0.3205,0.039,0.1216
benign_37,0,1789031189.716217,3,0.3205,0.039,0.1216
benign_37,0,1789031189.936217,4,2.515,3.1037,1.2341
benign_37,0,1789031190.156217,4,2.515,3.1037,1.2341
benign_37,0,1789031190.3762171,5,2.0005,2.8318,1.4155
benign_37,0,1789031190.5962172,5,2.0005,2.8318,1.4155
benign_37,0,1789031190.8162172,5,2.0005,2.8318,1.4155
benign_37,0,1789031191.0362172,5,2.0005,2.8318,1.4155
benign_37,0,1789031191.2562172,5,2.0005,2.8318,1.4155
benign_37,0,1789031191.4762173,5,2.0005,2.8318,1.4155
benign_37,0,1789031191.6962173,5,2.0005,2.8318,1.4155
benign_37,0,1789031191.9162173,5,2.0005,2.8318,1.4155
benign_37,0,1789031192.1362174,6,1.979,2.5332,1.28
benign_37,0,1789031192.3562174,6,1.979,2.5332,1.28
benign_37,0,1789031192.5762174,6,1.979,2.5332,1.28
benign_37,0,1789031192.7962174,6,1.979,2.5332,1.28
benign_37,0,1789031193.0162175,6,1.979,2.5332,1.28
benign_37,0,1789031193.2362175,6,1.979,2.5332,1.28
benign_37,0,1789031193.4562175,6,1.979,2.5332,1.28
benign_37,0,1789031193.6762176,6,1.979,2.5332,1.28
benign_37,0,1789031193.8962176,6,1.979,2.5332,1.28
benign_37,0,1789031194.1162176,6,1.979,2.5332,1.28
benign_37,0,1789031194.3362176,6,1.979,2.5332,1.28
benign_37,0,1789031194.5562177,6,1.979,2.5332,1.28
benign_37,0,1789031194.7762177,6,1.979,2.5332,1.28
benign_37,0,1789031194.9962177,6,1.979,2.5332,1.28
benign_37,0,1789031195.2162178,6,1.979,2.5332,1.28
benign_37,0,1789031195.4362178,6,1.979,2.5332,1.28
benign_37,0,1789031195.6562178,6,1.979,2.5332,1.28
benign_37,0,1789031195.8762178,6,1.979,2.5332,1.28
benign_37,0,1789031196.0962179,7,2.3008,2.4219,1.0526
benign_37,0,1789031196.316218,7,2.3008,2.4219,1.0526
benign_37,0,1789031196.536218,7,2.3008,2.4219,1.0526
benign_37,0,1789031196.756218,7,2.3008,2.4219,1.0526
benign_37,0,1789031196.976218,7,2.3008,2.4219,1.0526
benign_37,0,1789031197.196218,7,2.3008,2.4219,1.0526
benign_37,0,1789031197.416218,7,2.3008,2.4219,1.0526
benign_37,0,1789031197.636218,7,2.3008,2.4219,1.0526
benign_37,0,1789031197.856218,7,2.3008,2.4219,1.0526
benign_37,0,1789031198.0762181,7,2.3008,2.4219,1.0526
benign_37,0,1789031198.2962182,7,2.3008,2.4219,1.0526
benign_37,0,1789031198.5162182,7,2.3008,2.4219,1.0526
benign_37,0,1789031198.7362182,7,2.3008,2.4219,1.0526
benign_37,0,1789031198.9562182,7,2.3008,2.4219,1.0526
benign_37,0,1789031199.1762183,7,2.3008,2.4219,1.0526
benign_37,0,1789031199.3962183,7,2.3008,2.4219,1.0526
benign_37,0,1789031199.6162183,7,2.3008,2.4219,1.0526
benign_37,0,1789031199.8362184,7,2.3008,2.4219,1.0526
benign_37,0,1789031200.0562184,8,2.5284,2.3105,0.9138
benign_37,0,1789031200.2762184,8,2.5284,2.3105,0.9138
benign_37,0,1789031200.4962184,8,2.5284,2.3105,0.9138
benign_37,0,1789031200.7162185,8,2.5284,2.3105,0.9138
benign_37,0,1789031200.9362185,8,2.5284,2.3105,0.9138
benign_37,0,1789031201.1562185,8,2.5284,2.3105,0.9138
benign_37,0,1789031201.3762186,8,2.5284,2.3105,0.9138
benign_37,0,1789031201.5962186,8,2.5284,2.3105,0.9138
benign_37,0,1789031201.8162186,8,2.5284,2.3105,0.9138
benign_37,0,1789031202.0362186,8,2.5284,2.3105,0.9138
benign_37,0,1789031202.2562187,8,2.5284,2.3105,0.9138
benign_37,0,1789031202.4762187,8,2.5284,2.3105,0.9138
benign_37,0,1789031202.6962187,8,2.5284,2.3105,0.9138
benign_37,0,1789031202.9162188,8,2.5284,2.3105,0.9138
benign_37,0,1789031203.1362188,8,2.5284,2.3105,0.9138
benign_37,0,1789031203.3562188,8,2.5284,2.3105,0.9138
benign_37,0,1789031203.5762188,8,2.5284,2.3105,0.9138
benign_37,0,1789031203.7962189,8,2.5284,2.3105,0.9138
benign_37,0,1789031204.016219,8,2.5284,2.3105,0.9138
benign_37,0,1789031204.236219,8,2.5284,2.3105,0.9138
benign_37,0,1789031204.456219,8,2.5284,2.3105,0.9138
benign_37,0,1789031204.676219,8,2.5284,2.3105,0.9138
benign_37,0,1789031204.896219,8,2.5284,2.3105,0.9138
benign_37,0,1789031205.116219,8,2.5284,2.3105,0.9138
benign_37,0,1789031205.336219,8,2.5284,2.3105,0.9138
benign_37,0,1789031205.556219,8,2.5284,2.3105,0.9138
benign_37,0,1789031205.7762191,8,2.5284,2.3105,0.9138
benign_37,0,1789031205.9962192,8,2.5284,2.3105,0.9138
benign_37,0,1789031206.2162192,8,2.5284,2.3105,0.9138
benign_37,0,1789031206.4362192,8,2.5284,2.3105,0.9138
benign_37,0,1789031206.6562192,8,2.5284,2.3105,0.9138
benign_37,0,1789031206.8762193,8,2.5284,2.3105,0.9138
benign_37,0,1789031207.0962193,8,2.5284,2.3105,0.9138
benign_37,0,1789031207.3162193,8,2.5284,2.3105,0.9138
benign_37,0,1789031207.5362194,8,2.5284,2.3105,0.9138
benign_37,0,1789031207.7562194,8,2.5284,2.3105,0.9138
benign_37,0,1789031207.9762194,8,2.5284,2.3105,0.9138
benign_37,0,1789031208.1962194,8,2.5284,2.3105,0.9138
benign_37,0,1789031208.4162195,8,2.5284,2.3105,0.9138
benign_37,0,1789031208.6362195,8,2.5284,2.3105,0.9138
benign_37,0,1789031208.8562195,8,2.5284,2.3105,0.9138
benign_37,0,1789031209.0762196,8,2.5284,2.3105,0.9138
benign_37,0,1789031209.2962196,8,2.5284,2.3105,0.9138
benign_37,0,1789031209.5162196,8,2.5284,2.3105,0.9138
benign_37,0,1789031209.7362196,8,2.5284,2.3105,0.9138
benign_37,0,1789031209.9562197,8,2.5284,2.3105,0.9138
benign_37,0,1789031210.1762197,8,2.5284,2.3105,0.9138
benign_37,0,1789031210.3962197,8,2.5284,2.3105,0.9138
benign_37,0,1789031210.6162198,8,2.5284,2.3105,0.9138
benign_37,0,1789031210.8362198,8,2.5284,2.3105,0.9138
benign_37,0,1789031211.0562198,8,2.5284,2.3105,0.9138
benign_37,0,1789031211.2762198,8,2.5284,2.3105,0.9138
benign_37,0,1789031211.4962199,8,2.5284,2.3105,0.9138
benign_37,0,1789031211.71622,8,2.5284,2.3105,0.9138
benign_37,0,1789031211.93622,8,2.5284,2.3105,0.9138
benign_37,0,1789031212.15622,8,2.5284,2.3105,0.9138
benign_37,0,1789031212.37622,8,2.5284,2.3105,0.9138
benign_37,0,1789031212.59622,8,2.5284,2.3105,0.9138
benign_37,0,1789031212.81622,8,2.5284,2.3105,0.9138
benign_37,0,1789031213.03622,8,2.5284,2.3105,0.9138
benign_37,0,1789031213.25622,8,2.5284,2.3105,0.9138
benign_37,0,1789031213.4762201,8,2.5284,2.3105,0.9138
c2_37,1,1789031229.2690315,3,5.1162,0.1371,0.0268
c2_37,1,1789031229.4890316,3,5.1162,0.1371,0.0268
c2_37,1,1789031229.7090316,3,5.1162,0.1371,0.0268
c2_37,1,1789031229.9290316,3,5.1162,0.1371,0.0268
c2_37,1,1789031230.1490316,3,5.1162,0.1371,0.0268
c2_37,1,1789031230.3690317,3,5.1162,0.1371,0.0268
c2_37,1,1789031230.5890317,3,5.1162,0.1371,0.0268
c2_37,1,1789031230.8090317,3,5.1162,0.1371,0.0268
c2_37,1,1789031231.0290318,3,5.1162,0.1371,0.0268
c2_37,1,1789031231.2490318,3,5.1162,0.1371,0.0268
c2_37,1,1789031231.4690318,3,5.1162,0.1371,0.0268
c2_37,1,1789031231.6890318,3,5.1162,0.1371,0.0268
c2_37,1,1789031231.9090319,3,5.1162,0.1371,0.0268
c2_37,1,1789031232.129032,3,5.1162,0.1371,0.0268
c2_37,1,1789031232.349032,3,5.1162,0.1371,0.0268
c2_37,1,1789031232.569032,3,5.1162,0.1371,0.0268
c2_37,1,1789031232.789032,3,5.1162,0.1371,0.0268
c2_37,1,1789031233.009032,3,5.1162,0.1371,0.0268
c2_37,1,1789031233.229032,3,5.1162,0.1371,0.0268
c2_37,1,1789031233.449032,4,4.846,0.3982,0.0822
c2_37,1,1789031233.669032,4,4.846,0.3982,0.0822
c2_37,1,1789031233.8890321,4,4.846,0.3982,0.0822
c2_37,1,1789031234.1090322,4,4.846,0.3982,0.0822
c2_37,1,1789031234.3290322,4,4.846,0.3982,0.0822
c2_37,1,1789031234.5490322,4,4.846,0.3982,0.0822
c2_37,1,1789031234.7690322,4,4.846,0.3982,0.0822
c2_37,1,1789031234.9890323,4,4.846,0.3982,0.0822
c2_37,1,1789031235.2090323,4,4.846,0.3982,0.0822
c2_37,1,1789031235.4290323,4,4.846,0.3982,0.0822
c2_37,1,1789031235.6490324,4,4.846,0.3982,0.0822
c2_37,1,1789031235.8690324,4,4.846,0.3982,0.0822
c2_37,1,1789031236.0890324,4,4.846,0.3982,0.0822
c2_37,1,1789031236.3090324,4,4.846,0.3982,0.0822
c2_37,1,1789031236.5290325,4,4.846,0.3982,0.0822
c2_37,1,1789031236.7490325,4,4.846,0.3982,0.0822
c2_37,1,1789031236.9690325,4,4.846,0.3982,0.0822
c2_37,1,1789031237.1890326,4,4.846,0.3982,0.0822
c2_37,1,1789031237.4090326,4,4.846,0.3982,0.0822
c2_37,1,1789031237.6290326,4,4.846,0.3982,0.0822
c2_37,1,1789031237.8490326,4,4.846,0.3982,0.0822
c2_37,1,1789031238.0690327,4,4.846,0.3982,0.0822
c2_37,1,1789031238.2890327,4,4.846,0.3982,0.0822
c2_37,1,1789031238.5090327,4,4.846,0.3982,0.0822
c2_37,1,1789031238.7290328,4,4.846,0.3982,0.0822
c2_37,1,1789031238.9490328,5,4.9899,0.4256,0.0853
c2_37,1,1789031239.1690328,5,4.9899,0.4256,0.0853
c2_37,1,1789031239.3890328,5,4.9899,0.4256,0.0853
c2_37,1,1789031239.6090329,5,4.9899,0.4256,0.0853
c2_37,1,1789031239.829033,5,4.9899,0.4256,0.0853
c2_37,1,1789031240.049033,5,4.9899,0.4256,0.0853
c2_37,1,1789031240.269033,5,4.9899,0.4256,0.0853
c2_37,1,1789031240.489033,5,4.9899,0.4256,0.0853
c2_37,1,1789031240.709033,5,4.9899,0.4256,0.0853
c2_37,1,1789031240.929033,5,4.9899,0.4256,0.0853
c2_37,1,1789031241.149033,5,4.9899,0.4256,0.0853
c2_37,1,1789031241.369033,5,4.9899,0.4256,0.0853
c2_37,1,1789031241.5890331,5,4.9899,0.4256,0.0853
c2_37,1,1789031241.8090332,5,4.9899,0.4256,0.0853
c2_37,1,1789031242.0290332,5,4.9899,0.4256,0.0853
c2_37,1,1789031242.2490332,5,4.9899,0.4256,0.0853
c2_37,1,1789031242.4690332,5,4.9899,0.4256,0.0853
c2_37,1,1789031242.6890333,5,4.9899,0.4256,0.0853
c2_37,1,1789031242.9090333,5,4.9899,0.4256,0.0853
c2_37,1,1789031243.1290333,5,4.9899,0.4256,0.0853
c2_37,1,1789031243.3490334,6,4.9005,0.4206,0.0858
c2_37,1,1789031243.5690334,6,4.9005,0.4206,0.0858
c2_37,1,1789031243.7890334,6,4.9005,0.4206,0.0858
c2_37,1,1789031244.0090334,6,4.9005,0.4206,0.0858
c2_37,1,1789031244.2290335,6,4.9005,0.4206,0.0858
c2_37,1,1789031244.4490335,6,4.9005,0.4206,0.0858
c2_37,1,1789031244.6690335,6,4.9005,0.4206,0.0858
c2_37,1,1789031244.8890336,6,4.9005,0.4206,0.0858
c2_37,1,1789031245.1090336,6,4.9005,0.4206,0.0858
c2_37,1,1789031245.3290336,6,4.9005,0.4206,0.0858
c2_37,1,1789031245.5490336,6,4.9005,0.4206,0.0858
c2_37,1,1789031245.7690337,6,4.9005,0.4206,0.0858
c2_37,1,1789031245.9890337,6,4.9005,0.4206,0.0858
c2_37,1,1789031246.2090337,6,4.9005,0.4206,0.0858
c2_37,1,1789031246.4290338,6,4.9005,0.4206,0.0858
c2_37,1,1789031246.6490338,6,4.9005,0.4206,0.0858
c2_37,1,1789031246.8690338,6,4.9005,0.4206,0.0858
c2_37,1,1789031247.0890338,6,4.9005,0.4206,0.0858
c2_37,1,1789031247.3090339,6,4.9005,0.4206,0.0858
c2_37,1,1789031247.529034,6,4.9005,0.4206,0.0858
c2_37,1,1789031247.749034,6,4.9005,0.4206,0.0858
c2_37,1,1789031247.969034,7,4.8407,0.4065,0.084
c2_37,1,1789031248.189034,7,4.8407,0.4065,0.084
c2_37,1,1789031248.409034,7,4.8407,0.4065,0.084
c2_37,1,1789031248.629034,7,4.8407,0.4065,0.084
c2_37,1,1789031248.849034,7,4.8407,0.4065,0.084
c2_37,1,1789031249.069034,7,4.8407,0.4065,0.084
c2_37,1,1789031249.2890341,7,4.8407,0.4065,0.084
c2_37,1,1789031249.5090342,7,4.8407,0.4065,0.084
c2_37,1,1789031249.7290342,7,4.8407,0.4065,0.084
c2_37,1,1789031249.9490342,7,4.8407,0.4065,0.084
c2_37,1,1789031250.1690342,7,4.8407,0.4065,0.084
c2_37,1,1789031250.3890343,7,4.8407,0.4065,0.084
c2_37,1,1789031250.6090343,7,4.8407,0.4065,0.084
c2_37,1,1789031250.8290343,7,4.8407,0.4065,0.084
c2_37,1,1789031251.0490344,7,4.8407,0.4065,0.084
c2_37,1,1789031251.2690344,7,4.8407,0.4065,0.084
c2_37,1,1789031251.4890344,7,4.8407,0.4065,0.084
c2_37,1,1789031251.7090344,7,4.8407,0.4065,0.084
c2_37,1,1789031251.9290345,7,4.8407,0.4065,0.084
c2_37,1,1789031252.1490345,7,4.8407,0.4065,0.084
c2_37,1,1789031252.3690345,7,4.8407,0.4065,0.084
c2_37,1,1789031252.5890346,8,4.7906,0.3959,0.0826
c2_37,1,1789031252.8090346,8,4.7906,0.3959,0.0826
c2_37,1,1789031253.0290346,8,4.7906,0.3959,0.0826
c2_37,1,1789031253.2490346,8,4.7906,0.3959,0.0826
c2_37,1,1789031253.4690347,8,4.7906,0.3959,0.0826
c2_37,1,1789031253.6890347,8,4.7906,0.3959,0.0826
c2_37,1,1789031253.9090347,8,4.7906,0.3959,0.0826
c2_37,1,1789031254.1290348,8,4.7906,0.3959,0.0826
c2_37,1,1789031254.3490348,8,4.7906,0.3959,0.0826
c2_37,1,1789031254.5690348,8,4.7906,0.3959,0.0826
c2_37,1,1789031254.7890348,8,4.7906,0.3959,0.0826
c2_37,1,1789031255.0090349,8,4.7906,0.3959,0.0826
c2_37,1,1789031255.229035,8,4.7906,0.3959,0.0826
c2_37,1,1789031255.449035,8,4.7906,0.3959,0.0826
c2_37,1,1789031255.669035,8,4.7906,0.3959,0.0826
c2_37,1,1789031255.889035,8,4.7906,0.3959,0.0826
c2_37,1,1789031256.109035,8,4.7906,0.3959,0.0826
c2_37,1,1789031256.329035,8,4.7906,0.3959,0.0826
c2_37,1,1789031256.549035,8,4.7906,0.3959,0.0826
c2_37,1,1789031256.769035,8,4.7906,0.3959,0.0826
c2_37,1,1789031256.9890351,8,4.7906,0.3959,0.0826
c2_37,1,1789031257.2090352,9,4.7829,0.3709,0.0775
c2_37,1,1789031257.4290352,9,4.7829,0.3709,0.0775
c2_37,1,1789031257.6490352,9,4.7829,0.3709,0.0775
c2_37,1,1789031257.8690352,9,4.7829,0.3709,0.0775
c2_37,1,1789031258.0890353,9,4.7829,0.3709,0.0775
c2_37,1,1789031258.3090353,9,4.7829,0.3709,0.0775
c2_37,1,1789031258.5290353,9,4.7829,0.3709,0.0775
c2_37,1,1789031258.7490354,9,4.7829,0.3709,0.0775
c2_37,1,1789031258.9690354,9,4.7829,0.3709,0.0775
c2_37,1,1789031259.1890354,9,4.7829,0.3709,0.0775
c2_37,1,1789031259.4090354,9,4.7829,0.3709,0.0775
c2_37,1,1789031259.6290355,9,4.7829,0.3709,0.0775
c2_37,1,1789031259.8490355,9,4.7829,0.3709,0.0775
c2_37,1,1789031260.0690355,9,4.7829,0.3709,0.0775
c2_37,1,1789031260.2890356,9,4.7829,0.3709,0.0775
c2_37,1,1789031260.5090356,9,4.7829,0.3709,0.0775
c2_37,1,1789031260.7290356,9,4.7829,0.3709,0.0775
c2_37,1,1789031260.9490356,9,4.7829,0.3709,0.0775
c2_37,1,1789031261.1690357,9,4.7829,0.3709,0.0775
c2_37,1,1789031261.3890357,9,4.7829,0.3709,0.0775
c2_37,1,1789031261.6090357,9,4.7829,0.3709,0.0775
c2_37,1,1789031261.8290358,9,4.7829,0.3709,0.0775
c2_37,1,1789031262.0490358,10,4.7955,0.3515,0.0733
c2_37,1,1789031262.2690358,10,4.7955,0.3515,0.0733
c2_37,1,1789031262.4890358,10,4.7955,0.3515,0.0733
c2_37,1,1789031262.7090359,10,4.7955,0.3515,0.0733
c2_37,1,1789031262.929036,10,4.7955,0.3515,0.0733
c2_37,1,1789031263.149036,10,4.7955,0.3515,0.0733
c2_37,1,1789031263.369036,10,4.7955,0.3515,0.0733
c2_37,1,1789031263.589036,10,4.7955,0.3515,0.0733
c2_37,1,1789031263.809036,10,4.7955,0.3515,0.0733
c2_37,1,1789031264.029036,10,4.7955,0.3515,0.0733
c2_37,1,1789031264.249036,10,4.7955,0.3515,0.0733
c2_37,1,1789031264.469036,10,4.7955,0.3515,0.0733
c2_37,1,1789031264.6890361,10,4.7955,0.3515,0.0733
c2_37,1,1789031264.9090362,10,4.7955,0.3515,0.0733
c2_37,1,1789031265.1290362,10,4.7955,0.3515,0.0733
c2_37,1,1789031265.3490362,10,4.7955,0.3515,0.0733
c2_37,1,1789031265.5690362,10,4.7955,0.3515,0.0733
c2_37,1,1789031265.7890363,10,4.7955,0.3515,0.0733
c2_37,1,1789031266.0090363,10,4.7955,0.3515,0.0733
c2_37,1,1789031266.2290363,10,4.7955,0.3515,0.0733
c2_37,1,1789031266.4490364,11,4.7526,0.3574,0.0752
c2_37,1,1789031266.6690364,11,4.7526,0.3574,0.0752
c2_37,1,1789031266.8890364,11,4.7526,0.3574,0.0752
c2_37,1,1789031267.1090364,11,4.7526,0.3574,0.0752
c2_37,1,1789031267.3290365,11,4.7526,0.3574,0.0752
c2_37,1,1789031267.5490365,11,4.7526,0.3574,0.0752
c2_37,1,1789031267.7690365,11,4.7526,0.3574,0.0752
c2_37,1,1789031267.9890366,11,4.7526,0.3574,0.0752
c2_37,1,1789031268.2090366,11,4.7526,0.3574,0.0752
c2_37,1,1789031268.4290366,11,4.7526,0.3574,0.0752
c2_37,1,1789031268.6490366,11,4.7526,0.3574,0.0752
c2_37,1,1789031268.8690367,11,4.7526,0.3574,0.0752
c2_37,1,1789031269.0890367,11,4.7526,0.3574,0.0752
c2_37,1,1789031269.3090367,11,4.7526,0.3574,0.0752
c2_37,1,1789031269.5290368,11,4.7526,0.3574,0.0752
c2_37,1,1789031269.7490368,11,4.7526,0.3574,0.0752
c2_37,1,1789031269.9690368,11,4.7526,0.3574,0.0752
benign_38,0,1789031283.616049,3,2.4542,1.7718,0.7219
benign_38,0,1789031283.836049,3,2.4542,1.7718,0.7219
benign_38,0,1789031284.056049,3,2.4542,1.7718,0.7219
benign_38,0,1789031284.2760491,4,1.858,1.6745,0.9012
benign_38,0,1789031284.4960492,4,1.858,1.6745,0.9012
benign_38,0,1789031284.7160492,4,1.858,1.6745,0.9012
benign_38,0,1789031284.9360492,4,1.858,1.6745,0.9012
benign_38,0,1789031285.1560493,4,1.858,1.6745,0.9012
benign_38,0,1789031285.3760493,4,1.858,1.6745,0.9012
benign_38,0,1789031285.5960493,4,1.858,1.6745,0.9012
benign_38,0,1789031285.8160493,5,1.8071,1.4528,0.8039
benign_38,0,1789031286.0360494,5,1.8071,1.4528,0.8039
benign_38,0,1789031286.2560494,5,1.8071,1.4528,0.8039
benign_38,0,1789031286.4760494,5,1.8071,1.4528,0.8039
benign_38,0,1789031286.6960495,5,1.8071,1.4528,0.8039
benign_38,0,1789031286.9160495,5,1.8071,1.4528,0.8039
benign_38,0,1789031287.1360495,5,1.8071,1.4528,0.8039
benign_38,0,1789031287.3560495,5,1.8071,1.4528,0.8039
benign_38,0,1789031287.5760496,5,1.8071,1.4528,0.8039
benign_38,0,1789031287.7960496,5,1.8071,1.4528,0.8039
benign_38,0,1789031288.0160496,5,1.8071,1.4528,0.8039
benign_38,0,1789031288.2360497,5,1.8071,1.4528,0.8039
benign_38,0,1789031288.4560497,5,1.8071,1.4528,0.8039
benign_38,0,1789031288.6760497,5,1.8071,1.4528,0.8039
benign_38,0,1789031288.8960497,5,1.8071,1.4528,0.8039
benign_38,0,1789031289.1160498,5,1.8071,1.4528,0.8039
benign_38,0,1789031289.3360498,5,1.8071,1.4528,0.8039
benign_38,0,1789031289.5560498,5,1.8071,1.4528,0.8039
benign_38,0,1789031289.7760499,5,1.8071,1.4528,0.8039
benign_38,0,1789031289.99605,5,1.8071,1.4528,0.8039
benign_38,0,1789031290.21605,5,1.8071,1.4528,0.8039
benign_38,0,1789031290.43605,5,1.8071,1.4528,0.8039
benign_38,0,1789031290.65605,5,1.8071,1.4528,0.8039
benign_38,0,1789031290.87605,5,1.8071,1.4528,0.8039
benign_38,0,1789031291.09605,5,1.8071,1.4528,0.8039
benign_38,0,1789031291.31605,5,1.8071,1.4528,0.8039
benign_38,0,1789031291.53605,5,1.8071,1.4528,0.8039
benign_38,0,1789031291.75605,5,1.8071,1.4528,0.8039
benign_38,0,1789031291.9760501,5,1.8071,1.4528,0.8039
benign_38,0,1789031292.1960502,5,1.8071,1.4528,0.8039
benign_38,0,1789031292.4160502,5,1.8071,1.4528,0.8039
benign_38,0,1789031292.6360502,5,1.8071,1.4528,0.8039
benign_38,0,1789031292.8560503,5,1.8071,1.4528,0.8039
benign_38,0,1789031293.0760503,5,1.8071,1.4528,0.8039
benign_38,0,1789031293.2960503,5,1.8071,1.4528,0.8039
benign_38,0,1789031293.5160503,5,1.8071,1.4528,0.8039
benign_38,0,1789031293.7360504,5,1.8071,1.4528,0.8039
benign_38,0,1789031293.9560504,5,1.8071,1.4528,0.8039
benign_38,0,1789031294.1760504,5,1.8071,1.4528,0.8039
benign_38,0,1789031294.3960505,5,1.8071,1.4528,0.8039
benign_38,0,1789031294.6160505,5,1.8071,1.4528,0.8039
benign_38,0,1789031294.8360505,5,1.8071,1.4528,0.8039
benign_38,0,1789031295.0560505,5,1.8071,1.4528,0.8039
benign_38,0,1789031295.2760506,5,1.8071,1.4528,0.8039
benign_38,0,1789031295.4960506,5,1.8071,1.4528,0.8039
benign_38,0,1789031295.7160506,5,1.8071,1.4528,0.8039
benign_38,0,1789031295.9360507,5,1.8071,1.4528,0.8039
benign_38,0,1789031296.1560507,5,1.8071,1.4528,0.8039
benign_38,0,1789031296.3760507,5,1.8071,1.4528,0.8039
benign_38,0,1789031296.5960507,5,1.8071,1.4528,0.8039
benign_38,0,1789031296.8160508,5,1.8071,1.4528,0.8039
benign_38,0,1789031297.0360508,5,1.8071,1.4528,0.8039
benign_38,0,1789031297.2560508,5,1.8071,1.4528,0.8039
benign_38,0,1789031297.4760509,5,1.8071,1.4528,0.8039
benign_38,0,1789031297.696051,5,1.8071,1.4528,0.8039
benign_38,0,1789031297.916051,5,1.8071,1.4528,0.8039
benign_38,0,1789031298.136051,5,1.8071,1.4528,0.8039
benign_38,0,1789031298.356051,5,1.8071,1.4528,0.8039
benign_38,0,1789031298.576051,5,1.8071,1.4528,0.8039
benign_38,0,1789031298.796051,5,1.8071,1.4528,0.8039
benign_38,0,1789031299.016051,5,1.8071,1.4528,0.8039
benign_38,0,1789031299.236051,5,1.8071,1.4528,0.8039
benign_38,0,1789031299.456051,5,1.8071,1.4528,0.8039
benign_38,0,1789031299.6760511,5,1.8071,1.4528,0.8039
benign_38,0,1789031299.8960512,5,1.8071,1.4528,0.8039
benign_38,0,1789031300.1160512,5,1.8071,1.4528,0.8039
benign_38,0,1789031300.3360512,5,1.8071,1.4528,0.8039
benign_38,0,1789031300.5560513,5,1.8071,1.4528,0.8039
benign_38,0,1789031300.7760513,5,1.8071,1.4528,0.8039
benign_38,0,1789031300.9960513,5,1.8071,1.4528,0.8039
benign_38,0,1789031301.2160513,5,1.8071,1.4528,0.8039
benign_38,0,1789031301.4360514,5,1.8071,1.4528,0.8039
benign_38,0,1789031301.6560514,5,1.8071,1.4528,0.8039
benign_38,0,1789031301.8760514,5,1.8071,1.4528,0.8039
benign_38,0,1789031302.0960515,5,1.8071,1.4528,0.8039
benign_38,0,1789031302.3160515,5,1.8071,1.4528,0.8039
benign_38,0,1789031302.5360515,5,1.8071,1.4528,0.8039
benign_38,0,1789031302.7560515,5,1.8071,1.4528,0.8039
benign_38,0,1789031302.9760516,5,1.8071,1.4528,0.8039
benign_38,0,1789031303.1960516,5,1.8071,1.4528,0.8039
benign_38,0,1789031303.4160516,5,1.8071,1.4528,0.8039
benign_38,0,1789031303.6360517,5,1.8071,1.4528,0.8039
benign_38,0,1789031303.8560517,5,1.8071,1.4528,0.8039
benign_38,0,1789031304.0760517,5,1.8071,1.4528,0.8039
benign_38,0,1789031304.2960517,5,1.8071,1.4528,0.8039
benign_38,0,1789031304.5160518,5,1.8071,1.4528,0.8039
benign_38,0,1789031304.7360518,5,1.8071,1.4528,0.8039
benign_38,0,1789031304.9560518,5,1.8071,1.4528,0.8039
benign_38,0,1789031305.1760519,5,1.8071,1.4528,0.8039
benign_38,0,1789031305.396052,5,1.8071,1.4528,0.8039
benign_38,0,1789031305.616052,5,1.8071,1.4528,0.8039
benign_38,0,1789031305.836052,5,1.8071,1.4528,0.8039
benign_38,0,1789031306.056052,5,1.8071,1.4528,0.8039
benign_38,0,1789031306.276052,5,1.8071,1.4528,0.8039
benign_38,0,1789031306.496052,5,1.8071,1.4528,0.8039
benign_38,0,1789031306.716052,5,1.8071,1.4528,0.8039
benign_38,0,1789031306.936052,5,1.8071,1.4528,0.8039
benign_38,0,1789031307.156052,5,1.8071,1.4528,0.8039
benign_38,0,1789031307.3760521,5,1.8071,1.4528,0.8039
benign_38,0,1789031307.5960522,5,1.8071,1.4528,0.8039
benign_38,0,1789031307.8160522,5,1.8071,1.4528,0.8039
benign_38,0,1789031308.0360522,5,1.8071,1.4528,0.8039
c2_38,1,1789031320.9955323,3,4.0762,0.046,0.0113
c2_38,1,1789031321.2155323,3,4.0762,0.046,0.0113
c2_38,1,1789031321.4355323,3,4.0762,0.046,0.0113
c2_38,1,1789031321.6555324,3,4.0762,0.046,0.0113
c2_38,1,1789031321.8755324,3,4.0762,0.046,0.0113
c2_38,1,1789031322.0955324,3,4.0762,0.046,0.0113
c2_38,1,1789031322.3155324,3,4.0762,0.046,0.0113
c2_38,1,1789031322.5355325,3,4.0762,0.046,0.0113
c2_38,1,1789031322.7555325,3,4.0762,0.046,0.0113
c2_38,1,1789031322.9755325,3,4.0762,0.046,0.0113
c2_38,1,1789031323.1955326,3,4.0762,0.046,0.0113
c2_38,1,1789031323.4155326,3,4.0762,0.046,0.0113
c2_38,1,1789031323.6355326,3,4.0762,0.046,0.0113
c2_38,1,1789031323.8555326,3,4.0762,0.046,0.0113
c2_38,1,1789031324.0755327,3,4.0762,0.046,0.0113
c2_38,1,1789031324.2955327,3,4.0762,0.046,0.0113
c2_38,1,1789031324.5155327,3,4.0762,0.046,0.0113
c2_38,1,1789031324.7355328,3,4.0762,0.046,0.0113
c2_38,1,1789031324.9555328,3,4.0762,0.046,0.0113
c2_38,1,1789031325.1755328,3,4.0762,0.046,0.0113
c2_38,1,1789031325.3955328,3,4.0762,0.046,0.0113
c2_38,1,1789031325.6155329,4,4.2363,0.2295,0.0542
c2_38,1,1789031325.835533,4,4.2363,0.2295,0.0542
c2_38,1,1789031326.055533,4,4.2363,0.2295,0.0542
c2_38,1,1789031326.275533,4,4.2363,0.2295,0.0542
c2_38,1,1789031326.495533,4,4.2363,0.2295,0.0542
c2_38,1,1789031326.715533,4,4.2363,0.2295,0.0542
c2_38,1,1789031326.935533,4,4.2363,0.2295,0.0542
c2_38,1,1789031327.155533,4,4.2363,0.2295,0.0542
c2_38,1,1789031327.375533,4,4.2363,0.2295,0.0542
c2_38,1,1789031327.5955331,4,4.2363,0.2295,0.0542
c2_38,1,1789031327.8155332,4,4.2363,0.2295,0.0542
c2_38,1,1789031328.0355332,4,4.2363,0.2295,0.0542
c2_38,1,1789031328.2555332,4,4.2363,0.2295,0.0542
c2_38,1,1789031328.4755332,4,4.2363,0.2295,0.0542
c2_38,1,1789031328.6955333,4,4.2363,0.2295,0.0542
c2_38,1,1789031328.9155333,4,4.2363,0.2295,0.0542
c2_38,1,1789031329.1355333,4,4.2363,0.2295,0.0542
c2_38,1,1789031329.3555334,4,4.2363,0.2295,0.0542
c2_38,1,1789031329.5755334,5,4.1853,0.2174,0.052
c2_38,1,1789031329.7955334,5,4.1853,0.2174,0.052
c2_38,1,1789031330.0155334,5,4.1853,0.2174,0.052
c2_38,1,1789031330.2355335,5,4.1853,0.2174,0.052
c2_38,1,1789031330.4555335,5,4.1853,0.2174,0.052
c2_38,1,1789031330.6755335,5,4.1853,0.2174,0.052
c2_38,1,1789031330.8955336,5,4.1853,0.2174,0.052
c2_38,1,1789031331.1155336,5,4.1853,0.2174,0.052
c2_38,1,1789031331.3355336,5,4.1853,0.2174,0.052
c2_38,1,1789031331.5555336,5,4.1853,0.2174,0.052
c2_38,1,1789031331.7755337,5,4.1853,0.2174,0.052
c2_38,1,1789031331.9955337,5,4.1853,0.2174,0.052
c2_38,1,1789031332.2155337,5,4.1853,0.2174,0.052
c2_38,1,1789031332.4355338,5,4.1853,0.2174,0.052
c2_38,1,1789031332.6555338,5,4.1853,0.2174,0.052
c2_38,1,1789031332.8755338,5,4.1853,0.2174,0.052
c2_38,1,1789031333.0955338,5,4.1853,0.2174,0.052
c2_38,1,1789031333.3155339,6,4.119,0.2355,0.0572
c2_38,1,1789031333.535534,6,4.119,0.2355,0.0572
c2_38,1,1789031333.755534,6,4.119,0.2355,0.0572
c2_38,1,1789031333.975534,6,4.119,0.2355,0.0572
c2_38,1,1789031334.195534,6,4.119,0.2355,0.0572
c2_38,1,1789031334.415534,6,4.119,0.2355,0.0572
c2_38,1,1789031334.635534,6,4.119,0.2355,0.0572
c2_38,1,1789031334.855534,6,4.119,0.2355,0.0572
c2_38,1,1789031335.075534,6,4.119,0.2355,0.0572
c2_38,1,1789031335.2955341,6,4.119,0.2355,0.0572
c2_38,1,1789031335.5155342,6,4.119,0.2355,0.0572
c2_38,1,1789031335.7355342,6,4.119,0.2355,0.0572
c2_38,1,1789031335.9555342,6,4.119,0.2355,0.0572
c2_38,1,1789031336.1755342,6,4.119,0.2355,0.0572
c2_38,1,1789031336.3955343,6,4.119,0.2355,0.0572
c2_38,1,1789031336.6155343,6,4.119,0.2355,0.0572
c2_38,1,1789031336.8355343,6,4.119,0.2355,0.0572
c2_38,1,1789031337.0555344,7,4.0435,0.2733,0.0676
c2_38,1,1789031337.2755344,7,4.0435,0.2733,0.0676
c2_38,1,1789031337.4955344,7,4.0435,0.2733,0.0676
c2_38,1,1789031337.7155344,7,4.0435,0.2733,0.0676
c2_38,1,1789031337.9355345,7,4.0435,0.2733,0.0676
c2_38,1,1789031338.1555345,7,4.0435,0.2733,0.0676
c2_38,1,1789031338.3755345,7,4.0435,0.2733,0.0676
c2_38,1,1789031338.5955346,7,4.0435,0.2733,0.0676
c2_38,1,1789031338.8155346,7,4.0435,0.2733,0.0676
c2_38,1,1789031339.0355346,7,4.0435,0.2733,0.0676
c2_38,1,1789031339.2555346,7,4.0435,0.2733,0.0676
c2_38,1,1789031339.4755347,7,4.0435,0.2733,0.0676
c2_38,1,1789031339.6955347,7,4.0435,0.2733,0.0676
c2_38,1,1789031339.9155347,7,4.0435,0.2733,0.0676
c2_38,1,1789031340.1355348,7,4.0435,0.2733,0.0676
c2_38,1,1789031340.3555348,7,4.0435,0.2733,0.0676
c2_38,1,1789031340.5755348,7,4.0435,0.2733,0.0676
c2_38,1,1789031340.7955348,7,4.0435,0.2733,0.0676
c2_38,1,1789031341.0155349,7,4.0435,0.2733,0.0676
c2_38,1,1789031341.235535,8,4.0537,0.2543,0.0627
c2_38,1,1789031341.455535,8,4.0537,0.2543,0.0627
c2_38,1,1789031341.675535,8,4.0537,0.2543,0.0627
c2_38,1,1789031341.895535,8,4.0537,0.2543,0.0627
c2_38,1,1789031342.115535,8,4.0537,0.2543,0.0627
c2_38,1,1789031342.335535,8,4.0537,0.2543,0.0627
c2_38,1,1789031342.555535,8,4.0537,0.2543,0.0627
c2_38,1,1789031342.775535,8,4.0537,0.2543,0.0627
c2_38,1,1789031342.9955351,8,4.0537,0.2543,0.0627
c2_38,1,1789031343.2155352,8,4.0537,0.2543,0.0627
c2_38,1,1789031343.4355352,8,4.0537,0.2543,0.0627
c2_38,1,1789031343.6555352,8,4.0537,0.2543,0.0627
c2_38,1,1789031343.8755352,8,4.0537,0.2543,0.0627
c2_38,1,1789031344.0955353,8,4.0537,0.2543,0.0627
c2_38,1,1789031344.3155353,8,4.0537,0.2543,0.0627
c2_38,1,1789031344.5355353,8,4.0537,0.2543,0.0627
c2_38,1,1789031344.7555354,8,4.0537,0.2543,0.0627
c2_38,1,1789031344.9755354,8,4.0537,0.2543,0.0627
c2_38,1,1789031345.1955354,8,4.0537,0.2543,0.0627
c2_38,1,1789031345.4155354,9,4.0859,0.2527,0.0618
c2_38,1,1789031345.6355355,9,4.0859,0.2527,0.0618
c2_38,1,1789031345.8555355,9,4.0859,0.2527,0.0618
c2_38,1,1789031346.0755355,9,4.0859,0.2527,0.0618
c2_38,1,1789031346.2955356,9,4.0859,0.2527,0.0618
c2_38,1,1789031346.5155356,9,4.0859,0.2527,0.0618
c2_38,1,1789031346.7355356,9,4.0859,0.2527,0.0618
c2_38,1,1789031346.9555357,9,4.0859,0.2527,0.0618
c2_38,1,1789031347.1755357,9,4.0859,0.2527,0.0618
c2_38,1,1789031347.3955357,9,4.0859,0.2527,0.0618
c2_38,1,1789031347.6155357,9,4.0859,0.2527,0.0618
c2_38,1,1789031347.8355358,9,4.0859,0.2527,0.0618
c2_38,1,1789031348.0555358,9,4.0859,0.2527,0.0618
c2_38,1,1789031348.2755358,9,4.0859,0.2527,0.0618
c2_38,1,1789031348.4955359,9,4.0859,0.2527,0.0618
c2_38,1,1789031348.7155359,9,4.0859,0.2527,0.0618
c2_39,1,1789031388.1318102,3,4.8818,0.4314,0.0884
c2_39,1,1789031388.3518102,3,4.8818,0.4314,0.0884
c2_39,1,1789031388.5718102,3,4.8818,0.4314,0.0884
c2_39,1,1789031388.7918103,3,4.8818,0.4314,0.0884
c2_39,1,1789031389.0118103,3,4.8818,0.4314,0.0884
c2_39,1,1789031389.2318103,3,4.8818,0.4314,0.0884
c2_39,1,1789031389.4518104,3,4.8818,0.4314,0.0884
c2_39,1,1789031389.6718104,3,4.8818,0.4314,0.0884
c2_39,1,1789031389.8918104,3,4.8818,0.4314,0.0884
c2_39,1,1789031390.1118104,3,4.8818,0.4314,0.0884
c2_39,1,1789031390.3318105,3,4.8818,0.4314,0.0884
c2_39,1,1789031390.5518105,3,4.8818,0.4314,0.0884
c2_39,1,1789031390.7718105,3,4.8818,0.4314,0.0884
c2_39,1,1789031390.9918106,3,4.8818,0.4314,0.0884
c2_39,1,1789031391.2118106,3,4.8818,0.4314,0.0884
c2_39,1,1789031391.4318106,3,4.8818,0.4314,0.0884
c2_39,1,1789031391.6518106,3,4.8818,0.4314,0.0884
c2_39,1,1789031391.8718107,3,4.8818,0.4314,0.0884
c2_39,1,1789031392.0918107,3,4.8818,0.4314,0.0884
c2_39,1,1789031392.3118107,3,4.8818,0.4314,0.0884
c2_39,1,1789031392.5318108,3,4.8818,0.4314,0.0884
c2_39,1,1789031392.7518108,3,4.8818,0.4314,0.0884
c2_39,1,1789031392.9718108,3,4.8818,0.4314,0.0884
c2_39,1,1789031393.1918108,3,4.8818,0.4314,0.0884
c2_39,1,1789031393.4118109,3,4.8818,0.4314,0.0884
c2_39,1,1789031393.631811,3,4.8818,0.4314,0.0884
c2_39,1,1789031393.851811,4,5.1796,0.549,0.106
c2_39,1,1789031394.071811,4,5.1796,0.549,0.106
c2_39,1,1789031394.291811,4,5.1796,0.549,0.106
c2_39,1,1789031394.511811,4,5.1796,0.549,0.106
c2_39,1,1789031394.731811,4,5.1796,0.549,0.106
c2_39,1,1789031394.951811,4,5.1796,0.549,0.106
c2_39,1,1789031395.171811,4,5.1796,0.549,0.106
c2_39,1,1789031395.3918111,4,5.1796,0.549,0.106
c2_39,1,1789031395.6118112,4,5.1796,0.549,0.106
c2_39,1,1789031395.8318112,4,5.1796,0.549,0.106
c2_39,1,1789031396.0518112,4,5.1796,0.549,0.106
c2_39,1,1789031396.2718112,4,5.1796,0.549,0.106
c2_39,1,1789031396.4918113,4,5.1796,0.549,0.106
c2_39,1,1789031396.7118113,4,5.1796,0.549,0.106
c2_39,1,1789031396.9318113,4,5.1796,0.549,0.106
c2_39,1,1789031397.1518114,4,5.1796,0.549,0.106
c2_39,1,1789031397.3718114,4,5.1796,0.549,0.106
c2_39,1,1789031397.5918114,4,5.1796,0.549,0.106
c2_39,1,1789031397.8118114,4,5.1796,0.549,0.106
c2_39,1,1789031398.0318115,4,5.1796,0.549,0.106
c2_39,1,1789031398.2518115,4,5.1796,0.549,0.106
c2_39,1,1789031398.4718115,4,5.1796,0.549,0.106
c2_39,1,1789031398.6918116,4,5.1796,0.549,0.106
c2_39,1,1789031398.9118116,4,5.1796,0.549,0.106
c2_39,1,1789031399.1318116,5,5.2412,0.4873,0.093
c2_39,1,1789031399.3518116,5,5.2412,0.4873,0.093
c2_39,1,1789031399.5718117,5,5.2412,0.4873,0.093
c2_39,1,1789031399.7918117,5,5.2412,0.4873,0.093
c2_39,1,1789031400.0118117,5,5.2412,0.4873,0.093
c2_39,1,1789031400.2318118,5,5.2412,0.4873,0.093
c2_39,1,1789031400.4518118,5,5.2412,0.4873,0.093
c2_39,1,1789031400.6718118,5,5.2412,0.4873,0.093
c2_39,1,1789031400.8918118,5,5.2412,0.4873,0.093
c2_39,1,1789031401.1118119,5,5.2412,0.4873,0.093
c2_39,1,1789031401.331812,5,5.2412,0.4873,0.093
c2_39,1,1789031401.551812,5,5.2412,0.4873,0.093
c2_39,1,1789031401.771812,5,5.2412,0.4873,0.093
c2_39,1,1789031401.991812,5,5.2412,0.4873,0.093
c2_39,1,1789031402.211812,5,5.2412,0.4873,0.093
c2_39,1,1789031402.431812,5,5.2412,0.4873,0.093
c2_39,1,1789031402.651812,5,5.2412,0.4873,0.093
c2_39,1,1789031402.871812,5,5.2412,0.4873,0.093
c2_39,1,1789031403.0918121,5,5.2412,0.4873,0.093
c2_39,1,1789031403.3118122,5,5.2412,0.4873,0.093
c2_39,1,1789031403.5318122,5,5.2412,0.4873,0.093
c2_39,1,1789031403.7518122,5,5.2412,0.4873,0.093
c2_39,1,1789031403.9718122,5,5.2412,0.4873,0.093
c2_39,1,1789031404.1918123,5,5.2412,0.4873,0.093
c2_39,1,1789031404.4118123,5,5.2412,0.4873,0.093
c2_39,1,1789031404.6318123,6,5.2728,0.4404,0.0835
c2_39,1,1789031404.8518124,6,5.2728,0.4404,0.0835
c2_39,1,1789031405.0718124,6,5.2728,0.4404,0.0835
c2_39,1,1789031405.2918124,6,5.2728,0.4404,0.0835
c2_39,1,1789031405.5118124,6,5.2728,0.4404,0.0835
c2_39,1,1789031405.7318125,6,5.2728,0.4404,0.0835
c2_39,1,1789031405.9518125,6,5.2728,0.4404,0.0835
c2_39,1,1789031406.1718125,6,5.2728,0.4404,0.0835
c2_39,1,1789031406.3918126,6,5.2728,0.4404,0.0835
c2_39,1,1789031406.6118126,6,5.2728,0.4404,0.0835
c2_39,1,1789031406.8318126,6,5.2728,0.4404,0.0835
c2_39,1,1789031407.0518126,6,5.2728,0.4404,0.0835
c2_39,1,1789031407.2718127,6,5.2728,0.4404,0.0835
c2_39,1,1789031407.4918127,6,5.2728,0.4404,0.0835
c2_39,1,1789031407.7118127,6,5.2728,0.4404,0.0835
c2_39,1,1789031407.9318128,6,5.2728,0.4404,0.0835
c2_39,1,1789031408.1518128,6,5.2728,0.4404,0.0835
c2_39,1,1789031408.3718128,6,5.2728,0.4404,0.0835
c2_39,1,1789031408.5918128,6,5.2728,0.4404,0.0835
c2_39,1,1789031408.8118129,6,5.2728,0.4404,0.0835
c2_39,1,1789031409.031813,6,5.2728,0.4404,0.0835
c2_39,1,1789031409.251813,6,5.2728,0.4404,0.0835
c2_39,1,1789031409.471813,6,5.2728,0.4404,0.0835
c2_39,1,1789031409.691813,6,5.2728,0.4404,0.0835
c2_39,1,1789031409.911813,6,5.2728,0.4404,0.0835
c2_39,1,1789031410.131813,6,5.2728,0.4404,0.0835
c2_39,1,1789031410.351813,7,5.3417,0.4305,0.0806
c2_39,1,1789031410.571813,7,5.3417,0.4305,0.0806
c2_39,1,1789031410.7918131,7,5.3417,0.4305,0.0806
c2_39,1,1789031411.0118132,7,5.3417,0.4305,0.0806
c2_39,1,1789031411.2318132,7,5.3417,0.4305,0.0806
c2_39,1,1789031411.4518132,7,5.3417,0.4305,0.0806
c2_39,1,1789031411.6718132,7,5.3417,0.4305,0.0806
c2_39,1,1789031411.8918133,7,5.3417,0.4305,0.0806
c2_39,1,1789031412.1118133,7,5.3417,0.4305,0.0806
c2_39,1,1789031412.3318133,7,5.3417,0.4305,0.0806
c2_39,1,1789031412.5518134,7,5.3417,0.4305,0.0806
c2_39,1,1789031412.7718134,7,5.3417,0.4305,0.0806
c2_39,1,1789031412.9918134,7,5.3417,0.4305,0.0806
c2_39,1,1789031413.2118134,7,5.3417,0.4305,0.0806
c2_39,1,1789031413.4318135,7,5.3417,0.4305,0.0806
c2_39,1,1789031413.6518135,7,5.3417,0.4305,0.0806
c2_39,1,1789031413.8718135,7,5.3417,0.4305,0.0806
c2_39,1,1789031414.0918136,7,5.3417,0.4305,0.0806
c2_39,1,1789031414.3118136,7,5.3417,0.4305,0.0806
c2_39,1,1789031414.5318136,7,5.3417,0.4305,0.0806
c2_39,1,1789031414.7518137,7,5.3417,0.4305,0.0806
c2_39,1,1789031414.9718137,7,5.3417,0.4305,0.0806
c2_39,1,1789031415.1918137,7,5.3417,0.4305,0.0806
c2_39,1,1789031415.4118137,8,5.2926,0.4164,0.0787
c2_39,1,1789031415.6318138,8,5.2926,0.4164,0.0787
c2_39,1,1789031415.8518138,8,5.2926,0.4164,0.0787
c2_39,1,1789031416.0718138,8,5.2926,0.4164,0.0787
c2_39,1,1789031416.2918139,8,5.2926,0.4164,0.0787
c2_39,1,1789031416.5118139,8,5.2926,0.4164,0.0787
c2_39,1,1789031416.731814,8,5.2926,0.4164,0.0787
c2_39,1,1789031416.951814,8,5.2926,0.4164,0.0787
c2_39,1,1789031417.171814,8,5.2926,0.4164,0.0787
c2_39,1,1789031417.391814,8,5.2926,0.4164,0.0787
c2_39,1,1789031417.611814,8,5.2926,0.4164,0.0787
c2_39,1,1789031417.831814,8,5.2926,0.4164,0.0787
c2_39,1,1789031418.051814,8,5.2926,0.4164,0.0787
c2_39,1,1789031418.271814,8,5.2926,0.4164,0.0787
c2_39,1,1789031418.4918141,8,5.2926,0.4164,0.0787
c2_39,1,1789031418.7118142,8,5.2926,0.4164,0.0787
c2_39,1,1789031418.9318142,8,5.2926,0.4164,0.0787
c2_39,1,1789031419.1518142,8,5.2926,0.4164,0.0787
c2_39,1,1789031419.3718143,8,5.2926,0.4164,0.0787
c2_39,1,1789031419.5918143,8,5.2926,0.4164,0.0787
c2_39,1,1789031419.8118143,8,5.2926,0.4164,0.0787
c2_39,1,1789031420.0318143,8,5.2926,0.4164,0.0787
c2_39,1,1789031420.2518144,9,5.2589,0.3996,0.076
c2_39,1,1789031420.4718144,9,5.2589,0.3996,0.076
c2_39,1,1789031420.6918144,9,5.2589,0.3996,0.076
c2_39,1,1789031420.9118145,9,5.2589,0.3996,0.076
c2_39,1,1789031421.1318145,9,5.2589,0.3996,0.076
c2_39,1,1789031421.3518145,9,5.2589,0.3996,0.076
c2_39,1,1789031421.5718145,9,5.2589,0.3996,0.076
c2_39,1,1789031421.7918146,9,5.2589,0.3996,0.076
c2_39,1,1789031422.0118146,9,5.2589,0.3996,0.076
c2_39,1,1789031422.2318146,9,5.2589,0.3996,0.076
c2_39,1,1789031422.4518147,9,5.2589,0.3996,0.076
c2_39,1,1789031422.6718147,9,5.2589,0.3996,0.076
c2_39,1,1789031422.8918147,9,5.2589,0.3996,0.076
c2_39,1,1789031423.1118147,9,5.2589,0.3996,0.076
c2_39,1,1789031423.3318148,9,5.2589,0.3996,0.076
c2_39,1,1789031423.5518148,9,5.2589,0.3996,0.076
c2_39,1,1789031423.7718148,9,5.2589,0.3996,0.076
c2_39,1,1789031423.9918149,9,5.2589,0.3996,0.076
c2_39,1,1789031424.2118149,9,5.2589,0.3996,0.076
c2_39,1,1789031424.431815,9,5.2589,0.3996,0.076
c2_39,1,1789031424.651815,9,5.2589,0.3996,0.076
c2_39,1,1789031424.871815,9,5.2589,0.3996,0.076
c2_39,1,1789031425.091815,10,5.2039,0.4076,0.0783
c2_39,1,1789031425.311815,10,5.2039,0.4076,0.0783
c2_39,1,1789031425.531815,10,5.2039,0.4076,0.0783
c2_39,1,1789031425.751815,10,5.2039,0.4076,0.0783
c2_39,1,1789031425.971815,10,5.2039,0.4076,0.0783
c2_39,1,1789031426.1918151,10,5.2039,0.4076,0.0783
c2_39,1,1789031426.4118152,10,5.2039,0.4076,0.0783
c2_39,1,1789031426.6318152,10,5.2039,0.4076,0.0783
c2_39,1,1789031426.8518152,10,5.2039,0.4076,0.0783
c2_39,1,1789031427.0718153,10,5.2039,0.4076,0.0783
c2_39,1,1789031427.2918153,10,5.2039,0.4076,0.0783
c2_39,1,1789031427.5118153,10,5.2039,0.4076,0.0783
c2_39,1,1789031427.7318153,10,5.2039,0.4076,0.0783
c2_39,1,1789031427.9518154,10,5.2039,0.4076,0.0783
c2_39,1,1789031428.1718154,10,5.2039,0.4076,0.0783
c2_39,1,1789031428.3918154,10,5.2039,0.4076,0.0783
c2_39,1,1789031428.6118155,10,5.2039,0.4076,0.0783
c2_39,1,1789031428.8318155,10,5.2039,0.4076,0.0783
c2_39,1,1789031429.0518155,10,5.2039,0.4076,0.0783
c2_39,1,1789031429.2718155,10,5.2039,0.4076,0.0783
c2_39,1,1789031429.4918156,10,5.2039,0.4076,0.0783
c2_39,1,1789031429.7118156,10,5.2039,0.4076,0.0783
c2_39,1,1789031429.9318156,10,5.2039,0.4076,0.0783
c2_39,1,1789031430.1518157,10,5.2039,0.4076,0.0783
c2_39,1,1789031430.3718157,10,5.2039,0.4076,0.0783
c2_39,1,1789031430.5918157,10,5.2039,0.4076,0.0783
c2_39,1,1789031430.8118157,11,5.2478,0.4084,0.0778
c2_39,1,1789031431.0318158,11,5.2478,0.4084,0.0778
c2_39,1,1789031431.2518158,11,5.2478,0.4084,0.0778
c2_39,1,1789031431.4718158,11,5.2478,0.4084,0.0778
c2_39,1,1789031431.6918159,11,5.2478,0.4084,0.0778
c2_39,1,1789031431.911816,11,5.2478,0.4084,0.0778
c2_39,1,1789031432.131816,11,5.2478,0.4084,0.0778
c2_39,1,1789031432.351816,11,5.2478,0.4084,0.0778
c2_39,1,1789031432.571816,11,5.2478,0.4084,0.0778
c2_39,1,1789031432.791816,11,5.2478,0.4084,0.0778
c2_39,1,1789031433.011816,11,5.2478,0.4084,0.0778
c2_39,1,1789031433.231816,11,5.2478,0.4084,0.0778
c2_39,1,1789031433.451816,11,5.2478,0.4084,0.0778
c2_39,1,1789031433.671816,11,5.2478,0.4084,0.0778
c2_39,1,1789031433.8918161,11,5.2478,0.4084,0.0778
c2_39,1,1789031434.1118162,11,5.2478,0.4084,0.0778
c2_39,1,1789031434.3318162,11,5.2478,0.4084,0.0778
c2_39,1,1789031434.5518162,11,5.2478,0.4084,0.0778
c2_39,1,1789031434.7718163,11,5.2478,0.4084,0.0778
c2_39,1,1789031434.9918163,11,5.2478,0.4084,0.0778
c2_39,1,1789031435.2118163,11,5.2478,0.4084,0.0778
c2_39,1,1789031435.4318163,11,5.2478,0.4084,0.0778
benign_40,0,1789031451.3018005,3,6.4934,2.1459,0.3305
benign_40,0,1789031451.5218005,3,6.4934,2.1459,0.3305
benign_40,0,1789031451.7418005,3,6.4934,2.1459,0.3305
benign_40,0,1789031451.9618006,3,6.4934,2.1459,0.3305
benign_40,0,1789031452.1818006,3,6.4934,2.1459,0.3305
benign_40,0,1789031452.4018006,3,6.4934,2.1459,0.3305
benign_40,0,1789031452.6218007,3,6.4934,2.1459,0.3305
benign_40,0,1789031452.8418007,3,6.4934,2.1459,0.3305
benign_40,0,1789031453.0618007,4,4.9652,2.7822,0.5603
benign_40,0,1789031453.2818007,4,4.9652,2.7822,0.5603
benign_40,0,1789031453.5018008,4,4.9652,2.7822,0.5603
benign_40,0,1789031453.7218008,4,4.9652,2.7822,0.5603
benign_40,0,1789031453.9418008,4,4.9652,2.7822,0.5603
benign_40,0,1789031454.1618009,4,4.9652,2.7822,0.5603
benign_40,0,1789031454.381801,4,4.9652,2.7822,0.5603
benign_40,0,1789031454.601801,4,4.9652,2.7822,0.5603
benign_40,0,1789031454.821801,4,4.9652,2.7822,0.5603
benign_40,0,1789031455.041801,4,4.9652,2.7822,0.5603
benign_40,0,1789031455.261801,4,4.9652,2.7822,0.5603
benign_40,0,1789031455.481801,4,4.9652,2.7822,0.5603
benign_40,0,1789031455.701801,4,4.9652,2.7822,0.5603
benign_40,0,1789031455.921801,4,4.9652,2.7822,0.5603
benign_40,0,1789031456.141801,4,4.9652,2.7822,0.5603
benign_40,0,1789031456.3618011,4,4.9652,2.7822,0.5603
benign_40,0,1789031456.5818012,4,4.9652,2.7822,0.5603
benign_40,0,1789031456.8018012,4,4.9652,2.7822,0.5603
benign_40,0,1789031457.0218012,4,4.9652,2.7822,0.5603
benign_40,0,1789031457.2418013,5,4.7321,2.443,0.5163
benign_40,0,1789031457.4618013,5,4.7321,2.443,0.5163
benign_40,0,1789031457.6818013,5,4.7321,2.443,0.5163
benign_40,0,1789031457.9018013,5,4.7321,2.443,0.5163
benign_40,0,1789031458.1218014,5,4.7321,2.443,0.5163
benign_40,0,1789031458.3418014,5,4.7321,2.443,0.5163
benign_40,0,1789031458.5618014,5,4.7321,2.443,0.5163
benign_40,0,1789031458.7818015,5,4.7321,2.443,0.5163
benign_40,0,1789031459.0018015,5,4.7321,2.443,0.5163
benign_40,0,1789031459.2218015,5,4.7321,2.443,0.5163
benign_40,0,1789031459.4418015,5,4.7321,2.443,0.5163
benign_40,0,1789031459.6618016,5,4.7321,2.443,0.5163
benign_40,0,1789031459.8818016,5,4.7321,2.443,0.5163
benign_40,0,1789031460.1018016,5,4.7321,2.443,0.5163
benign_40,0,1789031460.3218017,5,4.7321,2.443,0.5163
benign_40,0,1789031460.5418017,5,4.7321,2.443,0.5163
benign_40,0,1789031460.7618017,5,4.7321,2.443,0.5163
benign_40,0,1789031460.9818017,5,4.7321,2.443,0.5163
benign_40,0,1789031461.2018018,5,4.7321,2.443,0.5163
benign_40,0,1789031461.4218018,5,4.7321,2.443,0.5163
benign_40,0,1789031461.6418018,5,4.7321,2.443,0.5163
benign_40,0,1789031461.8618019,5,4.7321,2.443,0.5163
benign_40,0,1789031462.081802,5,4.7321,2.443,0.5163
benign_40,0,1789031462.301802,5,4.7321,2.443,0.5163
benign_40,0,1789031462.521802,5,4.7321,2.443,0.5163
benign_40,0,1789031462.741802,5,4.7321,2.443,0.5163
benign_40,0,1789031462.961802,5,4.7321,2.443,0.5163
benign_40,0,1789031463.181802,5,4.7321,2.443,0.5163
benign_40,0,1789031463.401802,5,4.7321,2.443,0.5163
benign_40,0,1789031463.621802,5,4.7321,2.443,0.5163
benign_40,0,1789031463.8418021,5,4.7321,2.443,0.5163
c2_40,1,1789031475.8166704,3,3.9126,0.1318,0.0337
c2_40,1,1789031476.0366704,3,3.9126,0.1318,0.0337
c2_40,1,1789031476.2566705,3,3.9126,0.1318,0.0337
c2_40,1,1789031476.4766705,3,3.9126,0.1318,0.0337
c2_40,1,1789031476.6966705,3,3.9126,0.1318,0.0337
c2_40,1,1789031476.9166706,3,3.9126,0.1318,0.0337
c2_40,1,1789031477.1366706,3,3.9126,0.1318,0.0337
c2_40,1,1789031477.3566706,3,3.9126,0.1318,0.0337
c2_40,1,1789031477.5766706,3,3.9126,0.1318,0.0337
c2_40,1,1789031477.7966707,3,3.9126,0.1318,0.0337
c2_40,1,1789031478.0166707,3,3.9126,0.1318,0.0337
c2_40,1,1789031478.2366707,3,3.9126,0.1318,0.0337
c2_40,1,1789031478.4566708,3,3.9126,0.1318,0.0337
c2_40,1,1789031478.6766708,3,3.9126,0.1318,0.0337
c2_40,1,1789031478.8966708,3,3.9126,0.1318,0.0337
c2_40,1,1789031479.1166708,3,3.9126,0.1318,0.0337
c2_40,1,1789031479.3366709,3,3.9126,0.1318,0.0337
c2_40,1,1789031479.556671,3,3.9126,0.1318,0.0337
c2_40,1,1789031479.776671,3,3.9126,0.1318,0.0337
c2_40,1,1789031479.996671,3,3.9126,0.1318,0.0337
c2_40,1,1789031480.216671,4,4.0438,0.2145,0.053
c2_40,1,1789031480.436671,4,4.0438,0.2145,0.053
c2_40,1,1789031480.656671,4,4.0438,0.2145,0.053
c2_40,1,1789031480.876671,4,4.0438,0.2145,0.053
c2_40,1,1789031481.096671,4,4.0438,0.2145,0.053
c2_40,1,1789031481.3166711,4,4.0438,0.2145,0.053
c2_40,1,1789031481.5366712,4,4.0438,0.2145,0.053
c2_40,1,1789031481.7566712,4,4.0438,0.2145,0.053
c2_40,1,1789031481.9766712,4,4.0438,0.2145,0.053
c2_40,1,1789031482.1966712,4,4.0438,0.2145,0.053
c2_40,1,1789031482.4166713,4,4.0438,0.2145,0.053
c2_40,1,1789031482.6366713,4,4.0438,0.2145,0.053
c2_40,1,1789031482.8566713,4,4.0438,0.2145,0.053
c2_40,1,1789031483.0766714,4,4.0438,0.2145,0.053
c2_40,1,1789031483.2966714,4,4.0438,0.2145,0.053
c2_40,1,1789031483.5166714,4,4.0438,0.2145,0.053
c2_40,1,1789031483.7366714,4,4.0438,0.2145,0.053
c2_40,1,1789031483.9566715,5,4.0068,0.1965,0.049
c2_40,1,1789031484.1766715,5,4.0068,0.1965,0.049
c2_40,1,1789031484.3966715,5,4.0068,0.1965,0.049
c2_40,1,1789031484.6166716,5,4.0068,0.1965,0.049
c2_40,1,1789031484.8366716,5,4.0068,0.1965,0.049
c2_40,1,1789031485.0566716,5,4.0068,0.1965,0.049
c2_40,1,1789031485.2766716,5,4.0068,0.1965,0.049
c2_40,1,1789031485.4966717,5,4.0068,0.1965,0.049
c2_40,1,1789031485.7166717,5,4.0068,0.1965,0.049
c2_40,1,1789031485.9366717,5,4.0068,0.1965,0.049
c2_40,1,1789031486.1566718,5,4.0068,0.1965,0.049
c2_40,1,1789031486.3766718,5,4.0068,0.1965,0.049
c2_40,1,1789031486.5966718,5,4.0068,0.1965,0.049
c2_40,1,1789031486.8166718,5,4.0068,0.1965,0.049
c2_40,1,1789031487.0366719,5,4.0068,0.1965,0.049
c2_40,1,1789031487.256672,5,4.0068,0.1965,0.049
c2_40,1,1789031487.476672,5,4.0068,0.1965,0.049
c2_40,1,1789031487.696672,5,4.0068,0.1965,0.049
c2_40,1,1789031487.916672,5,4.0068,0.1965,0.049
c2_40,1,1789031488.136672,6,4.0204,0.1778,0.0442
c2_40,1,1789031488.356672,6,4.0204,0.1778,0.0442
c2_40,1,1789031488.576672,6,4.0204,0.1778,0.0442
c2_40,1,1789031488.796672,6,4.0204,0.1778,0.0442
c2_40,1,1789031489.0166721,6,4.0204,0.1778,0.0442
c2_40,1,1789031489.2366722,6,4.0204,0.1778,0.0442
c2_40,1,1789031489.4566722,6,4.0204,0.1778,0.0442
c2_40,1,1789031489.6766722,6,4.0204,0.1778,0.0442
c2_40,1,1789031489.8966722,6,4.0204,0.1778,0.0442
c2_40,1,1789031490.1166723,6,4.0204,0.1778,0.0442
c2_40,1,1789031490.3366723,6,4.0204,0.1778,0.0442
c2_40,1,1789031490.5566723,6,4.0204,0.1778,0.0442
c2_40,1,1789031490.7766724,6,4.0204,0.1778,0.0442
c2_40,1,1789031490.9966724,6,4.0204,0.1778,0.0442
c2_40,1,1789031491.2166724,6,4.0204,0.1778,0.0442
c2_40,1,1789031491.4366724,6,4.0204,0.1778,0.0442
c2_40,1,1789031491.6566725,6,4.0204,0.1778,0.0442
c2_40,1,1789031491.8766725,6,4.0204,0.1778,0.0442
c2_40,1,1789031492.0966725,7,4.0293,0.1635,0.0406
c2_40,1,1789031492.3166726,7,4.0293,0.1635,0.0406
c2_40,1,1789031492.5366726,7,4.0293,0.1635,0.0406
c2_40,1,1789031492.7566726,7,4.0293,0.1635,0.0406
c2_40,1,1789031492.9766726,7,4.0293,0.1635,0.0406
c2_40,1,1789031493.1966727,7,4.0293,0.1635,0.0406
c2_40,1,1789031493.4166727,7,4.0293,0.1635,0.0406
c2_40,1,1789031493.6366727,7,4.0293,0.1635,0.0406
c2_40,1,1789031493.8566728,7,4.0293,0.1635,0.0406
c2_40,1,1789031494.0766728,7,4.0293,0.1635,0.0406
c2_40,1,1789031494.2966728,7,4.0293,0.1635,0.0406
c2_40,1,1789031494.5166728,7,4.0293,0.1635,0.0406
c2_40,1,1789031494.7366729,7,4.0293,0.1635,0.0406
c2_40,1,1789031494.956673,7,4.0293,0.1635,0.0406
c2_40,1,1789031495.176673,7,4.0293,0.1635,0.0406
c2_40,1,1789031495.396673,7,4.0293,0.1635,0.0406
c2_40,1,1789031495.616673,7,4.0293,0.1635,0.0406
c2_40,1,1789031495.836673,7,4.0293,0.1635,0.0406
c2_40,1,1789031496.056673,7,4.0293,0.1635,0.0406
c2_40,1,1789031496.276673,8,4.0329,0.1517,0.0376
c2_40,1,1789031496.496673,8,4.0329,0.1517,0.0376
c2_40,1,1789031496.7166731,8,4.0329,0.1517,0.0376
c2_40,1,1789031496.9366732,8,4.0329,0.1517,0.0376
c2_40,1,1789031497.1566732,8,4.0329,0.1517,0.0376
c2_40,1,1789031497.3766732,8,4.0329,0.1517,0.0376
c2_40,1,1789031497.5966733,8,4.0329,0.1517,0.0376
c2_40,1,1789031497.8166733,8,4.0329,0.1517,0.0376
c2_40,1,1789031498.0366733,8,4.0329,0.1517,0.0376
c2_40,1,1789031498.2566733,8,4.0329,0.1517,0.0376
c2_40,1,1789031498.4766734,8,4.0329,0.1517,0.0376
c2_40,1,1789031498.6966734,8,4.0329,0.1517,0.0376
c2_40,1,1789031498.9166734,8,4.0329,0.1517,0.0376
c2_40,1,1789031499.1366735,8,4.0329,0.1517,0.0376
c2_40,1,1789031499.3566735,8,4.0329,0.1517,0.0376
c2_40,1,1789031499.5766735,8,4.0329,0.1517,0.0376
c2_40,1,1789031499.7966735,8,4.0329,0.1517,0.0376
c2_40,1,1789031500.0166736,9,4.0071,0.1575,0.0393
c2_40,1,1789031500.2366736,9,4.0071,0.1575,0.0393
c2_40,1,1789031500.4566736,9,4.0071,0.1575,0.0393
c2_40,1,1789031500.6766737,9,4.0071,0.1575,0.0393
c2_40,1,1789031500.8966737,9,4.0071,0.1575,0.0393
c2_40,1,1789031501.1166737,9,4.0071,0.1575,0.0393
c2_40,1,1789031501.3366737,9,4.0071,0.1575,0.0393
c2_40,1,1789031501.5566738,9,4.0071,0.1575,0.0393
c2_40,1,1789031501.7766738,9,4.0071,0.1575,0.0393
c2_40,1,1789031501.9966738,9,4.0071,0.1575,0.0393
c2_40,1,1789031502.2166739,9,4.0071,0.1575,0.0393
c2_40,1,1789031502.4366739,9,4.0071,0.1575,0.0393
c2_40,1,1789031502.656674,9,4.0071,0.1575,0.0393
c2_40,1,1789031502.876674,9,4.0071,0.1575,0.0393
c2_40,1,1789031503.096674,9,4.0071,0.1575,0.0393
c2_40,1,1789031503.316674,9,4.0071,0.1575,0.0393
c2_40,1,1789031503.536674,9,4.0071,0.1575,0.0393
c2_40,1,1789031503.756674,10,3.9696,0.1825,0.046
c2_40,1,1789031503.976674,10,3.9696,0.1825,0.046
c2_40,1,1789031504.196674,10,3.9696,0.1825,0.046
c2_40,1,1789031504.4166741,10,3.9696,0.1825,0.046
c2_40,1,1789031504.6366742,10,3.9696,0.1825,0.046
c2_40,1,1789031504.8566742,10,3.9696,0.1825,0.046
c2_40,1,1789031505.0766742,10,3.9696,0.1825,0.046
c2_40,1,1789031505.2966743,10,3.9696,0.1825,0.046
c2_40,1,1789031505.5166743,10,3.9696,0.1825,0.046
c2_40,1,1789031505.7366743,10,3.9696,0.1825,0.046
c2_40,1,1789031505.9566743,10,3.9696,0.1825,0.046
c2_40,1,1789031506.1766744,10,3.9696,0.1825,0.046
c2_40,1,1789031506.3966744,10,3.9696,0.1825,0.046
c2_40,1,1789031506.6166744,10,3.9696,0.1825,0.046
c2_40,1,1789031506.8366745,10,3.9696,0.1825,0.046
c2_40,1,1789031507.0566745,10,3.9696,0.1825,0.046
c2_40,1,1789031507.2766745,11,3.9176,0.2331,0.0595
c2_40,1,1789031507.4966745,11,3.9176,0.2331,0.0595
c2_40,1,1789031507.7166746,11,3.9176,0.2331,0.0595
c2_40,1,1789031507.9366746,11,3.9176,0.2331,0.0595
c2_40,1,1789031508.1566746,11,3.9176,0.2331,0.0595
c2_40,1,1789031508.3766747,11,3.9176,0.2331,0.0595
c2_40,1,1789031508.5966747,11,3.9176,0.2331,0.0595
c2_40,1,1789031508.8166747,11,3.9176,0.2331,0.0595
c2_40,1,1789031509.0366747,11,3.9176,0.2331,0.0595
c2_40,1,1789031509.2566748,11,3.9176,0.2331,0.0595
c2_40,1,1789031509.4766748,11,3.9176,0.2331,0.0595
c2_40,1,1789031509.6966748,11,3.9176,0.2331,0.0595
c2_40,1,1789031509.9166749,11,3.9176,0.2331,0.0595
c2_40,1,1789031510.136675,11,3.9176,0.2331,0.0595
c2_40,1,1789031510.356675,11,3.9176,0.2331,0.0595
c2_40,1,1789031510.576675,11,3.9176,0.2331,0.0595
c2_40,1,1789031510.796675,11,3.9176,0.2331,0.0595
c2_40,1,1789031511.016675,11,3.9176,0.2331,0.0595
c2_40,1,1789031511.236675,11,3.9176,0.2331,0.0595
c2_40,1,1789031511.456675,12,3.9554,0.2524,0.0638
c2_40,1,1789031511.676675,12,3.9554,0.2524,0.0638
c2_40,1,1789031511.896675,12,3.9554,0.2524,0.0638
c2_40,1,1789031512.1166751,12,3.9554,0.2524,0.0638
c2_40,1,1789031512.3366752,12,3.9554,0.2524,0.0638
c2_40,1,1789031512.5566752,12,3.9554,0.2524,0.0638
c2_40,1,1789031512.7766752,12,3.9554,0.2524,0.0638
c2_40,1,1789031512.9966753,12,3.9554,0.2524,0.0638
c2_40,1,1789031513.2166753,12,3.9554,0.2524,0.0638
c2_40,1,1789031513.4366753,12,3.9554,0.2524,0.0638
c2_40,1,1789031513.6566753,12,3.9554,0.2524,0.0638
c2_40,1,1789031513.8766754,12,3.9554,0.2524,0.0638
c2_40,1,1789031514.0966754,12,3.9554,0.2524,0.0638
c2_40,1,1789031514.3166754,12,3.9554,0.2524,0.0638
c2_40,1,1789031514.5366755,12,3.9554,0.2524,0.0638
c2_40,1,1789031514.7566755,12,3.9554,0.2524,0.0638
c2_40,1,1789031514.9766755,12,3.9554,0.2524,0.0638
c2_40,1,1789031515.1966755,12,3.9554,0.2524,0.0638
c2_40,1,1789031515.4166756,12,3.9554,0.2524,0.0638
c2_40,1,1789031515.6366756,13,3.9761,0.2512,0.0632
c2_40,1,1789031515.8566756,13,3.9761,0.2512,0.0632
c2_40,1,1789031516.0766757,13,3.9761,0.2512,0.0632
c2_40,1,1789031516.2966757,13,3.9761,0.2512,0.0632
c2_40,1,1789031516.5166757,13,3.9761,0.2512,0.0632
c2_40,1,1789031516.7366757,13,3.9761,0.2512,0.0632
c2_40,1,1789031516.9566758,13,3.9761,0.2512,0.0632
c2_40,1,1789031517.1766758,13,3.9761,0.2512,0.0632
c2_40,1,1789031517.3966758,13,3.9761,0.2512,0.0632
c2_40,1,1789031517.6166759,13,3.9761,0.2512,0.0632
c2_40,1,1789031517.836676,13,3.9761,0.2512,0.0632
c2_40,1,1789031518.056676,13,3.9761,0.2512,0.0632
c2_40,1,1789031518.276676,13,3.9761,0.2512,0.0632
c2_40,1,1789031518.496676,13,3.9761,0.2512,0.0632
c2_40,1,1789031518.716676,13,3.9761,0.2512,0.0632
c2_40,1,1789031518.936676,13,3.9761,0.2512,0.0632
c2_40,1,1789031519.156676,13,3.9761,0.2512,0.0632
c2_40,1,1789031519.376676,13,3.9761,0.2512,0.0632
c2_40,1,1789031519.596676,13,3.9761,0.2512,0.0632
c2_40,1,1789031519.8166761,14,3.9824,0.2423,0.0608
c2_40,1,1789031520.0366762,14,3.9824,0.2423,0.0608
c2_40,1,1789031520.2566762,14,3.9824,0.2423,0.0608
c2_40,1,1789031520.4766762,14,3.9824,0.2423,0.0608
c2_40,1,1789031520.6966763,14,3.9824,0.2423,0.0608
c2_40,1,1789031520.9166763,14,3.9824,0.2423,0.0608
c2_40,1,1789031521.1366763,14,3.9824,0.2423,0.0608
c2_40,1,1789031521.3566763,14,3.9824,0.2423,0.0608
c2_40,1,1789031521.5766764,14,3.9824,0.2423,0.0608
c2_40,1,1789031521.7966764,14,3.9824,0.2423,0.0608
c2_40,1,1789031522.0166764,14,3.9824,0.2423,0.0608
c2_40,1,1789031522.2366765,14,3.9824,0.2423,0.0608
c2_40,1,1789031522.4566765,14,3.9824,0.2423,0.0608
c2_40,1,1789031522.6766765,14,3.9824,0.2423,0.0608
c2_40,1,1789031522.8966765,14,3.9824,0.2423,0.0608
c2_40,1,1789031523.1166766,14,3.9824,0.2423,0.0608
c2_40,1,1789031523.3366766,14,3.9824,0.2423,0.0608
benign_41,0,1789031533.8272269,3,4.1488,4.001,0.9644
benign_41,0,1789031534.047227,3,4.1488,4.001,0.9644
benign_41,0,1789031534.267227,3,4.1488,4.001,0.9644
benign_41,0,1789031534.487227,3,4.1488,4.001,0.9644
benign_41,0,1789031534.707227,3,4.1488,4.001,0.9644
benign_41,0,1789031534.927227,3,4.1488,4.001,0.9644
benign_41,0,1789031535.147227,3,4.1488,4.001,0.9644
benign_41,0,1789031535.367227,3,4.1488,4.001,0.9644
benign_41,0,1789031535.587227,3,4.1488,4.001,0.9644
benign_41,0,1789031535.8072271,3,4.1488,4.001,0.9644
benign_41,0,1789031536.0272272,3,4.1488,4.001,0.9644
benign_41,0,1789031536.2472272,4,3.5714,3.3673,0.9429
benign_41,0,1789031536.4672272,4,3.5714,3.3673,0.9429
benign_41,0,1789031536.6872272,4,3.5714,3.3673,0.9429
benign_41,0,1789031536.9072273,4,3.5714,3.3673,0.9429
benign_41,0,1789031537.1272273,4,3.5714,3.3673,0.9429
benign_41,0,1789031537.3472273,4,3.5714,3.3673,0.9429
benign_41,0,1789031537.5672274,4,3.5714,3.3673,0.9429
benign_41,0,1789031537.7872274,4,3.5714,3.3673,0.9429
benign_41,0,1789031538.0072274,4,3.5714,3.3673,0.9429
benign_41,0,1789031538.2272274,4,3.5714,3.3673,0.9429
benign_41,0,1789031538.4472275,4,3.5714,3.3673,0.9429
benign_41,0,1789031538.6672275,4,3.5714,3.3673,0.9429
benign_41,0,1789031538.8872275,4,3.5714,3.3673,0.9429
benign_41,0,1789031539.1072276,4,3.5714,3.3673,0.9429
benign_41,0,1789031539.3272276,4,3.5714,3.3673,0.9429
benign_41,0,1789031539.5472276,4,3.5714,3.3673,0.9429
benign_41,0,1789031539.7672276,4,3.5714,3.3673,0.9429
benign_41,0,1789031539.9872277,4,3.5714,3.3673,0.9429
benign_41,0,1789031540.2072277,4,3.5714,3.3673,0.9429
benign_41,0,1789031540.4272277,4,3.5714,3.3673,0.9429
benign_41,0,1789031540.6472278,4,3.5714,3.3673,0.9429
benign_41,0,1789031540.8672278,4,3.5714,3.3673,0.9429
benign_41,0,1789031541.0872278,4,3.5714,3.3673,0.9429
benign_41,0,1789031541.3072278,4,3.5714,3.3673,0.9429
benign_41,0,1789031541.5272279,4,3.5714,3.3673,0.9429
benign_41,0,1789031541.747228,4,3.5714,3.3673,0.9429
benign_41,0,1789031541.967228,4,3.5714,3.3673,0.9429
benign_41,0,1789031542.187228,4,3.5714,3.3673,0.9429
benign_41,0,1789031542.407228,4,3.5714,3.3673,0.9429
benign_41,0,1789031542.627228,5,4.252,3.1454,0.7398
benign_41,0,1789031542.847228,5,4.252,3.1454,0.7398
benign_41,0,1789031543.067228,5,4.252,3.1454,0.7398
benign_41,0,1789031543.287228,5,4.252,3.1454,0.7398
benign_41,0,1789031543.5072281,5,4.252,3.1454,0.7398
benign_41,0,1789031543.7272282,5,4.252,3.1454,0.7398
benign_41,0,1789031543.9472282,5,4.252,3.1454,0.7398
benign_41,0,1789031544.1672282,5,4.252,3.1454,0.7398
benign_41,0,1789031544.3872283,5,4.252,3.1454,0.7398
benign_41,0,1789031544.6072283,5,4.252,3.1454,0.7398
benign_41,0,1789031544.8272283,5,4.252,3.1454,0.7398
benign_41,0,1789031545.0472283,5,4.252,3.1454,0.7398
benign_41,0,1789031545.2672284,5,4.252,3.1454,0.7398
benign_41,0,1789031545.4872284,5,4.252,3.1454,0.7398
benign_41,0,1789031545.7072284,5,4.252,3.1454,0.7398
benign_41,0,1789031545.9272285,5,4.252,3.1454,0.7398
benign_41,0,1789031546.1472285,5,4.252,3.1454,0.7398
benign_41,0,1789031546.3672285,5,4.252,3.1454,0.7398
benign_41,0,1789031546.5872285,5,4.252,3.1454,0.7398
benign_41,0,1789031546.8072286,5,4.252,3.1454,0.7398
benign_41,0,1789031547.0272286,5,4.252,3.1454,0.7398
benign_41,0,1789031547.2472286,5,4.252,3.1454,0.7398
benign_41,0,1789031547.4672287,5,4.252,3.1454,0.7398
benign_41,0,1789031547.6872287,5,4.252,3.1454,0.7398
benign_41,0,1789031547.9072287,5,4.252,3.1454,0.7398
benign_41,0,1789031548.1272287,5,4.252,3.1454,0.7398
benign_41,0,1789031548.3472288,5,4.252,3.1454,0.7398
benign_41,0,1789031548.5672288,5,4.252,3.1454,0.7398
benign_41,0,1789031548.7872288,5,4.252,3.1454,0.7398
benign_41,0,1789031549.0072289,5,4.252,3.1454,0.7398
benign_41,0,1789031549.2272289,5,4.252,3.1454,0.7398
benign_41,0,1789031549.447229,5,4.252,3.1454,0.7398
benign_41,0,1789031549.667229,5,4.252,3.1454,0.7398
benign_41,0,1789031549.887229,5,4.252,3.1454,0.7398
benign_41,0,1789031550.107229,5,4.252,3.1454,0.7398
benign_41,0,1789031550.327229,5,4.252,3.1454,0.7398
benign_41,0,1789031550.547229,5,4.252,3.1454,0.7398
benign_41,0,1789031550.767229,5,4.252,3.1454,0.7398
benign_41,0,1789031550.987229,5,4.252,3.1454,0.7398
benign_41,0,1789031551.2072291,5,4.252,3.1454,0.7398
benign_41,0,1789031551.4272292,5,4.252,3.1454,0.7398
benign_41,0,1789031551.6472292,5,4.252,3.1454,0.7398
benign_41,0,1789031551.8672292,5,4.252,3.1454,0.7398
benign_41,0,1789031552.0872293,5,4.252,3.1454,0.7398
c2_41,1,1789031570.3861542,3,6.2724,0.0387,0.0062
c2_41,1,1789031570.6061542,3,6.2724,0.0387,0.0062
c2_41,1,1789031570.8261542,3,6.2724,0.0387,0.0062
c2_41,1,1789031571.0461543,3,6.2724,0.0387,0.0062
c2_41,1,1789031571.2661543,3,6.2724,0.0387,0.0062
c2_41,1,1789031571.4861543,3,6.2724,0.0387,0.0062
c2_41,1,1789031571.7061543,3,6.2724,0.0387,0.0062
c2_41,1,1789031571.9261544,3,6.2724,0.0387,0.0062
c2_41,1,1789031572.1461544,3,6.2724,0.0387,0.0062
c2_41,1,1789031572.3661544,3,6.2724,0.0387,0.0062
c2_41,1,1789031572.5861545,3,6.2724,0.0387,0.0062
c2_41,1,1789031572.8061545,3,6.2724,0.0387,0.0062
c2_41,1,1789031573.0261545,3,6.2724,0.0387,0.0062
c2_41,1,1789031573.2461545,3,6.2724,0.0387,0.0062
c2_41,1,1789031573.4661546,3,6.2724,0.0387,0.0062
c2_41,1,1789031573.6861546,3,6.2724,0.0387,0.0062
c2_41,1,1789031573.9061546,3,6.2724,0.0387,0.0062
c2_41,1,1789031574.1261547,3,6.2724,0.0387,0.0062
c2_41,1,1789031574.3461547,3,6.2724,0.0387,0.0062
c2_41,1,1789031574.5661547,3,6.2724,0.0387,0.0062
c2_41,1,1789031574.7861547,3,6.2724,0.0387,0.0062
c2_41,1,1789031575.0061548,3,6.2724,0.0387,0.0062
c2_41,1,1789031575.2261548,3,6.2724,0.0387,0.0062
c2_41,1,1789031575.4461548,3,6.2724,0.0387,0.0062
c2_41,1,1789031575.6661549,3,6.2724,0.0387,0.0062
c2_41,1,1789031575.886155,4,6.0303,0.3437,0.057
c2_41,1,1789031576.106155,4,6.0303,0.3437,0.057
c2_41,1,1789031576.326155,4,6.0303,0.3437,0.057
c2_41,1,1789031576.546155,4,6.0303,0.3437,0.057
c2_41,1,1789031576.766155,4,6.0303,0.3437,0.057
c2_41,1,1789031576.986155,4,6.0303,0.3437,0.057
c2_41,1,1789031577.206155,4,6.0303,0.3437,0.057
c2_41,1,1789031577.426155,4,6.0303,0.3437,0.057
c2_41,1,1789031577.646155,4,6.0303,0.3437,0.057
c2_41,1,1789031577.8661551,4,6.0303,0.3437,0.057
c2_41,1,1789031578.0861552,4,6.0303,0.3437,0.057
c2_41,1,1789031578.3061552,4,6.0303,0.3437,0.057
c2_41,1,1789031578.5261552,4,6.0303,0.3437,0.057
c2_41,1,1789031578.7461553,4,6.0303,0.3437,0.057
c2_41,1,1789031578.9661553,4,6.0303,0.3437,0.057
c2_41,1,1789031579.1861553,4,6.0303,0.3437,0.057
c2_41,1,1789031579.4061553,4,6.0303,0.3437,0.057
c2_41,1,1789031579.6261554,4,6.0303,0.3437,0.057
c2_41,1,1789031579.8461554,4,6.0303,0.3437,0.057
c2_41,1,1789031580.0661554,4,6.0303,0.3437,0.057
c2_41,1,1789031580.2861555,4,6.0303,0.3437,0.057
c2_41,1,1789031580.5061555,4,6.0303,0.3437,0.057
c2_41,1,1789031580.7261555,5,5.755,0.5622,0.0977
c2_41,1,1789031580.9461555,5,5.755,0.5622,0.0977
c2_41,1,1789031581.1661556,5,5.755,0.5622,0.0977
c2_41,1,1789031581.3861556,5,5.755,0.5622,0.0977
c2_41,1,1789031581.6061556,5,5.755,0.5622,0.0977
c2_41,1,1789031581.8261557,5,5.755,0.5622,0.0977
c2_41,1,1789031582.0461557,5,5.755,0.5622,0.0977
c2_41,1,1789031582.2661557,5,5.755,0.5622,0.0977
c2_41,1,1789031582.4861557,5,5.755,0.5622,0.0977
c2_41,1,1789031582.7061558,5,5.755,0.5622,0.0977
c2_41,1,1789031582.9261558,5,5.755,0.5622,0.0977
c2_41,1,1789031583.1461558,5,5.755,0.5622,0.0977
c2_41,1,1789031583.3661559,5,5.755,0.5622,0.0977
c2_41,1,1789031583.586156,5,5.755,0.5622,0.0977
c2_41,1,1789031583.806156,5,5.755,0.5622,0.0977
c2_41,1,1789031584.026156,5,5.755,0.5622,0.0977
c2_41,1,1789031584.246156,5,5.755,0.5622,0.0977
c2_41,1,1789031584.466156,5,5.755,0.5622,0.0977
c2_41,1,1789031584.686156,5,5.755,0.5622,0.0977
c2_41,1,1789031584.906156,5,5.755,0.5622,0.0977
c2_41,1,1789031585.126156,5,5.755,0.5622,0.0977
c2_41,1,1789031585.3461561,5,5.755,0.5622,0.0977
c2_41,1,1789031585.5661561,5,5.755,0.5622,0.0977
c2_41,1,1789031585.7861562,5,5.755,0.5622,0.0977
c2_41,1,1789031586.0061562,5,5.755,0.5622,0.0977
c2_41,1,1789031586.2261562,5,5.755,0.5622,0.0977
c2_41,1,1789031586.4461563,5,5.755,0.5622,0.0977
c2_41,1,1789031586.6661563,5,5.755,0.5622,0.0977
c2_41,1,1789031586.8861563,5,5.755,0.5622,0.0977
c2_41,1,1789031587.1061563,6,5.8799,0.5615,0.0955
c2_41,1,1789031587.3261564,6,5.8799,0.5615,0.0955
c2_41,1,1789031587.5461564,6,5.8799,0.5615,0.0955
c2_41,1,1789031587.7661564,6,5.8799,0.5615,0.0955
c2_41,1,1789031587.9861565,6,5.8799,0.5615,0.0955
c2_41,1,1789031588.2061565,6,5.8799,0.5615,0.0955
c2_41,1,1789031588.4261565,6,5.8799,0.5615,0.0955
c2_41,1,1789031588.6461565,6,5.8799,0.5615,0.0955
c2_41,1,1789031588.8661566,6,5.8799,0.5615,0.0955
c2_41,1,1789031589.0861566,6,5.8799,0.5615,0.0955
c2_41,1,1789031589.3061566,6,5.8799,0.5615,0.0955
c2_41,1,1789031589.5261567,6,5.8799,0.5615,0.0955
c2_41,1,1789031589.7461567,6,5.8799,0.5615,0.0955
c2_41,1,1789031589.9661567,6,5.8799,0.5615,0.0955
c2_41,1,1789031590.1861567,6,5.8799,0.5615,0.0955
c2_41,1,1789031590.4061568,6,5.8799,0.5615,0.0955
c2_41,1,1789031590.6261568,6,5.8799,0.5615,0.0955
c2_41,1,1789031590.8461568,6,5.8799,0.5615,0.0955
c2_41,1,1789031591.0661569,6,5.8799,0.5615,0.0955
c2_41,1,1789031591.286157,6,5.8799,0.5615,0.0955
c2_41,1,1789031591.506157,6,5.8799,0.5615,0.0955
c2_41,1,1789031591.726157,6,5.8799,0.5615,0.0955
c2_41,1,1789031591.946157,6,5.8799,0.5615,0.0955
c2_41,1,1789031592.166157,6,5.8799,0.5615,0.0955
c2_41,1,1789031592.386157,6,5.8799,0.5615,0.0955
c2_41,1,1789031592.606157,6,5.8799,0.5615,0.0955
c2_41,1,1789031592.826157,7,5.8339,0.5228,0.0896
c2_41,1,1789031593.0461571,7,5.8339,0.5228,0.0896
c2_41,1,1789031593.2661572,7,5.8339,0.5228,0.0896
c2_41,1,1789031593.4861572,7,5.8339,0.5228,0.0896
c2_41,1,1789031593.7061572,7,5.8339,0.5228,0.0896
c2_41,1,1789031593.9261572,7,5.8339,0.5228,0.0896
c2_41,1,1789031594.1461573,7,5.8339,0.5228,0.0896
c2_41,1,1789031594.3661573,7,5.8339,0.5228,0.0896
c2_41,1,1789031594.5861573,7,5.8339,0.5228,0.0896
c2_41,1,1789031594.8061574,7,5.8339,0.5228,0.0896
c2_41,1,1789031595.0261574,7,5.8339,0.5228,0.0896
c2_41,1,1789031595.2461574,7,5.8339,0.5228,0.0896
c2_41,1,1789031595.4661574,7,5.8339,0.5228,0.0896
c2_41,1,1789031595.6861575,7,5.8339,0.5228,0.0896
c2_41,1,1789031595.9061575,7,5.8339,0.5228,0.0896
c2_41,1,1789031596.1261575,7,5.8339,0.5228,0.0896
c2_41,1,1789031596.3461576,7,5.8339,0.5228,0.0896
c2_41,1,1789031596.5661576,7,5.8339,0.5228,0.0896
c2_41,1,1789031596.7861576,7,5.8339,0.5228,0.0896
c2_41,1,1789031597.0061576,7,5.8339,0.5228,0.0896
c2_41,1,1789031597.2261577,7,5.8339,0.5228,0.0896
c2_41,1,1789031597.4461577,7,5.8339,0.5228,0.0896
c2_41,1,1789031597.6661577,7,5.8339,0.5228,0.0896
c2_41,1,1789031597.8861578,7,5.8339,0.5228,0.0896
c2_41,1,1789031598.1061578,7,5.8339,0.5228,0.0896
c2_41,1,1789031598.3261578,7,5.8339,0.5228,0.0896
c2_41,1,1789031598.5461578,7,5.8339,0.5228,0.0896
c2_41,1,1789031598.7661579,8,5.8428,0.4845,0.0829
c2_41,1,1789031598.986158,8,5.8428,0.4845,0.0829
c2_41,1,1789031599.206158,8,5.8428,0.4845,0.0829
c2_41,1,1789031599.426158,8,5.8428,0.4845,0.0829
c2_41,1,1789031599.646158,8,5.8428,0.4845,0.0829
c2_41,1,1789031599.866158,8,5.8428,0.4845,0.0829
c2_41,1,1789031600.086158,8,5.8428,0.4845,0.0829
c2_41,1,1789031600.306158,8,5.8428,0.4845,0.0829
c2_41,1,1789031600.526158,8,5.8428,0.4845,0.0829
c2_41,1,1789031600.7461581,8,5.8428,0.4845,0.0829
c2_41,1,1789031600.9661582,8,5.8428,0.4845,0.0829
c2_41,1,1789031601.1861582,8,5.8428,0.4845,0.0829
c2_41,1,1789031601.4061582,8,5.8428,0.4845,0.0829
c2_41,1,1789031601.6261582,8,5.8428,0.4845,0.0829
c2_41,1,1789031601.8461583,8,5.8428,0.4845,0.0829
c2_41,1,1789031602.0661583,8,5.8428,0.4845,0.0829
c2_41,1,1789031602.2861583,8,5.8428,0.4845,0.0829
c2_41,1,1789031602.5061584,8,5.8428,0.4845,0.0829
c2_41,1,1789031602.7261584,8,5.8428,0.4845,0.0829
c2_41,1,1789031602.9461584,8,5.8428,0.4845,0.0829
c2_41,1,1789031603.1661584,8,5.8428,0.4845,0.0829
c2_41,1,1789031603.3861585,8,5.8428,0.4845,0.0829
c2_41,1,1789031603.6061585,8,5.8428,0.4845,0.0829
c2_41,1,1789031603.8261585,8,5.8428,0.4845,0.0829
c2_41,1,1789031604.0461586,8,5.8428,0.4845,0.0829
c2_41,1,1789031604.2661586,8,5.8428,0.4845,0.0829
c2_41,1,1789031604.4861586,8,5.8428,0.4845,0.0829
c2_41,1,1789031604.7061586,8,5.8428,0.4845,0.0829
c2_41,1,1789031604.9261587,9,5.886,0.4675,0.0794
c2_41,1,1789031605.1461587,9,5.886,0.4675,0.0794
c2_41,1,1789031605.3661587,9,5.886,0.4675,0.0794
c2_41,1,1789031605.5861588,9,5.886,0.4675,0.0794
c2_41,1,1789031605.8061588,9,5.886,0.4675,0.0794
c2_41,1,1789031606.0261588,9,5.886,0.4675,0.0794
c2_41,1,1789031606.2461588,9,5.886,0.4675,0.0794
c2_41,1,1789031606.4661589,9,5.886,0.4675,0.0794
c2_41,1,1789031606.686159,9,5.886,0.4675,0.0794
c2_41,1,1789031606.906159,9,5.886,0.4675,0.0794
c2_41,1,1789031607.126159,9,5.886,0.4675,0.0794
c2_41,1,1789031607.346159,9,5.886,0.4675,0.0794
c2_41,1,1789031607.566159,9,5.886,0.4675,0.0794
c2_41,1,1789031607.786159,9,5.886,0.4675,0.0794
c2_41,1,1789031608.006159,9,5.886,0.4675,0.0794
c2_41,1,1789031608.226159,9,5.886,0.4675,0.0794
c2_41,1,1789031608.4461591,9,5.886,0.4675,0.0794
c2_41,1,1789031608.6661592,9,5.886,0.4675,0.0794
c2_41,1,1789031608.8861592,9,5.886,0.4675,0.0794
c2_41,1,1789031609.1061592,9,5.886,0.4675,0.0794
c2_41,1,1789031609.3261592,9,5.886,0.4675,0.0794
c2_41,1,1789031609.5461593,9,5.886,0.4675,0.0794
c2_41,1,1789031609.7661593,10,5.7755,0.5403,0.0936
c2_41,1,1789031609.9861593,10,5.7755,0.5403,0.0936
c2_41,1,1789031610.2061594,10,5.7755,0.5403,0.0936
c2_41,1,1789031610.4261594,10,5.7755,0.5403,0.0936
c2_41,1,1789031610.6461594,10,5.7755,0.5403,0.0936
c2_41,1,1789031610.8661594,10,5.7755,0.5403,0.0936
c2_41,1,1789031611.0861595,10,5.7755,0.5403,0.0936
c2_41,1,1789031611.3061595,10,5.7755,0.5403,0.0936
c2_41,1,1789031611.5261595,10,5.7755,0.5403,0.0936
c2_41,1,1789031611.7461596,10,5.7755,0.5403,0.0936
c2_41,1,1789031611.9661596,10,5.7755,0.5403,0.0936
c2_41,1,1789031612.1861596,10,5.7755,0.5403,0.0936
c2_41,1,1789031612.4061596,10,5.7755,0.5403,0.0936
c2_41,1,1789031612.6261597,10,5.7755,0.5403,0.0936
c2_41,1,1789031612.8461597,10,5.7755,0.5403,0.0936
c2_41,1,1789031613.0661597,10,5.7755,0.5403,0.0936
c2_41,1,1789031613.2861598,10,5.7755,0.5403,0.0936
c2_41,1,1789031613.5061598,10,5.7755,0.5403,0.0936
c2_41,1,1789031613.7261598,10,5.7755,0.5403,0.0936
c2_41,1,1789031613.9461598,10,5.7755,0.5403,0.0936
c2_41,1,1789031614.1661599,10,5.7755,0.5403,0.0936
c2_41,1,1789031614.38616,10,5.7755,0.5403,0.0936
c2_41,1,1789031614.60616,10,5.7755,0.5403,0.0936
c2_41,1,1789031614.82616,10,5.7755,0.5403,0.0936
c2_41,1,1789031615.04616,10,5.7755,0.5403,0.0936
c2_41,1,1789031615.26616,10,5.7755,0.5403,0.0936
c2_41,1,1789031615.48616,10,5.7755,0.5403,0.0936
c2_41,1,1789031615.70616,10,5.7755,0.5403,0.0936
c2_41,1,1789031615.92616,11,5.8139,0.5253,0.0904
c2_41,1,1789031616.1461601,11,5.8139,0.5253,0.0904
c2_41,1,1789031616.3661602,11,5.8139,0.5253,0.0904
c2_41,1,1789031616.5861602,11,5.8139,0.5253,0.0904
c2_41,1,1789031616.8061602,11,5.8139,0.5253,0.0904
c2_41,1,1789031617.0261602,11,5.8139,0.5253,0.0904
c2_41,1,1789031617.2461603,11,5.8139,0.5253,0.0904
c2_41,1,1789031617.4661603,11,5.8139,0.5253,0.0904
c2_41,1,1789031617.6861603,11,5.8139,0.5253,0.0904
c2_41,1,1789031617.9061604,11,5.8139,0.5253,0.0904
c2_41,1,1789031618.1261604,11,5.8139,0.5253,0.0904
c2_41,1,1789031618.3461604,11,5.8139,0.5253,0.0904
c2_41,1,1789031618.5661604,11,5.8139,0.5253,0.0904
c2_41,1,1789031618.7861605,11,5.8139,0.5253,0.0904
c2_41,1,1789031619.0061605,11,5.8139,0.5253,0.0904
c2_41,1,1789031619.2261605,11,5.8139,0.5253,0.0904
c2_41,1,1789031619.4461606,11,5.8139,0.5253,0.0904
c2_41,1,1789031619.6661606,11,5.8139,0.5253,0.0904
c2_41,1,1789031619.8861606,11,5.8139,0.5253,0.0904
c2_41,1,1789031620.1061606,11,5.8139,0.5253,0.0904
c2_41,1,1789031620.3261607,11,5.8139,0.5253,0.0904
c2_41,1,1789031620.5461607,11,5.8139,0.5253,0.0904
c2_41,1,1789031620.7661607,12,5.7291,0.5682,0.0992
c2_41,1,1789031620.9861608,12,5.7291,0.5682,0.0992
c2_41,1,1789031621.2061608,12,5.7291,0.5682,0.0992
c2_41,1,1789031621.4261608,12,5.7291,0.5682,0.0992
c2_41,1,1789031621.6461608,12,5.7291,0.5682,0.0992
c2_41,1,1789031621.8661609,12,5.7291,0.5682,0.0992
c2_41,1,1789031622.086161,12,5.7291,0.5682,0.0992
c2_41,1,1789031622.306161,12,5.7291,0.5682,0.0992
c2_41,1,1789031622.526161,12,5.7291,0.5682,0.0992
c2_41,1,1789031622.746161,12,5.7291,0.5682,0.0992
c2_41,1,1789031622.966161,12,5.7291,0.5682,0.0992
c2_41,1,1789031623.186161,12,5.7291,0.5682,0.0992
c2_41,1,1789031623.406161,12,5.7291,0.5682,0.0992
c2_41,1,1789031623.626161,12,5.7291,0.5682,0.0992
c2_41,1,1789031623.8461611,12,5.7291,0.5682,0.0992
c2_41,1,1789031624.0661612,12,5.7291,0.5682,0.0992
c2_41,1,1789031624.2861612,12,5.7291,0.5682,0.0992
c2_41,1,1789031624.5061612,12,5.7291,0.5682,0.0992
c2_41,1,1789031624.7261612,12,5.7291,0.5682,0.0992
c2_41,1,1789031624.9461613,12,5.7291,0.5682,0.0992
c2_41,1,1789031625.1661613,12,5.7291,0.5682,0.0992
c2_41,1,1789031625.3861613,12,5.7291,0.5682,0.0992
c2_41,1,1789031625.6061614,12,5.7291,0.5682,0.0992
c2_41,1,1789031625.8261614,12,5.7291,0.5682,0.0992
benign_42,0,1789031635.9776757,3,3.3656,3.1272,0.9292
benign_42,0,1789031636.1976757,3,3.3656,3.1272,0.9292
benign_42,0,1789031636.4176757,3,3.3656,3.1272,0.9292
benign_42,0,1789031636.6376758,3,3.3656,3.1272,0.9292
benign_42,0,1789031636.8576758,3,3.3656,3.1272,0.9292
benign_42,0,1789031637.0776758,3,3.3656,3.1272,0.9292
benign_42,0,1789031637.2976758,3,3.3656,3.1272,0.9292
benign_42,0,1789031637.5176759,3,3.3656,3.1272,0.9292
benign_42,0,1789031637.737676,4,2.8919,2.6397,0.9128
benign_42,0,1789031637.957676,4,2.8919,2.6397,0.9128
benign_42,0,1789031638.177676,4,2.8919,2.6397,0.9128
benign_42,0,1789031638.397676,4,2.8919,2.6397,0.9128
benign_42,0,1789031638.617676,4,2.8919,2.6397,0.9128
benign_42,0,1789031638.837676,4,2.8919,2.6397,0.9128
benign_42,0,1789031639.057676,4,2.8919,2.6397,0.9128
benign_42,0,1789031639.277676,4,2.8919,2.6397,0.9128
benign_42,0,1789031639.4976761,4,2.8919,2.6397,0.9128
benign_42,0,1789031639.7176762,4,2.8919,2.6397,0.9128
benign_42,0,1789031639.9376762,4,2.8919,2.6397,0.9128
benign_42,0,1789031640.1576762,4,2.8919,2.6397,0.9128
benign_42,0,1789031640.3776762,4,2.8919,2.6397,0.9128
benign_42,0,1789031640.5976763,4,2.8919,2.6397,0.9128
benign_42,0,1789031640.8176763,4,2.8919,2.6397,0.9128
benign_42,0,1789031641.0376763,4,2.8919,2.6397,0.9128
benign_42,0,1789031641.2576764,4,2.8919,2.6397,0.9128
benign_42,0,1789031641.4776764,4,2.8919,2.6397,0.9128
benign_42,0,1789031641.6976764,4,2.8919,2.6397,0.9128
benign_42,0,1789031641.9176764,4,2.8919,2.6397,0.9128
benign_42,0,1789031642.1376765,4,2.8919,2.6397,0.9128
benign_42,0,1789031642.3576765,4,2.8919,2.6397,0.9128
benign_42,0,1789031642.5776765,4,2.8919,2.6397,0.9128
c2_42,1,1789031663.113218,3,6.6726,0.1278,0.0191
c2_42,1,1789031663.333218,3,6.6726,0.1278,0.0191
c2_42,1,1789031663.5532181,3,6.6726,0.1278,0.0191
c2_42,1,1789031663.7732182,3,6.6726,0.1278,0.0191
c2_42,1,1789031663.9932182,3,6.6726,0.1278,0.0191
c2_42,1,1789031664.2132182,3,6.6726,0.1278,0.0191
c2_42,1,1789031664.4332182,3,6.6726,0.1278,0.0191
c2_42,1,1789031664.6532183,3,6.6726,0.1278,0.0191
c2_42,1,1789031664.8732183,3,6.6726,0.1278,0.0191
c2_42,1,1789031665.0932183,3,6.6726,0.1278,0.0191
c2_42,1,1789031665.3132184,3,6.6726,0.1278,0.0191
c2_42,1,1789031665.5332184,3,6.6726,0.1278,0.0191
c2_42,1,1789031665.7532184,3,6.6726,0.1278,0.0191
c2_42,1,1789031665.9732184,3,6.6726,0.1278,0.0191
c2_42,1,1789031666.1932185,3,6.6726,0.1278,0.0191
c2_42,1,1789031666.4132185,3,6.6726,0.1278,0.0191
c2_42,1,1789031666.6332185,3,6.6726,0.1278,0.0191
c2_42,1,1789031666.8532186,3,6.6726,0.1278,0.0191
c2_42,1,1789031667.0732186,3,6.6726,0.1278,0.0191
c2_42,1,1789031667.2932186,3,6.6726,0.1278,0.0191
c2_42,1,1789031667.5132186,3,6.6726,0.1278,0.0191
c2_42,1,1789031667.7332187,3,6.6726,0.1278,0.0191
c2_42,1,1789031667.9532187,3,6.6726,0.1278,0.0191
c2_42,1,1789031668.1732187,3,6.6726,0.1278,0.0191
c2_42,1,1789031668.3932188,3,6.6726,0.1278,0.0191
c2_42,1,1789031668.6132188,4,6.3069,0.5277,0.0837
c2_42,1,1789031668.8332188,4,6.3069,0.5277,0.0837
c2_42,1,1789031669.0532188,4,6.3069,0.5277,0.0837
c2_42,1,1789031669.2732189,4,6.3069,0.5277,0.0837
c2_42,1,1789031669.493219,4,6.3069,0.5277,0.0837
c2_42,1,1789031669.713219,4,6.3069,0.5277,0.0837
c2_42,1,1789031669.933219,4,6.3069,0.5277,0.0837
c2_42,1,1789031670.153219,4,6.3069,0.5277,0.0837
c2_42,1,1789031670.373219,4,6.3069,0.5277,0.0837
c2_42,1,1789031670.593219,4,6.3069,0.5277,0.0837
c2_42,1,1789031670.813219,4,6.3069,0.5277,0.0837
c2_42,1,1789031671.033219,4,6.3069,0.5277,0.0837
c2_42,1,1789031671.2532191,4,6.3069,0.5277,0.0837
c2_42,1,1789031671.4732192,4,6.3069,0.5277,0.0837
c2_42,1,1789031671.6932192,4,6.3069,0.5277,0.0837
c2_42,1,1789031671.9132192,4,6.3069,0.5277,0.0837
c2_42,1,1789031672.1332192,4,6.3069,0.5277,0.0837
c2_42,1,1789031672.3532193,4,6.3069,0.5277,0.0837
c2_42,1,1789031672.5732193,4,6.3069,0.5277,0.0837
c2_42,1,1789031672.7932193,4,6.3069,0.5277,0.0837
c2_42,1,1789031673.0132194,4,6.3069,0.5277,0.0837
c2_42,1,1789031673.2332194,4,6.3069,0.5277,0.0837
c2_42,1,1789031673.4532194,4,6.3069,0.5277,0.0837
c2_42,1,1789031673.6732194,4,6.3069,0.5277,0.0837
c2_42,1,1789031673.8932195,4,6.3069,0.5277,0.0837
c2_42,1,1789031674.1132195,4,6.3069,0.5277,0.0837
c2_42,1,1789031674.3332195,4,6.3069,0.5277,0.0837
c2_42,1,1789031674.5532196,4,6.3069,0.5277,0.0837
c2_42,1,1789031674.7732196,5,6.2671,0.4621,0.0737
c2_42,1,1789031674.9932196,5,6.2671,0.4621,0.0737
c2_42,1,1789031675.2132196,5,6.2671,0.4621,0.0737
c2_42,1,1789031675.4332197,5,6.2671,0.4621,0.0737
c2_42,1,1789031675.6532197,5,6.2671,0.4621,0.0737
c2_42,1,1789031675.8732197,5,6.2671,0.4621,0.0737
c2_42,1,1789031676.0932198,5,6.2671,0.4621,0.0737
c2_42,1,1789031676.3132198,5,6.2671,0.4621,0.0737
c2_42,1,1789031676.5332198,5,6.2671,0.4621,0.0737
c2_42,1,1789031676.7532198,5,6.2671,0.4621,0.0737
c2_42,1,1789031676.9732199,5,6.2671,0.4621,0.0737
c2_42,1,1789031677.19322,5,6.2671,0.4621,0.0737
c2_42,1,1789031677.41322,5,6.2671,0.4621,0.0737
c2_42,1,1789031677.63322,5,6.2671,0.4621,0.0737
c2_42,1,1789031677.85322,5,6.2671,0.4621,0.0737
c2_42,1,1789031678.07322,5,6.2671,0.4621,0.0737
c2_42,1,1789031678.29322,5,6.2671,0.4621,0.0737
c2_42,1,1789031678.51322,5,6.2671,0.4621,0.0737
c2_42,1,1789031678.73322,5,6.2671,0.4621,0.0737
c2_42,1,1789031678.9532201,5,6.2671,0.4621,0.0737
c2_42,1,1789031679.1732202,5,6.2671,0.4621,0.0737
c2_42,1,1789031679.3932202,5,6.2671,0.4621,0.0737
c2_42,1,1789031679.6132202,5,6.2671,0.4621,0.0737
c2_42,1,1789031679.8332202,5,6.2671,0.4621,0.0737
c2_42,1,1789031680.0532203,5,6.2671,0.4621,0.0737
c2_42,1,1789031680.2732203,5,6.2671,0.4621,0.0737
c2_42,1,1789031680.4932203,5,6.2671,0.4621,0.0737
c2_42,1,1789031680.7132204,5,6.2671,0.4621,0.0737
c2_42,1,1789031680.9332204,5,6.2671,0.4621,0.0737
c2_42,1,1789031681.1532204,5,6.2671,0.4621,0.0737
c2_42,1,1789031681.3732204,6,6.3317,0.4331,0.0684
c2_42,1,1789031681.5932205,6,6.3317,0.4331,0.0684
c2_42,1,1789031681.8132205,6,6.3317,0.4331,0.0684
c2_42,1,1789031682.0332205,6,6.3317,0.4331,0.0684
c2_42,1,1789031682.2532206,6,6.3317,0.4331,0.0684
c2_42,1,1789031682.4732206,6,6.3317,0.4331,0.0684
c2_42,1,1789031682.6932206,6,6.3317,0.4331,0.0684
c2_42,1,1789031682.9132206,6,6.3317,0.4331,0.0684
c2_42,1,1789031683.1332207,6,6.3317,0.4331,0.0684
c2_42,1,1789031683.3532207,6,6.3317,0.4331,0.0684
c2_42,1,1789031683.5732207,6,6.3317,0.4331,0.0684
c2_42,1,1789031683.7932208,6,6.3317,0.4331,0.0684
c2_42,1,1789031684.0132208,6,6.3317,0.4331,0.0684
c2_42,1,1789031684.2332208,6,6.3317,0.4331,0.0684
c2_42,1,1789031684.4532208,6,6.3317,0.4331,0.0684
c2_42,1,1789031684.6732209,6,6.3317,0.4331,0.0684
c2_42,1,1789031684.893221,6,6.3317,0.4331,0.0684
c2_42,1,1789031685.113221,6,6.3317,0.4331,0.0684
c2_42,1,1789031685.333221,6,6.3317,0.4331,0.0684
c2_42,1,1789031685.553221,6,6.3317,0.4331,0.0684
c2_42,1,1789031685.773221,6,6.3317,0.4331,0.0684
c2_42,1,1789031685.993221,6,6.3317,0.4331,0.0684
c2_42,1,1789031686.213221,6,6.3317,0.4331,0.0684
c2_42,1,1789031686.433221,6,6.3317,0.4331,0.0684
c2_42,1,1789031686.6532211,6,6.3317,0.4331,0.0684
c2_42,1,1789031686.8732212,6,6.3317,0.4331,0.0684
c2_42,1,1789031687.0932212,6,6.3317,0.4331,0.0684
c2_42,1,1789031687.3132212,6,6.3317,0.4331,0.0684
c2_42,1,1789031687.5332212,7,6.2877,0.4074,0.0648
c2_42,1,1789031687.7532213,7,6.2877,0.4074,0.0648
c2_42,1,1789031687.9732213,7,6.2877,0.4074,0.0648
c2_42,1,1789031688.1932213,7,6.2877,0.4074,0.0648
c2_42,1,1789031688.4132214,7,6.2877,0.4074,0.0648
c2_42,1,1789031688.6332214,7,6.2877,0.4074,0.0648
c2_42,1,1789031688.8532214,7,6.2877,0.4074,0.0648
c2_42,1,1789031689.0732214,7,6.2877,0.4074,0.0648
c2_42,1,1789031689.2932215,7,6.2877,0.4074,0.0648
c2_42,1,1789031689.5132215,7,6.2877,0.4074,0.0648
c2_42,1,1789031689.7332215,7,6.2877,0.4074,0.0648
c2_42,1,1789031689.9532216,7,6.2877,0.4074,0.0648
c2_42,1,1789031690.1732216,7,6.2877,0.4074,0.0648
c2_42,1,1789031690.3932216,7,6.2877,0.4074,0.0648
c2_42,1,1789031690.6132216,7,6.2877,0.4074,0.0648
c2_42,1,1789031690.8332217,7,6.2877,0.4074,0.0648
c2_42,1,1789031691.0532217,7,6.2877,0.4074,0.0648
c2_42,1,1789031691.2732217,7,6.2877,0.4074,0.0648
c2_42,1,1789031691.4932218,7,6.2877,0.4074,0.0648
c2_42,1,1789031691.7132218,7,6.2877,0.4074,0.0648
c2_42,1,1789031691.9332218,7,6.2877,0.4074,0.0648
c2_42,1,1789031692.1532218,7,6.2877,0.4074,0.0648
c2_42,1,1789031692.3732219,7,6.2877,0.4074,0.0648
c2_42,1,1789031692.593222,7,6.2877,0.4074,0.0648
c2_42,1,1789031692.813222,7,6.2877,0.4074,0.0648
c2_42,1,1789031693.033222,7,6.2877,0.4074,0.0648
c2_42,1,1789031693.253222,7,6.2877,0.4074,0.0648
c2_42,1,1789031693.473222,7,6.2877,0.4074,0.0648
c2_42,1,1789031693.693222,7,6.2877,0.4074,0.0648
c2_42,1,1789031693.913222,8,6.3256,0.3884,0.0614
c2_42,1,1789031694.133222,8,6.3256,0.3884,0.0614
c2_42,1,1789031694.3532221,8,6.3256,0.3884,0.0614
c2_42,1,1789031694.5732222,8,6.3256,0.3884,0.0614
c2_42,1,1789031694.7932222,8,6.3256,0.3884,0.0614
c2_42,1,1789031695.0132222,8,6.3256,0.3884,0.0614
c2_42,1,1789031695.2332222,8,6.3256,0.3884,0.0614
c2_42,1,1789031695.4532223,8,6.3256,0.3884,0.0614
c2_42,1,1789031695.6732223,8,6.3256,0.3884,0.0614
c2_42,1,1789031695.8932223,8,6.3256,0.3884,0.0614
c2_42,1,1789031696.1132224,8,6.3256,0.3884,0.0614
c2_42,1,1789031696.3332224,8,6.3256,0.3884,0.0614
c2_42,1,1789031696.5532224,8,6.3256,0.3884,0.0614
c2_42,1,1789031696.7732224,8,6.3256,0.3884,0.0614
c2_42,1,1789031696.9932225,8,6.3256,0.3884,0.0614
c2_42,1,1789031697.2132225,8,6.3256,0.3884,0.0614
c2_42,1,1789031697.4332225,8,6.3256,0.3884,0.0614
c2_42,1,1789031697.6532226,8,6.3256,0.3884,0.0614
c2_42,1,1789031697.8732226,8,6.3256,0.3884,0.0614
c2_42,1,1789031698.0932226,8,6.3256,0.3884,0.0614
c2_42,1,1789031698.3132226,8,6.3256,0.3884,0.0614
c2_42,1,1789031698.5332227,8,6.3256,0.3884,0.0614
c2_42,1,1789031698.7532227,8,6.3256,0.3884,0.0614
c2_42,1,1789031698.9732227,8,6.3256,0.3884,0.0614
c2_42,1,1789031699.1932228,8,6.3256,0.3884,0.0614
c2_42,1,1789031699.4132228,8,6.3256,0.3884,0.0614
c2_42,1,1789031699.6332228,8,6.3256,0.3884,0.0614
c2_42,1,1789031699.8532228,9,6.2612,0.4012,0.0641
c2_42,1,1789031700.0732229,9,6.2612,0.4012,0.0641
c2_42,1,1789031700.293223,9,6.2612,0.4012,0.0641
c2_42,1,1789031700.513223,9,6.2612,0.4012,0.0641
c2_42,1,1789031700.733223,9,6.2612,0.4012,0.0641
c2_42,1,1789031700.953223,9,6.2612,0.4012,0.0641
c2_42,1,1789031701.173223,9,6.2612,0.4012,0.0641
c2_42,1,1789031701.393223,9,6.2612,0.4012,0.0641
c2_42,1,1789031701.613223,9,6.2612,0.4012,0.0641
c2_42,1,1789031701.833223,9,6.2612,0.4012,0.0641
c2_42,1,1789031702.0532231,9,6.2612,0.4012,0.0641
c2_42,1,1789031702.2732232,9,6.2612,0.4012,0.0641
c2_42,1,1789031702.4932232,9,6.2612,0.4012,0.0641
c2_42,1,1789031702.7132232,9,6.2612,0.4012,0.0641
c2_42,1,1789031702.9332232,9,6.2612,0.4012,0.0641
c2_42,1,1789031703.1532233,9,6.2612,0.4012,0.0641
c2_42,1,1789031703.3732233,9,6.2612,0.4012,0.0641
c2_42,1,1789031703.5932233,9,6.2612,0.4012,0.0641
c2_42,1,1789031703.8132234,9,6.2612,0.4012,0.0641
c2_42,1,1789031704.0332234,9,6.2612,0.4012,0.0641
c2_42,1,1789031704.2532234,9,6.2612,0.4012,0.0641
c2_42,1,1789031704.4732234,9,6.2612,0.4012,0.0641
c2_42,1,1789031704.6932235,9,6.2612,0.4012,0.0641
c2_42,1,1789031704.9132235,9,6.2612,0.4012,0.0641
c2_42,1,1789031705.1332235,10,6.1567,0.4801,0.078
c2_42,1,1789031705.3532236,10,6.1567,0.4801,0.078
c2_42,1,1789031705.5732236,10,6.1567,0.4801,0.078
c2_42,1,1789031705.7932236,10,6.1567,0.4801,0.078
c2_42,1,1789031706.0132236,10,6.1567,0.4801,0.078
c2_42,1,1789031706.2332237,10,6.1567,0.4801,0.078
c2_42,1,1789031706.4532237,10,6.1567,0.4801,0.078
c2_42,1,1789031706.6732237,10,6.1567,0.4801,0.078
c2_42,1,1789031706.8932238,10,6.1567,0.4801,0.078
c2_42,1,1789031707.1132238,10,6.1567,0.4801,0.078
c2_42,1,1789031707.3332238,10,6.1567,0.4801,0.078
c2_42,1,1789031707.5532238,10,6.1567,0.4801,0.078
c2_42,1,1789031707.7732239,10,6.1567,0.4801,0.078
c2_42,1,1789031707.993224,10,6.1567,0.4801,0.078
c2_42,1,1789031708.213224,10,6.1567,0.4801,0.078
c2_42,1,1789031708.433224,10,6.1567,0.4801,0.078
c2_42,1,1789031708.653224,10,6.1567,0.4801,0.078
c2_42,1,1789031708.873224,10,6.1567,0.4801,0.078
c2_42,1,1789031709.093224,10,6.1567,0.4801,0.078
c2_42,1,1789031709.313224,10,6.1567,0.4801,0.078
c2_42,1,1789031709.533224,10,6.1567,0.4801,0.078
c2_42,1,1789031709.7532241,10,6.1567,0.4801,0.078
c2_42,1,1789031709.9732242,10,6.1567,0.4801,0.078
c2_42,1,1789031710.1932242,10,6.1567,0.4801,0.078
c2_42,1,1789031710.4132242,10,6.1567,0.4801,0.078
c2_42,1,1789031710.6332242,10,6.1567,0.4801,0.078
c2_42,1,1789031710.8532243,10,6.1567,0.4801,0.078
c2_42,1,1789031711.0732243,10,6.1567,0.4801,0.078
c2_42,1,1789031711.2932243,10,6.1567,0.4801,0.078
c2_42,1,1789031711.5132244,10,6.1567,0.4801,0.078
c2_42,1,1789031711.7332244,11,6.2097,0.4824,0.0777
c2_42,1,1789031711.9532244,11,6.2097,0.4824,0.0777
c2_42,1,1789031712.1732244,11,6.2097,0.4824,0.0777
c2_42,1,1789031712.3932245,11,6.2097,0.4824,0.0777
c2_42,1,1789031712.6132245,11,6.2097,0.4824,0.0777
c2_42,1,1789031712.8332245,11,6.2097,0.4824,0.0777
c2_42,1,1789031713.0532246,11,6.2097,0.4824,0.0777
c2_42,1,1789031713.2732246,11,6.2097,0.4824,0.0777
c2_42,1,1789031713.4932246,11,6.2097,0.4824,0.0777
c2_42,1,1789031713.7132246,11,6.2097,0.4824,0.0777
c2_42,1,1789031713.9332247,11,6.2097,0.4824,0.0777
c2_42,1,1789031714.1532247,11,6.2097,0.4824,0.0777
c2_42,1,1789031714.3732247,11,6.2097,0.4824,0.0777
c2_42,1,1789031714.5932248,11,6.2097,0.4824,0.0777
c2_42,1,1789031714.8132248,11,6.2097,0.4824,0.0777
c2_42,1,1789031715.0332248,11,6.2097,0.4824,0.0777
c2_42,1,1789031715.2532248,11,6.2097,0.4824,0.0777
c2_42,1,1789031715.4732249,11,6.2097,0.4824,0.0777
c2_42,1,1789031715.693225,11,6.2097,0.4824,0.0777
c2_42,1,1789031715.913225,11,6.2097,0.4824,0.0777
c2_42,1,1789031716.133225,11,6.2097,0.4824,0.0777
c2_42,1,1789031716.353225,11,6.2097,0.4824,0.0777
c2_42,1,1789031716.573225,11,6.2097,0.4824,0.0777
c2_42,1,1789031716.793225,11,6.2097,0.4824,0.0777
c2_42,1,1789031717.013225,11,6.2097,0.4824,0.0777
c2_42,1,1789031717.233225,11,6.2097,0.4824,0.0777
c2_42,1,1789031717.4532251,11,6.2097,0.4824,0.0777
c2_42,1,1789031717.6732252,11,6.2097,0.4824,0.0777
c2_42,1,1789031717.8932252,11,6.2097,0.4824,0.0777
c2_42,1,1789031718.1132252,12,6.2271,0.4632,0.0744
c2_42,1,1789031718.3332253,12,6.2271,0.4632,0.0744
c2_42,1,1789031718.5532253,12,6.2271,0.4632,0.0744
c2_42,1,1789031718.7732253,12,6.2271,0.4632,0.0744
c2_42,1,1789031718.9932253,12,6.2271,0.4632,0.0744
c2_42,1,1789031719.2132254,12,6.2271,0.4632,0.0744
c2_42,1,1789031719.4332254,12,6.2271,0.4632,0.0744
c2_42,1,1789031719.6532254,12,6.2271,0.4632,0.0744
c2_42,1,1789031719.8732255,12,6.2271,0.4632,0.0744
c2_42,1,1789031720.0932255,12,6.2271,0.4632,0.0744
c2_42,1,1789031720.3132255,12,6.2271,0.4632,0.0744
c2_42,1,1789031720.5332255,12,6.2271,0.4632,0.0744
c2_42,1,1789031720.7532256,12,6.2271,0.4632,0.0744
c2_42,1,1789031720.9732256,12,6.2271,0.4632,0.0744
c2_42,1,1789031721.1932256,12,6.2271,0.4632,0.0744
c2_42,1,1789031721.4132257,12,6.2271,0.4632,0.0744
c2_42,1,1789031721.6332257,12,6.2271,0.4632,0.0744
c2_42,1,1789031721.8532257,12,6.2271,0.4632,0.0744
c2_42,1,1789031722.0732257,12,6.2271,0.4632,0.0744
c2_42,1,1789031722.2932258,12,6.2271,0.4632,0.0744
c2_42,1,1789031722.5132258,12,6.2271,0.4632,0.0744
c2_42,1,1789031722.7332258,12,6.2271,0.4632,0.0744
c2_42,1,1789031722.9532259,12,6.2271,0.4632,0.0744
c2_42,1,1789031723.1732259,12,6.2271,0.4632,0.0744
c2_42,1,1789031723.393226,12,6.2271,0.4632,0.0744
c2_42,1,1789031723.613226,12,6.2271,0.4632,0.0744
c2_42,1,1789031723.833226,12,6.2271,0.4632,0.0744
c2_42,1,1789031724.053226,12,6.2271,0.4632,0.0744
c2_42,1,1789031724.273226,12,6.2271,0.4632,0.0744
c2_42,1,1789031724.493226,12,6.2271,0.4632,0.0744
c2_42,1,1789031724.713226,12,6.2271,0.4632,0.0744
c2_42,1,1789031724.933226,13,6.2661,0.4619,0.0737
c2_42,1,1789031725.1532261,13,6.2661,0.4619,0.0737
c2_42,1,1789031725.3732262,13,6.2661,0.4619,0.0737
c2_42,1,1789031725.5932262,13,6.2661,0.4619,0.0737
c2_42,1,1789031725.8132262,13,6.2661,0.4619,0.0737
c2_42,1,1789031726.0332263,13,6.2661,0.4619,0.0737
c2_42,1,1789031726.2532263,13,6.2661,0.4619,0.0737
c2_42,1,1789031726.4732263,13,6.2661,0.4619,0.0737
c2_42,1,1789031726.6932263,13,6.2661,0.4619,0.0737
c2_42,1,1789031726.9132264,13,6.2661,0.4619,0.0737
c2_42,1,1789031727.1332264,13,6.2661,0.4619,0.0737
c2_42,1,1789031727.3532264,13,6.2661,0.4619,0.0737
c2_42,1,1789031727.5732265,13,6.2661,0.4619,0.0737
c2_42,1,1789031727.7932265,13,6.2661,0.4619,0.0737
c2_42,1,1789031728.0132265,13,6.2661,0.4619,0.0737
c2_42,1,1789031728.2332265,13,6.2661,0.4619,0.0737
c2_42,1,1789031728.4532266,13,6.2661,0.4619,0.0737
c2_42,1,1789031728.6732266,13,6.2661,0.4619,0.0737
c2_42,1,1789031728.8932266,13,6.2661,0.4619,0.0737
c2_42,1,1789031729.1132267,13,6.2661,0.4619,0.0737
c2_42,1,1789031729.3332267,13,6.2661,0.4619,0.0737
c2_42,1,1789031729.5532267,13,6.2661,0.4619,0.0737
c2_42,1,1789031729.7732267,13,6.2661,0.4619,0.0737
benign_43,0,1789031736.552453,3,1.9791,1.3262,0.6701
benign_43,0,1789031736.772453,3,1.9791,1.3262,0.6701
benign_43,0,1789031736.992453,4,1.5123,1.2682,0.8386
benign_43,0,1789031737.2124531,4,1.5123,1.2682,0.8386
benign_43,0,1789031737.4324532,5,1.2192,1.2099,0.9924
benign_43,0,1789031737.6524532,5,1.2192,1.2099,0.9924
benign_43,0,1789031737.8724532,5,1.2192,1.2099,0.9924
benign_43,0,1789031738.0924532,5,1.2192,1.2099,0.9924
benign_43,0,1789031738.3124533,5,1.2192,1.2099,0.9924
benign_43,0,1789031738.5324533,5,1.2192,1.2099,0.9924
benign_43,0,1789031738.7524533,5,1.2192,1.2099,0.9924
benign_43,0,1789031738.9724534,5,1.2192,1.2099,0.9924
benign_43,0,1789031739.1924534,5,1.2192,1.2099,0.9924
benign_43,0,1789031739.4124534,5,1.2192,1.2099,0.9924
benign_43,0,1789031739.6324534,5,1.2192,1.2099,0.9924
benign_43,0,1789031739.8524535,5,1.2192,1.2099,0.9924
benign_43,0,1789031740.0724535,5,1.2192,1.2099,0.9924
benign_43,0,1789031740.2924535,5,1.2192,1.2099,0.9924
benign_43,0,1789031740.5124536,5,1.2192,1.2099,0.9924
benign_43,0,1789031740.7324536,5,1.2192,1.2099,0.9924
benign_43,0,1789031740.9524536,5,1.2192,1.2099,0.9924
benign_43,0,1789031741.1724536,5,1.2192,1.2099,0.9924
benign_43,0,1789031741.3924537,5,1.2192,1.2099,0.9924
benign_43,0,1789031741.6124537,5,1.2192,1.2099,0.9924
benign_43,0,1789031741.8324537,5,1.2192,1.2099,0.9924
benign_43,0,1789031742.0524538,5,1.2192,1.2099,0.9924
benign_43,0,1789031742.2724538,5,1.2192,1.2099,0.9924
benign_43,0,1789031742.4924538,5,1.2192,1.2099,0.9924
benign_43,0,1789031742.7124538,5,1.2192,1.2099,0.9924
benign_43,0,1789031742.9324539,5,1.2192,1.2099,0.9924
benign_43,0,1789031743.152454,5,1.2192,1.2099,0.9924
benign_43,0,1789031743.372454,5,1.2192,1.2099,0.9924
benign_43,0,1789031743.592454,5,1.2192,1.2099,0.9924
benign_43,0,1789031743.812454,5,1.2192,1.2099,0.9924
benign_43,0,1789031744.032454,5,1.2192,1.2099,0.9924
benign_43,0,1789031744.252454,5,1.2192,1.2099,0.9924
benign_43,0,1789031744.472454,5,1.2192,1.2099,0.9924
benign_43,0,1789031744.692454,5,1.2192,1.2099,0.9924
benign_43,0,1789031744.9124541,5,1.2192,1.2099,0.9924
benign_43,0,1789031745.1324542,5,1.2192,1.2099,0.9924
benign_43,0,1789031745.3524542,5,1.2192,1.2099,0.9924
benign_43,0,1789031745.5724542,5,1.2192,1.2099,0.9924
benign_43,0,1789031745.7924542,5,1.2192,1.2099,0.9924
benign_43,0,1789031746.0124543,5,1.2192,1.2099,0.9924
benign_43,0,1789031746.2324543,5,1.2192,1.2099,0.9924
benign_43,0,1789031746.4524543,5,1.2192,1.2099,0.9924
benign_43,0,1789031746.6724544,5,1.2192,1.2099,0.9924
benign_43,0,1789031746.8924544,5,1.2192,1.2099,0.9924
benign_43,0,1789031747.1124544,5,1.2192,1.2099,0.9924
benign_43,0,1789031747.3324544,6,2.9785,3.6813,1.2359
benign_43,0,1789031747.5524545,6,2.9785,3.6813,1.2359
benign_43,0,1789031747.7724545,6,2.9785,3.6813,1.2359
benign_43,0,1789031747.9924545,6,2.9785,3.6813,1.2359
benign_43,0,1789031748.2124546,6,2.9785,3.6813,1.2359
benign_43,0,1789031748.4324546,6,2.9785,3.6813,1.2359
benign_43,0,1789031748.6524546,6,2.9785,3.6813,1.2359
benign_43,0,1789031748.8724546,6,2.9785,3.6813,1.2359
benign_43,0,1789031749.0924547,7,2.7492,3.3994,1.2365
benign_43,0,1789031749.3124547,7,2.7492,3.3994,1.2365
benign_43,0,1789031749.5324547,7,2.7492,3.3994,1.2365
benign_43,0,1789031749.7524548,7,2.7492,3.3994,1.2365
benign_43,0,1789031749.9724548,7,2.7492,3.3994,1.2365
benign_43,0,1789031750.1924548,7,2.7492,3.3994,1.2365
benign_43,0,1789031750.4124548,7,2.7492,3.3994,1.2365
benign_43,0,1789031750.6324549,7,2.7492,3.3994,1.2365
benign_43,0,1789031750.852455,7,2.7492,3.3994,1.2365
benign_43,0,1789031751.072455,7,2.7492,3.3994,1.2365
benign_43,0,1789031751.292455,7,2.7492,3.3994,1.2365
benign_43,0,1789031751.512455,7,2.7492,3.3994,1.2365
benign_43,0,1789031751.732455,7,2.7492,3.3994,1.2365
benign_43,0,1789031751.952455,7,2.7492,3.3994,1.2365
benign_43,0,1789031752.172455,7,2.7492,3.3994,1.2365
benign_43,0,1789031752.392455,7,2.7492,3.3994,1.2365
benign_43,0,1789031752.6124551,7,2.7492,3.3994,1.2365
benign_43,0,1789031752.8324552,7,2.7492,3.3994,1.2365
benign_43,0,1789031753.0524552,7,2.7492,3.3994,1.2365
benign_43,0,1789031753.2724552,7,2.7492,3.3994,1.2365
benign_43,0,1789031753.4924552,7,2.7492,3.3994,1.2365
benign_43,0,1789031753.7124553,7,2.7492,3.3994,1.2365
benign_43,0,1789031753.9324553,7,2.7492,3.3994,1.2365
benign_43,0,1789031754.1524553,7,2.7492,3.3994,1.2365
benign_43,0,1789031754.3724554,7,2.7492,3.3994,1.2365
benign_43,0,1789031754.5924554,7,2.7492,3.3994,1.2365
c2_43,1,1789031765.8220015,3,3.586,0.0922,0.0257
c2_43,1,1789031766.0420015,3,3.586,0.0922,0.0257
c2_43,1,1789031766.2620015,3,3.586,0.0922,0.0257
c2_43,1,1789031766.4820015,3,3.586,0.0922,0.0257
c2_43,1,1789031766.7020016,3,3.586,0.0922,0.0257
c2_43,1,1789031766.9220016,3,3.586,0.0922,0.0257
c2_43,1,1789031767.1420016,3,3.586,0.0922,0.0257
c2_43,1,1789031767.3620017,3,3.586,0.0922,0.0257
c2_43,1,1789031767.5820017,3,3.586,0.0922,0.0257
c2_43,1,1789031767.8020017,3,3.586,0.0922,0.0257
c2_43,1,1789031768.0220017,3,3.586,0.0922,0.0257
c2_43,1,1789031768.2420018,3,3.586,0.0922,0.0257
c2_43,1,1789031768.4620018,3,3.586,0.0922,0.0257
c2_43,1,1789031768.6820018,3,3.586,0.0922,0.0257
c2_43,1,1789031768.9020019,3,3.586,0.0922,0.0257
c2_43,1,1789031769.122002,3,3.586,0.0922,0.0257
c2_43,1,1789031769.342002,3,3.586,0.0922,0.0257
c2_43,1,1789031769.562002,4,3.6393,0.1065,0.0293
c2_43,1,1789031769.782002,4,3.6393,0.1065,0.0293
c2_43,1,1789031770.002002,4,3.6393,0.1065,0.0293
c2_43,1,1789031770.222002,4,3.6393,0.1065,0.0293
c2_43,1,1789031770.442002,4,3.6393,0.1065,0.0293
c2_43,1,1789031770.662002,4,3.6393,0.1065,0.0293
c2_43,1,1789031770.882002,4,3.6393,0.1065,0.0293
c2_43,1,1789031771.1020021,4,3.6393,0.1065,0.0293
c2_43,1,1789031771.3220022,4,3.6393,0.1065,0.0293
c2_43,1,1789031771.5420022,4,3.6393,0.1065,0.0293
c2_43,1,1789031771.7620022,4,3.6393,0.1065,0.0293
c2_43,1,1789031771.9820023,4,3.6393,0.1065,0.0293
c2_43,1,1789031772.2020023,4,3.6393,0.1065,0.0293
c2_43,1,1789031772.4220023,4,3.6393,0.1065,0.0293
c2_43,1,1789031772.6420023,4,3.6393,0.1065,0.0293
c2_43,1,1789031772.8620024,4,3.6393,0.1065,0.0293
c2_43,1,1789031773.0820024,4,3.6393,0.1065,0.0293
c2_43,1,1789031773.3020024,5,3.6402,0.0922,0.0253
c2_43,1,1789031773.5220025,5,3.6402,0.0922,0.0253
c2_43,1,1789031773.7420025,5,3.6402,0.0922,0.0253
c2_43,1,1789031773.9620025,5,3.6402,0.0922,0.0253
c2_43,1,1789031774.1820025,5,3.6402,0.0922,0.0253
c2_43,1,1789031774.4020026,5,3.6402,0.0922,0.0253
c2_43,1,1789031774.6220026,5,3.6402,0.0922,0.0253
c2_43,1,1789031774.8420026,5,3.6402,0.0922,0.0253
c2_43,1,1789031775.0620027,5,3.6402,0.0922,0.0253
c2_43,1,1789031775.2820027,5,3.6402,0.0922,0.0253
c2_43,1,1789031775.5020027,5,3.6402,0.0922,0.0253
c2_43,1,1789031775.7220027,5,3.6402,0.0922,0.0253
c2_43,1,1789031775.9420028,5,3.6402,0.0922,0.0253
c2_43,1,1789031776.1620028,5,3.6402,0.0922,0.0253
c2_43,1,1789031776.3820028,6,3.5381,0.2203,0.0623
c2_43,1,1789031776.6020029,6,3.5381,0.2203,0.0623
c2_43,1,1789031776.822003,6,3.5381,0.2203,0.0623
c2_43,1,1789031777.042003,6,3.5381,0.2203,0.0623
c2_43,1,1789031777.262003,6,3.5381,0.2203,0.0623
c2_43,1,1789031777.482003,6,3.5381,0.2203,0.0623
c2_43,1,1789031777.702003,6,3.5381,0.2203,0.0623
c2_43,1,1789031777.922003,6,3.5381,0.2203,0.0623
c2_43,1,1789031778.142003,6,3.5381,0.2203,0.0623
c2_43,1,1789031778.362003,6,3.5381,0.2203,0.0623
c2_43,1,1789031778.582003,6,3.5381,0.2203,0.0623
c2_43,1,1789031778.8020031,6,3.5381,0.2203,0.0623
c2_43,1,1789031779.0220032,6,3.5381,0.2203,0.0623
c2_43,1,1789031779.2420032,7,3.4419,0.2944,0.0855
c2_43,1,1789031779.4620032,7,3.4419,0.2944,0.0855
c2_43,1,1789031779.6820033,7,3.4419,0.2944,0.0855
c2_43,1,1789031779.9020033,7,3.4419,0.2944,0.0855
c2_43,1,1789031780.1220033,7,3.4419,0.2944,0.0855
c2_43,1,1789031780.3420033,7,3.4419,0.2944,0.0855
c2_43,1,1789031780.5620034,7,3.4419,0.2944,0.0855
c2_43,1,1789031780.7820034,7,3.4419,0.2944,0.0855
c2_43,1,1789031781.0020034,7,3.4419,0.2944,0.0855
c2_43,1,1789031781.2220035,7,3.4419,0.2944,0.0855
c2_43,1,1789031781.4420035,7,3.4419,0.2944,0.0855
c2_43,1,1789031781.6620035,7,3.4419,0.2944,0.0855
c2_43,1,1789031781.8820035,7,3.4419,0.2944,0.0855
c2_43,1,1789031782.1020036,7,3.4419,0.2944,0.0855
c2_43,1,1789031782.3220036,8,3.3813,0.3104,0.0918
c2_43,1,1789031782.5420036,8,3.3813,0.3104,0.0918
c2_43,1,1789031782.7620037,8,3.3813,0.3104,0.0918
c2_43,1,1789031782.9820037,8,3.3813,0.3104,0.0918
c2_43,1,1789031783.2020037,8,3.3813,0.3104,0.0918
c2_43,1,1789031783.4220037,8,3.3813,0.3104,0.0918
c2_43,1,1789031783.6420038,8,3.3813,0.3104,0.0918
c2_43,1,1789031783.8620038,8,3.3813,0.3104,0.0918
c2_43,1,1789031784.0820038,8,3.3813,0.3104,0.0918
c2_43,1,1789031784.3020039,8,3.3813,0.3104,0.0918
c2_43,1,1789031784.522004,8,3.3813,0.3104,0.0918
c2_43,1,1789031784.742004,8,3.3813,0.3104,0.0918
c2_43,1,1789031784.962004,8,3.3813,0.3104,0.0918
c2_43,1,1789031785.182004,8,3.3813,0.3104,0.0918
c2_43,1,1789031785.402004,8,3.3813,0.3104,0.0918
c2_43,1,1789031785.622004,8,3.3813,0.3104,0.0918
c2_43,1,1789031785.842004,8,3.3813,0.3104,0.0918
c2_43,1,1789031786.062004,9,3.4168,0.3051,0.0893
c2_43,1,1789031786.282004,9,3.4168,0.3051,0.0893
c2_43,1,1789031786.5020041,9,3.4168,0.3051,0.0893
c2_43,1,1789031786.7220042,9,3.4168,0.3051,0.0893
c2_43,1,1789031786.9420042,9,3.4168,0.3051,0.0893
c2_43,1,1789031787.1620042,9,3.4168,0.3051,0.0893
c2_43,1,1789031787.3820043,9,3.4168,0.3051,0.0893
c2_43,1,1789031787.6020043,9,3.4168,0.3051,0.0893
c2_43,1,1789031787.8220043,9,3.4168,0.3051,0.0893
c2_43,1,1789031788.0420043,9,3.4168,0.3051,0.0893
c2_43,1,1789031788.2620044,9,3.4168,0.3051,0.0893
c2_43,1,1789031788.4820044,9,3.4168,0.3051,0.0893
c2_43,1,1789031788.7020044,9,3.4168,0.3051,0.0893
c2_43,1,1789031788.9220045,9,3.4168,0.3051,0.0893
c2_43,1,1789031789.1420045,9,3.4168,0.3051,0.0893
c2_43,1,1789031789.3620045,10,3.4027,0.2904,0.0854
c2_43,1,1789031789.5820045,10,3.4027,0.2904,0.0854
c2_43,1,1789031789.8020046,10,3.4027,0.2904,0.0854
c2_43,1,1789031790.0220046,10,3.4027,0.2904,0.0854
c2_43,1,1789031790.2420046,10,3.4027,0.2904,0.0854
c2_43,1,1789031790.4620047,10,3.4027,0.2904,0.0854
c2_43,1,1789031790.6820047,10,3.4027,0.2904,0.0854
c2_43,1,1789031790.9020047,10,3.4027,0.2904,0.0854
c2_43,1,1789031791.1220047,10,3.4027,0.2904,0.0854
c2_43,1,1789031791.3420048,10,3.4027,0.2904,0.0854
c2_43,1,1789031791.5620048,10,3.4027,0.2904,0.0854
c2_43,1,1789031791.7820048,10,3.4027,0.2904,0.0854
c2_44,1,1789031838.065701,3,4.7749,0.2503,0.0524
c2_44,1,1789031838.285701,3,4.7749,0.2503,0.0524
c2_44,1,1789031838.505701,3,4.7749,0.2503,0.0524
c2_44,1,1789031838.725701,3,4.7749,0.2503,0.0524
c2_44,1,1789031838.9457011,3,4.7749,0.2503,0.0524
c2_44,1,1789031839.1657012,3,4.7749,0.2503,0.0524
c2_44,1,1789031839.3857012,3,4.7749,0.2503,0.0524
c2_44,1,1789031839.6057012,3,4.7749,0.2503,0.0524
c2_44,1,1789031839.8257012,3,4.7749,0.2503,0.0524
c2_44,1,1789031840.0457013,3,4.7749,0.2503,0.0524
c2_44,1,1789031840.2657013,3,4.7749,0.2503,0.0524
c2_44,1,1789031840.4857013,3,4.7749,0.2503,0.0524
c2_44,1,1789031840.7057014,3,4.7749,0.2503,0.0524
c2_44,1,1789031840.9257014,3,4.7749,0.2503,0.0524
c2_44,1,1789031841.1457014,3,4.7749,0.2503,0.0524
c2_44,1,1789031841.3657014,3,4.7749,0.2503,0.0524
c2_44,1,1789031841.5857015,3,4.7749,0.2503,0.0524
c2_44,1,1789031841.8057015,3,4.7749,0.2503,0.0524
c2_44,1,1789031842.0257015,3,4.7749,0.2503,0.0524
c2_44,1,1789031842.2457016,3,4.7749,0.2503,0.0524
c2_44,1,1789031842.4657016,3,4.7749,0.2503,0.0524
c2_44,1,1789031842.6857016,3,4.7749,0.2503,0.0524
c2_44,1,1789031842.9057016,4,4.7894,0.2054,0.0429
c2_44,1,1789031843.1257017,4,4.7894,0.2054,0.0429
c2_44,1,1789031843.3457017,4,4.7894,0.2054,0.0429
c2_44,1,1789031843.5657017,4,4.7894,0.2054,0.0429
c2_44,1,1789031843.7857018,4,4.7894,0.2054,0.0429
c2_44,1,1789031844.0057018,4,4.7894,0.2054,0.0429
c2_44,1,1789031844.2257018,4,4.7894,0.2054,0.0429
c2_44,1,1789031844.4457018,4,4.7894,0.2054,0.0429
c2_44,1,1789031844.6657019,4,4.7894,0.2054,0.0429
c2_44,1,1789031844.885702,4,4.7894,0.2054,0.0429
c2_44,1,1789031845.105702,4,4.7894,0.2054,0.0429
c2_44,1,1789031845.325702,4,4.7894,0.2054,0.0429
c2_44,1,1789031845.545702,4,4.7894,0.2054,0.0429
c2_44,1,1789031845.765702,4,4.7894,0.2054,0.0429
c2_44,1,1789031845.985702,4,4.7894,0.2054,0.0429
c2_44,1,1789031846.205702,4,4.7894,0.2054,0.0429
c2_44,1,1789031846.425702,4,4.7894,0.2054,0.0429
c2_44,1,1789031846.6457021,4,4.7894,0.2054,0.0429
c2_44,1,1789031846.8657022,4,4.7894,0.2054,0.0429
c2_44,1,1789031847.0857022,4,4.7894,0.2054,0.0429
c2_44,1,1789031847.3057022,4,4.7894,0.2054,0.0429
c2_44,1,1789031847.5257022,4,4.7894,0.2054,0.0429
c2_44,1,1789031847.7457023,4,4.7894,0.2054,0.0429
c2_44,1,1789031847.9657023,5,4.845,0.2023,0.0417
c2_44,1,1789031848.1857023,5,4.845,0.2023,0.0417
c2_44,1,1789031848.4057024,5,4.845,0.2023,0.0417
c2_44,1,1789031848.6257024,5,4.845,0.2023,0.0417
c2_44,1,1789031848.8457024,5,4.845,0.2023,0.0417
c2_44,1,1789031849.0657024,5,4.845,0.2023,0.0417
c2_44,1,1789031849.2857025,5,4.845,0.2023,0.0417
c2_44,1,1789031849.5057025,5,4.845,0.2023,0.0417
c2_44,1,1789031849.7257025,5,4.845,0.2023,0.0417
c2_44,1,1789031849.9457026,5,4.845,0.2023,0.0417
c2_44,1,1789031850.1657026,5,4.845,0.2023,0.0417
c2_44,1,1789031850.3857026,5,4.845,0.2023,0.0417
c2_44,1,1789031850.6057026,5,4.845,0.2023,0.0417
c2_44,1,1789031850.8257027,5,4.845,0.2023,0.0417
c2_44,1,1789031851.0457027,5,4.845,0.2023,0.0417
c2_44,1,1789031851.2657027,5,4.845,0.2023,0.0417
c2_44,1,1789031851.4857028,5,4.845,0.2023,0.0417
c2_44,1,1789031851.7057028,5,4.845,0.2023,0.0417
c2_44,1,1789031851.9257028,5,4.845,0.2023,0.0417
c2_44,1,1789031852.1457028,5,4.845,0.2023,0.0417
c2_44,1,1789031852.3657029,5,4.845,0.2023,0.0417
c2_44,1,1789031852.585703,6,4.805,0.1978,0.0412
c2_44,1,1789031852.805703,6,4.805,0.1978,0.0412
c2_44,1,1789031853.025703,6,4.805,0.1978,0.0412
c2_44,1,1789031853.245703,6,4.805,0.1978,0.0412
c2_44,1,1789031853.465703,6,4.805,0.1978,0.0412
c2_44,1,1789031853.685703,6,4.805,0.1978,0.0412
c2_44,1,1789031853.905703,6,4.805,0.1978,0.0412
c2_44,1,1789031854.125703,6,4.805,0.1978,0.0412
c2_44,1,1789031854.3457031,6,4.805,0.1978,0.0412
c2_44,1,1789031854.5657032,6,4.805,0.1978,0.0412
c2_44,1,1789031854.7857032,6,4.805,0.1978,0.0412
c2_44,1,1789031855.0057032,6,4.805,0.1978,0.0412
c2_44,1,1789031855.2257032,6,4.805,0.1978,0.0412
c2_44,1,1789031855.4457033,6,4.805,0.1978,0.0412
c2_44,1,1789031855.6657033,6,4.805,0.1978,0.0412
c2_44,1,1789031855.8857033,6,4.805,0.1978,0.0412
c2_44,1,1789031856.1057034,6,4.805,0.1978,0.0412
c2_44,1,1789031856.3257034,6,4.805,0.1978,0.0412
c2_44,1,1789031856.5457034,6,4.805,0.1978,0.0412
c2_44,1,1789031856.7657034,6,4.805,0.1978,0.0412
c2_44,1,1789031856.9857035,6,4.805,0.1978,0.0412
c2_44,1,1789031857.2057035,6,4.805,0.1978,0.0412
c2_44,1,1789031857.4257035,6,4.805,0.1978,0.0412
c2_44,1,1789031857.6457036,6,4.805,0.1978,0.0412
c2_44,1,1789031857.8657036,6,4.805,0.1978,0.0412
c2_44,1,1789031858.0857036,6,4.805,0.1978,0.0412
c2_44,1,1789031858.3057036,7,4.942,0.3556,0.072
c2_44,1,1789031858.5257037,7,4.942,0.3556,0.072
c2_44,1,1789031858.7457037,7,4.942,0.3556,0.072
c2_44,1,1789031858.9657037,7,4.942,0.3556,0.072
c2_44,1,1789031859.1857038,7,4.942,0.3556,0.072
c2_44,1,1789031859.4057038,7,4.942,0.3556,0.072
c2_44,1,1789031859.6257038,7,4.942,0.3556,0.072
c2_44,1,1789031859.8457038,7,4.942,0.3556,0.072
c2_44,1,1789031860.0657039,7,4.942,0.3556,0.072
c2_44,1,1789031860.285704,7,4.942,0.3556,0.072
c2_44,1,1789031860.505704,7,4.942,0.3556,0.072
c2_44,1,1789031860.725704,7,4.942,0.3556,0.072
c2_44,1,1789031860.945704,7,4.942,0.3556,0.072
c2_44,1,1789031861.165704,7,4.942,0.3556,0.072
c2_44,1,1789031861.385704,7,4.942,0.3556,0.072
c2_44,1,1789031861.605704,7,4.942,0.3556,0.072
c2_44,1,1789031861.825704,7,4.942,0.3556,0.072
c2_44,1,1789031862.0457041,7,4.942,0.3556,0.072
c2_44,1,1789031862.2657042,7,4.942,0.3556,0.072
c2_44,1,1789031862.4857042,7,4.942,0.3556,0.072
c2_44,1,1789031862.7057042,7,4.942,0.3556,0.072
c2_44,1,1789031862.9257042,7,4.942,0.3556,0.072
c2_44,1,1789031863.1457043,7,4.942,0.3556,0.072
c2_44,1,1789031863.3657043,7,4.942,0.3556,0.072
c2_44,1,1789031863.5857043,7,4.942,0.3556,0.072
c2_44,1,1789031863.8057044,7,4.942,0.3556,0.072
c2_44,1,1789031864.0257044,8,5.0465,0.417,0.0826
c2_44,1,1789031864.2457044,8,5.0465,0.417,0.0826
c2_44,1,1789031864.4657044,8,5.0465,0.417,0.0826
c2_44,1,1789031864.6857045,8,5.0465,0.417,0.0826
c2_44,1,1789031864.9057045,8,5.0465,0.417,0.0826
c2_44,1,1789031865.1257045,8,5.0465,0.417,0.0826
c2_44,1,1789031865.3457046,8,5.0465,0.417,0.0826
c2_44,1,1789031865.5657046,8,5.0465,0.417,0.0826
c2_44,1,1789031865.7857046,8,5.0465,0.417,0.0826
c2_44,1,1789031866.0057046,8,5.0465,0.417,0.0826
c2_44,1,1789031866.2257047,8,5.0465,0.417,0.0826
c2_44,1,1789031866.4457047,8,5.0465,0.417,0.0826
c2_44,1,1789031866.6657047,8,5.0465,0.417,0.0826
c2_44,1,1789031866.8857048,8,5.0465,0.417,0.0826
c2_44,1,1789031867.1057048,8,5.0465,0.417,0.0826
c2_44,1,1789031867.3257048,8,5.0465,0.417,0.0826
c2_44,1,1789031867.5457048,8,5.0465,0.417,0.0826
c2_44,1,1789031867.7657049,8,5.0465,0.417,0.0826
c2_44,1,1789031867.985705,8,5.0465,0.417,0.0826
c2_44,1,1789031868.205705,8,5.0465,0.417,0.0826
c2_44,1,1789031868.425705,8,5.0465,0.417,0.0826
c2_44,1,1789031868.645705,8,5.0465,0.417,0.0826
c2_44,1,1789031868.865705,8,5.0465,0.417,0.0826
c2_44,1,1789031869.085705,9,5.0706,0.3953,0.078
c2_44,1,1789031869.305705,9,5.0706,0.3953,0.078
c2_44,1,1789031869.525705,9,5.0706,0.3953,0.078
c2_44,1,1789031869.7457051,9,5.0706,0.3953,0.078
c2_44,1,1789031869.9657052,9,5.0706,0.3953,0.078
c2_44,1,1789031870.1857052,9,5.0706,0.3953,0.078
c2_44,1,1789031870.4057052,9,5.0706,0.3953,0.078
c2_44,1,1789031870.6257052,9,5.0706,0.3953,0.078
c2_44,1,1789031870.8457053,9,5.0706,0.3953,0.078
c2_44,1,1789031871.0657053,9,5.0706,0.3953,0.078
c2_44,1,1789031871.2857053,9,5.0706,0.3953,0.078
c2_44,1,1789031871.5057054,9,5.0706,0.3953,0.078
c2_44,1,1789031871.7257054,9,5.0706,0.3953,0.078
c2_44,1,1789031871.9457054,9,5.0706,0.3953,0.078
c2_44,1,1789031872.1657054,9,5.0706,0.3953,0.078
c2_44,1,1789031872.3857055,9,5.0706,0.3953,0.078
c2_44,1,1789031872.6057055,9,5.0706,0.3953,0.078
c2_44,1,1789031872.8257055,9,5.0706,0.3953,0.078
c2_44,1,1789031873.0457056,9,5.0706,0.3953,0.078
c2_44,1,1789031873.2657056,9,5.0706,0.3953,0.078
c2_44,1,1789031873.4857056,9,5.0706,0.3953,0.078
c2_44,1,1789031873.7057056,9,5.0706,0.3953,0.078
c2_44,1,1789031873.9257057,9,5.0706,0.3953,0.078
c2_44,1,1789031874.1457057,10,5.0561,0.3749,0.0742
c2_44,1,1789031874.3657057,10,5.0561,0.3749,0.0742
c2_44,1,1789031874.5857058,10,5.0561,0.3749,0.0742
c2_44,1,1789031874.8057058,10,5.0561,0.3749,0.0742
c2_44,1,1789031875.0257058,10,5.0561,0.3749,0.0742
c2_44,1,1789031875.2457058,10,5.0561,0.3749,0.0742
c2_44,1,1789031875.4657059,10,5.0561,0.3749,0.0742
c2_44,1,1789031875.685706,10,5.0561,0.3749,0.0742
c2_44,1,1789031875.905706,10,5.0561,0.3749,0.0742
c2_44,1,1789031876.125706,10,5.0561,0.3749,0.0742
c2_44,1,1789031876.345706,10,5.0561,0.3749,0.0742
c2_44,1,1789031876.565706,10,5.0561,0.3749,0.0742
c2_44,1,1789031876.785706,10,5.0561,0.3749,0.0742
c2_44,1,1789031877.005706,10,5.0561,0.3749,0.0742
c2_44,1,1789031877.225706,10,5.0561,0.3749,0.0742
c2_44,1,1789031877.4457061,10,5.0561,0.3749,0.0742
c2_44,1,1789031877.6657062,10,5.0561,0.3749,0.0742
c2_44,1,1789031877.8857062,10,5.0561,0.3749,0.0742
c2_44,1,1789031878.1057062,10,5.0561,0.3749,0.0742
c2_44,1,1789031878.3257062,10,5.0561,0.3749,0.0742
c2_44,1,1789031878.5457063,10,5.0561,0.3749,0.0742
c2_44,1,1789031878.7657063,10,5.0561,0.3749,0.0742
c2_44,1,1789031878.9857063,10,5.0561,0.3749,0.0742
c2_44,1,1789031879.2057064,10,5.0561,0.3749,0.0742
c2_44,1,1789031879.4257064,10,5.0561,0.3749,0.0742
c2_44,1,1789031879.6457064,11,5.1119,0.393,0.0769
c2_44,1,1789031879.8657064,11,5.1119,0.393,0.0769
c2_44,1,1789031880.0857065,11,5.1119,0.393,0.0769
c2_44,1,1789031880.3057065,11,5.1119,0.393,0.0769
c2_44,1,1789031880.5257065,11,5.1119,0.393,0.0769
c2_44,1,1789031880.7457066,11,5.1119,0.393,0.0769
c2_44,1,1789031880.9657066,11,5.1119,0.393,0.0769
c2_44,1,1789031881.1857066,11,5.1119,0.393,0.0769
c2_44,1,1789031881.4057066,11,5.1119,0.393,0.0769
c2_44,1,1789031881.6257067,11,5.1119,0.393,0.0769
c2_44,1,1789031881.8457067,11,5.1119,0.393,0.0769
c2_44,1,1789031882.0657067,11,5.1119,0.393,0.0769
c2_44,1,1789031882.2857068,11,5.1119,0.393,0.0769
c2_44,1,1789031882.5057068,11,5.1119,0.393,0.0769
c2_44,1,1789031882.7257068,11,5.1119,0.393,0.0769
c2_44,1,1789031882.9457068,11,5.1119,0.393,0.0769
c2_44,1,1789031883.1657069,11,5.1119,0.393,0.0769
c2_44,1,1789031883.385707,11,5.1119,0.393,0.0769
c2_44,1,1789031883.605707,11,5.1119,0.393,0.0769
c2_44,1,1789031883.825707,11,5.1119,0.393,0.0769
c2_44,1,1789031884.045707,11,5.1119,0.393,0.0769
c2_44,1,1789031884.265707,11,5.1119,0.393,0.0769
c2_44,1,1789031884.485707,11,5.1119,0.393,0.0769
c2_44,1,1789031884.705707,11,5.1119,0.393,0.0769
c2_44,1,1789031884.925707,11,5.1119,0.393,0.0769
c2_44,1,1789031885.1457071,11,5.1119,0.393,0.0769
c2_44,1,1789031885.3657072,12,5.157,0.401,0.0778
c2_44,1,1789031885.5857072,12,5.157,0.401,0.0778
c2_44,1,1789031885.8057072,12,5.157,0.401,0.0778
c2_44,1,1789031886.0257072,12,5.157,0.401,0.0778
c2_44,1,1789031886.2457073,12,5.157,0.401,0.0778
c2_44,1,1789031886.4657073,12,5.157,0.401,0.0778
c2_44,1,1789031886.6857073,12,5.157,0.401,0.0778
c2_44,1,1789031886.9057074,12,5.157,0.401,0.0778
c2_44,1,1789031887.1257074,12,5.157,0.401,0.0778
c2_44,1,1789031887.3457074,12,5.157,0.401,0.0778
c2_44,1,1789031887.5657074,12,5.157,0.401,0.0778
c2_44,1,1789031887.7857075,12,5.157,0.401,0.0778
c2_44,1,1789031888.0057075,12,5.157,0.401,0.0778
c2_44,1,1789031888.2257075,12,5.157,0.401,0.0778
c2_44,1,1789031888.4457076,12,5.157,0.401,0.0778
c2_44,1,1789031888.6657076,12,5.157,0.401,0.0778
c2_44,1,1789031888.8857076,12,5.157,0.401,0.0778
benign_45,0,1789031897.025503,3,3.1354,0.8676,0.2767
benign_45,0,1789031897.245503,3,3.1354,0.8676,0.2767
benign_45,0,1789031897.465503,3,3.1354,0.8676,0.2767
benign_45,0,1789031897.685503,3,3.1354,0.8676,0.2767
benign_45,0,1789031897.905503,3,3.1354,0.8676,0.2767
benign_45,0,1789031898.125503,3,3.1354,0.8676,0.2767
benign_45,0,1789031898.345503,4,2.5154,1.1272,0.4481
benign_45,0,1789031898.5655031,4,2.5154,1.1272,0.4481
benign_45,0,1789031898.7855031,4,2.5154,1.1272,0.4481
benign_45,0,1789031899.0055032,4,2.5154,1.1272,0.4481
benign_45,0,1789031899.2255032,4,2.5154,1.1272,0.4481
benign_45,0,1789031899.4455032,4,2.5154,1.1272,0.4481
benign_45,0,1789031899.6655033,5,2.2544,1.0758,0.4772
benign_45,0,1789031899.8855033,5,2.2544,1.0758,0.4772
benign_45,0,1789031900.1055033,5,2.2544,1.0758,0.4772
benign_45,0,1789031900.3255033,5,2.2544,1.0758,0.4772
benign_45,0,1789031900.5455034,5,2.2544,1.0758,0.4772
benign_45,0,1789031900.7655034,5,2.2544,1.0758,0.4772
benign_45,0,1789031900.9855034,5,2.2544,1.0758,0.4772
benign_45,0,1789031901.2055035,5,2.2544,1.0758,0.4772
benign_45,0,1789031901.4255035,5,2.2544,1.0758,0.4772
benign_45,0,1789031901.6455035,5,2.2544,1.0758,0.4772
benign_45,0,1789031901.8655035,5,2.2544,1.0758,0.4772
benign_45,0,1789031902.0855036,5,2.2544,1.0758,0.4772
benign_45,0,1789031902.3055036,5,2.2544,1.0758,0.4772
benign_45,0,1789031902.5255036,5,2.2544,1.0758,0.4772
benign_45,0,1789031902.7455037,5,2.2544,1.0758,0.4772
benign_45,0,1789031902.9655037,5,2.2544,1.0758,0.4772
benign_45,0,1789031903.1855037,5,2.2544,1.0758,0.4772
benign_45,0,1789031903.4055037,5,2.2544,1.0758,0.4772
benign_45,0,1789031903.6255038,5,2.2544,1.0758,0.4772
benign_45,0,1789031903.8455038,5,2.2544,1.0758,0.4772
benign_45,0,1789031904.0655038,5,2.2544,1.0758,0.4772
benign_45,0,1789031904.2855039,5,2.2544,1.0758,0.4772
benign_45,0,1789031904.505504,5,2.2544,1.0758,0.4772
benign_45,0,1789031904.725504,5,2.2544,1.0758,0.4772
benign_45,0,1789031904.945504,5,2.2544,1.0758,0.4772
benign_45,0,1789031905.165504,5,2.2544,1.0758,0.4772
benign_45,0,1789031905.385504,5,2.2544,1.0758,0.4772
benign_45,0,1789031905.605504,5,2.2544,1.0758,0.4772
benign_45,0,1789031905.825504,5,2.2544,1.0758,0.4772
benign_45,0,1789031906.045504,5,2.2544,1.0758,0.4772
benign_45,0,1789031906.2655041,5,2.2544,1.0758,0.4772
benign_45,0,1789031906.4855042,5,2.2544,1.0758,0.4772
benign_45,0,1789031906.7055042,5,2.2544,1.0758,0.4772
benign_45,0,1789031906.9255042,5,2.2544,1.0758,0.4772
benign_45,0,1789031907.1455042,6,3.2804,2.2664,0.6909
benign_45,0,1789031907.3655043,6,3.2804,2.2664,0.6909
benign_45,0,1789031907.5855043,6,3.2804,2.2664,0.6909
benign_45,0,1789031907.8055043,6,3.2804,2.2664,0.6909
benign_45,0,1789031908.0255044,6,3.2804,2.2664,0.6909
benign_45,0,1789031908.2455044,6,3.2804,2.2664,0.6909
benign_45,0,1789031908.4655044,6,3.2804,2.2664,0.6909
benign_45,0,1789031908.6855044,6,3.2804,2.2664,0.6909
benign_45,0,1789031908.9055045,6,3.2804,2.2664,0.6909
benign_45,0,1789031909.1255045,6,3.2804,2.2664,0.6909
benign_45,0,1789031909.3455045,6,3.2804,2.2664,0.6909
benign_45,0,1789031909.5655046,6,3.2804,2.2664,0.6909
benign_45,0,1789031909.7855046,6,3.2804,2.2664,0.6909
benign_45,0,1789031910.0055046,6,3.2804,2.2664,0.6909
benign_45,0,1789031910.2255046,6,3.2804,2.2664,0.6909
benign_45,0,1789031910.4455047,6,3.2804,2.2664,0.6909
benign_45,0,1789031910.6655047,6,3.2804,2.2664,0.6909
benign_45,0,1789031910.8855047,6,3.2804,2.2664,0.6909
benign_45,0,1789031911.1055048,6,3.2804,2.2664,0.6909
benign_45,0,1789031911.3255048,6,3.2804,2.2664,0.6909
benign_45,0,1789031911.5455048,6,3.2804,2.2664,0.6909
benign_45,0,1789031911.7655048,6,3.2804,2.2664,0.6909
benign_45,0,1789031911.9855049,6,3.2804,2.2664,0.6909
benign_45,0,1789031912.205505,6,3.2804,2.2664,0.6909
benign_45,0,1789031912.425505,6,3.2804,2.2664,0.6909
benign_45,0,1789031912.645505,6,3.2804,2.2664,0.6909
benign_45,0,1789031912.865505,7,3.6861,2.2592,0.6129
benign_45,0,1789031913.085505,7,3.6861,2.2592,0.6129
benign_45,0,1789031913.305505,7,3.6861,2.2592,0.6129
benign_45,0,1789031913.525505,7,3.6861,2.2592,0.6129
benign_45,0,1789031913.745505,7,3.6861,2.2592,0.6129
benign_45,0,1789031913.9655051,7,3.6861,2.2592,0.6129
benign_45,0,1789031914.1855052,7,3.6861,2.2592,0.6129
benign_45,0,1789031914.4055052,7,3.6861,2.2592,0.6129
benign_45,0,1789031914.6255052,7,3.6861,2.2592,0.6129
benign_45,0,1789031914.8455052,7,3.6861,2.2592,0.6129
benign_45,0,1789031915.0655053,7,3.6861,2.2592,0.6129
benign_45,0,1789031915.2855053,7,3.6861,2.2592,0.6129
benign_45,0,1789031915.5055053,7,3.6861,2.2592,0.6129
benign_45,0,1789031915.7255054,7,3.6861,2.2592,0.6129
benign_45,0,1789031915.9455054,7,3.6861,2.2592,0.6129
benign_45,0,1789031916.1655054,7,3.6861,2.2592,0.6129
benign_45,0,1789031916.3855054,7,3.6861,2.2592,0.6129
benign_45,0,1789031916.6055055,7,3.6861,2.2592,0.6129
benign_45,0,1789031916.8255055,7,3.6861,2.2592,0.6129
benign_45,0,1789031917.0455055,7,3.6861,2.2592,0.6129
benign_45,0,1789031917.2655056,7,3.6861,2.2592,0.6129
c2_45,1,1789031933.0774872,3,5.0588,0.6686,0.1322
c2_45,1,1789031933.2974873,3,5.0588,0.6686,0.1322
c2_45,1,1789031933.5174873,3,5.0588,0.6686,0.1322
c2_45,1,1789031933.7374873,3,5.0588,0.6686,0.1322
c2_45,1,1789031933.9574873,3,5.0588,0.6686,0.1322
c2_45,1,1789031934.1774874,3,5.0588,0.6686,0.1322
c2_45,1,1789031934.3974874,3,5.0588,0.6686,0.1322
c2_45,1,1789031934.6174874,3,5.0588,0.6686,0.1322
c2_45,1,1789031934.8374875,3,5.0588,0.6686,0.1322
c2_45,1,1789031935.0574875,3,5.0588,0.6686,0.1322
c2_45,1,1789031935.2774875,3,5.0588,0.6686,0.1322
c2_45,1,1789031935.4974875,3,5.0588,0.6686,0.1322
c2_45,1,1789031935.7174876,3,5.0588,0.6686,0.1322
c2_45,1,1789031935.9374876,3,5.0588,0.6686,0.1322
c2_45,1,1789031936.1574876,3,5.0588,0.6686,0.1322
c2_45,1,1789031936.3774877,3,5.0588,0.6686,0.1322
c2_45,1,1789031936.5974877,3,5.0588,0.6686,0.1322
c2_45,1,1789031936.8174877,3,5.0588,0.6686,0.1322
c2_45,1,1789031937.0374877,3,5.0588,0.6686,0.1322
c2_45,1,1789031937.2574878,3,5.0588,0.6686,0.1322
c2_45,1,1789031937.4774878,4,4.8418,0.6262,0.1293
c2_45,1,1789031937.6974878,4,4.8418,0.6262,0.1293
c2_45,1,1789031937.9174879,4,4.8418,0.6262,0.1293
c2_45,1,1789031938.137488,4,4.8418,0.6262,0.1293
c2_45,1,1789031938.357488,4,4.8418,0.6262,0.1293
c2_45,1,1789031938.577488,4,4.8418,0.6262,0.1293
c2_45,1,1789031938.797488,4,4.8418,0.6262,0.1293
c2_45,1,1789031939.017488,4,4.8418,0.6262,0.1293
c2_45,1,1789031939.237488,4,4.8418,0.6262,0.1293
c2_45,1,1789031939.457488,4,4.8418,0.6262,0.1293
c2_45,1,1789031939.677488,4,4.8418,0.6262,0.1293
c2_45,1,1789031939.897488,4,4.8418,0.6262,0.1293
c2_45,1,1789031940.1174881,4,4.8418,0.6262,0.1293
c2_45,1,1789031940.3374882,4,4.8418,0.6262,0.1293
c2_45,1,1789031940.5574882,4,4.8418,0.6262,0.1293
c2_45,1,1789031940.7774882,4,4.8418,0.6262,0.1293
c2_45,1,1789031940.9974883,4,4.8418,0.6262,0.1293
c2_45,1,1789031941.2174883,4,4.8418,0.6262,0.1293
c2_45,1,1789031941.4374883,4,4.8418,0.6262,0.1293
c2_45,1,1789031941.6574883,4,4.8418,0.6262,0.1293
c2_45,1,1789031941.8774884,4,4.8418,0.6262,0.1293
c2_45,1,1789031942.0974884,4,4.8418,0.6262,0.1293
c2_45,1,1789031942.3174884,4,4.8418,0.6262,0.1293
c2_45,1,1789031942.5374885,5,4.8624,0.5435,0.1118
c2_45,1,1789031942.7574885,5,4.8624,0.5435,0.1118
c2_45,1,1789031942.9774885,5,4.8624,0.5435,0.1118
c2_45,1,1789031943.1974885,5,4.8624,0.5435,0.1118
c2_45,1,1789031943.4174886,5,4.8624,0.5435,0.1118
c2_45,1,1789031943.6374886,5,4.8624,0.5435,0.1118
c2_45,1,1789031943.8574886,5,4.8624,0.5435,0.1118
c2_45,1,1789031944.0774887,5,4.8624,0.5435,0.1118
c2_45,1,1789031944.2974887,5,4.8624,0.5435,0.1118
c2_45,1,1789031944.5174887,5,4.8624,0.5435,0.1118
c2_45,1,1789031944.7374887,5,4.8624,0.5435,0.1118
c2_45,1,1789031944.9574888,5,4.8624,0.5435,0.1118
c2_45,1,1789031945.1774888,5,4.8624,0.5435,0.1118
c2_45,1,1789031945.3974888,5,4.8624,0.5435,0.1118
c2_45,1,1789031945.6174889,5,4.8624,0.5435,0.1118
c2_45,1,1789031945.837489,5,4.8624,0.5435,0.1118
c2_45,1,1789031946.057489,5,4.8624,0.5435,0.1118
c2_45,1,1789031946.277489,5,4.8624,0.5435,0.1118
c2_45,1,1789031946.497489,5,4.8624,0.5435,0.1118
c2_45,1,1789031946.717489,5,4.8624,0.5435,0.1118
c2_45,1,1789031946.937489,6,4.773,0.518,0.1085
c2_45,1,1789031947.157489,6,4.773,0.518,0.1085
c2_45,1,1789031947.377489,6,4.773,0.518,0.1085
c2_45,1,1789031947.597489,6,4.773,0.518,0.1085
c2_45,1,1789031947.8174891,6,4.773,0.518,0.1085
c2_45,1,1789031948.0374892,6,4.773,0.518,0.1085
c2_45,1,1789031948.2574892,6,4.773,0.518,0.1085
c2_45,1,1789031948.4774892,6,4.773,0.518,0.1085
c2_45,1,1789031948.6974893,6,4.773,0.518,0.1085
c2_45,1,1789031948.9174893,6,4.773,0.518,0.1085
c2_45,1,1789031949.1374893,6,4.773,0.518,0.1085
c2_45,1,1789031949.3574893,6,4.773,0.518,0.1085
c2_45,1,1789031949.5774894,6,4.773,0.518,0.1085
c2_45,1,1789031949.7974894,6,4.773,0.518,0.1085
c2_45,1,1789031950.0174894,6,4.773,0.518,0.1085
c2_45,1,1789031950.2374895,6,4.773,0.518,0.1085
c2_45,1,1789031950.4574895,6,4.773,0.518,0.1085
c2_45,1,1789031950.6774895,6,4.773,0.518,0.1085
c2_45,1,1789031950.8974895,6,4.773,0.518,0.1085
c2_45,1,1789031951.1174896,6,4.773,0.518,0.1085
c2_45,1,1789031951.3374896,6,4.773,0.518,0.1085
c2_45,1,1789031951.5574896,6,4.773,0.518,0.1085
c2_45,1,1789031951.7774897,6,4.773,0.518,0.1085
c2_45,1,1789031951.9974897,7,4.8184,0.4837,0.1004
c2_45,1,1789031952.2174897,7,4.8184,0.4837,0.1004
c2_45,1,1789031952.4374897,7,4.8184,0.4837,0.1004
c2_45,1,1789031952.6574898,7,4.8184,0.4837,0.1004
c2_45,1,1789031952.8774898,7,4.8184,0.4837,0.1004
c2_45,1,1789031953.0974898,7,4.8184,0.4837,0.1004
c2_45,1,1789031953.3174899,7,4.8184,0.4837,0.1004
c2_45,1,1789031953.53749,7,4.8184,0.4837,0.1004
c2_45,1,1789031953.75749,7,4.8184,0.4837,0.1004
c2_45,1,1789031953.97749,7,4.8184,0.4837,0.1004
c2_45,1,1789031954.19749,7,4.8184,0.4837,0.1004
c2_45,1,1789031954.41749,7,4.8184,0.4837,0.1004
c2_45,1,1789031954.63749,7,4.8184,0.4837,0.1004
c2_45,1,1789031954.85749,7,4.8184,0.4837,0.1004
c2_45,1,1789031955.07749,7,4.8184,0.4837,0.1004
c2_45,1,1789031955.2974901,7,4.8184,0.4837,0.1004
c2_45,1,1789031955.5174901,7,4.8184,0.4837,0.1004
c2_45,1,1789031955.7374902,7,4.8184,0.4837,0.1004
c2_45,1,1789031955.9574902,7,4.8184,0.4837,0.1004
c2_45,1,1789031956.1774902,7,4.8184,0.4837,0.1004
c2_45,1,1789031956.3974903,7,4.8184,0.4837,0.1004
c2_45,1,1789031956.6174903,7,4.8184,0.4837,0.1004
c2_45,1,1789031956.8374903,7,4.8184,0.4837,0.1004
c2_45,1,1789031957.0574903,7,4.8184,0.4837,0.1004
c2_45,1,1789031957.2774904,7,4.8184,0.4837,0.1004
c2_45,1,1789031957.4974904,8,4.9316,0.5267,0.1068
c2_45,1,1789031957.7174904,8,4.9316,0.5267,0.1068
c2_45,1,1789031957.9374905,8,4.9316,0.5267,0.1068
c2_45,1,1789031958.1574905,8,4.9316,0.5267,0.1068
c2_45,1,1789031958.3774905,8,4.9316,0.5267,0.1068
c2_45,1,1789031958.5974905,8,4.9316,0.5267,0.1068
c2_45,1,1789031958.8174906,8,4.9316,0.5267,0.1068
c2_45,1,1789031959.0374906,8,4.9316,0.5267,0.1068
c2_45,1,1789031959.2574906,8,4.9316,0.5267,0.1068
c2_45,1,1789031959.4774907,8,4.9316,0.5267,0.1068
c2_45,1,1789031959.6974907,8,4.9316,0.5267,0.1068
c2_45,1,1789031959.9174907,8,4.9316,0.5267,0.1068
c2_45,1,1789031960.1374907,8,4.9316,0.5267,0.1068
c2_45,1,1789031960.3574908,8,4.9316,0.5267,0.1068
c2_45,1,1789031960.5774908,8,4.9316,0.5267,0.1068
c2_45,1,1789031960.7974908,8,4.9316,0.5267,0.1068
c2_45,1,1789031961.0174909,8,4.9316,0.5267,0.1068
c2_45,1,1789031961.237491,8,4.9316,0.5267,0.1068
c2_45,1,1789031961.457491,8,4.9316,0.5267,0.1068
c2_45,1,1789031961.677491,8,4.9316,0.5267,0.1068
c2_45,1,1789031961.897491,8,4.9316,0.5267,0.1068
c2_45,1,1789031962.117491,8,4.9316,0.5267,0.1068
c2_45,1,1789031962.337491,8,4.9316,0.5267,0.1068
c2_45,1,1789031962.557491,8,4.9316,0.5267,0.1068
c2_45,1,1789031962.777491,8,4.9316,0.5267,0.1068
c2_45,1,1789031962.9974911,8,4.9316,0.5267,0.1068
c2_45,1,1789031963.2174911,9,5.026,0.5523,0.1099
c2_45,1,1789031963.4374912,9,5.026,0.5523,0.1099
c2_45,1,1789031963.6574912,9,5.026,0.5523,0.1099
c2_45,1,1789031963.8774912,9,5.026,0.5523,0.1099
c2_45,1,1789031964.0974913,9,5.026,0.5523,0.1099
c2_45,1,1789031964.3174913,9,5.026,0.5523,0.1099
c2_45,1,1789031964.5374913,9,5.026,0.5523,0.1099
c2_45,1,1789031964.7574914,9,5.026,0.5523,0.1099
c2_45,1,1789031964.9774914,9,5.026,0.5523,0.1099
c2_45,1,1789031965.1974914,9,5.026,0.5523,0.1099
c2_45,1,1789031965.4174914,9,5.026,0.5523,0.1099
c2_45,1,1789031965.6374915,9,5.026,0.5523,0.1099
c2_45,1,1789031965.8574915,9,5.026,0.5523,0.1099
c2_45,1,1789031966.0774915,9,5.026,0.5523,0.1099
c2_45,1,1789031966.2974916,9,5.026,0.5523,0.1099
c2_45,1,1789031966.5174916,9,5.026,0.5523,0.1099
c2_45,1,1789031966.7374916,9,5.026,0.5523,0.1099
c2_45,1,1789031966.9574916,9,5.026,0.5523,0.1099
c2_45,1,1789031967.1774917,9,5.026,0.5523,0.1099
c2_45,1,1789031967.3974917,9,5.026,0.5523,0.1099
c2_45,1,1789031967.6174917,9,5.026,0.5523,0.1099
c2_45,1,1789031967.8374918,9,5.026,0.5523,0.1099
c2_45,1,1789031968.0574918,9,5.026,0.5523,0.1099
c2_45,1,1789031968.2774918,10,5.0198,0.521,0.1038
c2_45,1,1789031968.4974918,10,5.0198,0.521,0.1038
c2_45,1,1789031968.7174919,10,5.0198,0.521,0.1038
c2_45,1,1789031968.937492,10,5.0198,0.521,0.1038
c2_45,1,1789031969.157492,10,5.0198,0.521,0.1038
c2_45,1,1789031969.377492,10,5.0198,0.521,0.1038
c2_45,1,1789031969.597492,10,5.0198,0.521,0.1038
c2_45,1,1789031969.817492,10,5.0198,0.521,0.1038
c2_45,1,1789031970.037492,10,5.0198,0.521,0.1038
c2_45,1,1789031970.257492,10,5.0198,0.521,0.1038
c2_45,1,1789031970.477492,10,5.0198,0.521,0.1038
c2_45,1,1789031970.6974921,10,5.0198,0.521,0.1038
c2_45,1,1789031970.9174922,10,5.0198,0.521,0.1038
c2_45,1,1789031971.1374922,10,5.0198,0.521,0.1038
c2_45,1,1789031971.3574922,10,5.0198,0.521,0.1038
c2_45,1,1789031971.5774922,10,5.0198,0.521,0.1038
c2_45,1,1789031971.7974923,10,5.0198,0.521,0.1038
c2_45,1,1789031972.0174923,10,5.0198,0.521,0.1038
c2_45,1,1789031972.2374923,10,5.0198,0.521,0.1038
c2_45,1,1789031972.4574924,10,5.0198,0.521,0.1038
c2_45,1,1789031972.6774924,10,5.0198,0.521,0.1038
c2_45,1,1789031972.8974924,10,5.0198,0.521,0.1038
c2_45,1,1789031973.1174924,10,5.0198,0.521,0.1038
c2_45,1,1789031973.3374925,10,5.0198,0.521,0.1038
c2_45,1,1789031973.5574925,11,5.0542,0.5049,0.0999
c2_45,1,1789031973.7774925,11,5.0542,0.5049,0.0999
c2_45,1,1789031973.9974926,11,5.0542,0.5049,0.0999
c2_45,1,1789031974.2174926,11,5.0542,0.5049,0.0999
c2_45,1,1789031974.4374926,11,5.0542,0.5049,0.0999
c2_45,1,1789031974.6574926,11,5.0542,0.5049,0.0999
c2_45,1,1789031974.8774927,11,5.0542,0.5049,0.0999
c2_45,1,1789031975.0974927,11,5.0542,0.5049,0.0999
c2_45,1,1789031975.3174927,11,5.0542,0.5049,0.0999
c2_45,1,1789031975.5374928,11,5.0542,0.5049,0.0999
c2_45,1,1789031975.7574928,11,5.0542,0.5049,0.0999
c2_45,1,1789031975.9774928,11,5.0542,0.5049,0.0999
c2_45,1,1789031976.1974928,11,5.0542,0.5049,0.0999
c2_45,1,1789031976.4174929,11,5.0542,0.5049,0.0999
c2_45,1,1789031976.637493,11,5.0542,0.5049,0.0999
c2_45,1,1789031976.857493,11,5.0542,0.5049,0.0999
c2_45,1,1789031977.077493,11,5.0542,0.5049,0.0999
c2_45,1,1789031977.297493,11,5.0542,0.5049,0.0999
c2_45,1,1789031977.517493,11,5.0542,0.5049,0.0999
c2_45,1,1789031977.737493,11,5.0542,0.5049,0.0999
c2_45,1,1789031977.957493,11,5.0542,0.5049,0.0999
c2_45,1,1789031978.177493,11,5.0542,0.5049,0.0999
c2_45,1,1789031978.3974931,11,5.0542,0.5049,0.0999
c2_45,1,1789031978.6174932,11,5.0542,0.5049,0.0999
c2_45,1,1789031978.8374932,12,5.0706,0.4842,0.0955
c2_45,1,1789031979.0574932,12,5.0706,0.4842,0.0955
c2_45,1,1789031979.2774932,12,5.0706,0.4842,0.0955
c2_45,1,1789031979.4974933,12,5.0706,0.4842,0.0955
c2_45,1,1789031979.7174933,12,5.0706,0.4842,0.0955
c2_45,1,1789031979.9374933,12,5.0706,0.4842,0.0955
c2_45,1,1789031980.1574934,12,5.0706,0.4842,0.0955
c2_45,1,1789031980.3774934,12,5.0706,0.4842,0.0955
c2_45,1,1789031980.5974934,12,5.0706,0.4842,0.0955
c2_45,1,1789031980.8174934,12,5.0706,0.4842,0.0955
c2_45,1,1789031981.0374935,12,5.0706,0.4842,0.0955
c2_45,1,1789031981.2574935,12,5.0706,0.4842,0.0955
c2_45,1,1789031981.4774935,12,5.0706,0.4842,0.0955
c2_45,1,1789031981.6974936,12,5.0706,0.4842,0.0955
c2_45,1,1789031981.9174936,12,5.0706,0.4842,0.0955
c2_45,1,1789031982.1374936,12,5.0706,0.4842,0.0955
c2_45,1,1789031982.3574936,12,5.0706,0.4842,0.0955
c2_45,1,1789031982.5774937,12,5.0706,0.4842,0.0955
c2_45,1,1789031982.7974937,12,5.0706,0.4842,0.0955
c2_45,1,1789031983.0174937,12,5.0706,0.4842,0.0955
c2_45,1,1789031983.2374938,12,5.0706,0.4842,0.0955
c2_45,1,1789031983.4574938,13,5.0323,0.4806,0.0955
c2_45,1,1789031983.6774938,13,5.0323,0.4806,0.0955
c2_45,1,1789031983.8974938,13,5.0323,0.4806,0.0955
c2_45,1,1789031984.1174939,13,5.0323,0.4806,0.0955
c2_45,1,1789031984.337494,13,5.0323,0.4806,0.0955
c2_45,1,1789031984.557494,13,5.0323,0.4806,0.0955
c2_45,1,1789031984.777494,13,5.0323,0.4806,0.0955
c2_45,1,1789031984.997494,13,5.0323,0.4806,0.0955
c2_45,1,1789031985.217494,13,5.0323,0.4806,0.0955
c2_45,1,1789031985.437494,13,5.0323,0.4806,0.0955
c2_45,1,1789031985.657494,13,5.0323,0.4806,0.0955
c2_45,1,1789031985.877494,13,5.0323,0.4806,0.0955
c2_45,1,1789031986.0974941,13,5.0323,0.4806,0.0955
c2_45,1,1789031986.3174942,13,5.0323,0.4806,0.0955
c2_45,1,1789031986.5374942,13,5.0323,0.4806,0.0955
c2_45,1,1789031986.7574942,13,5.0323,0.4806,0.0955
c2_45,1,1789031986.9774942,13,5.0323,0.4806,0.0955
c2_45,1,1789031987.1974943,13,5.0323,0.4806,0.0955
c2_45,1,1789031987.4174943,13,5.0323,0.4806,0.0955
c2_45,1,1789031987.6374943,14,4.9776,0.4991,0.1003
c2_45,1,1789031987.8574944,14,4.9776,0.4991,0.1003
c2_45,1,1789031988.0774944,14,4.9776,0.4991,0.1003
c2_45,1,1789031988.2974944,14,4.9776,0.4991,0.1003
c2_45,1,1789031988.5174944,14,4.9776,0.4991,0.1003
c2_45,1,1789031988.7374945,14,4.9776,0.4991,0.1003
c2_45,1,1789031988.9574945,14,4.9776,0.4991,0.1003
c2_45,1,1789031989.1774945,14,4.9776,0.4991,0.1003
c2_45,1,1789031989.3974946,14,4.9776,0.4991,0.1003
c2_45,1,1789031989.6174946,14,4.9776,0.4991,0.1003
c2_45,1,1789031989.8374946,14,4.9776,0.4991,0.1003
c2_45,1,1789031990.0574946,14,4.9776,0.4991,0.1003
c2_45,1,1789031990.2774947,14,4.9776,0.4991,0.1003
c2_45,1,1789031990.4974947,14,4.9776,0.4991,0.1003
c2_45,1,1789031990.7174947,14,4.9776,0.4991,0.1003
c2_45,1,1789031990.9374948,14,4.9776,0.4991,0.1003
c2_45,1,1789031991.1574948,14,4.9776,0.4991,0.1003
c2_45,1,1789031991.3774948,14,4.9776,0.4991,0.1003
c2_45,1,1789031991.5974948,14,4.9776,0.4991,0.1003
c2_45,1,1789031991.8174949,14,4.9776,0.4991,0.1003
c2_45,1,1789031992.037495,14,4.9776,0.4991,0.1003
c2_45,1,1789031992.257495,14,4.9776,0.4991,0.1003
benign_46,0,1789031999.1485183,3,1.4749,1.2746,0.8642
benign_46,0,1789031999.3685184,3,1.4749,1.2746,0.8642
benign_46,0,1789031999.5885184,3,1.4749,1.2746,0.8642
benign_46,0,1789031999.8085184,3,1.4749,1.2746,0.8642
benign_46,0,1789032000.0285184,3,1.4749,1.2746,0.8642
benign_46,0,1789032000.2485185,3,1.4749,1.2746,0.8642
benign_46,0,1789032000.4685185,3,1.4749,1.2746,0.8642
benign_46,0,1789032000.6885185,3,1.4749,1.2746,0.8642
benign_46,0,1789032000.9085186,4,1.554,1.0467,0.6736
benign_46,0,1789032001.1285186,4,1.554,1.0467,0.6736
benign_46,0,1789032001.3485186,4,1.554,1.0467,0.6736
benign_46,0,1789032001.5685186,4,1.554,1.0467,0.6736
benign_46,0,1789032001.7885187,4,1.554,1.0467,0.6736
benign_46,0,1789032002.0085187,4,1.554,1.0467,0.6736
benign_46,0,1789032002.2285187,4,1.554,1.0467,0.6736
benign_46,0,1789032002.4485188,4,1.554,1.0467,0.6736
benign_46,0,1789032002.6685188,4,1.554,1.0467,0.6736
benign_46,0,1789032002.8885188,4,1.554,1.0467,0.6736
benign_46,0,1789032003.1085188,4,1.554,1.0467,0.6736
benign_46,0,1789032003.3285189,4,1.554,1.0467,0.6736
benign_46,0,1789032003.548519,4,1.554,1.0467,0.6736
benign_46,0,1789032003.768519,4,1.554,1.0467,0.6736
benign_46,0,1789032003.988519,4,1.554,1.0467,0.6736
benign_46,0,1789032004.208519,4,1.554,1.0467,0.6736
benign_46,0,1789032004.428519,4,1.554,1.0467,0.6736
benign_46,0,1789032004.648519,4,1.554,1.0467,0.6736
benign_46,0,1789032004.868519,4,1.554,1.0467,0.6736
benign_46,0,1789032005.088519,4,1.554,1.0467,0.6736
benign_46,0,1789032005.3085191,4,1.554,1.0467,0.6736
benign_46,0,1789032005.5285192,4,1.554,1.0467,0.6736
benign_46,0,1789032005.7485192,4,1.554,1.0467,0.6736
benign_46,0,1789032005.9685192,4,1.554,1.0467,0.6736
benign_46,0,1789032006.1885192,4,1.554,1.0467,0.6736
benign_46,0,1789032006.4085193,4,1.554,1.0467,0.6736
benign_46,0,1789032006.6285193,4,1.554,1.0467,0.6736
benign_46,0,1789032006.8485193,4,1.554,1.0467,0.6736
benign_46,0,1789032007.0685194,4,1.554,1.0467,0.6736
benign_46,0,1789032007.2885194,4,1.554,1.0467,0.6736
benign_46,0,1789032007.5085194,4,1.554,1.0467,0.6736
benign_46,0,1789032007.7285194,4,1.554,1.0467,0.6736
benign_46,0,1789032007.9485195,4,1.554,1.0467,0.6736
benign_46,0,1789032008.1685195,4,1.554,1.0467,0.6736
benign_46,0,1789032008.3885195,4,1.554,1.0467,0.6736
benign_46,0,1789032008.6085196,4,1.554,1.0467,0.6736
benign_46,0,1789032008.8285196,4,1.554,1.0467,0.6736
benign_46,0,1789032009.0485196,5,3.2227,3.0292,0.9399
benign_46,0,1789032009.2685196,5,3.2227,3.0292,0.9399
benign_46,0,1789032009.4885197,5,3.2227,3.0292,0.9399
benign_46,0,1789032009.7085197,5,3.2227,3.0292,0.9399
benign_46,0,1789032009.9285197,5,3.2227,3.0292,0.9399
benign_46,0,1789032010.1485198,5,3.2227,3.0292,0.9399
benign_46,0,1789032010.3685198,5,3.2227,3.0292,0.9399
benign_46,0,1789032010.5885198,5,3.2227,3.0292,0.9399
benign_46,0,1789032010.8085198,5,3.2227,3.0292,0.9399
benign_46,0,1789032011.0285199,5,3.2227,3.0292,0.9399
benign_46,0,1789032011.24852,5,3.2227,3.0292,0.9399
benign_46,0,1789032011.46852,5,3.2227,3.0292,0.9399
benign_46,0,1789032011.68852,5,3.2227,3.0292,0.9399
benign_46,0,1789032011.90852,5,3.2227,3.0292,0.9399
benign_46,0,1789032012.12852,5,3.2227,3.0292,0.9399
benign_46,0,1789032012.34852,5,3.2227,3.0292,0.9399
benign_46,0,1789032012.56852,5,3.2227,3.0292,0.9399
benign_46,0,1789032012.78852,5,3.2227,3.0292,0.9399
benign_46,0,1789032013.0085201,5,3.2227,3.0292,0.9399
benign_46,0,1789032013.2285202,5,3.2227,3.0292,0.9399
benign_46,0,1789032013.4485202,5,3.2227,3.0292,0.9399
benign_46,0,1789032013.6685202,5,3.2227,3.0292,0.9399
benign_46,0,1789032013.8885202,5,3.2227,3.0292,0.9399
benign_46,0,1789032014.1085203,5,3.2227,3.0292,0.9399
benign_46,0,1789032014.3285203,5,3.2227,3.0292,0.9399
benign_46,0,1789032014.5485203,5,3.2227,3.0292,0.9399
benign_46,0,1789032014.7685204,5,3.2227,3.0292,0.9399
benign_46,0,1789032014.9885204,5,3.2227,3.0292,0.9399
benign_46,0,1789032015.2085204,5,3.2227,3.0292,0.9399
benign_46,0,1789032015.4285204,5,3.2227,3.0292,0.9399
benign_46,0,1789032015.6485205,5,3.2227,3.0292,0.9399
benign_46,0,1789032015.8685205,5,3.2227,3.0292,0.9399
benign_46,0,1789032016.0885205,5,3.2227,3.0292,0.9399
benign_46,0,1789032016.3085206,5,3.2227,3.0292,0.9399
benign_46,0,1789032016.5285206,5,3.2227,3.0292,0.9399
benign_46,0,1789032016.7485206,5,3.2227,3.0292,0.9399
benign_46,0,1789032016.9685206,5,3.2227,3.0292,0.9399
benign_46,0,1789032017.1885207,5,3.2227,3.0292,0.9399
benign_46,0,1789032017.4085207,5,3.2227,3.0292,0.9399
benign_46,0,1789032017.6285207,5,3.2227,3.0292,0.9399
benign_46,0,1789032017.8485208,5,3.2227,3.0292,0.9399
benign_46,0,1789032018.0685208,5,3.2227,3.0292,0.9399
benign_46,0,1789032018.2885208,5,3.2227,3.0292,0.9399
benign_46,0,1789032018.5085208,5,3.2227,3.0292,0.9399
benign_46,0,1789032018.7285209,5,3.2227,3.0292,0.9399
benign_46,0,1789032018.948521,5,3.2227,3.0292,0.9399
benign_46,0,1789032019.168521,5,3.2227,3.0292,0.9399
benign_46,0,1789032019.388521,5,3.2227,3.0292,0.9399
benign_46,0,1789032019.608521,5,3.2227,3.0292,0.9399
benign_46,0,1789032019.828521,5,3.2227,3.0292,0.9399
benign_46,0,1789032020.048521,5,3.2227,3.0292,0.9399
benign_46,0,1789032020.268521,5,3.2227,3.0292,0.9399
benign_46,0,1789032020.488521,5,3.2227,3.0292,0.9399
benign_46,0,1789032020.7085211,5,3.2227,3.0292,0.9399
benign_46,0,1789032020.9285212,5,3.2227,3.0292,0.9399
benign_46,0,1789032021.1485212,5,3.2227,3.0292,0.9399
benign_46,0,1789032021.3685212,5,3.2227,3.0292,0.9399
benign_46,0,1789032021.5885212,5,3.2227,3.0292,0.9399
benign_46,0,1789032021.8085213,5,3.2227,3.0292,0.9399
benign_46,0,1789032022.0285213,5,3.2227,3.0292,0.9399
benign_46,0,1789032022.2485213,5,3.2227,3.0292,0.9399
benign_46,0,1789032022.4685214,5,3.2227,3.0292,0.9399
benign_46,0,1789032022.6885214,5,3.2227,3.0292,0.9399
benign_46,0,1789032022.9085214,5,3.2227,3.0292,0.9399
benign_46,0,1789032023.1285214,5,3.2227,3.0292,0.9399
benign_46,0,1789032023.3485215,5,3.2227,3.0292,0.9399
benign_46,0,1789032023.5685215,5,3.2227,3.0292,0.9399
benign_46,0,1789032023.7885215,5,3.2227,3.0292,0.9399
benign_46,0,1789032024.0085216,5,3.2227,3.0292,0.9399
benign_46,0,1789032024.2285216,5,3.2227,3.0292,0.9399
benign_46,0,1789032024.4485216,5,3.2227,3.0292,0.9399
benign_46,0,1789032024.6685216,5,3.2227,3.0292,0.9399
benign_46,0,1789032024.8885217,5,3.2227,3.0292,0.9399
benign_46,0,1789032025.1085217,5,3.2227,3.0292,0.9399
benign_46,0,1789032025.3285217,5,3.2227,3.0292,0.9399
benign_46,0,1789032025.5485218,5,3.2227,3.0292,0.9399
benign_46,0,1789032025.7685218,5,3.2227,3.0292,0.9399
benign_46,0,1789032025.9885218,5,3.2227,3.0292,0.9399
benign_46,0,1789032026.2085218,5,3.2227,3.0292,0.9399
benign_46,0,1789032026.4285219,5,3.2227,3.0292,0.9399
benign_46,0,1789032026.648522,5,3.2227,3.0292,0.9399
benign_46,0,1789032026.868522,5,3.2227,3.0292,0.9399
benign_46,0,1789032027.088522,5,3.2227,3.0292,0.9399
benign_46,0,1789032027.308522,5,3.2227,3.0292,0.9399
benign_46,0,1789032027.528522,5,3.2227,3.0292,0.9399
benign_46,0,1789032027.748522,5,3.2227,3.0292,0.9399
benign_46,0,1789032027.968522,5,3.2227,3.0292,0.9399
benign_46,0,1789032028.188522,5,3.2227,3.0292,0.9399
benign_46,0,1789032028.4085221,5,3.2227,3.0292,0.9399
benign_46,0,1789032028.6285222,5,3.2227,3.0292,0.9399
benign_46,0,1789032028.8485222,5,3.2227,3.0292,0.9399
benign_46,0,1789032029.0685222,5,3.2227,3.0292,0.9399
benign_46,0,1789032029.2885222,5,3.2227,3.0292,0.9399
benign_46,0,1789032029.5085223,5,3.2227,3.0292,0.9399
benign_46,0,1789032029.7285223,5,3.2227,3.0292,0.9399
benign_46,0,1789032029.9485223,5,3.2227,3.0292,0.9399
benign_46,0,1789032030.1685224,5,3.2227,3.0292,0.9399
benign_46,0,1789032030.3885224,5,3.2227,3.0292,0.9399
benign_46,0,1789032030.6085224,5,3.2227,3.0292,0.9399
benign_46,0,1789032030.8285224,5,3.2227,3.0292,0.9399
benign_46,0,1789032031.0485225,5,3.2227,3.0292,0.9399
benign_46,0,1789032031.2685225,5,3.2227,3.0292,0.9399
c2_46,1,1789032051.0628107,3,6.3865,0.1545,0.0242
c2_46,1,1789032051.2828107,3,6.3865,0.1545,0.0242
c2_46,1,1789032051.5028107,3,6.3865,0.1545,0.0242
c2_46,1,1789032051.7228107,3,6.3865,0.1545,0.0242
c2_46,1,1789032051.9428108,3,6.3865,0.1545,0.0242
c2_46,1,1789032052.1628108,3,6.3865,0.1545,0.0242
c2_46,1,1789032052.3828108,3,6.3865,0.1545,0.0242
c2_46,1,1789032052.6028109,3,6.3865,0.1545,0.0242
c2_46,1,1789032052.822811,3,6.3865,0.1545,0.0242
c2_46,1,1789032053.042811,3,6.3865,0.1545,0.0242
c2_46,1,1789032053.262811,3,6.3865,0.1545,0.0242
c2_46,1,1789032053.482811,3,6.3865,0.1545,0.0242
c2_46,1,1789032053.702811,3,6.3865,0.1545,0.0242
c2_46,1,1789032053.922811,3,6.3865,0.1545,0.0242
c2_46,1,1789032054.142811,3,6.3865,0.1545,0.0242
c2_46,1,1789032054.362811,3,6.3865,0.1545,0.0242
c2_46,1,1789032054.582811,3,6.3865,0.1545,0.0242
c2_46,1,1789032054.8028111,3,6.3865,0.1545,0.0242
c2_46,1,1789032055.0228112,3,6.3865,0.1545,0.0242
c2_46,1,1789032055.2428112,3,6.3865,0.1545,0.0242
c2_46,1,1789032055.4628112,3,6.3865,0.1545,0.0242
c2_46,1,1789032055.6828113,3,6.3865,0.1545,0.0242
c2_46,1,1789032055.9028113,3,6.3865,0.1545,0.0242
c2_46,1,1789032056.1228113,3,6.3865,0.1545,0.0242
c2_46,1,1789032056.3428113,3,6.3865,0.1545,0.0242
c2_46,1,1789032056.5628114,4,6.0869,0.4422,0.0726
c2_46,1,1789032056.7828114,4,6.0869,0.4422,0.0726
c2_46,1,1789032057.0028114,4,6.0869,0.4422,0.0726
c2_46,1,1789032057.2228115,4,6.0869,0.4422,0.0726
c2_46,1,1789032057.4428115,4,6.0869,0.4422,0.0726
c2_46,1,1789032057.6628115,4,6.0869,0.4422,0.0726
c2_46,1,1789032057.8828115,4,6.0869,0.4422,0.0726
c2_46,1,1789032058.1028116,4,6.0869,0.4422,0.0726
c2_46,1,1789032058.3228116,4,6.0869,0.4422,0.0726
c2_46,1,1789032058.5428116,4,6.0869,0.4422,0.0726
c2_46,1,1789032058.7628117,4,6.0869,0.4422,0.0726
c2_46,1,1789032058.9828117,4,6.0869,0.4422,0.0726
c2_46,1,1789032059.2028117,4,6.0869,0.4422,0.0726
c2_46,1,1789032059.4228117,4,6.0869,0.4422,0.0726
c2_46,1,1789032059.6428118,4,6.0869,0.4422,0.0726
c2_46,1,1789032059.8628118,4,6.0869,0.4422,0.0726
c2_46,1,1789032060.0828118,4,6.0869,0.4422,0.0726
c2_46,1,1789032060.3028119,4,6.0869,0.4422,0.0726
c2_46,1,1789032060.522812,4,6.0869,0.4422,0.0726
c2_46,1,1789032060.742812,4,6.0869,0.4422,0.0726
c2_46,1,1789032060.962812,4,6.0869,0.4422,0.0726
c2_46,1,1789032061.182812,4,6.0869,0.4422,0.0726
c2_46,1,1789032061.402812,4,6.0869,0.4422,0.0726
c2_46,1,1789032061.622812,4,6.0869,0.4422,0.0726
c2_46,1,1789032061.842812,4,6.0869,0.4422,0.0726
c2_46,1,1789032062.062812,4,6.0869,0.4422,0.0726
c2_46,1,1789032062.282812,4,6.0869,0.4422,0.0726
c2_46,1,1789032062.5028121,4,6.0869,0.4422,0.0726
c2_46,1,1789032062.7228122,4,6.0869,0.4422,0.0726
c2_46,1,1789032062.9428122,5,6.1833,0.4177,0.0676
c2_46,1,1789032063.1628122,5,6.1833,0.4177,0.0676
c2_46,1,1789032063.3828123,5,6.1833,0.4177,0.0676
c2_46,1,1789032063.6028123,5,6.1833,0.4177,0.0676
c2_46,1,1789032063.8228123,5,6.1833,0.4177,0.0676
c2_46,1,1789032064.0428123,5,6.1833,0.4177,0.0676
c2_46,1,1789032064.2628124,5,6.1833,0.4177,0.0676
c2_46,1,1789032064.4828124,5,6.1833,0.4177,0.0676
c2_46,1,1789032064.7028124,5,6.1833,0.4177,0.0676
c2_46,1,1789032064.9228125,5,6.1833,0.4177,0.0676
c2_46,1,1789032065.1428125,5,6.1833,0.4177,0.0676
c2_46,1,1789032065.3628125,5,6.1833,0.4177,0.0676
c2_46,1,1789032065.5828125,5,6.1833,0.4177,0.0676
c2_46,1,1789032065.8028126,5,6.1833,0.4177,0.0676
c2_46,1,1789032066.0228126,5,6.1833,0.4177,0.0676
c2_46,1,1789032066.2428126,5,6.1833,0.4177,0.0676
c2_46,1,1789032066.4628127,5,6.1833,0.4177,0.0676
c2_46,1,1789032066.6828127,5,6.1833,0.4177,0.0676
c2_46,1,1789032066.9028127,5,6.1833,0.4177,0.0676
c2_46,1,1789032067.1228127,5,6.1833,0.4177,0.0676
c2_46,1,1789032067.3428128,5,6.1833,0.4177,0.0676
c2_46,1,1789032067.5628128,5,6.1833,0.4177,0.0676
c2_46,1,1789032067.7828128,5,6.1833,0.4177,0.0676
c2_46,1,1789032068.0028129,6,5.9637,0.5765,0.0967
c2_46,1,1789032068.222813,6,5.9637,0.5765,0.0967
c2_46,1,1789032068.442813,6,5.9637,0.5765,0.0967
c2_46,1,1789032068.662813,6,5.9637,0.5765,0.0967
c2_46,1,1789032068.882813,6,5.9637,0.5765,0.0967
c2_46,1,1789032069.102813,6,5.9637,0.5765,0.0967
c2_46,1,1789032069.322813,6,5.9637,0.5765,0.0967
c2_46,1,1789032069.542813,6,5.9637,0.5765,0.0967
c2_46,1,1789032069.762813,6,5.9637,0.5765,0.0967
c2_46,1,1789032069.9828131,6,5.9637,0.5765,0.0967
c2_46,1,1789032070.2028131,6,5.9637,0.5765,0.0967
c2_46,1,1789032070.4228132,6,5.9637,0.5765,0.0967
c2_46,1,1789032070.6428132,6,5.9637,0.5765,0.0967
c2_46,1,1789032070.8628132,6,5.9637,0.5765,0.0967
c2_46,1,1789032071.0828133,6,5.9637,0.5765,0.0967
c2_46,1,1789032071.3028133,6,5.9637,0.5765,0.0967
c2_46,1,1789032071.5228133,6,5.9637,0.5765,0.0967
c2_46,1,1789032071.7428133,6,5.9637,0.5765,0.0967
c2_46,1,1789032071.9628134,6,5.9637,0.5765,0.0967
c2_46,1,1789032072.1828134,6,5.9637,0.5765,0.0967
c2_46,1,1789032072.4028134,6,5.9637,0.5765,0.0967
c2_46,1,1789032072.6228135,6,5.9637,0.5765,0.0967
c2_46,1,1789032072.8428135,6,5.9637,0.5765,0.0967
c2_46,1,1789032073.0628135,6,5.9637,0.5765,0.0967
c2_46,1,1789032073.2828135,7,5.8411,0.5934,0.1016
c2_46,1,1789032073.5028136,7,5.8411,0.5934,0.1016
c2_46,1,1789032073.7228136,7,5.8411,0.5934,0.1016
c2_46,1,1789032073.9428136,7,5.8411,0.5934,0.1016
c2_46,1,1789032074.1628137,7,5.8411,0.5934,0.1016
c2_46,1,1789032074.3828137,7,5.8411,0.5934,0.1016
c2_46,1,1789032074.6028137,7,5.8411,0.5934,0.1016
c2_46,1,1789032074.8228137,7,5.8411,0.5934,0.1016
c2_46,1,1789032075.0428138,7,5.8411,0.5934,0.1016
c2_46,1,1789032075.2628138,7,5.8411,0.5934,0.1016
c2_46,1,1789032075.4828138,7,5.8411,0.5934,0.1016
c2_46,1,1789032075.7028139,7,5.8411,0.5934,0.1016
c2_46,1,1789032075.922814,7,5.8411,0.5934,0.1016
c2_46,1,1789032076.142814,7,5.8411,0.5934,0.1016
c2_46,1,1789032076.362814,7,5.8411,0.5934,0.1016
c2_46,1,1789032076.582814,7,5.8411,0.5934,0.1016
c2_46,1,1789032076.802814,7,5.8411,0.5934,0.1016
c2_46,1,1789032077.022814,7,5.8411,0.5934,0.1016
c2_46,1,1789032077.242814,7,5.8411,0.5934,0.1016
c2_46,1,1789032077.462814,7,5.8411,0.5934,0.1016
c2_46,1,1789032077.6828141,7,5.8411,0.5934,0.1016
c2_46,1,1789032077.9028141,7,5.8411,0.5934,0.1016
c2_46,1,1789032078.1228142,7,5.8411,0.5934,0.1016
c2_46,1,1789032078.3428142,7,5.8411,0.5934,0.1016
c2_46,1,1789032078.5628142,7,5.8411,0.5934,0.1016
c2_46,1,1789032078.7828143,7,5.8411,0.5934,0.1016
c2_46,1,1789032079.0028143,8,5.8264,0.5506,0.0945
c2_46,1,1789032079.2228143,8,5.8264,0.5506,0.0945
c2_46,1,1789032079.4428144,8,5.8264,0.5506,0.0945
c2_46,1,1789032079.6628144,8,5.8264,0.5506,0.0945
c2_46,1,1789032079.8828144,8,5.8264,0.5506,0.0945
c2_46,1,1789032080.1028144,8,5.8264,0.5506,0.0945
c2_46,1,1789032080.3228145,8,5.8264,0.5506,0.0945
c2_46,1,1789032080.5428145,8,5.8264,0.5506,0.0945
c2_46,1,1789032080.7628145,8,5.8264,0.5506,0.0945
c2_46,1,1789032080.9828146,8,5.8264,0.5506,0.0945
c2_46,1,1789032081.2028146,8,5.8264,0.5506,0.0945
c2_46,1,1789032081.4228146,8,5.8264,0.5506,0.0945
c2_46,1,1789032081.6428146,8,5.8264,0.5506,0.0945
c2_46,1,1789032081.8628147,8,5.8264,0.5506,0.0945
c2_46,1,1789032082.0828147,8,5.8264,0.5506,0.0945
c2_46,1,1789032082.3028147,8,5.8264,0.5506,0.0945
c2_46,1,1789032082.5228148,8,5.8264,0.5506,0.0945
c2_46,1,1789032082.7428148,8,5.8264,0.5506,0.0945
c2_46,1,1789032082.9628148,8,5.8264,0.5506,0.0945
c2_46,1,1789032083.1828148,8,5.8264,0.5506,0.0945
c2_46,1,1789032083.4028149,8,5.8264,0.5506,0.0945
c2_46,1,1789032083.622815,8,5.8264,0.5506,0.0945
c2_46,1,1789032083.842815,8,5.8264,0.5506,0.0945
c2_46,1,1789032084.062815,9,5.7333,0.5709,0.0996
c2_46,1,1789032084.282815,9,5.7333,0.5709,0.0996
c2_46,1,1789032084.502815,9,5.7333,0.5709,0.0996
c2_46,1,1789032084.722815,9,5.7333,0.5709,0.0996
c2_46,1,1789032084.942815,9,5.7333,0.5709,0.0996
c2_46,1,1789032085.162815,9,5.7333,0.5709,0.0996
c2_46,1,1789032085.3828151,9,5.7333,0.5709,0.0996
c2_46,1,1789032085.6028152,9,5.7333,0.5709,0.0996
c2_46,1,1789032085.8228152,9,5.7333,0.5709,0.0996
c2_46,1,1789032086.0428152,9,5.7333,0.5709,0.0996
c2_46,1,1789032086.2628152,9,5.7333,0.5709,0.0996
c2_46,1,1789032086.4828153,9,5.7333,0.5709,0.0996
c2_46,1,1789032086.7028153,9,5.7333,0.5709,0.0996
c2_46,1,1789032086.9228153,9,5.7333,0.5709,0.0996
c2_46,1,1789032087.1428154,9,5.7333,0.5709,0.0996
c2_46,1,1789032087.3628154,9,5.7333,0.5709,0.0996
c2_46,1,1789032087.5828154,9,5.7333,0.5709,0.0996
c2_46,1,1789032087.8028154,9,5.7333,0.5709,0.0996
c2_46,1,1789032088.0228155,9,5.7333,0.5709,0.0996
c2_46,1,1789032088.2428155,9,5.7333,0.5709,0.0996
c2_46,1,1789032088.4628155,9,5.7333,0.5709,0.0996
c2_46,1,1789032088.6828156,9,5.7333,0.5709,0.0996
c2_46,1,1789032088.9028156,9,5.7333,0.5709,0.0996
c2_46,1,1789032089.1228156,9,5.7333,0.5709,0.0996
c2_46,1,1789032089.3428156,9,5.7333,0.5709,0.0996
c2_46,1,1789032089.5628157,9,5.7333,0.5709,0.0996
c2_46,1,1789032089.7828157,9,5.7333,0.5709,0.0996
c2_46,1,1789032090.0028157,10,5.7524,0.541,0.094
c2_46,1,1789032090.2228158,10,5.7524,0.541,0.094
c2_46,1,1789032090.4428158,10,5.7524,0.541,0.094
c2_46,1,1789032090.6628158,10,5.7524,0.541,0.094
c2_46,1,1789032090.8828158,10,5.7524,0.541,0.094
c2_46,1,1789032091.1028159,10,5.7524,0.541,0.094
c2_46,1,1789032091.322816,10,5.7524,0.541,0.094
c2_46,1,1789032091.542816,10,5.7524,0.541,0.094
c2_46,1,1789032091.762816,10,5.7524,0.541,0.094
c2_46,1,1789032091.982816,10,5.7524,0.541,0.094
c2_46,1,1789032092.202816,10,5.7524,0.541,0.094
c2_46,1,1789032092.422816,10,5.7524,0.541,0.094
c2_46,1,1789032092.642816,10,5.7524,0.541,0.094
c2_46,1,1789032092.862816,10,5.7524,0.541,0.094
c2_46,1,1789032093.0828161,10,5.7524,0.541,0.094
c2_46,1,1789032093.3028162,10,5.7524,0.541,0.094
c2_46,1,1789032093.5228162,10,5.7524,0.541,0.094
c2_46,1,1789032093.7428162,10,5.7524,0.541,0.094
c2_46,1,1789032093.9628162,10,5.7524,0.541,0.094
c2_46,1,1789032094.1828163,10,5.7524,0.541,0.094
c2_46,1,1789032094.4028163,10,5.7524,0.541,0.094
c2_46,1,1789032094.6228163,10,5.7524,0.541,0.094
c2_46,1,1789032094.8428164,10,5.7524,0.541,0.094
c2_46,1,1789032095.0628164,10,5.7524,0.541,0.094
c2_47,1,1789032131.5582156,3,4.0195,0.2653,0.066
c2_47,1,1789032131.7782156,3,4.0195,0.2653,0.066
c2_47,1,1789032131.9982157,3,4.0195,0.2653,0.066
c2_47,1,1789032132.2182157,3,4.0195,0.2653,0.066
c2_47,1,1789032132.4382157,3,4.0195,0.2653,0.066
c2_47,1,1789032132.6582158,3,4.0195,0.2653,0.066
c2_47,1,1789032132.8782158,3,4.0195,0.2653,0.066
c2_47,1,1789032133.0982158,3,4.0195,0.2653,0.066
c2_47,1,1789032133.3182158,3,4.0195,0.2653,0.066
c2_47,1,1789032133.5382159,3,4.0195,0.2653,0.066
c2_47,1,1789032133.758216,3,4.0195,0.2653,0.066
c2_47,1,1789032133.978216,3,4.0195,0.2653,0.066
c2_47,1,1789032134.198216,3,4.0195,0.2653,0.066
c2_47,1,1789032134.418216,3,4.0195,0.2653,0.066
c2_47,1,1789032134.638216,3,4.0195,0.2653,0.066
c2_47,1,1789032134.858216,3,4.0195,0.2653,0.066
c2_47,1,1789032135.078216,4,3.8383,0.3356,0.0874
c2_47,1,1789032135.298216,4,3.8383,0.3356,0.0874
c2_47,1,1789032135.5182161,4,3.8383,0.3356,0.0874
c2_47,1,1789032135.7382162,4,3.8383,0.3356,0.0874
c2_47,1,1789032135.9582162,4,3.8383,0.3356,0.0874
c2_47,1,1789032136.1782162,4,3.8383,0.3356,0.0874
c2_47,1,1789032136.3982162,4,3.8383,0.3356,0.0874
c2_47,1,1789032136.6182163,4,3.8383,0.3356,0.0874
c2_47,1,1789032136.8382163,4,3.8383,0.3356,0.0874
c2_47,1,1789032137.0582163,4,3.8383,0.3356,0.0874
c2_47,1,1789032137.2782164,4,3.8383,0.3356,0.0874
c2_47,1,1789032137.4982164,4,3.8383,0.3356,0.0874
c2_47,1,1789032137.7182164,4,3.8383,0.3356,0.0874
c2_47,1,1789032137.9382164,4,3.8383,0.3356,0.0874
c2_47,1,1789032138.1582165,4,3.8383,0.3356,0.0874
c2_47,1,1789032138.3782165,4,3.8383,0.3356,0.0874
c2_47,1,1789032138.5982165,4,3.8383,0.3356,0.0874
c2_47,1,1789032138.8182166,5,3.8039,0.2967,0.078
c2_47,1,1789032139.0382166,5,3.8039,0.2967,0.078
c2_47,1,1789032139.2582166,5,3.8039,0.2967,0.078
c2_47,1,1789032139.4782166,5,3.8039,0.2967,0.078
c2_47,1,1789032139.6982167,5,3.8039,0.2967,0.078
c2_47,1,1789032139.9182167,5,3.8039,0.2967,0.078
c2_47,1,1789032140.1382167,5,3.8039,0.2967,0.078
c2_47,1,1789032140.3582168,5,3.8039,0.2967,0.078
c2_47,1,1789032140.5782168,5,3.8039,0.2967,0.078
c2_47,1,1789032140.7982168,5,3.8039,0.2967,0.078
c2_47,1,1789032141.0182168,5,3.8039,0.2967,0.078
c2_47,1,1789032141.2382169,5,3.8039,0.2967,0.078
c2_47,1,1789032141.458217,5,3.8039,0.2967,0.078
c2_47,1,1789032141.678217,5,3.8039,0.2967,0.078
c2_47,1,1789032141.898217,5,3.8039,0.2967,0.078
c2_47,1,1789032142.118217,5,3.8039,0.2967,0.078
c2_47,1,1789032142.338217,6,3.7668,0.2755,0.0731
c2_47,1,1789032142.558217,6,3.7668,0.2755,0.0731
c2_47,1,1789032142.778217,6,3.7668,0.2755,0.0731
c2_47,1,1789032142.998217,6,3.7668,0.2755,0.0731
c2_47,1,1789032143.2182171,6,3.7668,0.2755,0.0731
c2_47,1,1789032143.4382172,6,3.7668,0.2755,0.0731
c2_47,1,1789032143.6582172,6,3.7668,0.2755,0.0731
c2_47,1,1789032143.8782172,6,3.7668,0.2755,0.0731
c2_47,1,1789032144.0982172,6,3.7668,0.2755,0.0731
c2_47,1,1789032144.3182173,6,3.7668,0.2755,0.0731
c2_47,1,1789032144.5382173,6,3.7668,0.2755,0.0731
c2_47,1,1789032144.7582173,6,3.7668,0.2755,0.0731
c2_47,1,1789032144.9782174,6,3.7668,0.2755,0.0731
c2_47,1,1789032145.1982174,6,3.7668,0.2755,0.0731
c2_47,1,1789032145.4182174,6,3.7668,0.2755,0.0731
c2_47,1,1789032145.6382174,6,3.7668,0.2755,0.0731
c2_47,1,1789032145.8582175,7,3.7219,0.2709,0.0728
c2_47,1,1789032146.0782175,7,3.7219,0.2709,0.0728
c2_47,1,1789032146.2982175,7,3.7219,0.2709,0.0728
c2_47,1,1789032146.5182176,7,3.7219,0.2709,0.0728
c2_47,1,1789032146.7382176,7,3.7219,0.2709,0.0728
c2_47,1,1789032146.9582176,7,3.7219,0.2709,0.0728
c2_47,1,1789032147.1782176,7,3.7219,0.2709,0.0728
c2_47,1,1789032147.3982177,7,3.7219,0.2709,0.0728
c2_47,1,1789032147.6182177,7,3.7219,0.2709,0.0728
c2_47,1,1789032147.8382177,7,3.7219,0.2709,0.0728
c2_47,1,1789032148.0582178,7,3.7219,0.2709,0.0728
c2_47,1,1789032148.2782178,7,3.7219,0.2709,0.0728
c2_47,1,1789032148.4982178,7,3.7219,0.2709,0.0728
c2_47,1,1789032148.7182178,7,3.7219,0.2709,0.0728
c2_47,1,1789032148.9382179,7,3.7219,0.2709,0.0728
c2_47,1,1789032149.158218,7,3.7219,0.2709,0.0728
c2_47,1,1789032149.378218,7,3.7219,0.2709,0.0728
c2_47,1,1789032149.598218,7,3.7219,0.2709,0.0728
c2_47,1,1789032149.818218,7,3.7219,0.2709,0.0728
c2_47,1,1789032150.038218,7,3.7219,0.2709,0.0728
c2_47,1,1789032150.258218,8,3.8294,0.3637,0.095
c2_47,1,1789032150.478218,8,3.8294,0.3637,0.095
c2_47,1,1789032150.698218,8,3.8294,0.3637,0.095
c2_47,1,1789032150.9182181,8,3.8294,0.3637,0.095
c2_47,1,1789032151.1382182,8,3.8294,0.3637,0.095
c2_47,1,1789032151.3582182,8,3.8294,0.3637,0.095
c2_47,1,1789032151.5782182,8,3.8294,0.3637,0.095
c2_47,1,1789032151.7982183,8,3.8294,0.3637,0.095
c2_47,1,1789032152.0182183,8,3.8294,0.3637,0.095
c2_47,1,1789032152.2382183,8,3.8294,0.3637,0.095
c2_47,1,1789032152.4582183,8,3.8294,0.3637,0.095
c2_47,1,1789032152.6782184,8,3.8294,0.3637,0.095
c2_47,1,1789032152.8982184,8,3.8294,0.3637,0.095
c2_47,1,1789032153.1182184,8,3.8294,0.3637,0.095
c2_47,1,1789032153.3382185,8,3.8294,0.3637,0.095
c2_47,1,1789032153.5582185,8,3.8294,0.3637,0.095
c2_47,1,1789032153.7782185,8,3.8294,0.3637,0.095
c2_47,1,1789032153.9982185,8,3.8294,0.3637,0.095
c2_47,1,1789032154.2182186,8,3.8294,0.3637,0.095
c2_47,1,1789032154.4382186,9,3.853,0.3459,0.0898
c2_47,1,1789032154.6582186,9,3.853,0.3459,0.0898
c2_47,1,1789032154.8782187,9,3.853,0.3459,0.0898
c2_47,1,1789032155.0982187,9,3.853,0.3459,0.0898
c2_47,1,1789032155.3182187,9,3.853,0.3459,0.0898
c2_47,1,1789032155.5382187,9,3.853,0.3459,0.0898
c2_47,1,1789032155.7582188,9,3.853,0.3459,0.0898
c2_47,1,1789032155.9782188,9,3.853,0.3459,0.0898
c2_47,1,1789032156.1982188,9,3.853,0.3459,0.0898
c2_47,1,1789032156.4182189,9,3.853,0.3459,0.0898
c2_47,1,1789032156.6382189,9,3.853,0.3459,0.0898
c2_47,1,1789032156.858219,9,3.853,0.3459,0.0898
c2_47,1,1789032157.078219,9,3.853,0.3459,0.0898
c2_47,1,1789032157.298219,9,3.853,0.3459,0.0898
c2_47,1,1789032157.518219,9,3.853,0.3459,0.0898
c2_47,1,1789032157.738219,10,3.8091,0.349,0.0916
c2_47,1,1789032157.958219,10,3.8091,0.349,0.0916
c2_47,1,1789032158.178219,10,3.8091,0.349,0.0916
c2_47,1,1789032158.398219,10,3.8091,0.349,0.0916
c2_47,1,1789032158.6182191,10,3.8091,0.349,0.0916
c2_47,1,1789032158.8382192,10,3.8091,0.349,0.0916
c2_47,1,1789032159.0582192,10,3.8091,0.349,0.0916
c2_47,1,1789032159.2782192,10,3.8091,0.349,0.0916
c2_47,1,1789032159.4982193,10,3.8091,0.349,0.0916
c2_47,1,1789032159.7182193,10,3.8091,0.349,0.0916
c2_47,1,1789032159.9382193,10,3.8091,0.349,0.0916
c2_47,1,1789032160.1582193,10,3.8091,0.349,0.0916
c2_47,1,1789032160.3782194,10,3.8091,0.349,0.0916
c2_47,1,1789032160.5982194,10,3.8091,0.349,0.0916
c2_47,1,1789032160.8182194,10,3.8091,0.349,0.0916
c2_47,1,1789032161.0382195,10,3.8091,0.349,0.0916
c2_47,1,1789032161.2582195,11,3.7837,0.3397,0.0898
c2_47,1,1789032161.4782195,11,3.7837,0.3397,0.0898
c2_47,1,1789032161.6982195,11,3.7837,0.3397,0.0898
c2_47,1,1789032161.9182196,11,3.7837,0.3397,0.0898
c2_47,1,1789032162.1382196,11,3.7837,0.3397,0.0898
c2_47,1,1789032162.3582196,11,3.7837,0.3397,0.0898
c2_47,1,1789032162.5782197,11,3.7837,0.3397,0.0898
c2_47,1,1789032162.7982197,11,3.7837,0.3397,0.0898
c2_47,1,1789032163.0182197,11,3.7837,0.3397,0.0898
c2_47,1,1789032163.2382197,11,3.7837,0.3397,0.0898
c2_47,1,1789032163.4582198,11,3.7837,0.3397,0.0898
c2_47,1,1789032163.6782198,11,3.7837,0.3397,0.0898
c2_47,1,1789032163.8982198,11,3.7837,0.3397,0.0898
c2_47,1,1789032164.1182199,11,3.7837,0.3397,0.0898
c2_47,1,1789032164.33822,11,3.7837,0.3397,0.0898
c2_47,1,1789032164.55822,11,3.7837,0.3397,0.0898
c2_47,1,1789032164.77822,11,3.7837,0.3397,0.0898
c2_47,1,1789032164.99822,11,3.7837,0.3397,0.0898
c2_47,1,1789032165.21822,12,3.7953,0.326,0.0859
c2_47,1,1789032165.43822,12,3.7953,0.326,0.0859
c2_47,1,1789032165.65822,12,3.7953,0.326,0.0859
c2_47,1,1789032165.87822,12,3.7953,0.326,0.0859
c2_47,1,1789032166.09822,12,3.7953,0.326,0.0859
c2_47,1,1789032166.3182201,12,3.7953,0.326,0.0859
c2_47,1,1789032166.5382202,12,3.7953,0.326,0.0859
c2_47,1,1789032166.7582202,12,3.7953,0.326,0.0859
c2_47,1,1789032166.9782202,12,3.7953,0.326,0.0859
c2_47,1,1789032167.1982203,12,3.7953,0.326,0.0859
c2_47,1,1789032167.4182203,12,3.7953,0.326,0.0859
c2_47,1,1789032167.6382203,12,3.7953,0.326,0.0859
c2_47,1,1789032167.8582203,12,3.7953,0.326,0.0859
c2_47,1,1789032168.0782204,12,3.7953,0.326,0.0859
c2_47,1,1789032168.2982204,12,3.7953,0.326,0.0859
benign_48,0,1789032180.867064,3,0.3993,0.3924,0.9828
benign_48,0,1789032181.087064,3,0.3993,0.3924,0.9828
benign_48,0,1789032181.307064,3,0.3993,0.3924,0.9828
benign_48,0,1789032181.527064,3,0.3993,0.3924,0.9828
benign_48,0,1789032181.747064,3,0.3993,0.3924,0.9828
benign_48,0,1789032181.9670641,3,0.3993,0.3924,0.9828
benign_48,0,1789032182.1870642,3,0.3993,0.3924,0.9828
benign_48,0,1789032182.4070642,3,0.3993,0.3924,0.9828
benign_48,0,1789032182.6270642,3,0.3993,0.3924,0.9828
benign_48,0,1789032182.8470643,3,0.3993,0.3924,0.9828
benign_48,0,1789032183.0670643,3,0.3993,0.3924,0.9828
benign_48,0,1789032183.2870643,3,0.3993,0.3924,0.9828
benign_48,0,1789032183.5070643,3,0.3993,0.3924,0.9828
benign_48,0,1789032183.7270644,3,0.3993,0.3924,0.9828
benign_48,0,1789032183.9470644,3,0.3993,0.3924,0.9828
benign_48,0,1789032184.1670644,3,0.3993,0.3924,0.9828
benign_48,0,1789032184.3870645,3,0.3993,0.3924,0.9828
benign_48,0,1789032184.6070645,3,0.3993,0.3924,0.9828
benign_48,0,1789032184.8270645,3,0.3993,0.3924,0.9828
benign_48,0,1789032185.0470645,3,0.3993,0.3924,0.9828
benign_48,0,1789032185.2670646,3,0.3993,0.3924,0.9828
benign_48,0,1789032185.4870646,3,0.3993,0.3924,0.9828
benign_48,0,1789032185.7070646,3,0.3993,0.3924,0.9828
benign_48,0,1789032185.9270647,3,0.3993,0.3924,0.9828
benign_48,0,1789032186.1470647,3,0.3993,0.3924,0.9828
benign_48,0,1789032186.3670647,3,0.3993,0.3924,0.9828
benign_48,0,1789032186.5870647,3,0.3993,0.3924,0.9828
benign_48,0,1789032186.8070648,3,0.3993,0.3924,0.9828
benign_48,0,1789032187.0270648,3,0.3993,0.3924,0.9828
benign_48,0,1789032187.2470648,3,0.3993,0.3924,0.9828
benign_48,0,1789032187.4670649,3,0.3993,0.3924,0.9828
benign_48,0,1789032187.687065,3,0.3993,0.3924,0.9828
benign_48,0,1789032187.907065,3,0.3993,0.3924,0.9828
benign_48,0,1789032188.127065,3,0.3993,0.3924,0.9828
benign_48,0,1789032188.347065,3,0.3993,0.3924,0.9828
benign_48,0,1789032188.567065,3,0.3993,0.3924,0.9828
benign_48,0,1789032188.787065,3,0.3993,0.3924,0.9828
benign_48,0,1789032189.007065,3,0.3993,0.3924,0.9828
benign_48,0,1789032189.227065,3,0.3993,0.3924,0.9828
benign_48,0,1789032189.447065,3,0.3993,0.3924,0.9828
benign_48,0,1789032189.6670651,3,0.3993,0.3924,0.9828
benign_48,0,1789032189.8870652,3,0.3993,0.3924,0.9828
benign_48,0,1789032190.1070652,3,0.3993,0.3924,0.9828
benign_48,0,1789032190.3270652,3,0.3993,0.3924,0.9828
benign_48,0,1789032190.5470653,3,0.3993,0.3924,0.9828
benign_48,0,1789032190.7670653,3,0.3993,0.3924,0.9828
benign_48,0,1789032190.9870653,3,0.3993,0.3924,0.9828
benign_48,0,1789032191.2070653,3,0.3993,0.3924,0.9828
benign_48,0,1789032191.4270654,3,0.3993,0.3924,0.9828
benign_48,0,1789032191.6470654,3,0.3993,0.3924,0.9828
benign_48,0,1789032191.8670654,3,0.3993,0.3924,0.9828
benign_48,0,1789032192.0870655,3,0.3993,0.3924,0.9828
benign_48,0,1789032192.3070655,3,0.3993,0.3924,0.9828
benign_48,0,1789032192.5270655,3,0.3993,0.3924,0.9828
benign_48,0,1789032192.7470655,3,0.3993,0.3924,0.9828
benign_48,0,1789032192.9670656,3,0.3993,0.3924,0.9828
benign_48,0,1789032193.1870656,3,0.3993,0.3924,0.9828
benign_48,0,1789032193.4070656,3,0.3993,0.3924,0.9828
benign_48,0,1789032193.6270657,3,0.3993,0.3924,0.9828
benign_48,0,1789032193.8470657,3,0.3993,0.3924,0.9828
benign_48,0,1789032194.0670657,3,0.3993,0.3924,0.9828
benign_48,0,1789032194.2870657,3,0.3993,0.3924,0.9828
benign_48,0,1789032194.5070658,3,0.3993,0.3924,0.9828
benign_48,0,1789032194.7270658,3,0.3993,0.3924,0.9828
benign_48,0,1789032194.9470658,3,0.3993,0.3924,0.9828
benign_48,0,1789032195.1670659,3,0.3993,0.3924,0.9828
benign_48,0,1789032195.387066,3,0.3993,0.3924,0.9828
benign_48,0,1789032195.607066,3,0.3993,0.3924,0.9828
benign_48,0,1789032195.827066,3,0.3993,0.3924,0.9828
benign_48,0,1789032196.047066,3,0.3993,0.3924,0.9828
benign_48,0,1789032196.267066,3,0.3993,0.3924,0.9828
benign_48,0,1789032196.487066,3,0.3993,0.3924,0.9828
benign_48,0,1789032196.707066,3,0.3993,0.3924,0.9828
benign_48,0,1789032196.927066,3,0.3993,0.3924,0.9828
benign_48,0,1789032197.147066,3,0.3993,0.3924,0.9828
benign_48,0,1789032197.3670661,3,0.3993,0.3924,0.9828
benign_48,0,1789032197.5870662,3,0.3993,0.3924,0.9828
benign_48,0,1789032197.8070662,3,0.3993,0.3924,0.9828
benign_48,0,1789032198.0270662,3,0.3993,0.3924,0.9828
benign_48,0,1789032198.2470663,3,0.3993,0.3924,0.9828
benign_48,0,1789032198.4670663,3,0.3993,0.3924,0.9828
benign_48,0,1789032198.6870663,3,0.3993,0.3924,0.9828
benign_48,0,1789032198.9070663,3,0.3993,0.3924,0.9828
benign_48,0,1789032199.1270664,3,0.3993,0.3924,0.9828
benign_48,0,1789032199.3470664,3,0.3993,0.3924,0.9828
benign_48,0,1789032199.5670664,3,0.3993,0.3924,0.9828
benign_48,0,1789032199.7870665,3,0.3993,0.3924,0.9828
benign_48,0,1789032200.0070665,3,0.3993,0.3924,0.9828
benign_48,0,1789032200.2270665,3,0.3993,0.3924,0.9828
benign_48,0,1789032200.4470665,3,0.3993,0.3924,0.9828
benign_48,0,1789032200.6670666,3,0.3993,0.3924,0.9828
benign_48,0,1789032200.8870666,3,0.3993,0.3924,0.9828
benign_48,0,1789032201.1070666,3,0.3993,0.3924,0.9828
benign_48,0,1789032201.3270667,3,0.3993,0.3924,0.9828
benign_48,0,1789032201.5470667,3,0.3993,0.3924,0.9828
benign_48,0,1789032201.7670667,3,0.3993,0.3924,0.9828
benign_48,0,1789032201.9870667,3,0.3993,0.3924,0.9828
benign_48,0,1789032202.2070668,3,0.3993,0.3924,0.9828
benign_48,0,1789032202.4270668,3,0.3993,0.3924,0.9828
benign_48,0,1789032202.6470668,3,0.3993,0.3924,0.9828
benign_48,0,1789032202.8670669,3,0.3993,0.3924,0.9828
benign_48,0,1789032203.087067,3,0.3993,0.3924,0.9828
benign_48,0,1789032203.307067,3,0.3993,0.3924,0.9828
benign_48,0,1789032203.527067,3,0.3993,0.3924,0.9828
benign_48,0,1789032203.747067,3,0.3993,0.3924,0.9828
benign_48,0,1789032203.967067,3,0.3993,0.3924,0.9828
benign_48,0,1789032204.187067,3,0.3993,0.3924,0.9828
benign_48,0,1789032204.407067,3,0.3993,0.3924,0.9828
benign_48,0,1789032204.627067,3,0.3993,0.3924,0.9828
benign_48,0,1789032204.847067,3,0.3993,0.3924,0.9828
benign_48,0,1789032205.0670671,3,0.3993,0.3924,0.9828
benign_48,0,1789032205.2870672,3,0.3993,0.3924,0.9828
benign_48,0,1789032205.5070672,3,0.3993,0.3924,0.9828
benign_48,0,1789032205.7270672,3,0.3993,0.3924,0.9828
benign_48,0,1789032205.9470673,3,0.3993,0.3924,0.9828
benign_48,0,1789032206.1670673,3,0.3993,0.3924,0.9828
benign_48,0,1789032206.3870673,3,0.3993,0.3924,0.9828
benign_48,0,1789032206.6070673,3,0.3993,0.3924,0.9828
benign_48,0,1789032206.8270674,3,0.3993,0.3924,0.9828
benign_48,0,1789032207.0470674,3,0.3993,0.3924,0.9828
benign_48,0,1789032207.2670674,3,0.3993,0.3924,0.9828
benign_48,0,1789032207.4870675,3,0.3993,0.3924,0.9828
benign_48,0,1789032207.7070675,3,0.3993,0.3924,0.9828
benign_48,0,1789032207.9270675,3,0.3993,0.3924,0.9828
benign_48,0,1789032208.1470675,3,0.3993,0.3924,0.9828
benign_48,0,1789032208.3670676,3,0.3993,0.3924,0.9828
benign_48,0,1789032208.5870676,3,0.3993,0.3924,0.9828
benign_48,0,1789032208.8070676,3,0.3993,0.3924,0.9828
benign_48,0,1789032209.0270677,3,0.3993,0.3924,0.9828
benign_48,0,1789032209.2470677,3,0.3993,0.3924,0.9828
benign_48,0,1789032209.4670677,3,0.3993,0.3924,0.9828
benign_48,0,1789032209.6870677,3,0.3993,0.3924,0.9828
benign_48,0,1789032209.9070678,3,0.3993,0.3924,0.9828
c2_48,1,1789032227.6031666,3,5.5132,0.4093,0.0742
c2_48,1,1789032227.8231666,3,5.5132,0.4093,0.0742
c2_48,1,1789032228.0431666,3,5.5132,0.4093,0.0742
c2_48,1,1789032228.2631667,3,5.5132,0.4093,0.0742
c2_48,1,1789032228.4831667,3,5.5132,0.4093,0.0742
c2_48,1,1789032228.7031667,3,5.5132,0.4093,0.0742
c2_48,1,1789032228.9231668,3,5.5132,0.4093,0.0742
c2_48,1,1789032229.1431668,3,5.5132,0.4093,0.0742
c2_48,1,1789032229.3631668,3,5.5132,0.4093,0.0742
c2_48,1,1789032229.5831668,3,5.5132,0.4093,0.0742
c2_48,1,1789032229.8031669,3,5.5132,0.4093,0.0742
c2_48,1,1789032230.023167,3,5.5132,0.4093,0.0742
c2_48,1,1789032230.243167,3,5.5132,0.4093,0.0742
c2_48,1,1789032230.463167,3,5.5132,0.4093,0.0742
c2_48,1,1789032230.683167,3,5.5132,0.4093,0.0742
c2_48,1,1789032230.903167,3,5.5132,0.4093,0.0742
c2_48,1,1789032231.123167,3,5.5132,0.4093,0.0742
c2_48,1,1789032231.343167,3,5.5132,0.4093,0.0742
c2_48,1,1789032231.563167,3,5.5132,0.4093,0.0742
c2_48,1,1789032231.7831671,3,5.5132,0.4093,0.0742
c2_48,1,1789032232.0031672,3,5.5132,0.4093,0.0742
c2_48,1,1789032232.2231672,3,5.5132,0.4093,0.0742
c2_48,1,1789032232.4431672,3,5.5132,0.4093,0.0742
c2_48,1,1789032232.6631672,3,5.5132,0.4093,0.0742
c2_48,1,1789032232.8831673,3,5.5132,0.4093,0.0742
c2_48,1,1789032233.1031673,4,5.4507,0.3457,0.0634
c2_48,1,1789032233.3231673,4,5.4507,0.3457,0.0634
c2_48,1,1789032233.5431674,4,5.4507,0.3457,0.0634
c2_48,1,1789032233.7631674,4,5.4507,0.3457,0.0634
c2_48,1,1789032233.9831674,4,5.4507,0.3457,0.0634
c2_48,1,1789032234.2031674,4,5.4507,0.3457,0.0634
c2_48,1,1789032234.4231675,4,5.4507,0.3457,0.0634
c2_48,1,1789032234.6431675,4,5.4507,0.3457,0.0634
c2_48,1,1789032234.8631675,4,5.4507,0.3457,0.0634
c2_48,1,1789032235.0831676,4,5.4507,0.3457,0.0634
c2_48,1,1789032235.3031676,4,5.4507,0.3457,0.0634
c2_48,1,1789032235.5231676,4,5.4507,0.3457,0.0634
c2_48,1,1789032235.7431676,4,5.4507,0.3457,0.0634
c2_48,1,1789032235.9631677,4,5.4507,0.3457,0.0634
c2_48,1,1789032236.1831677,4,5.4507,0.3457,0.0634
c2_48,1,1789032236.4031677,4,5.4507,0.3457,0.0634
c2_48,1,1789032236.6231678,4,5.4507,0.3457,0.0634
c2_48,1,1789032236.8431678,4,5.4507,0.3457,0.0634
c2_48,1,1789032237.0631678,4,5.4507,0.3457,0.0634
c2_48,1,1789032237.2831678,4,5.4507,0.3457,0.0634
c2_48,1,1789032237.5031679,4,5.4507,0.3457,0.0634
c2_48,1,1789032237.723168,4,5.4507,0.3457,0.0634
c2_48,1,1789032237.943168,4,5.4507,0.3457,0.0634
c2_48,1,1789032238.163168,4,5.4507,0.3457,0.0634
c2_48,1,1789032238.383168,4,5.4507,0.3457,0.0634
c2_48,1,1789032238.603168,4,5.4507,0.3457,0.0634
c2_48,1,1789032238.823168,4,5.4507,0.3457,0.0634
c2_48,1,1789032239.043168,4,5.4507,0.3457,0.0634
c2_48,1,1789032239.263168,5,5.6454,0.451,0.0799
c2_48,1,1789032239.4831681,5,5.6454,0.451,0.0799
c2_48,1,1789032239.7031682,5,5.6454,0.451,0.0799
c2_48,1,1789032239.9231682,5,5.6454,0.451,0.0799
c2_48,1,1789032240.1431682,5,5.6454,0.451,0.0799
c2_48,1,1789032240.3631682,5,5.6454,0.451,0.0799
c2_48,1,1789032240.5831683,5,5.6454,0.451,0.0799
c2_48,1,1789032240.8031683,5,5.6454,0.451,0.0799
c2_48,1,1789032241.0231683,5,5.6454,0.451,0.0799
c2_48,1,1789032241.2431684,5,5.6454,0.451,0.0799
c2_48,1,1789032241.4631684,5,5.6454,0.451,0.0799
c2_48,1,1789032241.6831684,5,5.6454,0.451,0.0799
c2_48,1,1789032241.9031684,5,5.6454,0.451,0.0799
c2_48,1,1789032242.1231685,5,5.6454,0.451,0.0799
c2_48,1,1789032242.3431685,5,5.6454,0.451,0.0799
c2_48,1,1789032242.5631685,5,5.6454,0.451,0.0799
c2_48,1,1789032242.7831686,5,5.6454,0.451,0.0799
c2_48,1,1789032243.0031686,5,5.6454,0.451,0.0799
c2_48,1,1789032243.2231686,5,5.6454,0.451,0.0799
c2_48,1,1789032243.4431686,5,5.6454,0.451,0.0799
c2_48,1,1789032243.6631687,5,5.6454,0.451,0.0799
c2_48,1,1789032243.8831687,5,5.6454,0.451,0.0799
c2_48,1,1789032244.1031687,5,5.6454,0.451,0.0799
c2_48,1,1789032244.3231688,5,5.6454,0.451,0.0799
c2_48,1,1789032244.5431688,6,5.5755,0.4269,0.0766
c2_48,1,1789032244.7631688,6,5.5755,0.4269,0.0766
c2_48,1,1789032244.9831688,6,5.5755,0.4269,0.0766
c2_48,1,1789032245.2031689,6,5.5755,0.4269,0.0766
c2_48,1,1789032245.423169,6,5.5755,0.4269,0.0766
c2_48,1,1789032245.643169,6,5.5755,0.4269,0.0766
c2_48,1,1789032245.863169,6,5.5755,0.4269,0.0766
c2_48,1,1789032246.083169,6,5.5755,0.4269,0.0766
c2_48,1,1789032246.303169,6,5.5755,0.4269,0.0766
c2_48,1,1789032246.523169,6,5.5755,0.4269,0.0766
c2_48,1,1789032246.743169,6,5.5755,0.4269,0.0766
c2_48,1,1789032246.963169,6,5.5755,0.4269,0.0766
c2_48,1,1789032247.1831691,6,5.5755,0.4269,0.0766
c2_48,1,1789032247.4031692,6,5.5755,0.4269,0.0766
c2_48,1,1789032247.6231692,6,5.5755,0.4269,0.0766
c2_48,1,1789032247.8431692,6,5.5755,0.4269,0.0766
c2_48,1,1789032248.0631692,6,5.5755,0.4269,0.0766
c2_48,1,1789032248.2831693,6,5.5755,0.4269,0.0766
c2_48,1,1789032248.5031693,6,5.5755,0.4269,0.0766
c2_48,1,1789032248.7231693,6,5.5755,0.4269,0.0766
c2_48,1,1789032248.9431694,6,5.5755,0.4269,0.0766
c2_48,1,1789032249.1631694,6,5.5755,0.4269,0.0766
c2_48,1,1789032249.3831694,6,5.5755,0.4269,0.0766
c2_48,1,1789032249.6031694,6,5.5755,0.4269,0.0766
c2_48,1,1789032249.8231695,6,5.5755,0.4269,0.0766
c2_48,1,1789032250.0431695,6,5.5755,0.4269,0.0766
c2_48,1,1789032250.2631695,6,5.5755,0.4269,0.0766
c2_48,1,1789032250.4831696,7,5.6497,0.4236,0.075
c2_48,1,1789032250.7031696,7,5.6497,0.4236,0.075
c2_48,1,1789032250.9231696,7,5.6497,0.4236,0.075
c2_48,1,1789032251.1431696,7,5.6497,0.4236,0.075
c2_48,1,1789032251.3631697,7,5.6497,0.4236,0.075
c2_48,1,1789032251.5831697,7,5.6497,0.4236,0.075
c2_48,1,1789032251.8031697,7,5.6497,0.4236,0.075
c2_48,1,1789032252.0231698,7,5.6497,0.4236,0.075
c2_48,1,1789032252.2431698,7,5.6497,0.4236,0.075
c2_48,1,1789032252.4631698,7,5.6497,0.4236,0.075
c2_48,1,1789032252.6831698,7,5.6497,0.4236,0.075
c2_48,1,1789032252.9031699,7,5.6497,0.4236,0.075
c2_48,1,1789032253.12317,7,5.6497,0.4236,0.075
c2_48,1,1789032253.34317,7,5.6497,0.4236,0.075
c2_48,1,1789032253.56317,7,5.6497,0.4236,0.075
c2_48,1,1789032253.78317,7,5.6497,0.4236,0.075
c2_48,1,1789032254.00317,7,5.6497,0.4236,0.075
c2_48,1,1789032254.22317,7,5.6497,0.4236,0.075
c2_48,1,1789032254.44317,7,5.6497,0.4236,0.075
c2_48,1,1789032254.66317,7,5.6497,0.4236,0.075
c2_48,1,1789032254.8831701,7,5.6497,0.4236,0.075
c2_48,1,1789032255.1031702,7,5.6497,0.4236,0.075
c2_48,1,1789032255.3231702,7,5.6497,0.4236,0.075
c2_48,1,1789032255.5431702,7,5.6497,0.4236,0.075
c2_48,1,1789032255.7631702,7,5.6497,0.4236,0.075
c2_48,1,1789032255.9831703,7,5.6497,0.4236,0.075
c2_48,1,1789032256.2031703,8,5.6431,0.3925,0.0696
c2_48,1,1789032256.4231703,8,5.6431,0.3925,0.0696
c2_48,1,1789032256.6431704,8,5.6431,0.3925,0.0696
c2_48,1,1789032256.8631704,8,5.6431,0.3925,0.0696
c2_48,1,1789032257.0831704,8,5.6431,0.3925,0.0696
c2_48,1,1789032257.3031704,8,5.6431,0.3925,0.0696
c2_48,1,1789032257.5231705,8,5.6431,0.3925,0.0696
c2_48,1,1789032257.7431705,8,5.6431,0.3925,0.0696
c2_48,1,1789032257.9631705,8,5.6431,0.3925,0.0696
c2_48,1,1789032258.1831706,8,5.6431,0.3925,0.0696
c2_48,1,1789032258.4031706,8,5.6431,0.3925,0.0696
c2_48,1,1789032258.6231706,8,5.6431,0.3925,0.0696
c2_48,1,1789032258.8431706,8,5.6431,0.3925,0.0696
c2_48,1,1789032259.0631707,8,5.6431,0.3925,0.0696
c2_48,1,1789032259.2831707,8,5.6431,0.3925,0.0696
c2_48,1,1789032259.5031707,8,5.6431,0.3925,0.0696
c2_48,1,1789032259.7231708,8,5.6431,0.3925,0.0696
c2_48,1,1789032259.9431708,8,5.6431,0.3925,0.0696
c2_48,1,1789032260.1631708,8,5.6431,0.3925,0.0696
c2_48,1,1789032260.3831708,8,5.6431,0.3925,0.0696
c2_48,1,1789032260.6031709,8,5.6431,0.3925,0.0696
c2_48,1,1789032260.823171,8,5.6431,0.3925,0.0696
c2_48,1,1789032261.043171,8,5.6431,0.3925,0.0696
c2_48,1,1789032261.263171,8,5.6431,0.3925,0.0696
c2_48,1,1789032261.483171,8,5.6431,0.3925,0.0696
c2_48,1,1789032261.703171,8,5.6431,0.3925,0.0696
c2_48,1,1789032261.923171,8,5.6431,0.3925,0.0696
c2_48,1,1789032262.143171,9,5.672,0.375,0.0661
c2_48,1,1789032262.363171,9,5.672,0.375,0.0661
c2_48,1,1789032262.5831711,9,5.672,0.375,0.0661
c2_48,1,1789032262.8031712,9,5.672,0.375,0.0661
c2_48,1,1789032263.0231712,9,5.672,0.375,0.0661
c2_48,1,1789032263.2431712,9,5.672,0.375,0.0661
c2_48,1,1789032263.4631712,9,5.672,0.375,0.0661
c2_48,1,1789032263.6831713,9,5.672,0.375,0.0661
c2_48,1,1789032263.9031713,9,5.672,0.375,0.0661
c2_48,1,1789032264.1231713,9,5.672,0.375,0.0661
c2_48,1,1789032264.3431714,9,5.672,0.375,0.0661
c2_48,1,1789032264.5631714,9,5.672,0.375,0.0661
c2_48,1,1789032264.7831714,9,5.672,0.375,0.0661
c2_48,1,1789032265.0031714,9,5.672,0.375,0.0661
c2_48,1,1789032265.2231715,9,5.672,0.375,0.0661
c2_48,1,1789032265.4431715,9,5.672,0.375,0.0661
c2_48,1,1789032265.6631715,9,5.672,0.375,0.0661
c2_48,1,1789032265.8831716,9,5.672,0.375,0.0661
c2_48,1,1789032266.1031716,9,5.672,0.375,0.0661
c2_48,1,1789032266.3231716,9,5.672,0.375,0.0661
c2_48,1,1789032266.5431716,9,5.672,0.375,0.0661
c2_48,1,1789032266.7631717,9,5.672,0.375,0.0661
c2_48,1,1789032266.9831717,9,5.672,0.375,0.0661
c2_48,1,1789032267.2031717,9,5.672,0.375,0.0661
c2_48,1,1789032267.4231718,9,5.672,0.375,0.0661
c2_48,1,1789032267.6431718,9,5.672,0.375,0.0661
c2_48,1,1789032267.8631718,9,5.672,0.375,0.0661
c2_48,1,1789032268.0831718,9,5.672,0.375,0.0661
c2_48,1,1789032268.3031719,9,5.672,0.375,0.0661
c2_48,1,1789032268.523172,9,5.672,0.375,0.0661
c2_48,1,1789032268.743172,10,5.7867,0.4798,0.0829
c2_48,1,1789032268.963172,10,5.7867,0.4798,0.0829
c2_48,1,1789032269.183172,10,5.7867,0.4798,0.0829
c2_48,1,1789032269.403172,10,5.7867,0.4798,0.0829
c2_48,1,1789032269.623172,10,5.7867,0.4798,0.0829
c2_48,1,1789032269.843172,10,5.7867,0.4798,0.0829
c2_48,1,1789032270.063172,10,5.7867,0.4798,0.0829
c2_48,1,1789032270.2831721,10,5.7867,0.4798,0.0829
c2_48,1,1789032270.5031722,10,5.7867,0.4798,0.0829
c2_48,1,1789032270.7231722,10,5.7867,0.4798,0.0829
c2_48,1,1789032270.9431722,10,5.7867,0.4798,0.0829
c2_48,1,1789032271.1631722,10,5.7867,0.4798,0.0829
c2_48,1,1789032271.3831723,10,5.7867,0.4798,0.0829
c2_48,1,1789032271.6031723,10,5.7867,0.4798,0.0829
c2_48,1,1789032271.8231723,10,5.7867,0.4798,0.0829
c2_48,1,1789032272.0431724,10,5.7867,0.4798,0.0829
c2_48,1,1789032272.2631724,10,5.7867,0.4798,0.0829
c2_48,1,1789032272.4831724,10,5.7867,0.4798,0.0829
c2_48,1,1789032272.7031724,10,5.7867,0.4798,0.0829
c2_48,1,1789032272.9231725,10,5.7867,0.4798,0.0829
c2_48,1,1789032273.1431725,10,5.7867,0.4798,0.0829
c2_48,1,1789032273.3631725,10,5.7867,0.4798,0.0829
c2_48,1,1789032273.5831726,10,5.7867,0.4798,0.0829
c2_48,1,1789032273.8031726,10,5.7867,0.4798,0.0829
c2_48,1,1789032274.0231726,10,5.7867,0.4798,0.0829
c2_48,1,1789032274.2431726,10,5.7867,0.4798,0.0829
c2_48,1,1789032274.4631727,10,5.7867,0.4798,0.0829
c2_48,1,1789032274.6831727,11,5.8028,0.4577,0.0789
c2_48,1,1789032274.9031727,11,5.8028,0.4577,0.0789
c2_48,1,1789032275.1231728,11,5.8028,0.4577,0.0789
c2_48,1,1789032275.3431728,11,5.8028,0.4577,0.0789
c2_48,1,1789032275.5631728,11,5.8028,0.4577,0.0789
c2_48,1,1789032275.7831728,11,5.8028,0.4577,0.0789
c2_48,1,1789032276.0031729,11,5.8028,0.4577,0.0789
c2_48,1,1789032276.223173,11,5.8028,0.4577,0.0789
c2_48,1,1789032276.443173,11,5.8028,0.4577,0.0789
c2_48,1,1789032276.663173,11,5.8028,0.4577,0.0789
c2_48,1,1789032276.883173,11,5.8028,0.4577,0.0789
c2_48,1,1789032277.103173,11,5.8028,0.4577,0.0789
c2_48,1,1789032277.323173,11,5.8028,0.4577,0.0789
c2_48,1,1789032277.543173,11,5.8028,0.4577,0.0789
c2_48,1,1789032277.763173,11,5.8028,0.4577,0.0789
c2_48,1,1789032277.9831731,11,5.8028,0.4577,0.0789
c2_48,1,1789032278.2031732,11,5.8028,0.4577,0.0789
c2_48,1,1789032278.4231732,11,5.8028,0.4577,0.0789
c2_48,1,1789032278.6431732,11,5.8028,0.4577,0.0789
c2_48,1,1789032278.8631732,11,5.8028,0.4577,0.0789
c2_48,1,1789032279.0831733,11,5.8028,0.4577,0.0789
c2_48,1,1789032279.3031733,11,5.8028,0.4577,0.0789
c2_48,1,1789032279.5231733,11,5.8028,0.4577,0.0789
c2_48,1,1789032279.7431734,11,5.8028,0.4577,0.0789
c2_48,1,1789032279.9631734,11,5.8028,0.4577,0.0789
c2_48,1,1789032280.1831734,11,5.8028,0.4577,0.0789
c2_48,1,1789032280.4031734,11,5.8028,0.4577,0.0789
c2_48,1,1789032280.6231735,11,5.8028,0.4577,0.0789
benign_49,0,1789032299.8820312,3,7.5499,6.923,0.917
benign_49,0,1789032300.1020312,3,7.5499,6.923,0.917
benign_49,0,1789032300.3220313,3,7.5499,6.923,0.917
benign_49,0,1789032300.5420313,3,7.5499,6.923,0.917
benign_49,0,1789032300.7620313,3,7.5499,6.923,0.917
benign_49,0,1789032300.9820313,3,7.5499,6.923,0.917
benign_49,0,1789032301.2020314,3,7.5499,6.923,0.917
benign_49,0,1789032301.4220314,3,7.5499,6.923,0.917
benign_49,0,1789032301.6420314,3,7.5499,6.923,0.917
benign_49,0,1789032301.8620315,3,7.5499,6.923,0.917
benign_49,0,1789032302.0820315,3,7.5499,6.923,0.917
benign_49,0,1789032302.3020315,3,7.5499,6.923,0.917
benign_49,0,1789032302.5220315,3,7.5499,6.923,0.917
benign_49,0,1789032302.7420316,3,7.5499,6.923,0.917
benign_49,0,1789032302.9620316,3,7.5499,6.923,0.917
benign_49,0,1789032303.1820316,3,7.5499,6.923,0.917
benign_49,0,1789032303.4020317,3,7.5499,6.923,0.917
benign_49,0,1789032303.6220317,3,7.5499,6.923,0.917
benign_49,0,1789032303.8420317,3,7.5499,6.923,0.917
benign_49,0,1789032304.0620317,3,7.5499,6.923,0.917
benign_49,0,1789032304.2820318,3,7.5499,6.923,0.917
benign_49,0,1789032304.5020318,3,7.5499,6.923,0.917
benign_49,0,1789032304.7220318,3,7.5499,6.923,0.917
benign_49,0,1789032304.9420319,3,7.5499,6.923,0.917
benign_49,0,1789032305.162032,3,7.5499,6.923,0.917
benign_49,0,1789032305.382032,3,7.5499,6.923,0.917
benign_49,0,1789032305.602032,3,7.5499,6.923,0.917
benign_49,0,1789032305.822032,3,7.5499,6.923,0.917
benign_49,0,1789032306.042032,3,7.5499,6.923,0.917
benign_49,0,1789032306.262032,3,7.5499,6.923,0.917
benign_49,0,1789032306.482032,3,7.5499,6.923,0.917
benign_49,0,1789032306.702032,4,7.3161,5.6623,0.7739
benign_49,0,1789032306.922032,4,7.3161,5.6623,0.7739
benign_49,0,1789032307.1420321,4,7.3161,5.6623,0.7739
benign_49,0,1789032307.3620322,4,7.3161,5.6623,0.7739
benign_49,0,1789032307.5820322,4,7.3161,5.6623,0.7739
benign_49,0,1789032307.8020322,4,7.3161,5.6623,0.7739
benign_49,0,1789032308.0220323,4,7.3161,5.6623,0.7739
benign_49,0,1789032308.2420323,4,7.3161,5.6623,0.7739
benign_49,0,1789032308.4620323,4,7.3161,5.6623,0.7739
benign_49,0,1789032308.6820323,4,7.3161,5.6623,0.7739
benign_49,0,1789032308.9020324,4,7.3161,5.6623,0.7739
benign_49,0,1789032309.1220324,4,7.3161,5.6623,0.7739
benign_49,0,1789032309.3420324,4,7.3161,5.6623,0.7739
benign_49,0,1789032309.5620325,4,7.3161,5.6623,0.7739
benign_49,0,1789032309.7820325,4,7.3161,5.6623,0.7739
benign_49,0,1789032310.0020325,4,7.3161,5.6623,0.7739
benign_49,0,1789032310.2220325,4,7.3161,5.6623,0.7739
benign_49,0,1789032310.4420326,4,7.3161,5.6623,0.7739
benign_49,0,1789032310.6620326,4,7.3161,5.6623,0.7739
benign_49,0,1789032310.8820326,4,7.3161,5.6623,0.7739
benign_49,0,1789032311.1020327,4,7.3161,5.6623,0.7739
benign_49,0,1789032311.3220327,4,7.3161,5.6623,0.7739
benign_49,0,1789032311.5420327,4,7.3161,5.6623,0.7739
benign_49,0,1789032311.7620327,4,7.3161,5.6623,0.7739
benign_49,0,1789032311.9820328,4,7.3161,5.6623,0.7739
benign_49,0,1789032312.2020328,4,7.3161,5.6623,0.7739
benign_49,0,1789032312.4220328,4,7.3161,5.6623,0.7739
benign_49,0,1789032312.6420329,4,7.3161,5.6623,0.7739
benign_49,0,1789032312.862033,4,7.3161,5.6623,0.7739
benign_49,0,1789032313.082033,4,7.3161,5.6623,0.7739
benign_49,0,1789032313.302033,4,7.3161,5.6623,0.7739
benign_49,0,1789032313.522033,4,7.3161,5.6623,0.7739
c2_49,1,1789032324.695604,3,3.6015,0.2521,0.07
c2_49,1,1789032324.915604,3,3.6015,0.2521,0.07
c2_49,1,1789032325.1356041,3,3.6015,0.2521,0.07
c2_49,1,1789032325.3556042,3,3.6015,0.2521,0.07
c2_49,1,1789032325.5756042,3,3.6015,0.2521,0.07
c2_49,1,1789032325.7956042,3,3.6015,0.2521,0.07
c2_49,1,1789032326.0156043,3,3.6015,0.2521,0.07
c2_49,1,1789032326.2356043,3,3.6015,0.2521,0.07
c2_49,1,1789032326.4556043,3,3.6015,0.2521,0.07
c2_49,1,1789032326.6756043,3,3.6015,0.2521,0.07
c2_49,1,1789032326.8956044,3,3.6015,0.2521,0.07
c2_49,1,1789032327.1156044,3,3.6015,0.2521,0.07
c2_49,1,1789032327.3356044,3,3.6015,0.2521,0.07
c2_49,1,1789032327.5556045,3,3.6015,0.2521,0.07
c2_49,1,1789032327.7756045,3,3.6015,0.2521,0.07
c2_49,1,1789032327.9956045,3,3.6015,0.2521,0.07
c2_49,1,1789032328.2156045,3,3.6015,0.2521,0.07
c2_49,1,1789032328.4356046,3,3.6015,0.2521,0.07
c2_49,1,1789032328.6556046,4,3.7274,0.2722,0.073
c2_49,1,1789032328.8756046,4,3.7274,0.2722,0.073
c2_49,1,1789032329.0956047,4,3.7274,0.2722,0.073
c2_49,1,1789032329.3156047,4,3.7274,0.2722,0.073
c2_49,1,1789032329.5356047,4,3.7274,0.2722,0.073
c2_49,1,1789032329.7556047,4,3.7274,0.2722,0.073
c2_49,1,1789032329.9756048,4,3.7274,0.2722,0.073
c2_49,1,1789032330.1956048,4,3.7274,0.2722,0.073
c2_49,1,1789032330.4156048,4,3.7274,0.2722,0.073
c2_49,1,1789032330.6356049,4,3.7274,0.2722,0.073
c2_49,1,1789032330.855605,4,3.7274,0.2722,0.073
c2_49,1,1789032331.075605,4,3.7274,0.2722,0.073
c2_49,1,1789032331.295605,4,3.7274,0.2722,0.073
c2_49,1,1789032331.515605,4,3.7274,0.2722,0.073
c2_49,1,1789032331.735605,4,3.7274,0.2722,0.073
c2_49,1,1789032331.955605,4,3.7274,0.2722,0.073
c2_49,1,1789032332.175605,4,3.7274,0.2722,0.073
c2_49,1,1789032332.395605,5,3.6983,0.2411,0.0652
c2_49,1,1789032332.615605,5,3.6983,0.2411,0.0652
c2_49,1,1789032332.8356051,5,3.6983,0.2411,0.0652
c2_49,1,1789032333.0556052,5,3.6983,0.2411,0.0652
c2_49,1,1789032333.2756052,5,3.6983,0.2411,0.0652
c2_49,1,1789032333.4956052,5,3.6983,0.2411,0.0652
c2_49,1,1789032333.7156053,5,3.6983,0.2411,0.0652
c2_49,1,1789032333.9356053,5,3.6983,0.2411,0.0652
c2_49,1,1789032334.1556053,5,3.6983,0.2411,0.0652
c2_49,1,1789032334.3756053,5,3.6983,0.2411,0.0652
c2_49,1,1789032334.5956054,5,3.6983,0.2411,0.0652
c2_49,1,1789032334.8156054,5,3.6983,0.2411,0.0652
c2_49,1,1789032335.0356054,5,3.6983,0.2411,0.0652
c2_49,1,1789032335.2556055,5,3.6983,0.2411,0.0652
c2_49,1,1789032335.4756055,5,3.6983,0.2411,0.0652
c2_49,1,1789032335.6956055,5,3.6983,0.2411,0.0652
c2_49,1,1789032335.9156055,6,3.6739,0.2211,0.0602
c2_49,1,1789032336.1356056,6,3.6739,0.2211,0.0602
c2_49,1,1789032336.3556056,6,3.6739,0.2211,0.0602
c2_49,1,1789032336.5756056,6,3.6739,0.2211,0.0602
c2_49,1,1789032336.7956057,6,3.6739,0.2211,0.0602
c2_49,1,1789032337.0156057,6,3.6739,0.2211,0.0602
c2_49,1,1789032337.2356057,6,3.6739,0.2211,0.0602
c2_49,1,1789032337.4556057,6,3.6739,0.2211,0.0602
c2_49,1,1789032337.6756058,6,3.6739,0.2211,0.0602
c2_49,1,1789032337.8956058,6,3.6739,0.2211,0.0602
c2_49,1,1789032338.1156058,6,3.6739,0.2211,0.0602
c2_49,1,1789032338.3356059,6,3.6739,0.2211,0.0602
c2_49,1,1789032338.555606,6,3.6739,0.2211,0.0602
c2_49,1,1789032338.775606,6,3.6739,0.2211,0.0602
c2_49,1,1789032338.995606,6,3.6739,0.2211,0.0602
c2_49,1,1789032339.215606,6,3.6739,0.2211,0.0602
c2_49,1,1789032339.435606,6,3.6739,0.2211,0.0602
c2_49,1,1789032339.655606,6,3.6739,0.2211,0.0602
c2_49,1,1789032339.875606,6,3.6739,0.2211,0.0602
c2_49,1,1789032340.095606,6,3.6739,0.2211,0.0602
c2_49,1,1789032340.315606,7,3.7863,0.3224,0.0852
c2_49,1,1789032340.5356061,7,3.7863,0.3224,0.0852
c2_49,1,1789032340.7556062,7,3.7863,0.3224,0.0852
c2_49,1,1789032340.9756062,7,3.7863,0.3224,0.0852
c2_49,1,1789032341.1956062,7,3.7863,0.3224,0.0852
c2_49,1,1789032341.4156063,7,3.7863,0.3224,0.0852
c2_49,1,1789032341.6356063,7,3.7863,0.3224,0.0852
c2_49,1,1789032341.8556063,7,3.7863,0.3224,0.0852
c2_49,1,1789032342.0756063,7,3.7863,0.3224,0.0852
c2_49,1,1789032342.2956064,7,3.7863,0.3224,0.0852
c2_49,1,1789032342.5156064,7,3.7863,0.3224,0.0852
c2_49,1,1789032342.7356064,7,3.7863,0.3224,0.0852
c2_49,1,1789032342.9556065,7,3.7863,0.3224,0.0852
c2_49,1,1789032343.1756065,7,3.7863,0.3224,0.0852
c2_49,1,1789032343.3956065,7,3.7863,0.3224,0.0852
c2_49,1,1789032343.6156065,7,3.7863,0.3224,0.0852
c2_49,1,1789032343.8356066,8,3.7639,0.3035,0.0806
c2_49,1,1789032344.0556066,8,3.7639,0.3035,0.0806
c2_49,1,1789032344.2756066,8,3.7639,0.3035,0.0806
c2_49,1,1789032344.4956067,8,3.7639,0.3035,0.0806
c2_49,1,1789032344.7156067,8,3.7639,0.3035,0.0806
c2_49,1,1789032344.9356067,8,3.7639,0.3035,0.0806
c2_49,1,1789032345.1556067,8,3.7639,0.3035,0.0806
c2_49,1,1789032345.3756068,8,3.7639,0.3035,0.0806
c2_49,1,1789032345.5956068,8,3.7639,0.3035,0.0806
c2_49,1,1789032345.8156068,8,3.7639,0.3035,0.0806
c2_49,1,1789032346.0356069,8,3.7639,0.3035,0.0806
c2_49,1,1789032346.255607,8,3.7639,0.3035,0.0806
c2_49,1,1789032346.475607,8,3.7639,0.3035,0.0806
c2_49,1,1789032346.695607,8,3.7639,0.3035,0.0806
c2_49,1,1789032346.915607,8,3.7639,0.3035,0.0806
c2_49,1,1789032347.135607,8,3.7639,0.3035,0.0806
c2_49,1,1789032347.355607,8,3.7639,0.3035,0.0806
c2_49,1,1789032347.575607,8,3.7639,0.3035,0.0806
c2_49,1,1789032347.795607,9,3.7773,0.2861,0.0758
c2_49,1,1789032348.015607,9,3.7773,0.2861,0.0758
c2_49,1,1789032348.2356071,9,3.7773,0.2861,0.0758
c2_49,1,1789032348.4556072,9,3.7773,0.2861,0.0758
c2_49,1,1789032348.6756072,9,3.7773,0.2861,0.0758
c2_49,1,1789032348.8956072,9,3.7773,0.2861,0.0758
c2_49,1,1789032349.1156073,9,3.7773,0.2861,0.0758
c2_49,1,1789032349.3356073,9,3.7773,0.2861,0.0758
c2_49,1,1789032349.5556073,9,3.7773,0.2861,0.0758
c2_49,1,1789032349.7756073,9,3.7773,0.2861,0.0758
c2_49,1,1789032349.9956074,9,3.7773,0.2861,0.0758
c2_49,1,1789032350.2156074,9,3.7773,0.2861,0.0758
c2_49,1,1789032350.4356074,9,3.7773,0.2861,0.0758
c2_49,1,1789032350.6556075,9,3.7773,0.2861,0.0758
c2_49,1,1789032350.8756075,9,3.7773,0.2861,0.0758
c2_49,1,1789032351.0956075,9,3.7773,0.2861,0.0758
c2_49,1,1789032351.3156075,9,3.7773,0.2861,0.0758
c2_49,1,1789032351.5356076,9,3.7773,0.2861,0.0758
c2_49,1,1789032351.7556076,9,3.7773,0.2861,0.0758
c2_49,1,1789032351.9756076,10,3.8154,0.2905,0.0761
c2_49,1,1789032352.1956077,10,3.8154,0.2905,0.0761
c2_49,1,1789032352.4156077,10,3.8154,0.2905,0.0761
c2_49,1,1789032352.6356077,10,3.8154,0.2905,0.0761
c2_49,1,1789032352.8556077,10,3.8154,0.2905,0.0761
c2_49,1,1789032353.0756078,10,3.8154,0.2905,0.0761
c2_49,1,1789032353.2956078,10,3.8154,0.2905,0.0761
c2_49,1,1789032353.5156078,10,3.8154,0.2905,0.0761
c2_49,1,1789032353.7356079,10,3.8154,0.2905,0.0761
c2_49,1,1789032353.955608,10,3.8154,0.2905,0.0761
c2_49,1,1789032354.175608,10,3.8154,0.2905,0.0761
c2_49,1,1789032354.395608,10,3.8154,0.2905,0.0761
c2_49,1,1789032354.615608,10,3.8154,0.2905,0.0761
c2_49,1,1789032354.835608,10,3.8154,0.2905,0.0761
c2_49,1,1789032355.055608,10,3.8154,0.2905,0.0761
c2_49,1,1789032355.275608,10,3.8154,0.2905,0.0761
c2_49,1,1789032355.495608,10,3.8154,0.2905,0.0761
c2_49,1,1789032355.7156081,11,3.8203,0.276,0.0722
c2_49,1,1789032355.9356081,11,3.8203,0.276,0.0722
c2_49,1,1789032356.1556082,11,3.8203,0.276,0.0722
c2_49,1,1789032356.3756082,11,3.8203,0.276,0.0722
c2_49,1,1789032356.5956082,11,3.8203,0.276,0.0722
c2_49,1,1789032356.8156083,11,3.8203,0.276,0.0722
c2_49,1,1789032357.0356083,11,3.8203,0.276,0.0722
c2_49,1,1789032357.2556083,11,3.8203,0.276,0.0722
c2_49,1,1789032357.4756083,11,3.8203,0.276,0.0722
c2_49,1,1789032357.6956084,11,3.8203,0.276,0.0722
c2_49,1,1789032357.9156084,11,3.8203,0.276,0.0722
c2_49,1,1789032358.1356084,11,3.8203,0.276,0.0722
c2_49,1,1789032358.3556085,11,3.8203,0.276,0.0722
c2_49,1,1789032358.5756085,11,3.8203,0.276,0.0722
c2_49,1,1789032358.7956085,11,3.8203,0.276,0.0722
c2_49,1,1789032359.0156085,11,3.8203,0.276,0.0722
c2_49,1,1789032359.2356086,12,3.7867,0.2837,0.0749
c2_49,1,1789032359.4556086,12,3.7867,0.2837,0.0749
c2_49,1,1789032359.6756086,12,3.7867,0.2837,0.0749
c2_49,1,1789032359.8956087,12,3.7867,0.2837,0.0749
c2_49,1,1789032360.1156087,12,3.7867,0.2837,0.0749
c2_49,1,1789032360.3356087,12,3.7867,0.2837,0.0749
c2_49,1,1789032360.5556087,12,3.7867,0.2837,0.0749
c2_49,1,1789032360.7756088,12,3.7867,0.2837,0.0749
c2_49,1,1789032360.9956088,12,3.7867,0.2837,0.0749
c2_49,1,1789032361.2156088,12,3.7867,0.2837,0.0749
c2_49,1,1789032361.4356089,12,3.7867,0.2837,0.0749
c2_49,1,1789032361.655609,12,3.7867,0.2837,0.0749
c2_49,1,1789032361.875609,12,3.7867,0.2837,0.0749
c2_49,1,1789032362.095609,12,3.7867,0.2837,0.0749
c2_49,1,1789032362.315609,12,3.7867,0.2837,0.0749
c2_49,1,1789032362.535609,13,3.7483,0.3,0.08
c2_49,1,1789032362.755609,13,3.7483,0.3,0.08
c2_49,1,1789032362.975609,13,3.7483,0.3,0.08
c2_49,1,1789032363.195609,13,3.7483,0.3,0.08
c2_49,1,1789032363.4156091,13,3.7483,0.3,0.08
c2_49,1,1789032363.6356091,13,3.7483,0.3,0.08
c2_49,1,1789032363.8556092,13,3.7483,0.3,0.08
c2_49,1,1789032364.0756092,13,3.7483,0.3,0.08
c2_49,1,1789032364.2956092,13,3.7483,0.3,0.08
c2_49,1,1789032364.5156093,13,3.7483,0.3,0.08
c2_49,1,1789032364.7356093,13,3.7483,0.3,0.08
c2_49,1,1789032364.9556093,13,3.7483,0.3,0.08
c2_49,1,1789032365.1756094,13,3.7483,0.3,0.08
c2_49,1,1789032365.3956094,13,3.7483,0.3,0.08
c2_49,1,1789032365.6156094,13,3.7483,0.3,0.08
c2_49,1,1789032365.8356094,13,3.7483,0.3,0.08
c2_49,1,1789032366.0556095,13,3.7483,0.3,0.08
benign_50,0,1789032371.7012386,3,1.7546,1.2788,0.7288
benign_50,0,1789032371.9212387,3,1.7546,1.2788,0.7288
benign_50,0,1789032372.1412387,3,1.7546,1.2788,0.7288
benign_50,0,1789032372.3612387,3,1.7546,1.2788,0.7288
benign_50,0,1789032372.5812387,3,1.7546,1.2788,0.7288
benign_50,0,1789032372.8012388,3,1.7546,1.2788,0.7288
benign_50,0,1789032373.0212388,4,1.6058,1.0651,0.6633
benign_50,0,1789032373.2412388,4,1.6058,1.0651,0.6633
benign_50,0,1789032373.4612389,4,1.6058,1.0651,0.6633
benign_50,0,1789032373.681239,4,1.6058,1.0651,0.6633
benign_50,0,1789032373.901239,4,1.6058,1.0651,0.6633
benign_50,0,1789032374.121239,4,1.6058,1.0651,0.6633
benign_50,0,1789032374.341239,5,1.5313,0.9314,0.6083
benign_50,0,1789032374.561239,5,1.5313,0.9314,0.6083
benign_50,0,1789032374.781239,5,1.5313,0.9314,0.6083
benign_50,0,1789032375.001239,5,1.5313,0.9314,0.6083
benign_50,0,1789032375.221239,5,1.5313,0.9314,0.6083
benign_50,0,1789032375.441239,5,1.5313,0.9314,0.6083
benign_50,0,1789032375.6612391,5,1.5313,0.9314,0.6083
benign_50,0,1789032375.8812392,5,1.5313,0.9314,0.6083
benign_50,0,1789032376.1012392,5,1.5313,0.9314,0.6083
benign_50,0,1789032376.3212392,5,1.5313,0.9314,0.6083
benign_50,0,1789032376.5412393,5,1.5313,0.9314,0.6083
benign_50,0,1789032376.7612393,6,1.7126,0.9087,0.5306
benign_50,0,1789032376.9812393,6,1.7126,0.9087,0.5306
benign_50,0,1789032377.2012393,6,1.7126,0.9087,0.5306
benign_50,0,1789032377.4212394,6,1.7126,0.9087,0.5306
benign_50,0,1789032377.6412394,6,1.7126,0.9087,0.5306
benign_50,0,1789032377.8612394,6,1.7126,0.9087,0.5306
benign_50,0,1789032378.0812395,6,1.7126,0.9087,0.5306
benign_50,0,1789032378.3012395,6,1.7126,0.9087,0.5306
benign_50,0,1789032378.5212395,6,1.7126,0.9087,0.5306
benign_50,0,1789032378.7412395,6,1.7126,0.9087,0.5306
benign_50,0,1789032378.9612396,6,1.7126,0.9087,0.5306
benign_50,0,1789032379.1812396,6,1.7126,0.9087,0.5306
benign_50,0,1789032379.4012396,6,1.7126,0.9087,0.5306
benign_50,0,1789032379.6212397,6,1.7126,0.9087,0.5306
benign_50,0,1789032379.8412397,6,1.7126,0.9087,0.5306
benign_50,0,1789032380.0612397,6,1.7126,0.9087,0.5306
benign_50,0,1789032380.2812397,6,1.7126,0.9087,0.5306
benign_50,0,1789032380.5012398,6,1.7126,0.9087,0.5306
benign_50,0,1789032380.7212398,6,1.7126,0.9087,0.5306
benign_50,0,1789032380.9412398,6,1.7126,0.9087,0.5306
benign_50,0,1789032381.1612399,7,2.1775,1.3299,0.6107
benign_50,0,1789032381.38124,7,2.1775,1.3299,0.6107
benign_50,0,1789032381.60124,7,2.1775,1.3299,0.6107
benign_50,0,1789032381.82124,7,2.1775,1.3299,0.6107
benign_50,0,1789032382.04124,7,2.1775,1.3299,0.6107
benign_50,0,1789032382.26124,7,2.1775,1.3299,0.6107
benign_50,0,1789032382.48124,7,2.1775,1.3299,0.6107
benign_50,0,1789032382.70124,7,2.1775,1.3299,0.6107
benign_50,0,1789032382.92124,7,2.1775,1.3299,0.6107
benign_50,0,1789032383.1412401,7,2.1775,1.3299,0.6107
benign_50,0,1789032383.3612401,7,2.1775,1.3299,0.6107
benign_50,0,1789032383.5812402,7,2.1775,1.3299,0.6107
benign_50,0,1789032383.8012402,7,2.1775,1.3299,0.6107
benign_50,0,1789032384.0212402,7,2.1775,1.3299,0.6107
benign_50,0,1789032384.2412403,7,2.1775,1.3299,0.6107
benign_50,0,1789032384.4612403,7,2.1775,1.3299,0.6107
benign_50,0,1789032384.6812403,7,2.1775,1.3299,0.6107
benign_50,0,1789032384.9012403,7,2.1775,1.3299,0.6107
benign_50,0,1789032385.1212404,8,2.4302,1.378,0.567
benign_50,0,1789032385.3412404,8,2.4302,1.378,0.567
benign_50,0,1789032385.5612404,8,2.4302,1.378,0.567
benign_50,0,1789032385.7812405,8,2.4302,1.378,0.567
benign_50,0,1789032386.0012405,8,2.4302,1.378,0.567
benign_50,0,1789032386.2212405,8,2.4302,1.378,0.567
benign_50,0,1789032386.4412405,8,2.4302,1.378,0.567
benign_50,0,1789032386.6612406,8,2.4302,1.378,0.567
c2_50,1,1789032403.5187042,3,5.349,0.1227,0.0229
c2_50,1,1789032403.7387042,3,5.349,0.1227,0.0229
c2_50,1,1789032403.9587042,3,5.349,0.1227,0.0229
c2_50,1,1789032404.1787043,3,5.349,0.1227,0.0229
c2_50,1,1789032404.3987043,3,5.349,0.1227,0.0229
c2_50,1,1789032404.6187043,3,5.349,0.1227,0.0229
c2_50,1,1789032404.8387043,3,5.349,0.1227,0.0229
c2_50,1,1789032405.0587044,3,5.349,0.1227,0.0229
c2_50,1,1789032405.2787044,3,5.349,0.1227,0.0229
c2_50,1,1789032405.4987044,3,5.349,0.1227,0.0229
c2_50,1,1789032405.7187045,3,5.349,0.1227,0.0229
c2_50,1,1789032405.9387045,3,5.349,0.1227,0.0229
c2_50,1,1789032406.1587045,3,5.349,0.1227,0.0229
c2_50,1,1789032406.3787045,3,5.349,0.1227,0.0229
c2_50,1,1789032406.5987046,3,5.349,0.1227,0.0229
c2_50,1,1789032406.8187046,3,5.349,0.1227,0.0229
c2_50,1,1789032407.0387046,3,5.349,0.1227,0.0229
c2_50,1,1789032407.2587047,3,5.349,0.1227,0.0229
c2_50,1,1789032407.4787047,3,5.349,0.1227,0.0229
c2_50,1,1789032407.6987047,3,5.349,0.1227,0.0229
c2_50,1,1789032407.9187047,3,5.349,0.1227,0.0229
c2_50,1,1789032408.1387048,4,5.0889,0.3813,0.0749
c2_50,1,1789032408.3587048,4,5.0889,0.3813,0.0749
c2_50,1,1789032408.5787048,4,5.0889,0.3813,0.0749
c2_50,1,1789032408.7987049,4,5.0889,0.3813,0.0749
c2_50,1,1789032409.018705,4,5.0889,0.3813,0.0749
c2_50,1,1789032409.238705,4,5.0889,0.3813,0.0749
c2_50,1,1789032409.458705,4,5.0889,0.3813,0.0749
c2_50,1,1789032409.678705,4,5.0889,0.3813,0.0749
c2_50,1,1789032409.898705,4,5.0889,0.3813,0.0749
c2_50,1,1789032410.118705,4,5.0889,0.3813,0.0749
c2_50,1,1789032410.338705,4,5.0889,0.3813,0.0749
c2_50,1,1789032410.558705,4,5.0889,0.3813,0.0749
c2_50,1,1789032410.7787051,4,5.0889,0.3813,0.0749
c2_50,1,1789032410.9987051,4,5.0889,0.3813,0.0749
c2_50,1,1789032411.2187052,4,5.0889,0.3813,0.0749
c2_50,1,1789032411.4387052,4,5.0889,0.3813,0.0749
c2_50,1,1789032411.6587052,4,5.0889,0.3813,0.0749
c2_50,1,1789032411.8787053,4,5.0889,0.3813,0.0749
c2_50,1,1789032412.0987053,4,5.0889,0.3813,0.0749
c2_50,1,1789032412.3187053,4,5.0889,0.3813,0.0749
c2_50,1,1789032412.5387053,4,5.0889,0.3813,0.0749
c2_50,1,1789032412.7587054,4,5.0889,0.3813,0.0749
c2_50,1,1789032412.9787054,4,5.0889,0.3813,0.0749
c2_50,1,1789032413.1987054,4,5.0889,0.3813,0.0749
c2_50,1,1789032413.4187055,4,5.0889,0.3813,0.0749
c2_50,1,1789032413.6387055,5,5.1856,0.3702,0.0714
c2_50,1,1789032413.8587055,5,5.1856,0.3702,0.0714
c2_50,1,1789032414.0787055,5,5.1856,0.3702,0.0714
c2_50,1,1789032414.2987056,5,5.1856,0.3702,0.0714
c2_50,1,1789032414.5187056,5,5.1856,0.3702,0.0714
c2_50,1,1789032414.7387056,5,5.1856,0.3702,0.0714
c2_50,1,1789032414.9587057,5,5.1856,0.3702,0.0714
c2_50,1,1789032415.1787057,5,5.1856,0.3702,0.0714
c2_50,1,1789032415.3987057,5,5.1856,0.3702,0.0714
c2_50,1,1789032415.6187057,5,5.1856,0.3702,0.0714
c2_50,1,1789032415.8387058,5,5.1856,0.3702,0.0714
c2_50,1,1789032416.0587058,5,5.1856,0.3702,0.0714
c2_50,1,1789032416.2787058,5,5.1856,0.3702,0.0714
c2_50,1,1789032416.4987059,5,5.1856,0.3702,0.0714
c2_50,1,1789032416.718706,5,5.1856,0.3702,0.0714
c2_50,1,1789032416.938706,5,5.1856,0.3702,0.0714
c2_50,1,1789032417.158706,5,5.1856,0.3702,0.0714
c2_50,1,1789032417.378706,5,5.1856,0.3702,0.0714
c2_50,1,1789032417.598706,5,5.1856,0.3702,0.0714
c2_50,1,1789032417.818706,6,4.9924,0.5088,0.1019
c2_50,1,1789032418.038706,6,4.9924,0.5088,0.1019
c2_50,1,1789032418.258706,6,4.9924,0.5088,0.1019
c2_50,1,1789032418.4787061,6,4.9924,0.5088,0.1019
c2_50,1,1789032418.6987062,6,4.9924,0.5088,0.1019
c2_50,1,1789032418.9187062,6,4.9924,0.5088,0.1019
c2_50,1,1789032419.1387062,6,4.9924,0.5088,0.1019
c2_50,1,1789032419.3587062,6,4.9924,0.5088,0.1019
c2_50,1,1789032419.5787063,6,4.9924,0.5088,0.1019
c2_50,1,1789032419.7987063,6,4.9924,0.5088,0.1019
c2_50,1,1789032420.0187063,6,4.9924,0.5088,0.1019
c2_50,1,1789032420.2387064,6,4.9924,0.5088,0.1019
c2_50,1,1789032420.4587064,6,4.9924,0.5088,0.1019
c2_50,1,1789032420.6787064,6,4.9924,0.5088,0.1019
c2_50,1,1789032420.8987064,6,4.9924,0.5088,0.1019
c2_50,1,1789032421.1187065,6,4.9924,0.5088,0.1019
c2_50,1,1789032421.3387065,6,4.9924,0.5088,0.1019
c2_50,1,1789032421.5587065,6,4.9924,0.5088,0.1019
c2_50,1,1789032421.7787066,6,4.9924,0.5088,0.1019
c2_50,1,1789032421.9987066,6,4.9924,0.5088,0.1019
c2_50,1,1789032422.2187066,6,4.9924,0.5088,0.1019
c2_50,1,1789032422.4387066,6,4.9924,0.5088,0.1019
c2_50,1,1789032422.6587067,6,4.9924,0.5088,0.1019
c2_50,1,1789032422.8787067,6,4.9924,0.5088,0.1019
c2_50,1,1789032423.0987067,6,4.9924,0.5088,0.1019
c2_50,1,1789032423.3187068,7,5.0637,0.4911,0.097
c2_50,1,1789032423.5387068,7,5.0637,0.4911,0.097
c2_50,1,1789032423.7587068,7,5.0637,0.4911,0.097
c2_50,1,1789032423.9787068,7,5.0637,0.4911,0.097
c2_50,1,1789032424.1987069,7,5.0637,0.4911,0.097
c2_50,1,1789032424.418707,7,5.0637,0.4911,0.097
c2_50,1,1789032424.638707,7,5.0637,0.4911,0.097
c2_50,1,1789032424.858707,7,5.0637,0.4911,0.097
c2_50,1,1789032425.078707,7,5.0637,0.4911,0.097
c2_50,1,1789032425.298707,7,5.0637,0.4911,0.097
c2_50,1,1789032425.518707,7,5.0637,0.4911,0.097
c2_50,1,1789032425.738707,7,5.0637,0.4911,0.097
c2_50,1,1789032425.958707,7,5.0637,0.4911,0.097
c2_50,1,1789032426.1787071,7,5.0637,0.4911,0.097
c2_50,1,1789032426.3987072,7,5.0637,0.4911,0.097
c2_50,1,1789032426.6187072,7,5.0637,0.4911,0.097
c2_50,1,1789032426.8387072,7,5.0637,0.4911,0.097
c2_50,1,1789032427.0587072,7,5.0637,0.4911,0.097
c2_50,1,1789032427.2787073,7,5.0637,0.4911,0.097
c2_50,1,1789032427.4987073,8,4.9449,0.5398,0.1092
c2_50,1,1789032427.7187073,8,4.9449,0.5398,0.1092
c2_50,1,1789032427.9387074,8,4.9449,0.5398,0.1092
c2_50,1,1789032428.1587074,8,4.9449,0.5398,0.1092
c2_50,1,1789032428.3787074,8,4.9449,0.5398,0.1092
c2_50,1,1789032428.5987074,8,4.9449,0.5398,0.1092
c2_50,1,1789032428.8187075,8,4.9449,0.5398,0.1092
c2_50,1,1789032429.0387075,8,4.9449,0.5398,0.1092
c2_50,1,1789032429.2587075,8,4.9449,0.5398,0.1092
c2_50,1,1789032429.4787076,8,4.9449,0.5398,0.1092
c2_50,1,1789032429.6987076,8,4.9449,0.5398,0.1092
c2_50,1,1789032429.9187076,8,4.9449,0.5398,0.1092
c2_50,1,1789032430.1387076,8,4.9449,0.5398,0.1092
c2_50,1,1789032430.3587077,8,4.9449,0.5398,0.1092
c2_50,1,1789032430.5787077,8,4.9449,0.5398,0.1092
c2_50,1,1789032430.7987077,8,4.9449,0.5398,0.1092
c2_50,1,1789032431.0187078,8,4.9449,0.5398,0.1092
c2_50,1,1789032431.2387078,8,4.9449,0.5398,0.1092
c2_50,1,1789032431.4587078,8,4.9449,0.5398,0.1092
c2_50,1,1789032431.6787078,8,4.9449,0.5398,0.1092
c2_50,1,1789032431.8987079,8,4.9449,0.5398,0.1092
c2_50,1,1789032432.118708,8,4.9449,0.5398,0.1092
c2_50,1,1789032432.338708,8,4.9449,0.5398,0.1092
c2_50,1,1789032432.558708,9,4.9662,0.5081,0.1023
c2_50,1,1789032432.778708,9,4.9662,0.5081,0.1023
c2_50,1,1789032432.998708,9,4.9662,0.5081,0.1023
c2_50,1,1789032433.218708,9,4.9662,0.5081,0.1023
c2_50,1,1789032433.438708,9,4.9662,0.5081,0.1023
c2_50,1,1789032433.658708,9,4.9662,0.5081,0.1023
c2_50,1,1789032433.8787081,9,4.9662,0.5081,0.1023
c2_50,1,1789032434.0987082,9,4.9662,0.5081,0.1023
c2_50,1,1789032434.3187082,9,4.9662,0.5081,0.1023
c2_50,1,1789032434.5387082,9,4.9662,0.5081,0.1023
c2_50,1,1789032434.7587082,9,4.9662,0.5081,0.1023
c2_50,1,1789032434.9787083,9,4.9662,0.5081,0.1023
c2_50,1,1789032435.1987083,9,4.9662,0.5081,0.1023
c2_50,1,1789032435.4187083,9,4.9662,0.5081,0.1023
c2_50,1,1789032435.6387084,9,4.9662,0.5081,0.1023
c2_50,1,1789032435.8587084,9,4.9662,0.5081,0.1023
c2_50,1,1789032436.0787084,9,4.9662,0.5081,0.1023
c2_50,1,1789032436.2987084,9,4.9662,0.5081,0.1023
c2_50,1,1789032436.5187085,9,4.9662,0.5081,0.1023
c2_50,1,1789032436.7387085,9,4.9662,0.5081,0.1023
c2_50,1,1789032436.9587085,9,4.9662,0.5081,0.1023
c2_50,1,1789032437.1787086,10,4.9275,0.4914,0.0997
c2_50,1,1789032437.3987086,10,4.9275,0.4914,0.0997
c2_50,1,1789032437.6187086,10,4.9275,0.4914,0.0997
c2_50,1,1789032437.8387086,10,4.9275,0.4914,0.0997
c2_50,1,1789032438.0587087,10,4.9275,0.4914,0.0997
c2_50,1,1789032438.2787087,10,4.9275,0.4914,0.0997
c2_50,1,1789032438.4987087,10,4.9275,0.4914,0.0997
c2_50,1,1789032438.7187088,10,4.9275,0.4914,0.0997
c2_50,1,1789032438.9387088,10,4.9275,0.4914,0.0997
c2_50,1,1789032439.1587088,10,4.9275,0.4914,0.0997
c2_50,1,1789032439.3787088,10,4.9275,0.4914,0.0997
c2_50,1,1789032439.5987089,10,4.9275,0.4914,0.0997
c2_50,1,1789032439.818709,10,4.9275,0.4914,0.0997
c2_50,1,1789032440.038709,10,4.9275,0.4914,0.0997
c2_50,1,1789032440.258709,10,4.9275,0.4914,0.0997
c2_50,1,1789032440.478709,10,4.9275,0.4914,0.0997
c2_50,1,1789032440.698709,10,4.9275,0.4914,0.0997
c2_50,1,1789032440.918709,10,4.9275,0.4914,0.0997
c2_50,1,1789032441.138709,10,4.9275,0.4914,0.0997
c2_50,1,1789032441.358709,10,4.9275,0.4914,0.0997
c2_50,1,1789032441.5787091,11,4.8811,0.4865,0.0997
c2_50,1,1789032441.7987092,11,4.8811,0.4865,0.0997
c2_50,1,1789032442.0187092,11,4.8811,0.4865,0.0997
c2_50,1,1789032442.2387092,11,4.8811,0.4865,0.0997
c2_50,1,1789032442.4587092,11,4.8811,0.4865,0.0997
c2_50,1,1789032442.6787093,11,4.8811,0.4865,0.0997
c2_50,1,1789032442.8987093,11,4.8811,0.4865,0.0997
c2_50,1,1789032443.1187093,11,4.8811,0.4865,0.0997
c2_50,1,1789032443.3387094,11,4.8811,0.4865,0.0997
c2_50,1,1789032443.5587094,11,4.8811,0.4865,0.0997
c2_50,1,1789032443.7787094,11,4.8811,0.4865,0.0997
c2_50,1,1789032443.9987094,11,4.8811,0.4865,0.0997
c2_50,1,1789032444.2187095,11,4.8811,0.4865,0.0997
c2_50,1,1789032444.4387095,11,4.8811,0.4865,0.0997
c2_50,1,1789032444.6587095,11,4.8811,0.4865,0.0997
c2_50,1,1789032444.8787096,11,4.8811,0.4865,0.0997
c2_50,1,1789032445.0987096,11,4.8811,0.4865,0.0997
c2_50,1,1789032445.3187096,11,4.8811,0.4865,0.0997
c2_50,1,1789032445.5387096,11,4.8811,0.4865,0.0997
c2_50,1,1789032445.7587097,11,4.8811,0.4865,0.0997
c2_50,1,1789032445.9787097,11,4.8811,0.4865,0.0997
c2_50,1,1789032446.1987097,11,4.8811,0.4865,0.0997
c2_50,1,1789032446.4187098,11,4.8811,0.4865,0.0997
c2_50,1,1789032446.6387098,11,4.8811,0.4865,0.0997
c2_50,1,1789032446.8587098,11,4.8811,0.4865,0.0997
c2_50,1,1789032447.0787098,12,4.9205,0.4803,0.0976
c2_50,1,1789032447.2987099,12,4.9205,0.4803,0.0976
c2_50,1,1789032447.51871,12,4.9205,0.4803,0.0976
c2_50,1,1789032447.73871,12,4.9205,0.4803,0.0976
c2_50,1,1789032447.95871,12,4.9205,0.4803,0.0976
c2_50,1,1789032448.17871,12,4.9205,0.4803,0.0976
c2_50,1,1789032448.39871,12,4.9205,0.4803,0.0976
c2_50,1,1789032448.61871,12,4.9205,0.4803,0.0976
c2_50,1,1789032448.83871,12,4.9205,0.4803,0.0976
c2_50,1,1789032449.05871,12,4.9205,0.4803,0.0976
c2_50,1,1789032449.2787101,12,4.9205,0.4803,0.0976
c2_50,1,1789032449.4987102,12,4.9205,0.4803,0.0976
c2_50,1,1789032449.7187102,12,4.9205,0.4803,0.0976
c2_50,1,1789032449.9387102,12,4.9205,0.4803,0.0976
c2_50,1,1789032450.1587102,12,4.9205,0.4803,0.0976
c2_50,1,1789032450.3787103,12,4.9205,0.4803,0.0976
c2_50,1,1789032450.5987103,12,4.9205,0.4803,0.0976
c2_50,1,1789032450.8187103,12,4.9205,0.4803,0.0976
c2_50,1,1789032451.0387104,12,4.9205,0.4803,0.0976
c2_50,1,1789032451.2587104,12,4.9205,0.4803,0.0976
c2_50,1,1789032451.4787104,13,4.8784,0.4807,0.0985
c2_50,1,1789032451.6987104,13,4.8784,0.4807,0.0985
c2_50,1,1789032451.9187105,13,4.8784,0.4807,0.0985
c2_50,1,1789032452.1387105,13,4.8784,0.4807,0.0985
c2_50,1,1789032452.3587105,13,4.8784,0.4807,0.0985
c2_50,1,1789032452.5787106,13,4.8784,0.4807,0.0985
c2_50,1,1789032452.7987106,13,4.8784,0.4807,0.0985
c2_50,1,1789032453.0187106,13,4.8784,0.4807,0.0985
c2_50,1,1789032453.2387106,13,4.8784,0.4807,0.0985
c2_50,1,1789032453.4587107,13,4.8784,0.4807,0.0985
c2_50,1,1789032453.6787107,13,4.8784,0.4807,0.0985
c2_50,1,1789032453.8987107,13,4.8784,0.4807,0.0985
c2_50,1,1789032454.1187108,13,4.8784,0.4807,0.0985
c2_50,1,1789032454.3387108,13,4.8784,0.4807,0.0985
c2_50,1,1789032454.5587108,13,4.8784,0.4807,0.0985
c2_50,1,1789032454.7787108,13,4.8784,0.4807,0.0985
c2_50,1,1789032454.9987109,13,4.8784,0.4807,0.0985
c2_50,1,1789032455.218711,13,4.8784,0.4807,0.0985
c2_50,1,1789032455.438711,13,4.8784,0.4807,0.0985
c2_50,1,1789032455.658711,13,4.8784,0.4807,0.0985
c2_50,1,1789032455.878711,13,4.8784,0.4807,0.0985
c2_50,1,1789032456.098711,13,4.8784,0.4807,0.0985
c2_50,1,1789032456.318711,13,4.8784,0.4807,0.0985
c2_50,1,1789032456.538711,14,4.9048,0.4708,0.096
c2_50,1,1789032456.758711,14,4.9048,0.4708,0.096
c2_50,1,1789032456.9787111,14,4.9048,0.4708,0.096
c2_50,1,1789032457.1987112,14,4.9048,0.4708,0.096
c2_50,1,1789032457.4187112,14,4.9048,0.4708,0.096
c2_50,1,1789032457.6387112,14,4.9048,0.4708,0.096
c2_50,1,1789032457.8587112,14,4.9048,0.4708,0.096
c2_50,1,1789032458.0787113,14,4.9048,0.4708,0.096
c2_50,1,1789032458.2987113,14,4.9048,0.4708,0.096
c2_50,1,1789032458.5187113,14,4.9048,0.4708,0.096
c2_50,1,1789032458.7387114,14,4.9048,0.4708,0.096
c2_50,1,1789032458.9587114,14,4.9048,0.4708,0.096
c2_50,1,1789032459.1787114,14,4.9048,0.4708,0.096
c2_50,1,1789032459.3987114,14,4.9048,0.4708,0.096
c2_50,1,1789032459.6187115,14,4.9048,0.4708,0.096
c2_50,1,1789032459.8387115,14,4.9048,0.4708,0.096
c2_50,1,1789032460.0587115,14,4.9048,0.4708,0.096
c2_50,1,1789032460.2787116,14,4.9048,0.4708,0.096
benign_51,0,1789032468.3821137,3,2.2161,0.1858,0.0838
benign_51,0,1789032468.6021137,3,2.2161,0.1858,0.0838
benign_51,0,1789032468.8221138,3,2.2161,0.1858,0.0838
benign_51,0,1789032469.0421138,3,2.2161,0.1858,0.0838
benign_51,0,1789032469.2621138,3,2.2161,0.1858,0.0838
benign_51,0,1789032469.4821138,3,2.2161,0.1858,0.0838
benign_51,0,1789032469.7021139,3,2.2161,0.1858,0.0838
benign_51,0,1789032469.922114,3,2.2161,0.1858,0.0838
benign_51,0,1789032470.142114,3,2.2161,0.1858,0.0838
benign_51,0,1789032470.362114,3,2.2161,0.1858,0.0838
benign_51,0,1789032470.582114,3,2.2161,0.1858,0.0838
benign_51,0,1789032470.802114,3,2.2161,0.1858,0.0838
benign_51,0,1789032471.022114,3,2.2161,0.1858,0.0838
benign_51,0,1789032471.242114,3,2.2161,0.1858,0.0838
benign_51,0,1789032471.462114,3,2.2161,0.1858,0.0838
benign_51,0,1789032471.6821141,3,2.2161,0.1858,0.0838
benign_51,0,1789032471.9021142,3,2.2161,0.1858,0.0838
benign_51,0,1789032472.1221142,3,2.2161,0.1858,0.0838
benign_51,0,1789032472.3421142,3,2.2161,0.1858,0.0838
benign_51,0,1789032472.5621142,3,2.2161,0.1858,0.0838
benign_51,0,1789032472.7821143,3,2.2161,0.1858,0.0838
benign_51,0,1789032473.0021143,3,2.2161,0.1858,0.0838
benign_51,0,1789032473.2221143,3,2.2161,0.1858,0.0838
benign_51,0,1789032473.4421144,3,2.2161,0.1858,0.0838
benign_51,0,1789032473.6621144,3,2.2161,0.1858,0.0838
benign_51,0,1789032473.8821144,3,2.2161,0.1858,0.0838
benign_51,0,1789032474.1021144,3,2.2161,0.1858,0.0838
benign_51,0,1789032474.3221145,3,2.2161,0.1858,0.0838
benign_51,0,1789032474.5421145,3,2.2161,0.1858,0.0838
benign_51,0,1789032474.7621145,3,2.2161,0.1858,0.0838
benign_51,0,1789032474.9821146,3,2.2161,0.1858,0.0838
benign_51,0,1789032475.2021146,3,2.2161,0.1858,0.0838
benign_51,0,1789032475.4221146,3,2.2161,0.1858,0.0838
benign_51,0,1789032475.6421146,3,2.2161,0.1858,0.0838
benign_51,0,1789032475.8621147,3,2.2161,0.1858,0.0838
benign_51,0,1789032476.0821147,3,2.2161,0.1858,0.0838
benign_51,0,1789032476.3021147,3,2.2161,0.1858,0.0838
benign_51,0,1789032476.5221148,3,2.2161,0.1858,0.0838
benign_51,0,1789032476.7421148,3,2.2161,0.1858,0.0838
benign_51,0,1789032476.9621148,3,2.2161,0.1858,0.0838
benign_51,0,1789032477.1821148,3,2.2161,0.1858,0.0838
benign_51,0,1789032477.4021149,3,2.2161,0.1858,0.0838
benign_51,0,1789032477.622115,3,2.2161,0.1858,0.0838
benign_51,0,1789032477.842115,3,2.2161,0.1858,0.0838
benign_51,0,1789032478.062115,3,2.2161,0.1858,0.0838
benign_51,0,1789032478.282115,3,2.2161,0.1858,0.0838
benign_51,0,1789032478.502115,3,2.2161,0.1858,0.0838
benign_51,0,1789032478.722115,3,2.2161,0.1858,0.0838
benign_51,0,1789032478.942115,4,5.0012,3.9417,0.7881
benign_51,0,1789032479.162115,4,5.0012,3.9417,0.7881
benign_51,0,1789032479.3821151,4,5.0012,3.9417,0.7881
benign_51,0,1789032479.6021152,4,5.0012,3.9417,0.7881
benign_51,0,1789032479.8221152,4,5.0012,3.9417,0.7881
benign_51,0,1789032480.0421152,4,5.0012,3.9417,0.7881
benign_51,0,1789032480.2621152,4,5.0012,3.9417,0.7881
benign_51,0,1789032480.4821153,4,5.0012,3.9417,0.7881
benign_51,0,1789032480.7021153,4,5.0012,3.9417,0.7881
benign_51,0,1789032480.9221153,4,5.0012,3.9417,0.7881
benign_51,0,1789032481.1421154,4,5.0012,3.9417,0.7881
benign_51,0,1789032481.3621154,4,5.0012,3.9417,0.7881
benign_51,0,1789032481.5821154,4,5.0012,3.9417,0.7881
benign_51,0,1789032481.8021154,4,5.0012,3.9417,0.7881
benign_51,0,1789032482.0221155,4,5.0012,3.9417,0.7881
benign_51,0,1789032482.2421155,4,5.0012,3.9417,0.7881
benign_51,0,1789032482.4621155,4,5.0012,3.9417,0.7881
benign_51,0,1789032482.6821156,4,5.0012,3.9417,0.7881
benign_51,0,1789032482.9021156,4,5.0012,3.9417,0.7881
benign_51,0,1789032483.1221156,4,5.0012,3.9417,0.7881
benign_51,0,1789032483.3421156,4,5.0012,3.9417,0.7881
benign_51,0,1789032483.5621157,4,5.0012,3.9417,0.7881
benign_51,0,1789032483.7821157,4,5.0012,3.9417,0.7881
benign_51,0,1789032484.0021157,4,5.0012,3.9417,0.7881
benign_51,0,1789032484.2221158,4,5.0012,3.9417,0.7881
benign_51,0,1789032484.4421158,4,5.0012,3.9417,0.7881
benign_51,0,1789032484.6621158,4,5.0012,3.9417,0.7881
benign_51,0,1789032484.8821158,4,5.0012,3.9417,0.7881
benign_51,0,1789032485.1021159,4,5.0012,3.9417,0.7881
benign_51,0,1789032485.322116,4,5.0012,3.9417,0.7881
benign_51,0,1789032485.542116,4,5.0012,3.9417,0.7881
benign_51,0,1789032485.762116,4,5.0012,3.9417,0.7881
benign_51,0,1789032485.982116,4,5.0012,3.9417,0.7881
benign_51,0,1789032486.202116,4,5.0012,3.9417,0.7881
benign_51,0,1789032486.422116,4,5.0012,3.9417,0.7881
benign_51,0,1789032486.642116,4,5.0012,3.9417,0.7881
benign_51,0,1789032486.862116,4,5.0012,3.9417,0.7881
benign_51,0,1789032487.0821161,4,5.0012,3.9417,0.7881
benign_51,0,1789032487.3021162,4,5.0012,3.9417,0.7881
benign_51,0,1789032487.5221162,4,5.0012,3.9417,0.7881
benign_51,0,1789032487.7421162,4,5.0012,3.9417,0.7881
benign_51,0,1789032487.9621162,4,5.0012,3.9417,0.7881
benign_51,0,1789032488.1821163,4,5.0012,3.9417,0.7881
benign_51,0,1789032488.4021163,4,5.0012,3.9417,0.7881
benign_51,0,1789032488.6221163,4,5.0012,3.9417,0.7881
benign_51,0,1789032488.8421164,4,5.0012,3.9417,0.7881
benign_51,0,1789032489.0621164,4,5.0012,3.9417,0.7881
benign_51,0,1789032489.2821164,4,5.0012,3.9417,0.7881
benign_51,0,1789032489.5021164,4,5.0012,3.9417,0.7881
benign_51,0,1789032489.7221165,4,5.0012,3.9417,0.7881
benign_51,0,1789032489.9421165,4,5.0012,3.9417,0.7881
benign_51,0,1789032490.1621165,4,5.0012,3.9417,0.7881
benign_51,0,1789032490.3821166,4,5.0012,3.9417,0.7881
benign_51,0,1789032490.6021166,4,5.0012,3.9417,0.7881
benign_51,0,1789032490.8221166,4,5.0012,3.9417,0.7881
benign_51,0,1789032491.0421166,4,5.0012,3.9417,0.7881
benign_51,0,1789032491.2621167,4,5.0012,3.9417,0.7881
benign_51,0,1789032491.4821167,4,5.0012,3.9417,0.7881
benign_51,0,1789032491.7021167,4,5.0012,3.9417,0.7881
benign_51,0,1789032491.9221168,4,5.0012,3.9417,0.7881
benign_51,0,1789032492.1421168,4,5.0012,3.9417,0.7881
benign_51,0,1789032492.3621168,4,5.0012,3.9417,0.7881
benign_51,0,1789032492.5821168,4,5.0012,3.9417,0.7881
benign_51,0,1789032492.8021169,4,5.0012,3.9417,0.7881
benign_51,0,1789032493.022117,4,5.0012,3.9417,0.7881
benign_51,0,1789032493.242117,4,5.0012,3.9417,0.7881
benign_51,0,1789032493.462117,4,5.0012,3.9417,0.7881
benign_51,0,1789032493.682117,4,5.0012,3.9417,0.7881
c2_51,1,1789032507.6511302,3,4.3377,0.3372,0.0777
c2_51,1,1789032507.8711302,3,4.3377,0.3372,0.0777
c2_51,1,1789032508.0911303,3,4.3377,0.3372,0.0777
c2_51,1,1789032508.3111303,3,4.3377,0.3372,0.0777
c2_51,1,1789032508.5311303,3,4.3377,0.3372,0.0777
c2_51,1,1789032508.7511303,3,4.3377,0.3372,0.0777
c2_51,1,1789032508.9711304,3,4.3377,0.3372,0.0777
c2_51,1,1789032509.1911304,3,4.3377,0.3372,0.0777
c2_51,1,1789032509.4111304,3,4.3377,0.3372,0.0777
c2_51,1,1789032509.6311305,3,4.3377,0.3372,0.0777
c2_51,1,1789032509.8511305,3,4.3377,0.3372,0.0777
c2_51,1,1789032510.0711305,3,4.3377,0.3372,0.0777
c2_51,1,1789032510.2911305,3,4.3377,0.3372,0.0777
c2_51,1,1789032510.5111306,3,4.3377,0.3372,0.0777
c2_51,1,1789032510.7311306,3,4.3377,0.3372,0.0777
c2_51,1,1789032510.9511306,3,4.3377,0.3372,0.0777
c2_51,1,1789032511.1711307,3,4.3377,0.3372,0.0777
c2_51,1,1789032511.3911307,3,4.3377,0.3372,0.0777
c2_51,1,1789032511.6111307,3,4.3377,0.3372,0.0777
c2_51,1,1789032511.8311307,4,4.3472,0.2757,0.0634
c2_51,1,1789032512.0511308,4,4.3472,0.2757,0.0634
c2_51,1,1789032512.2711308,4,4.3472,0.2757,0.0634
c2_51,1,1789032512.4911308,4,4.3472,0.2757,0.0634
c2_51,1,1789032512.7111309,4,4.3472,0.2757,0.0634
c2_51,1,1789032512.931131,4,4.3472,0.2757,0.0634
c2_51,1,1789032513.151131,4,4.3472,0.2757,0.0634
c2_51,1,1789032513.371131,4,4.3472,0.2757,0.0634
c2_51,1,1789032513.591131,4,4.3472,0.2757,0.0634
c2_51,1,1789032513.811131,4,4.3472,0.2757,0.0634
c2_51,1,1789032514.031131,4,4.3472,0.2757,0.0634
c2_51,1,1789032514.251131,4,4.3472,0.2757,0.0634
c2_51,1,1789032514.471131,4,4.3472,0.2757,0.0634
c2_51,1,1789032514.691131,4,4.3472,0.2757,0.0634
c2_51,1,1789032514.9111311,4,4.3472,0.2757,0.0634
c2_51,1,1789032515.1311312,4,4.3472,0.2757,0.0634
c2_51,1,1789032515.3511312,4,4.3472,0.2757,0.0634
c2_51,1,1789032515.5711312,4,4.3472,0.2757,0.0634
c2_51,1,1789032515.7911313,4,4.3472,0.2757,0.0634
c2_51,1,1789032516.0111313,4,4.3472,0.2757,0.0634
c2_51,1,1789032516.2311313,4,4.3472,0.2757,0.0634
c2_51,1,1789032516.4511313,5,4.3675,0.2413,0.0552
c2_51,1,1789032516.6711314,5,4.3675,0.2413,0.0552
c2_51,1,1789032516.8911314,5,4.3675,0.2413,0.0552
c2_51,1,1789032517.1111314,5,4.3675,0.2413,0.0552
c2_51,1,1789032517.3311315,5,4.3675,0.2413,0.0552
c2_51,1,1789032517.5511315,5,4.3675,0.2413,0.0552
c2_51,1,1789032517.7711315,5,4.3675,0.2413,0.0552
c2_51,1,1789032517.9911315,5,4.3675,0.2413,0.0552
c2_51,1,1789032518.2111316,5,4.3675,0.2413,0.0552
c2_51,1,1789032518.4311316,5,4.3675,0.2413,0.0552
c2_51,1,1789032518.6511316,5,4.3675,0.2413,0.0552
c2_51,1,1789032518.8711317,5,4.3675,0.2413,0.0552
c2_51,1,1789032519.0911317,5,4.3675,0.2413,0.0552
c2_51,1,1789032519.3111317,5,4.3675,0.2413,0.0552
c2_51,1,1789032519.5311317,5,4.3675,0.2413,0.0552
c2_51,1,1789032519.7511318,5,4.3675,0.2413,0.0552
c2_51,1,1789032519.9711318,5,4.3675,0.2413,0.0552
c2_51,1,1789032520.1911318,6,4.2463,0.3245,0.0764
c2_51,1,1789032520.4111319,6,4.2463,0.3245,0.0764
c2_51,1,1789032520.631132,6,4.2463,0.3245,0.0764
c2_51,1,1789032520.851132,6,4.2463,0.3245,0.0764
c2_51,1,1789032521.071132,6,4.2463,0.3245,0.0764
c2_51,1,1789032521.291132,6,4.2463,0.3245,0.0764
c2_51,1,1789032521.511132,6,4.2463,0.3245,0.0764
c2_51,1,1789032521.731132,6,4.2463,0.3245,0.0764
c2_51,1,1789032521.951132,6,4.2463,0.3245,0.0764
c2_51,1,1789032522.171132,6,4.2463,0.3245,0.0764
c2_51,1,1789032522.391132,6,4.2463,0.3245,0.0764
c2_51,1,1789032522.6111321,6,4.2463,0.3245,0.0764
c2_51,1,1789032522.8311322,6,4.2463,0.3245,0.0764
c2_51,1,1789032523.0511322,6,4.2463,0.3245,0.0764
c2_51,1,1789032523.2711322,6,4.2463,0.3245,0.0764
c2_51,1,1789032523.4911323,6,4.2463,0.3245,0.0764
c2_51,1,1789032523.7111323,6,4.2463,0.3245,0.0764
c2_51,1,1789032523.9311323,6,4.2463,0.3245,0.0764
c2_51,1,1789032524.1511323,7,4.209,0.3077,0.0731
c2_51,1,1789032524.3711324,7,4.209,0.3077,0.0731
c2_51,1,1789032524.5911324,7,4.209,0.3077,0.0731
c2_51,1,1789032524.8111324,7,4.209,0.3077,0.0731
c2_51,1,1789032525.0311325,7,4.209,0.3077,0.0731
c2_51,1,1789032525.2511325,7,4.209,0.3077,0.0731
c2_51,1,1789032525.4711325,7,4.209,0.3077,0.0731
c2_51,1,1789032525.6911325,7,4.209,0.3077,0.0731
c2_51,1,1789032525.9111326,7,4.209,0.3077,0.0731
c2_51,1,1789032526.1311326,7,4.209,0.3077,0.0731
c2_51,1,1789032526.3511326,7,4.209,0.3077,0.0731
c2_51,1,1789032526.5711327,7,4.209,0.3077,0.0731
c2_51,1,1789032526.7911327,7,4.209,0.3077,0.0731
c2_51,1,1789032527.0111327,7,4.209,0.3077,0.0731
c2_51,1,1789032527.2311327,7,4.209,0.3077,0.0731
c2_51,1,1789032527.4511328,7,4.209,0.3077,0.0731
c2_51,1,1789032527.6711328,7,4.209,0.3077,0.0731
c2_51,1,1789032527.8911328,7,4.209,0.3077,0.0731
c2_51,1,1789032528.1111329,7,4.209,0.3077,0.0731
c2_51,1,1789032528.331133,8,4.1959,0.2867,0.0683
c2_51,1,1789032528.551133,8,4.1959,0.2867,0.0683
c2_51,1,1789032528.771133,8,4.1959,0.2867,0.0683
c2_51,1,1789032528.991133,8,4.1959,0.2867,0.0683
c2_51,1,1789032529.211133,8,4.1959,0.2867,0.0683
c2_51,1,1789032529.431133,8,4.1959,0.2867,0.0683
c2_51,1,1789032529.651133,8,4.1959,0.2867,0.0683
c2_51,1,1789032529.871133,8,4.1959,0.2867,0.0683
c2_51,1,1789032530.091133,8,4.1959,0.2867,0.0683
c2_51,1,1789032530.3111331,8,4.1959,0.2867,0.0683
c2_51,1,1789032530.5311332,8,4.1959,0.2867,0.0683
c2_51,1,1789032530.7511332,8,4.1959,0.2867,0.0683
c2_51,1,1789032530.9711332,8,4.1959,0.2867,0.0683
c2_51,1,1789032531.1911333,8,4.1959,0.2867,0.0683
c2_51,1,1789032531.4111333,8,4.1959,0.2867,0.0683
c2_51,1,1789032531.6311333,8,4.1959,0.2867,0.0683
c2_51,1,1789032531.8511333,8,4.1959,0.2867,0.0683
c2_51,1,1789032532.0711334,8,4.1959,0.2867,0.0683
c2_51,1,1789032532.2911334,8,4.1959,0.2867,0.0683
c2_51,1,1789032532.5111334,9,4.2107,0.271,0.0644
c2_51,1,1789032532.7311335,9,4.2107,0.271,0.0644
c2_51,1,1789032532.9511335,9,4.2107,0.271,0.0644
c2_51,1,1789032533.1711335,9,4.2107,0.271,0.0644
c2_51,1,1789032533.3911335,9,4.2107,0.271,0.0644
c2_51,1,1789032533.6111336,9,4.2107,0.271,0.0644
c2_51,1,1789032533.8311336,9,4.2107,0.271,0.0644
c2_51,1,1789032534.0511336,9,4.2107,0.271,0.0644
c2_51,1,1789032534.2711337,9,4.2107,0.271,0.0644
c2_51,1,1789032534.4911337,9,4.2107,0.271,0.0644
c2_51,1,1789032534.7111337,9,4.2107,0.271,0.0644
c2_51,1,1789032534.9311337,9,4.2107,0.271,0.0644
c2_51,1,1789032535.1511338,9,4.2107,0.271,0.0644
c2_51,1,1789032535.3711338,9,4.2107,0.271,0.0644
c2_51,1,1789032535.5911338,9,4.2107,0.271,0.0644
c2_51,1,1789032535.8111339,9,4.2107,0.271,0.0644
c2_51,1,1789032536.031134,9,4.2107,0.271,0.0644
c2_51,1,1789032536.251134,9,4.2107,0.271,0.0644
c2_51,1,1789032536.471134,9,4.2107,0.271,0.0644
c2_51,1,1789032536.691134,10,4.2123,0.2556,0.0607
c2_51,1,1789032536.911134,10,4.2123,0.2556,0.0607
c2_51,1,1789032537.131134,10,4.2123,0.2556,0.0607
c2_51,1,1789032537.351134,10,4.2123,0.2556,0.0607
c2_51,1,1789032537.571134,10,4.2123,0.2556,0.0607
c2_51,1,1789032537.791134,10,4.2123,0.2556,0.0607
c2_51,1,1789032538.0111341,10,4.2123,0.2556,0.0607
c2_51,1,1789032538.2311342,10,4.2123,0.2556,0.0607
c2_51,1,1789032538.4511342,10,4.2123,0.2556,0.0607
c2_51,1,1789032538.6711342,10,4.2123,0.2556,0.0607
c2_51,1,1789032538.8911343,10,4.2123,0.2556,0.0607
c2_51,1,1789032539.1111343,10,4.2123,0.2556,0.0607
c2_51,1,1789032539.3311343,10,4.2123,0.2556,0.0607
c2_51,1,1789032539.5511343,10,4.2123,0.2556,0.0607
c2_51,1,1789032539.7711344,10,4.2123,0.2556,0.0607
c2_51,1,1789032539.9911344,10,4.2123,0.2556,0.0607
c2_51,1,1789032540.2111344,10,4.2123,0.2556,0.0607
c2_51,1,1789032540.4311345,11,4.1646,0.2816,0.0676
c2_51,1,1789032540.6511345,11,4.1646,0.2816,0.0676
c2_51,1,1789032540.8711345,11,4.1646,0.2816,0.0676
c2_51,1,1789032541.0911345,11,4.1646,0.2816,0.0676
c2_51,1,1789032541.3111346,11,4.1646,0.2816,0.0676
c2_51,1,1789032541.5311346,11,4.1646,0.2816,0.0676
c2_51,1,1789032541.7511346,11,4.1646,0.2816,0.0676
c2_51,1,1789032541.9711347,11,4.1646,0.2816,0.0676
c2_51,1,1789032542.1911347,11,4.1646,0.2816,0.0676
c2_51,1,1789032542.4111347,11,4.1646,0.2816,0.0676
c2_51,1,1789032542.6311347,11,4.1646,0.2816,0.0676
c2_51,1,1789032542.8511348,11,4.1646,0.2816,0.0676
c2_51,1,1789032543.0711348,11,4.1646,0.2816,0.0676
c2_51,1,1789032543.2911348,11,4.1646,0.2816,0.0676
c2_51,1,1789032543.5111349,11,4.1646,0.2816,0.0676
c2_51,1,1789032543.731135,11,4.1646,0.2816,0.0676
c2_51,1,1789032543.951135,11,4.1646,0.2816,0.0676
c2_51,1,1789032544.171135,11,4.1646,0.2816,0.0676
c2_51,1,1789032544.391135,12,4.1329,0.2866,0.0693
c2_51,1,1789032544.611135,12,4.1329,0.2866,0.0693
c2_51,1,1789032544.831135,12,4.1329,0.2866,0.0693
c2_51,1,1789032545.051135,12,4.1329,0.2866,0.0693
c2_51,1,1789032545.271135,12,4.1329,0.2866,0.0693
c2_51,1,1789032545.4911351,12,4.1329,0.2866,0.0693
c2_51,1,1789032545.7111351,12,4.1329,0.2866,0.0693
c2_51,1,1789032545.9311352,12,4.1329,0.2866,0.0693
c2_51,1,1789032546.1511352,12,4.1329,0.2866,0.0693
c2_51,1,1789032546.3711352,12,4.1329,0.2866,0.0693
c2_51,1,1789032546.5911353,12,4.1329,0.2866,0.0693
c2_51,1,1789032546.8111353,12,4.1329,0.2866,0.0693
c2_51,1,1789032547.0311353,12,4.1329,0.2866,0.0693
c2_51,1,1789032547.2511353,12,4.1329,0.2866,0.0693
c2_51,1,1789032547.4711354,12,4.1329,0.2866,0.0693
c2_51,1,1789032547.6911354,12,4.1329,0.2866,0.0693
c2_51,1,1789032547.9111354,12,4.1329,0.2866,0.0693
c2_51,1,1789032548.1311355,12,4.1329,0.2866,0.0693
c2_51,1,1789032548.3511355,13,4.1196,0.2779,0.0675
c2_51,1,1789032548.5711355,13,4.1196,0.2779,0.0675
c2_51,1,1789032548.7911355,13,4.1196,0.2779,0.0675
c2_51,1,1789032549.0111356,13,4.1196,0.2779,0.0675
c2_51,1,1789032549.2311356,13,4.1196,0.2779,0.0675
c2_51,1,1789032549.4511356,13,4.1196,0.2779,0.0675
c2_51,1,1789032549.6711357,13,4.1196,0.2779,0.0675
c2_51,1,1789032549.8911357,13,4.1196,0.2779,0.0675
c2_51,1,1789032550.1111357,13,4.1196,0.2779,0.0675
c2_51,1,1789032550.3311357,13,4.1196,0.2779,0.0675
c2_51,1,1789032550.5511358,13,4.1196,0.2779,0.0675
c2_51,1,1789032550.7711358,13,4.1196,0.2779,0.0675
c2_51,1,1789032550.9911358,13,4.1196,0.2779,0.0675
c2_51,1,1789032551.2111359,13,4.1196,0.2779,0.0675
benign_52,0,1789032565.1385448,3,3.8409,3.282,0.8545
benign_52,0,1789032565.3585448,3,3.8409,3.282,0.8545
benign_52,0,1789032565.5785449,3,3.8409,3.282,0.8545
benign_52,0,1789032565.798545,3,3.8409,3.282,0.8545
benign_52,0,1789032566.018545,3,3.8409,3.282,0.8545
benign_52,0,1789032566.238545,3,3.8409,3.282,0.8545
benign_52,0,1789032566.458545,3,3.8409,3.282,0.8545
benign_52,0,1789032566.678545,3,3.8409,3.282,0.8545
benign_52,0,1789032566.898545,3,3.8409,3.282,0.8545
benign_52,0,1789032567.118545,3,3.8409,3.282,0.8545
benign_52,0,1789032567.338545,3,3.8409,3.282,0.8545
benign_52,0,1789032567.558545,3,3.8409,3.282,0.8545
benign_52,0,1789032567.7785451,3,3.8409,3.282,0.8545
benign_52,0,1789032567.9985452,3,3.8409,3.282,0.8545
benign_52,0,1789032568.2185452,3,3.8409,3.282,0.8545
benign_52,0,1789032568.4385452,3,3.8409,3.282,0.8545
benign_52,0,1789032568.6585453,3,3.8409,3.282,0.8545
benign_52,0,1789032568.8785453,3,3.8409,3.282,0.8545
benign_52,0,1789032569.0985453,3,3.8409,3.282,0.8545
benign_52,0,1789032569.3185453,3,3.8409,3.282,0.8545
benign_52,0,1789032569.5385454,3,3.8409,3.282,0.8545
benign_52,0,1789032569.7585454,3,3.8409,3.282,0.8545
benign_52,0,1789032569.9785454,3,3.8409,3.282,0.8545
benign_52,0,1789032570.1985455,3,3.8409,3.282,0.8545
benign_52,0,1789032570.4185455,3,3.8409,3.282,0.8545
benign_52,0,1789032570.6385455,3,3.8409,3.282,0.8545
benign_52,0,1789032570.8585455,3,3.8409,3.282,0.8545
benign_52,0,1789032571.0785456,3,3.8409,3.282,0.8545
benign_52,0,1789032571.2985456,3,3.8409,3.282,0.8545
benign_52,0,1789032571.5185456,3,3.8409,3.282,0.8545
benign_52,0,1789032571.7385457,3,3.8409,3.282,0.8545
benign_52,0,1789032571.9585457,3,3.8409,3.282,0.8545
benign_52,0,1789032572.1785457,4,4.9294,3.0904,0.6269
benign_52,0,1789032572.3985457,5,3.7413,3.376,0.9024
benign_52,0,1789032572.6185458,5,3.7413,3.376,0.9024
benign_52,0,1789032572.8385458,5,3.7413,3.376,0.9024
benign_52,0,1789032573.0585458,5,3.7413,3.376,0.9024
benign_52,0,1789032573.2785459,5,3.7413,3.376,0.9024
benign_52,0,1789032573.498546,5,3.7413,3.376,0.9024
benign_52,0,1789032573.718546,5,3.7413,3.376,0.9024
benign_52,0,1789032573.938546,6,3.2973,3.1474,0.9545
benign_52,0,1789032574.158546,6,3.2973,3.1474,0.9545
benign_52,0,1789032574.378546,6,3.2973,3.1474,0.9545
benign_52,0,1789032574.598546,6,3.2973,3.1474,0.9545
benign_52,0,1789032574.818546,6,3.2973,3.1474,0.9545
benign_52,0,1789032575.038546,6,3.2973,3.1474,0.9545
benign_52,0,1789032575.258546,6,3.2973,3.1474,0.9545
benign_52,0,1789032575.4785461,6,3.2973,3.1474,0.9545
benign_52,0,1789032575.6985462,6,3.2973,3.1474,0.9545
benign_52,0,1789032575.9185462,6,3.2973,3.1474,0.9545
benign_52,0,1789032576.1385462,6,3.2973,3.1474,0.9545
benign_52,0,1789032576.3585463,6,3.2973,3.1474,0.9545
benign_52,0,1789032576.5785463,6,3.2973,3.1474,0.9545
benign_52,0,1789032576.7985463,6,3.2973,3.1474,0.9545
benign_52,0,1789032577.0185463,6,3.2973,3.1474,0.9545
benign_52,0,1789032577.2385464,6,3.2973,3.1474,0.9545
benign_52,0,1789032577.4585464,7,3.3376,2.8746,0.8613
benign_52,0,1789032577.6785464,7,3.3376,2.8746,0.8613
benign_52,0,1789032577.8985465,7,3.3376,2.8746,0.8613
benign_52,0,1789032578.1185465,7,3.3376,2.8746,0.8613
benign_52,0,1789032578.3385465,7,3.3376,2.8746,0.8613
benign_52,0,1789032578.5585465,7,3.3376,2.8746,0.8613
benign_52,0,1789032578.7785466,7,3.3376,2.8746,0.8613
benign_52,0,1789032578.9985466,7,3.3376,2.8746,0.8613
benign_52,0,1789032579.2185466,7,3.3376,2.8746,0.8613
benign_52,0,1789032579.4385467,7,3.3376,2.8746,0.8613
benign_52,0,1789032579.6585467,7,3.3376,2.8746,0.8613
benign_52,0,1789032579.8785467,7,3.3376,2.8746,0.8613
benign_52,0,1789032580.0985467,7,3.3376,2.8746,0.8613
benign_52,0,1789032580.3185468,7,3.3376,2.8746,0.8613
benign_52,0,1789032580.5385468,7,3.3376,2.8746,0.8613
benign_52,0,1789032580.7585468,7,3.3376,2.8746,0.8613
benign_52,0,1789032580.9785469,7,3.3376,2.8746,0.8613
benign_52,0,1789032581.198547,7,3.3376,2.8746,0.8613
benign_52,0,1789032581.418547,7,3.3376,2.8746,0.8613
benign_52,0,1789032581.638547,7,3.3376,2.8746,0.8613
benign_52,0,1789032581.858547,7,3.3376,2.8746,0.8613
benign_52,0,1789032582.078547,7,3.3376,2.8746,0.8613
benign_52,0,1789032582.298547,7,3.3376,2.8746,0.8613
benign_52,0,1789032582.518547,7,3.3376,2.8746,0.8613
benign_52,0,1789032582.738547,7,3.3376,2.8746,0.8613
benign_52,0,1789032582.958547,7,3.3376,2.8746,0.8613
benign_52,0,1789032583.1785471,7,3.3376,2.8746,0.8613
benign_52,0,1789032583.3985472,7,3.3376,2.8746,0.8613
benign_52,0,1789032583.6185472,7,3.3376,2.8746,0.8613
benign_52,0,1789032583.8385472,7,3.3376,2.8746,0.8613
benign_52,0,1789032584.0585473,7,3.3376,2.8746,0.8613
benign_52,0,1789032584.2785473,7,3.3376,2.8746,0.8613
benign_52,0,1789032584.4985473,7,3.3376,2.8746,0.8613
benign_52,0,1789032584.7185473,7,3.3376,2.8746,0.8613
benign_52,0,1789032584.9385474,7,3.3376,2.8746,0.8613
c2_52,1,1789032603.2452166,3,5.5923,0.0689,0.0123
c2_52,1,1789032603.4652166,3,5.5923,0.0689,0.0123
c2_52,1,1789032603.6852167,3,5.5923,0.0689,0.0123
c2_52,1,1789032603.9052167,3,5.5923,0.0689,0.0123
c2_52,1,1789032604.1252167,3,5.5923,0.0689,0.0123
c2_52,1,1789032604.3452168,3,5.5923,0.0689,0.0123
c2_52,1,1789032604.5652168,3,5.5923,0.0689,0.0123
c2_52,1,1789032604.7852168,3,5.5923,0.0689,0.0123
c2_52,1,1789032605.0052168,3,5.5923,0.0689,0.0123
c2_52,1,1789032605.2252169,3,5.5923,0.0689,0.0123
c2_52,1,1789032605.445217,3,5.5923,0.0689,0.0123
c2_52,1,1789032605.665217,3,5.5923,0.0689,0.0123
c2_52,1,1789032605.885217,3,5.5923,0.0689,0.0123
c2_52,1,1789032606.105217,3,5.5923,0.0689,0.0123
c2_52,1,1789032606.325217,3,5.5923,0.0689,0.0123
c2_52,1,1789032606.545217,3,5.5923,0.0689,0.0123
c2_52,1,1789032606.765217,3,5.5923,0.0689,0.0123
c2_52,1,1789032606.985217,3,5.5923,0.0689,0.0123
c2_52,1,1789032607.2052171,3,5.5923,0.0689,0.0123
c2_52,1,1789032607.4252172,3,5.5923,0.0689,0.0123
c2_52,1,1789032607.6452172,3,5.5923,0.0689,0.0123
c2_52,1,1789032607.8652172,3,5.5923,0.0689,0.0123
c2_52,1,1789032608.0852172,3,5.5923,0.0689,0.0123
c2_52,1,1789032608.3052173,3,5.5923,0.0689,0.0123
c2_52,1,1789032608.5252173,3,5.5923,0.0689,0.0123
c2_52,1,1789032608.7452173,3,5.5923,0.0689,0.0123
c2_52,1,1789032608.9652174,3,5.5923,0.0689,0.0123
c2_52,1,1789032609.1852174,3,5.5923,0.0689,0.0123
c2_52,1,1789032609.4052174,3,5.5923,0.0689,0.0123
c2_52,1,1789032609.6252174,4,5.8578,0.3796,0.0648
c2_52,1,1789032609.8452175,4,5.8578,0.3796,0.0648
c2_52,1,1789032610.0652175,4,5.8578,0.3796,0.0648
c2_52,1,1789032610.2852175,4,5.8578,0.3796,0.0648
c2_52,1,1789032610.5052176,4,5.8578,0.3796,0.0648
c2_52,1,1789032610.7252176,4,5.8578,0.3796,0.0648
c2_52,1,1789032610.9452176,4,5.8578,0.3796,0.0648
c2_52,1,1789032611.1652176,4,5.8578,0.3796,0.0648
c2_52,1,1789032611.3852177,4,5.8578,0.3796,0.0648
c2_52,1,1789032611.6052177,4,5.8578,0.3796,0.0648
c2_52,1,1789032611.8252177,4,5.8578,0.3796,0.0648
c2_52,1,1789032612.0452178,4,5.8578,0.3796,0.0648
c2_52,1,1789032612.2652178,4,5.8578,0.3796,0.0648
c2_52,1,1789032612.4852178,4,5.8578,0.3796,0.0648
c2_52,1,1789032612.7052178,4,5.8578,0.3796,0.0648
c2_52,1,1789032612.9252179,4,5.8578,0.3796,0.0648
c2_52,1,1789032613.145218,4,5.8578,0.3796,0.0648
c2_52,1,1789032613.365218,4,5.8578,0.3796,0.0648
c2_52,1,1789032613.585218,4,5.8578,0.3796,0.0648
c2_52,1,1789032613.805218,4,5.8578,0.3796,0.0648
c2_52,1,1789032614.025218,4,5.8578,0.3796,0.0648
c2_52,1,1789032614.245218,4,5.8578,0.3796,0.0648
c2_52,1,1789032614.465218,4,5.8578,0.3796,0.0648
c2_52,1,1789032614.685218,5,5.6345,0.5075,0.0901
c2_52,1,1789032614.9052181,5,5.6345,0.5075,0.0901
c2_52,1,1789032615.1252182,5,5.6345,0.5075,0.0901
c2_52,1,1789032615.3452182,5,5.6345,0.5075,0.0901
c2_52,1,1789032615.5652182,5,5.6345,0.5075,0.0901
c2_52,1,1789032615.7852182,5,5.6345,0.5075,0.0901
c2_52,1,1789032616.0052183,5,5.6345,0.5075,0.0901
c2_52,1,1789032616.2252183,5,5.6345,0.5075,0.0901
c2_52,1,1789032616.4452183,5,5.6345,0.5075,0.0901
c2_52,1,1789032616.6652184,5,5.6345,0.5075,0.0901
c2_52,1,1789032616.8852184,5,5.6345,0.5075,0.0901
c2_52,1,1789032617.1052184,5,5.6345,0.5075,0.0901
c2_52,1,1789032617.3252184,5,5.6345,0.5075,0.0901
c2_52,1,1789032617.5452185,5,5.6345,0.5075,0.0901
c2_52,1,1789032617.7652185,5,5.6345,0.5075,0.0901
c2_52,1,1789032617.9852185,5,5.6345,0.5075,0.0901
c2_52,1,1789032618.2052186,5,5.6345,0.5075,0.0901
c2_52,1,1789032618.4252186,5,5.6345,0.5075,0.0901
c2_52,1,1789032618.6452186,5,5.6345,0.5075,0.0901
c2_52,1,1789032618.8652186,5,5.6345,0.5075,0.0901
c2_52,1,1789032619.0852187,5,5.6345,0.5075,0.0901
c2_52,1,1789032619.3052187,5,5.6345,0.5075,0.0901
c2_52,1,1789032619.5252187,5,5.6345,0.5075,0.0901
c2_52,1,1789032619.7452188,5,5.6345,0.5075,0.0901
c2_52,1,1789032619.9652188,5,5.6345,0.5075,0.0901
c2_52,1,1789032620.1852188,5,5.6345,0.5075,0.0901
c2_52,1,1789032620.4052188,5,5.6345,0.5075,0.0901
c2_52,1,1789032620.6252189,6,5.6933,0.4689,0.0824
c2_52,1,1789032620.845219,6,5.6933,0.4689,0.0824
c2_52,1,1789032621.065219,6,5.6933,0.4689,0.0824
c2_52,1,1789032621.285219,6,5.6933,0.4689,0.0824
c2_52,1,1789032621.505219,6,5.6933,0.4689,0.0824
c2_52,1,1789032621.725219,6,5.6933,0.4689,0.0824
c2_52,1,1789032621.945219,6,5.6933,0.4689,0.0824
c2_52,1,1789032622.165219,6,5.6933,0.4689,0.0824
c2_52,1,1789032622.385219,6,5.6933,0.4689,0.0824
c2_52,1,1789032622.6052191,6,5.6933,0.4689,0.0824
c2_52,1,1789032622.8252192,6,5.6933,0.4689,0.0824
c2_52,1,1789032623.0452192,6,5.6933,0.4689,0.0824
c2_52,1,1789032623.2652192,6,5.6933,0.4689,0.0824
c2_52,1,1789032623.4852192,6,5.6933,0.4689,0.0824
c2_52,1,1789032623.7052193,6,5.6933,0.4689,0.0824
c2_52,1,1789032623.9252193,6,5.6933,0.4689,0.0824
c2_52,1,1789032624.1452193,6,5.6933,0.4689,0.0824
c2_52,1,1789032624.3652194,6,5.6933,0.4689,0.0824
c2_52,1,1789032624.5852194,6,5.6933,0.4689,0.0824
c2_52,1,1789032624.8052194,6,5.6933,0.4689,0.0824
c2_52,1,1789032625.0252194,6,5.6933,0.4689,0.0824
c2_52,1,1789032625.2452195,6,5.6933,0.4689,0.0824
c2_52,1,1789032625.4652195,6,5.6933,0.4689,0.0824
c2_52,1,1789032625.6852195,7,5.5883,0.4882,0.0874
c2_52,1,1789032625.9052196,7,5.5883,0.4882,0.0874
c2_52,1,1789032626.1252196,7,5.5883,0.4882,0.0874
c2_52,1,1789032626.3452196,7,5.5883,0.4882,0.0874
c2_52,1,1789032626.5652196,7,5.5883,0.4882,0.0874
c2_52,1,1789032626.7852197,7,5.5883,0.4882,0.0874
c2_52,1,1789032627.0052197,7,5.5883,0.4882,0.0874
c2_52,1,1789032627.2252197,7,5.5883,0.4882,0.0874
c2_52,1,1789032627.4452198,7,5.5883,0.4882,0.0874
c2_52,1,1789032627.6652198,7,5.5883,0.4882,0.0874
c2_52,1,1789032627.8852198,7,5.5883,0.4882,0.0874
c2_52,1,1789032628.1052198,7,5.5883,0.4882,0.0874
c2_52,1,1789032628.3252199,7,5.5883,0.4882,0.0874
c2_52,1,1789032628.54522,7,5.5883,0.4882,0.0874
c2_52,1,1789032628.76522,7,5.5883,0.4882,0.0874
c2_52,1,1789032628.98522,7,5.5883,0.4882,0.0874
c2_52,1,1789032629.20522,7,5.5883,0.4882,0.0874
c2_52,1,1789032629.42522,7,5.5883,0.4882,0.0874
c2_52,1,1789032629.64522,7,5.5883,0.4882,0.0874
c2_52,1,1789032629.86522,7,5.5883,0.4882,0.0874
c2_52,1,1789032630.08522,7,5.5883,0.4882,0.0874
c2_52,1,1789032630.3052201,7,5.5883,0.4882,0.0874
c2_52,1,1789032630.5252202,7,5.5883,0.4882,0.0874
c2_52,1,1789032630.7452202,7,5.5883,0.4882,0.0874
c2_52,1,1789032630.9652202,7,5.5883,0.4882,0.0874
c2_52,1,1789032631.1852202,7,5.5883,0.4882,0.0874
c2_52,1,1789032631.4052203,7,5.5883,0.4882,0.0874
c2_52,1,1789032631.6252203,7,5.5883,0.4882,0.0874
c2_52,1,1789032631.8452203,8,5.6863,0.5118,0.09
c2_52,1,1789032632.0652204,8,5.6863,0.5118,0.09
c2_52,1,1789032632.2852204,8,5.6863,0.5118,0.09
c2_52,1,1789032632.5052204,8,5.6863,0.5118,0.09
c2_52,1,1789032632.7252204,8,5.6863,0.5118,0.09
c2_52,1,1789032632.9452205,8,5.6863,0.5118,0.09
c2_52,1,1789032633.1652205,8,5.6863,0.5118,0.09
c2_52,1,1789032633.3852205,8,5.6863,0.5118,0.09
c2_52,1,1789032633.6052206,8,5.6863,0.5118,0.09
c2_52,1,1789032633.8252206,8,5.6863,0.5118,0.09
c2_52,1,1789032634.0452206,8,5.6863,0.5118,0.09
c2_52,1,1789032634.2652206,8,5.6863,0.5118,0.09
c2_52,1,1789032634.4852207,8,5.6863,0.5118,0.09
c2_52,1,1789032634.7052207,8,5.6863,0.5118,0.09
c2_52,1,1789032634.9252207,8,5.6863,0.5118,0.09
c2_52,1,1789032635.1452208,8,5.6863,0.5118,0.09
c2_52,1,1789032635.3652208,8,5.6863,0.5118,0.09
c2_52,1,1789032635.5852208,8,5.6863,0.5118,0.09
c2_52,1,1789032635.8052208,8,5.6863,0.5118,0.09
c2_52,1,1789032636.0252209,8,5.6863,0.5118,0.09
c2_52,1,1789032636.245221,8,5.6863,0.5118,0.09
c2_52,1,1789032636.465221,8,5.6863,0.5118,0.09
c2_52,1,1789032636.685221,8,5.6863,0.5118,0.09
c2_52,1,1789032636.905221,8,5.6863,0.5118,0.09
c2_52,1,1789032637.125221,8,5.6863,0.5118,0.09
c2_52,1,1789032637.345221,8,5.6863,0.5118,0.09
c2_52,1,1789032637.565221,8,5.6863,0.5118,0.09
c2_52,1,1789032637.785221,8,5.6863,0.5118,0.09
c2_52,1,1789032638.0052211,9,5.732,0.4938,0.0861
c2_52,1,1789032638.2252212,9,5.732,0.4938,0.0861
c2_52,1,1789032638.4452212,9,5.732,0.4938,0.0861
c2_52,1,1789032638.6652212,9,5.732,0.4938,0.0861
c2_52,1,1789032638.8852212,9,5.732,0.4938,0.0861
c2_52,1,1789032639.1052213,9,5.732,0.4938,0.0861
c2_52,1,1789032639.3252213,9,5.732,0.4938,0.0861
c2_52,1,1789032639.5452213,9,5.732,0.4938,0.0861
c2_52,1,1789032639.7652214,9,5.732,0.4938,0.0861
c2_52,1,1789032639.9852214,9,5.732,0.4938,0.0861
c2_52,1,1789032640.2052214,9,5.732,0.4938,0.0861
c2_52,1,1789032640.4252214,9,5.732,0.4938,0.0861
c2_52,1,1789032640.6452215,9,5.732,0.4938,0.0861
c2_52,1,1789032640.8652215,9,5.732,0.4938,0.0861
c2_52,1,1789032641.0852215,9,5.732,0.4938,0.0861
c2_52,1,1789032641.3052216,9,5.732,0.4938,0.0861
c2_52,1,1789032641.5252216,9,5.732,0.4938,0.0861
c2_52,1,1789032641.7452216,9,5.732,0.4938,0.0861
c2_52,1,1789032641.9652216,9,5.732,0.4938,0.0861
c2_52,1,1789032642.1852217,9,5.732,0.4938,0.0861
c2_52,1,1789032642.4052217,9,5.732,0.4938,0.0861
c2_52,1,1789032642.6252217,9,5.732,0.4938,0.0861
c2_52,1,1789032642.8452218,10,5.6518,0.5179,0.0916
c2_52,1,1789032643.0652218,10,5.6518,0.5179,0.0916
c2_52,1,1789032643.2852218,10,5.6518,0.5179,0.0916
c2_52,1,1789032643.5052218,10,5.6518,0.5179,0.0916
c2_52,1,1789032643.7252219,10,5.6518,0.5179,0.0916
c2_52,1,1789032643.945222,10,5.6518,0.5179,0.0916
c2_52,1,1789032644.165222,10,5.6518,0.5179,0.0916
c2_52,1,1789032644.385222,10,5.6518,0.5179,0.0916
c2_52,1,1789032644.605222,10,5.6518,0.5179,0.0916
c2_52,1,1789032644.825222,10,5.6518,0.5179,0.0916
c2_52,1,1789032645.045222,10,5.6518,0.5179,0.0916
c2_52,1,1789032645.265222,10,5.6518,0.5179,0.0916
c2_52,1,1789032645.485222,10,5.6518,0.5179,0.0916
c2_52,1,1789032645.7052221,10,5.6518,0.5179,0.0916
c2_52,1,1789032645.9252222,10,5.6518,0.5179,0.0916
c2_52,1,1789032646.1452222,10,5.6518,0.5179,0.0916
c2_52,1,1789032646.3652222,10,5.6518,0.5179,0.0916
c2_52,1,1789032646.5852222,10,5.6518,0.5179,0.0916
c2_52,1,1789032646.8052223,10,5.6518,0.5179,0.0916
c2_52,1,1789032647.0252223,10,5.6518,0.5179,0.0916
c2_52,1,1789032647.2452223,10,5.6518,0.5179,0.0916
c2_52,1,1789032647.4652224,10,5.6518,0.5179,0.0916
c2_52,1,1789032647.6852224,10,5.6518,0.5179,0.0916
c2_52,1,1789032647.9052224,11,5.5829,0.5331,0.0955
c2_52,1,1789032648.1252224,11,5.5829,0.5331,0.0955
c2_52,1,1789032648.3452225,11,5.5829,0.5331,0.0955
c2_52,1,1789032648.5652225,11,5.5829,0.5331,0.0955
c2_52,1,1789032648.7852225,11,5.5829,0.5331,0.0955
c2_52,1,1789032649.0052226,11,5.5829,0.5331,0.0955
c2_52,1,1789032649.2252226,11,5.5829,0.5331,0.0955
c2_52,1,1789032649.4452226,11,5.5829,0.5331,0.0955
c2_52,1,1789032649.6652226,11,5.5829,0.5331,0.0955
c2_52,1,1789032649.8852227,11,5.5829,0.5331,0.0955
c2_52,1,1789032650.1052227,11,5.5829,0.5331,0.0955
c2_52,1,1789032650.3252227,11,5.5829,0.5331,0.0955
c2_52,1,1789032650.5452228,11,5.5829,0.5331,0.0955
c2_52,1,1789032650.7652228,11,5.5829,0.5331,0.0955
c2_52,1,1789032650.9852228,11,5.5829,0.5331,0.0955
c2_52,1,1789032651.2052228,11,5.5829,0.5331,0.0955
c2_52,1,1789032651.4252229,11,5.5829,0.5331,0.0955
c2_52,1,1789032651.645223,11,5.5829,0.5331,0.0955
c2_52,1,1789032651.865223,11,5.5829,0.5331,0.0955
c2_52,1,1789032652.085223,11,5.5829,0.5331,0.0955
c2_52,1,1789032652.305223,11,5.5829,0.5331,0.0955
c2_52,1,1789032652.525223,11,5.5829,0.5331,0.0955
c2_52,1,1789032652.745223,11,5.5829,0.5331,0.0955
c2_52,1,1789032652.965223,11,5.5829,0.5331,0.0955
c2_52,1,1789032653.185223,11,5.5829,0.5331,0.0955
c2_52,1,1789032653.4052231,11,5.5829,0.5331,0.0955
c2_52,1,1789032653.6252232,11,5.5829,0.5331,0.0955
c2_52,1,1789032653.8452232,11,5.5829,0.5331,0.0955
c2_52,1,1789032654.0652232,11,5.5829,0.5331,0.0955
c2_52,1,1789032654.2852232,11,5.5829,0.5331,0.0955
c2_52,1,1789032654.5052233,12,5.6671,0.5738,0.1013
c2_52,1,1789032654.7252233,12,5.6671,0.5738,0.1013
c2_52,1,1789032654.9452233,12,5.6671,0.5738,0.1013
c2_52,1,1789032655.1652234,12,5.6671,0.5738,0.1013
c2_52,1,1789032655.3852234,12,5.6671,0.5738,0.1013
c2_52,1,1789032655.6052234,12,5.6671,0.5738,0.1013
c2_52,1,1789032655.8252234,12,5.6671,0.5738,0.1013
c2_52,1,1789032656.0452235,12,5.6671,0.5738,0.1013
c2_52,1,1789032656.2652235,12,5.6671,0.5738,0.1013
c2_52,1,1789032656.4852235,12,5.6671,0.5738,0.1013
c2_52,1,1789032656.7052236,12,5.6671,0.5738,0.1013
c2_52,1,1789032656.9252236,12,5.6671,0.5738,0.1013
c2_52,1,1789032657.1452236,12,5.6671,0.5738,0.1013
c2_52,1,1789032657.3652236,12,5.6671,0.5738,0.1013
c2_52,1,1789032657.5852237,12,5.6671,0.5738,0.1013
c2_52,1,1789032657.8052237,12,5.6671,0.5738,0.1013
c2_52,1,1789032658.0252237,12,5.6671,0.5738,0.1013
c2_52,1,1789032658.2452238,12,5.6671,0.5738,0.1013
c2_52,1,1789032658.4652238,12,5.6671,0.5738,0.1013
c2_52,1,1789032658.6852238,12,5.6671,0.5738,0.1013
c2_52,1,1789032658.9052238,12,5.6671,0.5738,0.1013
c2_52,1,1789032659.1252239,12,5.6671,0.5738,0.1013
c2_52,1,1789032659.345224,12,5.6671,0.5738,0.1013
c2_52,1,1789032659.565224,12,5.6671,0.5738,0.1013
c2_52,1,1789032659.785224,13,5.6462,0.5538,0.0981
c2_52,1,1789032660.005224,13,5.6462,0.5538,0.0981
c2_52,1,1789032660.225224,13,5.6462,0.5538,0.0981
c2_52,1,1789032660.445224,13,5.6462,0.5538,0.0981
c2_52,1,1789032660.665224,13,5.6462,0.5538,0.0981
c2_52,1,1789032660.885224,13,5.6462,0.5538,0.0981
c2_52,1,1789032661.1052241,13,5.6462,0.5538,0.0981
c2_52,1,1789032661.3252242,13,5.6462,0.5538,0.0981
c2_52,1,1789032661.5452242,13,5.6462,0.5538,0.0981
c2_52,1,1789032661.7652242,13,5.6462,0.5538,0.0981
c2_52,1,1789032661.9852242,13,5.6462,0.5538,0.0981
c2_52,1,1789032662.2052243,13,5.6462,0.5538,0.0981
c2_52,1,1789032662.4252243,13,5.6462,0.5538,0.0981
c2_52,1,1789032662.6452243,13,5.6462,0.5538,0.0981
c2_52,1,1789032662.8652244,13,5.6462,0.5538,0.0981
c2_52,1,1789032663.0852244,13,5.6462,0.5538,0.0981
c2_52,1,1789032663.3052244,13,5.6462,0.5538,0.0981
c2_52,1,1789032663.5252244,13,5.6462,0.5538,0.0981
c2_52,1,1789032663.7452245,13,5.6462,0.5538,0.0981
c2_52,1,1789032663.9652245,13,5.6462,0.5538,0.0981
c2_52,1,1789032664.1852245,13,5.6462,0.5538,0.0981
c2_52,1,1789032664.4052246,13,5.6462,0.5538,0.0981
c2_52,1,1789032664.6252246,13,5.6462,0.5538,0.0981
c2_52,1,1789032664.8452246,13,5.6462,0.5538,0.0981
c2_52,1,1789032665.0652246,13,5.6462,0.5538,0.0981
c2_52,1,1789032665.2852247,13,5.6462,0.5538,0.0981
c2_52,1,1789032665.5052247,13,5.6462,0.5538,0.0981
c2_52,1,1789032665.7252247,14,5.6649,0.536,0.0946
c2_52,1,1789032665.9452248,14,5.6649,0.536,0.0946
c2_52,1,1789032666.1652248,14,5.6649,0.536,0.0946
c2_52,1,1789032666.3852248,14,5.6649,0.536,0.0946
c2_52,1,1789032666.6052248,14,5.6649,0.536,0.0946
c2_52,1,1789032666.8252249,14,5.6649,0.536,0.0946
c2_52,1,1789032667.045225,14,5.6649,0.536,0.0946
c2_52,1,1789032667.265225,14,5.6649,0.536,0.0946
c2_52,1,1789032667.485225,14,5.6649,0.536,0.0946
c2_52,1,1789032667.705225,14,5.6649,0.536,0.0946
c2_52,1,1789032667.925225,14,5.6649,0.536,0.0946
c2_52,1,1789032668.145225,14,5.6649,0.536,0.0946
c2_52,1,1789032668.365225,14,5.6649,0.536,0.0946
c2_52,1,1789032668.585225,14,5.6649,0.536,0.0946
c2_52,1,1789032668.8052251,14,5.6649,0.536,0.0946
c2_52,1,1789032669.0252252,14,5.6649,0.536,0.0946
c2_52,1,1789032669.2452252,14,5.6649,0.536,0.0946
c2_52,1,1789032669.4652252,14,5.6649,0.536,0.0946
c2_52,1,1789032669.6852252,14,5.6649,0.536,0.0946
c2_52,1,1789032669.9052253,14,5.6649,0.536,0.0946
c2_52,1,1789032670.1252253,14,5.6649,0.536,0.0946
c2_52,1,1789032670.3452253,14,5.6649,0.536,0.0946
c2_52,1,1789032670.5652254,14,5.6649,0.536,0.0946
c2_52,1,1789032670.7852254,14,5.6649,0.536,0.0946
c2_52,1,1789032671.0052254,14,5.6649,0.536,0.0946
benign_53,0,1789032680.1485472,3,2.4399,0.6732,0.2759
benign_53,0,1789032680.3685472,3,2.4399,0.6732,0.2759
benign_53,0,1789032680.5885472,4,1.7598,1.1078,0.6295
benign_53,0,1789032680.8085473,4,1.7598,1.1078,0.6295
benign_53,0,1789032681.0285473,4,1.7598,1.1078,0.6295
benign_53,0,1789032681.2485473,4,1.7598,1.1078,0.6295
benign_53,0,1789032681.4685473,4,1.7598,1.1078,0.6295
benign_53,0,1789032681.6885474,4,1.7598,1.1078,0.6295
benign_53,0,1789032681.9085474,4,1.7598,1.1078,0.6295
benign_53,0,1789032682.1285474,4,1.7598,1.1078,0.6295
benign_53,0,1789032682.3485475,4,1.7598,1.1078,0.6295
benign_53,0,1789032682.5685475,4,1.7598,1.1078,0.6295
benign_53,0,1789032682.7885475,4,1.7598,1.1078,0.6295
benign_53,0,1789032683.0085475,4,1.7598,1.1078,0.6295
benign_53,0,1789032683.2285476,4,1.7598,1.1078,0.6295
benign_53,0,1789032683.4485476,4,1.7598,1.1078,0.6295
benign_53,0,1789032683.6685476,4,1.7598,1.1078,0.6295
benign_53,0,1789032683.8885477,4,1.7598,1.1078,0.6295
benign_53,0,1789032684.1085477,4,1.7598,1.1078,0.6295
benign_53,0,1789032684.3285477,4,1.7598,1.1078,0.6295
benign_53,0,1789032684.5485477,4,1.7598,1.1078,0.6295
benign_53,0,1789032684.7685478,4,1.7598,1.1078,0.6295
benign_53,0,1789032684.9885478,4,1.7598,1.1078,0.6295
benign_53,0,1789032685.2085478,4,1.7598,1.1078,0.6295
benign_53,0,1789032685.4285479,4,1.7598,1.1078,0.6295
benign_53,0,1789032685.648548,4,1.7598,1.1078,0.6295
benign_53,0,1789032685.868548,4,1.7598,1.1078,0.6295
benign_53,0,1789032686.088548,4,1.7598,1.1078,0.6295
benign_53,0,1789032686.308548,4,1.7598,1.1078,0.6295
benign_53,0,1789032686.528548,4,1.7598,1.1078,0.6295
benign_53,0,1789032686.748548,4,1.7598,1.1078,0.6295
benign_53,0,1789032686.968548,4,1.7598,1.1078,0.6295
benign_53,0,1789032687.188548,4,1.7598,1.1078,0.6295
benign_53,0,1789032687.408548,4,1.7598,1.1078,0.6295
benign_53,0,1789032687.6285481,4,1.7598,1.1078,0.6295
benign_53,0,1789032687.8485482,4,1.7598,1.1078,0.6295
benign_53,0,1789032688.0685482,5,3.1837,2.6464,0.8312
benign_53,0,1789032688.2885482,5,3.1837,2.6464,0.8312
benign_53,0,1789032688.5085483,5,3.1837,2.6464,0.8312
benign_53,0,1789032688.7285483,5,3.1837,2.6464,0.8312
benign_53,0,1789032688.9485483,5,3.1837,2.6464,0.8312
benign_53,0,1789032689.1685483,5,3.1837,2.6464,0.8312
benign_53,0,1789032689.3885484,5,3.1837,2.6464,0.8312
benign_53,0,1789032689.6085484,5,3.1837,2.6464,0.8312
benign_53,0,1789032689.8285484,5,3.1837,2.6464,0.8312
benign_53,0,1789032690.0485485,5,3.1837,2.6464,0.8312
benign_53,0,1789032690.2685485,6,2.9737,2.404,0.8084
benign_53,0,1789032690.4885485,6,2.9737,2.404,0.8084
benign_53,0,1789032690.7085485,6,2.9737,2.404,0.8084
benign_53,0,1789032690.9285486,6,2.9737,2.404,0.8084
benign_53,0,1789032691.1485486,6,2.9737,2.404,0.8084
benign_53,0,1789032691.3685486,6,2.9737,2.404,0.8084
benign_53,0,1789032691.5885487,6,2.9737,2.404,0.8084
benign_53,0,1789032691.8085487,6,2.9737,2.404,0.8084
benign_53,0,1789032692.0285487,6,2.9737,2.404,0.8084
c2_53,1,1789032706.7212887,3,4.705,0.1707,0.0363
c2_53,1,1789032706.9412887,3,4.705,0.1707,0.0363
c2_53,1,1789032707.1612887,3,4.705,0.1707,0.0363
c2_53,1,1789032707.3812888,3,4.705,0.1707,0.0363
c2_53,1,1789032707.6012888,3,4.705,0.1707,0.0363
c2_53,1,1789032707.8212888,3,4.705,0.1707,0.0363
c2_53,1,1789032708.0412889,3,4.705,0.1707,0.0363
c2_53,1,1789032708.261289,3,4.705,0.1707,0.0363
c2_53,1,1789032708.481289,3,4.705,0.1707,0.0363
c2_53,1,1789032708.701289,3,4.705,0.1707,0.0363
c2_53,1,1789032708.921289,3,4.705,0.1707,0.0363
c2_53,1,1789032709.141289,3,4.705,0.1707,0.0363
c2_53,1,1789032709.361289,3,4.705,0.1707,0.0363
c2_53,1,1789032709.581289,3,4.705,0.1707,0.0363
c2_53,1,1789032709.801289,3,4.705,0.1707,0.0363
c2_53,1,1789032710.021289,3,4.705,0.1707,0.0363
c2_53,1,1789032710.2412891,3,4.705,0.1707,0.0363
c2_53,1,1789032710.4612892,3,4.705,0.1707,0.0363
c2_53,1,1789032710.6812892,3,4.705,0.1707,0.0363
c2_53,1,1789032710.9012892,4,4.5205,0.2957,0.0654
c2_53,1,1789032711.1212893,4,4.5205,0.2957,0.0654
c2_53,1,1789032711.3412893,4,4.5205,0.2957,0.0654
c2_53,1,1789032711.5612893,4,4.5205,0.2957,0.0654
c2_53,1,1789032711.7812893,4,4.5205,0.2957,0.0654
c2_53,1,1789032712.0012894,4,4.5205,0.2957,0.0654
c2_53,1,1789032712.2212894,4,4.5205,0.2957,0.0654
c2_53,1,1789032712.4412894,4,4.5205,0.2957,0.0654
c2_53,1,1789032712.6612895,4,4.5205,0.2957,0.0654
c2_53,1,1789032712.8812895,4,4.5205,0.2957,0.0654
c2_53,1,1789032713.1012895,4,4.5205,0.2957,0.0654
c2_53,1,1789032713.3212895,4,4.5205,0.2957,0.0654
c2_53,1,1789032713.5412896,4,4.5205,0.2957,0.0654
c2_53,1,1789032713.7612896,4,4.5205,0.2957,0.0654
c2_53,1,1789032713.9812896,4,4.5205,0.2957,0.0654
c2_53,1,1789032714.2012897,4,4.5205,0.2957,0.0654
c2_53,1,1789032714.4212897,4,4.5205,0.2957,0.0654
c2_53,1,1789032714.6412897,4,4.5205,0.2957,0.0654
c2_53,1,1789032714.8612897,4,4.5205,0.2957,0.0654
c2_53,1,1789032715.0812898,4,4.5205,0.2957,0.0654
c2_53,1,1789032715.3012898,4,4.5205,0.2957,0.0654
c2_53,1,1789032715.5212898,4,4.5205,0.2957,0.0654
c2_53,1,1789032715.7412899,5,4.6215,0.3101,0.0671
c2_53,1,1789032715.96129,5,4.6215,0.3101,0.0671
c2_53,1,1789032716.18129,5,4.6215,0.3101,0.0671
c2_53,1,1789032716.40129,5,4.6215,0.3101,0.0671
c2_53,1,1789032716.62129,5,4.6215,0.3101,0.0671
c2_53,1,1789032716.84129,5,4.6215,0.3101,0.0671
c2_53,1,1789032717.06129,5,4.6215,0.3101,0.0671
c2_53,1,1789032717.28129,5,4.6215,0.3101,0.0671
c2_53,1,1789032717.50129,5,4.6215,0.3101,0.0671
c2_53,1,1789032717.72129,5,4.6215,0.3101,0.0671
c2_53,1,1789032717.9412901,5,4.6215,0.3101,0.0671
c2_53,1,1789032718.1612902,5,4.6215,0.3101,0.0671
c2_53,1,1789032718.3812902,5,4.6215,0.3101,0.0671
c2_53,1,1789032718.6012902,5,4.6215,0.3101,0.0671
c2_53,1,1789032718.8212903,5,4.6215,0.3101,0.0671
c2_53,1,1789032719.0412903,5,4.6215,0.3101,0.0671
c2_53,1,1789032719.2612903,5,4.6215,0.3101,0.0671
c2_53,1,1789032719.4812903,5,4.6215,0.3101,0.0671
c2_53,1,1789032719.7012904,5,4.6215,0.3101,0.0671
c2_53,1,1789032719.9212904,5,4.6215,0.3101,0.0671
c2_53,1,1789032720.1412904,6,4.5503,0.3118,0.0685
c2_53,1,1789032720.3612905,6,4.5503,0.3118,0.0685
c2_53,1,1789032720.5812905,6,4.5503,0.3118,0.0685
c2_53,1,1789032720.8012905,6,4.5503,0.3118,0.0685
c2_53,1,1789032721.0212905,6,4.5503,0.3118,0.0685
c2_53,1,1789032721.2412906,6,4.5503,0.3118,0.0685
c2_53,1,1789032721.4612906,6,4.5503,0.3118,0.0685
c2_53,1,1789032721.6812906,6,4.5503,0.3118,0.0685
c2_53,1,1789032721.9012907,6,4.5503,0.3118,0.0685
c2_53,1,1789032722.1212907,6,4.5503,0.3118,0.0685
c2_53,1,1789032722.3412907,6,4.5503,0.3118,0.0685
c2_53,1,1789032722.5612907,6,4.5503,0.3118,0.0685
c2_53,1,1789032722.7812908,6,4.5503,0.3118,0.0685
c2_53,1,1789032723.0012908,6,4.5503,0.3118,0.0685
c2_53,1,1789032723.2212908,6,4.5503,0.3118,0.0685
c2_53,1,1789032723.4412909,6,4.5503,0.3118,0.0685
c2_53,1,1789032723.661291,6,4.5503,0.3118,0.0685
c2_53,1,1789032723.881291,6,4.5503,0.3118,0.0685
c2_53,1,1789032724.101291,6,4.5503,0.3118,0.0685
c2_53,1,1789032724.321291,7,4.5071,0.3006,0.0667
c2_53,1,1789032724.541291,7,4.5071,0.3006,0.0667
c2_53,1,1789032724.761291,7,4.5071,0.3006,0.0667
c2_53,1,1789032724.981291,7,4.5071,0.3006,0.0667
c2_53,1,1789032725.201291,7,4.5071,0.3006,0.0667
c2_53,1,1789032725.421291,7,4.5071,0.3006,0.0667
c2_53,1,1789032725.6412911,7,4.5071,0.3006,0.0667
c2_53,1,1789032725.8612912,7,4.5071,0.3006,0.0667
c2_53,1,1789032726.0812912,7,4.5071,0.3006,0.0667
c2_53,1,1789032726.3012912,7,4.5071,0.3006,0.0667
c2_53,1,1789032726.5212913,7,4.5071,0.3006,0.0667
c2_53,1,1789032726.7412913,7,4.5071,0.3006,0.0667
c2_53,1,1789032726.9612913,7,4.5071,0.3006,0.0667
c2_53,1,1789032727.1812913,7,4.5071,0.3006,0.0667
c2_53,1,1789032727.4012914,7,4.5071,0.3006,0.0667
c2_53,1,1789032727.6212914,7,4.5071,0.3006,0.0667
c2_53,1,1789032727.8412914,7,4.5071,0.3006,0.0667
c2_53,1,1789032728.0612915,7,4.5071,0.3006,0.0667
c2_53,1,1789032728.2812915,7,4.5071,0.3006,0.0667
c2_53,1,1789032728.5012915,7,4.5071,0.3006,0.0667
c2_53,1,1789032728.7212915,7,4.5071,0.3006,0.0667
c2_53,1,1789032728.9412916,7,4.5071,0.3006,0.0667
c2_53,1,1789032729.1612916,7,4.5071,0.3006,0.0667
c2_53,1,1789032729.3812916,7,4.5071,0.3006,0.0667
c2_53,1,1789032729.6012917,8,4.5972,0.3551,0.0772
c2_53,1,1789032729.8212917,8,4.5972,0.3551,0.0772
c2_53,1,1789032730.0412917,8,4.5972,0.3551,0.0772
c2_53,1,1789032730.2612917,8,4.5972,0.3551,0.0772
c2_53,1,1789032730.4812918,8,4.5972,0.3551,0.0772
c2_53,1,1789032730.7012918,8,4.5972,0.3551,0.0772
c2_53,1,1789032730.9212918,8,4.5972,0.3551,0.0772
c2_53,1,1789032731.1412919,8,4.5972,0.3551,0.0772
c2_53,1,1789032731.361292,8,4.5972,0.3551,0.0772
c2_53,1,1789032731.581292,8,4.5972,0.3551,0.0772
c2_53,1,1789032731.801292,8,4.5972,0.3551,0.0772
c2_53,1,1789032732.021292,8,4.5972,0.3551,0.0772
c2_53,1,1789032732.241292,8,4.5972,0.3551,0.0772
c2_53,1,1789032732.461292,8,4.5972,0.3551,0.0772
c2_53,1,1789032732.681292,8,4.5972,0.3551,0.0772
c2_53,1,1789032732.901292,8,4.5972,0.3551,0.0772
c2_53,1,1789032733.121292,8,4.5972,0.3551,0.0772
c2_53,1,1789032733.3412921,8,4.5972,0.3551,0.0772
c2_53,1,1789032733.5612922,8,4.5972,0.3551,0.0772
c2_53,1,1789032733.7812922,8,4.5972,0.3551,0.0772
c2_53,1,1789032734.0012922,9,4.5866,0.3333,0.0727
c2_53,1,1789032734.2212923,9,4.5866,0.3333,0.0727
c2_53,1,1789032734.4412923,9,4.5866,0.3333,0.0727
c2_53,1,1789032734.6612923,9,4.5866,0.3333,0.0727
c2_53,1,1789032734.8812923,9,4.5866,0.3333,0.0727
c2_53,1,1789032735.1012924,9,4.5866,0.3333,0.0727
c2_53,1,1789032735.3212924,9,4.5866,0.3333,0.0727
c2_53,1,1789032735.5412924,9,4.5866,0.3333,0.0727
c2_53,1,1789032735.7612925,9,4.5866,0.3333,0.0727
c2_53,1,1789032735.9812925,9,4.5866,0.3333,0.0727
c2_53,1,1789032736.2012925,9,4.5866,0.3333,0.0727
c2_53,1,1789032736.4212925,9,4.5866,0.3333,0.0727
c2_53,1,1789032736.6412926,9,4.5866,0.3333,0.0727
c2_53,1,1789032736.8612926,9,4.5866,0.3333,0.0727
c2_53,1,1789032737.0812926,9,4.5866,0.3333,0.0727
c2_53,1,1789032737.3012927,9,4.5866,0.3333,0.0727
c2_53,1,1789032737.5212927,9,4.5866,0.3333,0.0727
c2_53,1,1789032737.7412927,9,4.5866,0.3333,0.0727
c2_53,1,1789032737.9612927,9,4.5866,0.3333,0.0727
c2_53,1,1789032738.1812928,9,4.5866,0.3333,0.0727
c2_53,1,1789032738.4012928,10,4.5761,0.3157,0.069
c2_53,1,1789032738.6212928,10,4.5761,0.3157,0.069
c2_53,1,1789032738.8412929,10,4.5761,0.3157,0.069
c2_53,1,1789032739.061293,10,4.5761,0.3157,0.069
c2_53,1,1789032739.281293,10,4.5761,0.3157,0.069
c2_53,1,1789032739.501293,10,4.5761,0.3157,0.069
c2_53,1,1789032739.721293,10,4.5761,0.3157,0.069
c2_53,1,1789032739.941293,10,4.5761,0.3157,0.069
c2_53,1,1789032740.161293,10,4.5761,0.3157,0.069
c2_53,1,1789032740.381293,10,4.5761,0.3157,0.069
c2_53,1,1789032740.601293,10,4.5761,0.3157,0.069
c2_53,1,1789032740.821293,10,4.5761,0.3157,0.069
c2_53,1,1789032741.0412931,10,4.5761,0.3157,0.069
c2_53,1,1789032741.2612932,10,4.5761,0.3157,0.069
c2_53,1,1789032741.4812932,10,4.5761,0.3157,0.069
c2_53,1,1789032741.7012932,10,4.5761,0.3157,0.069
c2_53,1,1789032741.9212933,10,4.5761,0.3157,0.069
c2_53,1,1789032742.1412933,10,4.5761,0.3157,0.069
c2_53,1,1789032742.3612933,10,4.5761,0.3157,0.069
c2_53,1,1789032742.5812933,10,4.5761,0.3157,0.069
c2_53,1,1789032742.8012934,10,4.5761,0.3157,0.069
c2_53,1,1789032743.0212934,10,4.5761,0.3157,0.069
c2_53,1,1789032743.2412934,10,4.5761,0.3157,0.069
c2_53,1,1789032743.4612935,11,4.6168,0.3235,0.0701
c2_53,1,1789032743.6812935,11,4.6168,0.3235,0.0701
c2_53,1,1789032743.9012935,11,4.6168,0.3235,0.0701
c2_53,1,1789032744.1212935,11,4.6168,0.3235,0.0701
c2_53,1,1789032744.3412936,11,4.6168,0.3235,0.0701
c2_53,1,1789032744.5612936,11,4.6168,0.3235,0.0701
c2_53,1,1789032744.7812936,11,4.6168,0.3235,0.0701
c2_53,1,1789032745.0012937,11,4.6168,0.3235,0.0701
c2_53,1,1789032745.2212937,11,4.6168,0.3235,0.0701
c2_53,1,1789032745.4412937,11,4.6168,0.3235,0.0701
c2_53,1,1789032745.6612937,11,4.6168,0.3235,0.0701
c2_53,1,1789032745.8812938,11,4.6168,0.3235,0.0701
c2_53,1,1789032746.1012938,11,4.6168,0.3235,0.0701
c2_53,1,1789032746.3212938,11,4.6168,0.3235,0.0701
c2_53,1,1789032746.5412939,11,4.6168,0.3235,0.0701
c2_53,1,1789032746.761294,11,4.6168,0.3235,0.0701
c2_53,1,1789032746.981294,11,4.6168,0.3235,0.0701
c2_53,1,1789032747.201294,11,4.6168,0.3235,0.0701
c2_53,1,1789032747.421294,11,4.6168,0.3235,0.0701
c2_53,1,1789032747.641294,11,4.6168,0.3235,0.0701
c2_53,1,1789032747.861294,11,4.6168,0.3235,0.0701
c2_53,1,1789032748.081294,12,4.6172,0.3084,0.0668
c2_53,1,1789032748.301294,12,4.6172,0.3084,0.0668
c2_53,1,1789032748.521294,12,4.6172,0.3084,0.0668
c2_53,1,1789032748.7412941,12,4.6172,0.3084,0.0668
c2_53,1,1789032748.9612942,12,4.6172,0.3084,0.0668
c2_53,1,1789032749.1812942,12,4.6172,0.3084,0.0668
c2_53,1,1789032749.4012942,12,4.6172,0.3084,0.0668
c2_53,1,1789032749.6212943,12,4.6172,0.3084,0.0668
c2_53,1,1789032749.8412943,12,4.6172,0.3084,0.0668
c2_53,1,1789032750.0612943,12,4.6172,0.3084,0.0668
c2_53,1,1789032750.2812943,12,4.6172,0.3084,0.0668
c2_53,1,1789032750.5012944,12,4.6172,0.3084,0.0668
c2_53,1,1789032750.7212944,12,4.6172,0.3084,0.0668
c2_53,1,1789032750.9412944,12,4.6172,0.3084,0.0668
c2_53,1,1789032751.1612945,12,4.6172,0.3084,0.0668
c2_53,1,1789032751.3812945,12,4.6172,0.3084,0.0668
c2_53,1,1789032751.6012945,12,4.6172,0.3084,0.0668
c2_53,1,1789032751.8212945,12,4.6172,0.3084,0.0668
c2_53,1,1789032752.0412946,12,4.6172,0.3084,0.0668
benign_54,0,1789032764.3611367,3,3.4296,1.162,0.3388
benign_54,0,1789032764.5811367,3,3.4296,1.162,0.3388
benign_54,0,1789032764.8011367,3,3.4296,1.162,0.3388
benign_54,0,1789032765.0211368,3,3.4296,1.162,0.3388
benign_54,0,1789032765.2411368,3,3.4296,1.162,0.3388
benign_54,0,1789032765.4611368,3,3.4296,1.162,0.3388
benign_54,0,1789032765.6811368,3,3.4296,1.162,0.3388
benign_54,0,1789032765.9011369,3,3.4296,1.162,0.3388
benign_54,0,1789032766.121137,3,3.4296,1.162,0.3388
benign_54,0,1789032766.341137,3,3.4296,1.162,0.3388
benign_54,0,1789032766.561137,3,3.4296,1.162,0.3388
benign_54,0,1789032766.781137,3,3.4296,1.162,0.3388
benign_54,0,1789032767.001137,3,3.4296,1.162,0.3388
benign_54,0,1789032767.221137,4,3.2351,0.9879,0.3054
benign_54,0,1789032767.441137,4,3.2351,0.9879,0.3054
benign_54,0,1789032767.661137,4,3.2351,0.9879,0.3054
benign_54,0,1789032767.8811371,4,3.2351,0.9879,0.3054
benign_54,0,1789032768.1011372,4,3.2351,0.9879,0.3054
benign_54,0,1789032768.3211372,4,3.2351,0.9879,0.3054
benign_54,0,1789032768.5411372,4,3.2351,0.9879,0.3054
benign_54,0,1789032768.7611372,4,3.2351,0.9879,0.3054
benign_54,0,1789032768.9811373,4,3.2351,0.9879,0.3054
benign_54,0,1789032769.2011373,4,3.2351,0.9879,0.3054
benign_54,0,1789032769.4211373,4,3.2351,0.9879,0.3054
benign_54,0,1789032769.6411374,4,3.2351,0.9879,0.3054
benign_54,0,1789032769.8611374,4,3.2351,0.9879,0.3054
benign_54,0,1789032770.0811374,4,3.2351,0.9879,0.3054
benign_54,0,1789032770.3011374,4,3.2351,0.9879,0.3054
benign_54,0,1789032770.5211375,4,3.2351,0.9879,0.3054
benign_54,0,1789032770.7411375,4,3.2351,0.9879,0.3054
benign_54,0,1789032770.9611375,4,3.2351,0.9879,0.3054
benign_54,0,1789032771.1811376,4,3.2351,0.9879,0.3054
benign_54,0,1789032771.4011376,4,3.2351,0.9879,0.3054
benign_54,0,1789032771.6211376,4,3.2351,0.9879,0.3054
benign_54,0,1789032771.8411376,4,3.2351,0.9879,0.3054
benign_54,0,1789032772.0611377,4,3.2351,0.9879,0.3054
benign_54,0,1789032772.2811377,4,3.2351,0.9879,0.3054
benign_54,0,1789032772.5011377,4,3.2351,0.9879,0.3054
benign_54,0,1789032772.7211378,4,3.2351,0.9879,0.3054
benign_54,0,1789032772.9411378,4,3.2351,0.9879,0.3054
benign_54,0,1789032773.1611378,4,3.2351,0.9879,0.3054
benign_54,0,1789032773.3811378,4,3.2351,0.9879,0.3054
benign_54,0,1789032773.6011379,4,3.2351,0.9879,0.3054
benign_54,0,1789032773.821138,4,3.2351,0.9879,0.3054
benign_54,0,1789032774.041138,4,3.2351,0.9879,0.3054
benign_54,0,1789032774.261138,4,3.2351,0.9879,0.3054
benign_54,0,1789032774.481138,4,3.2351,0.9879,0.3054
benign_54,0,1789032774.701138,4,3.2351,0.9879,0.3054
benign_54,0,1789032774.921138,4,3.2351,0.9879,0.3054
benign_54,0,1789032775.141138,4,3.2351,0.9879,0.3054
benign_54,0,1789032775.361138,4,3.2351,0.9879,0.3054
benign_54,0,1789032775.5811381,4,3.2351,0.9879,0.3054
benign_54,0,1789032775.8011382,4,3.2351,0.9879,0.3054
benign_54,0,1789032776.0211382,4,3.2351,0.9879,0.3054
benign_54,0,1789032776.2411382,4,3.2351,0.9879,0.3054
benign_54,0,1789032776.4611382,4,3.2351,0.9879,0.3054
benign_54,0,1789032776.6811383,4,3.2351,0.9879,0.3054
benign_54,0,1789032776.9011383,4,3.2351,0.9879,0.3054
benign_54,0,1789032777.1211383,4,3.2351,0.9879,0.3054
benign_54,0,1789032777.3411384,4,3.2351,0.9879,0.3054
benign_54,0,1789032777.5611384,4,3.2351,0.9879,0.3054
benign_54,0,1789032777.7811384,4,3.2351,0.9879,0.3054
benign_54,0,1789032778.0011384,4,3.2351,0.9879,0.3054
benign_54,0,1789032778.2211385,4,3.2351,0.9879,0.3054
benign_54,0,1789032778.4411385,4,3.2351,0.9879,0.3054
benign_54,0,1789032778.6611385,4,3.2351,0.9879,0.3054
benign_54,0,1789032778.8811386,4,3.2351,0.9879,0.3054
benign_54,0,1789032779.1011386,4,3.2351,0.9879,0.3054
benign_54,0,1789032779.3211386,4,3.2351,0.9879,0.3054
benign_54,0,1789032779.5411386,4,3.2351,0.9879,0.3054
benign_54,0,1789032779.7611387,4,3.2351,0.9879,0.3054
benign_54,0,1789032779.9811387,4,3.2351,0.9879,0.3054
benign_54,0,1789032780.2011387,4,3.2351,0.9879,0.3054
benign_54,0,1789032780.4211388,4,3.2351,0.9879,0.3054
benign_54,0,1789032780.6411388,4,3.2351,0.9879,0.3054
benign_54,0,1789032780.8611388,4,3.2351,0.9879,0.3054
benign_54,0,1789032781.0811388,4,3.2351,0.9879,0.3054
benign_54,0,1789032781.3011389,4,3.2351,0.9879,0.3054
benign_54,0,1789032781.521139,4,3.2351,0.9879,0.3054
benign_54,0,1789032781.741139,4,3.2351,0.9879,0.3054
benign_54,0,1789032781.961139,4,3.2351,0.9879,0.3054
benign_54,0,1789032782.181139,4,3.2351,0.9879,0.3054
benign_54,0,1789032782.401139,4,3.2351,0.9879,0.3054
benign_54,0,1789032782.621139,4,3.2351,0.9879,0.3054
benign_54,0,1789032782.841139,4,3.2351,0.9879,0.3054
benign_54,0,1789032783.061139,4,3.2351,0.9879,0.3054
benign_54,0,1789032783.2811391,4,3.2351,0.9879,0.3054
benign_54,0,1789032783.5011392,4,3.2351,0.9879,0.3054
benign_54,0,1789032783.7211392,4,3.2351,0.9879,0.3054
benign_54,0,1789032783.9411392,4,3.2351,0.9879,0.3054
benign_54,0,1789032784.1611392,4,3.2351,0.9879,0.3054
benign_54,0,1789032784.3811393,4,3.2351,0.9879,0.3054
benign_54,0,1789032784.6011393,4,3.2351,0.9879,0.3054
c2_54,1,1789032795.1006618,3,3.0835,0.0877,0.0285
c2_54,1,1789032795.3206618,3,3.0835,0.0877,0.0285
c2_54,1,1789032795.5406618,3,3.0835,0.0877,0.0285
c2_54,1,1789032795.7606618,3,3.0835,0.0877,0.0285
c2_54,1,1789032795.9806619,3,3.0835,0.0877,0.0285
c2_54,1,1789032796.200662,3,3.0835,0.0877,0.0285
c2_54,1,1789032796.420662,3,3.0835,0.0877,0.0285
c2_54,1,1789032796.640662,3,3.0835,0.0877,0.0285
c2_54,1,1789032796.860662,3,3.0835,0.0877,0.0285
c2_54,1,1789032797.080662,3,3.0835,0.0877,0.0285
c2_54,1,1789032797.300662,3,3.0835,0.0877,0.0285
c2_54,1,1789032797.520662,3,3.0835,0.0877,0.0285
c2_54,1,1789032797.740662,3,3.0835,0.0877,0.0285
c2_54,1,1789032797.9606621,3,3.0835,0.0877,0.0285
c2_54,1,1789032798.1806622,3,3.0835,0.0877,0.0285
c2_54,1,1789032798.4006622,3,3.0835,0.0877,0.0285
c2_54,1,1789032798.6206622,3,3.0835,0.0877,0.0285
c2_54,1,1789032798.8406622,3,3.0835,0.0877,0.0285
c2_54,1,1789032799.0606623,4,3.3367,0.3651,0.1094
c2_54,1,1789032799.2806623,4,3.3367,0.3651,0.1094
c2_54,1,1789032799.5006623,4,3.3367,0.3651,0.1094
c2_54,1,1789032799.7206624,4,3.3367,0.3651,0.1094
c2_54,1,1789032799.9406624,4,3.3367,0.3651,0.1094
c2_54,1,1789032800.1606624,4,3.3367,0.3651,0.1094
c2_54,1,1789032800.3806624,4,3.3367,0.3651,0.1094
c2_54,1,1789032800.6006625,4,3.3367,0.3651,0.1094
c2_54,1,1789032800.8206625,4,3.3367,0.3651,0.1094
c2_54,1,1789032801.0406625,4,3.3367,0.3651,0.1094
c2_54,1,1789032801.2606626,4,3.3367,0.3651,0.1094
c2_54,1,1789032801.4806626,4,3.3367,0.3651,0.1094
c2_54,1,1789032801.7006626,4,3.3367,0.3651,0.1094
c2_54,1,1789032801.9206626,4,3.3367,0.3651,0.1094
c2_54,1,1789032802.1406627,4,3.3367,0.3651,0.1094
c2_54,1,1789032802.3606627,5,3.3401,0.3163,0.0947
c2_54,1,1789032802.5806627,5,3.3401,0.3163,0.0947
c2_54,1,1789032802.8006628,5,3.3401,0.3163,0.0947
c2_54,1,1789032803.0206628,5,3.3401,0.3163,0.0947
c2_54,1,1789032803.2406628,5,3.3401,0.3163,0.0947
c2_54,1,1789032803.4606628,5,3.3401,0.3163,0.0947
c2_54,1,1789032803.6806629,5,3.3401,0.3163,0.0947
c2_54,1,1789032803.900663,5,3.3401,0.3163,0.0947
c2_54,1,1789032804.120663,5,3.3401,0.3163,0.0947
c2_54,1,1789032804.340663,5,3.3401,0.3163,0.0947
c2_54,1,1789032804.560663,5,3.3401,0.3163,0.0947
c2_54,1,1789032804.780663,5,3.3401,0.3163,0.0947
c2_54,1,1789032805.000663,5,3.3401,0.3163,0.0947
c2_54,1,1789032805.220663,5,3.3401,0.3163,0.0947
c2_54,1,1789032805.440663,5,3.3401,0.3163,0.0947
c2_54,1,1789032805.6606631,5,3.3401,0.3163,0.0947
c2_54,1,1789032805.8806632,6,3.3798,0.2938,0.0869
c2_54,1,1789032806.1006632,6,3.3798,0.2938,0.0869
c2_54,1,1789032806.3206632,6,3.3798,0.2938,0.0869
c2_54,1,1789032806.5406632,6,3.3798,0.2938,0.0869
c2_54,1,1789032806.7606633,6,3.3798,0.2938,0.0869
c2_54,1,1789032806.9806633,6,3.3798,0.2938,0.0869
c2_54,1,1789032807.2006633,6,3.3798,0.2938,0.0869
c2_54,1,1789032807.4206634,6,3.3798,0.2938,0.0869
c2_54,1,1789032807.6406634,6,3.3798,0.2938,0.0869
c2_54,1,1789032807.8606634,6,3.3798,0.2938,0.0869
c2_54,1,1789032808.0806634,6,3.3798,0.2938,0.0869
c2_54,1,1789032808.3006635,6,3.3798,0.2938,0.0869
c2_54,1,1789032808.5206635,6,3.3798,0.2938,0.0869
c2_54,1,1789032808.7406635,6,3.3798,0.2938,0.0869
c2_54,1,1789032808.9606636,6,3.3798,0.2938,0.0869
c2_54,1,1789032809.1806636,6,3.3798,0.2938,0.0869
c2_54,1,1789032809.4006636,7,3.3898,0.2691,0.0794
c2_54,1,1789032809.6206636,7,3.3898,0.2691,0.0794
c2_54,1,1789032809.8406637,7,3.3898,0.2691,0.0794
c2_54,1,1789032810.0606637,7,3.3898,0.2691,0.0794
c2_54,1,1789032810.2806637,7,3.3898,0.2691,0.0794
c2_54,1,1789032810.5006638,7,3.3898,0.2691,0.0794
c2_54,1,1789032810.7206638,7,3.3898,0.2691,0.0794
c2_54,1,1789032810.9406638,7,3.3898,0.2691,0.0794
c2_54,1,1789032811.1606638,7,3.3898,0.2691,0.0794
c2_54,1,1789032811.3806639,7,3.3898,0.2691,0.0794
c2_54,1,1789032811.600664,7,3.3898,0.2691,0.0794
c2_54,1,1789032811.820664,7,3.3898,0.2691,0.0794
c2_54,1,1789032812.040664,7,3.3898,0.2691,0.0794
c2_54,1,1789032812.260664,7,3.3898,0.2691,0.0794
c2_54,1,1789032812.480664,7,3.3898,0.2691,0.0794
c2_54,1,1789032812.700664,7,3.3898,0.2691,0.0794
c2_54,1,1789032812.920664,7,3.3898,0.2691,0.0794
c2_54,1,1789032813.140664,8,3.4402,0.2781,0.0808
c2_54,1,1789032813.3606641,8,3.4402,0.2781,0.0808
c2_54,1,1789032813.5806642,8,3.4402,0.2781,0.0808
c2_54,1,1789032813.8006642,8,3.4402,0.2781,0.0808
c2_54,1,1789032814.0206642,8,3.4402,0.2781,0.0808
c2_54,1,1789032814.2406642,8,3.4402,0.2781,0.0808
c2_54,1,1789032814.4606643,8,3.4402,0.2781,0.0808
c2_54,1,1789032814.6806643,8,3.4402,0.2781,0.0808
c2_54,1,1789032814.9006643,8,3.4402,0.2781,0.0808
c2_54,1,1789032815.1206644,8,3.4402,0.2781,0.0808
c2_54,1,1789032815.3406644,8,3.4402,0.2781,0.0808
c2_54,1,1789032815.5606644,8,3.4402,0.2781,0.0808
c2_54,1,1789032815.7806644,8,3.4402,0.2781,0.0808
c2_54,1,1789032816.0006645,8,3.4402,0.2781,0.0808
c2_54,1,1789032816.2206645,8,3.4402,0.2781,0.0808
c2_54,1,1789032816.4406645,8,3.4402,0.2781,0.0808
c2_54,1,1789032816.6606646,8,3.4402,0.2781,0.0808
c2_54,1,1789032816.8806646,9,3.494,0.2965,0.0849
c2_54,1,1789032817.1006646,9,3.494,0.2965,0.0849
c2_54,1,1789032817.3206646,9,3.494,0.2965,0.0849
c2_54,1,1789032817.5406647,9,3.494,0.2965,0.0849
c2_54,1,1789032817.7606647,9,3.494,0.2965,0.0849
c2_54,1,1789032817.9806647,9,3.494,0.2965,0.0849
c2_54,1,1789032818.2006648,9,3.494,0.2965,0.0849
c2_54,1,1789032818.4206648,9,3.494,0.2965,0.0849
c2_54,1,1789032818.6406648,9,3.494,0.2965,0.0849
c2_54,1,1789032818.8606648,9,3.494,0.2965,0.0849
c2_54,1,1789032819.0806649,9,3.494,0.2965,0.0849
c2_54,1,1789032819.300665,9,3.494,0.2965,0.0849
c2_54,1,1789032819.520665,9,3.494,0.2965,0.0849
c2_54,1,1789032819.740665,9,3.494,0.2965,0.0849
c2_54,1,1789032819.960665,9,3.494,0.2965,0.0849
c2_54,1,1789032820.180665,10,3.4721,0.2863,0.0825
c2_54,1,1789032820.400665,10,3.4721,0.2863,0.0825
c2_54,1,1789032820.620665,10,3.4721,0.2863,0.0825
c2_54,1,1789032820.840665,10,3.4721,0.2863,0.0825
c2_54,1,1789032821.0606651,10,3.4721,0.2863,0.0825
c2_54,1,1789032821.2806652,10,3.4721,0.2863,0.0825
c2_54,1,1789032821.5006652,10,3.4721,0.2863,0.0825
c2_54,1,1789032821.7206652,10,3.4721,0.2863,0.0825
c2_54,1,1789032821.9406652,10,3.4721,0.2863,0.0825
c2_54,1,1789032822.1606653,10,3.4721,0.2863,0.0825
c2_54,1,1789032822.3806653,10,3.4721,0.2863,0.0825
c2_54,1,1789032822.6006653,10,3.4721,0.2863,0.0825
c2_54,1,1789032822.8206654,10,3.4721,0.2863,0.0825
c2_54,1,1789032823.0406654,10,3.4721,0.2863,0.0825
c2_54,1,1789032823.2606654,11,3.429,0.3008,0.0877
c2_54,1,1789032823.4806654,11,3.429,0.3008,0.0877
c2_54,1,1789032823.7006655,11,3.429,0.3008,0.0877
c2_54,1,1789032823.9206655,11,3.429,0.3008,0.0877
c2_54,1,1789032824.1406655,11,3.429,0.3008,0.0877
c2_54,1,1789032824.3606656,11,3.429,0.3008,0.0877
c2_54,1,1789032824.5806656,11,3.429,0.3008,0.0877
c2_54,1,1789032824.8006656,11,3.429,0.3008,0.0877
c2_54,1,1789032825.0206656,11,3.429,0.3008,0.0877
c2_54,1,1789032825.2406657,11,3.429,0.3008,0.0877
c2_54,1,1789032825.4606657,11,3.429,0.3008,0.0877
c2_54,1,1789032825.6806657,11,3.429,0.3008,0.0877
c2_54,1,1789032825.9006658,11,3.429,0.3008,0.0877
c2_54,1,1789032826.1206658,11,3.429,0.3008,0.0877
c2_54,1,1789032826.3406658,11,3.429,0.3008,0.0877
c2_54,1,1789032826.5606658,11,3.429,0.3008,0.0877
c2_54,1,1789032826.7806659,12,3.4366,0.2878,0.0838
c2_54,1,1789032827.000666,12,3.4366,0.2878,0.0838
c2_54,1,1789032827.220666,12,3.4366,0.2878,0.0838
c2_54,1,1789032827.440666,12,3.4366,0.2878,0.0838
c2_54,1,1789032827.660666,12,3.4366,0.2878,0.0838
c2_54,1,1789032827.880666,12,3.4366,0.2878,0.0838
c2_54,1,1789032828.100666,12,3.4366,0.2878,0.0838
c2_54,1,1789032828.320666,12,3.4366,0.2878,0.0838
c2_54,1,1789032828.540666,12,3.4366,0.2878,0.0838
c2_54,1,1789032828.7606661,12,3.4366,0.2878,0.0838
c2_54,1,1789032828.9806662,12,3.4366,0.2878,0.0838
c2_54,1,1789032829.2006662,12,3.4366,0.2878,0.0838
c2_54,1,1789032829.4206662,12,3.4366,0.2878,0.0838
c2_54,1,1789032829.6406662,12,3.4366,0.2878,0.0838
c2_54,1,1789032829.8606663,12,3.4366,0.2878,0.0838
c2_54,1,1789032830.0806663,13,3.4332,0.2758,0.0803
c2_54,1,1789032830.3006663,13,3.4332,0.2758,0.0803
c2_54,1,1789032830.5206664,13,3.4332,0.2758,0.0803
c2_54,1,1789032830.7406664,13,3.4332,0.2758,0.0803
c2_54,1,1789032830.9606664,13,3.4332,0.2758,0.0803
c2_54,1,1789032831.1806664,13,3.4332,0.2758,0.0803
c2_54,1,1789032831.4006665,13,3.4332,0.2758,0.0803
c2_54,1,1789032831.6206665,13,3.4332,0.2758,0.0803
c2_54,1,1789032831.8406665,13,3.4332,0.2758,0.0803
c2_54,1,1789032832.0606666,13,3.4332,0.2758,0.0803
c2_54,1,1789032832.2806666,13,3.4332,0.2758,0.0803
c2_54,1,1789032832.5006666,13,3.4332,0.2758,0.0803
c2_54,1,1789032832.7206666,13,3.4332,0.2758,0.0803
c2_54,1,1789032832.9406667,13,3.4332,0.2758,0.0803
benign_55,0,1789032844.1663435,3,4.5088,4.1861,0.9284
benign_55,0,1789032844.3863435,3,4.5088,4.1861,0.9284
benign_55,0,1789032844.6063435,3,4.5088,4.1861,0.9284
benign_55,0,1789032844.8263435,3,4.5088,4.1861,0.9284
benign_55,0,1789032845.0463436,3,4.5088,4.1861,0.9284
benign_55,0,1789032845.2663436,3,4.5088,4.1861,0.9284
benign_55,0,1789032845.4863436,3,4.5088,4.1861,0.9284
benign_55,0,1789032845.7063437,3,4.5088,4.1861,0.9284
benign_55,0,1789032845.9263437,3,4.5088,4.1861,0.9284
benign_55,0,1789032846.1463437,3,4.5088,4.1861,0.9284
benign_55,0,1789032846.3663437,3,4.5088,4.1861,0.9284
benign_55,0,1789032846.5863438,3,4.5088,4.1861,0.9284
benign_55,0,1789032846.8063438,3,4.5088,4.1861,0.9284
benign_55,0,1789032847.0263438,3,4.5088,4.1861,0.9284
benign_55,0,1789032847.2463439,3,4.5088,4.1861,0.9284
benign_55,0,1789032847.4663439,3,4.5088,4.1861,0.9284
benign_55,0,1789032847.686344,3,4.5088,4.1861,0.9284
benign_55,0,1789032847.906344,3,4.5088,4.1861,0.9284
benign_55,0,1789032848.126344,3,4.5088,4.1861,0.9284
benign_55,0,1789032848.346344,3,4.5088,4.1861,0.9284
benign_55,0,1789032848.566344,3,4.5088,4.1861,0.9284
benign_55,0,1789032848.786344,3,4.5088,4.1861,0.9284
benign_55,0,1789032849.006344,3,4.5088,4.1861,0.9284
benign_55,0,1789032849.226344,3,4.5088,4.1861,0.9284
benign_55,0,1789032849.4463441,3,4.5088,4.1861,0.9284
benign_55,0,1789032849.6663442,3,4.5088,4.1861,0.9284
benign_55,0,1789032849.8863442,3,4.5088,4.1861,0.9284
benign_55,0,1789032850.1063442,3,4.5088,4.1861,0.9284
benign_55,0,1789032850.3263443,3,4.5088,4.1861,0.9284
benign_55,0,1789032850.5463443,3,4.5088,4.1861,0.9284
benign_55,0,1789032850.7663443,3,4.5088,4.1861,0.9284
benign_55,0,1789032850.9863443,4,5.2788,3.5872,0.6795
benign_55,0,1789032851.2063444,4,5.2788,3.5872,0.6795
benign_55,0,1789032851.4263444,4,5.2788,3.5872,0.6795
benign_55,0,1789032851.6463444,4,5.2788,3.5872,0.6795
benign_55,0,1789032851.8663445,4,5.2788,3.5872,0.6795
benign_55,0,1789032852.0863445,5,4.2355,3.5939,0.8485
benign_55,0,1789032852.3063445,5,4.2355,3.5939,0.8485
benign_55,0,1789032852.5263445,5,4.2355,3.5939,0.8485
benign_55,0,1789032852.7463446,5,4.2355,3.5939,0.8485
benign_55,0,1789032852.9663446,5,4.2355,3.5939,0.8485
benign_55,0,1789032853.1863446,5,4.2355,3.5939,0.8485
benign_55,0,1789032853.4063447,5,4.2355,3.5939,0.8485
benign_55,0,1789032853.6263447,5,4.2355,3.5939,0.8485
benign_55,0,1789032853.8463447,5,4.2355,3.5939,0.8485
benign_55,0,1789032854.0663447,5,4.2355,3.5939,0.8485
benign_55,0,1789032854.2863448,5,4.2355,3.5939,0.8485
benign_55,0,1789032854.5063448,6,3.9,3.2838,0.842
benign_55,0,1789032854.7263448,6,3.9,3.2838,0.842
benign_55,0,1789032854.9463449,6,3.9,3.2838,0.842
benign_55,0,1789032855.166345,6,3.9,3.2838,0.842
benign_55,0,1789032855.386345,6,3.9,3.2838,0.842
benign_55,0,1789032855.606345,6,3.9,3.2838,0.842
benign_55,0,1789032855.826345,6,3.9,3.2838,0.842
benign_55,0,1789032856.046345,6,3.9,3.2838,0.842
benign_55,0,1789032856.266345,6,3.9,3.2838,0.842
benign_55,0,1789032856.486345,6,3.9,3.2838,0.842
benign_55,0,1789032856.706345,6,3.9,3.2838,0.842
benign_55,0,1789032856.926345,6,3.9,3.2838,0.842
benign_55,0,1789032857.1463451,6,3.9,3.2838,0.842
benign_55,0,1789032857.3663452,6,3.9,3.2838,0.842
benign_55,0,1789032857.5863452,6,3.9,3.2838,0.842
benign_55,0,1789032857.8063452,6,3.9,3.2838,0.842
benign_55,0,1789032858.0263453,6,3.9,3.2838,0.842
benign_55,0,1789032858.2463453,6,3.9,3.2838,0.842
benign_55,0,1789032858.4663453,6,3.9,3.2838,0.842
c2_55,1,1789032871.864735,3,4.3813,0.0775,0.0177
c2_55,1,1789032872.084735,3,4.3813,0.0775,0.0177
c2_55,1,1789032872.304735,3,4.3813,0.0775,0.0177
c2_55,1,1789032872.524735,3,4.3813,0.0775,0.0177
c2_55,1,1789032872.744735,3,4.3813,0.0775,0.0177
c2_55,1,1789032872.964735,3,4.3813,0.0775,0.0177
c2_55,1,1789032873.184735,3,4.3813,0.0775,0.0177
c2_55,1,1789032873.404735,3,4.3813,0.0775,0.0177
c2_55,1,1789032873.624735,3,4.3813,0.0775,0.0177
c2_55,1,1789032873.8447351,3,4.3813,0.0775,0.0177
c2_55,1,1789032874.0647352,3,4.3813,0.0775,0.0177
c2_55,1,1789032874.2847352,3,4.3813,0.0775,0.0177
c2_55,1,1789032874.5047352,3,4.3813,0.0775,0.0177
c2_55,1,1789032874.7247353,3,4.3813,0.0775,0.0177
c2_55,1,1789032874.9447353,3,4.3813,0.0775,0.0177
c2_55,1,1789032875.1647353,3,4.3813,0.0775,0.0177
c2_55,1,1789032875.3847353,3,4.3813,0.0775,0.0177
c2_55,1,1789032875.6047354,3,4.3813,0.0775,0.0177
c2_55,1,1789032875.8247354,3,4.3813,0.0775,0.0177
c2_55,1,1789032876.0447354,3,4.3813,0.0775,0.0177
c2_55,1,1789032876.2647355,3,4.3813,0.0775,0.0177
c2_55,1,1789032876.4847355,3,4.3813,0.0775,0.0177
c2_55,1,1789032876.7047355,4,4.5017,0.1815,0.0403
c2_55,1,1789032876.9247355,4,4.5017,0.1815,0.0403
c2_55,1,1789032877.1447356,4,4.5017,0.1815,0.0403
c2_55,1,1789032877.3647356,4,4.5017,0.1815,0.0403
c2_55,1,1789032877.5847356,4,4.5017,0.1815,0.0403
c2_55,1,1789032877.8047357,4,4.5017,0.1815,0.0403
c2_55,1,1789032878.0247357,4,4.5017,0.1815,0.0403
c2_55,1,1789032878.2447357,4,4.5017,0.1815,0.0403
c2_55,1,1789032878.4647357,4,4.5017,0.1815,0.0403
c2_55,1,1789032878.6847358,4,4.5017,0.1815,0.0403
c2_55,1,1789032878.9047358,4,4.5017,0.1815,0.0403
c2_55,1,1789032879.1247358,4,4.5017,0.1815,0.0403
c2_55,1,1789032879.3447359,4,4.5017,0.1815,0.0403
c2_55,1,1789032879.564736,4,4.5017,0.1815,0.0403
c2_55,1,1789032879.784736,4,4.5017,0.1815,0.0403
c2_55,1,1789032880.004736,4,4.5017,0.1815,0.0403
c2_55,1,1789032880.224736,4,4.5017,0.1815,0.0403
c2_55,1,1789032880.444736,4,4.5017,0.1815,0.0403
c2_55,1,1789032880.664736,4,4.5017,0.1815,0.0403
c2_55,1,1789032880.884736,4,4.5017,0.1815,0.0403
c2_55,1,1789032881.104736,4,4.5017,0.1815,0.0403
c2_55,1,1789032881.324736,5,4.5319,0.1657,0.0366
c2_55,1,1789032881.5447361,5,4.5319,0.1657,0.0366
c2_55,1,1789032881.7647362,5,4.5319,0.1657,0.0366
c2_55,1,1789032881.9847362,5,4.5319,0.1657,0.0366
c2_55,1,1789032882.2047362,5,4.5319,0.1657,0.0366
c2_55,1,1789032882.4247363,5,4.5319,0.1657,0.0366
c2_55,1,1789032882.6447363,5,4.5319,0.1657,0.0366
c2_55,1,1789032882.8647363,5,4.5319,0.1657,0.0366
c2_55,1,1789032883.0847363,5,4.5319,0.1657,0.0366
c2_55,1,1789032883.3047364,5,4.5319,0.1657,0.0366
c2_55,1,1789032883.5247364,5,4.5319,0.1657,0.0366
c2_55,1,1789032883.7447364,5,4.5319,0.1657,0.0366
c2_55,1,1789032883.9647365,5,4.5319,0.1657,0.0366
c2_55,1,1789032884.1847365,5,4.5319,0.1657,0.0366
c2_55,1,1789032884.4047365,5,4.5319,0.1657,0.0366
c2_55,1,1789032884.6247365,5,4.5319,0.1657,0.0366
c2_55,1,1789032884.8447366,5,4.5319,0.1657,0.0366
c2_55,1,1789032885.0647366,5,4.5319,0.1657,0.0366
c2_55,1,1789032885.2847366,5,4.5319,0.1657,0.0366
c2_55,1,1789032885.5047367,5,4.5319,0.1657,0.0366
c2_55,1,1789032885.7247367,5,4.5319,0.1657,0.0366
c2_55,1,1789032885.9447367,5,4.5319,0.1657,0.0366
c2_55,1,1789032886.1647367,6,4.624,0.2364,0.0511
c2_55,1,1789032886.3847368,6,4.624,0.2364,0.0511
c2_55,1,1789032886.6047368,6,4.624,0.2364,0.0511
c2_55,1,1789032886.8247368,6,4.624,0.2364,0.0511
c2_55,1,1789032887.0447369,6,4.624,0.2364,0.0511
c2_55,1,1789032887.264737,6,4.624,0.2364,0.0511
c2_55,1,1789032887.484737,6,4.624,0.2364,0.0511
c2_55,1,1789032887.704737,6,4.624,0.2364,0.0511
c2_55,1,1789032887.924737,6,4.624,0.2364,0.0511
c2_55,1,1789032888.144737,6,4.624,0.2364,0.0511
c2_55,1,1789032888.364737,6,4.624,0.2364,0.0511
c2_55,1,1789032888.584737,6,4.624,0.2364,0.0511
c2_55,1,1789032888.804737,6,4.624,0.2364,0.0511
c2_55,1,1789032889.0247371,6,4.624,0.2364,0.0511
c2_55,1,1789032889.2447371,6,4.624,0.2364,0.0511
c2_55,1,1789032889.4647372,6,4.624,0.2364,0.0511
c2_55,1,1789032889.6847372,6,4.624,0.2364,0.0511
c2_55,1,1789032889.9047372,6,4.624,0.2364,0.0511
c2_55,1,1789032890.1247373,6,4.624,0.2364,0.0511
c2_55,1,1789032890.3447373,6,4.624,0.2364,0.0511
c2_55,1,1789032890.5647373,6,4.624,0.2364,0.0511
c2_55,1,1789032890.7847373,6,4.624,0.2364,0.0511
c2_55,1,1789032891.0047374,7,4.6372,0.2178,0.047
c2_55,1,1789032891.2247374,7,4.6372,0.2178,0.047
c2_55,1,1789032891.4447374,7,4.6372,0.2178,0.047
c2_55,1,1789032891.6647375,7,4.6372,0.2178,0.047
c2_55,1,1789032891.8847375,7,4.6372,0.2178,0.047
c2_55,1,1789032892.1047375,7,4.6372,0.2178,0.047
c2_55,1,1789032892.3247375,7,4.6372,0.2178,0.047
c2_55,1,1789032892.5447376,7,4.6372,0.2178,0.047
c2_55,1,1789032892.7647376,7,4.6372,0.2178,0.047
c2_55,1,1789032892.9847376,7,4.6372,0.2178,0.047
c2_55,1,1789032893.2047377,7,4.6372,0.2178,0.047
c2_55,1,1789032893.4247377,7,4.6372,0.2178,0.047
c2_55,1,1789032893.6447377,7,4.6372,0.2178,0.047
c2_55,1,1789032893.8647377,7,4.6372,0.2178,0.047
c2_55,1,1789032894.0847378,7,4.6372,0.2178,0.047
c2_55,1,1789032894.3047378,7,4.6372,0.2178,0.047
c2_55,1,1789032894.5247378,7,4.6372,0.2178,0.047
c2_55,1,1789032894.7447379,7,4.6372,0.2178,0.047
c2_55,1,1789032894.964738,7,4.6372,0.2178,0.047
c2_55,1,1789032895.184738,7,4.6372,0.2178,0.047
c2_55,1,1789032895.404738,8,4.5996,0.2217,0.0482
c2_55,1,1789032895.624738,8,4.5996,0.2217,0.0482
c2_55,1,1789032895.844738,8,4.5996,0.2217,0.0482
c2_55,1,1789032896.064738,8,4.5996,0.2217,0.0482
c2_55,1,1789032896.284738,8,4.5996,0.2217,0.0482
c2_55,1,1789032896.504738,8,4.5996,0.2217,0.0482
c2_55,1,1789032896.7247381,8,4.5996,0.2217,0.0482
c2_55,1,1789032896.9447381,8,4.5996,0.2217,0.0482
c2_55,1,1789032897.1647382,8,4.5996,0.2217,0.0482
c2_55,1,1789032897.3847382,8,4.5996,0.2217,0.0482
c2_55,1,1789032897.6047382,8,4.5996,0.2217,0.0482
c2_55,1,1789032897.8247383,8,4.5996,0.2217,0.0482
c2_55,1,1789032898.0447383,8,4.5996,0.2217,0.0482
c2_55,1,1789032898.2647383,8,4.5996,0.2217,0.0482
c2_55,1,1789032898.4847383,8,4.5996,0.2217,0.0482
c2_55,1,1789032898.7047384,8,4.5996,0.2217,0.0482
c2_55,1,1789032898.9247384,8,4.5996,0.2217,0.0482
c2_55,1,1789032899.1447384,8,4.5996,0.2217,0.0482
c2_55,1,1789032899.3647385,8,4.5996,0.2217,0.0482
c2_55,1,1789032899.5847385,8,4.5996,0.2217,0.0482
c2_55,1,1789032899.8047385,9,4.5972,0.2075,0.0451
c2_55,1,1789032900.0247386,9,4.5972,0.2075,0.0451
c2_55,1,1789032900.2447386,9,4.5972,0.2075,0.0451
c2_55,1,1789032900.4647386,9,4.5972,0.2075,0.0451
c2_55,1,1789032900.6847386,9,4.5972,0.2075,0.0451
c2_55,1,1789032900.9047387,9,4.5972,0.2075,0.0451
c2_55,1,1789032901.1247387,9,4.5972,0.2075,0.0451
c2_55,1,1789032901.3447387,9,4.5972,0.2075,0.0451
c2_55,1,1789032901.5647388,9,4.5972,0.2075,0.0451
c2_55,1,1789032901.7847388,9,4.5972,0.2075,0.0451
c2_55,1,1789032902.0047388,9,4.5972,0.2075,0.0451
c2_55,1,1789032902.2247388,9,4.5972,0.2075,0.0451
c2_55,1,1789032902.4447389,9,4.5972,0.2075,0.0451
c2_55,1,1789032902.664739,9,4.5972,0.2075,0.0451
c2_55,1,1789032902.884739,9,4.5972,0.2075,0.0451
c2_55,1,1789032903.104739,9,4.5972,0.2075,0.0451
c2_55,1,1789032903.324739,9,4.5972,0.2075,0.0451
c2_55,1,1789032903.544739,9,4.5972,0.2075,0.0451
c2_55,1,1789032903.764739,9,4.5972,0.2075,0.0451
c2_55,1,1789032903.984739,10,4.5406,0.2528,0.0557
c2_55,1,1789032904.204739,10,4.5406,0.2528,0.0557
c2_55,1,1789032904.4247391,10,4.5406,0.2528,0.0557
c2_55,1,1789032904.6447392,10,4.5406,0.2528,0.0557
c2_55,1,1789032904.8647392,10,4.5406,0.2528,0.0557
c2_55,1,1789032905.0847392,10,4.5406,0.2528,0.0557
c2_55,1,1789032905.3047392,10,4.5406,0.2528,0.0557
c2_55,1,1789032905.5247393,10,4.5406,0.2528,0.0557
c2_55,1,1789032905.7447393,10,4.5406,0.2528,0.0557
c2_55,1,1789032905.9647393,10,4.5406,0.2528,0.0557
c2_55,1,1789032906.1847394,10,4.5406,0.2528,0.0557
c2_55,1,1789032906.4047394,10,4.5406,0.2528,0.0557
c2_55,1,1789032906.6247394,10,4.5406,0.2528,0.0557
c2_55,1,1789032906.8447394,10,4.5406,0.2528,0.0557
c2_55,1,1789032907.0647395,10,4.5406,0.2528,0.0557
c2_55,1,1789032907.2847395,10,4.5406,0.2528,0.0557
c2_55,1,1789032907.5047395,10,4.5406,0.2528,0.0557
c2_55,1,1789032907.7247396,10,4.5406,0.2528,0.0557
c2_55,1,1789032907.9447396,10,4.5406,0.2528,0.0557
c2_55,1,1789032908.1647396,10,4.5406,0.2528,0.0557
c2_55,1,1789032908.3847396,11,4.5294,0.2422,0.0535
c2_55,1,1789032908.6047397,11,4.5294,0.2422,0.0535
c2_55,1,1789032908.8247397,11,4.5294,0.2422,0.0535
c2_55,1,1789032909.0447397,11,4.5294,0.2422,0.0535
c2_55,1,1789032909.2647398,11,4.5294,0.2422,0.0535
c2_55,1,1789032909.4847398,11,4.5294,0.2422,0.0535
c2_55,1,1789032909.7047398,11,4.5294,0.2422,0.0535
c2_55,1,1789032909.9247398,11,4.5294,0.2422,0.0535
c2_55,1,1789032910.1447399,11,4.5294,0.2422,0.0535
c2_55,1,1789032910.36474,11,4.5294,0.2422,0.0535
c2_55,1,1789032910.58474,11,4.5294,0.2422,0.0535
c2_55,1,1789032910.80474,11,4.5294,0.2422,0.0535
c2_55,1,1789032911.02474,11,4.5294,0.2422,0.0535
c2_55,1,1789032911.24474,11,4.5294,0.2422,0.0535
c2_55,1,1789032911.46474,11,4.5294,0.2422,0.0535
c2_55,1,1789032911.68474,11,4.5294,0.2422,0.0535
c2_55,1,1789032911.90474,11,4.5294,0.2422,0.0535
c2_55,1,1789032912.1247401,11,4.5294,0.2422,0.0535
c2_55,1,1789032912.3447402,11,4.5294,0.2422,0.0535
c2_55,1,1789032912.5647402,11,4.5294,0.2422,0.0535
c2_55,1,1789032912.7847402,11,4.5294,0.2422,0.0535
c2_55,1,1789032913.0047402,11,4.5294,0.2422,0.0535
c2_55,1,1789032913.2247403,11,4.5294,0.2422,0.0535
c2_55,1,1789032913.4447403,12,4.5722,0.2677,0.0586
c2_55,1,1789032913.6647403,12,4.5722,0.2677,0.0586
c2_55,1,1789032913.8847404,12,4.5722,0.2677,0.0586
c2_55,1,1789032914.1047404,12,4.5722,0.2677,0.0586
c2_55,1,1789032914.3247404,12,4.5722,0.2677,0.0586
c2_55,1,1789032914.5447404,12,4.5722,0.2677,0.0586
c2_55,1,1789032914.7647405,12,4.5722,0.2677,0.0586
c2_55,1,1789032914.9847405,12,4.5722,0.2677,0.0586
c2_55,1,1789032915.2047405,12,4.5722,0.2677,0.0586
c2_55,1,1789032915.4247406,12,4.5722,0.2677,0.0586
c2_55,1,1789032915.6447406,12,4.5722,0.2677,0.0586
c2_55,1,1789032915.8647406,12,4.5722,0.2677,0.0586
c2_55,1,1789032916.0847406,12,4.5722,0.2677,0.0586
c2_55,1,1789032916.3047407,12,4.5722,0.2677,0.0586
c2_55,1,1789032916.5247407,12,4.5722,0.2677,0.0586
c2_55,1,1789032916.7447407,12,4.5722,0.2677,0.0586
c2_55,1,1789032916.9647408,12,4.5722,0.2677,0.0586
c2_55,1,1789032917.1847408,13,4.513,0.3229,0.0715
c2_55,1,1789032917.4047408,13,4.513,0.3229,0.0715
c2_55,1,1789032917.6247408,13,4.513,0.3229,0.0715
c2_55,1,1789032917.8447409,13,4.513,0.3229,0.0715
c2_55,1,1789032918.064741,13,4.513,0.3229,0.0715
c2_55,1,1789032918.284741,13,4.513,0.3229,0.0715
c2_55,1,1789032918.504741,13,4.513,0.3229,0.0715
c2_55,1,1789032918.724741,13,4.513,0.3229,0.0715
c2_55,1,1789032918.944741,13,4.513,0.3229,0.0715
c2_55,1,1789032919.164741,13,4.513,0.3229,0.0715
c2_55,1,1789032919.384741,13,4.513,0.3229,0.0715
c2_55,1,1789032919.604741,13,4.513,0.3229,0.0715
c2_55,1,1789032919.8247411,13,4.513,0.3229,0.0715
c2_55,1,1789032920.0447412,13,4.513,0.3229,0.0715
c2_55,1,1789032920.2647412,13,4.513,0.3229,0.0715
c2_55,1,1789032920.4847412,13,4.513,0.3229,0.0715
c2_55,1,1789032920.7047412,13,4.513,0.3229,0.0715
c2_55,1,1789032920.9247413,13,4.513,0.3229,0.0715
benign_56,0,1789032929.2082882,3,1.4979,0.1448,0.0967
benign_56,0,1789032929.4282882,3,1.4979,0.1448,0.0967
benign_56,0,1789032929.6482882,3,1.4979,0.1448,0.0967
benign_56,0,1789032929.8682883,3,1.4979,0.1448,0.0967
benign_56,0,1789032930.0882883,3,1.4979,0.1448,0.0967
benign_56,0,1789032930.3082883,3,1.4979,0.1448,0.0967
benign_56,0,1789032930.5282884,3,1.4979,0.1448,0.0967
benign_56,0,1789032930.7482884,3,1.4979,0.1448,0.0967
benign_56,0,1789032930.9682884,3,1.4979,0.1448,0.0967
benign_56,0,1789032931.1882885,3,1.4979,0.1448,0.0967
benign_56,0,1789032931.4082885,3,1.4979,0.1448,0.0967
benign_56,0,1789032931.6282885,3,1.4979,0.1448,0.0967
benign_56,0,1789032931.8482885,3,1.4979,0.1448,0.0967
benign_56,0,1789032932.0682886,3,1.4979,0.1448,0.0967
benign_56,0,1789032932.2882886,3,1.4979,0.1448,0.0967
benign_56,0,1789032932.5082886,3,1.4979,0.1448,0.0967
benign_56,0,1789032932.7282887,3,1.4979,0.1448,0.0967
benign_56,0,1789032932.9482887,3,1.4979,0.1448,0.0967
benign_56,0,1789032933.1682887,3,1.4979,0.1448,0.0967
benign_56,0,1789032933.3882887,3,1.4979,0.1448,0.0967
benign_56,0,1789032933.6082888,3,1.4979,0.1448,0.0967
benign_56,0,1789032933.8282888,3,1.4979,0.1448,0.0967
benign_56,0,1789032934.0482888,3,1.4979,0.1448,0.0967
benign_56,0,1789032934.2682889,3,1.4979,0.1448,0.0967
benign_56,0,1789032934.4882889,4,2.7936,1.8362,0.6573
benign_56,0,1789032934.708289,4,2.7936,1.8362,0.6573
benign_56,0,1789032934.928289,4,2.7936,1.8362,0.6573
benign_56,0,1789032935.148289,4,2.7936,1.8362,0.6573
benign_56,0,1789032935.368289,4,2.7936,1.8362,0.6573
benign_56,0,1789032935.588289,4,2.7936,1.8362,0.6573
benign_56,0,1789032935.808289,4,2.7936,1.8362,0.6573
benign_56,0,1789032936.028289,4,2.7936,1.8362,0.6573
benign_56,0,1789032936.248289,4,2.7936,1.8362,0.6573
benign_56,0,1789032936.4682891,4,2.7936,1.8362,0.6573
benign_56,0,1789032936.6882892,4,2.7936,1.8362,0.6573
benign_56,0,1789032936.9082892,4,2.7936,1.8362,0.6573
benign_56,0,1789032937.1282892,4,2.7936,1.8362,0.6573
benign_56,0,1789032937.3482893,4,2.7936,1.8362,0.6573
benign_56,0,1789032937.5682893,4,2.7936,1.8362,0.6573
benign_56,0,1789032937.7882893,4,2.7936,1.8362,0.6573
benign_56,0,1789032938.0082893,4,2.7936,1.8362,0.6573
benign_56,0,1789032938.2282894,4,2.7936,1.8362,0.6573
benign_56,0,1789032938.4482894,4,2.7936,1.8362,0.6573
benign_56,0,1789032938.6682894,4,2.7936,1.8362,0.6573
benign_56,0,1789032938.8882895,4,2.7936,1.8362,0.6573
benign_56,0,1789032939.1082895,4,2.7936,1.8362,0.6573
benign_56,0,1789032939.3282895,4,2.7936,1.8362,0.6573
benign_56,0,1789032939.5482895,4,2.7936,1.8362,0.6573
benign_56,0,1789032939.7682896,4,2.7936,1.8362,0.6573
benign_56,0,1789032939.9882896,4,2.7936,1.8362,0.6573
benign_56,0,1789032940.2082896,4,2.7936,1.8362,0.6573
benign_56,0,1789032940.4282897,4,2.7936,1.8362,0.6573
benign_56,0,1789032940.6482897,4,2.7936,1.8362,0.6573
benign_56,0,1789032940.8682897,4,2.7936,1.8362,0.6573
benign_56,0,1789032941.0882897,4,2.7936,1.8362,0.6573
benign_56,0,1789032941.3082898,4,2.7936,1.8362,0.6573
benign_56,0,1789032941.5282898,4,2.7936,1.8362,0.6573
benign_56,0,1789032941.7482898,4,2.7936,1.8362,0.6573
benign_56,0,1789032941.9682899,4,2.7936,1.8362,0.6573
benign_56,0,1789032942.1882899,4,2.7936,1.8362,0.6573
benign_56,0,1789032942.40829,4,2.7936,1.8362,0.6573
c2_56,1,1789032954.4417818,3,3.8473,0.3508,0.0912
c2_56,1,1789032954.6617818,3,3.8473,0.3508,0.0912
c2_56,1,1789032954.8817818,3,3.8473,0.3508,0.0912
c2_56,1,1789032955.1017818,3,3.8473,0.3508,0.0912
c2_56,1,1789032955.3217819,3,3.8473,0.3508,0.0912
c2_56,1,1789032955.541782,3,3.8473,0.3508,0.0912
c2_56,1,1789032955.761782,3,3.8473,0.3508,0.0912
c2_56,1,1789032955.981782,3,3.8473,0.3508,0.0912
c2_56,1,1789032956.201782,3,3.8473,0.3508,0.0912
c2_56,1,1789032956.421782,3,3.8473,0.3508,0.0912
c2_56,1,1789032956.641782,3,3.8473,0.3508,0.0912
c2_56,1,1789032956.861782,3,3.8473,0.3508,0.0912
c2_56,1,1789032957.081782,3,3.8473,0.3508,0.0912
c2_56,1,1789032957.3017821,3,3.8473,0.3508,0.0912
c2_56,1,1789032957.5217822,3,3.8473,0.3508,0.0912
c2_56,1,1789032957.7417822,3,3.8473,0.3508,0.0912
c2_56,1,1789032957.9617822,3,3.8473,0.3508,0.0912
c2_56,1,1789032958.1817822,4,3.7828,0.3006,0.0795
c2_56,1,1789032958.4017823,4,3.7828,0.3006,0.0795
c2_56,1,1789032958.6217823,4,3.7828,0.3006,0.0795
c2_56,1,1789032958.8417823,4,3.7828,0.3006,0.0795
c2_56,1,1789032959.0617824,4,3.7828,0.3006,0.0795
c2_56,1,1789032959.2817824,4,3.7828,0.3006,0.0795
c2_56,1,1789032959.5017824,4,3.7828,0.3006,0.0795
c2_56,1,1789032959.7217824,4,3.7828,0.3006,0.0795
c2_56,1,1789032959.9417825,4,3.7828,0.3006,0.0795
c2_56,1,1789032960.1617825,4,3.7828,0.3006,0.0795
c2_56,1,1789032960.3817825,4,3.7828,0.3006,0.0795
c2_56,1,1789032960.6017826,4,3.7828,0.3006,0.0795
c2_56,1,1789032960.8217826,4,3.7828,0.3006,0.0795
c2_56,1,1789032961.0417826,4,3.7828,0.3006,0.0795
c2_56,1,1789032961.2617826,4,3.7828,0.3006,0.0795
c2_56,1,1789032961.4817827,4,3.7828,0.3006,0.0795
c2_56,1,1789032961.7017827,4,3.7828,0.3006,0.0795
c2_56,1,1789032961.9217827,4,3.7828,0.3006,0.0795
c2_56,1,1789032962.1417828,4,3.7828,0.3006,0.0795
c2_56,1,1789032962.3617828,5,3.9095,0.3405,0.0871
c2_56,1,1789032962.5817828,5,3.9095,0.3405,0.0871
c2_56,1,1789032962.8017828,5,3.9095,0.3405,0.0871
c2_56,1,1789032963.0217829,5,3.9095,0.3405,0.0871
c2_56,1,1789032963.241783,5,3.9095,0.3405,0.0871
c2_56,1,1789032963.461783,5,3.9095,0.3405,0.0871
c2_56,1,1789032963.681783,5,3.9095,0.3405,0.0871
c2_56,1,1789032963.901783,5,3.9095,0.3405,0.0871
c2_56,1,1789032964.121783,5,3.9095,0.3405,0.0871
c2_56,1,1789032964.341783,5,3.9095,0.3405,0.0871
c2_56,1,1789032964.561783,5,3.9095,0.3405,0.0871
c2_56,1,1789032964.781783,5,3.9095,0.3405,0.0871
c2_56,1,1789032965.0017831,5,3.9095,0.3405,0.0871
c2_56,1,1789032965.2217832,5,3.9095,0.3405,0.0871
c2_56,1,1789032965.4417832,5,3.9095,0.3405,0.0871
c2_56,1,1789032965.6617832,5,3.9095,0.3405,0.0871
c2_56,1,1789032965.8817832,5,3.9095,0.3405,0.0871
c2_56,1,1789032966.1017833,6,3.8583,0.3213,0.0833
c2_56,1,1789032966.3217833,6,3.8583,0.3213,0.0833
c2_56,1,1789032966.5417833,6,3.8583,0.3213,0.0833
c2_56,1,1789032966.7617834,6,3.8583,0.3213,0.0833
c2_56,1,1789032966.9817834,6,3.8583,0.3213,0.0833
c2_56,1,1789032967.2017834,6,3.8583,0.3213,0.0833
c2_56,1,1789032967.4217834,6,3.8583,0.3213,0.0833
c2_56,1,1789032967.6417835,6,3.8583,0.3213,0.0833
c2_56,1,1789032967.8617835,6,3.8583,0.3213,0.0833
c2_56,1,1789032968.0817835,6,3.8583,0.3213,0.0833
c2_56,1,1789032968.3017836,6,3.8583,0.3213,0.0833
c2_56,1,1789032968.5217836,6,3.8583,0.3213,0.0833
c2_56,1,1789032968.7417836,6,3.8583,0.3213,0.0833
c2_56,1,1789032968.9617836,6,3.8583,0.3213,0.0833
c2_56,1,1789032969.1817837,6,3.8583,0.3213,0.0833
c2_56,1,1789032969.4017837,6,3.8583,0.3213,0.0833
c2_56,1,1789032969.6217837,7,3.8182,0.3068,0.0803
c2_56,1,1789032969.8417838,7,3.8182,0.3068,0.0803
c2_56,1,1789032970.0617838,7,3.8182,0.3068,0.0803
c2_56,1,1789032970.2817838,7,3.8182,0.3068,0.0803
c2_56,1,1789032970.5017838,7,3.8182,0.3068,0.0803
c2_56,1,1789032970.7217839,7,3.8182,0.3068,0.0803
c2_56,1,1789032970.941784,7,3.8182,0.3068,0.0803
c2_56,1,1789032971.161784,7,3.8182,0.3068,0.0803
c2_56,1,1789032971.381784,7,3.8182,0.3068,0.0803
c2_56,1,1789032971.601784,7,3.8182,0.3068,0.0803
c2_56,1,1789032971.821784,7,3.8182,0.3068,0.0803
c2_56,1,1789032972.041784,7,3.8182,0.3068,0.0803
c2_56,1,1789032972.261784,7,3.8182,0.3068,0.0803
c2_56,1,1789032972.481784,7,3.8182,0.3068,0.0803
c2_56,1,1789032972.7017841,7,3.8182,0.3068,0.0803
c2_56,1,1789032972.9217842,7,3.8182,0.3068,0.0803
c2_56,1,1789032973.1417842,7,3.8182,0.3068,0.0803
c2_56,1,1789032973.3617842,7,3.8182,0.3068,0.0803
c2_56,1,1789032973.5817842,8,3.8212,0.2841,0.0743
c2_56,1,1789032973.8017843,8,3.8212,0.2841,0.0743
c2_56,1,1789032974.0217843,8,3.8212,0.2841,0.0743
c2_56,1,1789032974.2417843,8,3.8212,0.2841,0.0743
c2_56,1,1789032974.4617844,8,3.8212,0.2841,0.0743
c2_56,1,1789032974.6817844,8,3.8212,0.2841,0.0743
c2_56,1,1789032974.9017844,8,3.8212,0.2841,0.0743
c2_56,1,1789032975.1217844,8,3.8212,0.2841,0.0743
c2_56,1,1789032975.3417845,8,3.8212,0.2841,0.0743
c2_56,1,1789032975.5617845,8,3.8212,0.2841,0.0743
c2_56,1,1789032975.7817845,8,3.8212,0.2841,0.0743
c2_56,1,1789032976.0017846,8,3.8212,0.2841,0.0743
c2_56,1,1789032976.2217846,8,3.8212,0.2841,0.0743
c2_56,1,1789032976.4417846,8,3.8212,0.2841,0.0743
c2_56,1,1789032976.6617846,8,3.8212,0.2841,0.0743
c2_56,1,1789032976.8817847,8,3.8212,0.2841,0.0743
c2_56,1,1789032977.1017847,8,3.8212,0.2841,0.0743
c2_56,1,1789032977.3217847,8,3.8212,0.2841,0.0743
c2_56,1,1789032977.5417848,8,3.8212,0.2841,0.0743
c2_56,1,1789032977.7617848,9,3.8767,0.3036,0.0783
c2_56,1,1789032977.9817848,9,3.8767,0.3036,0.0783
c2_56,1,1789032978.2017848,9,3.8767,0.3036,0.0783
c2_56,1,1789032978.4217849,9,3.8767,0.3036,0.0783
c2_56,1,1789032978.641785,9,3.8767,0.3036,0.0783
c2_56,1,1789032978.861785,9,3.8767,0.3036,0.0783
c2_56,1,1789032979.081785,9,3.8767,0.3036,0.0783
c2_56,1,1789032979.301785,9,3.8767,0.3036,0.0783
c2_56,1,1789032979.521785,9,3.8767,0.3036,0.0783
c2_56,1,1789032979.741785,9,3.8767,0.3036,0.0783
c2_56,1,1789032979.961785,9,3.8767,0.3036,0.0783
c2_56,1,1789032980.181785,9,3.8767,0.3036,0.0783
c2_56,1,1789032980.4017851,9,3.8767,0.3036,0.0783
c2_56,1,1789032980.6217852,9,3.8767,0.3036,0.0783
benign_57,0,1789032993.7098901,3,1.5688,1.3917,0.8871
benign_57,0,1789032993.9298902,3,1.5688,1.3917,0.8871
benign_57,0,1789032994.1498902,3,1.5688,1.3917,0.8871
benign_57,0,1789032994.3698902,3,1.5688,1.3917,0.8871
benign_57,0,1789032994.5898902,3,1.5688,1.3917,0.8871
benign_57,0,1789032994.8098903,3,1.5688,1.3917,0.8871
benign_57,0,1789032995.0298903,3,1.5688,1.3917,0.8871
benign_57,0,1789032995.2498903,3,1.5688,1.3917,0.8871
benign_57,0,1789032995.4698904,3,1.5688,1.3917,0.8871
benign_57,0,1789032995.6898904,3,1.5688,1.3917,0.8871
benign_57,0,1789032995.9098904,3,1.5688,1.3917,0.8871
benign_57,0,1789032996.1298904,4,1.8738,1.2155,0.6487
benign_57,0,1789032996.3498905,4,1.8738,1.2155,0.6487
benign_57,0,1789032996.5698905,4,1.8738,1.2155,0.6487
benign_57,0,1789032996.7898905,4,1.8738,1.2155,0.6487
benign_57,0,1789032997.0098906,4,1.8738,1.2155,0.6487
benign_57,0,1789032997.2298906,4,1.8738,1.2155,0.6487
benign_57,0,1789032997.4498906,4,1.8738,1.2155,0.6487
benign_57,0,1789032997.6698906,4,1.8738,1.2155,0.6487
benign_57,0,1789032997.8898907,4,1.8738,1.2155,0.6487
benign_57,0,1789032998.1098907,4,1.8738,1.2155,0.6487
benign_57,0,1789032998.3298907,4,1.8738,1.2155,0.6487
benign_57,0,1789032998.5498908,4,1.8738,1.2155,0.6487
benign_57,0,1789032998.7698908,4,1.8738,1.2155,0.6487
benign_57,0,1789032998.9898908,4,1.8738,1.2155,0.6487
benign_57,0,1789032999.2098908,4,1.8738,1.2155,0.6487
benign_57,0,1789032999.4298909,4,1.8738,1.2155,0.6487
benign_57,0,1789032999.649891,4,1.8738,1.2155,0.6487
benign_57,0,1789032999.869891,4,1.8738,1.2155,0.6487
benign_57,0,1789033000.089891,4,1.8738,1.2155,0.6487
benign_57,0,1789033000.309891,4,1.8738,1.2155,0.6487
benign_57,0,1789033000.529891,4,1.8738,1.2155,0.6487
benign_57,0,1789033000.749891,4,1.8738,1.2155,0.6487
benign_57,0,1789033000.969891,4,1.8738,1.2155,0.6487
benign_57,0,1789033001.189891,4,1.8738,1.2155,0.6487
benign_57,0,1789033001.4098911,4,1.8738,1.2155,0.6487
benign_57,0,1789033001.6298912,4,1.8738,1.2155,0.6487
benign_57,0,1789033001.8498912,4,1.8738,1.2155,0.6487
benign_57,0,1789033002.0698912,4,1.8738,1.2155,0.6487
benign_57,0,1789033002.2898912,4,1.8738,1.2155,0.6487
benign_57,0,1789033002.5098913,4,1.8738,1.2155,0.6487
benign_57,0,1789033002.7298913,4,1.8738,1.2155,0.6487
benign_57,0,1789033002.9498913,4,1.8738,1.2155,0.6487
benign_57,0,1789033003.1698914,4,1.8738,1.2155,0.6487
benign_57,0,1789033003.3898914,4,1.8738,1.2155,0.6487
benign_57,0,1789033003.6098914,4,1.8738,1.2155,0.6487
benign_57,0,1789033003.8298914,4,1.8738,1.2155,0.6487
benign_57,0,1789033004.0498915,4,1.8738,1.2155,0.6487
benign_57,0,1789033004.2698915,4,1.8738,1.2155,0.6487
benign_57,0,1789033004.4898915,4,1.8738,1.2155,0.6487
benign_57,0,1789033004.7098916,4,1.8738,1.2155,0.6487
benign_57,0,1789033004.9298916,4,1.8738,1.2155,0.6487
benign_57,0,1789033005.1498916,4,1.8738,1.2155,0.6487
benign_57,0,1789033005.3698916,4,1.8738,1.2155,0.6487
benign_57,0,1789033005.5898917,4,1.8738,1.2155,0.6487
benign_57,0,1789033005.8098917,4,1.8738,1.2155,0.6487
benign_57,0,1789033006.0298917,4,1.8738,1.2155,0.6487
benign_57,0,1789033006.2498918,4,1.8738,1.2155,0.6487
benign_57,0,1789033006.4698918,4,1.8738,1.2155,0.6487
c2_57,1,1789033018.5877485,3,3.9633,0.2735,0.069
c2_57,1,1789033018.8077486,3,3.9633,0.2735,0.069
c2_57,1,1789033019.0277486,3,3.9633,0.2735,0.069
c2_57,1,1789033019.2477486,3,3.9633,0.2735,0.069
c2_57,1,1789033019.4677486,3,3.9633,0.2735,0.069
c2_57,1,1789033019.6877487,3,3.9633,0.2735,0.069
c2_57,1,1789033019.9077487,3,3.9633,0.2735,0.069
c2_57,1,1789033020.1277487,3,3.9633,0.2735,0.069
c2_57,1,1789033020.3477488,3,3.9633,0.2735,0.069
c2_57,1,1789033020.5677488,3,3.9633,0.2735,0.069
c2_57,1,1789033020.7877488,3,3.9633,0.2735,0.069
c2_57,1,1789033021.0077488,3,3.9633,0.2735,0.069
c2_57,1,1789033021.2277489,3,3.9633,0.2735,0.069
c2_57,1,1789033021.447749,3,3.9633,0.2735,0.069
c2_57,1,1789033021.667749,3,3.9633,0.2735,0.069
c2_57,1,1789033021.887749,3,3.9633,0.2735,0.069
c2_57,1,1789033022.107749,3,3.9633,0.2735,0.069
c2_57,1,1789033022.327749,3,3.9633,0.2735,0.069
c2_57,1,1789033022.547749,4,3.955,0.2236,0.0565
c2_57,1,1789033022.767749,4,3.955,0.2236,0.0565
c2_57,1,1789033022.987749,4,3.955,0.2236,0.0565
c2_57,1,1789033023.2077491,4,3.955,0.2236,0.0565
c2_57,1,1789033023.4277492,4,3.955,0.2236,0.0565
c2_57,1,1789033023.6477492,4,3.955,0.2236,0.0565
c2_57,1,1789033023.8677492,4,3.955,0.2236,0.0565
c2_57,1,1789033024.0877492,4,3.955,0.2236,0.0565
c2_57,1,1789033024.3077493,4,3.955,0.2236,0.0565
c2_57,1,1789033024.5277493,4,3.955,0.2236,0.0565
c2_57,1,1789033024.7477493,4,3.955,0.2236,0.0565
c2_57,1,1789033024.9677494,4,3.955,0.2236,0.0565
c2_57,1,1789033025.1877494,4,3.955,0.2236,0.0565
c2_57,1,1789033025.4077494,4,3.955,0.2236,0.0565
c2_57,1,1789033025.6277494,4,3.955,0.2236,0.0565
c2_57,1,1789033025.8477495,4,3.955,0.2236,0.0565
c2_57,1,1789033026.0677495,5,3.8275,0.2937,0.0767
c2_57,1,1789033026.2877495,5,3.8275,0.2937,0.0767
c2_57,1,1789033026.5077496,5,3.8275,0.2937,0.0767
c2_57,1,1789033026.7277496,5,3.8275,0.2937,0.0767
c2_57,1,1789033026.9477496,5,3.8275,0.2937,0.0767
c2_57,1,1789033027.1677496,5,3.8275,0.2937,0.0767
c2_57,1,1789033027.3877497,5,3.8275,0.2937,0.0767
c2_57,1,1789033027.6077497,5,3.8275,0.2937,0.0767
c2_57,1,1789033027.8277497,5,3.8275,0.2937,0.0767
c2_57,1,1789033028.0477498,5,3.8275,0.2937,0.0767
c2_57,1,1789033028.2677498,5,3.8275,0.2937,0.0767
c2_57,1,1789033028.4877498,5,3.8275,0.2937,0.0767
c2_57,1,1789033028.7077498,5,3.8275,0.2937,0.0767
c2_57,1,1789033028.9277499,5,3.8275,0.2937,0.0767
c2_57,1,1789033029.14775,5,3.8275,0.2937,0.0767
c2_57,1,1789033029.36775,5,3.8275,0.2937,0.0767
c2_57,1,1789033029.58775,5,3.8275,0.2937,0.0767
c2_57,1,1789033029.80775,5,3.8275,0.2937,0.0767
c2_57,1,1789033030.02775,6,3.8662,0.2739,0.0708
c2_57,1,1789033030.24775,6,3.8662,0.2739,0.0708
c2_57,1,1789033030.46775,6,3.8662,0.2739,0.0708
c2_57,1,1789033030.68775,6,3.8662,0.2739,0.0708
c2_57,1,1789033030.9077501,6,3.8662,0.2739,0.0708
c2_57,1,1789033031.1277502,6,3.8662,0.2739,0.0708
c2_57,1,1789033031.3477502,6,3.8662,0.2739,0.0708
c2_57,1,1789033031.5677502,6,3.8662,0.2739,0.0708
c2_57,1,1789033031.7877502,6,3.8662,0.2739,0.0708
c2_57,1,1789033032.0077503,6,3.8662,0.2739,0.0708
c2_57,1,1789033032.2277503,6,3.8662,0.2739,0.0708
c2_57,1,1789033032.4477503,6,3.8662,0.2739,0.0708
c2_57,1,1789033032.6677504,6,3.8662,0.2739,0.0708
c2_57,1,1789033032.8877504,6,3.8662,0.2739,0.0708
c2_57,1,1789033033.1077504,6,3.8662,0.2739,0.0708
c2_57,1,1789033033.3277504,6,3.8662,0.2739,0.0708
c2_57,1,1789033033.5477505,6,3.8662,0.2739,0.0708
c2_57,1,1789033033.7677505,7,3.853,0.2517,0.0653
c2_57,1,1789033033.9877505,7,3.853,0.2517,0.0653
c2_57,1,1789033034.2077506,7,3.853,0.2517,0.0653
c2_57,1,1789033034.4277506,7,3.853,0.2517,0.0653
c2_57,1,1789033034.6477506,7,3.853,0.2517,0.0653
c2_57,1,1789033034.8677506,7,3.853,0.2517,0.0653
c2_57,1,1789033035.0877507,7,3.853,0.2517,0.0653
c2_57,1,1789033035.3077507,7,3.853,0.2517,0.0653
c2_57,1,1789033035.5277507,7,3.853,0.2517,0.0653
c2_57,1,1789033035.7477508,7,3.853,0.2517,0.0653
c2_57,1,1789033035.9677508,7,3.853,0.2517,0.0653
c2_57,1,1789033036.1877508,7,3.853,0.2517,0.0653
c2_57,1,1789033036.4077508,7,3.853,0.2517,0.0653
c2_57,1,1789033036.6277509,7,3.853,0.2517,0.0653
c2_57,1,1789033036.847751,7,3.853,0.2517,0.0653
c2_57,1,1789033037.067751,7,3.853,0.2517,0.0653
c2_57,1,1789033037.287751,7,3.853,0.2517,0.0653
c2_57,1,1789033037.507751,8,3.829,0.2404,0.0628
c2_57,1,1789033037.727751,8,3.829,0.2404,0.0628
c2_57,1,1789033037.947751,8,3.829,0.2404,0.0628
c2_57,1,1789033038.167751,8,3.829,0.2404,0.0628
c2_57,1,1789033038.387751,8,3.829,0.2404,0.0628
c2_57,1,1789033038.6077511,8,3.829,0.2404,0.0628
c2_57,1,1789033038.8277512,8,3.829,0.2404,0.0628
c2_57,1,1789033039.0477512,8,3.829,0.2404,0.0628
c2_57,1,1789033039.2677512,8,3.829,0.2404,0.0628
c2_57,1,1789033039.4877512,8,3.829,0.2404,0.0628
c2_57,1,1789033039.7077513,8,3.829,0.2404,0.0628
c2_57,1,1789033039.9277513,8,3.829,0.2404,0.0628
c2_57,1,1789033040.1477513,8,3.829,0.2404,0.0628
c2_57,1,1789033040.3677514,8,3.829,0.2404,0.0628
c2_57,1,1789033040.5877514,8,3.829,0.2404,0.0628
c2_57,1,1789033040.8077514,8,3.829,0.2404,0.0628
c2_57,1,1789033041.0277514,9,3.7797,0.26,0.0688
c2_57,1,1789033041.2477515,9,3.7797,0.26,0.0688
c2_57,1,1789033041.4677515,9,3.7797,0.26,0.0688
c2_57,1,1789033041.6877515,9,3.7797,0.26,0.0688
c2_57,1,1789033041.9077516,9,3.7797,0.26,0.0688
c2_57,1,1789033042.1277516,9,3.7797,0.26,0.0688
c2_57,1,1789033042.3477516,9,3.7797,0.26,0.0688
c2_57,1,1789033042.5677516,9,3.7797,0.26,0.0688
c2_57,1,1789033042.7877517,9,3.7797,0.26,0.0688
c2_57,1,1789033043.0077517,9,3.7797,0.26,0.0688
c2_57,1,1789033043.2277517,9,3.7797,0.26,0.0688
c2_57,1,1789033043.4477518,9,3.7797,0.26,0.0688
c2_57,1,1789033043.6677518,9,3.7797,0.26,0.0688
c2_57,1,1789033043.8877518,9,3.7797,0.26,0.0688
c2_57,1,1789033044.1077518,9,3.7797,0.26,0.0688
c2_57,1,1789033044.3277519,9,3.7797,0.26,0.0688
c2_57,1,1789033044.547752,9,3.7797,0.26,0.0688
c2_57,1,1789033044.767752,9,3.7797,0.26,0.0688
c2_57,1,1789033044.987752,9,3.7797,0.26,0.0688
c2_57,1,1789033045.207752,10,3.8468,0.31,0.0806
c2_57,1,1789033045.427752,10,3.8468,0.31,0.0806
c2_57,1,1789033045.647752,10,3.8468,0.31,0.0806
c2_57,1,1789033045.867752,10,3.8468,0.31,0.0806
c2_57,1,1789033046.087752,10,3.8468,0.31,0.0806
c2_57,1,1789033046.3077521,10,3.8468,0.31,0.0806
c2_57,1,1789033046.5277522,10,3.8468,0.31,0.0806
c2_57,1,1789033046.7477522,10,3.8468,0.31,0.0806
c2_57,1,1789033046.9677522,10,3.8468,0.31,0.0806
c2_57,1,1789033047.1877522,10,3.8468,0.31,0.0806
c2_57,1,1789033047.4077523,10,3.8468,0.31,0.0806
c2_57,1,1789033047.6277523,10,3.8468,0.31,0.0806
c2_57,1,1789033047.8477523,10,3.8468,0.31,0.0806
c2_57,1,1789033048.0677524,10,3.8468,0.31,0.0806
c2_57,1,1789033048.2877524,10,3.8468,0.31,0.0806
c2_57,1,1789033048.5077524,10,3.8468,0.31,0.0806
c2_57,1,1789033048.7277524,10,3.8468,0.31,0.0806
c2_57,1,1789033048.9477525,11,3.8201,0.3048,0.0798
c2_57,1,1789033049.1677525,11,3.8201,0.3048,0.0798
c2_57,1,1789033049.3877525,11,3.8201,0.3048,0.0798
c2_57,1,1789033049.6077526,11,3.8201,0.3048,0.0798
c2_57,1,1789033049.8277526,11,3.8201,0.3048,0.0798
c2_57,1,1789033050.0477526,11,3.8201,0.3048,0.0798
c2_57,1,1789033050.2677526,11,3.8201,0.3048,0.0798
c2_57,1,1789033050.4877527,11,3.8201,0.3048,0.0798
c2_57,1,1789033050.7077527,11,3.8201,0.3048,0.0798
c2_57,1,1789033050.9277527,11,3.8201,0.3048,0.0798
c2_57,1,1789033051.1477528,11,3.8201,0.3048,0.0798
c2_57,1,1789033051.3677528,11,3.8201,0.3048,0.0798
c2_57,1,1789033051.5877528,11,3.8201,0.3048,0.0798
c2_57,1,1789033051.8077528,11,3.8201,0.3048,0.0798
c2_57,1,1789033052.0277529,11,3.8201,0.3048,0.0798
c2_57,1,1789033052.247753,11,3.8201,0.3048,0.0798
c2_57,1,1789033052.467753,12,3.7982,0.2988,0.0787
c2_57,1,1789033052.687753,12,3.7982,0.2988,0.0787
c2_57,1,1789033052.907753,12,3.7982,0.2988,0.0787
c2_57,1,1789033053.127753,12,3.7982,0.2988,0.0787
c2_57,1,1789033053.347753,12,3.7982,0.2988,0.0787
c2_57,1,1789033053.567753,12,3.7982,0.2988,0.0787
c2_57,1,1789033053.787753,12,3.7982,0.2988,0.0787
c2_57,1,1789033054.0077531,12,3.7982,0.2988,0.0787
c2_57,1,1789033054.2277532,12,3.7982,0.2988,0.0787
c2_57,1,1789033054.4477532,12,3.7982,0.2988,0.0787
c2_57,1,1789033054.6677532,12,3.7982,0.2988,0.0787
c2_57,1,1789033054.8877532,12,3.7982,0.2988,0.0787
c2_57,1,1789033055.1077533,12,3.7982,0.2988,0.0787
c2_57,1,1789033055.3277533,12,3.7982,0.2988,0.0787
c2_57,1,1789033055.5477533,12,3.7982,0.2988,0.0787
c2_57,1,1789033055.7677534,12,3.7982,0.2988,0.0787
benign_58,0,1789033073.633729,3,2.7519,1.9152,0.696
benign_58,0,1789033073.853729,3,2.7519,1.9152,0.696
benign_58,0,1789033074.073729,4,1.9698,1.9154,0.9724
benign_58,0,1789033074.293729,4,1.9698,1.9154,0.9724
benign_58,0,1789033074.513729,4,1.9698,1.9154,0.9724
benign_58,0,1789033074.7337291,4,1.9698,1.9154,0.9724
benign_58,0,1789033074.9537292,4,1.9698,1.9154,0.9724
benign_58,0,1789033075.1737292,4,1.9698,1.9154,0.9724
benign_58,0,1789033075.3937292,4,1.9698,1.9154,0.9724
benign_58,0,1789033075.6137292,4,1.9698,1.9154,0.9724
benign_58,0,1789033075.8337293,4,1.9698,1.9154,0.9724
benign_58,0,1789033076.0537293,4,1.9698,1.9154,0.9724
benign_58,0,1789033076.2737293,4,1.9698,1.9154,0.9724
benign_58,0,1789033076.4937294,4,1.9698,1.9154,0.9724
benign_58,0,1789033076.7137294,4,1.9698,1.9154,0.9724
benign_58,0,1789033076.9337294,4,1.9698,1.9154,0.9724
benign_58,0,1789033077.1537294,4,1.9698,1.9154,0.9724
benign_58,0,1789033077.3737295,4,1.9698,1.9154,0.9724
benign_58,0,1789033077.5937295,4,1.9698,1.9154,0.9724
benign_58,0,1789033077.8137295,4,1.9698,1.9154,0.9724
benign_58,0,1789033078.0337296,4,1.9698,1.9154,0.9724
benign_58,0,1789033078.2537296,4,1.9698,1.9154,0.9724
benign_58,0,1789033078.4737296,4,1.9698,1.9154,0.9724
benign_58,0,1789033078.6937296,4,1.9698,1.9154,0.9724
benign_58,0,1789033078.9137297,4,1.9698,1.9154,0.9724
benign_58,0,1789033079.1337297,4,1.9698,1.9154,0.9724
benign_58,0,1789033079.3537297,4,1.9698,1.9154,0.9724
benign_58,0,1789033079.5737298,4,1.9698,1.9154,0.9724
benign_58,0,1789033079.7937298,4,1.9698,1.9154,0.9724
benign_58,0,1789033080.0137298,4,1.9698,1.9154,0.9724
benign_58,0,1789033080.2337298,4,1.9698,1.9154,0.9724
benign_58,0,1789033080.4537299,4,1.9698,1.9154,0.9724
benign_58,0,1789033080.67373,4,1.9698,1.9154,0.9724
benign_58,0,1789033080.89373,4,1.9698,1.9154,0.9724
benign_58,0,1789033081.11373,4,1.9698,1.9154,0.9724
benign_58,0,1789033081.33373,4,1.9698,1.9154,0.9724
benign_58,0,1789033081.55373,4,1.9698,1.9154,0.9724
benign_58,0,1789033081.77373,4,1.9698,1.9154,0.9724
benign_58,0,1789033081.99373,4,1.9698,1.9154,0.9724
benign_58,0,1789033082.21373,4,1.9698,1.9154,0.9724
benign_58,0,1789033082.4337301,4,1.9698,1.9154,0.9724
benign_58,0,1789033082.6537302,4,1.9698,1.9154,0.9724
benign_58,0,1789033082.8737302,4,1.9698,1.9154,0.9724
benign_58,0,1789033083.0937302,4,1.9698,1.9154,0.9724
benign_58,0,1789033083.3137302,4,1.9698,1.9154,0.9724
benign_58,0,1789033083.5337303,4,1.9698,1.9154,0.9724
benign_58,0,1789033083.7537303,4,1.9698,1.9154,0.9724
benign_58,0,1789033083.9737303,4,1.9698,1.9154,0.9724
benign_58,0,1789033084.1937304,4,1.9698,1.9154,0.9724
benign_58,0,1789033084.4137304,4,1.9698,1.9154,0.9724
benign_58,0,1789033084.6337304,4,1.9698,1.9154,0.9724
benign_58,0,1789033084.8537304,4,1.9698,1.9154,0.9724
benign_58,0,1789033085.0737305,4,1.9698,1.9154,0.9724
benign_58,0,1789033085.2937305,4,1.9698,1.9154,0.9724
benign_58,0,1789033085.5137305,4,1.9698,1.9154,0.9724
benign_58,0,1789033085.7337306,4,1.9698,1.9154,0.9724
benign_58,0,1789033085.9537306,4,1.9698,1.9154,0.9724
benign_58,0,1789033086.1737306,4,1.9698,1.9154,0.9724
benign_58,0,1789033086.3937306,4,1.9698,1.9154,0.9724
benign_58,0,1789033086.6137307,4,1.9698,1.9154,0.9724
benign_58,0,1789033086.8337307,4,1.9698,1.9154,0.9724
benign_58,0,1789033087.0537307,4,1.9698,1.9154,0.9724
benign_58,0,1789033087.2737308,4,1.9698,1.9154,0.9724
benign_58,0,1789033087.4937308,4,1.9698,1.9154,0.9724
benign_58,0,1789033087.7137308,4,1.9698,1.9154,0.9724
benign_58,0,1789033087.9337308,4,1.9698,1.9154,0.9724
benign_58,0,1789033088.1537309,4,1.9698,1.9154,0.9724
benign_58,0,1789033088.373731,4,1.9698,1.9154,0.9724
c2_58,1,1789033102.067569,3,3.9391,0.0563,0.0143
c2_58,1,1789033102.287569,3,3.9391,0.0563,0.0143
c2_58,1,1789033102.507569,3,3.9391,0.0563,0.0143
c2_58,1,1789033102.727569,3,3.9391,0.0563,0.0143
c2_58,1,1789033102.9475691,3,3.9391,0.0563,0.0143
c2_58,1,1789033103.1675692,3,3.9391,0.0563,0.0143
c2_58,1,1789033103.3875692,3,3.9391,0.0563,0.0143
c2_58,1,1789033103.6075692,3,3.9391,0.0563,0.0143
c2_58,1,1789033103.8275692,3,3.9391,0.0563,0.0143
c2_58,1,1789033104.0475693,3,3.9391,0.0563,0.0143
c2_58,1,1789033104.2675693,3,3.9391,0.0563,0.0143
c2_58,1,1789033104.4875693,3,3.9391,0.0563,0.0143
c2_58,1,1789033104.7075694,3,3.9391,0.0563,0.0143
c2_58,1,1789033104.9275694,3,3.9391,0.0563,0.0143
c2_58,1,1789033105.1475694,3,3.9391,0.0563,0.0143
c2_58,1,1789033105.3675694,3,3.9391,0.0563,0.0143
c2_58,1,1789033105.5875695,3,3.9391,0.0563,0.0143
c2_58,1,1789033105.8075695,3,3.9391,0.0563,0.0143
c2_58,1,1789033106.0275695,3,3.9391,0.0563,0.0143
c2_58,1,1789033106.2475696,4,4.0034,0.1019,0.0254
c2_58,1,1789033106.4675696,4,4.0034,0.1019,0.0254
c2_58,1,1789033106.6875696,4,4.0034,0.1019,0.0254
c2_58,1,1789033106.9075696,4,4.0034,0.1019,0.0254
c2_58,1,1789033107.1275697,4,4.0034,0.1019,0.0254
c2_58,1,1789033107.3475697,4,4.0034,0.1019,0.0254
c2_58,1,1789033107.5675697,4,4.0034,0.1019,0.0254
c2_58,1,1789033107.7875698,4,4.0034,0.1019,0.0254
c2_58,1,1789033108.0075698,4,4.0034,0.1019,0.0254
c2_58,1,1789033108.2275698,4,4.0034,0.1019,0.0254
c2_58,1,1789033108.4475698,4,4.0034,0.1019,0.0254
c2_58,1,1789033108.6675699,4,4.0034,0.1019,0.0254
c2_58,1,1789033108.88757,4,4.0034,0.1019,0.0254
c2_58,1,1789033109.10757,4,4.0034,0.1019,0.0254
c2_58,1,1789033109.32757,4,4.0034,0.1019,0.0254
c2_58,1,1789033109.54757,4,4.0034,0.1019,0.0254
c2_58,1,1789033109.76757,4,4.0034,0.1019,0.0254
c2_58,1,1789033109.98757,4,4.0034,0.1019,0.0254
c2_58,1,1789033110.20757,4,4.0034,0.1019,0.0254
c2_58,1,1789033110.42757,4,4.0034,0.1019,0.0254
c2_58,1,1789033110.6475701,4,4.0034,0.1019,0.0254
c2_58,1,1789033110.8675702,4,4.0034,0.1019,0.0254
c2_58,1,1789033111.0875702,5,4.2028,0.3565,0.0848
c2_58,1,1789033111.3075702,5,4.2028,0.3565,0.0848
c2_58,1,1789033111.5275702,5,4.2028,0.3565,0.0848
c2_58,1,1789033111.7475703,5,4.2028,0.3565,0.0848
c2_58,1,1789033111.9675703,5,4.2028,0.3565,0.0848
c2_58,1,1789033112.1875703,5,4.2028,0.3565,0.0848
c2_58,1,1789033112.4075704,5,4.2028,0.3565,0.0848
c2_58,1,1789033112.6275704,5,4.2028,0.3565,0.0848
c2_58,1,1789033112.8475704,5,4.2028,0.3565,0.0848
c2_58,1,1789033113.0675704,5,4.2028,0.3565,0.0848
c2_58,1,1789033113.2875705,5,4.2028,0.3565,0.0848
c2_58,1,1789033113.5075705,5,4.2028,0.3565,0.0848
c2_58,1,1789033113.7275705,5,4.2028,0.3565,0.0848
c2_58,1,1789033113.9475706,5,4.2028,0.3565,0.0848
c2_58,1,1789033114.1675706,5,4.2028,0.3565,0.0848
c2_58,1,1789033114.3875706,5,4.2028,0.3565,0.0848
c2_58,1,1789033114.6075706,5,4.2028,0.3565,0.0848
c2_58,1,1789033114.8275707,5,4.2028,0.3565,0.0848
c2_58,1,1789033115.0475707,6,4.1632,0.3286,0.0789
c2_58,1,1789033115.2675707,6,4.1632,0.3286,0.0789
c2_58,1,1789033115.4875708,6,4.1632,0.3286,0.0789
c2_58,1,1789033115.7075708,6,4.1632,0.3286,0.0789
c2_58,1,1789033115.9275708,6,4.1632,0.3286,0.0789
c2_58,1,1789033116.1475708,6,4.1632,0.3286,0.0789
c2_58,1,1789033116.3675709,6,4.1632,0.3286,0.0789
c2_58,1,1789033116.587571,6,4.1632,0.3286,0.0789
c2_58,1,1789033116.807571,6,4.1632,0.3286,0.0789
c2_58,1,1789033117.027571,6,4.1632,0.3286,0.0789
c2_58,1,1789033117.247571,6,4.1632,0.3286,0.0789
c2_58,1,1789033117.467571,6,4.1632,0.3286,0.0789
c2_58,1,1789033117.687571,6,4.1632,0.3286,0.0789
c2_58,1,1789033117.907571,6,4.1632,0.3286,0.0789
c2_58,1,1789033118.127571,6,4.1632,0.3286,0.0789
c2_58,1,1789033118.3475711,6,4.1632,0.3286,0.0789
c2_58,1,1789033118.5675712,6,4.1632,0.3286,0.0789
c2_58,1,1789033118.7875712,6,4.1632,0.3286,0.0789
c2_58,1,1789033119.0075712,6,4.1632,0.3286,0.0789
c2_58,1,1789033119.2275712,6,4.1632,0.3286,0.0789
c2_58,1,1789033119.4475713,6,4.1632,0.3286,0.0789
c2_58,1,1789033119.6675713,7,4.2385,0.344,0.0812
c2_58,1,1789033119.8875713,7,4.2385,0.344,0.0812
c2_58,1,1789033120.1075714,7,4.2385,0.344,0.0812
c2_58,1,1789033120.3275714,7,4.2385,0.344,0.0812
c2_58,1,1789033120.5475714,7,4.2385,0.344,0.0812
c2_58,1,1789033120.7675714,7,4.2385,0.344,0.0812
c2_58,1,1789033120.9875715,7,4.2385,0.344,0.0812
c2_58,1,1789033121.2075715,7,4.2385,0.344,0.0812
c2_58,1,1789033121.4275715,7,4.2385,0.344,0.0812
c2_58,1,1789033121.6475716,7,4.2385,0.344,0.0812
c2_58,1,1789033121.8675716,7,4.2385,0.344,0.0812
c2_58,1,1789033122.0875716,7,4.2385,0.344,0.0812
c2_58,1,1789033122.3075716,7,4.2385,0.344,0.0812
c2_58,1,1789033122.5275717,7,4.2385,0.344,0.0812
c2_58,1,1789033122.7475717,7,4.2385,0.344,0.0812
c2_58,1,1789033122.9675717,7,4.2385,0.344,0.0812
c2_58,1,1789033123.1875718,7,4.2385,0.344,0.0812
c2_58,1,1789033123.4075718,7,4.2385,0.344,0.0812
c2_58,1,1789033123.6275718,7,4.2385,0.344,0.0812
c2_58,1,1789033123.8475718,7,4.2385,0.344,0.0812
c2_58,1,1789033124.0675719,7,4.2385,0.344,0.0812
c2_58,1,1789033124.287572,7,4.2385,0.344,0.0812
c2_58,1,1789033124.507572,8,4.3371,0.3997,0.0922
c2_58,1,1789033124.727572,8,4.3371,0.3997,0.0922
c2_58,1,1789033124.947572,8,4.3371,0.3997,0.0922
c2_58,1,1789033125.167572,8,4.3371,0.3997,0.0922
c2_58,1,1789033125.387572,8,4.3371,0.3997,0.0922
c2_58,1,1789033125.607572,8,4.3371,0.3997,0.0922
c2_58,1,1789033125.827572,8,4.3371,0.3997,0.0922
c2_58,1,1789033126.0475721,8,4.3371,0.3997,0.0922
c2_58,1,1789033126.2675722,8,4.3371,0.3997,0.0922
c2_58,1,1789033126.4875722,8,4.3371,0.3997,0.0922
c2_58,1,1789033126.7075722,8,4.3371,0.3997,0.0922
c2_58,1,1789033126.9275723,8,4.3371,0.3997,0.0922
c2_58,1,1789033127.1475723,8,4.3371,0.3997,0.0922
c2_58,1,1789033127.3675723,8,4.3371,0.3997,0.0922
c2_58,1,1789033127.5875723,8,4.3371,0.3997,0.0922
c2_58,1,1789033127.8075724,8,4.3371,0.3997,0.0922
c2_58,1,1789033128.0275724,8,4.3371,0.3997,0.0922
c2_58,1,1789033128.2475724,8,4.3371,0.3997,0.0922
c2_58,1,1789033128.4675725,8,4.3371,0.3997,0.0922
c2_58,1,1789033128.6875725,8,4.3371,0.3997,0.0922
c2_58,1,1789033128.9075725,9,4.3445,0.3744,0.0862
c2_58,1,1789033129.1275725,9,4.3445,0.3744,0.0862
c2_58,1,1789033129.3475726,9,4.3445,0.3744,0.0862
c2_58,1,1789033129.5675726,9,4.3445,0.3744,0.0862
c2_58,1,1789033129.7875726,9,4.3445,0.3744,0.0862
c2_58,1,1789033130.0075727,9,4.3445,0.3744,0.0862
c2_58,1,1789033130.2275727,9,4.3445,0.3744,0.0862
c2_58,1,1789033130.4475727,9,4.3445,0.3744,0.0862
c2_58,1,1789033130.6675727,9,4.3445,0.3744,0.0862
c2_58,1,1789033130.8875728,9,4.3445,0.3744,0.0862
c2_58,1,1789033131.1075728,9,4.3445,0.3744,0.0862
c2_58,1,1789033131.3275728,9,4.3445,0.3744,0.0862
c2_58,1,1789033131.5475729,9,4.3445,0.3744,0.0862
c2_58,1,1789033131.7675729,9,4.3445,0.3744,0.0862
c2_58,1,1789033131.987573,9,4.3445,0.3744,0.0862
c2_58,1,1789033132.207573,9,4.3445,0.3744,0.0862
c2_58,1,1789033132.427573,9,4.3445,0.3744,0.0862
c2_58,1,1789033132.647573,9,4.3445,0.3744,0.0862
c2_58,1,1789033132.867573,9,4.3445,0.3744,0.0862
c2_58,1,1789033133.087573,9,4.3445,0.3744,0.0862
c2_58,1,1789033133.307573,9,4.3445,0.3744,0.0862
c2_58,1,1789033133.527573,9,4.3445,0.3744,0.0862
c2_58,1,1789033133.7475731,10,4.3901,0.3758,0.0856
c2_58,1,1789033133.9675732,10,4.3901,0.3758,0.0856
c2_58,1,1789033134.1875732,10,4.3901,0.3758,0.0856
c2_58,1,1789033134.4075732,10,4.3901,0.3758,0.0856
c2_58,1,1789033134.6275733,10,4.3901,0.3758,0.0856
c2_58,1,1789033134.8475733,10,4.3901,0.3758,0.0856
c2_58,1,1789033135.0675733,10,4.3901,0.3758,0.0856
c2_58,1,1789033135.2875733,10,4.3901,0.3758,0.0856
c2_58,1,1789033135.5075734,10,4.3901,0.3758,0.0856
c2_58,1,1789033135.7275734,10,4.3901,0.3758,0.0856
c2_58,1,1789033135.9475734,10,4.3901,0.3758,0.0856
c2_58,1,1789033136.1675735,10,4.3901,0.3758,0.0856
c2_58,1,1789033136.3875735,10,4.3901,0.3758,0.0856
c2_58,1,1789033136.6075735,10,4.3901,0.3758,0.0856
c2_58,1,1789033136.8275735,10,4.3901,0.3758,0.0856
c2_58,1,1789033137.0475736,10,4.3901,0.3758,0.0856
c2_58,1,1789033137.2675736,10,4.3901,0.3758,0.0856
c2_58,1,1789033137.4875736,10,4.3901,0.3758,0.0856
c2_58,1,1789033137.7075737,11,4.3419,0.3848,0.0886
c2_58,1,1789033137.9275737,11,4.3419,0.3848,0.0886
c2_58,1,1789033138.1475737,11,4.3419,0.3848,0.0886
c2_58,1,1789033138.3675737,11,4.3419,0.3848,0.0886
c2_58,1,1789033138.5875738,11,4.3419,0.3848,0.0886
c2_58,1,1789033138.8075738,11,4.3419,0.3848,0.0886
c2_58,1,1789033139.0275738,11,4.3419,0.3848,0.0886
c2_58,1,1789033139.2475739,11,4.3419,0.3848,0.0886
c2_58,1,1789033139.467574,11,4.3419,0.3848,0.0886
c2_58,1,1789033139.687574,11,4.3419,0.3848,0.0886
c2_58,1,1789033139.907574,11,4.3419,0.3848,0.0886
c2_58,1,1789033140.127574,11,4.3419,0.3848,0.0886
c2_58,1,1789033140.347574,11,4.3419,0.3848,0.0886
c2_58,1,1789033140.567574,11,4.3419,0.3848,0.0886
c2_58,1,1789033140.787574,11,4.3419,0.3848,0.0886
c2_58,1,1789033141.007574,11,4.3419,0.3848,0.0886
c2_58,1,1789033141.227574,11,4.3419,0.3848,0.0886
c2_58,1,1789033141.4475741,11,4.3419,0.3848,0.0886
c2_58,1,1789033141.6675742,11,4.3419,0.3848,0.0886
c2_58,1,1789033141.8875742,11,4.3419,0.3848,0.0886
c2_58,1,1789033142.1075742,12,4.3568,0.3699,0.0849
c2_58,1,1789033142.3275743,12,4.3568,0.3699,0.0849
c2_58,1,1789033142.5475743,12,4.3568,0.3699,0.0849
c2_58,1,1789033142.7675743,12,4.3568,0.3699,0.0849
c2_58,1,1789033142.9875743,12,4.3568,0.3699,0.0849
c2_58,1,1789033143.2075744,12,4.3568,0.3699,0.0849
c2_58,1,1789033143.4275744,12,4.3568,0.3699,0.0849
c2_58,1,1789033143.6475744,12,4.3568,0.3699,0.0849
c2_58,1,1789033143.8675745,12,4.3568,0.3699,0.0849
c2_58,1,1789033144.0875745,12,4.3568,0.3699,0.0849
c2_58,1,1789033144.3075745,12,4.3568,0.3699,0.0849
c2_58,1,1789033144.5275745,12,4.3568,0.3699,0.0849
c2_58,1,1789033144.7475746,12,4.3568,0.3699,0.0849
c2_58,1,1789033144.9675746,12,4.3568,0.3699,0.0849
c2_58,1,1789033145.1875746,12,4.3568,0.3699,0.0849
c2_58,1,1789033145.4075747,12,4.3568,0.3699,0.0849
c2_58,1,1789033145.6275747,12,4.3568,0.3699,0.0849
c2_58,1,1789033145.8475747,12,4.3568,0.3699,0.0849
c2_58,1,1789033146.0675747,12,4.3568,0.3699,0.0849
c2_58,1,1789033146.2875748,12,4.3568,0.3699,0.0849
c2_58,1,1789033146.5075748,13,4.357,0.3541,0.0813
c2_58,1,1789033146.7275748,13,4.357,0.3541,0.0813
c2_58,1,1789033146.9475749,13,4.357,0.3541,0.0813
c2_58,1,1789033147.167575,13,4.357,0.3541,0.0813
c2_58,1,1789033147.387575,13,4.357,0.3541,0.0813
c2_58,1,1789033147.607575,13,4.357,0.3541,0.0813
c2_58,1,1789033147.827575,13,4.357,0.3541,0.0813
c2_58,1,1789033148.047575,13,4.357,0.3541,0.0813
c2_58,1,1789033148.267575,13,4.357,0.3541,0.0813
c2_58,1,1789033148.487575,13,4.357,0.3541,0.0813
c2_58,1,1789033148.707575,13,4.357,0.3541,0.0813
c2_58,1,1789033148.927575,13,4.357,0.3541,0.0813
c2_58,1,1789033149.1475751,13,4.357,0.3541,0.0813
c2_58,1,1789033149.3675752,13,4.357,0.3541,0.0813
c2_58,1,1789033149.5875752,13,4.357,0.3541,0.0813
c2_58,1,1789033149.8075752,13,4.357,0.3541,0.0813
c2_58,1,1789033150.0275753,13,4.357,0.3541,0.0813
c2_58,1,1789033150.2475753,13,4.357,0.3541,0.0813
c2_58,1,1789033150.4675753,13,4.357,0.3541,0.0813
c2_59,1,1789033193.7108858,3,5.2453,0.3416,0.0651
c2_59,1,1789033193.9308858,3,5.2453,0.3416,0.0651
c2_59,1,1789033194.1508858,3,5.2453,0.3416,0.0651
c2_59,1,1789033194.3708858,3,5.2453,0.3416,0.0651
c2_59,1,1789033194.5908859,3,5.2453,0.3416,0.0651
c2_59,1,1789033194.810886,3,5.2453,0.3416,0.0651
c2_59,1,1789033195.030886,3,5.2453,0.3416,0.0651
c2_59,1,1789033195.250886,3,5.2453,0.3416,0.0651
c2_59,1,1789033195.470886,3,5.2453,0.3416,0.0651
c2_59,1,1789033195.690886,3,5.2453,0.3416,0.0651
c2_59,1,1789033195.910886,3,5.2453,0.3416,0.0651
c2_59,1,1789033196.130886,3,5.2453,0.3416,0.0651
c2_59,1,1789033196.350886,3,5.2453,0.3416,0.0651
c2_59,1,1789033196.5708861,3,5.2453,0.3416,0.0651
c2_59,1,1789033196.7908862,3,5.2453,0.3416,0.0651
c2_59,1,1789033197.0108862,3,5.2453,0.3416,0.0651
c2_59,1,1789033197.2308862,3,5.2453,0.3416,0.0651
c2_59,1,1789033197.4508862,3,5.2453,0.3416,0.0651
c2_59,1,1789033197.6708863,3,5.2453,0.3416,0.0651
c2_59,1,1789033197.8908863,3,5.2453,0.3416,0.0651
c2_59,1,1789033198.1108863,3,5.2453,0.3416,0.0651
c2_59,1,1789033198.3308864,3,5.2453,0.3416,0.0651
c2_59,1,1789033198.5508864,4,5.1188,0.3313,0.0647
c2_59,1,1789033198.7708864,4,5.1188,0.3313,0.0647
c2_59,1,1789033198.9908864,4,5.1188,0.3313,0.0647
c2_59,1,1789033199.2108865,4,5.1188,0.3313,0.0647
c2_59,1,1789033199.4308865,4,5.1188,0.3313,0.0647
c2_59,1,1789033199.6508865,4,5.1188,0.3313,0.0647
c2_59,1,1789033199.8708866,4,5.1188,0.3313,0.0647
c2_59,1,1789033200.0908866,4,5.1188,0.3313,0.0647
c2_59,1,1789033200.3108866,4,5.1188,0.3313,0.0647
c2_59,1,1789033200.5308867,4,5.1188,0.3313,0.0647
c2_59,1,1789033200.7508867,4,5.1188,0.3313,0.0647
c2_59,1,1789033200.9708867,4,5.1188,0.3313,0.0647
c2_59,1,1789033201.1908867,4,5.1188,0.3313,0.0647
c2_59,1,1789033201.4108868,4,5.1188,0.3313,0.0647
c2_59,1,1789033201.6308868,4,5.1188,0.3313,0.0647
c2_59,1,1789033201.8508868,4,5.1188,0.3313,0.0647
c2_59,1,1789033202.0708869,4,5.1188,0.3313,0.0647
c2_59,1,1789033202.2908869,4,5.1188,0.3313,0.0647
c2_59,1,1789033202.510887,4,5.1188,0.3313,0.0647
c2_59,1,1789033202.730887,4,5.1188,0.3313,0.0647
c2_59,1,1789033202.950887,4,5.1188,0.3313,0.0647
c2_59,1,1789033203.170887,4,5.1188,0.3313,0.0647
c2_59,1,1789033203.390887,4,5.1188,0.3313,0.0647
c2_59,1,1789033203.610887,4,5.1188,0.3313,0.0647
c2_59,1,1789033203.830887,4,5.1188,0.3313,0.0647
c2_59,1,1789033204.050887,4,5.1188,0.3313,0.0647
c2_59,1,1789033204.2708871,5,5.2911,0.414,0.0782
c2_59,1,1789033204.4908872,5,5.2911,0.414,0.0782
c2_59,1,1789033204.7108872,5,5.2911,0.414,0.0782
c2_59,1,1789033204.9308872,5,5.2911,0.414,0.0782
c2_59,1,1789033205.1508873,5,5.2911,0.414,0.0782
c2_59,1,1789033205.3708873,5,5.2911,0.414,0.0782
c2_59,1,1789033205.5908873,5,5.2911,0.414,0.0782
c2_59,1,1789033205.8108873,5,5.2911,0.414,0.0782
c2_59,1,1789033206.0308874,5,5.2911,0.414,0.0782
c2_59,1,1789033206.2508874,5,5.2911,0.414,0.0782
c2_59,1,1789033206.4708874,5,5.2911,0.414,0.0782
c2_59,1,1789033206.6908875,5,5.2911,0.414,0.0782
c2_59,1,1789033206.9108875,5,5.2911,0.414,0.0782
c2_59,1,1789033207.1308875,5,5.2911,0.414,0.0782
c2_59,1,1789033207.3508875,5,5.2911,0.414,0.0782
c2_59,1,1789033207.5708876,5,5.2911,0.414,0.0782
c2_59,1,1789033207.7908876,5,5.2911,0.414,0.0782
c2_59,1,1789033208.0108876,5,5.2911,0.414,0.0782
c2_59,1,1789033208.2308877,5,5.2911,0.414,0.0782
c2_59,1,1789033208.4508877,5,5.2911,0.414,0.0782
c2_59,1,1789033208.6708877,5,5.2911,0.414,0.0782
c2_59,1,1789033208.8908877,5,5.2911,0.414,0.0782
c2_59,1,1789033209.1108878,5,5.2911,0.414,0.0782
c2_59,1,1789033209.3308878,6,5.226,0.3924,0.0751
c2_59,1,1789033209.5508878,6,5.226,0.3924,0.0751
c2_59,1,1789033209.7708879,6,5.226,0.3924,0.0751
c2_59,1,1789033209.9908879,6,5.226,0.3924,0.0751
c2_59,1,1789033210.210888,6,5.226,0.3924,0.0751
c2_59,1,1789033210.430888,6,5.226,0.3924,0.0751
c2_59,1,1789033210.650888,6,5.226,0.3924,0.0751
c2_59,1,1789033210.870888,6,5.226,0.3924,0.0751
c2_59,1,1789033211.090888,6,5.226,0.3924,0.0751
c2_59,1,1789033211.310888,6,5.226,0.3924,0.0751
c2_59,1,1789033211.530888,6,5.226,0.3924,0.0751
c2_59,1,1789033211.750888,6,5.226,0.3924,0.0751
c2_59,1,1789033211.9708881,6,5.226,0.3924,0.0751
c2_59,1,1789033212.1908882,6,5.226,0.3924,0.0751
c2_59,1,1789033212.4108882,6,5.226,0.3924,0.0751
c2_59,1,1789033212.6308882,6,5.226,0.3924,0.0751
c2_59,1,1789033212.8508883,6,5.226,0.3924,0.0751
c2_59,1,1789033213.0708883,6,5.226,0.3924,0.0751
c2_59,1,1789033213.2908883,6,5.226,0.3924,0.0751
c2_59,1,1789033213.5108883,6,5.226,0.3924,0.0751
c2_59,1,1789033213.7308884,6,5.226,0.3924,0.0751
c2_59,1,1789033213.9508884,7,5.1143,0.4367,0.0854
c2_59,1,1789033214.1708884,7,5.1143,0.4367,0.0854
c2_59,1,1789033214.3908885,7,5.1143,0.4367,0.0854
c2_59,1,1789033214.6108885,7,5.1143,0.4367,0.0854
c2_59,1,1789033214.8308885,7,5.1143,0.4367,0.0854
c2_59,1,1789033215.0508885,7,5.1143,0.4367,0.0854
c2_59,1,1789033215.2708886,7,5.1143,0.4367,0.0854
c2_59,1,1789033215.4908886,7,5.1143,0.4367,0.0854
c2_59,1,1789033215.7108886,7,5.1143,0.4367,0.0854
c2_59,1,1789033215.9308887,7,5.1143,0.4367,0.0854
c2_59,1,1789033216.1508887,7,5.1143,0.4367,0.0854
c2_59,1,1789033216.3708887,7,5.1143,0.4367,0.0854
c2_59,1,1789033216.5908887,7,5.1143,0.4367,0.0854
c2_59,1,1789033216.8108888,7,5.1143,0.4367,0.0854
c2_59,1,1789033217.0308888,7,5.1143,0.4367,0.0854
c2_59,1,1789033217.2508888,7,5.1143,0.4367,0.0854
c2_59,1,1789033217.4708889,7,5.1143,0.4367,0.0854
c2_59,1,1789033217.690889,7,5.1143,0.4367,0.0854
c2_59,1,1789033217.910889,7,5.1143,0.4367,0.0854
c2_59,1,1789033218.130889,7,5.1143,0.4367,0.0854
c2_59,1,1789033218.350889,7,5.1143,0.4367,0.0854
c2_59,1,1789033218.570889,7,5.1143,0.4367,0.0854
c2_59,1,1789033218.790889,7,5.1143,0.4367,0.0854
c2_59,1,1789033219.010889,7,5.1143,0.4367,0.0854
c2_59,1,1789033219.230889,7,5.1143,0.4367,0.0854
c2_59,1,1789033219.450889,7,5.1143,0.4367,0.0854
c2_59,1,1789033219.6708891,8,5.2039,0.4601,0.0884
c2_59,1,1789033219.8908892,8,5.2039,0.4601,0.0884
c2_59,1,1789033220.1108892,8,5.2039,0.4601,0.0884
c2_59,1,1789033220.3308892,8,5.2039,0.4601,0.0884
c2_59,1,1789033220.5508893,8,5.2039,0.4601,0.0884
c2_59,1,1789033220.7708893,8,5.2039,0.4601,0.0884
c2_59,1,1789033220.9908893,8,5.2039,0.4601,0.0884
c2_59,1,1789033221.2108893,8,5.2039,0.4601,0.0884
c2_59,1,1789033221.4308894,8,5.2039,0.4601,0.0884
c2_59,1,1789033221.6508894,8,5.2039,0.4601,0.0884
c2_59,1,1789033221.8708894,8,5.2039,0.4601,0.0884
c2_59,1,1789033222.0908895,8,5.2039,0.4601,0.0884
c2_59,1,1789033222.3108895,8,5.2039,0.4601,0.0884
c2_59,1,1789033222.5308895,8,5.2039,0.4601,0.0884
c2_59,1,1789033222.7508895,8,5.2039,0.4601,0.0884
c2_59,1,1789033222.9708896,8,5.2039,0.4601,0.0884
c2_59,1,1789033223.1908896,8,5.2039,0.4601,0.0884
c2_59,1,1789033223.4108896,8,5.2039,0.4601,0.0884
c2_59,1,1789033223.6308897,8,5.2039,0.4601,0.0884
c2_59,1,1789033223.8508897,8,5.2039,0.4601,0.0884
c2_59,1,1789033224.0708897,9,5.0979,0.5137,0.1008
c2_59,1,1789033224.2908897,9,5.0979,0.5137,0.1008
c2_59,1,1789033224.5108898,9,5.0979,0.5137,0.1008
c2_59,1,1789033224.7308898,9,5.0979,0.5137,0.1008
c2_59,1,1789033224.9508898,9,5.0979,0.5137,0.1008
c2_59,1,1789033225.1708899,9,5.0979,0.5137,0.1008
c2_59,1,1789033225.39089,9,5.0979,0.5137,0.1008
c2_59,1,1789033225.61089,9,5.0979,0.5137,0.1008
c2_59,1,1789033225.83089,9,5.0979,0.5137,0.1008
c2_59,1,1789033226.05089,9,5.0979,0.5137,0.1008
c2_59,1,1789033226.27089,9,5.0979,0.5137,0.1008
c2_59,1,1789033226.49089,9,5.0979,0.5137,0.1008
c2_59,1,1789033226.71089,9,5.0979,0.5137,0.1008
c2_59,1,1789033226.93089,9,5.0979,0.5137,0.1008
c2_59,1,1789033227.15089,9,5.0979,0.5137,0.1008
c2_59,1,1789033227.3708901,9,5.0979,0.5137,0.1008
c2_59,1,1789033227.5908902,9,5.0979,0.5137,0.1008
c2_59,1,1789033227.8108902,9,5.0979,0.5137,0.1008
c2_59,1,1789033228.0308902,9,5.0979,0.5137,0.1008
c2_59,1,1789033228.2508903,9,5.0979,0.5137,0.1008
c2_59,1,1789033228.4708903,10,5.0238,0.5277,0.105
c2_59,1,1789033228.6908903,10,5.0238,0.5277,0.105
c2_59,1,1789033228.9108903,10,5.0238,0.5277,0.105
c2_59,1,1789033229.1308904,10,5.0238,0.5277,0.105
c2_59,1,1789033229.3508904,10,5.0238,0.5277,0.105
c2_59,1,1789033229.5708904,10,5.0238,0.5277,0.105
c2_59,1,1789033229.7908905,10,5.0238,0.5277,0.105
c2_59,1,1789033230.0108905,10,5.0238,0.5277,0.105
c2_59,1,1789033230.2308905,10,5.0238,0.5277,0.105
c2_59,1,1789033230.4508905,10,5.0238,0.5277,0.105
c2_59,1,1789033230.6708906,10,5.0238,0.5277,0.105
c2_59,1,1789033230.8908906,10,5.0238,0.5277,0.105
c2_59,1,1789033231.1108906,10,5.0238,0.5277,0.105
c2_59,1,1789033231.3308907,10,5.0238,0.5277,0.105
c2_59,1,1789033231.5508907,10,5.0238,0.5277,0.105
c2_59,1,1789033231.7708907,10,5.0238,0.5277,0.105
c2_59,1,1789033231.9908907,10,5.0238,0.5277,0.105
c2_59,1,1789033232.2108908,10,5.0238,0.5277,0.105
c2_59,1,1789033232.4308908,10,5.0238,0.5277,0.105
c2_59,1,1789033232.6508908,10,5.0238,0.5277,0.105
c2_59,1,1789033232.8708909,10,5.0238,0.5277,0.105
c2_59,1,1789033233.090891,10,5.0238,0.5277,0.105
c2_59,1,1789033233.310891,10,5.0238,0.5277,0.105
c2_59,1,1789033233.530891,10,5.0238,0.5277,0.105
c2_59,1,1789033233.750891,11,5.064,0.515,0.1017
c2_59,1,1789033233.970891,11,5.064,0.515,0.1017
c2_59,1,1789033234.190891,11,5.064,0.515,0.1017
c2_59,1,1789033234.410891,11,5.064,0.515,0.1017
c2_59,1,1789033234.630891,11,5.064,0.515,0.1017
c2_59,1,1789033234.850891,11,5.064,0.515,0.1017
c2_59,1,1789033235.0708911,11,5.064,0.515,0.1017
c2_59,1,1789033235.2908912,11,5.064,0.515,0.1017
c2_59,1,1789033235.5108912,11,5.064,0.515,0.1017
c2_59,1,1789033235.7308912,11,5.064,0.515,0.1017
c2_59,1,1789033235.9508913,11,5.064,0.515,0.1017
c2_59,1,1789033236.1708913,11,5.064,0.515,0.1017
c2_59,1,1789033236.3908913,11,5.064,0.515,0.1017
c2_59,1,1789033236.6108913,11,5.064,0.515,0.1017
c2_59,1,1789033236.8308914,11,5.064,0.515,0.1017
c2_59,1,1789033237.0508914,11,5.064,0.515,0.1017
c2_59,1,1789033237.2708914,11,5.064,0.515,0.1017
c2_59,1,1789033237.4908915,11,5.064,0.515,0.1017
c2_59,1,1789033237.7108915,11,5.064,0.515,0.1017
c2_59,1,1789033237.9308915,11,5.064,0.515,0.1017
c2_59,1,1789033238.1508915,11,5.064,0.515,0.1017
c2_59,1,1789033238.3708916,12,5.0233,0.5076,0.101
c2_59,1,1789033238.5908916,12,5.0233,0.5076,0.101
c2_59,1,1789033238.8108916,12,5.0233,0.5076,0.101
c2_59,1,1789033239.0308917,12,5.0233,0.5076,0.101
c2_59,1,1789033239.2508917,12,5.0233,0.5076,0.101
c2_59,1,1789033239.4708917,12,5.0233,0.5076,0.101
c2_59,1,1789033239.6908917,12,5.0233,0.5076,0.101
c2_59,1,1789033239.9108918,12,5.0233,0.5076,0.101
c2_59,1,1789033240.1308918,12,5.0233,0.5076,0.101
c2_59,1,1789033240.3508918,12,5.0233,0.5076,0.101
c2_59,1,1789033240.5708919,12,5.0233,0.5076,0.101
c2_59,1,1789033240.790892,12,5.0233,0.5076,0.101
c2_59,1,1789033241.010892,12,5.0233,0.5076,0.101
c2_59,1,1789033241.230892,12,5.0233,0.5076,0.101
c2_59,1,1789033241.450892,12,5.0233,0.5076,0.101
c2_59,1,1789033241.670892,12,5.0233,0.5076,0.101
c2_59,1,1789033241.890892,12,5.0233,0.5076,0.101
c2_59,1,1789033242.110892,12,5.0233,0.5076,0.101
c2_59,1,1789033242.330892,12,5.0233,0.5076,0.101
c2_59,1,1789033242.550892,12,5.0233,0.5076,0.101
c2_59,1,1789033242.7708921,12,5.0233,0.5076,0.101
c2_59,1,1789033242.9908922,12,5.0233,0.5076,0.101
c2_59,1,1789033243.2108922,12,5.0233,0.5076,0.101
benign_60,0,1789033257.2692013,3,5.2798,2.3795,0.4507
benign_60,0,1789033257.4892013,3,5.2798,2.3795,0.4507
benign_60,0,1789033257.7092013,3,5.2798,2.3795,0.4507
benign_60,0,1789033257.9292014,3,5.2798,2.3795,0.4507
benign_60,0,1789033258.1492014,3,5.2798,2.3795,0.4507
benign_60,0,1789033258.3692014,3,5.2798,2.3795,0.4507
benign_60,0,1789033258.5892015,3,5.2798,2.3795,0.4507
benign_60,0,1789033258.8092015,3,5.2798,2.3795,0.4507
benign_60,0,1789033259.0292015,3,5.2798,2.3795,0.4507
benign_60,0,1789033259.2492015,3,5.2798,2.3795,0.4507
benign_60,0,1789033259.4692016,3,5.2798,2.3795,0.4507
benign_60,0,1789033259.6892016,3,5.2798,2.3795,0.4507
benign_60,0,1789033259.9092016,3,5.2798,2.3795,0.4507
benign_60,0,1789033260.1292017,3,5.2798,2.3795,0.4507
c2_60,1,1789033272.111783,3,3.4497,0.3189,0.0924
c2_60,1,1789033272.331783,3,3.4497,0.3189,0.0924
c2_60,1,1789033272.551783,3,3.4497,0.3189,0.0924
c2_60,1,1789033272.771783,3,3.4497,0.3189,0.0924
c2_60,1,1789033272.9917831,3,3.4497,0.3189,0.0924
c2_60,1,1789033273.2117832,3,3.4497,0.3189,0.0924
c2_60,1,1789033273.4317832,3,3.4497,0.3189,0.0924
c2_60,1,1789033273.6517832,3,3.4497,0.3189,0.0924
c2_60,1,1789033273.8717833,3,3.4497,0.3189,0.0924
c2_60,1,1789033274.0917833,3,3.4497,0.3189,0.0924
c2_60,1,1789033274.3117833,3,3.4497,0.3189,0.0924
c2_60,1,1789033274.5317833,3,3.4497,0.3189,0.0924
c2_60,1,1789033274.7517834,3,3.4497,0.3189,0.0924
c2_60,1,1789033274.9717834,3,3.4497,0.3189,0.0924
c2_60,1,1789033275.1917834,3,3.4497,0.3189,0.0924
c2_60,1,1789033275.4117835,3,3.4497,0.3189,0.0924
c2_60,1,1789033275.6317835,4,3.495,0.2681,0.0767
c2_60,1,1789033275.8517835,4,3.495,0.2681,0.0767
c2_60,1,1789033276.0717835,4,3.495,0.2681,0.0767
c2_60,1,1789033276.2917836,4,3.495,0.2681,0.0767
c2_60,1,1789033276.5117836,4,3.495,0.2681,0.0767
c2_60,1,1789033276.7317836,4,3.495,0.2681,0.0767
c2_60,1,1789033276.9517837,4,3.495,0.2681,0.0767
c2_60,1,1789033277.1717837,4,3.495,0.2681,0.0767
c2_60,1,1789033277.3917837,4,3.495,0.2681,0.0767
c2_60,1,1789033277.6117837,4,3.495,0.2681,0.0767
c2_60,1,1789033277.8317838,4,3.495,0.2681,0.0767
c2_60,1,1789033278.0517838,4,3.495,0.2681,0.0767
c2_60,1,1789033278.2717838,4,3.495,0.2681,0.0767
c2_60,1,1789033278.4917839,4,3.495,0.2681,0.0767
c2_60,1,1789033278.711784,4,3.495,0.2681,0.0767
c2_60,1,1789033278.931784,4,3.495,0.2681,0.0767
c2_60,1,1789033279.151784,4,3.495,0.2681,0.0767
c2_60,1,1789033279.371784,4,3.495,0.2681,0.0767
c2_60,1,1789033279.591784,4,3.495,0.2681,0.0767
c2_60,1,1789033279.811784,5,3.6537,0.3597,0.0985
c2_60,1,1789033280.031784,5,3.6537,0.3597,0.0985
c2_60,1,1789033280.251784,5,3.6537,0.3597,0.0985
c2_60,1,1789033280.471784,5,3.6537,0.3597,0.0985
c2_60,1,1789033280.6917841,5,3.6537,0.3597,0.0985
c2_60,1,1789033280.9117842,5,3.6537,0.3597,0.0985
c2_60,1,1789033281.1317842,5,3.6537,0.3597,0.0985
c2_60,1,1789033281.3517842,5,3.6537,0.3597,0.0985
c2_60,1,1789033281.5717843,5,3.6537,0.3597,0.0985
c2_60,1,1789033281.7917843,5,3.6537,0.3597,0.0985
c2_60,1,1789033282.0117843,5,3.6537,0.3597,0.0985
c2_60,1,1789033282.2317843,5,3.6537,0.3597,0.0985
c2_60,1,1789033282.4517844,5,3.6537,0.3597,0.0985
c2_60,1,1789033282.6717844,5,3.6537,0.3597,0.0985
c2_60,1,1789033282.8917844,6,3.5697,0.363,0.1017
c2_60,1,1789033283.1117845,6,3.5697,0.363,0.1017
c2_60,1,1789033283.3317845,6,3.5697,0.363,0.1017
c2_60,1,1789033283.5517845,6,3.5697,0.363,0.1017
c2_60,1,1789033283.7717845,6,3.5697,0.363,0.1017
c2_60,1,1789033283.9917846,6,3.5697,0.363,0.1017
c2_60,1,1789033284.2117846,6,3.5697,0.363,0.1017
c2_60,1,1789033284.4317846,6,3.5697,0.363,0.1017
c2_60,1,1789033284.6517847,6,3.5697,0.363,0.1017
c2_60,1,1789033284.8717847,6,3.5697,0.363,0.1017
c2_60,1,1789033285.0917847,6,3.5697,0.363,0.1017
c2_60,1,1789033285.3117847,6,3.5697,0.363,0.1017
c2_60,1,1789033285.5317848,6,3.5697,0.363,0.1017
c2_60,1,1789033285.7517848,6,3.5697,0.363,0.1017
c2_60,1,1789033285.9717848,6,3.5697,0.363,0.1017
c2_60,1,1789033286.1917849,6,3.5697,0.363,0.1017
c2_60,1,1789033286.411785,6,3.5697,0.363,0.1017
c2_60,1,1789033286.631785,7,3.5885,0.334,0.0931
c2_60,1,1789033286.851785,7,3.5885,0.334,0.0931
c2_60,1,1789033287.071785,7,3.5885,0.334,0.0931
c2_60,1,1789033287.291785,7,3.5885,0.334,0.0931
c2_60,1,1789033287.511785,7,3.5885,0.334,0.0931
c2_60,1,1789033287.731785,7,3.5885,0.334,0.0931
c2_60,1,1789033287.951785,7,3.5885,0.334,0.0931
c2_60,1,1789033288.171785,7,3.5885,0.334,0.0931
c2_60,1,1789033288.3917851,7,3.5885,0.334,0.0931
c2_60,1,1789033288.6117852,7,3.5885,0.334,0.0931
c2_60,1,1789033288.8317852,7,3.5885,0.334,0.0931
c2_60,1,1789033289.0517852,7,3.5885,0.334,0.0931
c2_60,1,1789033289.2717853,7,3.5885,0.334,0.0931
c2_60,1,1789033289.4917853,7,3.5885,0.334,0.0931
c2_60,1,1789033289.7117853,7,3.5885,0.334,0.0931
c2_60,1,1789033289.9317853,7,3.5885,0.334,0.0931
c2_60,1,1789033290.1517854,7,3.5885,0.334,0.0931
c2_60,1,1789033290.3717854,7,3.5885,0.334,0.0931
c2_60,1,1789033290.5917854,8,3.6448,0.3386,0.0929
c2_60,1,1789033290.8117855,8,3.6448,0.3386,0.0929
c2_60,1,1789033291.0317855,8,3.6448,0.3386,0.0929
c2_60,1,1789033291.2517855,8,3.6448,0.3386,0.0929
c2_60,1,1789033291.4717855,8,3.6448,0.3386,0.0929
c2_60,1,1789033291.6917856,8,3.6448,0.3386,0.0929
c2_60,1,1789033291.9117856,8,3.6448,0.3386,0.0929
c2_60,1,1789033292.1317856,8,3.6448,0.3386,0.0929
c2_60,1,1789033292.3517857,8,3.6448,0.3386,0.0929
c2_60,1,1789033292.5717857,8,3.6448,0.3386,0.0929
c2_60,1,1789033292.7917857,8,3.6448,0.3386,0.0929
c2_60,1,1789033293.0117857,8,3.6448,0.3386,0.0929
c2_60,1,1789033293.2317858,8,3.6448,0.3386,0.0929
c2_60,1,1789033293.4517858,8,3.6448,0.3386,0.0929
c2_60,1,1789033293.6717858,8,3.6448,0.3386,0.0929
c2_60,1,1789033293.8917859,9,3.5974,0.3407,0.0947
c2_60,1,1789033294.111786,9,3.5974,0.3407,0.0947
c2_60,1,1789033294.331786,9,3.5974,0.3407,0.0947
c2_60,1,1789033294.551786,9,3.5974,0.3407,0.0947
c2_60,1,1789033294.771786,9,3.5974,0.3407,0.0947
c2_60,1,1789033294.991786,9,3.5974,0.3407,0.0947
c2_60,1,1789033295.211786,9,3.5974,0.3407,0.0947
c2_60,1,1789033295.431786,9,3.5974,0.3407,0.0947
c2_60,1,1789033295.651786,9,3.5974,0.3407,0.0947
c2_60,1,1789033295.871786,9,3.5974,0.3407,0.0947
c2_60,1,1789033296.0917861,9,3.5974,0.3407,0.0947
c2_60,1,1789033296.3117862,9,3.5974,0.3407,0.0947
c2_60,1,1789033296.5317862,9,3.5974,0.3407,0.0947
c2_60,1,1789033296.7517862,9,3.5974,0.3407,0.0947
c2_60,1,1789033296.9717863,9,3.5974,0.3407,0.0947
c2_60,1,1789033297.1917863,9,3.5974,0.3407,0.0947
c2_60,1,1789033297.4117863,9,3.5974,0.3407,0.0947
benign_61,0,1789033309.928575,3,3.3968,1.8617,0.5481
benign_61,0,1789033310.148575,3,3.3968,1.8617,0.5481
benign_61,0,1789033310.368575,3,3.3968,1.8617,0.5481
benign_61,0,1789033310.5885751,3,3.3968,1.8617,0.5481
benign_61,0,1789033310.8085752,3,3.3968,1.8617,0.5481
benign_61,0,1789033311.0285752,3,3.3968,1.8617,0.5481
benign_61,0,1789033311.2485752,3,3.3968,1.8617,0.5481
benign_61,0,1789033311.4685752,3,3.3968,1.8617,0.5481
benign_61,0,1789033311.6885753,4,2.8936,1.6784,0.58
benign_61,0,1789033311.9085753,4,2.8936,1.6784,0.58
benign_61,0,1789033312.1285753,4,2.8936,1.6784,0.58
benign_61,0,1789033312.3485754,4,2.8936,1.6784,0.58
benign_61,0,1789033312.5685754,4,2.8936,1.6784,0.58
benign_61,0,1789033312.7885754,4,2.8936,1.6784,0.58
benign_61,0,1789033313.0085754,4,2.8936,1.6784,0.58
benign_61,0,1789033313.2285755,4,2.8936,1.6784,0.58
benign_61,0,1789033313.4485755,4,2.8936,1.6784,0.58
benign_61,0,1789033313.6685755,5,2.6675,1.5053,0.5643
benign_61,0,1789033313.8885756,5,2.6675,1.5053,0.5643
benign_61,0,1789033314.1085756,6,2.2135,1.624,0.7337
benign_61,0,1789033314.3285756,6,2.2135,1.624,0.7337
benign_61,0,1789033314.5485756,6,2.2135,1.624,0.7337
benign_61,0,1789033314.7685757,6,2.2135,1.624,0.7337
benign_61,0,1789033314.9885757,6,2.2135,1.624,0.7337
benign_61,0,1789033315.2085757,6,2.2135,1.624,0.7337
benign_61,0,1789033315.4285758,6,2.2135,1.624,0.7337
benign_61,0,1789033315.6485758,6,2.2135,1.624,0.7337
benign_61,0,1789033315.8685758,6,2.2135,1.624,0.7337
benign_61,0,1789033316.0885758,6,2.2135,1.624,0.7337
benign_61,0,1789033316.3085759,6,2.2135,1.624,0.7337
benign_61,0,1789033316.528576,6,2.2135,1.624,0.7337
c2_61,1,1789033332.1560938,3,5.1329,0.6774,0.132
c2_61,1,1789033332.3760939,3,5.1329,0.6774,0.132
c2_61,1,1789033332.596094,3,5.1329,0.6774,0.132
c2_61,1,1789033332.816094,3,5.1329,0.6774,0.132
c2_61,1,1789033333.036094,3,5.1329,0.6774,0.132
c2_61,1,1789033333.256094,3,5.1329,0.6774,0.132
c2_61,1,1789033333.476094,3,5.1329,0.6774,0.132
c2_61,1,1789033333.696094,3,5.1329,0.6774,0.132
c2_61,1,1789033333.916094,3,5.1329,0.6774,0.132
c2_61,1,1789033334.136094,3,5.1329,0.6774,0.132
c2_61,1,1789033334.3560941,3,5.1329,0.6774,0.132
c2_61,1,1789033334.5760942,3,5.1329,0.6774,0.132
c2_61,1,1789033334.7960942,3,5.1329,0.6774,0.132
c2_61,1,1789033335.0160942,3,5.1329,0.6774,0.132
c2_61,1,1789033335.2360942,3,5.1329,0.6774,0.132
c2_61,1,1789033335.4560943,3,5.1329,0.6774,0.132
c2_61,1,1789033335.6760943,3,5.1329,0.6774,0.132
c2_61,1,1789033335.8960943,3,5.1329,0.6774,0.132
c2_61,1,1789033336.1160944,3,5.1329,0.6774,0.132
c2_61,1,1789033336.3360944,3,5.1329,0.6774,0.132
c2_61,1,1789033336.5560944,3,5.1329,0.6774,0.132
c2_61,1,1789033336.7760944,3,5.1329,0.6774,0.132
c2_61,1,1789033336.9960945,3,5.1329,0.6774,0.132
c2_61,1,1789033337.2160945,3,5.1329,0.6774,0.132
c2_61,1,1789033337.4360945,3,5.1329,0.6774,0.132
c2_61,1,1789033337.6560946,3,5.1329,0.6774,0.132
c2_61,1,1789033337.8760946,4,5.3228,0.6149,0.1155
c2_61,1,1789033338.0960946,4,5.3228,0.6149,0.1155
c2_61,1,1789033338.3160946,4,5.3228,0.6149,0.1155
c2_61,1,1789033338.5360947,4,5.3228,0.6149,0.1155
c2_61,1,1789033338.7560947,4,5.3228,0.6149,0.1155
c2_61,1,1789033338.9760947,4,5.3228,0.6149,0.1155
c2_61,1,1789033339.1960948,4,5.3228,0.6149,0.1155
c2_61,1,1789033339.4160948,4,5.3228,0.6149,0.1155
c2_61,1,1789033339.6360948,4,5.3228,0.6149,0.1155
c2_61,1,1789033339.8560948,4,5.3228,0.6149,0.1155
c2_61,1,1789033340.0760949,4,5.3228,0.6149,0.1155
c2_61,1,1789033340.296095,4,5.3228,0.6149,0.1155
c2_61,1,1789033340.516095,4,5.3228,0.6149,0.1155
c2_61,1,1789033340.736095,4,5.3228,0.6149,0.1155
c2_61,1,1789033340.956095,4,5.3228,0.6149,0.1155
c2_61,1,1789033341.176095,4,5.3228,0.6149,0.1155
c2_61,1,1789033341.396095,4,5.3228,0.6149,0.1155
c2_61,1,1789033341.616095,4,5.3228,0.6149,0.1155
c2_61,1,1789033341.836095,4,5.3228,0.6149,0.1155
c2_61,1,1789033342.0560951,4,5.3228,0.6149,0.1155
c2_61,1,1789033342.2760952,4,5.3228,0.6149,0.1155
c2_61,1,1789033342.4960952,4,5.3228,0.6149,0.1155
c2_61,1,1789033342.7160952,4,5.3228,0.6149,0.1155
c2_61,1,1789033342.9360952,4,5.3228,0.6149,0.1155
c2_61,1,1789033343.1560953,4,5.3228,0.6149,0.1155
c2_61,1,1789033343.3760953,5,5.3655,0.5376,0.1002
c2_61,1,1789033343.5960953,5,5.3655,0.5376,0.1002
c2_61,1,1789033343.8160954,5,5.3655,0.5376,0.1002
c2_61,1,1789033344.0360954,5,5.3655,0.5376,0.1002
c2_61,1,1789033344.2560954,5,5.3655,0.5376,0.1002
c2_61,1,1789033344.4760954,5,5.3655,0.5376,0.1002
c2_61,1,1789033344.6960955,5,5.3655,0.5376,0.1002
c2_61,1,1789033344.9160955,5,5.3655,0.5376,0.1002
c2_61,1,1789033345.1360955,5,5.3655,0.5376,0.1002
c2_61,1,1789033345.3560956,5,5.3655,0.5376,0.1002
c2_61,1,1789033345.5760956,5,5.3655,0.5376,0.1002
c2_61,1,1789033345.7960956,5,5.3655,0.5376,0.1002
c2_61,1,1789033346.0160956,5,5.3655,0.5376,0.1002
c2_61,1,1789033346.2360957,5,5.3655,0.5376,0.1002
c2_61,1,1789033346.4560957,5,5.3655,0.5376,0.1002
c2_61,1,1789033346.6760957,5,5.3655,0.5376,0.1002
c2_61,1,1789033346.8960958,5,5.3655,0.5376,0.1002
c2_61,1,1789033347.1160958,5,5.3655,0.5376,0.1002
c2_61,1,1789033347.3360958,5,5.3655,0.5376,0.1002
c2_61,1,1789033347.5560958,5,5.3655,0.5376,0.1002
c2_61,1,1789033347.7760959,5,5.3655,0.5376,0.1002
c2_61,1,1789033347.996096,5,5.3655,0.5376,0.1002
c2_61,1,1789033348.216096,6,5.2821,0.5089,0.0964
c2_61,1,1789033348.436096,6,5.2821,0.5089,0.0964
c2_61,1,1789033348.656096,6,5.2821,0.5089,0.0964
c2_61,1,1789033348.876096,6,5.2821,0.5089,0.0964
c2_61,1,1789033349.096096,6,5.2821,0.5089,0.0964
c2_61,1,1789033349.316096,6,5.2821,0.5089,0.0964
c2_61,1,1789033349.536096,6,5.2821,0.5089,0.0964
c2_61,1,1789033349.7560961,6,5.2821,0.5089,0.0964
c2_61,1,1789033349.9760962,6,5.2821,0.5089,0.0964
c2_61,1,1789033350.1960962,6,5.2821,0.5089,0.0964
c2_61,1,1789033350.4160962,6,5.2821,0.5089,0.0964
c2_61,1,1789033350.6360962,6,5.2821,0.5089,0.0964
c2_61,1,1789033350.8560963,6,5.2821,0.5089,0.0964
c2_61,1,1789033351.0760963,6,5.2821,0.5089,0.0964
c2_61,1,1789033351.2960963,6,5.2821,0.5089,0.0964
c2_61,1,1789033351.5160964,6,5.2821,0.5089,0.0964
c2_61,1,1789033351.7360964,6,5.2821,0.5089,0.0964
c2_61,1,1789033351.9560964,6,5.2821,0.5089,0.0964
c2_61,1,1789033352.1760964,6,5.2821,0.5089,0.0964
c2_61,1,1789033352.3960965,6,5.2821,0.5089,0.0964
c2_61,1,1789033352.6160965,6,5.2821,0.5089,0.0964
c2_61,1,1789033352.8360965,6,5.2821,0.5089,0.0964
c2_61,1,1789033353.0560966,6,5.2821,0.5089,0.0964
c2_61,1,1789033353.2760966,6,5.2821,0.5089,0.0964
c2_61,1,1789033353.4960966,6,5.2821,0.5089,0.0964
c2_61,1,1789033353.7160966,6,5.2821,0.5089,0.0964
c2_61,1,1789033353.9360967,7,5.3423,0.4837,0.0905
c2_61,1,1789033354.1560967,7,5.3423,0.4837,0.0905
c2_61,1,1789033354.3760967,7,5.3423,0.4837,0.0905
c2_61,1,1789033354.5960968,7,5.3423,0.4837,0.0905
c2_61,1,1789033354.8160968,7,5.3423,0.4837,0.0905
c2_61,1,1789033355.0360968,7,5.3423,0.4837,0.0905
c2_61,1,1789033355.2560968,7,5.3423,0.4837,0.0905
c2_61,1,1789033355.4760969,7,5.3423,0.4837,0.0905
c2_61,1,1789033355.696097,7,5.3423,0.4837,0.0905
c2_61,1,1789033355.916097,7,5.3423,0.4837,0.0905
c2_61,1,1789033356.136097,7,5.3423,0.4837,0.0905
c2_61,1,1789033356.356097,7,5.3423,0.4837,0.0905
c2_61,1,1789033356.576097,7,5.3423,0.4837,0.0905
c2_61,1,1789033356.796097,7,5.3423,0.4837,0.0905
c2_61,1,1789033357.016097,7,5.3423,0.4837,0.0905
c2_61,1,1789033357.236097,7,5.3423,0.4837,0.0905
c2_61,1,1789033357.4560971,7,5.3423,0.4837,0.0905
c2_61,1,1789033357.6760972,7,5.3423,0.4837,0.0905
c2_61,1,1789033357.8960972,7,5.3423,0.4837,0.0905
c2_61,1,1789033358.1160972,7,5.3423,0.4837,0.0905
c2_61,1,1789033358.3360972,7,5.3423,0.4837,0.0905
c2_61,1,1789033358.5560973,7,5.3423,0.4837,0.0905
c2_61,1,1789033358.7760973,7,5.3423,0.4837,0.0905
c2_61,1,1789033358.9960973,7,5.3423,0.4837,0.0905
c2_61,1,1789033359.2160974,8,5.322,0.4506,0.0847
c2_61,1,1789033359.4360974,8,5.322,0.4506,0.0847
c2_61,1,1789033359.6560974,8,5.322,0.4506,0.0847
c2_61,1,1789033359.8760974,8,5.322,0.4506,0.0847
c2_61,1,1789033360.0960975,8,5.322,0.4506,0.0847
c2_61,1,1789033360.3160975,8,5.322,0.4506,0.0847
c2_61,1,1789033360.5360975,8,5.322,0.4506,0.0847
c2_61,1,1789033360.7560976,8,5.322,0.4506,0.0847
c2_61,1,1789033360.9760976,8,5.322,0.4506,0.0847
c2_61,1,1789033361.1960976,8,5.322,0.4506,0.0847
c2_61,1,1789033361.4160976,8,5.322,0.4506,0.0847
c2_61,1,1789033361.6360977,8,5.322,0.4506,0.0847
c2_61,1,1789033361.8560977,8,5.322,0.4506,0.0847
c2_61,1,1789033362.0760977,8,5.322,0.4506,0.0847
c2_61,1,1789033362.2960978,8,5.322,0.4506,0.0847
c2_61,1,1789033362.5160978,8,5.322,0.4506,0.0847
c2_61,1,1789033362.7360978,8,5.322,0.4506,0.0847
c2_61,1,1789033362.9560978,8,5.322,0.4506,0.0847
c2_61,1,1789033363.1760979,8,5.322,0.4506,0.0847
c2_61,1,1789033363.396098,8,5.322,0.4506,0.0847
c2_61,1,1789033363.616098,8,5.322,0.4506,0.0847
c2_61,1,1789033363.836098,8,5.322,0.4506,0.0847
c2_61,1,1789033364.056098,8,5.322,0.4506,0.0847
c2_61,1,1789033364.276098,8,5.322,0.4506,0.0847
c2_61,1,1789033364.496098,8,5.322,0.4506,0.0847
c2_61,1,1789033364.716098,9,5.367,0.438,0.0816
c2_61,1,1789033364.936098,9,5.367,0.438,0.0816
c2_61,1,1789033365.1560981,9,5.367,0.438,0.0816
c2_61,1,1789033365.3760982,9,5.367,0.438,0.0816
c2_61,1,1789033365.5960982,9,5.367,0.438,0.0816
c2_61,1,1789033365.8160982,9,5.367,0.438,0.0816
c2_61,1,1789033366.0360982,9,5.367,0.438,0.0816
c2_61,1,1789033366.2560983,9,5.367,0.438,0.0816
c2_61,1,1789033366.4760983,9,5.367,0.438,0.0816
c2_61,1,1789033366.6960983,9,5.367,0.438,0.0816
c2_61,1,1789033366.9160984,9,5.367,0.438,0.0816
c2_61,1,1789033367.1360984,9,5.367,0.438,0.0816
c2_61,1,1789033367.3560984,9,5.367,0.438,0.0816
c2_61,1,1789033367.5760984,9,5.367,0.438,0.0816
c2_61,1,1789033367.7960985,9,5.367,0.438,0.0816
c2_61,1,1789033368.0160985,9,5.367,0.438,0.0816
c2_61,1,1789033368.2360985,9,5.367,0.438,0.0816
c2_61,1,1789033368.4560986,9,5.367,0.438,0.0816
c2_61,1,1789033368.6760986,9,5.367,0.438,0.0816
c2_61,1,1789033368.8960986,9,5.367,0.438,0.0816
c2_61,1,1789033369.1160986,9,5.367,0.438,0.0816
c2_61,1,1789033369.3360987,9,5.367,0.438,0.0816
c2_61,1,1789033369.5560987,9,5.367,0.438,0.0816
c2_61,1,1789033369.7760987,10,5.3175,0.4361,0.082
c2_61,1,1789033369.9960988,10,5.3175,0.4361,0.082
c2_61,1,1789033370.2160988,10,5.3175,0.4361,0.082
c2_61,1,1789033370.4360988,10,5.3175,0.4361,0.082
c2_61,1,1789033370.6560988,10,5.3175,0.4361,0.082
c2_61,1,1789033370.8760989,10,5.3175,0.4361,0.082
c2_61,1,1789033371.096099,10,5.3175,0.4361,0.082
c2_61,1,1789033371.316099,10,5.3175,0.4361,0.082
c2_61,1,1789033371.536099,10,5.3175,0.4361,0.082
c2_61,1,1789033371.756099,10,5.3175,0.4361,0.082
c2_61,1,1789033371.976099,10,5.3175,0.4361,0.082
c2_61,1,1789033372.196099,10,5.3175,0.4361,0.082
c2_61,1,1789033372.416099,10,5.3175,0.4361,0.082
c2_61,1,1789033372.636099,10,5.3175,0.4361,0.082
c2_61,1,1789033372.8560991,10,5.3175,0.4361,0.082
c2_61,1,1789033373.0760992,10,5.3175,0.4361,0.082
c2_61,1,1789033373.2960992,10,5.3175,0.4361,0.082
c2_61,1,1789033373.5160992,10,5.3175,0.4361,0.082
c2_61,1,1789033373.7360992,10,5.3175,0.4361,0.082
c2_61,1,1789033373.9560993,10,5.3175,0.4361,0.082
c2_61,1,1789033374.1760993,10,5.3175,0.4361,0.082
c2_61,1,1789033374.3960993,10,5.3175,0.4361,0.082
c2_61,1,1789033374.6160994,10,5.3175,0.4361,0.082
c2_61,1,1789033374.8360994,10,5.3175,0.4361,0.082
benign_62,0,1789033397.7795231,3,6.4879,0.6605,0.1018
benign_62,0,1789033397.9995232,3,6.4879,0.6605,0.1018
benign_62,0,1789033398.2195232,3,6.4879,0.6605,0.1018
benign_62,0,1789033398.4395232,3,6.4879,0.6605,0.1018
benign_62,0,1789033398.6595232,3,6.4879,0.6605,0.1018
benign_62,0,1789033398.8795233,4,4.7275,2.5474,0.5389
benign_62,0,1789033399.0995233,4,4.7275,2.5474,0.5389
benign_62,0,1789033399.3195233,4,4.7275,2.5474,0.5389
benign_62,0,1789033399.5395234,4,4.7275,2.5474,0.5389
benign_62,0,1789033399.7595234,4,4.7275,2.5474,0.5389
benign_62,0,1789033399.9795234,4,4.7275,2.5474,0.5389
benign_62,0,1789033400.1995234,4,4.7275,2.5474,0.5389
benign_62,0,1789033400.4195235,4,4.7275,2.5474,0.5389
benign_62,0,1789033400.6395235,4,4.7275,2.5474,0.5389
benign_62,0,1789033400.8595235,4,4.7275,2.5474,0.5389
benign_62,0,1789033401.0795236,4,4.7275,2.5474,0.5389
benign_62,0,1789033401.2995236,4,4.7275,2.5474,0.5389
c2_62,1,1789033419.0273077,3,5.6815,0.6256,0.1101
c2_62,1,1789033419.2473078,3,5.6815,0.6256,0.1101
c2_62,1,1789033419.4673078,3,5.6815,0.6256,0.1101
c2_62,1,1789033419.6873078,3,5.6815,0.6256,0.1101
c2_62,1,1789033419.9073079,3,5.6815,0.6256,0.1101
c2_62,1,1789033420.127308,3,5.6815,0.6256,0.1101
c2_62,1,1789033420.347308,3,5.6815,0.6256,0.1101
c2_62,1,1789033420.567308,3,5.6815,0.6256,0.1101
c2_62,1,1789033420.787308,3,5.6815,0.6256,0.1101
c2_62,1,1789033421.007308,3,5.6815,0.6256,0.1101
c2_62,1,1789033421.227308,3,5.6815,0.6256,0.1101
c2_62,1,1789033421.447308,3,5.6815,0.6256,0.1101
c2_62,1,1789033421.667308,3,5.6815,0.6256,0.1101
c2_62,1,1789033421.8873081,3,5.6815,0.6256,0.1101
c2_62,1,1789033422.1073081,3,5.6815,0.6256,0.1101
c2_62,1,1789033422.3273082,3,5.6815,0.6256,0.1101
c2_62,1,1789033422.5473082,3,5.6815,0.6256,0.1101
c2_62,1,1789033422.7673082,3,5.6815,0.6256,0.1101
c2_62,1,1789033422.9873083,3,5.6815,0.6256,0.1101
c2_62,1,1789033423.2073083,3,5.6815,0.6256,0.1101
c2_62,1,1789033423.4273083,3,5.6815,0.6256,0.1101
c2_62,1,1789033423.6473083,3,5.6815,0.6256,0.1101
c2_62,1,1789033423.8673084,3,5.6815,0.6256,0.1101
c2_62,1,1789033424.0873084,3,5.6815,0.6256,0.1101
c2_62,1,1789033424.3073084,3,5.6815,0.6256,0.1101
c2_62,1,1789033424.5273085,3,5.6815,0.6256,0.1101
c2_62,1,1789033424.7473085,4,5.6848,0.5108,0.0899
c2_62,1,1789033424.9673085,4,5.6848,0.5108,0.0899
c2_62,1,1789033425.1873085,4,5.6848,0.5108,0.0899
c2_62,1,1789033425.4073086,4,5.6848,0.5108,0.0899
c2_62,1,1789033425.6273086,4,5.6848,0.5108,0.0899
c2_62,1,1789033425.8473086,4,5.6848,0.5108,0.0899
c2_62,1,1789033426.0673087,4,5.6848,0.5108,0.0899
c2_62,1,1789033426.2873087,4,5.6848,0.5108,0.0899
c2_62,1,1789033426.5073087,4,5.6848,0.5108,0.0899
c2_62,1,1789033426.7273088,4,5.6848,0.5108,0.0899
c2_62,1,1789033426.9473088,4,5.6848,0.5108,0.0899
c2_62,1,1789033427.1673088,4,5.6848,0.5108,0.0899
c2_62,1,1789033427.3873088,4,5.6848,0.5108,0.0899
c2_62,1,1789033427.6073089,4,5.6848,0.5108,0.0899
c2_62,1,1789033427.827309,4,5.6848,0.5108,0.0899
c2_62,1,1789033428.047309,4,5.6848,0.5108,0.0899
c2_62,1,1789033428.267309,4,5.6848,0.5108,0.0899
c2_62,1,1789033428.487309,4,5.6848,0.5108,0.0899
c2_62,1,1789033428.707309,4,5.6848,0.5108,0.0899
c2_62,1,1789033428.927309,4,5.6848,0.5108,0.0899
c2_62,1,1789033429.147309,4,5.6848,0.5108,0.0899
c2_62,1,1789033429.367309,4,5.6848,0.5108,0.0899
c2_62,1,1789033429.5873091,4,5.6848,0.5108,0.0899
c2_62,1,1789033429.8073092,4,5.6848,0.5108,0.0899
c2_62,1,1789033430.0273092,4,5.6848,0.5108,0.0899
c2_62,1,1789033430.2473092,5,5.6352,0.4506,0.08
c2_62,1,1789033430.4673092,5,5.6352,0.4506,0.08
c2_62,1,1789033430.6873093,5,5.6352,0.4506,0.08
c2_62,1,1789033430.9073093,5,5.6352,0.4506,0.08
c2_62,1,1789033431.1273093,5,5.6352,0.4506,0.08
c2_62,1,1789033431.3473094,5,5.6352,0.4506,0.08
c2_62,1,1789033431.5673094,5,5.6352,0.4506,0.08
c2_62,1,1789033431.7873094,5,5.6352,0.4506,0.08
c2_62,1,1789033432.0073094,5,5.6352,0.4506,0.08
c2_62,1,1789033432.2273095,5,5.6352,0.4506,0.08
c2_62,1,1789033432.4473095,5,5.6352,0.4506,0.08
c2_62,1,1789033432.6673095,5,5.6352,0.4506,0.08
c2_62,1,1789033432.8873096,5,5.6352,0.4506,0.08
c2_62,1,1789033433.1073096,5,5.6352,0.4506,0.08
c2_62,1,1789033433.3273096,5,5.6352,0.4506,0.08
c2_62,1,1789033433.5473096,5,5.6352,0.4506,0.08
c2_62,1,1789033433.7673097,5,5.6352,0.4506,0.08
c2_62,1,1789033433.9873097,5,5.6352,0.4506,0.08
c2_62,1,1789033434.2073097,5,5.6352,0.4506,0.08
c2_62,1,1789033434.4273098,5,5.6352,0.4506,0.08
c2_62,1,1789033434.6473098,5,5.6352,0.4506,0.08
c2_62,1,1789033434.8673098,5,5.6352,0.4506,0.08
c2_62,1,1789033435.0873098,5,5.6352,0.4506,0.08
c2_62,1,1789033435.3073099,5,5.6352,0.4506,0.08
c2_62,1,1789033435.52731,5,5.6352,0.4506,0.08
c2_62,1,1789033435.74731,5,5.6352,0.4506,0.08
c2_62,1,1789033435.96731,5,5.6352,0.4506,0.08
c2_62,1,1789033436.18731,5,5.6352,0.4506,0.08
c2_62,1,1789033436.40731,6,5.7422,0.4563,0.0795
c2_62,1,1789033436.62731,6,5.7422,0.4563,0.0795
c2_62,1,1789033436.84731,6,5.7422,0.4563,0.0795
c2_62,1,1789033437.06731,6,5.7422,0.4563,0.0795
c2_62,1,1789033437.2873101,6,5.7422,0.4563,0.0795
c2_62,1,1789033437.5073102,6,5.7422,0.4563,0.0795
c2_62,1,1789033437.7273102,6,5.7422,0.4563,0.0795
c2_62,1,1789033437.9473102,6,5.7422,0.4563,0.0795
c2_62,1,1789033438.1673102,6,5.7422,0.4563,0.0795
c2_62,1,1789033438.3873103,6,5.7422,0.4563,0.0795
c2_62,1,1789033438.6073103,6,5.7422,0.4563,0.0795
c2_62,1,1789033438.8273103,6,5.7422,0.4563,0.0795
c2_62,1,1789033439.0473104,6,5.7422,0.4563,0.0795
c2_62,1,1789033439.2673104,6,5.7422,0.4563,0.0795
c2_62,1,1789033439.4873104,6,5.7422,0.4563,0.0795
c2_62,1,1789033439.7073104,6,5.7422,0.4563,0.0795
c2_62,1,1789033439.9273105,6,5.7422,0.4563,0.0795
c2_62,1,1789033440.1473105,6,5.7422,0.4563,0.0795
c2_62,1,1789033440.3673105,6,5.7422,0.4563,0.0795
c2_62,1,1789033440.5873106,6,5.7422,0.4563,0.0795
c2_62,1,1789033440.8073106,6,5.7422,0.4563,0.0795
c2_62,1,1789033441.0273106,6,5.7422,0.4563,0.0795
c2_62,1,1789033441.2473106,6,5.7422,0.4563,0.0795
c2_62,1,1789033441.4673107,7,5.6498,0.465,0.0823
c2_62,1,1789033441.6873107,7,5.6498,0.465,0.0823
c2_62,1,1789033441.9073107,7,5.6498,0.465,0.0823
c2_62,1,1789033442.1273108,7,5.6498,0.465,0.0823
c2_62,1,1789033442.3473108,7,5.6498,0.465,0.0823
c2_62,1,1789033442.5673108,7,5.6498,0.465,0.0823
c2_62,1,1789033442.7873108,7,5.6498,0.465,0.0823
c2_62,1,1789033443.0073109,7,5.6498,0.465,0.0823
c2_62,1,1789033443.227311,7,5.6498,0.465,0.0823
c2_62,1,1789033443.447311,7,5.6498,0.465,0.0823
c2_62,1,1789033443.667311,7,5.6498,0.465,0.0823
c2_62,1,1789033443.887311,7,5.6498,0.465,0.0823
c2_62,1,1789033444.107311,7,5.6498,0.465,0.0823
c2_62,1,1789033444.327311,7,5.6498,0.465,0.0823
c2_62,1,1789033444.547311,7,5.6498,0.465,0.0823
c2_62,1,1789033444.767311,7,5.6498,0.465,0.0823
c2_62,1,1789033444.9873111,7,5.6498,0.465,0.0823
c2_62,1,1789033445.2073112,7,5.6498,0.465,0.0823
c2_62,1,1789033445.4273112,7,5.6498,0.465,0.0823
c2_62,1,1789033445.6473112,7,5.6498,0.465,0.0823
c2_62,1,1789033445.8673112,7,5.6498,0.465,0.0823
c2_62,1,1789033446.0873113,7,5.6498,0.465,0.0823
c2_62,1,1789033446.3073113,7,5.6498,0.465,0.0823
c2_62,1,1789033446.5273113,7,5.6498,0.465,0.0823
c2_62,1,1789033446.7473114,7,5.6498,0.465,0.0823
c2_62,1,1789033446.9673114,7,5.6498,0.465,0.0823
c2_62,1,1789033447.1873114,8,5.6459,0.4306,0.0763
c2_62,1,1789033447.4073114,8,5.6459,0.4306,0.0763
c2_62,1,1789033447.6273115,8,5.6459,0.4306,0.0763
c2_62,1,1789033447.8473115,8,5.6459,0.4306,0.0763
c2_62,1,1789033448.0673115,8,5.6459,0.4306,0.0763
c2_62,1,1789033448.2873116,8,5.6459,0.4306,0.0763
c2_62,1,1789033448.5073116,8,5.6459,0.4306,0.0763
c2_62,1,1789033448.7273116,8,5.6459,0.4306,0.0763
c2_62,1,1789033448.9473116,8,5.6459,0.4306,0.0763
c2_62,1,1789033449.1673117,8,5.6459,0.4306,0.0763
c2_62,1,1789033449.3873117,8,5.6459,0.4306,0.0763
c2_62,1,1789033449.6073117,8,5.6459,0.4306,0.0763
c2_62,1,1789033449.8273118,8,5.6459,0.4306,0.0763
c2_62,1,1789033450.0473118,8,5.6459,0.4306,0.0763
c2_62,1,1789033450.2673118,8,5.6459,0.4306,0.0763
c2_62,1,1789033450.4873118,8,5.6459,0.4306,0.0763
c2_62,1,1789033450.7073119,8,5.6459,0.4306,0.0763
c2_62,1,1789033450.927312,8,5.6459,0.4306,0.0763
c2_62,1,1789033451.147312,8,5.6459,0.4306,0.0763
c2_62,1,1789033451.367312,8,5.6459,0.4306,0.0763
c2_62,1,1789033451.587312,8,5.6459,0.4306,0.0763
c2_62,1,1789033451.807312,8,5.6459,0.4306,0.0763
c2_62,1,1789033452.027312,8,5.6459,0.4306,0.0763
c2_62,1,1789033452.247312,8,5.6459,0.4306,0.0763
c2_62,1,1789033452.467312,9,5.6176,0.4097,0.0729
c2_62,1,1789033452.6873121,9,5.6176,0.4097,0.0729
c2_62,1,1789033452.9073122,9,5.6176,0.4097,0.0729
c2_62,1,1789033453.1273122,9,5.6176,0.4097,0.0729
c2_62,1,1789033453.3473122,9,5.6176,0.4097,0.0729
c2_62,1,1789033453.5673122,9,5.6176,0.4097,0.0729
c2_62,1,1789033453.7873123,9,5.6176,0.4097,0.0729
c2_62,1,1789033454.0073123,9,5.6176,0.4097,0.0729
c2_62,1,1789033454.2273123,9,5.6176,0.4097,0.0729
c2_62,1,1789033454.4473124,9,5.6176,0.4097,0.0729
c2_62,1,1789033454.6673124,9,5.6176,0.4097,0.0729
c2_62,1,1789033454.8873124,9,5.6176,0.4097,0.0729
c2_62,1,1789033455.1073124,9,5.6176,0.4097,0.0729
c2_62,1,1789033455.3273125,9,5.6176,0.4097,0.0729
c2_62,1,1789033455.5473125,9,5.6176,0.4097,0.0729
c2_62,1,1789033455.7673125,9,5.6176,0.4097,0.0729
c2_62,1,1789033455.9873126,9,5.6176,0.4097,0.0729
c2_62,1,1789033456.2073126,9,5.6176,0.4097,0.0729
c2_62,1,1789033456.4273126,9,5.6176,0.4097,0.0729
c2_62,1,1789033456.6473126,9,5.6176,0.4097,0.0729
c2_62,1,1789033456.8673127,9,5.6176,0.4097,0.0729
c2_62,1,1789033457.0873127,9,5.6176,0.4097,0.0729
c2_62,1,1789033457.3073127,9,5.6176,0.4097,0.0729
c2_62,1,1789033457.5273128,9,5.6176,0.4097,0.0729
c2_62,1,1789033457.7473128,9,5.6176,0.4097,0.0729
c2_62,1,1789033457.9673128,9,5.6176,0.4097,0.0729
c2_62,1,1789033458.1873128,9,5.6176,0.4097,0.0729
c2_62,1,1789033458.4073129,9,5.6176,0.4097,0.0729
c2_62,1,1789033458.627313,9,5.6176,0.4097,0.0729
c2_62,1,1789033458.847313,10,5.6861,0.4322,0.076
c2_62,1,1789033459.067313,10,5.6861,0.4322,0.076
c2_62,1,1789033459.287313,10,5.6861,0.4322,0.076
c2_62,1,1789033459.507313,10,5.6861,0.4322,0.076
c2_62,1,1789033459.727313,10,5.6861,0.4322,0.076
c2_62,1,1789033459.947313,10,5.6861,0.4322,0.076
c2_62,1,1789033460.167313,10,5.6861,0.4322,0.076
c2_62,1,1789033460.3873131,10,5.6861,0.4322,0.076
c2_62,1,1789033460.6073132,10,5.6861,0.4322,0.076
c2_62,1,1789033460.8273132,10,5.6861,0.4322,0.076
c2_62,1,1789033461.0473132,10,5.6861,0.4322,0.076
c2_62,1,1789033461.2673132,10,5.6861,0.4322,0.076
c2_62,1,1789033461.4873133,10,5.6861,0.4322,0.076
c2_62,1,1789033461.7073133,10,5.6861,0.4322,0.076
c2_62,1,1789033461.9273133,10,5.6861,0.4322,0.076
c2_62,1,1789033462.1473134,10,5.6861,0.4322,0.076
c2_62,1,1789033462.3673134,10,5.6861,0.4322,0.076
c2_62,1,1789033462.5873134,10,5.6861,0.4322,0.076
c2_62,1,1789033462.8073134,10,5.6861,0.4322,0.076
c2_62,1,1789033463.0273135,10,5.6861,0.4322,0.076
c2_62,1,1789033463.2473135,10,5.6861,0.4322,0.076
c2_62,1,1789033463.4673135,10,5.6861,0.4322,0.076
c2_62,1,1789033463.6873136,10,5.6861,0.4322,0.076
c2_62,1,1789033463.9073136,10,5.6861,0.4322,0.076
c2_62,1,1789033464.1273136,10,5.6861,0.4322,0.076
c2_62,1,1789033464.3473136,11,5.6745,0.4115,0.0725
c2_62,1,1789033464.5673137,11,5.6745,0.4115,0.0725
c2_62,1,1789033464.7873137,11,5.6745,0.4115,0.0725
c2_62,1,1789033465.0073137,11,5.6745,0.4115,0.0725
c2_62,1,1789033465.2273138,11,5.6745,0.4115,0.0725
c2_62,1,1789033465.4473138,11,5.6745,0.4115,0.0725
c2_62,1,1789033465.6673138,11,5.6745,0.4115,0.0725
c2_62,1,1789033465.8873138,11,5.6745,0.4115,0.0725
c2_62,1,1789033466.1073139,11,5.6745,0.4115,0.0725
c2_62,1,1789033466.327314,11,5.6745,0.4115,0.0725
c2_62,1,1789033466.547314,11,5.6745,0.4115,0.0725
c2_62,1,1789033466.767314,11,5.6745,0.4115,0.0725
c2_62,1,1789033466.987314,11,5.6745,0.4115,0.0725
c2_62,1,1789033467.207314,11,5.6745,0.4115,0.0725
c2_62,1,1789033467.427314,11,5.6745,0.4115,0.0725
c2_62,1,1789033467.647314,11,5.6745,0.4115,0.0725
c2_62,1,1789033467.867314,11,5.6745,0.4115,0.0725
c2_62,1,1789033468.0873141,11,5.6745,0.4115,0.0725
c2_62,1,1789033468.3073142,11,5.6745,0.4115,0.0725
c2_62,1,1789033468.5273142,11,5.6745,0.4115,0.0725
c2_62,1,1789033468.7473142,11,5.6745,0.4115,0.0725
c2_62,1,1789033468.9673142,11,5.6745,0.4115,0.0725
c2_62,1,1789033469.1873143,11,5.6745,0.4115,0.0725
c2_62,1,1789033469.4073143,11,5.6745,0.4115,0.0725
c2_62,1,1789033469.6273143,11,5.6745,0.4115,0.0725
c2_62,1,1789033469.8473144,11,5.6745,0.4115,0.0725
c2_62,1,1789033470.0673144,11,5.6745,0.4115,0.0725
c2_62,1,1789033470.2873144,11,5.6745,0.4115,0.0725
c2_62,1,1789033470.5073144,11,5.6745,0.4115,0.0725
c2_62,1,1789033470.7273145,12,5.7328,0.4334,0.0756
c2_62,1,1789033470.9473145,12,5.7328,0.4334,0.0756
c2_62,1,1789033471.1673145,12,5.7328,0.4334,0.0756
c2_62,1,1789033471.3873146,12,5.7328,0.4334,0.0756
c2_62,1,1789033471.6073146,12,5.7328,0.4334,0.0756
c2_62,1,1789033471.8273146,12,5.7328,0.4334,0.0756
c2_62,1,1789033472.0473146,12,5.7328,0.4334,0.0756
c2_62,1,1789033472.2673147,12,5.7328,0.4334,0.0756
c2_62,1,1789033472.4873147,12,5.7328,0.4334,0.0756
c2_62,1,1789033472.7073147,12,5.7328,0.4334,0.0756
c2_62,1,1789033472.9273148,12,5.7328,0.4334,0.0756
c2_62,1,1789033473.1473148,12,5.7328,0.4334,0.0756
c2_62,1,1789033473.3673148,12,5.7328,0.4334,0.0756
c2_62,1,1789033473.5873148,12,5.7328,0.4334,0.0756
c2_62,1,1789033473.8073149,12,5.7328,0.4334,0.0756
c2_62,1,1789033474.027315,12,5.7328,0.4334,0.0756
c2_62,1,1789033474.247315,12,5.7328,0.4334,0.0756
c2_62,1,1789033474.467315,12,5.7328,0.4334,0.0756
c2_62,1,1789033474.687315,12,5.7328,0.4334,0.0756
c2_62,1,1789033474.907315,12,5.7328,0.4334,0.0756
c2_62,1,1789033475.127315,12,5.7328,0.4334,0.0756
c2_62,1,1789033475.347315,12,5.7328,0.4334,0.0756
c2_62,1,1789033475.567315,12,5.7328,0.4334,0.0756
c2_62,1,1789033475.7873151,12,5.7328,0.4334,0.0756
c2_62,1,1789033476.0073152,12,5.7328,0.4334,0.0756
benign_63,0,1789033484.6690702,3,0.8694,0.3927,0.4517
benign_63,0,1789033484.8890703,3,0.8694,0.3927,0.4517
benign_63,0,1789033485.1090703,3,0.8694,0.3927,0.4517
benign_63,0,1789033485.3290703,3,0.8694,0.3927,0.4517
benign_63,0,1789033485.5490704,3,0.8694,0.3927,0.4517
benign_63,0,1789033485.7690704,3,0.8694,0.3927,0.4517
benign_63,0,1789033485.9890704,3,0.8694,0.3927,0.4517
benign_63,0,1789033486.2090704,3,0.8694,0.3927,0.4517
benign_63,0,1789033486.4290705,3,0.8694,0.3927,0.4517
benign_63,0,1789033486.6490705,3,0.8694,0.3927,0.4517
benign_63,0,1789033486.8690705,3,0.8694,0.3927,0.4517
benign_63,0,1789033487.0890706,3,0.8694,0.3927,0.4517
benign_63,0,1789033487.3090706,3,0.8694,0.3927,0.4517
benign_63,0,1789033487.5290706,3,0.8694,0.3927,0.4517
benign_63,0,1789033487.7490706,3,0.8694,0.3927,0.4517
benign_63,0,1789033487.9690707,3,0.8694,0.3927,0.4517
benign_63,0,1789033488.1890707,3,0.8694,0.3927,0.4517
benign_63,0,1789033488.4090707,3,0.8694,0.3927,0.4517
benign_63,0,1789033488.6290708,3,0.8694,0.3927,0.4517
benign_63,0,1789033488.8490708,3,0.8694,0.3927,0.4517
benign_63,0,1789033489.0690708,3,0.8694,0.3927,0.4517
benign_63,0,1789033489.2890708,3,0.8694,0.3927,0.4517
benign_63,0,1789033489.5090709,3,0.8694,0.3927,0.4517
benign_63,0,1789033489.729071,3,0.8694,0.3927,0.4517
benign_63,0,1789033489.949071,3,0.8694,0.3927,0.4517
benign_63,0,1789033490.169071,3,0.8694,0.3927,0.4517
benign_63,0,1789033490.389071,3,0.8694,0.3927,0.4517
benign_63,0,1789033490.609071,3,0.8694,0.3927,0.4517
benign_63,0,1789033490.829071,3,0.8694,0.3927,0.4517
benign_63,0,1789033491.049071,3,0.8694,0.3927,0.4517
benign_63,0,1789033491.269071,3,0.8694,0.3927,0.4517
benign_63,0,1789033491.4890711,3,0.8694,0.3927,0.4517
benign_63,0,1789033491.7090712,3,0.8694,0.3927,0.4517
benign_63,0,1789033491.9290712,3,0.8694,0.3927,0.4517
benign_63,0,1789033492.1490712,3,0.8694,0.3927,0.4517
benign_63,0,1789033492.3690712,3,0.8694,0.3927,0.4517
benign_63,0,1789033492.5890713,3,0.8694,0.3927,0.4517
benign_63,0,1789033492.8090713,3,0.8694,0.3927,0.4517
benign_63,0,1789033493.0290713,3,0.8694,0.3927,0.4517
benign_63,0,1789033493.2490714,3,0.8694,0.3927,0.4517
benign_63,0,1789033493.4690714,3,0.8694,0.3927,0.4517
c2_63,1,1789033510.172357,3,5.5991,0.0619,0.0111
c2_63,1,1789033510.392357,3,5.5991,0.0619,0.0111
c2_63,1,1789033510.6123571,3,5.5991,0.0619,0.0111
c2_63,1,1789033510.8323572,3,5.5991,0.0619,0.0111
c2_63,1,1789033511.0523572,3,5.5991,0.0619,0.0111
c2_63,1,1789033511.2723572,3,5.5991,0.0619,0.0111
c2_63,1,1789033511.4923573,3,5.5991,0.0619,0.0111
c2_63,1,1789033511.7123573,3,5.5991,0.0619,0.0111
c2_63,1,1789033511.9323573,3,5.5991,0.0619,0.0111
c2_63,1,1789033512.1523573,3,5.5991,0.0619,0.0111
c2_63,1,1789033512.3723574,3,5.5991,0.0619,0.0111
c2_63,1,1789033512.5923574,3,5.5991,0.0619,0.0111
c2_63,1,1789033512.8123574,3,5.5991,0.0619,0.0111
c2_63,1,1789033513.0323575,3,5.5991,0.0619,0.0111
c2_63,1,1789033513.2523575,3,5.5991,0.0619,0.0111
c2_63,1,1789033513.4723575,3,5.5991,0.0619,0.0111
c2_63,1,1789033513.6923575,3,5.5991,0.0619,0.0111
c2_63,1,1789033513.9123576,3,5.5991,0.0619,0.0111
c2_63,1,1789033514.1323576,3,5.5991,0.0619,0.0111
c2_63,1,1789033514.3523576,3,5.5991,0.0619,0.0111
c2_63,1,1789033514.5723577,3,5.5991,0.0619,0.0111
c2_63,1,1789033514.7923577,3,5.5991,0.0619,0.0111
c2_63,1,1789033515.0123577,3,5.5991,0.0619,0.0111
c2_63,1,1789033515.2323577,4,5.4197,0.2587,0.0477
c2_63,1,1789033515.4523578,4,5.4197,0.2587,0.0477
c2_63,1,1789033515.6723578,4,5.4197,0.2587,0.0477
c2_63,1,1789033515.8923578,4,5.4197,0.2587,0.0477
c2_63,1,1789033516.1123579,4,5.4197,0.2587,0.0477
c2_63,1,1789033516.332358,4,5.4197,0.2587,0.0477
c2_63,1,1789033516.552358,4,5.4197,0.2587,0.0477
c2_63,1,1789033516.772358,4,5.4197,0.2587,0.0477
c2_63,1,1789033516.992358,4,5.4197,0.2587,0.0477
c2_63,1,1789033517.212358,4,5.4197,0.2587,0.0477
c2_63,1,1789033517.432358,4,5.4197,0.2587,0.0477
c2_63,1,1789033517.652358,4,5.4197,0.2587,0.0477
c2_63,1,1789033517.872358,4,5.4197,0.2587,0.0477
c2_63,1,1789033518.092358,4,5.4197,0.2587,0.0477
c2_63,1,1789033518.3123581,4,5.4197,0.2587,0.0477
c2_63,1,1789033518.5323582,4,5.4197,0.2587,0.0477
c2_63,1,1789033518.7523582,4,5.4197,0.2587,0.0477
c2_63,1,1789033518.9723582,4,5.4197,0.2587,0.0477
c2_63,1,1789033519.1923583,4,5.4197,0.2587,0.0477
c2_63,1,1789033519.4123583,4,5.4197,0.2587,0.0477
c2_63,1,1789033519.6323583,4,5.4197,0.2587,0.0477
c2_63,1,1789033519.8523583,4,5.4197,0.2587,0.0477
c2_63,1,1789033520.0723584,5,5.2818,0.3275,0.062
c2_63,1,1789033520.2923584,5,5.2818,0.3275,0.062
c2_63,1,1789033520.5123584,5,5.2818,0.3275,0.062
c2_63,1,1789033520.7323585,5,5.2818,0.3275,0.062
c2_63,1,1789033520.9523585,5,5.2818,0.3275,0.062
c2_63,1,1789033521.1723585,5,5.2818,0.3275,0.062
c2_63,1,1789033521.3923585,5,5.2818,0.3275,0.062
c2_63,1,1789033521.6123586,5,5.2818,0.3275,0.062
c2_63,1,1789033521.8323586,5,5.2818,0.3275,0.062
c2_63,1,1789033522.0523586,5,5.2818,0.3275,0.062
c2_63,1,1789033522.2723587,5,5.2818,0.3275,0.062
c2_63,1,1789033522.4923587,5,5.2818,0.3275,0.062
c2_63,1,1789033522.7123587,5,5.2818,0.3275,0.062
c2_63,1,1789033522.9323587,5,5.2818,0.3275,0.062
c2_63,1,1789033523.1523588,5,5.2818,0.3275,0.062
c2_63,1,1789033523.3723588,5,5.2818,0.3275,0.062
c2_63,1,1789033523.5923588,5,5.2818,0.3275,0.062
c2_63,1,1789033523.8123589,5,5.2818,0.3275,0.062
c2_63,1,1789033524.032359,5,5.2818,0.3275,0.062
c2_63,1,1789033524.252359,5,5.2818,0.3275,0.062
c2_63,1,1789033524.472359,5,5.2818,0.3275,0.062
c2_63,1,1789033524.692359,5,5.2818,0.3275,0.062
c2_63,1,1789033524.912359,5,5.2818,0.3275,0.062
c2_63,1,1789033525.132359,5,5.2818,0.3275,0.062
c2_63,1,1789033525.352359,5,5.2818,0.3275,0.062
c2_63,1,1789033525.572359,5,5.2818,0.3275,0.062
c2_63,1,1789033525.792359,6,5.3708,0.3427,0.0638
c2_63,1,1789033526.0123591,6,5.3708,0.3427,0.0638
c2_63,1,1789033526.2323592,6,5.3708,0.3427,0.0638
c2_63,1,1789033526.4523592,6,5.3708,0.3427,0.0638
c2_63,1,1789033526.6723592,6,5.3708,0.3427,0.0638
c2_63,1,1789033526.8923593,6,5.3708,0.3427,0.0638
c2_63,1,1789033527.1123593,6,5.3708,0.3427,0.0638
c2_63,1,1789033527.3323593,6,5.3708,0.3427,0.0638
c2_63,1,1789033527.5523593,6,5.3708,0.3427,0.0638
c2_63,1,1789033527.7723594,6,5.3708,0.3427,0.0638
c2_63,1,1789033527.9923594,6,5.3708,0.3427,0.0638
c2_63,1,1789033528.2123594,6,5.3708,0.3427,0.0638
c2_63,1,1789033528.4323595,6,5.3708,0.3427,0.0638
c2_63,1,1789033528.6523595,6,5.3708,0.3427,0.0638
c2_63,1,1789033528.8723595,6,5.3708,0.3427,0.0638
c2_63,1,1789033529.0923595,6,5.3708,0.3427,0.0638
c2_63,1,1789033529.3123596,6,5.3708,0.3427,0.0638
c2_63,1,1789033529.5323596,6,5.3708,0.3427,0.0638
c2_63,1,1789033529.7523596,6,5.3708,0.3427,0.0638
c2_63,1,1789033529.9723597,6,5.3708,0.3427,0.0638
c2_63,1,1789033530.1923597,6,5.3708,0.3427,0.0638
c2_63,1,1789033530.4123597,6,5.3708,0.3427,0.0638
c2_63,1,1789033530.6323597,6,5.3708,0.3427,0.0638
c2_63,1,1789033530.8523598,6,5.3708,0.3427,0.0638
c2_63,1,1789033531.0723598,7,5.3791,0.3134,0.0583
c2_63,1,1789033531.2923598,7,5.3791,0.3134,0.0583
c2_63,1,1789033531.5123599,7,5.3791,0.3134,0.0583
c2_63,1,1789033531.73236,7,5.3791,0.3134,0.0583
c2_63,1,1789033531.95236,7,5.3791,0.3134,0.0583
c2_63,1,1789033532.17236,7,5.3791,0.3134,0.0583
c2_63,1,1789033532.39236,7,5.3791,0.3134,0.0583
c2_63,1,1789033532.61236,7,5.3791,0.3134,0.0583
c2_63,1,1789033532.83236,7,5.3791,0.3134,0.0583
c2_63,1,1789033533.05236,7,5.3791,0.3134,0.0583
c2_63,1,1789033533.27236,7,5.3791,0.3134,0.0583
c2_63,1,1789033533.49236,7,5.3791,0.3134,0.0583
c2_63,1,1789033533.7123601,7,5.3791,0.3134,0.0583
c2_63,1,1789033533.9323602,7,5.3791,0.3134,0.0583
c2_63,1,1789033534.1523602,7,5.3791,0.3134,0.0583
c2_63,1,1789033534.3723602,7,5.3791,0.3134,0.0583
c2_63,1,1789033534.5923603,7,5.3791,0.3134,0.0583
c2_63,1,1789033534.8123603,7,5.3791,0.3134,0.0583
c2_63,1,1789033535.0323603,7,5.3791,0.3134,0.0583
c2_63,1,1789033535.2523603,7,5.3791,0.3134,0.0583
c2_63,1,1789033535.4723604,7,5.3791,0.3134,0.0583
c2_63,1,1789033535.6923604,7,5.3791,0.3134,0.0583
c2_63,1,1789033535.9123604,7,5.3791,0.3134,0.0583
c2_63,1,1789033536.1323605,7,5.3791,0.3134,0.0583
c2_63,1,1789033536.3523605,7,5.3791,0.3134,0.0583
c2_63,1,1789033536.5723605,8,5.3965,0.2933,0.0543
c2_63,1,1789033536.7923605,8,5.3965,0.2933,0.0543
c2_63,1,1789033537.0123606,8,5.3965,0.2933,0.0543
c2_63,1,1789033537.2323606,8,5.3965,0.2933,0.0543
c2_63,1,1789033537.4523606,8,5.3965,0.2933,0.0543
c2_63,1,1789033537.6723607,8,5.3965,0.2933,0.0543
c2_63,1,1789033537.8923607,8,5.3965,0.2933,0.0543
c2_63,1,1789033538.1123607,8,5.3965,0.2933,0.0543
c2_63,1,1789033538.3323607,8,5.3965,0.2933,0.0543
c2_63,1,1789033538.5523608,8,5.3965,0.2933,0.0543
c2_63,1,1789033538.7723608,8,5.3965,0.2933,0.0543
c2_63,1,1789033538.9923608,8,5.3965,0.2933,0.0543
c2_63,1,1789033539.2123609,8,5.3965,0.2933,0.0543
c2_63,1,1789033539.432361,8,5.3965,0.2933,0.0543
c2_63,1,1789033539.652361,8,5.3965,0.2933,0.0543
c2_63,1,1789033539.872361,8,5.3965,0.2933,0.0543
c2_63,1,1789033540.092361,8,5.3965,0.2933,0.0543
c2_63,1,1789033540.312361,8,5.3965,0.2933,0.0543
c2_63,1,1789033540.532361,8,5.3965,0.2933,0.0543
c2_63,1,1789033540.752361,8,5.3965,0.2933,0.0543
c2_63,1,1789033540.972361,8,5.3965,0.2933,0.0543
c2_63,1,1789033541.192361,8,5.3965,0.2933,0.0543
c2_63,1,1789033541.4123611,8,5.3965,0.2933,0.0543
c2_63,1,1789033541.6323612,9,5.3471,0.3039,0.0568
c2_63,1,1789033541.8523612,9,5.3471,0.3039,0.0568
c2_63,1,1789033542.0723612,9,5.3471,0.3039,0.0568
c2_63,1,1789033542.2923613,9,5.3471,0.3039,0.0568
c2_63,1,1789033542.5123613,9,5.3471,0.3039,0.0568
c2_63,1,1789033542.7323613,9,5.3471,0.3039,0.0568
c2_63,1,1789033542.9523613,9,5.3471,0.3039,0.0568
c2_63,1,1789033543.1723614,9,5.3471,0.3039,0.0568
c2_63,1,1789033543.3923614,9,5.3471,0.3039,0.0568
c2_63,1,1789033543.6123614,9,5.3471,0.3039,0.0568
c2_63,1,1789033543.8323615,9,5.3471,0.3039,0.0568
c2_63,1,1789033544.0523615,9,5.3471,0.3039,0.0568
c2_63,1,1789033544.2723615,9,5.3471,0.3039,0.0568
c2_63,1,1789033544.4923615,9,5.3471,0.3039,0.0568
c2_63,1,1789033544.7123616,9,5.3471,0.3039,0.0568
c2_63,1,1789033544.9323616,9,5.3471,0.3039,0.0568
c2_63,1,1789033545.1523616,9,5.3471,0.3039,0.0568
c2_63,1,1789033545.3723617,9,5.3471,0.3039,0.0568
c2_63,1,1789033545.5923617,9,5.3471,0.3039,0.0568
c2_63,1,1789033545.8123617,9,5.3471,0.3039,0.0568
c2_63,1,1789033546.0323617,9,5.3471,0.3039,0.0568
c2_63,1,1789033546.2523618,10,5.2579,0.3818,0.0726
c2_63,1,1789033546.4723618,10,5.2579,0.3818,0.0726
c2_63,1,1789033546.6923618,10,5.2579,0.3818,0.0726
c2_63,1,1789033546.9123619,10,5.2579,0.3818,0.0726
c2_63,1,1789033547.132362,10,5.2579,0.3818,0.0726
c2_63,1,1789033547.352362,10,5.2579,0.3818,0.0726
c2_63,1,1789033547.572362,10,5.2579,0.3818,0.0726
c2_63,1,1789033547.792362,10,5.2579,0.3818,0.0726
c2_63,1,1789033548.012362,10,5.2579,0.3818,0.0726
c2_63,1,1789033548.232362,10,5.2579,0.3818,0.0726
c2_63,1,1789033548.452362,10,5.2579,0.3818,0.0726
c2_63,1,1789033548.672362,10,5.2579,0.3818,0.0726
c2_63,1,1789033548.892362,10,5.2579,0.3818,0.0726
c2_63,1,1789033549.1123621,10,5.2579,0.3818,0.0726
c2_63,1,1789033549.3323622,10,5.2579,0.3818,0.0726
c2_63,1,1789033549.5523622,10,5.2579,0.3818,0.0726
c2_63,1,1789033549.7723622,10,5.2579,0.3818,0.0726
c2_63,1,1789033549.9923623,10,5.2579,0.3818,0.0726
c2_63,1,1789033550.2123623,10,5.2579,0.3818,0.0726
c2_63,1,1789033550.4323623,10,5.2579,0.3818,0.0726
c2_63,1,1789033550.6523623,10,5.2579,0.3818,0.0726
c2_63,1,1789033550.8723624,10,5.2579,0.3818,0.0726
c2_63,1,1789033551.0923624,10,5.2579,0.3818,0.0726
c2_63,1,1789033551.3123624,10,5.2579,0.3818,0.0726
c2_63,1,1789033551.5323625,10,5.2579,0.3818,0.0726
c2_63,1,1789033551.7523625,10,5.2579,0.3818,0.0726
c2_63,1,1789033551.9723625,10,5.2579,0.3818,0.0726
c2_63,1,1789033552.1923625,11,5.3322,0.4253,0.0798
c2_63,1,1789033552.4123626,11,5.3322,0.4253,0.0798
c2_63,1,1789033552.6323626,11,5.3322,0.4253,0.0798
c2_63,1,1789033552.8523626,11,5.3322,0.4253,0.0798
c2_63,1,1789033553.0723627,11,5.3322,0.4253,0.0798
c2_63,1,1789033553.2923627,11,5.3322,0.4253,0.0798
c2_63,1,1789033553.5123627,11,5.3322,0.4253,0.0798
c2_63,1,1789033553.7323627,11,5.3322,0.4253,0.0798
c2_63,1,1789033553.9523628,11,5.3322,0.4253,0.0798
c2_63,1,1789033554.1723628,11,5.3322,0.4253,0.0798
c2_63,1,1789033554.3923628,11,5.3322,0.4253,0.0798
c2_63,1,1789033554.6123629,11,5.3322,0.4253,0.0798
c2_63,1,1789033554.832363,11,5.3322,0.4253,0.0798
c2_63,1,1789033555.052363,11,5.3322,0.4253,0.0798
c2_63,1,1789033555.272363,11,5.3322,0.4253,0.0798
c2_63,1,1789033555.492363,11,5.3322,0.4253,0.0798
c2_63,1,1789033555.712363,11,5.3322,0.4253,0.0798
c2_63,1,1789033555.932363,11,5.3322,0.4253,0.0798
c2_63,1,1789033556.152363,11,5.3322,0.4253,0.0798
c2_63,1,1789033556.372363,11,5.3322,0.4253,0.0798
c2_63,1,1789033556.592363,11,5.3322,0.4253,0.0798
c2_63,1,1789033556.8123631,11,5.3322,0.4253,0.0798
c2_63,1,1789033557.0323632,11,5.3322,0.4253,0.0798
c2_63,1,1789033557.2523632,11,5.3322,0.4253,0.0798
c2_63,1,1789033557.4723632,11,5.3322,0.4253,0.0798
c2_63,1,1789033557.6923633,11,5.3322,0.4253,0.0798
c2_63,1,1789033557.9123633,12,5.3716,0.4242,0.079
c2_63,1,1789033558.1323633,12,5.3716,0.4242,0.079
c2_63,1,1789033558.3523633,12,5.3716,0.4242,0.079
c2_63,1,1789033558.5723634,12,5.3716,0.4242,0.079
c2_63,1,1789033558.7923634,12,5.3716,0.4242,0.079
c2_63,1,1789033559.0123634,12,5.3716,0.4242,0.079
c2_63,1,1789033559.2323635,12,5.3716,0.4242,0.079
c2_63,1,1789033559.4523635,12,5.3716,0.4242,0.079
c2_63,1,1789033559.6723635,12,5.3716,0.4242,0.079
c2_63,1,1789033559.8923635,12,5.3716,0.4242,0.079
c2_63,1,1789033560.1123636,12,5.3716,0.4242,0.079
c2_63,1,1789033560.3323636,12,5.3716,0.4242,0.079
c2_63,1,1789033560.5523636,12,5.3716,0.4242,0.079
c2_63,1,1789033560.7723637,12,5.3716,0.4242,0.079
c2_63,1,1789033560.9923637,12,5.3716,0.4242,0.079
c2_63,1,1789033561.2123637,12,5.3716,0.4242,0.079
c2_63,1,1789033561.4323637,12,5.3716,0.4242,0.079
c2_63,1,1789033561.6523638,12,5.3716,0.4242,0.079
c2_63,1,1789033561.8723638,12,5.3716,0.4242,0.079
c2_63,1,1789033562.0923638,12,5.3716,0.4242,0.079
c2_63,1,1789033562.3123639,12,5.3716,0.4242,0.079
c2_63,1,1789033562.532364,12,5.3716,0.4242,0.079
c2_63,1,1789033562.752364,12,5.3716,0.4242,0.079
c2_63,1,1789033562.972364,12,5.3716,0.4242,0.079
c2_63,1,1789033563.192364,13,5.3601,0.408,0.0761
c2_63,1,1789033563.412364,13,5.3601,0.408,0.0761
c2_63,1,1789033563.632364,13,5.3601,0.408,0.0761
c2_63,1,1789033563.852364,13,5.3601,0.408,0.0761
c2_63,1,1789033564.072364,13,5.3601,0.408,0.0761
c2_63,1,1789033564.2923641,13,5.3601,0.408,0.0761
c2_63,1,1789033564.5123641,13,5.3601,0.408,0.0761
c2_63,1,1789033564.7323642,13,5.3601,0.408,0.0761
c2_63,1,1789033564.9523642,13,5.3601,0.408,0.0761
c2_63,1,1789033565.1723642,13,5.3601,0.408,0.0761
c2_63,1,1789033565.3923643,13,5.3601,0.408,0.0761
c2_63,1,1789033565.6123643,13,5.3601,0.408,0.0761
c2_63,1,1789033565.8323643,13,5.3601,0.408,0.0761
c2_63,1,1789033566.0523643,13,5.3601,0.408,0.0761
c2_63,1,1789033566.2723644,13,5.3601,0.408,0.0761
c2_63,1,1789033566.4923644,13,5.3601,0.408,0.0761
c2_63,1,1789033566.7123644,13,5.3601,0.408,0.0761
c2_63,1,1789033566.9323645,13,5.3601,0.408,0.0761
c2_63,1,1789033567.1523645,13,5.3601,0.408,0.0761
c2_63,1,1789033567.3723645,13,5.3601,0.408,0.0761
c2_63,1,1789033567.5923645,13,5.3601,0.408,0.0761
c2_63,1,1789033567.8123646,13,5.3601,0.408,0.0761
c2_63,1,1789033568.0323646,13,5.3601,0.408,0.0761
c2_63,1,1789033568.2523646,14,5.335,0.4015,0.0753
c2_63,1,1789033568.4723647,14,5.335,0.4015,0.0753
c2_63,1,1789033568.6923647,14,5.335,0.4015,0.0753
c2_63,1,1789033568.9123647,14,5.335,0.4015,0.0753
c2_63,1,1789033569.1323647,14,5.335,0.4015,0.0753
c2_63,1,1789033569.3523648,14,5.335,0.4015,0.0753
c2_63,1,1789033569.5723648,14,5.335,0.4015,0.0753
c2_63,1,1789033569.7923648,14,5.335,0.4015,0.0753
c2_63,1,1789033570.0123649,14,5.335,0.4015,0.0753
c2_63,1,1789033570.232365,14,5.335,0.4015,0.0753
c2_63,1,1789033570.452365,14,5.335,0.4015,0.0753
c2_63,1,1789033570.672365,14,5.335,0.4015,0.0753
c2_63,1,1789033570.892365,14,5.335,0.4015,0.0753
c2_63,1,1789033571.112365,14,5.335,0.4015,0.0753
c2_63,1,1789033571.332365,14,5.335,0.4015,0.0753
c2_63,1,1789033571.552365,14,5.335,0.4015,0.0753
c2_63,1,1789033571.772365,14,5.335,0.4015,0.0753
c2_63,1,1789033571.9923651,14,5.335,0.4015,0.0753
c2_63,1,1789033572.2123652,14,5.335,0.4015,0.0753
c2_63,1,1789033572.4323652,14,5.335,0.4015,0.0753
c2_64,1,1789033619.1408398,3,5.1155,0.3631,0.071
c2_64,1,1789033619.3608398,3,5.1155,0.3631,0.071
c2_64,1,1789033619.5808399,3,5.1155,0.3631,0.071
c2_64,1,1789033619.80084,3,5.1155,0.3631,0.071
c2_64,1,1789033620.02084,3,5.1155,0.3631,0.071
c2_64,1,1789033620.24084,3,5.1155,0.3631,0.071
c2_64,1,1789033620.46084,3,5.1155,0.3631,0.071
c2_64,1,1789033620.68084,3,5.1155,0.3631,0.071
c2_64,1,1789033620.90084,3,5.1155,0.3631,0.071
c2_64,1,1789033621.12084,3,5.1155,0.3631,0.071
c2_64,1,1789033621.34084,3,5.1155,0.3631,0.071
c2_64,1,1789033621.5608401,3,5.1155,0.3631,0.071
c2_64,1,1789033621.7808402,3,5.1155,0.3631,0.071
c2_64,1,1789033622.0008402,3,5.1155,0.3631,0.071
c2_64,1,1789033622.2208402,3,5.1155,0.3631,0.071
c2_64,1,1789033622.4408402,3,5.1155,0.3631,0.071
c2_64,1,1789033622.6608403,3,5.1155,0.3631,0.071
c2_64,1,1789033622.8808403,3,5.1155,0.3631,0.071
c2_64,1,1789033623.1008403,3,5.1155,0.3631,0.071
c2_64,1,1789033623.3208404,3,5.1155,0.3631,0.071
c2_64,1,1789033623.5408404,3,5.1155,0.3631,0.071
c2_64,1,1789033623.7608404,3,5.1155,0.3631,0.071
c2_64,1,1789033623.9808404,4,5.0527,0.3095,0.0612
c2_64,1,1789033624.2008405,4,5.0527,0.3095,0.0612
c2_64,1,1789033624.4208405,4,5.0527,0.3095,0.0612
c2_64,1,1789033624.6408405,4,5.0527,0.3095,0.0612
c2_64,1,1789033624.8608406,4,5.0527,0.3095,0.0612
c2_64,1,1789033625.0808406,4,5.0527,0.3095,0.0612
c2_64,1,1789033625.3008406,4,5.0527,0.3095,0.0612
c2_64,1,1789033625.5208406,4,5.0527,0.3095,0.0612
c2_64,1,1789033625.7408407,4,5.0527,0.3095,0.0612
c2_64,1,1789033625.9608407,4,5.0527,0.3095,0.0612
c2_64,1,1789033626.1808407,4,5.0527,0.3095,0.0612
c2_64,1,1789033626.4008408,4,5.0527,0.3095,0.0612
c2_64,1,1789033626.6208408,4,5.0527,0.3095,0.0612
c2_64,1,1789033626.8408408,4,5.0527,0.3095,0.0612
c2_64,1,1789033627.0608408,4,5.0527,0.3095,0.0612
c2_64,1,1789033627.2808409,4,5.0527,0.3095,0.0612
c2_64,1,1789033627.500841,4,5.0527,0.3095,0.0612
c2_64,1,1789033627.720841,4,5.0527,0.3095,0.0612
c2_64,1,1789033627.940841,4,5.0527,0.3095,0.0612
c2_64,1,1789033628.160841,4,5.0527,0.3095,0.0612
c2_64,1,1789033628.380841,4,5.0527,0.3095,0.0612
c2_64,1,1789033628.600841,4,5.0527,0.3095,0.0612
c2_64,1,1789033628.820841,5,4.9935,0.2869,0.0575
c2_64,1,1789033629.040841,5,4.9935,0.2869,0.0575
c2_64,1,1789033629.2608411,5,4.9935,0.2869,0.0575
c2_64,1,1789033629.4808412,5,4.9935,0.2869,0.0575
c2_64,1,1789033629.7008412,5,4.9935,0.2869,0.0575
c2_64,1,1789033629.9208412,5,4.9935,0.2869,0.0575
c2_64,1,1789033630.1408412,5,4.9935,0.2869,0.0575
c2_64,1,1789033630.3608413,5,4.9935,0.2869,0.0575
c2_64,1,1789033630.5808413,5,4.9935,0.2869,0.0575
c2_64,1,1789033630.8008413,5,4.9935,0.2869,0.0575
c2_64,1,1789033631.0208414,5,4.9935,0.2869,0.0575
c2_64,1,1789033631.2408414,5,4.9935,0.2869,0.0575
c2_64,1,1789033631.4608414,5,4.9935,0.2869,0.0575
c2_64,1,1789033631.6808414,5,4.9935,0.2869,0.0575
c2_64,1,1789033631.9008415,5,4.9935,0.2869,0.0575
c2_64,1,1789033632.1208415,5,4.9935,0.2869,0.0575
c2_64,1,1789033632.3408415,5,4.9935,0.2869,0.0575
c2_64,1,1789033632.5608416,5,4.9935,0.2869,0.0575
c2_64,1,1789033632.7808416,5,4.9935,0.2869,0.0575
c2_64,1,1789033633.0008416,5,4.9935,0.2869,0.0575
c2_64,1,1789033633.2208416,5,4.9935,0.2869,0.0575
c2_64,1,1789033633.4408417,5,4.9935,0.2869,0.0575
c2_64,1,1789033633.6608417,5,4.9935,0.2869,0.0575
c2_64,1,1789033633.8808417,6,4.988,0.2569,0.0515
c2_64,1,1789033634.1008418,6,4.988,0.2569,0.0515
c2_64,1,1789033634.3208418,6,4.988,0.2569,0.0515
c2_64,1,1789033634.5408418,6,4.988,0.2569,0.0515
c2_64,1,1789033634.7608418,6,4.988,0.2569,0.0515
c2_64,1,1789033634.9808419,6,4.988,0.2569,0.0515
c2_64,1,1789033635.200842,6,4.988,0.2569,0.0515
c2_64,1,1789033635.420842,6,4.988,0.2569,0.0515
c2_64,1,1789033635.640842,6,4.988,0.2569,0.0515
c2_64,1,1789033635.860842,6,4.988,0.2569,0.0515
c2_64,1,1789033636.080842,6,4.988,0.2569,0.0515
c2_64,1,1789033636.300842,6,4.988,0.2569,0.0515
c2_64,1,1789033636.520842,6,4.988,0.2569,0.0515
c2_64,1,1789033636.740842,6,4.988,0.2569,0.0515
c2_64,1,1789033636.9608421,6,4.988,0.2569,0.0515
c2_64,1,1789033637.1808422,6,4.988,0.2569,0.0515
c2_64,1,1789033637.4008422,6,4.988,0.2569,0.0515
c2_64,1,1789033637.6208422,6,4.988,0.2569,0.0515
c2_64,1,1789033637.8408422,6,4.988,0.2569,0.0515
c2_64,1,1789033638.0608423,6,4.988,0.2569,0.0515
c2_64,1,1789033638.2808423,6,4.988,0.2569,0.0515
c2_64,1,1789033638.5008423,6,4.988,0.2569,0.0515
c2_64,1,1789033638.7208424,6,4.988,0.2569,0.0515
c2_64,1,1789033638.9408424,6,4.988,0.2569,0.0515
c2_64,1,1789033639.1608424,6,4.988,0.2569,0.0515
c2_64,1,1789033639.3808424,7,5.0842,0.3181,0.0626
c2_64,1,1789033639.6008425,7,5.0842,0.3181,0.0626
c2_64,1,1789033639.8208425,7,5.0842,0.3181,0.0626
c2_64,1,1789033640.0408425,7,5.0842,0.3181,0.0626
c2_64,1,1789033640.2608426,7,5.0842,0.3181,0.0626
c2_64,1,1789033640.4808426,7,5.0842,0.3181,0.0626
c2_64,1,1789033640.7008426,7,5.0842,0.3181,0.0626
c2_64,1,1789033640.9208426,7,5.0842,0.3181,0.0626
c2_64,1,1789033641.1408427,7,5.0842,0.3181,0.0626
c2_64,1,1789033641.3608427,7,5.0842,0.3181,0.0626
c2_64,1,1789033641.5808427,7,5.0842,0.3181,0.0626
c2_64,1,1789033641.8008428,7,5.0842,0.3181,0.0626
c2_64,1,1789033642.0208428,7,5.0842,0.3181,0.0626
c2_64,1,1789033642.2408428,7,5.0842,0.3181,0.0626
c2_64,1,1789033642.4608428,7,5.0842,0.3181,0.0626
c2_64,1,1789033642.6808429,7,5.0842,0.3181,0.0626
c2_64,1,1789033642.900843,7,5.0842,0.3181,0.0626
c2_64,1,1789033643.120843,7,5.0842,0.3181,0.0626
c2_64,1,1789033643.340843,7,5.0842,0.3181,0.0626
c2_64,1,1789033643.560843,7,5.0842,0.3181,0.0626
c2_64,1,1789033643.780843,7,5.0842,0.3181,0.0626
c2_64,1,1789033644.000843,7,5.0842,0.3181,0.0626
c2_64,1,1789033644.220843,8,5.0536,0.3038,0.0601
c2_64,1,1789033644.440843,8,5.0536,0.3038,0.0601
c2_64,1,1789033644.6608431,8,5.0536,0.3038,0.0601
c2_64,1,1789033644.8808432,8,5.0536,0.3038,0.0601
c2_64,1,1789033645.1008432,8,5.0536,0.3038,0.0601
c2_64,1,1789033645.3208432,8,5.0536,0.3038,0.0601
c2_64,1,1789033645.5408432,8,5.0536,0.3038,0.0601
c2_64,1,1789033645.7608433,8,5.0536,0.3038,0.0601
c2_64,1,1789033645.9808433,8,5.0536,0.3038,0.0601
c2_64,1,1789033646.2008433,8,5.0536,0.3038,0.0601
c2_64,1,1789033646.4208434,8,5.0536,0.3038,0.0601
c2_64,1,1789033646.6408434,8,5.0536,0.3038,0.0601
c2_64,1,1789033646.8608434,8,5.0536,0.3038,0.0601
c2_64,1,1789033647.0808434,8,5.0536,0.3038,0.0601
c2_64,1,1789033647.3008435,8,5.0536,0.3038,0.0601
c2_64,1,1789033647.5208435,8,5.0536,0.3038,0.0601
c2_64,1,1789033647.7408435,8,5.0536,0.3038,0.0601
c2_64,1,1789033647.9608436,8,5.0536,0.3038,0.0601
c2_64,1,1789033648.1808436,8,5.0536,0.3038,0.0601
c2_64,1,1789033648.4008436,8,5.0536,0.3038,0.0601
c2_64,1,1789033648.6208436,8,5.0536,0.3038,0.0601
c2_64,1,1789033648.8408437,8,5.0536,0.3038,0.0601
c2_64,1,1789033649.0608437,8,5.0536,0.3038,0.0601
c2_64,1,1789033649.2808437,8,5.0536,0.3038,0.0601
c2_64,1,1789033649.5008438,8,5.0536,0.3038,0.0601
c2_64,1,1789033649.7208438,8,5.0536,0.3038,0.0601
c2_64,1,1789033649.9408438,9,5.1374,0.3603,0.0701
c2_64,1,1789033650.1608438,9,5.1374,0.3603,0.0701
c2_64,1,1789033650.3808439,9,5.1374,0.3603,0.0701
c2_64,1,1789033650.600844,9,5.1374,0.3603,0.0701
c2_64,1,1789033650.820844,9,5.1374,0.3603,0.0701
c2_64,1,1789033651.040844,9,5.1374,0.3603,0.0701
c2_64,1,1789033651.260844,9,5.1374,0.3603,0.0701
c2_64,1,1789033651.480844,9,5.1374,0.3603,0.0701
c2_64,1,1789033651.700844,9,5.1374,0.3603,0.0701
c2_64,1,1789033651.920844,9,5.1374,0.3603,0.0701
c2_64,1,1789033652.140844,9,5.1374,0.3603,0.0701
c2_64,1,1789033652.3608441,9,5.1374,0.3603,0.0701
c2_64,1,1789033652.5808442,9,5.1374,0.3603,0.0701
c2_64,1,1789033652.8008442,9,5.1374,0.3603,0.0701
c2_64,1,1789033653.0208442,9,5.1374,0.3603,0.0701
c2_64,1,1789033653.2408442,9,5.1374,0.3603,0.0701
c2_64,1,1789033653.4608443,9,5.1374,0.3603,0.0701
c2_64,1,1789033653.6808443,9,5.1374,0.3603,0.0701
c2_64,1,1789033653.9008443,9,5.1374,0.3603,0.0701
c2_64,1,1789033654.1208444,9,5.1374,0.3603,0.0701
c2_64,1,1789033654.3408444,9,5.1374,0.3603,0.0701
c2_64,1,1789033654.5608444,9,5.1374,0.3603,0.0701
c2_64,1,1789033654.7808444,10,5.0954,0.3599,0.0706
c2_64,1,1789033655.0008445,10,5.0954,0.3599,0.0706
c2_64,1,1789033655.2208445,10,5.0954,0.3599,0.0706
c2_64,1,1789033655.4408445,10,5.0954,0.3599,0.0706
c2_64,1,1789033655.6608446,10,5.0954,0.3599,0.0706
c2_64,1,1789033655.8808446,10,5.0954,0.3599,0.0706
c2_64,1,1789033656.1008446,10,5.0954,0.3599,0.0706
c2_64,1,1789033656.3208447,10,5.0954,0.3599,0.0706
c2_64,1,1789033656.5408447,10,5.0954,0.3599,0.0706
c2_64,1,1789033656.7608447,10,5.0954,0.3599,0.0706
c2_64,1,1789033656.9808447,10,5.0954,0.3599,0.0706
c2_64,1,1789033657.2008448,10,5.0954,0.3599,0.0706
c2_64,1,1789033657.4208448,10,5.0954,0.3599,0.0706
c2_64,1,1789033657.6408448,10,5.0954,0.3599,0.0706
c2_64,1,1789033657.8608449,10,5.0954,0.3599,0.0706
c2_64,1,1789033658.0808449,10,5.0954,0.3599,0.0706
c2_64,1,1789033658.300845,10,5.0954,0.3599,0.0706
c2_64,1,1789033658.520845,10,5.0954,0.3599,0.0706
c2_64,1,1789033658.740845,10,5.0954,0.3599,0.0706
c2_64,1,1789033658.960845,10,5.0954,0.3599,0.0706
c2_64,1,1789033659.180845,10,5.0954,0.3599,0.0706
c2_64,1,1789033659.400845,10,5.0954,0.3599,0.0706
c2_64,1,1789033659.620845,11,5.069,0.3504,0.0691
c2_64,1,1789033659.840845,11,5.069,0.3504,0.0691
c2_64,1,1789033660.0608451,11,5.069,0.3504,0.0691
c2_64,1,1789033660.2808452,11,5.069,0.3504,0.0691
c2_64,1,1789033660.5008452,11,5.069,0.3504,0.0691
c2_64,1,1789033660.7208452,11,5.069,0.3504,0.0691
c2_64,1,1789033660.9408453,11,5.069,0.3504,0.0691
c2_64,1,1789033661.1608453,11,5.069,0.3504,0.0691
c2_64,1,1789033661.3808453,11,5.069,0.3504,0.0691
c2_64,1,1789033661.6008453,11,5.069,0.3504,0.0691
c2_64,1,1789033661.8208454,11,5.069,0.3504,0.0691
c2_64,1,1789033662.0408454,11,5.069,0.3504,0.0691
c2_64,1,1789033662.2608454,11,5.069,0.3504,0.0691
c2_64,1,1789033662.4808455,11,5.069,0.3504,0.0691
c2_64,1,1789033662.7008455,11,5.069,0.3504,0.0691
c2_64,1,1789033662.9208455,11,5.069,0.3504,0.0691
c2_64,1,1789033663.1408455,11,5.069,0.3504,0.0691
c2_64,1,1789033663.3608456,11,5.069,0.3504,0.0691
c2_64,1,1789033663.5808456,11,5.069,0.3504,0.0691
