session_id,label,ts,source,scenario_id,attack_subtype,label_method,environment,observation_count,mean_interval,std_interval,cv
c2_multi_05__c2_0,1,1789394646.261323,real,c2_multi_05,periodic_beacon,generator_ground_truth,docker_multihost,3,4.829,0.3372,0.0698
c2_multi_05__c2_0,1,1789394646.481323,real,c2_multi_05,periodic_beacon,generator_ground_truth,docker_multihost,3,4.829,0.3372,0.0698
c2_multi_05__c2_0,1,1789394646.701323,real,c2_multi_05,periodic_beacon,generator_ground_truth,docker_multihost,3,4.829,0.3372,0.0698
c2_multi_05__c2_0,1,1789394646.921323,real,c2_multi_05,periodic_beacon,generator_ground_truth,docker_multihost,3,4.829,0.3372,0.0698
c2_multi_05__c2_0,1,1789394647.141323,real,c2_multi_05,periodic_beacon,generator_ground_truth,docker_multihost,3,4.829,0.3372,0.0698
c2_multi_05__c2_0,1,1789394647.361323,real,c2_multi_05,periodic_beacon,generator_ground_truth,docker_multihost,3,4.829,0.3372,0.0698
c2_multi_05__c2_0,1,1789394647.5813231,real,c2_multi_05,periodic_beacon,generator_ground_truth,docker_multihost,3,4.829,0.3372,0.0698
c2_multi_05__c2_0,1,1789394647.8013232,real,c2_multi_05,periodic_beacon,generator_ground_truth,docker_multihost,3,4.829,0.3372,0.0698
c2_multi_05__c2_0,1,1789394648.0213232,real,c2_multi_05,periodic_beacon,generator_ground_truth,docker_multihost,3,4.829,0.3372,0.0698
c2_multi_05__c2_0,1,1789394648.2413232,real,c2_multi_05,periodic_beacon,generator_ground_truth,docker_multihost,3,4.829,0.3372,0.0698
c2_multi_05__c2_0,1,1789394648.4613233,real,c2_multi_05,periodic_beacon,generator_ground_truth,docker_multihost,3,4.829,0.3372,0.0698
c2_multi_05__c2_0,1,1789394648.6813233,real,c2_multi_05,periodic_beacon,generator_ground_truth,docker_multihost,3,4.829,0.3372,0.0698
c2_multi_05__c2_0,1,1789394648.9013233,real,c2_multi_05,periodic_beacon,generator_ground_truth,docker_multihost,3,4.829,0.3372,0.0698
c2_multi_05__c2_0,1,1789394649.1213233,real,c2_multi_05,periodic_beacon,generator_ground_truth,docker_multihost,3,4.829,0.3372,0.0698
c2_multi_05__c2_0,1,1789394649.3413234,real,c2_multi_05,periodic_beacon,generator_ground_truth,docker_multihost,3,4.829,0.3372,0.0698
c2_multi_05__c2_0,1,1789394649.5613234,real,c2_multi_05,periodic_beacon,generator_ground_truth,docker_multihost,3,4.829,0.3372,0.0698
c2_multi_05__c2_0,1,1789394649.7813234,real,c2_multi_05,periodic_beacon,generator_ground_truth,docker_multihost,3,4.829,0.3372,0.0698
c2_multi_05__c2_0,1,1789394650.0013235,real,c2_multi_05,periodic_beacon,generator_ground_truth,docker_multihost,3,4.829,0.3372,0.0698
c2_multi_05__c2_0,1,1789394650.2213235,real,c2_multi_05,periodic_beacon,generator_ground_truth,docker_multihost,3,4.829,0.3372,0.0698
c2_multi_05__c2_0,1,1789394650.4413235,real,c2_multi_05,periodic_beacon,generator_ground_truth,docker_multihost,3,4.829,0.3372,0.0698
c2_multi_05__c2_0,1,1789394650.6613235,real,c2_multi_05,periodic_beacon,generator_ground_truth,docker_multihost,4,4.6589,0.3657,0.0785
c2_multi_05__c2_0,1,1789394650.8813236,real,c2_multi_05,periodic_beacon,generator_ground_truth,docker_multihost,4,4.6589,0.3657,0.0785
c2_multi_05__c2_0,1,1789394651.1013236,real,c2_multi_05,periodic_beacon,generator_ground_truth,docker_multihost,4,4.6589,0.3657,0.0785
c2_multi_05__c2_0,1,1789394651.3213236,real,c2_multi_05,periodic_beacon,generator_ground_truth,docker_multihost,4,4.6589,0.3657,0.0785
c2_multi_05__c2_0,1,1789394651.5413237,real,c2_multi_05,periodic_beacon,generator_ground_truth,docker_multihost,4,4.6589,0.3657,0.0785
c2_multi_05__c2_0,1,1789394651.7613237,real,c2_multi_05,periodic_beacon,generator_ground_truth,docker_multihost,4,4.6589,0.3657,0.0785
c2_multi_05__c2_0,1,1789394651.9813237,real,c2_multi_05,periodic_beacon,generator_ground_truth,docker_multihost,4,4.6589,0.3657,0.0785
c2_multi_05__c2_0,1,1789394652.2013237,real,c2_multi_05,periodic_beacon,generator_ground_truth,docker_multihost,4,4.6589,0.3657,0.0785
c2_multi_05__c2_0,1,1789394652.4213238,real,c2_multi_05,periodic_beacon,generator_ground_truth,docker_multihost,4,4.6589,0.3657,0.0785
c2_multi_05__c2_0,1,1789394652.6413238,real,c2_multi_05,periodic_beacon,generator_ground_truth,docker_multihost,4,4.6589,0.3657,0.0785
c2_multi_05__c2_0,1,1789394652.8613238,real,c2_multi_05,periodic_beacon,generator_ground_truth,docker_multihost,4,4.6589,0.3657,0.0785
c2_multi_05__c2_0,1,1789394653.0813239,real,c2_multi_05,periodic_beacon,generator_ground_truth,docker_multihost,4,4.6589,0.3657,0.0785
c2_multi_05__c2_0,1,1789394653.301324,real,c2_multi_05,periodic_beacon,generator_ground_truth,docker_multihost,4,4.6589,0.3657,0.0785
c2_multi_05__c2_0,1,1789394653.521324,real,c2_multi_05,periodic_beacon,generator_ground_truth,docker_multihost,4,4.6589,0.3657,0.0785
c2_multi_05__c2_0,1,1789394653.741324,real,c2_multi_05,periodic_beacon,generator_ground_truth,docker_multihost,4,4.6589,0.3657,0.0785
c2_multi_05__c2_0,1,1789394653.961324,real,c2_multi_05,periodic_beacon,generator_ground_truth,docker_multihost,4,4.6589,0.3657,0.0785
c2_multi_05__c2_0,1,1789394654.181324,real,c2_multi_05,periodic_beacon,generator_ground_truth,docker_multihost,4,4.6589,0.3657,0.0785
c2_multi_05__c2_0,1,1789394654.401324,real,c2_multi_05,periodic_beacon,generator_ground_truth,docker_multihost,4,4.6589,0.3657,0.0785
c2_multi_05__c2_0,1,1789394654.621324,real,c2_multi_05,periodic_beacon,generator_ground_truth,docker_multihost,4,4.6589,0.3657,0.0785
c2_multi_05__c2_0,1,1789394654.841324,real,c2_multi_05,periodic_beacon,generator_ground_truth,docker_multihost,4,4.6589,0.3657,0.0785
c2_multi_05__c2_0,1,1789394655.0613241,real,c2_multi_05,periodic_beacon,generator_ground_truth,docker_multihost,4,4.6589,0.3657,0.0785
c2_multi_05__c2_0,1,1789394655.2813241,real,c2_multi_05,periodic_beacon,generator_ground_truth,docker_multihost,4,4.6589,0.3657,0.0785
c2_multi_05__c2_0,1,1789394655.5013242,real,c2_multi_05,periodic_beacon,generator_ground_truth,docker_multihost,4,4.6589,0.3657,0.0785
c2_multi_05__c2_0,1,1789394655.7213242,real,c2_multi_05,periodic_beacon,generator_ground_truth,docker_multihost,4,4.6589,0.3657,0.0785
c2_multi_05__c2_0,1,1789394655.9413242,real,c2_multi_05,periodic_beacon,generator_ground_truth,docker_multihost,4,4.6589,0.3657,0.0785
c2_multi_05__c2_0,1,1789394656.1613243,real,c2_multi_05,periodic_beacon,generator_ground_truth,docker_multihost,5,4.8618,0.4732,0.0973
c2_multi_05__c2_0,1,1789394656.3813243,real,c2_multi_05,periodic_beacon,generator_ground_truth,docker_multihost,5,4.8618,0.4732,0.0973
c2_multi_05__c2_0,1,1789394656.6013243,real,c2_multi_05,periodic_beacon,generator_ground_truth,docker_multihost,5,4.8618,0.4732,0.0973
c2_multi_05__c2_0,1,1789394656.8213243,real,c2_multi_05,periodic_beacon,generator_ground_truth,docker_multihost,5,4.8618,0.4732,0.0973
c2_multi_05__c2_0,1,1789394657.0413244,real,c2_multi_05,periodic_beacon,generator_ground_truth,docker_multihost,5,4.8618,0.4732,0.0973
c2_multi_05__c2_0,1,1789394657.2613244,real,c2_multi_05,periodic_beacon,generator_ground_truth,docker_multihost,5,4.8618,0.4732,0.0973
c2_multi_05__c2_0,1,1789394657.4813244,real,c2_multi_05,periodic_beacon,generator_ground_truth,docker_multihost,5,4.8618,0.4732,0.0973
c2_multi_05__c2_0,1,1789394657.7013245,real,c2_multi_05,periodic_beacon,generator_ground_truth,docker_multihost,5,4.8618,0.4732,0.0973
c2_multi_05__c2_0,1,1789394657.9213245,real,c2_multi_05,periodic_beacon,generator_ground_truth,docker_multihost,5,4.8618,0.4732,0.0973
c2_multi_05__c2_0,1,1789394658.1413245,real,c2_multi_05,periodic_beacon,generator_ground_truth,docker_multihost,5,4.8618,0.4732,0.0973
c2_multi_05__c2_0,1,1789394658.3613245,real,c2_multi_05,periodic_beacon,generator_ground_truth,docker_multihost,5,4.8618,0.4732,0.0973
c2_multi_05__c2_0,1,1789394658.5813246,real,c2_multi_05,periodic_beacon,generator_ground_truth,docker_multihost,5,4.8618,0.4732,0.0973
c2_multi_05__c2_0,1,1789394658.8013246,real,c2_multi_05,periodic_beacon,generator_ground_truth,docker_multihost,5,4.8618,0.4732,0.0973
c2_multi_05__c2_0,1,1789394659.0213246,real,c2_multi_05,periodic_beacon,generator_ground_truth,docker_multihost,5,4.8618,0.4732,0.0973
c2_multi_05__c2_0,1,1789394659.2413247,real,c2_multi_05,periodic_beacon,generator_ground_truth,docker_multihost,5,4.8618,0.4732,0.0973
c2_multi_05__c2_0,1,1789394659.4613247,real,c2_multi_05,periodic_beacon,generator_ground_truth,docker_multihost,5,4.8618,0.4732,0.0973
c2_multi_05__c2_0,1,1789394659.6813247,real,c2_multi_05,periodic_beacon,generator_ground_truth,docker_multihost,5,4.8618,0.4732,0.0973
c2_multi_05__c2_0,1,1789394659.9013247,real,c2_multi_05,periodic_beacon,generator_ground_truth,docker_multihost,5,4.8618,0.4732,0.0973
c2_multi_05__c2_0,1,1789394660.1213248,real,c2_multi_05,periodic_beacon,generator_ground_truth,docker_multihost,5,4.8618,0.4732,0.0973
c2_multi_05__c2_0,1,1789394660.3413248,real,c2_multi_05,periodic_beacon,generator_ground_truth,docker_multihost,5,4.8618,0.4732,0.0973
c2_multi_05__c2_0,1,1789394660.5613248,real,c2_multi_05,periodic_beacon,generator_ground_truth,docker_multihost,5,4.8618,0.4732,0.0973
c2_multi_05__c2_0,1,1789394660.7813249,real,c2_multi_05,periodic_beacon,generator_ground_truth,docker_multihost,5,4.8618,0.4732,0.0973
c2_multi_05__c2_0,1,1789394661.001325,real,c2_multi_05,periodic_beacon,generator_ground_truth,docker_multihost,5,4.8618,0.4732,0.0973
c2_multi_05__c2_0,1,1789394661.221325,real,c2_multi_05,periodic_beacon,generator_ground_truth,docker_multihost,5,4.8618,0.4732,0.0973
c2_multi_05__c2_0,1,1789394661.441325,real,c2_multi_05,periodic_beacon,generator_ground_truth,docker_multihost,6,4.9536,0.4612,0.0931
c2_multi_05__c2_0,1,1789394661.661325,real,c2_multi_05,periodic_beacon,generator_ground_truth,docker_multihost,6,4.9536,0.4612,0.0931
c2_multi_05__c2_0,1,1789394661.881325,real,c2_multi_05,periodic_beacon,generator_ground_truth,docker_multihost,6,4.9536,0.4612,0.0931
c2_multi_05__c2_0,1,1789394662.101325,real,c2_multi_05,periodic_beacon,generator_ground_truth,docker_multihost,6,4.9536,0.4612,0.0931
c2_multi_05__c2_0,1,1789394662.321325,real,c2_multi_05,periodic_beacon,generator_ground_truth,docker_multihost,6,4.9536,0.4612,0.0931
c2_multi_05__c2_0,1,1789394662.541325,real,c2_multi_05,periodic_beacon,generator_ground_truth,docker_multihost,6,4.9536,0.4612,0.0931
c2_multi_05__c2_0,1,1789394662.7613251,real,c2_multi_05,periodic_beacon,generator_ground_truth,docker_multihost,6,4.9536,0.4612,0.0931
c2_multi_05__c2_0,1,1789394662.9813251,real,c2_multi_05,periodic_beacon,generator_ground_truth,docker_multihost,6,4.9536,0.4612,0.0931
c2_multi_05__c2_0,1,1789394663.2013252,real,c2_multi_05,periodic_beacon,generator_ground_truth,docker_multihost,6,4.9536,0.4612,0.0931
c2_multi_05__c2_0,1,1789394663.4213252,real,c2_multi_05,periodic_beacon,generator_ground_truth,docker_multihost,6,4.9536,0.4612,0.0931
c2_multi_05__c2_0,1,1789394663.6413252,real,c2_multi_05,periodic_beacon,generator_ground_truth,docker_multihost,6,4.9536,0.4612,0.0931
c2_multi_05__c2_0,1,1789394663.8613253,real,c2_multi_05,periodic_beacon,generator_ground_truth,docker_multihost,6,4.9536,0.4612,0.0931
c2_multi_05__c2_0,1,1789394664.0813253,real,c2_multi_05,periodic_beacon,generator_ground_truth,docker_multihost,6,4.9536,0.4612,0.0931
c2_multi_05__c2_0,1,1789394664.3013253,real,c2_multi_05,periodic_beacon,generator_ground_truth,docker_multihost,6,4.9536,0.4612,0.0931
c2_multi_05__c2_0,1,1789394664.5213253,real,c2_multi_05,periodic_beacon,generator_ground_truth,docker_multihost,6,4.9536,0.4612,0.0931
c2_multi_05__c2_0,1,1789394664.7413254,real,c2_multi_05,periodic_beacon,generator_ground_truth,docker_multihost,6,4.9536,0.4612,0.0931
c2_multi_05__c2_0,1,1789394664.9613254,real,c2_multi_05,periodic_beacon,generator_ground_truth,docker_multihost,6,4.9536,0.4612,0.0931
c2_multi_05__c2_0,1,1789394665.1813254,real,c2_multi_05,periodic_beacon,generator_ground_truth,docker_multihost,6,4.9536,0.4612,0.0931
c2_multi_05__c2_0,1,1789394665.4013255,real,c2_multi_05,periodic_beacon,generator_ground_truth,docker_multihost,6,4.9536,0.4612,0.0931
c2_multi_05__c2_0,1,1789394665.6213255,real,c2_multi_05,periodic_beacon,generator_ground_truth,docker_multihost,7,4.8376,0.4945,0.1022
c2_multi_05__c2_0,1,1789394665.8413255,real,c2_multi_05,periodic_beacon,generator_ground_truth,docker_multihost,7,4.8376,0.4945,0.1022
c2_multi_05__c2_0,1,1789394666.0613256,real,c2_multi_05,periodic_beacon,generator_ground_truth,docker_multihost,7,4.8376,0.4945,0.1022
c2_multi_05__c2_0,1,1789394666.2813256,real,c2_multi_05,periodic_beacon,generator_ground_truth,docker_multihost,7,4.8376,0.4945,0.1022
c2_multi_05__c2_0,1,1789394666.5013256,real,c2_multi_05,periodic_beacon,generator_ground_truth,docker_multihost,7,4.8376,0.4945,0.1022
c2_multi_05__c2_0,1,1789394666.7213256,real,c2_multi_05,periodic_beacon,generator_ground_truth,docker_multihost,7,4.8376,0.4945,0.1022
c2_multi_05__c2_0,1,1789394666.9413257,real,c2_multi_05,periodic_beacon,generator_ground_truth,docker_multihost,7,4.8376,0.4945,0.1022
c2_multi_05__c2_0,1,1789394667.1613257,real,c2_multi_05,periodic_beacon,generator_ground_truth,docker_multihost,7,4.8376,0.4945,0.1022
c2_multi_05__c2_0,1,1789394667.3813257,real,c2_multi_05,periodic_beacon,generator_ground_truth,docker_multihost,7,4.8376,0.4945,0.1022
c2_multi_05__c2_0,1,1789394667.6013258,real,c2_multi_05,periodic_beacon,generator_ground_truth,docker_multihost,7,4.8376,0.4945,0.1022
c2_multi_05__c2_0,1,1789394667.8213258,real,c2_multi_05,periodic_beacon,generator_ground_truth,docker_multihost,7,4.8376,0.4945,0.1022
c2_multi_05__c2_0,1,1789394668.0413258,real,c2_multi_05,periodic_beacon,generator_ground_truth,docker_multihost,7,4.8376,0.4945,0.1022
c2_multi_05__c2_0,1,1789394668.2613258,real,c2_multi_05,periodic_beacon,generator_ground_truth,docker_multihost,7,4.8376,0.4945,0.1022
c2_multi_05__c2_0,1,1789394668.4813259,real,c2_multi_05,periodic_beacon,generator_ground_truth,docker_multihost,7,4.8376,0.4945,0.1022
c2_multi_05__c2_0,1,1789394668.701326,real,c2_multi_05,periodic_beacon,generator_ground_truth,docker_multihost,7,4.8376,0.4945,0.1022
c2_multi_05__c2_0,1,1789394668.921326,real,c2_multi_05,periodic_beacon,generator_ground_truth,docker_multihost,7,4.8376,0.4945,0.1022
c2_multi_05__c2_0,1,1789394669.141326,real,c2_multi_05,periodic_beacon,generator_ground_truth,docker_multihost,7,4.8376,0.4945,0.1022
c2_multi_05__c2_0,1,1789394669.361326,real,c2_multi_05,periodic_beacon,generator_ground_truth,docker_multihost,7,4.8376,0.4945,0.1022
c2_multi_05__c2_0,1,1789394669.581326,real,c2_multi_05,periodic_beacon,generator_ground_truth,docker_multihost,7,4.8376,0.4945,0.1022
c2_multi_05__c2_0,1,1789394669.801326,real,c2_multi_05,periodic_beacon,generator_ground_truth,docker_multihost,7,4.8376,0.4945,0.1022
c2_multi_05__c2_0,1,1789394670.021326,real,c2_multi_05,periodic_beacon,generator_ground_truth,docker_multihost,8,4.7752,0.4826,0.1011
c2_multi_05__c2_0,1,1789394670.241326,real,c2_multi_05,periodic_beacon,generator_ground_truth,docker_multihost,8,4.7752,0.4826,0.1011
c2_multi_05__c2_0,1,1789394670.4613261,real,c2_multi_05,periodic_beacon,generator_ground_truth,docker_multihost,8,4.7752,0.4826,0.1011
c2_multi_05__c2_0,1,1789394670.6813262,real,c2_multi_05,periodic_beacon,generator_ground_truth,docker_multihost,8,4.7752,0.4826,0.1011
c2_multi_05__c2_0,1,1789394670.9013262,real,c2_multi_05,periodic_beacon,generator_ground_truth,docker_multihost,8,4.7752,0.4826,0.1011
c2_multi_05__c2_0,1,1789394671.1213262,real,c2_multi_05,periodic_beacon,generator_ground_truth,docker_multihost,8,4.7752,0.4826,0.1011
c2_multi_05__c2_0,1,1789394671.3413262,real,c2_multi_05,periodic_beacon,generator_ground_truth,docker_multihost,8,4.7752,0.4826,0.1011
c2_multi_05__c2_0,1,1789394671.5613263,real,c2_multi_05,periodic_beacon,generator_ground_truth,docker_multihost,8,4.7752,0.4826,0.1011
c2_multi_05__c2_0,1,1789394671.7813263,real,c2_multi_05,periodic_beacon,generator_ground_truth,docker_multihost,8,4.7752,0.4826,0.1011
c2_multi_05__c2_0,1,1789394672.0013263,real,c2_multi_05,periodic_beacon,generator_ground_truth,docker_multihost,8,4.7752,0.4826,0.1011
c2_multi_05__c2_0,1,1789394672.2213264,real,c2_multi_05,periodic_beacon,generator_ground_truth,docker_multihost,8,4.7752,0.4826,0.1011
c2_multi_05__c2_0,1,1789394672.4413264,real,c2_multi_05,periodic_beacon,generator_ground_truth,docker_multihost,8,4.7752,0.4826,0.1011
c2_multi_05__c2_0,1,1789394672.6613264,real,c2_multi_05,periodic_beacon,generator_ground_truth,docker_multihost,8,4.7752,0.4826,0.1011
c2_multi_05__c2_0,1,1789394672.8813264,real,c2_multi_05,periodic_beacon,generator_ground_truth,docker_multihost,8,4.7752,0.4826,0.1011
c2_multi_05__c2_0,1,1789394673.1013265,real,c2_multi_05,periodic_beacon,generator_ground_truth,docker_multihost,8,4.7752,0.4826,0.1011
c2_multi_05__c2_0,1,1789394673.3213265,real,c2_multi_05,periodic_beacon,generator_ground_truth,docker_multihost,8,4.7752,0.4826,0.1011
c2_multi_05__c2_0,1,1789394673.5413265,real,c2_multi_05,periodic_beacon,generator_ground_truth,docker_multihost,8,4.7752,0.4826,0.1011
c2_multi_05__c2_0,1,1789394673.7613266,real,c2_multi_05,periodic_beacon,generator_ground_truth,docker_multihost,8,4.7752,0.4826,0.1011
c2_multi_05__c2_0,1,1789394673.9813266,real,c2_multi_05,periodic_beacon,generator_ground_truth,docker_multihost,8,4.7752,0.4826,0.1011
c2_multi_05__c2_0,1,1789394674.2013266,real,c2_multi_05,periodic_beacon,generator_ground_truth,docker_multihost,8,4.7752,0.4826,0.1011
c2_multi_05__c2_0,1,1789394674.4213266,real,c2_multi_05,periodic_beacon,generator_ground_truth,docker_multihost,8,4.7752,0.4826,0.1011
c2_multi_05__c2_0,1,1789394674.6413267,real,c2_multi_05,periodic_beacon,generator_ground_truth,docker_multihost,8,4.7752,0.4826,0.1011
c2_multi_05__c2_0,1,1789394674.8613267,real,c2_multi_05,periodic_beacon,generator_ground_truth,docker_multihost,8,4.7752,0.4826,0.1011
c2_multi_05__c2_0,1,1789394675.0813267,real,c2_multi_05,periodic_beacon,generator_ground_truth,docker_multihost,8,4.7752,0.4826,0.1011
c2_multi_05__c2_0,1,1789394675.3013268,real,c2_multi_05,periodic_beacon,generator_ground_truth,docker_multihost,9,4.8321,0.4759,0.0985
c2_multi_05__c2_0,1,1789394675.5213268,real,c2_multi_05,periodic_beacon,generator_ground_truth,docker_multihost,9,4.8321,0.4759,0.0985
c2_multi_05__c2_0,1,1789394675.7413268,real,c2_multi_05,periodic_beacon,generator_ground_truth,docker_multihost,9,4.8321,0.4759,0.0985
c2_multi_05__c2_0,1,1789394675.9613268,real,c2_multi_05,periodic_beacon,generator_ground_truth,docker_multihost,9,4.8321,0.4759,0.0985
c2_multi_05__c2_0,1,1789394676.1813269,real,c2_multi_05,periodic_beacon,generator_ground_truth,docker_multihost,9,4.8321,0.4759,0.0985
c2_multi_05__c2_0,1,1789394676.401327,real,c2_multi_05,periodic_beacon,generator_ground_truth,docker_multihost,9,4.8321,0.4759,0.0985
c2_multi_05__c2_0,1,1789394676.621327,real,c2_multi_05,periodic_beacon,generator_ground_truth,docker_multihost,9,4.8321,0.4759,0.0985
c2_multi_05__c2_0,1,1789394676.841327,real,c2_multi_05,periodic_beacon,generator_ground_truth,docker_multihost,9,4.8321,0.4759,0.0985
c2_multi_05__c2_0,1,1789394677.061327,real,c2_multi_05,periodic_beacon,generator_ground_truth,docker_multihost,9,4.8321,0.4759,0.0985
c2_multi_05__c2_0,1,1789394677.281327,real,c2_multi_05,periodic_beacon,generator_ground_truth,docker_multihost,9,4.8321,0.4759,0.0985
c2_multi_05__c2_0,1,1789394677.501327,real,c2_multi_05,periodic_beacon,generator_ground_truth,docker_multihost,9,4.8321,0.4759,0.0985
c2_multi_05__c2_0,1,1789394677.721327,real,c2_multi_05,periodic_beacon,generator_ground_truth,docker_multihost,9,4.8321,0.4759,0.0985
c2_multi_05__c2_0,1,1789394677.941327,real,c2_multi_05,periodic_beacon,generator_ground_truth,docker_multihost,9,4.8321,0.4759,0.0985
c2_multi_05__c2_0,1,1789394678.1613271,real,c2_multi_05,periodic_beacon,generator_ground_truth,docker_multihost,9,4.8321,0.4759,0.0985
c2_multi_05__c2_0,1,1789394678.3813272,real,c2_multi_05,periodic_beacon,generator_ground_truth,docker_multihost,9,4.8321,0.4759,0.0985
c2_multi_05__c2_0,1,1789394678.6013272,real,c2_multi_05,periodic_beacon,generator_ground_truth,docker_multihost,9,4.8321,0.4759,0.0985
c2_multi_05__c2_0,1,1789394678.8213272,real,c2_multi_05,periodic_beacon,generator_ground_truth,docker_multihost,9,4.8321,0.4759,0.0985
c2_multi_05__c2_0,1,1789394679.0413272,real,c2_multi_05,periodic_beacon,generator_ground_truth,docker_multihost,9,4.8321,0.4759,0.0985
c2_multi_05__c2_0,1,1789394679.2613273,real,c2_multi_05,periodic_beacon,generator_ground_truth,docker_multihost,9,4.8321,0.4759,0.0985
c2_multi_05__c2_0,1,1789394679.4813273,real,c2_multi_05,periodic_beacon,generator_ground_truth,docker_multihost,9,4.8321,0.4759,0.0985
c2_multi_05__c2_0,1,1789394679.7013273,real,c2_multi_05,periodic_beacon,generator_ground_truth,docker_multihost,9,4.8321,0.4759,0.0985
c2_multi_05__c2_0,1,1789394679.9213274,real,c2_multi_05,periodic_beacon,generator_ground_truth,docker_multihost,9,4.8321,0.4759,0.0985
c2_multi_05__c2_0,1,1789394680.1413274,real,c2_multi_05,periodic_beacon,generator_ground_truth,docker_multihost,9,4.8321,0.4759,0.0985
c2_multi_05__c2_0,1,1789394680.3613274,real,c2_multi_05,periodic_beacon,generator_ground_truth,docker_multihost,9,4.8321,0.4759,0.0985
c2_multi_05__c2_0,1,1789394680.5813274,real,c2_multi_05,periodic_beacon,generator_ground_truth,docker_multihost,9,4.8321,0.4759,0.0985
c2_multi_05__c2_0,1,1789394680.8013275,real,c2_multi_05,periodic_beacon,generator_ground_truth,docker_multihost,9,4.8321,0.4759,0.0985
c2_multi_05__c2_0,1,1789394681.0213275,real,c2_multi_05,periodic_beacon,generator_ground_truth,docker_multihost,10,4.9282,0.5246,0.1065
c2_multi_05__c2_0,1,1789394681.2413275,real,c2_multi_05,periodic_beacon,generator_ground_truth,docker_multihost,10,4.9282,0.5246,0.1065
c2_multi_05__c2_0,1,1789394681.4613276,real,c2_multi_05,periodic_beacon,generator_ground_truth,docker_multihost,10,4.9282,0.5246,0.1065
c2_multi_05__c2_0,1,1789394681.6813276,real,c2_multi_05,periodic_beacon,generator_ground_truth,docker_multihost,10,4.9282,0.5246,0.1065
c2_multi_05__c2_0,1,1789394681.9013276,real,c2_multi_05,periodic_beacon,generator_ground_truth,docker_multihost,10,4.9282,0.5246,0.1065
c2_multi_05__c2_0,1,1789394682.1213276,real,c2_multi_05,periodic_beacon,generator_ground_truth,docker_multihost,10,4.9282,0.5246,0.1065
c2_multi_05__c2_0,1,1789394682.3413277,real,c2_multi_05,periodic_beacon,generator_ground_truth,docker_multihost,10,4.9282,0.5246,0.1065
c2_multi_05__c2_0,1,1789394682.5613277,real,c2_multi_05,periodic_beacon,generator_ground_truth,docker_multihost,10,4.9282,0.5246,0.1065
c2_multi_05__c2_0,1,1789394682.7813277,real,c2_multi_05,periodic_beacon,generator_ground_truth,docker_multihost,10,4.9282,0.5246,0.1065
c2_multi_05__c2_0,1,1789394683.0013278,real,c2_multi_05,periodic_beacon,generator_ground_truth,docker_multihost,10,4.9282,0.5246,0.1065
c2_multi_05__c2_0,1,1789394683.2213278,real,c2_multi_05,periodic_beacon,generator_ground_truth,docker_multihost,10,4.9282,0.5246,0.1065
c2_multi_05__c2_0,1,1789394683.4413278,real,c2_multi_05,periodic_beacon,generator_ground_truth,docker_multihost,10,4.9282,0.5246,0.1065
c2_multi_05__c2_0,1,1789394683.6613278,real,c2_multi_05,periodic_beacon,generator_ground_truth,docker_multihost,10,4.9282,0.5246,0.1065
c2_multi_05__c2_0,1,1789394683.8813279,real,c2_multi_05,periodic_beacon,generator_ground_truth,docker_multihost,10,4.9282,0.5246,0.1065
c2_multi_05__c2_0,1,1789394684.101328,real,c2_multi_05,periodic_beacon,generator_ground_truth,docker_multihost,10,4.9282,0.5246,0.1065
c2_multi_05__c2_0,1,1789394684.321328,real,c2_multi_05,periodic_beacon,generator_ground_truth,docker_multihost,10,4.9282,0.5246,0.1065
c2_multi_05__c2_0,1,1789394684.541328,real,c2_multi_05,periodic_beacon,generator_ground_truth,docker_multihost,10,4.9282,0.5246,0.1065
c2_multi_05__c2_0,1,1789394684.761328,real,c2_multi_05,periodic_beacon,generator_ground_truth,docker_multihost,10,4.9282,0.5246,0.1065
c2_multi_05__c2_0,1,1789394684.981328,real,c2_multi_05,periodic_beacon,generator_ground_truth,docker_multihost,10,4.9282,0.5246,0.1065
c2_multi_05__c2_0,1,1789394685.201328,real,c2_multi_05,periodic_beacon,generator_ground_truth,docker_multihost,10,4.9282,0.5246,0.1065
c2_multi_05__c2_0,1,1789394685.421328,real,c2_multi_05,periodic_beacon,generator_ground_truth,docker_multihost,10,4.9282,0.5246,0.1065
c2_multi_05__c2_0,1,1789394685.641328,real,c2_multi_05,periodic_beacon,generator_ground_truth,docker_multihost,10,4.9282,0.5246,0.1065
c2_multi_05__c2_0,1,1789394685.8613281,real,c2_multi_05,periodic_beacon,generator_ground_truth,docker_multihost,10,4.9282,0.5246,0.1065
c2_multi_05__c2_0,1,1789394686.0813282,real,c2_multi_05,periodic_beacon,generator_ground_truth,docker_multihost,10,4.9282,0.5246,0.1065
c2_multi_05__c2_0,1,1789394686.3013282,real,c2_multi_05,periodic_beacon,generator_ground_truth,docker_multihost,10,4.9282,0.5246,0.1065
c2_multi_05__c2_0,1,1789394686.5213282,real,c2_multi_05,periodic_beacon,generator_ground_truth,docker_multihost,10,4.9282,0.5246,0.1065
c2_multi_05__c2_0,1,1789394686.7413282,real,c2_multi_05,periodic_beacon,generator_ground_truth,docker_multihost,11,5.0044,0.5476,0.1094
c2_multi_05__c2_0,1,1789394686.9613283,real,c2_multi_05,periodic_beacon,generator_ground_truth,docker_multihost,11,5.0044,0.5476,0.1094
c2_multi_05__c2_0,1,1789394687.1813283,real,c2_multi_05,periodic_beacon,generator_ground_truth,docker_multihost,11,5.0044,0.5476,0.1094
c2_multi_05__c2_0,1,1789394687.4013283,real,c2_multi_05,periodic_beacon,generator_ground_truth,docker_multihost,11,5.0044,0.5476,0.1094
c2_multi_05__c2_0,1,1789394687.6213284,real,c2_multi_05,periodic_beacon,generator_ground_truth,docker_multihost,11,5.0044,0.5476,0.1094
c2_multi_05__c2_0,1,1789394687.8413284,real,c2_multi_05,periodic_beacon,generator_ground_truth,docker_multihost,11,5.0044,0.5476,0.1094
c2_multi_05__c2_0,1,1789394688.0613284,real,c2_multi_05,periodic_beacon,generator_ground_truth,docker_multihost,11,5.0044,0.5476,0.1094
c2_multi_05__c2_0,1,1789394688.2813284,real,c2_multi_05,periodic_beacon,generator_ground_truth,docker_multihost,11,5.0044,0.5476,0.1094
c2_multi_05__c2_0,1,1789394688.5013285,real,c2_multi_05,periodic_beacon,generator_ground_truth,docker_multihost,11,5.0044,0.5476,0.1094
c2_multi_05__c2_0,1,1789394688.7213285,real,c2_multi_05,periodic_beacon,generator_ground_truth,docker_multihost,11,5.0044,0.5476,0.1094
c2_multi_05__c2_0,1,1789394688.9413285,real,c2_multi_05,periodic_beacon,generator_ground_truth,docker_multihost,11,5.0044,0.5476,0.1094
c2_multi_05__c2_0,1,1789394689.1613286,real,c2_multi_05,periodic_beacon,generator_ground_truth,docker_multihost,11,5.0044,0.5476,0.1094
c2_multi_05__c2_0,1,1789394689.3813286,real,c2_multi_05,periodic_beacon,generator_ground_truth,docker_multihost,11,5.0044,0.5476,0.1094
c2_multi_05__c2_0,1,1789394689.6013286,real,c2_multi_05,periodic_beacon,generator_ground_truth,docker_multihost,11,5.0044,0.5476,0.1094
c2_multi_05__c2_0,1,1789394689.8213286,real,c2_multi_05,periodic_beacon,generator_ground_truth,docker_multihost,11,5.0044,0.5476,0.1094
c2_multi_05__c2_0,1,1789394690.0413287,real,c2_multi_05,periodic_beacon,generator_ground_truth,docker_multihost,11,5.0044,0.5476,0.1094
c2_multi_05__c2_0,1,1789394690.2613287,real,c2_multi_05,periodic_beacon,generator_ground_truth,docker_multihost,11,5.0044,0.5476,0.1094
c2_multi_05__c2_0,1,1789394690.4813287,real,c2_multi_05,periodic_beacon,generator_ground_truth,docker_multihost,11,5.0044,0.5476,0.1094
c2_multi_05__c2_0,1,1789394690.7013288,real,c2_multi_05,periodic_beacon,generator_ground_truth,docker_multihost,11,5.0044,0.5476,0.1094
c2_multi_05__c2_0,1,1789394690.9213288,real,c2_multi_05,periodic_beacon,generator_ground_truth,docker_multihost,11,5.0044,0.5476,0.1094
c2_multi_05__c2_0,1,1789394691.1413288,real,c2_multi_05,periodic_beacon,generator_ground_truth,docker_multihost,11,5.0044,0.5476,0.1094
c2_multi_05__c2_0,1,1789394691.3613288,real,c2_multi_05,periodic_beacon,generator_ground_truth,docker_multihost,11,5.0044,0.5476,0.1094
c2_multi_05__c2_0,1,1789394691.5813289,real,c2_multi_05,periodic_beacon,generator_ground_truth,docker_multihost,11,5.0044,0.5476,0.1094
c2_multi_05__c2_0,1,1789394691.801329,real,c2_multi_05,periodic_beacon,generator_ground_truth,docker_multihost,11,5.0044,0.5476,0.1094
c2_multi_05__c2_0,1,1789394692.021329,real,c2_multi_05,periodic_beacon,generator_ground_truth,docker_multihost,11,5.0044,0.5476,0.1094
c2_multi_05__c2_0,1,1789394692.241329,real,c2_multi_05,periodic_beacon,generator_ground_truth,docker_multihost,12,5.0452,0.5379,0.1066
c2_multi_05__c2_0,1,1789394692.461329,real,c2_multi_05,periodic_beacon,generator_ground_truth,docker_multihost,12,5.0452,0.5379,0.1066
c2_multi_05__c2_0,1,1789394692.681329,real,c2_multi_05,periodic_beacon,generator_ground_truth,docker_multihost,12,5.0452,0.5379,0.1066
c2_multi_05__c2_0,1,1789394692.901329,real,c2_multi_05,periodic_beacon,generator_ground_truth,docker_multihost,12,5.0452,0.5379,0.1066
c2_multi_05__c2_0,1,1789394693.121329,real,c2_multi_05,periodic_beacon,generator_ground_truth,docker_multihost,12,5.0452,0.5379,0.1066
c2_multi_05__c2_0,1,1789394693.341329,real,c2_multi_05,periodic_beacon,generator_ground_truth,docker_multihost,12,5.0452,0.5379,0.1066
c2_multi_05__c2_0,1,1789394693.5613291,real,c2_multi_05,periodic_beacon,generator_ground_truth,docker_multihost,12,5.0452,0.5379,0.1066
c2_multi_05__c2_0,1,1789394693.7813292,real,c2_multi_05,periodic_beacon,generator_ground_truth,docker_multihost,12,5.0452,0.5379,0.1066
c2_multi_05__c2_0,1,1789394694.0013292,real,c2_multi_05,periodic_beacon,generator_ground_truth,docker_multihost,12,5.0452,0.5379,0.1066
c2_multi_05__c2_0,1,1789394694.2213292,real,c2_multi_05,periodic_beacon,generator_ground_truth,docker_multihost,12,5.0452,0.5379,0.1066
c2_multi_05__c2_0,1,1789394694.4413292,real,c2_multi_05,periodic_beacon,generator_ground_truth,docker_multihost,12,5.0452,0.5379,0.1066
c2_multi_05__c2_0,1,1789394694.6613293,real,c2_multi_05,periodic_beacon,generator_ground_truth,docker_multihost,12,5.0452,0.5379,0.1066
c2_multi_05__c2_0,1,1789394694.8813293,real,c2_multi_05,periodic_beacon,generator_ground_truth,docker_multihost,12,5.0452,0.5379,0.1066
c2_multi_05__c2_0,1,1789394695.1013293,real,c2_multi_05,periodic_beacon,generator_ground_truth,docker_multihost,12,5.0452,0.5379,0.1066
c2_multi_05__c2_0,1,1789394695.3213294,real,c2_multi_05,periodic_beacon,generator_ground_truth,docker_multihost,12,5.0452,0.5379,0.1066
c2_multi_05__c2_0,1,1789394695.5413294,real,c2_multi_05,periodic_beacon,generator_ground_truth,docker_multihost,12,5.0452,0.5379,0.1066
c2_multi_05__c2_0,1,1789394695.7613294,real,c2_multi_05,periodic_beacon,generator_ground_truth,docker_multihost,12,5.0452,0.5379,0.1066
c2_multi_05__c2_0,1,1789394695.9813294,real,c2_multi_05,periodic_beacon,generator_ground_truth,docker_multihost,12,5.0452,0.5379,0.1066
c2_multi_05__c2_0,1,1789394696.2013295,real,c2_multi_05,periodic_beacon,generator_ground_truth,docker_multihost,12,5.0452,0.5379,0.1066
c2_multi_05__c2_0,1,1789394696.4213295,real,c2_multi_05,periodic_beacon,generator_ground_truth,docker_multihost,13,4.9864,0.5507,0.1104
c2_multi_05__c2_0,1,1789394696.6413295,real,c2_multi_05,periodic_beacon,generator_ground_truth,docker_multihost,13,4.9864,0.5507,0.1104
c2_multi_05__c2_0,1,1789394696.8613296,real,c2_multi_05,periodic_beacon,generator_ground_truth,docker_multihost,13,4.9864,0.5507,0.1104
c2_multi_05__c2_0,1,1789394697.0813296,real,c2_multi_05,periodic_beacon,generator_ground_truth,docker_multihost,13,4.9864,0.5507,0.1104
c2_multi_05__c2_0,1,1789394697.3013296,real,c2_multi_05,periodic_beacon,generator_ground_truth,docker_multihost,13,4.9864,0.5507,0.1104
c2_multi_05__c2_0,1,1789394697.5213296,real,c2_multi_05,periodic_beacon,generator_ground_truth,docker_multihost,13,4.9864,0.5507,0.1104
c2_multi_05__c2_0,1,1789394697.7413297,real,c2_multi_05,periodic_beacon,generator_ground_truth,docker_multihost,13,4.9864,0.5507,0.1104
c2_multi_05__c2_0,1,1789394697.9613297,real,c2_multi_05,periodic_beacon,generator_ground_truth,docker_multihost,13,4.9864,0.5507,0.1104
c2_multi_05__c2_0,1,1789394698.1813297,real,c2_multi_05,periodic_beacon,generator_ground_truth,docker_multihost,13,4.9864,0.5507,0.1104
c2_multi_05__c2_0,1,1789394698.4013298,real,c2_multi_05,periodic_beacon,generator_ground_truth,docker_multihost,13,4.9864,0.5507,0.1104
c2_multi_05__c2_0,1,1789394698.6213298,real,c2_multi_05,periodic_beacon,generator_ground_truth,docker_multihost,13,4.9864,0.5507,0.1104
c2_multi_05__c2_0,1,1789394698.8413298,real,c2_multi_05,periodic_beacon,generator_ground_truth,docker_multihost,13,4.9864,0.5507,0.1104
c2_multi_05__c2_0,1,1789394699.0613298,real,c2_multi_05,periodic_beacon,generator_ground_truth,docker_multihost,13,4.9864,0.5507,0.1104
c2_multi_05__c2_0,1,1789394699.2813299,real,c2_multi_05,periodic_beacon,generator_ground_truth,docker_multihost,13,4.9864,0.5507,0.1104
c2_multi_05__c2_0,1,1789394699.50133,real,c2_multi_05,periodic_beacon,generator_ground_truth,docker_multihost,13,4.9864,0.5507,0.1104
c2_multi_05__c2_0,1,1789394699.72133,real,c2_multi_05,periodic_beacon,generator_ground_truth,docker_multihost,13,4.9864,0.5507,0.1104
c2_multi_05__c2_0,1,1789394699.94133,real,c2_multi_05,periodic_beacon,generator_ground_truth,docker_multihost,13,4.9864,0.5507,0.1104
c2_multi_05__c2_0,1,1789394700.16133,real,c2_multi_05,periodic_beacon,generator_ground_truth,docker_multihost,13,4.9864,0.5507,0.1104
c2_multi_05__c2_0,1,1789394700.38133,real,c2_multi_05,periodic_beacon,generator_ground_truth,docker_multihost,13,4.9864,0.5507,0.1104
c2_multi_05__c2_0,1,1789394700.60133,real,c2_multi_05,periodic_beacon,generator_ground_truth,docker_multihost,13,4.9864,0.5507,0.1104
c2_multi_05__c2_0,1,1789394700.82133,real,c2_multi_05,periodic_beacon,generator_ground_truth,docker_multihost,13,4.9864,0.5507,0.1104
c2_multi_05__c2_0,1,1789394701.04133,real,c2_multi_05,periodic_beacon,generator_ground_truth,docker_multihost,13,4.9864,0.5507,0.1104
c2_multi_05__c2_0,1,1789394701.2613301,real,c2_multi_05,periodic_beacon,generator_ground_truth,docker_multihost,13,4.9864,0.5507,0.1104
c2_multi_05__c2_0,1,1789394701.4813302,real,c2_multi_05,periodic_beacon,generator_ground_truth,docker_multihost,13,4.9864,0.5507,0.1104
c2_multi_05__c2_0,1,1789394701.7013302,real,c2_multi_05,periodic_beacon,generator_ground_truth,docker_multihost,13,4.9864,0.5507,0.1104
c2_multi_05__c2_0,1,1789394701.9213302,real,c2_multi_05,periodic_beacon,generator_ground_truth,docker_multihost,14,5.0177,0.5401,0.1076
c2_multi_05__c2_0,1,1789394702.1413302,real,c2_multi_05,periodic_beacon,generator_ground_truth,docker_multihost,14,5.0177,0.5401,0.1076
c2_multi_05__c2_0,1,1789394702.3613303,real,c2_multi_05,periodic_beacon,generator_ground_truth,docker_multihost,14,5.0177,0.5401,0.1076
c2_multi_05__c2_0,1,1789394702.5813303,real,c2_multi_05,periodic_beacon,generator_ground_truth,docker_multihost,14,5.0177,0.5401,0.1076
c2_multi_05__c2_0,1,1789394702.8013303,real,c2_multi_05,periodic_beacon,generator_ground_truth,docker_multihost,14,5.0177,0.5401,0.1076
c2_multi_05__c2_0,1,1789394703.0213304,real,c2_multi_05,periodic_beacon,generator_ground_truth,docker_multihost,14,5.0177,0.5401,0.1076
c2_multi_05__c2_0,1,1789394703.2413304,real,c2_multi_05,periodic_beacon,generator_ground_truth,docker_multihost,14,5.0177,0.5401,0.1076
c2_multi_05__c2_0,1,1789394703.4613304,real,c2_multi_05,periodic_beacon,generator_ground_truth,docker_multihost,14,5.0177,0.5401,0.1076
c2_multi_05__c2_0,1,1789394703.6813304,real,c2_multi_05,periodic_beacon,generator_ground_truth,docker_multihost,14,5.0177,0.5401,0.1076
c2_multi_05__c2_0,1,1789394703.9013305,real,c2_multi_05,periodic_beacon,generator_ground_truth,docker_multihost,14,5.0177,0.5401,0.1076
c2_multi_05__c2_0,1,1789394704.1213305,real,c2_multi_05,periodic_beacon,generator_ground_truth,docker_multihost,14,5.0177,0.5401,0.1076
c2_multi_05__c2_0,1,1789394704.3413305,real,c2_multi_05,periodic_beacon,generator_ground_truth,docker_multihost,14,5.0177,0.5401,0.1076
c2_multi_05__c2_0,1,1789394704.5613306,real,c2_multi_05,periodic_beacon,generator_ground_truth,docker_multihost,14,5.0177,0.5401,0.1076
c2_multi_05__c2_0,1,1789394704.7813306,real,c2_multi_05,periodic_beacon,generator_ground_truth,docker_multihost,14,5.0177,0.5401,0.1076
c2_multi_05__c2_0,1,1789394705.0013306,real,c2_multi_05,periodic_beacon,generator_ground_truth,docker_multihost,14,5.0177,0.5401,0.1076
c2_multi_05__c2_0,1,1789394705.2213306,real,c2_multi_05,periodic_beacon,generator_ground_truth,docker_multihost,14,5.0177,0.5401,0.1076
c2_multi_05__c2_0,1,1789394705.4413307,real,c2_multi_05,periodic_beacon,generator_ground_truth,docker_multihost,14,5.0177,0.5401,0.1076
c2_multi_05__c2_0,1,1789394705.6613307,real,c2_multi_05,periodic_beacon,generator_ground_truth,docker_multihost,14,5.0177,0.5401,0.1076
c2_multi_05__c2_0,1,1789394705.8813307,real,c2_multi_05,periodic_beacon,generator_ground_truth,docker_multihost,14,5.0177,0.5401,0.1076
c2_multi_05__c2_0,1,1789394706.1013308,real,c2_multi_05,periodic_beacon,generator_ground_truth,docker_multihost,14,5.0177,0.5401,0.1076
c2_multi_05__c2_0,1,1789394706.3213308,real,c2_multi_05,periodic_beacon,generator_ground_truth,docker_multihost,14,5.0177,0.5401,0.1076
c2_multi_05__c2_0,1,1789394706.5413308,real,c2_multi_05,periodic_beacon,generator_ground_truth,docker_multihost,14,5.0177,0.5401,0.1076
c2_multi_05__c2_0,1,1789394706.7613308,real,c2_multi_05,periodic_beacon,generator_ground_truth,docker_multihost,14,5.0177,0.5401,0.1076
c2_multi_05__c2_1,1,1789394743.6426044,real,c2_multi_05,periodic_beacon,generator_ground_truth,docker_multihost,3,4.0711,0.2441,0.06
c2_multi_05__c2_1,1,1789394743.8626044,real,c2_multi_05,periodic_beacon,generator_ground_truth,docker_multihost,3,4.0711,0.2441,0.06
c2_multi_05__c2_1,1,1789394744.0826044,real,c2_multi_05,periodic_beacon,generator_ground_truth,docker_multihost,3,4.0711,0.2441,0.06
c2_multi_05__c2_1,1,1789394744.3026044,real,c2_multi_05,periodic_beacon,generator_ground_truth,docker_multihost,3,4.0711,0.2441,0.06
c2_multi_05__c2_1,1,1789394744.5226045,real,c2_multi_05,periodic_beacon,generator_ground_truth,docker_multihost,3,4.0711,0.2441,0.06
c2_multi_05__c2_1,1,1789394744.7426045,real,c2_multi_05,periodic_beacon,generator_ground_truth,docker_multihost,3,4.0711,0.2441,0.06
c2_multi_05__c2_1,1,1789394744.9626045,real,c2_multi_05,periodic_beacon,generator_ground_truth,docker_multihost,3,4.0711,0.2441,0.06
c2_multi_05__c2_1,1,1789394745.1826046,real,c2_multi_05,periodic_beacon,generator_ground_truth,docker_multihost,3,4.0711,0.2441,0.06
c2_multi_05__c2_1,1,1789394745.4026046,real,c2_multi_05,periodic_beacon,generator_ground_truth,docker_multihost,3,4.0711,0.2441,0.06
c2_multi_05__c2_1,1,1789394745.6226046,real,c2_multi_05,periodic_beacon,generator_ground_truth,docker_multihost,3,4.0711,0.2441,0.06
c2_multi_05__c2_1,1,1789394745.8426046,real,c2_multi_05,periodic_beacon,generator_ground_truth,docker_multihost,3,4.0711,0.2441,0.06
c2_multi_05__c2_1,1,1789394746.0626047,real,c2_multi_05,periodic_beacon,generator_ground_truth,docker_multihost,3,4.0711,0.2441,0.06
c2_multi_05__c2_1,1,1789394746.2826047,real,c2_multi_05,periodic_beacon,generator_ground_truth,docker_multihost,3,4.0711,0.2441,0.06
c2_multi_05__c2_1,1,1789394746.5026047,real,c2_multi_05,periodic_beacon,generator_ground_truth,docker_multihost,3,4.0711,0.2441,0.06
c2_multi_05__c2_1,1,1789394746.7226048,real,c2_multi_05,periodic_beacon,generator_ground_truth,docker_multihost,3,4.0711,0.2441,0.06
c2_multi_05__c2_1,1,1789394746.9426048,real,c2_multi_05,periodic_beacon,generator_ground_truth,docker_multihost,3,4.0711,0.2441,0.06
c2_multi_05__c2_1,1,1789394747.1626048,real,c2_multi_05,periodic_beacon,generator_ground_truth,docker_multihost,3,4.0711,0.2441,0.06
c2_multi_05__c2_1,1,1789394747.3826048,real,c2_multi_05,periodic_beacon,generator_ground_truth,docker_multihost,3,4.0711,0.2441,0.06
c2_multi_05__c2_1,1,1789394747.6026049,real,c2_multi_05,periodic_beacon,generator_ground_truth,docker_multihost,4,4.0354,0.2056,0.051
c2_multi_05__c2_1,1,1789394747.822605,real,c2_multi_05,periodic_beacon,generator_ground_truth,docker_multihost,4,4.0354,0.2056,0.051
c2_multi_05__c2_1,1,1789394748.042605,real,c2_multi_05,periodic_beacon,generator_ground_truth,docker_multihost,4,4.0354,0.2056,0.051
c2_multi_05__c2_1,1,1789394748.262605,real,c2_multi_05,periodic_beacon,generator_ground_truth,docker_multihost,4,4.0354,0.2056,0.051
c2_multi_05__c2_1,1,1789394748.482605,real,c2_multi_05,periodic_beacon,generator_ground_truth,docker_multihost,4,4.0354,0.2056,0.051
c2_multi_05__c2_1,1,1789394748.702605,real,c2_multi_05,periodic_beacon,generator_ground_truth,docker_multihost,4,4.0354,0.2056,0.051
c2_multi_05__c2_1,1,1789394748.922605,real,c2_multi_05,periodic_beacon,generator_ground_truth,docker_multihost,4,4.0354,0.2056,0.051
c2_multi_05__c2_1,1,1789394749.142605,real,c2_multi_05,periodic_beacon,generator_ground_truth,docker_multihost,4,4.0354,0.2056,0.051
c2_multi_05__c2_1,1,1789394749.362605,real,c2_multi_05,periodic_beacon,generator_ground_truth,docker_multihost,4,4.0354,0.2056,0.051
c2_multi_05__c2_1,1,1789394749.5826051,real,c2_multi_05,periodic_beacon,generator_ground_truth,docker_multihost,4,4.0354,0.2056,0.051
c2_multi_05__c2_1,1,1789394749.8026052,real,c2_multi_05,periodic_beacon,generator_ground_truth,docker_multihost,4,4.0354,0.2056,0.051
c2_multi_05__c2_1,1,1789394750.0226052,real,c2_multi_05,periodic_beacon,generator_ground_truth,docker_multihost,4,4.0354,0.2056,0.051
c2_multi_05__c2_1,1,1789394750.2426052,real,c2_multi_05,periodic_beacon,generator_ground_truth,docker_multihost,4,4.0354,0.2056,0.051
c2_multi_05__c2_1,1,1789394750.4626052,real,c2_multi_05,periodic_beacon,generator_ground_truth,docker_multihost,4,4.0354,0.2056,0.051
c2_multi_05__c2_1,1,1789394750.6826053,real,c2_multi_05,periodic_beacon,generator_ground_truth,docker_multihost,4,4.0354,0.2056,0.051
c2_multi_05__c2_1,1,1789394750.9026053,real,c2_multi_05,periodic_beacon,generator_ground_truth,docker_multihost,4,4.0354,0.2056,0.051
c2_multi_05__c2_1,1,1789394751.1226053,real,c2_multi_05,periodic_beacon,generator_ground_truth,docker_multihost,4,4.0354,0.2056,0.051
c2_multi_05__c2_1,1,1789394751.3426054,real,c2_multi_05,periodic_beacon,generator_ground_truth,docker_multihost,4,4.0354,0.2056,0.051
c2_multi_05__c2_1,1,1789394751.5626054,real,c2_multi_05,periodic_beacon,generator_ground_truth,docker_multihost,4,4.0354,0.2056,0.051
c2_multi_05__c2_1,1,1789394751.7826054,real,c2_multi_05,periodic_beacon,generator_ground_truth,docker_multihost,4,4.0354,0.2056,0.051
c2_multi_05__c2_1,1,1789394752.0026054,real,c2_multi_05,periodic_beacon,generator_ground_truth,docker_multihost,5,4.0791,0.1935,0.0474
c2_multi_05__c2_1,1,1789394752.2226055,real,c2_multi_05,periodic_beacon,generator_ground_truth,docker_multihost,5,4.0791,0.1935,0.0474
c2_multi_05__c2_1,1,1789394752.4426055,real,c2_multi_05,periodic_beacon,generator_ground_truth,docker_multihost,5,4.0791,0.1935,0.0474
c2_multi_05__c2_1,1,1789394752.6626055,real,c2_multi_05,periodic_beacon,generator_ground_truth,docker_multihost,5,4.0791,0.1935,0.0474
c2_multi_05__c2_1,1,1789394752.8826056,real,c2_multi_05,periodic_beacon,generator_ground_truth,docker_multihost,5,4.0791,0.1935,0.0474
c2_multi_05__c2_1,1,1789394753.1026056,real,c2_multi_05,periodic_beacon,generator_ground_truth,docker_multihost,5,4.0791,0.1935,0.0474
c2_multi_05__c2_1,1,1789394753.3226056,real,c2_multi_05,periodic_beacon,generator_ground_truth,docker_multihost,5,4.0791,0.1935,0.0474
c2_multi_05__c2_1,1,1789394753.5426056,real,c2_multi_05,periodic_beacon,generator_ground_truth,docker_multihost,5,4.0791,0.1935,0.0474
c2_multi_05__c2_1,1,1789394753.7626057,real,c2_multi_05,periodic_beacon,generator_ground_truth,docker_multihost,5,4.0791,0.1935,0.0474
c2_multi_05__c2_1,1,1789394753.9826057,real,c2_multi_05,periodic_beacon,generator_ground_truth,docker_multihost,5,4.0791,0.1935,0.0474
c2_multi_05__c2_1,1,1789394754.2026057,real,c2_multi_05,periodic_beacon,generator_ground_truth,docker_multihost,5,4.0791,0.1935,0.0474
c2_multi_05__c2_1,1,1789394754.4226058,real,c2_multi_05,periodic_beacon,generator_ground_truth,docker_multihost,5,4.0791,0.1935,0.0474
c2_multi_05__c2_1,1,1789394754.6426058,real,c2_multi_05,periodic_beacon,generator_ground_truth,docker_multihost,5,4.0791,0.1935,0.0474
c2_multi_05__c2_1,1,1789394754.8626058,real,c2_multi_05,periodic_beacon,generator_ground_truth,docker_multihost,5,4.0791,0.1935,0.0474
c2_multi_05__c2_1,1,1789394755.0826058,real,c2_multi_05,periodic_beacon,generator_ground_truth,docker_multihost,5,4.0791,0.1935,0.0474
c2_multi_05__c2_1,1,1789394755.3026059,real,c2_multi_05,periodic_beacon,generator_ground_truth,docker_multihost,5,4.0791,0.1935,0.0474
c2_multi_05__c2_1,1,1789394755.522606,real,c2_multi_05,periodic_beacon,generator_ground_truth,docker_multihost,5,4.0791,0.1935,0.0474
c2_multi_05__c2_1,1,1789394755.742606,real,c2_multi_05,periodic_beacon,generator_ground_truth,docker_multihost,6,4.0488,0.1834,0.0453
c2_multi_05__c2_1,1,1789394755.962606,real,c2_multi_05,periodic_beacon,generator_ground_truth,docker_multihost,6,4.0488,0.1834,0.0453
c2_multi_05__c2_1,1,1789394756.182606,real,c2_multi_05,periodic_beacon,generator_ground_truth,docker_multihost,6,4.0488,0.1834,0.0453
c2_multi_05__c2_1,1,1789394756.402606,real,c2_multi_05,periodic_beacon,generator_ground_truth,docker_multihost,6,4.0488,0.1834,0.0453
c2_multi_05__c2_1,1,1789394756.622606,real,c2_multi_05,periodic_beacon,generator_ground_truth,docker_multihost,6,4.0488,0.1834,0.0453
c2_multi_05__c2_1,1,1789394756.842606,real,c2_multi_05,periodic_beacon,generator_ground_truth,docker_multihost,6,4.0488,0.1834,0.0453
c2_multi_05__c2_1,1,1789394757.062606,real,c2_multi_05,periodic_beacon,generator_ground_truth,docker_multihost,6,4.0488,0.1834,0.0453
c2_multi_05__c2_1,1,1789394757.2826061,real,c2_multi_05,periodic_beacon,generator_ground_truth,docker_multihost,6,4.0488,0.1834,0.0453
c2_multi_05__c2_1,1,1789394757.5026062,real,c2_multi_05,periodic_beacon,generator_ground_truth,docker_multihost,6,4.0488,0.1834,0.0453
c2_multi_05__c2_1,1,1789394757.7226062,real,c2_multi_05,periodic_beacon,generator_ground_truth,docker_multihost,6,4.0488,0.1834,0.0453
c2_multi_05__c2_1,1,1789394757.9426062,real,c2_multi_05,periodic_beacon,generator_ground_truth,docker_multihost,6,4.0488,0.1834,0.0453
c2_multi_05__c2_1,1,1789394758.1626062,real,c2_multi_05,periodic_beacon,generator_ground_truth,docker_multihost,6,4.0488,0.1834,0.0453
c2_multi_05__c2_1,1,1789394758.3826063,real,c2_multi_05,periodic_beacon,generator_ground_truth,docker_multihost,6,4.0488,0.1834,0.0453
c2_multi_05__c2_1,1,1789394758.6026063,real,c2_multi_05,periodic_beacon,generator_ground_truth,docker_multihost,6,4.0488,0.1834,0.0453
c2_multi_05__c2_1,1,1789394758.8226063,real,c2_multi_05,periodic_beacon,generator_ground_truth,docker_multihost,6,4.0488,0.1834,0.0453
c2_multi_05__c2_1,1,1789394759.0426064,real,c2_multi_05,periodic_beacon,generator_ground_truth,docker_multihost,6,4.0488,0.1834,0.0453
c2_multi_05__c2_1,1,1789394759.2626064,real,c2_multi_05,periodic_beacon,generator_ground_truth,docker_multihost,6,4.0488,0.1834,0.0453
c2_multi_05__c2_1,1,1789394759.4826064,real,c2_multi_05,periodic_beacon,generator_ground_truth,docker_multihost,6,4.0488,0.1834,0.0453
c2_multi_05__c2_1,1,1789394759.7026064,real,c2_multi_05,periodic_beacon,generator_ground_truth,docker_multihost,7,4.0317,0.1717,0.0426
c2_multi_05__c2_1,1,1789394759.9226065,real,c2_multi_05,periodic_beacon,generator_ground_truth,docker_multihost,7,4.0317,0.1717,0.0426
c2_multi_05__c2_1,1,1789394760.1426065,real,c2_multi_05,periodic_beacon,generator_ground_truth,docker_multihost,7,4.0317,0.1717,0.0426
c2_multi_05__c2_1,1,1789394760.3626065,real,c2_multi_05,periodic_beacon,generator_ground_truth,docker_multihost,7,4.0317,0.1717,0.0426
c2_multi_05__c2_1,1,1789394760.5826066,real,c2_multi_05,periodic_beacon,generator_ground_truth,docker_multihost,7,4.0317,0.1717,0.0426
c2_multi_05__c2_1,1,1789394760.8026066,real,c2_multi_05,periodic_beacon,generator_ground_truth,docker_multihost,7,4.0317,0.1717,0.0426
c2_multi_05__c2_1,1,1789394761.0226066,real,c2_multi_05,periodic_beacon,generator_ground_truth,docker_multihost,7,4.0317,0.1717,0.0426
c2_multi_05__c2_1,1,1789394761.2426066,real,c2_multi_05,periodic_beacon,generator_ground_truth,docker_multihost,7,4.0317,0.1717,0.0426
c2_multi_05__c2_1,1,1789394761.4626067,real,c2_multi_05,periodic_beacon,generator_ground_truth,docker_multihost,7,4.0317,0.1717,0.0426
c2_multi_05__c2_1,1,1789394761.6826067,real,c2_multi_05,periodic_beacon,generator_ground_truth,docker_multihost,7,4.0317,0.1717,0.0426
c2_multi_05__c2_1,1,1789394761.9026067,real,c2_multi_05,periodic_beacon,generator_ground_truth,docker_multihost,7,4.0317,0.1717,0.0426
c2_multi_05__c2_1,1,1789394762.1226068,real,c2_multi_05,periodic_beacon,generator_ground_truth,docker_multihost,7,4.0317,0.1717,0.0426
c2_multi_05__c2_1,1,1789394762.3426068,real,c2_multi_05,periodic_beacon,generator_ground_truth,docker_multihost,7,4.0317,0.1717,0.0426
c2_multi_05__c2_1,1,1789394762.5626068,real,c2_multi_05,periodic_beacon,generator_ground_truth,docker_multihost,7,4.0317,0.1717,0.0426
c2_multi_05__c2_1,1,1789394762.7826068,real,c2_multi_05,periodic_beacon,generator_ground_truth,docker_multihost,7,4.0317,0.1717,0.0426
c2_multi_05__c2_1,1,1789394763.0026069,real,c2_multi_05,periodic_beacon,generator_ground_truth,docker_multihost,7,4.0317,0.1717,0.0426
c2_multi_05__c2_1,1,1789394763.222607,real,c2_multi_05,periodic_beacon,generator_ground_truth,docker_multihost,7,4.0317,0.1717,0.0426
c2_multi_05__c2_1,1,1789394763.442607,real,c2_multi_05,periodic_beacon,generator_ground_truth,docker_multihost,8,3.9696,0.2201,0.0555
c2_multi_05__c2_1,1,1789394763.662607,real,c2_multi_05,periodic_beacon,generator_ground_truth,docker_multihost,8,3.9696,0.2201,0.0555
c2_multi_05__c2_1,1,1789394763.882607,real,c2_multi_05,periodic_beacon,generator_ground_truth,docker_multihost,8,3.9696,0.2201,0.0555
c2_multi_05__c2_1,1,1789394764.102607,real,c2_multi_05,periodic_beacon,generator_ground_truth,docker_multihost,8,3.9696,0.2201,0.0555
c2_multi_05__c2_1,1,1789394764.322607,real,c2_multi_05,periodic_beacon,generator_ground_truth,docker_multihost,8,3.9696,0.2201,0.0555
c2_multi_05__c2_1,1,1789394764.542607,real,c2_multi_05,periodic_beacon,generator_ground_truth,docker_multihost,8,3.9696,0.2201,0.0555
c2_multi_05__c2_1,1,1789394764.762607,real,c2_multi_05,periodic_beacon,generator_ground_truth,docker_multihost,8,3.9696,0.2201,0.0555
c2_multi_05__c2_1,1,1789394764.9826071,real,c2_multi_05,periodic_beacon,generator_ground_truth,docker_multihost,8,3.9696,0.2201,0.0555
c2_multi_05__c2_1,1,1789394765.2026072,real,c2_multi_05,periodic_beacon,generator_ground_truth,docker_multihost,8,3.9696,0.2201,0.0555
c2_multi_05__c2_1,1,1789394765.4226072,real,c2_multi_05,periodic_beacon,generator_ground_truth,docker_multihost,8,3.9696,0.2201,0.0555
c2_multi_05__c2_1,1,1789394765.6426072,real,c2_multi_05,periodic_beacon,generator_ground_truth,docker_multihost,8,3.9696,0.2201,0.0555
c2_multi_05__c2_1,1,1789394765.8626072,real,c2_multi_05,periodic_beacon,generator_ground_truth,docker_multihost,8,3.9696,0.2201,0.0555
c2_multi_05__c2_1,1,1789394766.0826073,real,c2_multi_05,periodic_beacon,generator_ground_truth,docker_multihost,8,3.9696,0.2201,0.0555
c2_multi_05__c2_1,1,1789394766.3026073,real,c2_multi_05,periodic_beacon,generator_ground_truth,docker_multihost,8,3.9696,0.2201,0.0555
c2_multi_05__c2_1,1,1789394766.5226073,real,c2_multi_05,periodic_beacon,generator_ground_truth,docker_multihost,8,3.9696,0.2201,0.0555
c2_multi_05__c2_1,1,1789394766.7426074,real,c2_multi_05,periodic_beacon,generator_ground_truth,docker_multihost,8,3.9696,0.2201,0.0555
c2_multi_05__c2_1,1,1789394766.9626074,real,c2_multi_05,periodic_beacon,generator_ground_truth,docker_multihost,8,3.9696,0.2201,0.0555
c2_multi_05__c2_1,1,1789394767.1826074,real,c2_multi_05,periodic_beacon,generator_ground_truth,docker_multihost,9,3.9581,0.2081,0.0526
c2_multi_05__c2_1,1,1789394767.4026074,real,c2_multi_05,periodic_beacon,generator_ground_truth,docker_multihost,9,3.9581,0.2081,0.0526
c2_multi_05__c2_1,1,1789394767.6226075,real,c2_multi_05,periodic_beacon,generator_ground_truth,docker_multihost,9,3.9581,0.2081,0.0526
c2_multi_05__c2_1,1,1789394767.8426075,real,c2_multi_05,periodic_beacon,generator_ground_truth,docker_multihost,9,3.9581,0.2081,0.0526
c2_multi_05__c2_1,1,1789394768.0626075,real,c2_multi_05,periodic_beacon,generator_ground_truth,docker_multihost,9,3.9581,0.2081,0.0526
c2_multi_05__c2_1,1,1789394768.2826076,real,c2_multi_05,periodic_beacon,generator_ground_truth,docker_multihost,9,3.9581,0.2081,0.0526
c2_multi_05__c2_1,1,1789394768.5026076,real,c2_multi_05,periodic_beacon,generator_ground_truth,docker_multihost,9,3.9581,0.2081,0.0526
c2_multi_05__c2_1,1,1789394768.7226076,real,c2_multi_05,periodic_beacon,generator_ground_truth,docker_multihost,9,3.9581,0.2081,0.0526
c2_multi_05__c2_1,1,1789394768.9426076,real,c2_multi_05,periodic_beacon,generator_ground_truth,docker_multihost,9,3.9581,0.2081,0.0526
c2_multi_05__c2_1,1,1789394769.1626077,real,c2_multi_05,periodic_beacon,generator_ground_truth,docker_multihost,9,3.9581,0.2081,0.0526
c2_multi_05__c2_1,1,1789394769.3826077,real,c2_multi_05,periodic_beacon,generator_ground_truth,docker_multihost,9,3.9581,0.2081,0.0526
c2_multi_05__c2_1,1,1789394769.6026077,real,c2_multi_05,periodic_beacon,generator_ground_truth,docker_multihost,9,3.9581,0.2081,0.0526
c2_multi_05__c2_1,1,1789394769.8226078,real,c2_multi_05,periodic_beacon,generator_ground_truth,docker_multihost,9,3.9581,0.2081,0.0526
c2_multi_05__c2_1,1,1789394770.0426078,real,c2_multi_05,periodic_beacon,generator_ground_truth,docker_multihost,9,3.9581,0.2081,0.0526
c2_multi_05__c2_1,1,1789394770.2626078,real,c2_multi_05,periodic_beacon,generator_ground_truth,docker_multihost,9,3.9581,0.2081,0.0526
c2_multi_05__c2_1,1,1789394770.4826078,real,c2_multi_05,periodic_beacon,generator_ground_truth,docker_multihost,9,3.9581,0.2081,0.0526
c2_multi_05__c2_1,1,1789394770.7026079,real,c2_multi_05,periodic_beacon,generator_ground_truth,docker_multihost,9,3.9581,0.2081,0.0526
c2_multi_05__c2_1,1,1789394770.922608,real,c2_multi_05,periodic_beacon,generator_ground_truth,docker_multihost,9,3.9581,0.2081,0.0526
c2_multi_05__c2_1,1,1789394771.142608,real,c2_multi_05,periodic_beacon,generator_ground_truth,docker_multihost,10,3.9541,0.1966,0.0497
c2_multi_05__c2_1,1,1789394771.362608,real,c2_multi_05,periodic_beacon,generator_ground_truth,docker_multihost,10,3.9541,0.1966,0.0497
c2_multi_05__c2_1,1,1789394771.582608,real,c2_multi_05,periodic_beacon,generator_ground_truth,docker_multihost,10,3.9541,0.1966,0.0497
c2_multi_05__c2_1,1,1789394771.802608,real,c2_multi_05,periodic_beacon,generator_ground_truth,docker_multihost,10,3.9541,0.1966,0.0497
c2_multi_05__c2_1,1,1789394772.022608,real,c2_multi_05,periodic_beacon,generator_ground_truth,docker_multihost,10,3.9541,0.1966,0.0497
c2_multi_05__c2_1,1,1789394772.242608,real,c2_multi_05,periodic_beacon,generator_ground_truth,docker_multihost,10,3.9541,0.1966,0.0497
c2_multi_05__c2_1,1,1789394772.462608,real,c2_multi_05,periodic_beacon,generator_ground_truth,docker_multihost,10,3.9541,0.1966,0.0497
c2_multi_05__c2_1,1,1789394772.6826081,real,c2_multi_05,periodic_beacon,generator_ground_truth,docker_multihost,10,3.9541,0.1966,0.0497
c2_multi_05__c2_1,1,1789394772.9026082,real,c2_multi_05,periodic_beacon,generator_ground_truth,docker_multihost,10,3.9541,0.1966,0.0497
c2_multi_05__c2_1,1,1789394773.1226082,real,c2_multi_05,periodic_beacon,generator_ground_truth,docker_multihost,10,3.9541,0.1966,0.0497
c2_multi_05__c2_1,1,1789394773.3426082,real,c2_multi_05,periodic_beacon,generator_ground_truth,docker_multihost,10,3.9541,0.1966,0.0497
c2_multi_05__c2_1,1,1789394773.5626082,real,c2_multi_05,periodic_beacon,generator_ground_truth,docker_multihost,10,3.9541,0.1966,0.0497
c2_multi_05__c2_1,1,1789394773.7826083,real,c2_multi_05,periodic_beacon,generator_ground_truth,docker_multihost,10,3.9541,0.1966,0.0497
c2_multi_05__c2_1,1,1789394774.0026083,real,c2_multi_05,periodic_beacon,generator_ground_truth,docker_multihost,10,3.9541,0.1966,0.0497
c2_multi_05__benign_2,0,1789394790.6931233,real,c2_multi_05,,generator_ground_truth,docker_multihost,3,6.2785,1.628,0.2593
c2_multi_05__benign_2,0,1789394790.9131234,real,c2_multi_05,,generator_ground_truth,docker_multihost,3,6.2785,1.628,0.2593
c2_multi_05__benign_2,0,1789394791.1331234,real,c2_multi_05,,generator_ground_truth,docker_multihost,3,6.2785,1.628,0.2593
c2_multi_05__benign_2,0,1789394791.3531234,real,c2_multi_05,,generator_ground_truth,docker_multihost,3,6.2785,1.628,0.2593
c2_multi_05__benign_2,0,1789394791.5731235,real,c2_multi_05,,generator_ground_truth,docker_multihost,3,6.2785,1.628,0.2593
c2_multi_05__benign_2,0,1789394791.7931235,real,c2_multi_05,,generator_ground_truth,docker_multihost,3,6.2785,1.628,0.2593
c2_multi_05__benign_2,0,1789394792.0131235,real,c2_multi_05,,generator_ground_truth,docker_multihost,3,6.2785,1.628,0.2593
c2_multi_05__benign_2,0,1789394792.2331235,real,c2_multi_05,,generator_ground_truth,docker_multihost,3,6.2785,1.628,0.2593
c2_multi_05__benign_2,0,1789394792.4531236,real,c2_multi_05,,generator_ground_truth,docker_multihost,3,6.2785,1.628,0.2593
c2_multi_05__benign_2,0,1789394792.6731236,real,c2_multi_05,,generator_ground_truth,docker_multihost,3,6.2785,1.628,0.2593
c2_multi_05__benign_2,0,1789394792.8931236,real,c2_multi_05,,generator_ground_truth,docker_multihost,4,4.8867,2.3751,0.486
c2_multi_05__benign_2,0,1789394793.1131237,real,c2_multi_05,,generator_ground_truth,docker_multihost,4,4.8867,2.3751,0.486
c2_multi_05__benign_2,0,1789394793.3331237,real,c2_multi_05,,generator_ground_truth,docker_multihost,4,4.8867,2.3751,0.486
c2_multi_05__benign_2,0,1789394793.5531237,real,c2_multi_05,,generator_ground_truth,docker_multihost,4,4.8867,2.3751,0.486
c2_multi_05__benign_2,0,1789394793.7731237,real,c2_multi_05,,generator_ground_truth,docker_multihost,4,4.8867,2.3751,0.486
c2_multi_05__benign_2,0,1789394793.9931238,real,c2_multi_05,,generator_ground_truth,docker_multihost,5,3.9645,2.6042,0.6569
c2_multi_05__benign_2,0,1789394794.2131238,real,c2_multi_05,,generator_ground_truth,docker_multihost,5,3.9645,2.6042,0.6569
c2_multi_05__benign_2,0,1789394794.4331238,real,c2_multi_05,,generator_ground_truth,docker_multihost,5,3.9645,2.6042,0.6569
c2_multi_05__benign_2,0,1789394794.6531239,real,c2_multi_05,,generator_ground_truth,docker_multihost,5,3.9645,2.6042,0.6569
c2_multi_05__benign_2,0,1789394794.873124,real,c2_multi_05,,generator_ground_truth,docker_multihost,5,3.9645,2.6042,0.6569
c2_multi_05__benign_2,0,1789394795.093124,real,c2_multi_05,,generator_ground_truth,docker_multihost,5,3.9645,2.6042,0.6569
c2_multi_05__benign_2,0,1789394795.313124,real,c2_multi_05,,generator_ground_truth,docker_multihost,5,3.9645,2.6042,0.6569
c2_multi_05__benign_2,0,1789394795.533124,real,c2_multi_05,,generator_ground_truth,docker_multihost,5,3.9645,2.6042,0.6569
c2_multi_05__benign_2,0,1789394795.753124,real,c2_multi_05,,generator_ground_truth,docker_multihost,5,3.9645,2.6042,0.6569
c2_multi_05__benign_2,0,1789394795.973124,real,c2_multi_05,,generator_ground_truth,docker_multihost,5,3.9645,2.6042,0.6569
c2_multi_05__c2_2,1,1789394809.4355152,real,c2_multi_05,periodic_beacon,generator_ground_truth,docker_multihost,3,4.4015,0.1924,0.0437
c2_multi_05__c2_2,1,1789394809.6555152,real,c2_multi_05,periodic_beacon,generator_ground_truth,docker_multihost,3,4.4015,0.1924,0.0437
c2_multi_05__c2_2,1,1789394809.8755152,real,c2_multi_05,periodic_beacon,generator_ground_truth,docker_multihost,3,4.4015,0.1924,0.0437
c2_multi_05__c2_2,1,1789394810.0955153,real,c2_multi_05,periodic_beacon,generator_ground_truth,docker_multihost,3,4.4015,0.1924,0.0437
c2_multi_05__c2_2,1,1789394810.3155153,real,c2_multi_05,periodic_beacon,generator_ground_truth,docker_multihost,3,4.4015,0.1924,0.0437
c2_multi_05__c2_2,1,1789394810.5355153,real,c2_multi_05,periodic_beacon,generator_ground_truth,docker_multihost,3,4.4015,0.1924,0.0437
c2_multi_05__c2_2,1,1789394810.7555153,real,c2_multi_05,periodic_beacon,generator_ground_truth,docker_multihost,3,4.4015,0.1924,0.0437
c2_multi_05__c2_2,1,1789394810.9755154,real,c2_multi_05,periodic_beacon,generator_ground_truth,docker_multihost,3,4.4015,0.1924,0.0437
c2_multi_05__c2_2,1,1789394811.1955154,real,c2_multi_05,periodic_beacon,generator_ground_truth,docker_multihost,3,4.4015,0.1924,0.0437
c2_multi_05__c2_2,1,1789394811.4155154,real,c2_multi_05,periodic_beacon,generator_ground_truth,docker_multihost,3,4.4015,0.1924,0.0437
c2_multi_05__c2_2,1,1789394811.6355155,real,c2_multi_05,periodic_beacon,generator_ground_truth,docker_multihost,3,4.4015,0.1924,0.0437
c2_multi_05__c2_2,1,1789394811.8555155,real,c2_multi_05,periodic_beacon,generator_ground_truth,docker_multihost,3,4.4015,0.1924,0.0437
c2_multi_05__c2_2,1,1789394812.0755155,real,c2_multi_05,periodic_beacon,generator_ground_truth,docker_multihost,3,4.4015,0.1924,0.0437
c2_multi_05__c2_2,1,1789394812.2955155,real,c2_multi_05,periodic_beacon,generator_ground_truth,docker_multihost,3,4.4015,0.1924,0.0437
c2_multi_05__c2_2,1,1789394812.5155156,real,c2_multi_05,periodic_beacon,generator_ground_truth,docker_multihost,3,4.4015,0.1924,0.0437
c2_multi_05__c2_2,1,1789394812.7355156,real,c2_multi_05,periodic_beacon,generator_ground_truth,docker_multihost,3,4.4015,0.1924,0.0437
c2_multi_05__c2_2,1,1789394812.9555156,real,c2_multi_05,periodic_beacon,generator_ground_truth,docker_multihost,3,4.4015,0.1924,0.0437
c2_multi_05__c2_2,1,1789394813.1755157,real,c2_multi_05,periodic_beacon,generator_ground_truth,docker_multihost,3,4.4015,0.1924,0.0437
c2_multi_05__c2_2,1,1789394813.3955157,real,c2_multi_05,periodic_beacon,generator_ground_truth,docker_multihost,3,4.4015,0.1924,0.0437
c2_multi_05__c2_2,1,1789394813.6155157,real,c2_multi_05,periodic_beacon,generator_ground_truth,docker_multihost,4,4.3262,0.1898,0.0439
c2_multi_05__c2_2,1,1789394813.8355157,real,c2_multi_05,periodic_beacon,generator_ground_truth,docker_multihost,4,4.3262,0.1898,0.0439
c2_multi_05__c2_2,1,1789394814.0555158,real,c2_multi_05,periodic_beacon,generator_ground_truth,docker_multihost,4,4.3262,0.1898,0.0439
c2_multi_05__c2_2,1,1789394814.2755158,real,c2_multi_05,periodic_beacon,generator_ground_truth,docker_multihost,4,4.3262,0.1898,0.0439
c2_multi_05__c2_2,1,1789394814.4955158,real,c2_multi_05,periodic_beacon,generator_ground_truth,docker_multihost,4,4.3262,0.1898,0.0439
c2_multi_05__c2_2,1,1789394814.7155159,real,c2_multi_05,periodic_beacon,generator_ground_truth,docker_multihost,4,4.3262,0.1898,0.0439
c2_multi_05__c2_2,1,1789394814.9355159,real,c2_multi_05,periodic_beacon,generator_ground_truth,docker_multihost,4,4.3262,0.1898,0.0439
c2_multi_05__c2_2,1,1789394815.155516,real,c2_multi_05,periodic_beacon,generator_ground_truth,docker_multihost,4,4.3262,0.1898,0.0439
c2_multi_05__c2_2,1,1789394815.375516,real,c2_multi_05,periodic_beacon,generator_ground_truth,docker_multihost,4,4.3262,0.1898,0.0439
c2_multi_05__c2_2,1,1789394815.595516,real,c2_multi_05,periodic_beacon,generator_ground_truth,docker_multihost,4,4.3262,0.1898,0.0439
c2_multi_05__c2_2,1,1789394815.815516,real,c2_multi_05,periodic_beacon,generator_ground_truth,docker_multihost,4,4.3262,0.1898,0.0439
c2_multi_05__c2_2,1,1789394816.035516,real,c2_multi_05,periodic_beacon,generator_ground_truth,docker_multihost,4,4.3262,0.1898,0.0439
c2_multi_05__c2_2,1,1789394816.255516,real,c2_multi_05,periodic_beacon,generator_ground_truth,docker_multihost,4,4.3262,0.1898,0.0439
c2_multi_05__c2_2,1,1789394816.475516,real,c2_multi_05,periodic_beacon,generator_ground_truth,docker_multihost,4,4.3262,0.1898,0.0439
c2_multi_05__c2_2,1,1789394816.695516,real,c2_multi_05,periodic_beacon,generator_ground_truth,docker_multihost,4,4.3262,0.1898,0.0439
c2_multi_05__c2_2,1,1789394816.9155161,real,c2_multi_05,periodic_beacon,generator_ground_truth,docker_multihost,4,4.3262,0.1898,0.0439
c2_multi_05__c2_2,1,1789394817.1355162,real,c2_multi_05,periodic_beacon,generator_ground_truth,docker_multihost,4,4.3262,0.1898,0.0439
c2_multi_05__c2_2,1,1789394817.3555162,real,c2_multi_05,periodic_beacon,generator_ground_truth,docker_multihost,4,4.3262,0.1898,0.0439
c2_multi_05__c2_2,1,1789394817.5755162,real,c2_multi_05,periodic_beacon,generator_ground_truth,docker_multihost,4,4.3262,0.1898,0.0439
c2_multi_05__c2_2,1,1789394817.7955163,real,c2_multi_05,periodic_beacon,generator_ground_truth,docker_multihost,5,4.2933,0.174,0.0405
c2_multi_05__c2_2,1,1789394818.0155163,real,c2_multi_05,periodic_beacon,generator_ground_truth,docker_multihost,5,4.2933,0.174,0.0405
c2_multi_05__c2_2,1,1789394818.2355163,real,c2_multi_05,periodic_beacon,generator_ground_truth,docker_multihost,5,4.2933,0.174,0.0405
c2_multi_05__c2_2,1,1789394818.4555163,real,c2_multi_05,periodic_beacon,generator_ground_truth,docker_multihost,5,4.2933,0.174,0.0405
c2_multi_05__c2_2,1,1789394818.6755164,real,c2_multi_05,periodic_beacon,generator_ground_truth,docker_multihost,5,4.2933,0.174,0.0405
c2_multi_05__c2_2,1,1789394818.8955164,real,c2_multi_05,periodic_beacon,generator_ground_truth,docker_multihost,5,4.2933,0.174,0.0405
c2_multi_05__c2_2,1,1789394819.1155164,real,c2_multi_05,periodic_beacon,generator_ground_truth,docker_multihost,5,4.2933,0.174,0.0405
c2_multi_05__c2_2,1,1789394819.3355165,real,c2_multi_05,periodic_beacon,generator_ground_truth,docker_multihost,5,4.2933,0.174,0.0405
c2_multi_05__c2_2,1,1789394819.5555165,real,c2_multi_05,periodic_beacon,generator_ground_truth,docker_multihost,5,4.2933,0.174,0.0405
c2_multi_05__c2_2,1,1789394819.7755165,real,c2_multi_05,periodic_beacon,generator_ground_truth,docker_multihost,5,4.2933,0.174,0.0405
c2_multi_05__c2_2,1,1789394819.9955165,real,c2_multi_05,periodic_beacon,generator_ground_truth,docker_multihost,5,4.2933,0.174,0.0405
c2_multi_05__c2_2,1,1789394820.2155166,real,c2_multi_05,periodic_beacon,generator_ground_truth,docker_multihost,5,4.2933,0.174,0.0405
c2_multi_05__c2_2,1,1789394820.4355166,real,c2_multi_05,periodic_beacon,generator_ground_truth,docker_multihost,5,4.2933,0.174,0.0405
c2_multi_05__c2_2,1,1789394820.6555166,real,c2_multi_05,periodic_beacon,generator_ground_truth,docker_multihost,5,4.2933,0.174,0.0405
c2_multi_05__c2_2,1,1789394820.8755167,real,c2_multi_05,periodic_beacon,generator_ground_truth,docker_multihost,5,4.2933,0.174,0.0405
c2_multi_05__c2_2,1,1789394821.0955167,real,c2_multi_05,periodic_beacon,generator_ground_truth,docker_multihost,5,4.2933,0.174,0.0405
c2_multi_05__c2_2,1,1789394821.3155167,real,c2_multi_05,periodic_beacon,generator_ground_truth,docker_multihost,5,4.2933,0.174,0.0405
c2_multi_05__c2_2,1,1789394821.5355167,real,c2_multi_05,periodic_beacon,generator_ground_truth,docker_multihost,5,4.2933,0.174,0.0405
c2_multi_05__c2_2,1,1789394821.7555168,real,c2_multi_05,periodic_beacon,generator_ground_truth,docker_multihost,5,4.2933,0.174,0.0405
c2_multi_05__c2_2,1,1789394821.9755168,real,c2_multi_05,periodic_beacon,generator_ground_truth,docker_multihost,5,4.2933,0.174,0.0405
c2_multi_05__c2_2,1,1789394822.1955168,real,c2_multi_05,periodic_beacon,generator_ground_truth,docker_multihost,5,4.2933,0.174,0.0405
c2_multi_05__c2_2,1,1789394822.4155169,real,c2_multi_05,periodic_beacon,generator_ground_truth,docker_multihost,6,4.3528,0.1959,0.045
c2_multi_05__c2_2,1,1789394822.635517,real,c2_multi_05,periodic_beacon,generator_ground_truth,docker_multihost,6,4.3528,0.1959,0.045
c2_multi_05__c2_2,1,1789394822.855517,real,c2_multi_05,periodic_beacon,generator_ground_truth,docker_multihost,6,4.3528,0.1959,0.045
c2_multi_05__c2_2,1,1789394823.075517,real,c2_multi_05,periodic_beacon,generator_ground_truth,docker_multihost,6,4.3528,0.1959,0.045
c2_multi_05__c2_2,1,1789394823.295517,real,c2_multi_05,periodic_beacon,generator_ground_truth,docker_multihost,6,4.3528,0.1959,0.045
c2_multi_05__c2_2,1,1789394823.515517,real,c2_multi_05,periodic_beacon,generator_ground_truth,docker_multihost,6,4.3528,0.1959,0.045
c2_multi_05__c2_2,1,1789394823.735517,real,c2_multi_05,periodic_beacon,generator_ground_truth,docker_multihost,6,4.3528,0.1959,0.045
c2_multi_05__c2_2,1,1789394823.955517,real,c2_multi_05,periodic_beacon,generator_ground_truth,docker_multihost,6,4.3528,0.1959,0.045
c2_multi_05__c2_2,1,1789394824.175517,real,c2_multi_05,periodic_beacon,generator_ground_truth,docker_multihost,6,4.3528,0.1959,0.045
c2_multi_05__c2_2,1,1789394824.395517,real,c2_multi_05,periodic_beacon,generator_ground_truth,docker_multihost,6,4.3528,0.1959,0.045
c2_multi_05__c2_2,1,1789394824.6155171,real,c2_multi_05,periodic_beacon,generator_ground_truth,docker_multihost,6,4.3528,0.1959,0.045
c2_multi_05__c2_2,1,1789394824.8355172,real,c2_multi_05,periodic_beacon,generator_ground_truth,docker_multihost,6,4.3528,0.1959,0.045
c2_multi_05__c2_2,1,1789394825.0555172,real,c2_multi_05,periodic_beacon,generator_ground_truth,docker_multihost,6,4.3528,0.1959,0.045
c2_multi_05__c2_2,1,1789394825.2755172,real,c2_multi_05,periodic_beacon,generator_ground_truth,docker_multihost,6,4.3528,0.1959,0.045
c2_multi_05__c2_2,1,1789394825.4955173,real,c2_multi_05,periodic_beacon,generator_ground_truth,docker_multihost,6,4.3528,0.1959,0.045
c2_multi_05__c2_2,1,1789394825.7155173,real,c2_multi_05,periodic_beacon,generator_ground_truth,docker_multihost,6,4.3528,0.1959,0.045
c2_multi_05__c2_2,1,1789394825.9355173,real,c2_multi_05,periodic_beacon,generator_ground_truth,docker_multihost,6,4.3528,0.1959,0.045
c2_multi_05__c2_2,1,1789394826.1555173,real,c2_multi_05,periodic_beacon,generator_ground_truth,docker_multihost,6,4.3528,0.1959,0.045
c2_multi_05__c2_2,1,1789394826.3755174,real,c2_multi_05,periodic_beacon,generator_ground_truth,docker_multihost,6,4.3528,0.1959,0.045
c2_multi_05__c2_2,1,1789394826.5955174,real,c2_multi_05,periodic_beacon,generator_ground_truth,docker_multihost,7,4.3544,0.1789,0.0411
c2_multi_05__c2_2,1,1789394826.8155174,real,c2_multi_05,periodic_beacon,generator_ground_truth,docker_multihost,7,4.3544,0.1789,0.0411
c2_multi_05__c2_2,1,1789394827.0355175,real,c2_multi_05,periodic_beacon,generator_ground_truth,docker_multihost,7,4.3544,0.1789,0.0411
c2_multi_05__c2_2,1,1789394827.2555175,real,c2_multi_05,periodic_beacon,generator_ground_truth,docker_multihost,7,4.3544,0.1789,0.0411
c2_multi_05__c2_2,1,1789394827.4755175,real,c2_multi_05,periodic_beacon,generator_ground_truth,docker_multihost,7,4.3544,0.1789,0.0411
c2_multi_05__c2_2,1,1789394827.6955175,real,c2_multi_05,periodic_beacon,generator_ground_truth,docker_multihost,7,4.3544,0.1789,0.0411
c2_multi_05__c2_2,1,1789394827.9155176,real,c2_multi_05,periodic_beacon,generator_ground_truth,docker_multihost,7,4.3544,0.1789,0.0411
c2_multi_05__c2_2,1,1789394828.1355176,real,c2_multi_05,periodic_beacon,generator_ground_truth,docker_multihost,7,4.3544,0.1789,0.0411
c2_multi_05__c2_2,1,1789394828.3555176,real,c2_multi_05,periodic_beacon,generator_ground_truth,docker_multihost,7,4.3544,0.1789,0.0411
c2_multi_05__c2_2,1,1789394828.5755177,real,c2_multi_05,periodic_beacon,generator_ground_truth,docker_multihost,7,4.3544,0.1789,0.0411
c2_multi_05__c2_2,1,1789394828.7955177,real,c2_multi_05,periodic_beacon,generator_ground_truth,docker_multihost,7,4.3544,0.1789,0.0411
c2_multi_05__c2_2,1,1789394829.0155177,real,c2_multi_05,periodic_beacon,generator_ground_truth,docker_multihost,7,4.3544,0.1789,0.0411
c2_multi_05__c2_2,1,1789394829.2355177,real,c2_multi_05,periodic_beacon,generator_ground_truth,docker_multihost,7,4.3544,0.1789,0.0411
c2_multi_05__c2_2,1,1789394829.4555178,real,c2_multi_05,periodic_beacon,generator_ground_truth,docker_multihost,7,4.3544,0.1789,0.0411
c2_multi_05__c2_2,1,1789394829.6755178,real,c2_multi_05,periodic_beacon,generator_ground_truth,docker_multihost,7,4.3544,0.1789,0.0411
c2_multi_05__c2_2,1,1789394829.8955178,real,c2_multi_05,periodic_beacon,generator_ground_truth,docker_multihost,7,4.3544,0.1789,0.0411
c2_multi_05__c2_2,1,1789394830.1155179,real,c2_multi_05,periodic_beacon,generator_ground_truth,docker_multihost,7,4.3544,0.1789,0.0411
c2_multi_05__c2_2,1,1789394830.335518,real,c2_multi_05,periodic_beacon,generator_ground_truth,docker_multihost,8,4.255,0.2945,0.0692
c2_multi_05__c2_2,1,1789394830.555518,real,c2_multi_05,periodic_beacon,generator_ground_truth,docker_multihost,8,4.255,0.2945,0.0692
c2_multi_05__c2_2,1,1789394830.775518,real,c2_multi_05,periodic_beacon,generator_ground_truth,docker_multihost,8,4.255,0.2945,0.0692
c2_multi_05__c2_2,1,1789394830.995518,real,c2_multi_05,periodic_beacon,generator_ground_truth,docker_multihost,8,4.255,0.2945,0.0692
c2_multi_05__c2_2,1,1789394831.215518,real,c2_multi_05,periodic_beacon,generator_ground_truth,docker_multihost,8,4.255,0.2945,0.0692
c2_multi_05__c2_2,1,1789394831.435518,real,c2_multi_05,periodic_beacon,generator_ground_truth,docker_multihost,8,4.255,0.2945,0.0692
c2_multi_05__c2_2,1,1789394831.655518,real,c2_multi_05,periodic_beacon,generator_ground_truth,docker_multihost,8,4.255,0.2945,0.0692
c2_multi_05__c2_2,1,1789394831.875518,real,c2_multi_05,periodic_beacon,generator_ground_truth,docker_multihost,8,4.255,0.2945,0.0692
c2_multi_05__c2_2,1,1789394832.095518,real,c2_multi_05,periodic_beacon,generator_ground_truth,docker_multihost,8,4.255,0.2945,0.0692
c2_multi_05__c2_2,1,1789394832.3155181,real,c2_multi_05,periodic_beacon,generator_ground_truth,docker_multihost,8,4.255,0.2945,0.0692
c2_multi_05__c2_2,1,1789394832.5355182,real,c2_multi_05,periodic_beacon,generator_ground_truth,docker_multihost,8,4.255,0.2945,0.0692
c2_multi_05__c2_2,1,1789394832.7555182,real,c2_multi_05,periodic_beacon,generator_ground_truth,docker_multihost,8,4.255,0.2945,0.0692
c2_multi_05__c2_2,1,1789394832.9755182,real,c2_multi_05,periodic_beacon,generator_ground_truth,docker_multihost,8,4.255,0.2945,0.0692
c2_multi_05__c2_2,1,1789394833.1955183,real,c2_multi_05,periodic_beacon,generator_ground_truth,docker_multihost,8,4.255,0.2945,0.0692
c2_multi_05__c2_2,1,1789394833.4155183,real,c2_multi_05,periodic_beacon,generator_ground_truth,docker_multihost,8,4.255,0.2945,0.0692
c2_multi_05__c2_2,1,1789394833.6355183,real,c2_multi_05,periodic_beacon,generator_ground_truth,docker_multihost,8,4.255,0.2945,0.0692
c2_multi_05__c2_2,1,1789394833.8555183,real,c2_multi_05,periodic_beacon,generator_ground_truth,docker_multihost,8,4.255,0.2945,0.0692
c2_multi_05__c2_2,1,1789394834.0755184,real,c2_multi_05,periodic_beacon,generator_ground_truth,docker_multihost,8,4.255,0.2945,0.0692
c2_multi_05__c2_2,1,1789394834.2955184,real,c2_multi_05,periodic_beacon,generator_ground_truth,docker_multihost,9,4.2266,0.2855,0.0676
c2_multi_05__c2_2,1,1789394834.5155184,real,c2_multi_05,periodic_beacon,generator_ground_truth,docker_multihost,9,4.2266,0.2855,0.0676
c2_multi_05__c2_2,1,1789394834.7355185,real,c2_multi_05,periodic_beacon,generator_ground_truth,docker_multihost,9,4.2266,0.2855,0.0676
c2_multi_05__c2_2,1,1789394834.9555185,real,c2_multi_05,periodic_beacon,generator_ground_truth,docker_multihost,9,4.2266,0.2855,0.0676
c2_multi_05__c2_2,1,1789394835.1755185,real,c2_multi_05,periodic_beacon,generator_ground_truth,docker_multihost,9,4.2266,0.2855,0.0676
c2_multi_05__c2_2,1,1789394835.3955185,real,c2_multi_05,periodic_beacon,generator_ground_truth,docker_multihost,9,4.2266,0.2855,0.0676
c2_multi_05__c2_2,1,1789394835.6155186,real,c2_multi_05,periodic_beacon,generator_ground_truth,docker_multihost,9,4.2266,0.2855,0.0676
c2_multi_05__c2_2,1,1789394835.8355186,real,c2_multi_05,periodic_beacon,generator_ground_truth,docker_multihost,9,4.2266,0.2855,0.0676
c2_multi_05__c2_2,1,1789394836.0555186,real,c2_multi_05,periodic_beacon,generator_ground_truth,docker_multihost,9,4.2266,0.2855,0.0676
c2_multi_05__c2_2,1,1789394836.2755187,real,c2_multi_05,periodic_beacon,generator_ground_truth,docker_multihost,9,4.2266,0.2855,0.0676
c2_multi_05__c2_2,1,1789394836.4955187,real,c2_multi_05,periodic_beacon,generator_ground_truth,docker_multihost,9,4.2266,0.2855,0.0676
c2_multi_05__c2_2,1,1789394836.7155187,real,c2_multi_05,periodic_beacon,generator_ground_truth,docker_multihost,9,4.2266,0.2855,0.0676
c2_multi_05__c2_2,1,1789394836.9355187,real,c2_multi_05,periodic_beacon,generator_ground_truth,docker_multihost,9,4.2266,0.2855,0.0676
c2_multi_05__c2_2,1,1789394837.1555188,real,c2_multi_05,periodic_beacon,generator_ground_truth,docker_multihost,9,4.2266,0.2855,0.0676
c2_multi_05__c2_2,1,1789394837.3755188,real,c2_multi_05,periodic_beacon,generator_ground_truth,docker_multihost,9,4.2266,0.2855,0.0676
c2_multi_05__c2_2,1,1789394837.5955188,real,c2_multi_05,periodic_beacon,generator_ground_truth,docker_multihost,9,4.2266,0.2855,0.0676
c2_multi_05__c2_2,1,1789394837.8155189,real,c2_multi_05,periodic_beacon,generator_ground_truth,docker_multihost,9,4.2266,0.2855,0.0676
c2_multi_05__c2_2,1,1789394838.035519,real,c2_multi_05,periodic_beacon,generator_ground_truth,docker_multihost,9,4.2266,0.2855,0.0676
c2_multi_05__c2_2,1,1789394838.255519,real,c2_multi_05,periodic_beacon,generator_ground_truth,docker_multihost,9,4.2266,0.2855,0.0676
c2_multi_05__c2_2,1,1789394838.475519,real,c2_multi_05,periodic_beacon,generator_ground_truth,docker_multihost,9,4.2266,0.2855,0.0676
c2_multi_05__c2_2,1,1789394838.695519,real,c2_multi_05,periodic_beacon,generator_ground_truth,docker_multihost,10,4.2318,0.2696,0.0637
c2_multi_05__c2_2,1,1789394838.915519,real,c2_multi_05,periodic_beacon,generator_ground_truth,docker_multihost,10,4.2318,0.2696,0.0637
c2_multi_05__c2_2,1,1789394839.135519,real,c2_multi_05,periodic_beacon,generator_ground_truth,docker_multihost,10,4.2318,0.2696,0.0637
c2_multi_05__c2_2,1,1789394839.355519,real,c2_multi_05,periodic_beacon,generator_ground_truth,docker_multihost,10,4.2318,0.2696,0.0637
c2_multi_05__c2_2,1,1789394839.575519,real,c2_multi_05,periodic_beacon,generator_ground_truth,docker_multihost,10,4.2318,0.2696,0.0637
c2_multi_05__c2_2,1,1789394839.795519,real,c2_multi_05,periodic_beacon,generator_ground_truth,docker_multihost,10,4.2318,0.2696,0.0637
c2_multi_05__c2_2,1,1789394840.0155191,real,c2_multi_05,periodic_beacon,generator_ground_truth,docker_multihost,10,4.2318,0.2696,0.0637
c2_multi_05__c2_2,1,1789394840.2355192,real,c2_multi_05,periodic_beacon,generator_ground_truth,docker_multihost,10,4.2318,0.2696,0.0637
c2_multi_05__c2_2,1,1789394840.4555192,real,c2_multi_05,periodic_beacon,generator_ground_truth,docker_multihost,10,4.2318,0.2696,0.0637
c2_multi_05__c2_2,1,1789394840.6755192,real,c2_multi_05,periodic_beacon,generator_ground_truth,docker_multihost,10,4.2318,0.2696,0.0637
c2_multi_05__c2_2,1,1789394840.8955193,real,c2_multi_05,periodic_beacon,generator_ground_truth,docker_multihost,10,4.2318,0.2696,0.0637
c2_multi_05__c2_2,1,1789394841.1155193,real,c2_multi_05,periodic_beacon,generator_ground_truth,docker_multihost,10,4.2318,0.2696,0.0637
c2_multi_05__c2_2,1,1789394841.3355193,real,c2_multi_05,periodic_beacon,generator_ground_truth,docker_multihost,10,4.2318,0.2696,0.0637
c2_multi_05__c2_2,1,1789394841.5555193,real,c2_multi_05,periodic_beacon,generator_ground_truth,docker_multihost,10,4.2318,0.2696,0.0637
c2_multi_05__c2_2,1,1789394841.7755194,real,c2_multi_05,periodic_beacon,generator_ground_truth,docker_multihost,10,4.2318,0.2696,0.0637
c2_multi_05__c2_2,1,1789394841.9955194,real,c2_multi_05,periodic_beacon,generator_ground_truth,docker_multihost,10,4.2318,0.2696,0.0637
c2_multi_05__c2_2,1,1789394842.2155194,real,c2_multi_05,periodic_beacon,generator_ground_truth,docker_multihost,10,4.2318,0.2696,0.0637
c2_multi_05__c2_2,1,1789394842.4355195,real,c2_multi_05,periodic_beacon,generator_ground_truth,docker_multihost,10,4.2318,0.2696,0.0637
c2_multi_05__c2_2,1,1789394842.6555195,real,c2_multi_05,periodic_beacon,generator_ground_truth,docker_multihost,11,4.2155,0.2604,0.0618
c2_multi_05__c2_2,1,1789394842.8755195,real,c2_multi_05,periodic_beacon,generator_ground_truth,docker_multihost,11,4.2155,0.2604,0.0618
c2_multi_05__c2_2,1,1789394843.0955195,real,c2_multi_05,periodic_beacon,generator_ground_truth,docker_multihost,11,4.2155,0.2604,0.0618
c2_multi_05__c2_2,1,1789394843.3155196,real,c2_multi_05,periodic_beacon,generator_ground_truth,docker_multihost,11,4.2155,0.2604,0.0618
c2_multi_05__c2_2,1,1789394843.5355196,real,c2_multi_05,periodic_beacon,generator_ground_truth,docker_multihost,11,4.2155,0.2604,0.0618
c2_multi_05__c2_2,1,1789394843.7555196,real,c2_multi_05,periodic_beacon,generator_ground_truth,docker_multihost,11,4.2155,0.2604,0.0618
c2_multi_05__c2_2,1,1789394843.9755197,real,c2_multi_05,periodic_beacon,generator_ground_truth,docker_multihost,11,4.2155,0.2604,0.0618
c2_multi_05__c2_2,1,1789394844.1955197,real,c2_multi_05,periodic_beacon,generator_ground_truth,docker_multihost,11,4.2155,0.2604,0.0618
c2_multi_05__c2_2,1,1789394844.4155197,real,c2_multi_05,periodic_beacon,generator_ground_truth,docker_multihost,11,4.2155,0.2604,0.0618
c2_multi_05__c2_2,1,1789394844.6355197,real,c2_multi_05,periodic_beacon,generator_ground_truth,docker_multihost,11,4.2155,0.2604,0.0618
c2_multi_05__c2_2,1,1789394844.8555198,real,c2_multi_05,periodic_beacon,generator_ground_truth,docker_multihost,11,4.2155,0.2604,0.0618
c2_multi_05__c2_2,1,1789394845.0755198,real,c2_multi_05,periodic_beacon,generator_ground_truth,docker_multihost,11,4.2155,0.2604,0.0618
c2_multi_05__c2_2,1,1789394845.2955198,real,c2_multi_05,periodic_beacon,generator_ground_truth,docker_multihost,11,4.2155,0.2604,0.0618
c2_multi_05__c2_2,1,1789394845.5155199,real,c2_multi_05,periodic_beacon,generator_ground_truth,docker_multihost,11,4.2155,0.2604,0.0618
c2_multi_05__c2_3,1,1789394888.5349066,real,c2_multi_05,periodic_beacon,generator_ground_truth,docker_multihost,3,5.4742,0.0132,0.0024
c2_multi_05__c2_3,1,1789394888.7549067,real,c2_multi_05,periodic_beacon,generator_ground_truth,docker_multihost,3,5.4742,0.0132,0.0024
c2_multi_05__c2_3,1,1789394888.9749067,real,c2_multi_05,periodic_beacon,generator_ground_truth,docker_multihost,3,5.4742,0.0132,0.0024
c2_multi_05__c2_3,1,1789394889.1949067,real,c2_multi_05,periodic_beacon,generator_ground_truth,docker_multihost,3,5.4742,0.0132,0.0024
c2_multi_05__c2_3,1,1789394889.4149067,real,c2_multi_05,periodic_beacon,generator_ground_truth,docker_multihost,3,5.4742,0.0132,0.0024
c2_multi_05__c2_3,1,1789394889.6349068,real,c2_multi_05,periodic_beacon,generator_ground_truth,docker_multihost,3,5.4742,0.0132,0.0024
c2_multi_05__c2_3,1,1789394889.8549068,real,c2_multi_05,periodic_beacon,generator_ground_truth,docker_multihost,3,5.4742,0.0132,0.0024
c2_multi_05__c2_3,1,1789394890.0749068,real,c2_multi_05,periodic_beacon,generator_ground_truth,docker_multihost,3,5.4742,0.0132,0.0024
c2_multi_05__c2_3,1,1789394890.2949069,real,c2_multi_05,periodic_beacon,generator_ground_truth,docker_multihost,3,5.4742,0.0132,0.0024
c2_multi_05__c2_3,1,1789394890.514907,real,c2_multi_05,periodic_beacon,generator_ground_truth,docker_multihost,3,5.4742,0.0132,0.0024
c2_multi_05__c2_3,1,1789394890.734907,real,c2_multi_05,periodic_beacon,generator_ground_truth,docker_multihost,3,5.4742,0.0132,0.0024
c2_multi_05__c2_3,1,1789394890.954907,real,c2_multi_05,periodic_beacon,generator_ground_truth,docker_multihost,3,5.4742,0.0132,0.0024
c2_multi_05__c2_3,1,1789394891.174907,real,c2_multi_05,periodic_beacon,generator_ground_truth,docker_multihost,3,5.4742,0.0132,0.0024
c2_multi_05__c2_3,1,1789394891.394907,real,c2_multi_05,periodic_beacon,generator_ground_truth,docker_multihost,3,5.4742,0.0132,0.0024
c2_multi_05__c2_3,1,1789394891.614907,real,c2_multi_05,periodic_beacon,generator_ground_truth,docker_multihost,3,5.4742,0.0132,0.0024
c2_multi_05__c2_3,1,1789394891.834907,real,c2_multi_05,periodic_beacon,generator_ground_truth,docker_multihost,3,5.4742,0.0132,0.0024
c2_multi_05__c2_3,1,1789394892.054907,real,c2_multi_05,periodic_beacon,generator_ground_truth,docker_multihost,3,5.4742,0.0132,0.0024
c2_multi_05__c2_3,1,1789394892.274907,real,c2_multi_05,periodic_beacon,generator_ground_truth,docker_multihost,3,5.4742,0.0132,0.0024
c2_multi_05__c2_3,1,1789394892.4949071,real,c2_multi_05,periodic_beacon,generator_ground_truth,docker_multihost,3,5.4742,0.0132,0.0024
c2_multi_05__c2_3,1,1789394892.7149072,real,c2_multi_05,periodic_beacon,generator_ground_truth,docker_multihost,3,5.4742,0.0132,0.0024
c2_multi_05__c2_3,1,1789394892.9349072,real,c2_multi_05,periodic_beacon,generator_ground_truth,docker_multihost,3,5.4742,0.0132,0.0024
c2_multi_05__c2_3,1,1789394893.1549072,real,c2_multi_05,periodic_beacon,generator_ground_truth,docker_multihost,3,5.4742,0.0132,0.0024
c2_multi_05__c2_3,1,1789394893.3749073,real,c2_multi_05,periodic_beacon,generator_ground_truth,docker_multihost,3,5.4742,0.0132,0.0024
c2_multi_05__c2_3,1,1789394893.5949073,real,c2_multi_05,periodic_beacon,generator_ground_truth,docker_multihost,3,5.4742,0.0132,0.0024
c2_multi_05__c2_3,1,1789394893.8149073,real,c2_multi_05,periodic_beacon,generator_ground_truth,docker_multihost,4,5.4378,0.0526,0.0097
c2_multi_05__c2_3,1,1789394894.0349073,real,c2_multi_05,periodic_beacon,generator_ground_truth,docker_multihost,4,5.4378,0.0526,0.0097
c2_multi_05__c2_3,1,1789394894.2549074,real,c2_multi_05,periodic_beacon,generator_ground_truth,docker_multihost,4,5.4378,0.0526,0.0097
c2_multi_05__c2_3,1,1789394894.4749074,real,c2_multi_05,periodic_beacon,generator_ground_truth,docker_multihost,4,5.4378,0.0526,0.0097
c2_multi_05__c2_3,1,1789394894.6949074,real,c2_multi_05,periodic_beacon,generator_ground_truth,docker_multihost,4,5.4378,0.0526,0.0097
c2_multi_05__c2_3,1,1789394894.9149075,real,c2_multi_05,periodic_beacon,generator_ground_truth,docker_multihost,4,5.4378,0.0526,0.0097
c2_multi_05__c2_3,1,1789394895.1349075,real,c2_multi_05,periodic_beacon,generator_ground_truth,docker_multihost,4,5.4378,0.0526,0.0097
c2_multi_05__c2_3,1,1789394895.3549075,real,c2_multi_05,periodic_beacon,generator_ground_truth,docker_multihost,4,5.4378,0.0526,0.0097
c2_multi_05__c2_3,1,1789394895.5749075,real,c2_multi_05,periodic_beacon,generator_ground_truth,docker_multihost,4,5.4378,0.0526,0.0097
c2_multi_05__c2_3,1,1789394895.7949076,real,c2_multi_05,periodic_beacon,generator_ground_truth,docker_multihost,4,5.4378,0.0526,0.0097
c2_multi_05__c2_3,1,1789394896.0149076,real,c2_multi_05,periodic_beacon,generator_ground_truth,docker_multihost,4,5.4378,0.0526,0.0097
c2_multi_05__c2_3,1,1789394896.2349076,real,c2_multi_05,periodic_beacon,generator_ground_truth,docker_multihost,4,5.4378,0.0526,0.0097
c2_multi_05__c2_3,1,1789394896.4549077,real,c2_multi_05,periodic_beacon,generator_ground_truth,docker_multihost,4,5.4378,0.0526,0.0097
c2_multi_05__c2_3,1,1789394896.6749077,real,c2_multi_05,periodic_beacon,generator_ground_truth,docker_multihost,4,5.4378,0.0526,0.0097
c2_multi_05__c2_3,1,1789394896.8949077,real,c2_multi_05,periodic_beacon,generator_ground_truth,docker_multihost,4,5.4378,0.0526,0.0097
c2_multi_05__c2_3,1,1789394897.1149077,real,c2_multi_05,periodic_beacon,generator_ground_truth,docker_multihost,4,5.4378,0.0526,0.0097
c2_multi_05__c2_3,1,1789394897.3349078,real,c2_multi_05,periodic_beacon,generator_ground_truth,docker_multihost,4,5.4378,0.0526,0.0097
c2_multi_05__c2_3,1,1789394897.5549078,real,c2_multi_05,periodic_beacon,generator_ground_truth,docker_multihost,4,5.4378,0.0526,0.0097
c2_multi_05__c2_3,1,1789394897.7749078,real,c2_multi_05,periodic_beacon,generator_ground_truth,docker_multihost,4,5.4378,0.0526,0.0097
c2_multi_05__c2_3,1,1789394897.9949079,real,c2_multi_05,periodic_beacon,generator_ground_truth,docker_multihost,4,5.4378,0.0526,0.0097
c2_multi_05__c2_3,1,1789394898.214908,real,c2_multi_05,periodic_beacon,generator_ground_truth,docker_multihost,4,5.4378,0.0526,0.0097
c2_multi_05__c2_3,1,1789394898.434908,real,c2_multi_05,periodic_beacon,generator_ground_truth,docker_multihost,5,5.1983,0.4173,0.0803
c2_multi_05__c2_3,1,1789394898.654908,real,c2_multi_05,periodic_beacon,generator_ground_truth,docker_multihost,5,5.1983,0.4173,0.0803
c2_multi_05__c2_3,1,1789394898.874908,real,c2_multi_05,periodic_beacon,generator_ground_truth,docker_multihost,5,5.1983,0.4173,0.0803
c2_multi_05__c2_3,1,1789394899.094908,real,c2_multi_05,periodic_beacon,generator_ground_truth,docker_multihost,5,5.1983,0.4173,0.0803
c2_multi_05__c2_3,1,1789394899.314908,real,c2_multi_05,periodic_beacon,generator_ground_truth,docker_multihost,5,5.1983,0.4173,0.0803
c2_multi_05__c2_3,1,1789394899.534908,real,c2_multi_05,periodic_beacon,generator_ground_truth,docker_multihost,5,5.1983,0.4173,0.0803
c2_multi_05__c2_3,1,1789394899.754908,real,c2_multi_05,periodic_beacon,generator_ground_truth,docker_multihost,5,5.1983,0.4173,0.0803
c2_multi_05__c2_3,1,1789394899.974908,real,c2_multi_05,periodic_beacon,generator_ground_truth,docker_multihost,5,5.1983,0.4173,0.0803
c2_multi_05__c2_3,1,1789394900.1949081,real,c2_multi_05,periodic_beacon,generator_ground_truth,docker_multihost,5,5.1983,0.4173,0.0803
c2_multi_05__c2_3,1,1789394900.4149082,real,c2_multi_05,periodic_beacon,generator_ground_truth,docker_multihost,5,5.1983,0.4173,0.0803
c2_multi_05__c2_3,1,1789394900.6349082,real,c2_multi_05,periodic_beacon,generator_ground_truth,docker_multihost,5,5.1983,0.4173,0.0803
c2_multi_05__c2_3,1,1789394900.8549082,real,c2_multi_05,periodic_beacon,generator_ground_truth,docker_multihost,5,5.1983,0.4173,0.0803
c2_multi_05__c2_3,1,1789394901.0749083,real,c2_multi_05,periodic_beacon,generator_ground_truth,docker_multihost,5,5.1983,0.4173,0.0803
c2_multi_05__c2_3,1,1789394901.2949083,real,c2_multi_05,periodic_beacon,generator_ground_truth,docker_multihost,5,5.1983,0.4173,0.0803
c2_multi_05__c2_3,1,1789394901.5149083,real,c2_multi_05,periodic_beacon,generator_ground_truth,docker_multihost,5,5.1983,0.4173,0.0803
c2_multi_05__c2_3,1,1789394901.7349083,real,c2_multi_05,periodic_beacon,generator_ground_truth,docker_multihost,5,5.1983,0.4173,0.0803
c2_multi_05__c2_3,1,1789394901.9549084,real,c2_multi_05,periodic_beacon,generator_ground_truth,docker_multihost,5,5.1983,0.4173,0.0803
c2_multi_05__c2_3,1,1789394902.1749084,real,c2_multi_05,periodic_beacon,generator_ground_truth,docker_multihost,5,5.1983,0.4173,0.0803
c2_multi_05__c2_3,1,1789394902.3949084,real,c2_multi_05,periodic_beacon,generator_ground_truth,docker_multihost,5,5.1983,0.4173,0.0803
c2_multi_05__c2_3,1,1789394902.6149085,real,c2_multi_05,periodic_beacon,generator_ground_truth,docker_multihost,5,5.1983,0.4173,0.0803
c2_multi_05__c2_3,1,1789394902.8349085,real,c2_multi_05,periodic_beacon,generator_ground_truth,docker_multihost,5,5.1983,0.4173,0.0803
c2_multi_05__c2_3,1,1789394903.0549085,real,c2_multi_05,periodic_beacon,generator_ground_truth,docker_multihost,5,5.1983,0.4173,0.0803
c2_multi_05__c2_3,1,1789394903.2749085,real,c2_multi_05,periodic_beacon,generator_ground_truth,docker_multihost,5,5.1983,0.4173,0.0803
c2_multi_05__c2_3,1,1789394903.4949086,real,c2_multi_05,periodic_beacon,generator_ground_truth,docker_multihost,5,5.1983,0.4173,0.0803
c2_multi_05__c2_3,1,1789394903.7149086,real,c2_multi_05,periodic_beacon,generator_ground_truth,docker_multihost,6,5.2466,0.3855,0.0735
c2_multi_05__c2_3,1,1789394903.9349086,real,c2_multi_05,periodic_beacon,generator_ground_truth,docker_multihost,6,5.2466,0.3855,0.0735
c2_multi_05__c2_3,1,1789394904.1549087,real,c2_multi_05,periodic_beacon,generator_ground_truth,docker_multihost,6,5.2466,0.3855,0.0735
c2_multi_05__c2_3,1,1789394904.3749087,real,c2_multi_05,periodic_beacon,generator_ground_truth,docker_multihost,6,5.2466,0.3855,0.0735
c2_multi_05__c2_3,1,1789394904.5949087,real,c2_multi_05,periodic_beacon,generator_ground_truth,docker_multihost,6,5.2466,0.3855,0.0735
c2_multi_05__c2_3,1,1789394904.8149087,real,c2_multi_05,periodic_beacon,generator_ground_truth,docker_multihost,6,5.2466,0.3855,0.0735
c2_multi_05__c2_3,1,1789394905.0349088,real,c2_multi_05,periodic_beacon,generator_ground_truth,docker_multihost,6,5.2466,0.3855,0.0735
c2_multi_05__c2_3,1,1789394905.2549088,real,c2_multi_05,periodic_beacon,generator_ground_truth,docker_multihost,6,5.2466,0.3855,0.0735
c2_multi_05__c2_3,1,1789394905.4749088,real,c2_multi_05,periodic_beacon,generator_ground_truth,docker_multihost,6,5.2466,0.3855,0.0735
c2_multi_05__c2_3,1,1789394905.6949089,real,c2_multi_05,periodic_beacon,generator_ground_truth,docker_multihost,6,5.2466,0.3855,0.0735
c2_multi_05__c2_3,1,1789394905.914909,real,c2_multi_05,periodic_beacon,generator_ground_truth,docker_multihost,6,5.2466,0.3855,0.0735
c2_multi_05__c2_3,1,1789394906.134909,real,c2_multi_05,periodic_beacon,generator_ground_truth,docker_multihost,6,5.2466,0.3855,0.0735
c2_multi_05__c2_3,1,1789394906.354909,real,c2_multi_05,periodic_beacon,generator_ground_truth,docker_multihost,6,5.2466,0.3855,0.0735
c2_multi_05__c2_3,1,1789394906.574909,real,c2_multi_05,periodic_beacon,generator_ground_truth,docker_multihost,6,5.2466,0.3855,0.0735
c2_multi_05__c2_3,1,1789394906.794909,real,c2_multi_05,periodic_beacon,generator_ground_truth,docker_multihost,6,5.2466,0.3855,0.0735
c2_multi_05__c2_3,1,1789394907.014909,real,c2_multi_05,periodic_beacon,generator_ground_truth,docker_multihost,6,5.2466,0.3855,0.0735
c2_multi_05__c2_3,1,1789394907.234909,real,c2_multi_05,periodic_beacon,generator_ground_truth,docker_multihost,6,5.2466,0.3855,0.0735
c2_multi_05__c2_3,1,1789394907.454909,real,c2_multi_05,periodic_beacon,generator_ground_truth,docker_multihost,6,5.2466,0.3855,0.0735
c2_multi_05__c2_3,1,1789394907.674909,real,c2_multi_05,periodic_beacon,generator_ground_truth,docker_multihost,6,5.2466,0.3855,0.0735
c2_multi_05__c2_3,1,1789394907.8949091,real,c2_multi_05,periodic_beacon,generator_ground_truth,docker_multihost,6,5.2466,0.3855,0.0735
c2_multi_05__c2_3,1,1789394908.1149092,real,c2_multi_05,periodic_beacon,generator_ground_truth,docker_multihost,6,5.2466,0.3855,0.0735
c2_multi_05__c2_3,1,1789394908.3349092,real,c2_multi_05,periodic_beacon,generator_ground_truth,docker_multihost,6,5.2466,0.3855,0.0735
c2_multi_05__c2_3,1,1789394908.5549092,real,c2_multi_05,periodic_beacon,generator_ground_truth,docker_multihost,7,5.161,0.4006,0.0776
c2_multi_05__c2_3,1,1789394908.7749093,real,c2_multi_05,periodic_beacon,generator_ground_truth,docker_multihost,7,5.161,0.4006,0.0776
c2_multi_05__c2_3,1,1789394908.9949093,real,c2_multi_05,periodic_beacon,generator_ground_truth,docker_multihost,7,5.161,0.4006,0.0776
c2_multi_05__c2_3,1,1789394909.2149093,real,c2_multi_05,periodic_beacon,generator_ground_truth,docker_multihost,7,5.161,0.4006,0.0776
c2_multi_05__c2_3,1,1789394909.4349093,real,c2_multi_05,periodic_beacon,generator_ground_truth,docker_multihost,7,5.161,0.4006,0.0776
c2_multi_05__c2_3,1,1789394909.6549094,real,c2_multi_05,periodic_beacon,generator_ground_truth,docker_multihost,7,5.161,0.4006,0.0776
c2_multi_05__c2_3,1,1789394909.8749094,real,c2_multi_05,periodic_beacon,generator_ground_truth,docker_multihost,7,5.161,0.4006,0.0776
c2_multi_05__c2_3,1,1789394910.0949094,real,c2_multi_05,periodic_beacon,generator_ground_truth,docker_multihost,7,5.161,0.4006,0.0776
c2_multi_05__c2_3,1,1789394910.3149095,real,c2_multi_05,periodic_beacon,generator_ground_truth,docker_multihost,7,5.161,0.4006,0.0776
c2_multi_05__c2_3,1,1789394910.5349095,real,c2_multi_05,periodic_beacon,generator_ground_truth,docker_multihost,7,5.161,0.4006,0.0776
c2_multi_05__c2_3,1,1789394910.7549095,real,c2_multi_05,periodic_beacon,generator_ground_truth,docker_multihost,7,5.161,0.4006,0.0776
c2_multi_05__c2_3,1,1789394910.9749095,real,c2_multi_05,periodic_beacon,generator_ground_truth,docker_multihost,7,5.161,0.4006,0.0776
c2_multi_05__c2_3,1,1789394911.1949096,real,c2_multi_05,periodic_beacon,generator_ground_truth,docker_multihost,7,5.161,0.4006,0.0776
c2_multi_05__c2_3,1,1789394911.4149096,real,c2_multi_05,periodic_beacon,generator_ground_truth,docker_multihost,7,5.161,0.4006,0.0776
c2_multi_05__c2_3,1,1789394911.6349096,real,c2_multi_05,periodic_beacon,generator_ground_truth,docker_multihost,7,5.161,0.4006,0.0776
c2_multi_05__c2_3,1,1789394911.8549097,real,c2_multi_05,periodic_beacon,generator_ground_truth,docker_multihost,7,5.161,0.4006,0.0776
c2_multi_05__c2_3,1,1789394912.0749097,real,c2_multi_05,periodic_beacon,generator_ground_truth,docker_multihost,7,5.161,0.4006,0.0776
c2_multi_05__c2_3,1,1789394912.2949097,real,c2_multi_05,periodic_beacon,generator_ground_truth,docker_multihost,7,5.161,0.4006,0.0776
c2_multi_05__c2_3,1,1789394912.5149097,real,c2_multi_05,periodic_beacon,generator_ground_truth,docker_multihost,7,5.161,0.4006,0.0776
c2_multi_05__c2_3,1,1789394912.7349098,real,c2_multi_05,periodic_beacon,generator_ground_truth,docker_multihost,7,5.161,0.4006,0.0776
c2_multi_05__c2_3,1,1789394912.9549098,real,c2_multi_05,periodic_beacon,generator_ground_truth,docker_multihost,7,5.161,0.4006,0.0776
c2_multi_05__c2_3,1,1789394913.1749098,real,c2_multi_05,periodic_beacon,generator_ground_truth,docker_multihost,7,5.161,0.4006,0.0776
c2_multi_05__c2_3,1,1789394913.3949099,real,c2_multi_05,periodic_beacon,generator_ground_truth,docker_multihost,7,5.161,0.4006,0.0776
c2_multi_05__c2_3,1,1789394913.61491,real,c2_multi_05,periodic_beacon,generator_ground_truth,docker_multihost,7,5.161,0.4006,0.0776
c2_multi_05__c2_3,1,1789394913.83491,real,c2_multi_05,periodic_beacon,generator_ground_truth,docker_multihost,8,5.1718,0.3719,0.0719
c2_multi_05__c2_3,1,1789394914.05491,real,c2_multi_05,periodic_beacon,generator_ground_truth,docker_multihost,8,5.1718,0.3719,0.0719
c2_multi_05__c2_3,1,1789394914.27491,real,c2_multi_05,periodic_beacon,generator_ground_truth,docker_multihost,8,5.1718,0.3719,0.0719
c2_multi_05__c2_3,1,1789394914.49491,real,c2_multi_05,periodic_beacon,generator_ground_truth,docker_multihost,8,5.1718,0.3719,0.0719
c2_multi_05__c2_3,1,1789394914.71491,real,c2_multi_05,periodic_beacon,generator_ground_truth,docker_multihost,8,5.1718,0.3719,0.0719
c2_multi_05__c2_3,1,1789394914.93491,real,c2_multi_05,periodic_beacon,generator_ground_truth,docker_multihost,8,5.1718,0.3719,0.0719
c2_multi_05__c2_3,1,1789394915.15491,real,c2_multi_05,periodic_beacon,generator_ground_truth,docker_multihost,8,5.1718,0.3719,0.0719
c2_multi_05__c2_3,1,1789394915.37491,real,c2_multi_05,periodic_beacon,generator_ground_truth,docker_multihost,8,5.1718,0.3719,0.0719
c2_multi_05__c2_3,1,1789394915.5949101,real,c2_multi_05,periodic_beacon,generator_ground_truth,docker_multihost,8,5.1718,0.3719,0.0719
c2_multi_05__c2_3,1,1789394915.8149102,real,c2_multi_05,periodic_beacon,generator_ground_truth,docker_multihost,8,5.1718,0.3719,0.0719
c2_multi_05__c2_3,1,1789394916.0349102,real,c2_multi_05,periodic_beacon,generator_ground_truth,docker_multihost,8,5.1718,0.3719,0.0719
c2_multi_05__c2_3,1,1789394916.2549102,real,c2_multi_05,periodic_beacon,generator_ground_truth,docker_multihost,8,5.1718,0.3719,0.0719
c2_multi_05__c2_3,1,1789394916.4749103,real,c2_multi_05,periodic_beacon,generator_ground_truth,docker_multihost,8,5.1718,0.3719,0.0719
c2_multi_05__c2_3,1,1789394916.6949103,real,c2_multi_05,periodic_beacon,generator_ground_truth,docker_multihost,8,5.1718,0.3719,0.0719
c2_multi_05__c2_3,1,1789394916.9149103,real,c2_multi_05,periodic_beacon,generator_ground_truth,docker_multihost,8,5.1718,0.3719,0.0719
c2_multi_05__c2_3,1,1789394917.1349103,real,c2_multi_05,periodic_beacon,generator_ground_truth,docker_multihost,8,5.1718,0.3719,0.0719
c2_multi_05__c2_3,1,1789394917.3549104,real,c2_multi_05,periodic_beacon,generator_ground_truth,docker_multihost,8,5.1718,0.3719,0.0719
c2_multi_05__c2_3,1,1789394917.5749104,real,c2_multi_05,periodic_beacon,generator_ground_truth,docker_multihost,8,5.1718,0.3719,0.0719
c2_multi_05__c2_3,1,1789394917.7949104,real,c2_multi_05,periodic_beacon,generator_ground_truth,docker_multihost,8,5.1718,0.3719,0.0719
c2_multi_05__c2_3,1,1789394918.0149105,real,c2_multi_05,periodic_beacon,generator_ground_truth,docker_multihost,9,5.0731,0.435,0.0857
c2_multi_05__c2_3,1,1789394918.2349105,real,c2_multi_05,periodic_beacon,generator_ground_truth,docker_multihost,9,5.0731,0.435,0.0857
c2_multi_05__c2_3,1,1789394918.4549105,real,c2_multi_05,periodic_beacon,generator_ground_truth,docker_multihost,9,5.0731,0.435,0.0857
c2_multi_05__c2_3,1,1789394918.6749105,real,c2_multi_05,periodic_beacon,generator_ground_truth,docker_multihost,9,5.0731,0.435,0.0857
c2_multi_05__c2_3,1,1789394918.8949106,real,c2_multi_05,periodic_beacon,generator_ground_truth,docker_multihost,9,5.0731,0.435,0.0857
c2_multi_05__c2_3,1,1789394919.1149106,real,c2_multi_05,periodic_beacon,generator_ground_truth,docker_multihost,9,5.0731,0.435,0.0857
c2_multi_05__c2_3,1,1789394919.3349106,real,c2_multi_05,periodic_beacon,generator_ground_truth,docker_multihost,9,5.0731,0.435,0.0857
c2_multi_05__c2_3,1,1789394919.5549107,real,c2_multi_05,periodic_beacon,generator_ground_truth,docker_multihost,9,5.0731,0.435,0.0857
c2_multi_05__c2_3,1,1789394919.7749107,real,c2_multi_05,periodic_beacon,generator_ground_truth,docker_multihost,9,5.0731,0.435,0.0857
c2_multi_05__c2_3,1,1789394919.9949107,real,c2_multi_05,periodic_beacon,generator_ground_truth,docker_multihost,9,5.0731,0.435,0.0857
c2_multi_05__c2_3,1,1789394920.2149107,real,c2_multi_05,periodic_beacon,generator_ground_truth,docker_multihost,9,5.0731,0.435,0.0857
c2_multi_05__c2_3,1,1789394920.4349108,real,c2_multi_05,periodic_beacon,generator_ground_truth,docker_multihost,9,5.0731,0.435,0.0857
c2_multi_05__c2_3,1,1789394920.6549108,real,c2_multi_05,periodic_beacon,generator_ground_truth,docker_multihost,9,5.0731,0.435,0.0857
c2_multi_05__c2_3,1,1789394920.8749108,real,c2_multi_05,periodic_beacon,generator_ground_truth,docker_multihost,9,5.0731,0.435,0.0857
c2_multi_05__c2_3,1,1789394921.0949109,real,c2_multi_05,periodic_beacon,generator_ground_truth,docker_multihost,9,5.0731,0.435,0.0857
c2_multi_05__c2_3,1,1789394921.314911,real,c2_multi_05,periodic_beacon,generator_ground_truth,docker_multihost,9,5.0731,0.435,0.0857
c2_multi_05__c2_3,1,1789394921.534911,real,c2_multi_05,periodic_beacon,generator_ground_truth,docker_multihost,9,5.0731,0.435,0.0857
c2_multi_05__c2_3,1,1789394921.754911,real,c2_multi_05,periodic_beacon,generator_ground_truth,docker_multihost,9,5.0731,0.435,0.0857
c2_multi_05__c2_3,1,1789394921.974911,real,c2_multi_05,periodic_beacon,generator_ground_truth,docker_multihost,9,5.0731,0.435,0.0857
c2_multi_05__c2_3,1,1789394922.194911,real,c2_multi_05,periodic_beacon,generator_ground_truth,docker_multihost,9,5.0731,0.435,0.0857
c2_multi_05__c2_3,1,1789394922.414911,real,c2_multi_05,periodic_beacon,generator_ground_truth,docker_multihost,9,5.0731,0.435,0.0857
c2_multi_05__c2_3,1,1789394922.634911,real,c2_multi_05,periodic_beacon,generator_ground_truth,docker_multihost,9,5.0731,0.435,0.0857
c2_multi_05__c2_3,1,1789394922.854911,real,c2_multi_05,periodic_beacon,generator_ground_truth,docker_multihost,9,5.0731,0.435,0.0857
c2_multi_05__c2_3,1,1789394923.074911,real,c2_multi_05,periodic_beacon,generator_ground_truth,docker_multihost,9,5.0731,0.435,0.0857
c2_multi_05__c2_3,1,1789394923.2949111,real,c2_multi_05,periodic_beacon,generator_ground_truth,docker_multihost,9,5.0731,0.435,0.0857
c2_multi_05__c2_3,1,1789394923.5149112,real,c2_multi_05,periodic_beacon,generator_ground_truth,docker_multihost,9,5.0731,0.435,0.0857
c2_multi_05__c2_3,1,1789394923.7349112,real,c2_multi_05,periodic_beacon,generator_ground_truth,docker_multihost,10,5.1331,0.4438,0.0865
c2_multi_05__c2_3,1,1789394923.9549112,real,c2_multi_05,periodic_beacon,generator_ground_truth,docker_multihost,10,5.1331,0.4438,0.0865
c2_multi_05__c2_3,1,1789394924.1749113,real,c2_multi_05,periodic_beacon,generator_ground_truth,docker_multihost,10,5.1331,0.4438,0.0865
c2_multi_05__c2_3,1,1789394924.3949113,real,c2_multi_05,periodic_beacon,generator_ground_truth,docker_multihost,10,5.1331,0.4438,0.0865
c2_multi_05__c2_3,1,1789394924.6149113,real,c2_multi_05,periodic_beacon,generator_ground_truth,docker_multihost,10,5.1331,0.4438,0.0865
c2_multi_05__c2_3,1,1789394924.8349113,real,c2_multi_05,periodic_beacon,generator_ground_truth,docker_multihost,10,5.1331,0.4438,0.0865
c2_multi_05__c2_3,1,1789394925.0549114,real,c2_multi_05,periodic_beacon,generator_ground_truth,docker_multihost,10,5.1331,0.4438,0.0865
c2_multi_05__c2_3,1,1789394925.2749114,real,c2_multi_05,periodic_beacon,generator_ground_truth,docker_multihost,10,5.1331,0.4438,0.0865
c2_multi_05__c2_3,1,1789394925.4949114,real,c2_multi_05,periodic_beacon,generator_ground_truth,docker_multihost,10,5.1331,0.4438,0.0865
c2_multi_05__c2_3,1,1789394925.7149115,real,c2_multi_05,periodic_beacon,generator_ground_truth,docker_multihost,10,5.1331,0.4438,0.0865
c2_multi_05__c2_3,1,1789394925.9349115,real,c2_multi_05,periodic_beacon,generator_ground_truth,docker_multihost,10,5.1331,0.4438,0.0865
c2_multi_05__c2_3,1,1789394926.1549115,real,c2_multi_05,periodic_beacon,generator_ground_truth,docker_multihost,10,5.1331,0.4438,0.0865
c2_multi_05__c2_3,1,1789394926.3749115,real,c2_multi_05,periodic_beacon,generator_ground_truth,docker_multihost,10,5.1331,0.4438,0.0865
c2_multi_05__c2_3,1,1789394926.5949116,real,c2_multi_05,periodic_beacon,generator_ground_truth,docker_multihost,10,5.1331,0.4438,0.0865
c2_multi_05__c2_3,1,1789394926.8149116,real,c2_multi_05,periodic_beacon,generator_ground_truth,docker_multihost,10,5.1331,0.4438,0.0865
c2_multi_05__c2_3,1,1789394927.0349116,real,c2_multi_05,periodic_beacon,generator_ground_truth,docker_multihost,10,5.1331,0.4438,0.0865
c2_multi_05__c2_3,1,1789394927.2549117,real,c2_multi_05,periodic_beacon,generator_ground_truth,docker_multihost,10,5.1331,0.4438,0.0865
c2_multi_05__c2_3,1,1789394927.4749117,real,c2_multi_05,periodic_beacon,generator_ground_truth,docker_multihost,10,5.1331,0.4438,0.0865
c2_multi_05__c2_3,1,1789394927.6949117,real,c2_multi_05,periodic_beacon,generator_ground_truth,docker_multihost,10,5.1331,0.4438,0.0865
c2_multi_05__c2_3,1,1789394927.9149117,real,c2_multi_05,periodic_beacon,generator_ground_truth,docker_multihost,10,5.1331,0.4438,0.0865
c2_multi_05__c2_3,1,1789394928.1349118,real,c2_multi_05,periodic_beacon,generator_ground_truth,docker_multihost,10,5.1331,0.4438,0.0865
c2_multi_05__benign_4,0,1789394937.5535576,real,c2_multi_05,,generator_ground_truth,docker_multihost,3,1.8556,1.695,0.9135
c2_multi_05__benign_4,0,1789394937.7735577,real,c2_multi_05,,generator_ground_truth,docker_multihost,3,1.8556,1.695,0.9135
c2_multi_05__benign_4,0,1789394937.9935577,real,c2_multi_05,,generator_ground_truth,docker_multihost,3,1.8556,1.695,0.9135
c2_multi_05__benign_4,0,1789394938.2135577,real,c2_multi_05,,generator_ground_truth,docker_multihost,3,1.8556,1.695,0.9135
c2_multi_05__benign_4,0,1789394938.4335577,real,c2_multi_05,,generator_ground_truth,docker_multihost,3,1.8556,1.695,0.9135
c2_multi_05__benign_4,0,1789394938.6535578,real,c2_multi_05,,generator_ground_truth,docker_multihost,3,1.8556,1.695,0.9135
c2_multi_05__benign_4,0,1789394938.8735578,real,c2_multi_05,,generator_ground_truth,docker_multihost,3,1.8556,1.695,0.9135
c2_multi_05__benign_4,0,1789394939.0935578,real,c2_multi_05,,generator_ground_truth,docker_multihost,3,1.8556,1.695,0.9135
c2_multi_05__benign_4,0,1789394939.3135579,real,c2_multi_05,,generator_ground_truth,docker_multihost,3,1.8556,1.695,0.9135
c2_multi_05__benign_4,0,1789394939.533558,real,c2_multi_05,,generator_ground_truth,docker_multihost,3,1.8556,1.695,0.9135
c2_multi_05__benign_4,0,1789394939.753558,real,c2_multi_05,,generator_ground_truth,docker_multihost,3,1.8556,1.695,0.9135
c2_multi_05__benign_4,0,1789394939.973558,real,c2_multi_05,,generator_ground_truth,docker_multihost,3,1.8556,1.695,0.9135
c2_multi_05__benign_4,0,1789394940.193558,real,c2_multi_05,,generator_ground_truth,docker_multihost,3,1.8556,1.695,0.9135
c2_multi_05__benign_4,0,1789394940.413558,real,c2_multi_05,,generator_ground_truth,docker_multihost,3,1.8556,1.695,0.9135
c2_multi_05__benign_4,0,1789394940.633558,real,c2_multi_05,,generator_ground_truth,docker_multihost,3,1.8556,1.695,0.9135
c2_multi_05__benign_4,0,1789394940.853558,real,c2_multi_05,,generator_ground_truth,docker_multihost,3,1.8556,1.695,0.9135
c2_multi_05__benign_4,0,1789394941.073558,real,c2_multi_05,,generator_ground_truth,docker_multihost,4,2.3787,1.5693,0.6597
c2_multi_05__benign_4,0,1789394941.2935581,real,c2_multi_05,,generator_ground_truth,docker_multihost,4,2.3787,1.5693,0.6597
c2_multi_05__benign_4,0,1789394941.5135581,real,c2_multi_05,,generator_ground_truth,docker_multihost,4,2.3787,1.5693,0.6597
c2_multi_05__benign_4,0,1789394941.7335582,real,c2_multi_05,,generator_ground_truth,docker_multihost,4,2.3787,1.5693,0.6597
c2_multi_05__benign_4,0,1789394941.9535582,real,c2_multi_05,,generator_ground_truth,docker_multihost,5,1.9882,1.518,0.7635
c2_multi_05__benign_4,0,1789394942.1735582,real,c2_multi_05,,generator_ground_truth,docker_multihost,5,1.9882,1.518,0.7635
c2_multi_05__benign_4,0,1789394942.3935583,real,c2_multi_05,,generator_ground_truth,docker_multihost,5,1.9882,1.518,0.7635
c2_multi_05__benign_4,0,1789394942.6135583,real,c2_multi_05,,generator_ground_truth,docker_multihost,6,1.7646,1.4295,0.8101
c2_multi_05__benign_4,0,1789394942.8335583,real,c2_multi_05,,generator_ground_truth,docker_multihost,6,1.7646,1.4295,0.8101
c2_multi_05__benign_4,0,1789394943.0535583,real,c2_multi_05,,generator_ground_truth,docker_multihost,6,1.7646,1.4295,0.8101
c2_multi_05__benign_4,0,1789394943.2735584,real,c2_multi_05,,generator_ground_truth,docker_multihost,6,1.7646,1.4295,0.8101
c2_multi_05__benign_4,0,1789394943.4935584,real,c2_multi_05,,generator_ground_truth,docker_multihost,6,1.7646,1.4295,0.8101
c2_multi_05__benign_4,0,1789394943.7135584,real,c2_multi_05,,generator_ground_truth,docker_multihost,6,1.7646,1.4295,0.8101
c2_multi_05__benign_4,0,1789394943.9335585,real,c2_multi_05,,generator_ground_truth,docker_multihost,6,1.7646,1.4295,0.8101
c2_multi_05__benign_4,0,1789394944.1535585,real,c2_multi_05,,generator_ground_truth,docker_multihost,6,1.7646,1.4295,0.8101
c2_multi_05__benign_4,0,1789394944.3735585,real,c2_multi_05,,generator_ground_truth,docker_multihost,6,1.7646,1.4295,0.8101
c2_multi_05__benign_4,0,1789394944.5935585,real,c2_multi_05,,generator_ground_truth,docker_multihost,6,1.7646,1.4295,0.8101
c2_multi_05__benign_4,0,1789394944.8135586,real,c2_multi_05,,generator_ground_truth,docker_multihost,6,1.7646,1.4295,0.8101
c2_multi_05__benign_4,0,1789394945.0335586,real,c2_multi_05,,generator_ground_truth,docker_multihost,6,1.7646,1.4295,0.8101
c2_multi_05__benign_4,0,1789394945.2535586,real,c2_multi_05,,generator_ground_truth,docker_multihost,6,1.7646,1.4295,0.8101
c2_multi_05__benign_4,0,1789394945.4735587,real,c2_multi_05,,generator_ground_truth,docker_multihost,6,1.7646,1.4295,0.8101
c2_multi_05__benign_4,0,1789394945.6935587,real,c2_multi_05,,generator_ground_truth,docker_multihost,6,1.7646,1.4295,0.8101
c2_multi_05__benign_4,0,1789394945.9135587,real,c2_multi_05,,generator_ground_truth,docker_multihost,6,1.7646,1.4295,0.8101
c2_multi_05__benign_4,0,1789394946.1335588,real,c2_multi_05,,generator_ground_truth,docker_multihost,6,1.7646,1.4295,0.8101
c2_multi_05__benign_4,0,1789394946.3535588,real,c2_multi_05,,generator_ground_truth,docker_multihost,6,1.7646,1.4295,0.8101
c2_multi_05__benign_4,0,1789394946.5735588,real,c2_multi_05,,generator_ground_truth,docker_multihost,6,1.7646,1.4295,0.8101
c2_multi_05__benign_4,0,1789394946.7935588,real,c2_multi_05,,generator_ground_truth,docker_multihost,6,1.7646,1.4295,0.8101
c2_multi_05__benign_4,0,1789394947.0135589,real,c2_multi_05,,generator_ground_truth,docker_multihost,6,1.7646,1.4295,0.8101
c2_multi_05__benign_4,0,1789394947.233559,real,c2_multi_05,,generator_ground_truth,docker_multihost,6,1.7646,1.4295,0.8101
c2_multi_05__benign_4,0,1789394947.453559,real,c2_multi_05,,generator_ground_truth,docker_multihost,6,1.7646,1.4295,0.8101
c2_multi_05__benign_4,0,1789394947.673559,real,c2_multi_05,,generator_ground_truth,docker_multihost,6,1.7646,1.4295,0.8101
c2_multi_05__benign_4,0,1789394947.893559,real,c2_multi_05,,generator_ground_truth,docker_multihost,6,1.7646,1.4295,0.8101
c2_multi_05__benign_4,0,1789394948.113559,real,c2_multi_05,,generator_ground_truth,docker_multihost,6,1.7646,1.4295,0.8101
c2_multi_05__benign_4,0,1789394948.333559,real,c2_multi_05,,generator_ground_truth,docker_multihost,6,1.7646,1.4295,0.8101
c2_multi_05__benign_4,0,1789394948.553559,real,c2_multi_05,,generator_ground_truth,docker_multihost,6,1.7646,1.4295,0.8101
c2_multi_05__benign_4,0,1789394948.773559,real,c2_multi_05,,generator_ground_truth,docker_multihost,6,1.7646,1.4295,0.8101
c2_multi_05__benign_4,0,1789394948.9935591,real,c2_multi_05,,generator_ground_truth,docker_multihost,7,2.5179,2.1309,0.8463
c2_multi_05__benign_4,0,1789394949.2135592,real,c2_multi_05,,generator_ground_truth,docker_multihost,7,2.5179,2.1309,0.8463
c2_multi_05__benign_4,0,1789394949.4335592,real,c2_multi_05,,generator_ground_truth,docker_multihost,7,2.5179,2.1309,0.8463
c2_multi_05__benign_4,0,1789394949.6535592,real,c2_multi_05,,generator_ground_truth,docker_multihost,7,2.5179,2.1309,0.8463
c2_multi_05__benign_4,0,1789394949.8735592,real,c2_multi_05,,generator_ground_truth,docker_multihost,7,2.5179,2.1309,0.8463
c2_multi_05__benign_4,0,1789394950.0935593,real,c2_multi_05,,generator_ground_truth,docker_multihost,7,2.5179,2.1309,0.8463
c2_multi_05__benign_4,0,1789394950.3135593,real,c2_multi_05,,generator_ground_truth,docker_multihost,7,2.5179,2.1309,0.8463
c2_multi_05__benign_4,0,1789394950.5335593,real,c2_multi_05,,generator_ground_truth,docker_multihost,7,2.5179,2.1309,0.8463
c2_multi_05__benign_4,0,1789394950.7535594,real,c2_multi_05,,generator_ground_truth,docker_multihost,7,2.5179,2.1309,0.8463
c2_multi_05__benign_4,0,1789394950.9735594,real,c2_multi_05,,generator_ground_truth,docker_multihost,7,2.5179,2.1309,0.8463
c2_multi_05__benign_4,0,1789394951.1935594,real,c2_multi_05,,generator_ground_truth,docker_multihost,7,2.5179,2.1309,0.8463
c2_multi_05__benign_4,0,1789394951.4135594,real,c2_multi_05,,generator_ground_truth,docker_multihost,7,2.5179,2.1309,0.8463
c2_multi_05__benign_4,0,1789394951.6335595,real,c2_multi_05,,generator_ground_truth,docker_multihost,7,2.5179,2.1309,0.8463
c2_multi_05__benign_4,0,1789394951.8535595,real,c2_multi_05,,generator_ground_truth,docker_multihost,7,2.5179,2.1309,0.8463
c2_multi_05__benign_4,0,1789394952.0735595,real,c2_multi_05,,generator_ground_truth,docker_multihost,7,2.5179,2.1309,0.8463
c2_multi_05__benign_4,0,1789394952.2935596,real,c2_multi_05,,generator_ground_truth,docker_multihost,8,2.6281,1.9912,0.7576
c2_multi_05__benign_4,0,1789394952.5135596,real,c2_multi_05,,generator_ground_truth,docker_multihost,8,2.6281,1.9912,0.7576
c2_multi_05__benign_4,0,1789394952.7335596,real,c2_multi_05,,generator_ground_truth,docker_multihost,8,2.6281,1.9912,0.7576
c2_multi_05__benign_4,0,1789394952.9535596,real,c2_multi_05,,generator_ground_truth,docker_multihost,8,2.6281,1.9912,0.7576
c2_multi_05__benign_4,0,1789394953.1735597,real,c2_multi_05,,generator_ground_truth,docker_multihost,8,2.6281,1.9912,0.7576
c2_multi_05__benign_4,0,1789394953.3935597,real,c2_multi_05,,generator_ground_truth,docker_multihost,8,2.6281,1.9912,0.7576
c2_multi_05__benign_4,0,1789394953.6135597,real,c2_multi_05,,generator_ground_truth,docker_multihost,8,2.6281,1.9912,0.7576
c2_multi_05__benign_4,0,1789394953.8335598,real,c2_multi_05,,generator_ground_truth,docker_multihost,8,2.6281,1.9912,0.7576
c2_multi_05__benign_4,0,1789394954.0535598,real,c2_multi_05,,generator_ground_truth,docker_multihost,8,2.6281,1.9912,0.7576
c2_multi_05__benign_4,0,1789394954.2735598,real,c2_multi_05,,generator_ground_truth,docker_multihost,8,2.6281,1.9912,0.7576
c2_multi_05__benign_4,0,1789394954.4935598,real,c2_multi_05,,generator_ground_truth,docker_multihost,8,2.6281,1.9912,0.7576
c2_multi_05__benign_4,0,1789394954.7135599,real,c2_multi_05,,generator_ground_truth,docker_multihost,8,2.6281,1.9912,0.7576
c2_multi_05__benign_4,0,1789394954.93356,real,c2_multi_05,,generator_ground_truth,docker_multihost,8,2.6281,1.9912,0.7576
c2_multi_05__benign_4,0,1789394955.15356,real,c2_multi_05,,generator_ground_truth,docker_multihost,8,2.6281,1.9912,0.7576
c2_multi_05__benign_4,0,1789394955.37356,real,c2_multi_05,,generator_ground_truth,docker_multihost,8,2.6281,1.9912,0.7576
c2_multi_05__benign_4,0,1789394955.59356,real,c2_multi_05,,generator_ground_truth,docker_multihost,8,2.6281,1.9912,0.7576
c2_multi_05__benign_4,0,1789394955.81356,real,c2_multi_05,,generator_ground_truth,docker_multihost,8,2.6281,1.9912,0.7576
c2_multi_05__benign_4,0,1789394956.03356,real,c2_multi_05,,generator_ground_truth,docker_multihost,8,2.6281,1.9912,0.7576
c2_multi_05__benign_4,0,1789394956.25356,real,c2_multi_05,,generator_ground_truth,docker_multihost,8,2.6281,1.9912,0.7576
c2_multi_05__benign_4,0,1789394956.47356,real,c2_multi_05,,generator_ground_truth,docker_multihost,8,2.6281,1.9912,0.7576
c2_multi_05__benign_4,0,1789394956.6935601,real,c2_multi_05,,generator_ground_truth,docker_multihost,8,2.6281,1.9912,0.7576
c2_multi_05__benign_4,0,1789394956.9135602,real,c2_multi_05,,generator_ground_truth,docker_multihost,8,2.6281,1.9912,0.7576
c2_multi_05__benign_4,0,1789394957.1335602,real,c2_multi_05,,generator_ground_truth,docker_multihost,8,2.6281,1.9912,0.7576
c2_multi_05__benign_4,0,1789394957.3535602,real,c2_multi_05,,generator_ground_truth,docker_multihost,8,2.6281,1.9912,0.7576
c2_multi_05__benign_4,0,1789394957.5735602,real,c2_multi_05,,generator_ground_truth,docker_multihost,8,2.6281,1.9912,0.7576
c2_multi_05__benign_4,0,1789394957.7935603,real,c2_multi_05,,generator_ground_truth,docker_multihost,8,2.6281,1.9912,0.7576
c2_multi_05__benign_4,0,1789394958.0135603,real,c2_multi_05,,generator_ground_truth,docker_multihost,8,2.6281,1.9912,0.7576
c2_multi_05__benign_4,0,1789394958.2335603,real,c2_multi_05,,generator_ground_truth,docker_multihost,8,2.6281,1.9912,0.7576
c2_multi_05__benign_4,0,1789394958.4535604,real,c2_multi_05,,generator_ground_truth,docker_multihost,8,2.6281,1.9912,0.7576
c2_multi_05__benign_4,0,1789394958.6735604,real,c2_multi_05,,generator_ground_truth,docker_multihost,8,2.6281,1.9912,0.7576
c2_multi_05__benign_4,0,1789394958.8935604,real,c2_multi_05,,generator_ground_truth,docker_multihost,8,2.6281,1.9912,0.7576
c2_multi_05__benign_4,0,1789394959.1135604,real,c2_multi_05,,generator_ground_truth,docker_multihost,8,2.6281,1.9912,0.7576
c2_multi_05__benign_4,0,1789394959.3335605,real,c2_multi_05,,generator_ground_truth,docker_multihost,8,2.6281,1.9912,0.7576
c2_multi_05__benign_4,0,1789394959.5535605,real,c2_multi_05,,generator_ground_truth,docker_multihost,8,2.6281,1.9912,0.7576
c2_multi_05__benign_4,0,1789394959.7735605,real,c2_multi_05,,generator_ground_truth,docker_multihost,8,2.6281,1.9912,0.7576
c2_multi_05__benign_4,0,1789394959.9935606,real,c2_multi_05,,generator_ground_truth,docker_multihost,8,2.6281,1.9912,0.7576
c2_multi_05__benign_4,0,1789394960.2135606,real,c2_multi_05,,generator_ground_truth,docker_multihost,8,2.6281,1.9912,0.7576
c2_multi_05__benign_4,0,1789394960.4335606,real,c2_multi_05,,generator_ground_truth,docker_multihost,8,2.6281,1.9912,0.7576
c2_multi_05__benign_4,0,1789394960.6535606,real,c2_multi_05,,generator_ground_truth,docker_multihost,8,2.6281,1.9912,0.7576
c2_multi_05__benign_4,0,1789394960.8735607,real,c2_multi_05,,generator_ground_truth,docker_multihost,8,2.6281,1.9912,0.7576
c2_multi_05__c2_4,1,1789394972.830199,real,c2_multi_05,periodic_beacon,generator_ground_truth,docker_multihost,3,3.7663,0.0587,0.0156
c2_multi_05__c2_4,1,1789394973.050199,real,c2_multi_05,periodic_beacon,generator_ground_truth,docker_multihost,3,3.7663,0.0587,0.0156
c2_multi_05__c2_4,1,1789394973.270199,real,c2_multi_05,periodic_beacon,generator_ground_truth,docker_multihost,3,3.7663,0.0587,0.0156
c2_multi_05__c2_4,1,1789394973.490199,real,c2_multi_05,periodic_beacon,generator_ground_truth,docker_multihost,3,3.7663,0.0587,0.0156
c2_multi_05__c2_4,1,1789394973.710199,real,c2_multi_05,periodic_beacon,generator_ground_truth,docker_multihost,3,3.7663,0.0587,0.0156
c2_multi_05__c2_4,1,1789394973.9301991,real,c2_multi_05,periodic_beacon,generator_ground_truth,docker_multihost,3,3.7663,0.0587,0.0156
c2_multi_05__c2_4,1,1789394974.1501992,real,c2_multi_05,periodic_beacon,generator_ground_truth,docker_multihost,3,3.7663,0.0587,0.0156
c2_multi_05__c2_4,1,1789394974.3701992,real,c2_multi_05,periodic_beacon,generator_ground_truth,docker_multihost,3,3.7663,0.0587,0.0156
c2_multi_05__c2_4,1,1789394974.5901992,real,c2_multi_05,periodic_beacon,generator_ground_truth,docker_multihost,3,3.7663,0.0587,0.0156
c2_multi_05__c2_4,1,1789394974.8101993,real,c2_multi_05,periodic_beacon,generator_ground_truth,docker_multihost,3,3.7663,0.0587,0.0156
c2_multi_05__c2_4,1,1789394975.0301993,real,c2_multi_05,periodic_beacon,generator_ground_truth,docker_multihost,3,3.7663,0.0587,0.0156
c2_multi_05__c2_4,1,1789394975.2501993,real,c2_multi_05,periodic_beacon,generator_ground_truth,docker_multihost,3,3.7663,0.0587,0.0156
c2_multi_05__c2_4,1,1789394975.4701993,real,c2_multi_05,periodic_beacon,generator_ground_truth,docker_multihost,3,3.7663,0.0587,0.0156
c2_multi_05__c2_4,1,1789394975.6901994,real,c2_multi_05,periodic_beacon,generator_ground_truth,docker_multihost,3,3.7663,0.0587,0.0156
c2_multi_05__c2_4,1,1789394975.9101994,real,c2_multi_05,periodic_beacon,generator_ground_truth,docker_multihost,3,3.7663,0.0587,0.0156
c2_multi_05__c2_4,1,1789394976.1301994,real,c2_multi_05,periodic_beacon,generator_ground_truth,docker_multihost,3,3.7663,0.0587,0.0156
c2_multi_05__c2_4,1,1789394976.3501995,real,c2_multi_05,periodic_beacon,generator_ground_truth,docker_multihost,3,3.7663,0.0587,0.0156
c2_multi_05__c2_4,1,1789394976.5701995,real,c2_multi_05,periodic_beacon,generator_ground_truth,docker_multihost,3,3.7663,0.0587,0.0156
c2_multi_05__c2_4,1,1789394976.7901995,real,c2_multi_05,periodic_beacon,generator_ground_truth,docker_multihost,4,3.8434,0.1191,0.031
c2_multi_05__c2_4,1,1789394977.0101995,real,c2_multi_05,periodic_beacon,generator_ground_truth,docker_multihost,4,3.8434,0.1191,0.031
c2_multi_05__c2_4,1,1789394977.2301996,real,c2_multi_05,periodic_beacon,generator_ground_truth,docker_multihost,4,3.8434,0.1191,0.031
c2_multi_05__c2_4,1,1789394977.4501996,real,c2_multi_05,periodic_beacon,generator_ground_truth,docker_multihost,4,3.8434,0.1191,0.031
c2_multi_05__c2_4,1,1789394977.6701996,real,c2_multi_05,periodic_beacon,generator_ground_truth,docker_multihost,4,3.8434,0.1191,0.031
c2_multi_05__c2_4,1,1789394977.8901997,real,c2_multi_05,periodic_beacon,generator_ground_truth,docker_multihost,4,3.8434,0.1191,0.031
c2_multi_05__c2_4,1,1789394978.1101997,real,c2_multi_05,periodic_beacon,generator_ground_truth,docker_multihost,4,3.8434,0.1191,0.031
c2_multi_05__c2_4,1,1789394978.3301997,real,c2_multi_05,periodic_beacon,generator_ground_truth,docker_multihost,4,3.8434,0.1191,0.031
c2_multi_05__c2_4,1,1789394978.5501997,real,c2_multi_05,periodic_beacon,generator_ground_truth,docker_multihost,4,3.8434,0.1191,0.031
c2_multi_05__c2_4,1,1789394978.7701998,real,c2_multi_05,periodic_beacon,generator_ground_truth,docker_multihost,4,3.8434,0.1191,0.031
c2_multi_05__c2_4,1,1789394978.9901998,real,c2_multi_05,periodic_beacon,generator_ground_truth,docker_multihost,4,3.8434,0.1191,0.031
c2_multi_05__c2_4,1,1789394979.2101998,real,c2_multi_05,periodic_beacon,generator_ground_truth,docker_multihost,4,3.8434,0.1191,0.031
c2_multi_05__c2_4,1,1789394979.4301999,real,c2_multi_05,periodic_beacon,generator_ground_truth,docker_multihost,4,3.8434,0.1191,0.031
c2_multi_05__c2_4,1,1789394979.6502,real,c2_multi_05,periodic_beacon,generator_ground_truth,docker_multihost,4,3.8434,0.1191,0.031
c2_multi_05__c2_4,1,1789394979.8702,real,c2_multi_05,periodic_beacon,generator_ground_truth,docker_multihost,4,3.8434,0.1191,0.031
c2_multi_05__c2_4,1,1789394980.0902,real,c2_multi_05,periodic_beacon,generator_ground_truth,docker_multihost,4,3.8434,0.1191,0.031
c2_multi_05__c2_4,1,1789394980.3102,real,c2_multi_05,periodic_beacon,generator_ground_truth,docker_multihost,4,3.8434,0.1191,0.031
c2_multi_05__c2_4,1,1789394980.5302,real,c2_multi_05,periodic_beacon,generator_ground_truth,docker_multihost,5,3.8437,0.1031,0.0268
c2_multi_05__c2_4,1,1789394980.7502,real,c2_multi_05,periodic_beacon,generator_ground_truth,docker_multihost,5,3.8437,0.1031,0.0268
c2_multi_05__c2_4,1,1789394980.9702,real,c2_multi_05,periodic_beacon,generator_ground_truth,docker_multihost,5,3.8437,0.1031,0.0268
c2_multi_05__c2_4,1,1789394981.1902,real,c2_multi_05,periodic_beacon,generator_ground_truth,docker_multihost,5,3.8437,0.1031,0.0268
c2_multi_05__c2_4,1,1789394981.4102,real,c2_multi_05,periodic_beacon,generator_ground_truth,docker_multihost,5,3.8437,0.1031,0.0268
c2_multi_05__c2_4,1,1789394981.6302001,real,c2_multi_05,periodic_beacon,generator_ground_truth,docker_multihost,5,3.8437,0.1031,0.0268
c2_multi_05__c2_4,1,1789394981.8502002,real,c2_multi_05,periodic_beacon,generator_ground_truth,docker_multihost,5,3.8437,0.1031,0.0268
c2_multi_05__c2_4,1,1789394982.0702002,real,c2_multi_05,periodic_beacon,generator_ground_truth,docker_multihost,5,3.8437,0.1031,0.0268
c2_multi_05__c2_4,1,1789394982.2902002,real,c2_multi_05,periodic_beacon,generator_ground_truth,docker_multihost,5,3.8437,0.1031,0.0268
c2_multi_05__c2_4,1,1789394982.5102003,real,c2_multi_05,periodic_beacon,generator_ground_truth,docker_multihost,5,3.8437,0.1031,0.0268
c2_multi_05__c2_4,1,1789394982.7302003,real,c2_multi_05,periodic_beacon,generator_ground_truth,docker_multihost,5,3.8437,0.1031,0.0268
c2_multi_05__c2_4,1,1789394982.9502003,real,c2_multi_05,periodic_beacon,generator_ground_truth,docker_multihost,5,3.8437,0.1031,0.0268
c2_multi_05__c2_4,1,1789394983.1702003,real,c2_multi_05,periodic_beacon,generator_ground_truth,docker_multihost,5,3.8437,0.1031,0.0268
c2_multi_05__c2_4,1,1789394983.3902004,real,c2_multi_05,periodic_beacon,generator_ground_truth,docker_multihost,5,3.8437,0.1031,0.0268
c2_multi_05__c2_4,1,1789394983.6102004,real,c2_multi_05,periodic_beacon,generator_ground_truth,docker_multihost,5,3.8437,0.1031,0.0268
c2_multi_05__c2_4,1,1789394983.8302004,real,c2_multi_05,periodic_beacon,generator_ground_truth,docker_multihost,5,3.8437,0.1031,0.0268
c2_multi_05__c2_4,1,1789394984.0502005,real,c2_multi_05,periodic_beacon,generator_ground_truth,docker_multihost,5,3.8437,0.1031,0.0268
c2_multi_05__c2_4,1,1789394984.2702005,real,c2_multi_05,periodic_beacon,generator_ground_truth,docker_multihost,6,3.8059,0.1192,0.0313
c2_multi_05__c2_4,1,1789394984.4902005,real,c2_multi_05,periodic_beacon,generator_ground_truth,docker_multihost,6,3.8059,0.1192,0.0313
c2_multi_05__c2_4,1,1789394984.7102005,real,c2_multi_05,periodic_beacon,generator_ground_truth,docker_multihost,6,3.8059,0.1192,0.0313
c2_multi_05__c2_4,1,1789394984.9302006,real,c2_multi_05,periodic_beacon,generator_ground_truth,docker_multihost,6,3.8059,0.1192,0.0313
c2_multi_05__c2_4,1,1789394985.1502006,real,c2_multi_05,periodic_beacon,generator_ground_truth,docker_multihost,6,3.8059,0.1192,0.0313
c2_multi_05__c2_4,1,1789394985.3702006,real,c2_multi_05,periodic_beacon,generator_ground_truth,docker_multihost,6,3.8059,0.1192,0.0313
c2_multi_05__c2_4,1,1789394985.5902007,real,c2_multi_05,periodic_beacon,generator_ground_truth,docker_multihost,6,3.8059,0.1192,0.0313
c2_multi_05__c2_4,1,1789394985.8102007,real,c2_multi_05,periodic_beacon,generator_ground_truth,docker_multihost,6,3.8059,0.1192,0.0313
c2_multi_05__c2_4,1,1789394986.0302007,real,c2_multi_05,periodic_beacon,generator_ground_truth,docker_multihost,6,3.8059,0.1192,0.0313
c2_multi_05__c2_4,1,1789394986.2502007,real,c2_multi_05,periodic_beacon,generator_ground_truth,docker_multihost,6,3.8059,0.1192,0.0313
c2_multi_05__c2_4,1,1789394986.4702008,real,c2_multi_05,periodic_beacon,generator_ground_truth,docker_multihost,6,3.8059,0.1192,0.0313
c2_multi_05__c2_4,1,1789394986.6902008,real,c2_multi_05,periodic_beacon,generator_ground_truth,docker_multihost,6,3.8059,0.1192,0.0313
c2_multi_05__c2_4,1,1789394986.9102008,real,c2_multi_05,periodic_beacon,generator_ground_truth,docker_multihost,6,3.8059,0.1192,0.0313
c2_multi_05__c2_4,1,1789394987.1302009,real,c2_multi_05,periodic_beacon,generator_ground_truth,docker_multihost,6,3.8059,0.1192,0.0313
c2_multi_05__c2_4,1,1789394987.350201,real,c2_multi_05,periodic_beacon,generator_ground_truth,docker_multihost,6,3.8059,0.1192,0.0313
c2_multi_05__c2_4,1,1789394987.570201,real,c2_multi_05,periodic_beacon,generator_ground_truth,docker_multihost,6,3.8059,0.1192,0.0313
c2_multi_05__c2_4,1,1789394987.790201,real,c2_multi_05,periodic_beacon,generator_ground_truth,docker_multihost,7,3.76,0.1496,0.0398
c2_multi_05__c2_4,1,1789394988.010201,real,c2_multi_05,periodic_beacon,generator_ground_truth,docker_multihost,7,3.76,0.1496,0.0398
c2_multi_05__c2_4,1,1789394988.230201,real,c2_multi_05,periodic_beacon,generator_ground_truth,docker_multihost,7,3.76,0.1496,0.0398
c2_multi_05__c2_4,1,1789394988.450201,real,c2_multi_05,periodic_beacon,generator_ground_truth,docker_multihost,7,3.76,0.1496,0.0398
c2_multi_05__c2_4,1,1789394988.670201,real,c2_multi_05,periodic_beacon,generator_ground_truth,docker_multihost,7,3.76,0.1496,0.0398
c2_multi_05__c2_4,1,1789394988.890201,real,c2_multi_05,periodic_beacon,generator_ground_truth,docker_multihost,7,3.76,0.1496,0.0398
c2_multi_05__c2_4,1,1789394989.1102011,real,c2_multi_05,periodic_beacon,generator_ground_truth,docker_multihost,7,3.76,0.1496,0.0398
c2_multi_05__c2_4,1,1789394989.3302011,real,c2_multi_05,periodic_beacon,generator_ground_truth,docker_multihost,7,3.76,0.1496,0.0398
c2_multi_05__c2_4,1,1789394989.5502012,real,c2_multi_05,periodic_beacon,generator_ground_truth,docker_multihost,7,3.76,0.1496,0.0398
c2_multi_05__c2_4,1,1789394989.7702012,real,c2_multi_05,periodic_beacon,generator_ground_truth,docker_multihost,7,3.76,0.1496,0.0398
c2_multi_05__c2_4,1,1789394989.9902012,real,c2_multi_05,periodic_beacon,generator_ground_truth,docker_multihost,7,3.76,0.1496,0.0398
c2_multi_05__c2_4,1,1789394990.2102013,real,c2_multi_05,periodic_beacon,generator_ground_truth,docker_multihost,7,3.76,0.1496,0.0398
c2_multi_05__c2_4,1,1789394990.4302013,real,c2_multi_05,periodic_beacon,generator_ground_truth,docker_multihost,7,3.76,0.1496,0.0398
c2_multi_05__c2_4,1,1789394990.6502013,real,c2_multi_05,periodic_beacon,generator_ground_truth,docker_multihost,7,3.76,0.1496,0.0398
c2_multi_05__c2_4,1,1789394990.8702013,real,c2_multi_05,periodic_beacon,generator_ground_truth,docker_multihost,8,3.6672,0.2663,0.0726
c2_multi_05__c2_4,1,1789394991.0902014,real,c2_multi_05,periodic_beacon,generator_ground_truth,docker_multihost,8,3.6672,0.2663,0.0726
c2_multi_05__c2_4,1,1789394991.3102014,real,c2_multi_05,periodic_beacon,generator_ground_truth,docker_multihost,8,3.6672,0.2663,0.0726
c2_multi_05__c2_4,1,1789394991.5302014,real,c2_multi_05,periodic_beacon,generator_ground_truth,docker_multihost,8,3.6672,0.2663,0.0726
c2_multi_05__c2_4,1,1789394991.7502015,real,c2_multi_05,periodic_beacon,generator_ground_truth,docker_multihost,8,3.6672,0.2663,0.0726
c2_multi_05__c2_4,1,1789394991.9702015,real,c2_multi_05,periodic_beacon,generator_ground_truth,docker_multihost,8,3.6672,0.2663,0.0726
c2_multi_05__c2_4,1,1789394992.1902015,real,c2_multi_05,periodic_beacon,generator_ground_truth,docker_multihost,8,3.6672,0.2663,0.0726
c2_multi_05__c2_4,1,1789394992.4102015,real,c2_multi_05,periodic_beacon,generator_ground_truth,docker_multihost,8,3.6672,0.2663,0.0726
c2_multi_05__c2_4,1,1789394992.6302016,real,c2_multi_05,periodic_beacon,generator_ground_truth,docker_multihost,8,3.6672,0.2663,0.0726
c2_multi_05__c2_4,1,1789394992.8502016,real,c2_multi_05,periodic_beacon,generator_ground_truth,docker_multihost,8,3.6672,0.2663,0.0726
c2_multi_05__c2_4,1,1789394993.0702016,real,c2_multi_05,periodic_beacon,generator_ground_truth,docker_multihost,8,3.6672,0.2663,0.0726
c2_multi_05__c2_4,1,1789394993.2902017,real,c2_multi_05,periodic_beacon,generator_ground_truth,docker_multihost,8,3.6672,0.2663,0.0726
c2_multi_05__c2_4,1,1789394993.5102017,real,c2_multi_05,periodic_beacon,generator_ground_truth,docker_multihost,8,3.6672,0.2663,0.0726
c2_multi_05__c2_4,1,1789394993.7302017,real,c2_multi_05,periodic_beacon,generator_ground_truth,docker_multihost,8,3.6672,0.2663,0.0726
c2_multi_05__c2_4,1,1789394993.9502017,real,c2_multi_05,periodic_beacon,generator_ground_truth,docker_multihost,8,3.6672,0.2663,0.0726
c2_multi_05__c2_4,1,1789394994.1702018,real,c2_multi_05,periodic_beacon,generator_ground_truth,docker_multihost,9,3.6217,0.2766,0.0764
c2_multi_05__c2_4,1,1789394994.3902018,real,c2_multi_05,periodic_beacon,generator_ground_truth,docker_multihost,9,3.6217,0.2766,0.0764
c2_multi_05__c2_4,1,1789394994.6102018,real,c2_multi_05,periodic_beacon,generator_ground_truth,docker_multihost,9,3.6217,0.2766,0.0764
c2_multi_05__c2_4,1,1789394994.8302019,real,c2_multi_05,periodic_beacon,generator_ground_truth,docker_multihost,9,3.6217,0.2766,0.0764
c2_multi_05__c2_4,1,1789394995.050202,real,c2_multi_05,periodic_beacon,generator_ground_truth,docker_multihost,9,3.6217,0.2766,0.0764
c2_multi_05__c2_4,1,1789394995.270202,real,c2_multi_05,periodic_beacon,generator_ground_truth,docker_multihost,9,3.6217,0.2766,0.0764
c2_multi_05__c2_4,1,1789394995.490202,real,c2_multi_05,periodic_beacon,generator_ground_truth,docker_multihost,9,3.6217,0.2766,0.0764
c2_multi_05__c2_4,1,1789394995.710202,real,c2_multi_05,periodic_beacon,generator_ground_truth,docker_multihost,9,3.6217,0.2766,0.0764
c2_multi_05__c2_4,1,1789394995.930202,real,c2_multi_05,periodic_beacon,generator_ground_truth,docker_multihost,9,3.6217,0.2766,0.0764
c2_multi_05__c2_4,1,1789394996.150202,real,c2_multi_05,periodic_beacon,generator_ground_truth,docker_multihost,9,3.6217,0.2766,0.0764
c2_multi_05__c2_4,1,1789394996.370202,real,c2_multi_05,periodic_beacon,generator_ground_truth,docker_multihost,9,3.6217,0.2766,0.0764
c2_multi_05__c2_4,1,1789394996.590202,real,c2_multi_05,periodic_beacon,generator_ground_truth,docker_multihost,9,3.6217,0.2766,0.0764
c2_multi_05__c2_4,1,1789394996.8102021,real,c2_multi_05,periodic_beacon,generator_ground_truth,docker_multihost,9,3.6217,0.2766,0.0764
c2_multi_05__c2_4,1,1789394997.0302022,real,c2_multi_05,periodic_beacon,generator_ground_truth,docker_multihost,9,3.6217,0.2766,0.0764
c2_multi_05__c2_4,1,1789394997.2502022,real,c2_multi_05,periodic_beacon,generator_ground_truth,docker_multihost,9,3.6217,0.2766,0.0764
c2_multi_05__c2_4,1,1789394997.4702022,real,c2_multi_05,periodic_beacon,generator_ground_truth,docker_multihost,9,3.6217,0.2766,0.0764
c2_multi_05__c2_4,1,1789394997.6902022,real,c2_multi_05,periodic_beacon,generator_ground_truth,docker_multihost,10,3.5978,0.2694,0.0749
c2_multi_05__c2_4,1,1789394997.9102023,real,c2_multi_05,periodic_beacon,generator_ground_truth,docker_multihost,10,3.5978,0.2694,0.0749
c2_multi_05__c2_4,1,1789394998.1302023,real,c2_multi_05,periodic_beacon,generator_ground_truth,docker_multihost,10,3.5978,0.2694,0.0749
c2_multi_05__c2_4,1,1789394998.3502023,real,c2_multi_05,periodic_beacon,generator_ground_truth,docker_multihost,10,3.5978,0.2694,0.0749
c2_multi_05__c2_4,1,1789394998.5702024,real,c2_multi_05,periodic_beacon,generator_ground_truth,docker_multihost,10,3.5978,0.2694,0.0749
c2_multi_05__c2_4,1,1789394998.7902024,real,c2_multi_05,periodic_beacon,generator_ground_truth,docker_multihost,10,3.5978,0.2694,0.0749
c2_multi_05__c2_4,1,1789394999.0102024,real,c2_multi_05,periodic_beacon,generator_ground_truth,docker_multihost,10,3.5978,0.2694,0.0749
c2_multi_05__c2_4,1,1789394999.2302024,real,c2_multi_05,periodic_beacon,generator_ground_truth,docker_multihost,10,3.5978,0.2694,0.0749
c2_multi_05__c2_4,1,1789394999.4502025,real,c2_multi_05,periodic_beacon,generator_ground_truth,docker_multihost,10,3.5978,0.2694,0.0749
c2_multi_05__c2_4,1,1789394999.6702025,real,c2_multi_05,periodic_beacon,generator_ground_truth,docker_multihost,10,3.5978,0.2694,0.0749
c2_multi_05__c2_4,1,1789394999.8902025,real,c2_multi_05,periodic_beacon,generator_ground_truth,docker_multihost,10,3.5978,0.2694,0.0749
c2_multi_05__c2_4,1,1789395000.1102026,real,c2_multi_05,periodic_beacon,generator_ground_truth,docker_multihost,10,3.5978,0.2694,0.0749
c2_multi_05__c2_4,1,1789395000.3302026,real,c2_multi_05,periodic_beacon,generator_ground_truth,docker_multihost,10,3.5978,0.2694,0.0749
c2_multi_05__c2_4,1,1789395000.5502026,real,c2_multi_05,periodic_beacon,generator_ground_truth,docker_multihost,10,3.5978,0.2694,0.0749
c2_multi_05__c2_4,1,1789395000.7702026,real,c2_multi_05,periodic_beacon,generator_ground_truth,docker_multihost,10,3.5978,0.2694,0.0749
c2_multi_05__c2_4,1,1789395000.9902027,real,c2_multi_05,periodic_beacon,generator_ground_truth,docker_multihost,10,3.5978,0.2694,0.0749
c2_multi_05__c2_4,1,1789395001.2102027,real,c2_multi_05,periodic_beacon,generator_ground_truth,docker_multihost,10,3.5978,0.2694,0.0749
c2_multi_05__c2_4,1,1789395001.4302027,real,c2_multi_05,periodic_beacon,generator_ground_truth,docker_multihost,10,3.5978,0.2694,0.0749
c2_multi_05__c2_4,1,1789395001.6502028,real,c2_multi_05,periodic_beacon,generator_ground_truth,docker_multihost,11,3.631,0.2743,0.0756
c2_multi_05__c2_4,1,1789395001.8702028,real,c2_multi_05,periodic_beacon,generator_ground_truth,docker_multihost,11,3.631,0.2743,0.0756
c2_multi_05__c2_4,1,1789395002.0902028,real,c2_multi_05,periodic_beacon,generator_ground_truth,docker_multihost,11,3.631,0.2743,0.0756
c2_multi_05__c2_4,1,1789395002.3102028,real,c2_multi_05,periodic_beacon,generator_ground_truth,docker_multihost,11,3.631,0.2743,0.0756
c2_multi_05__c2_4,1,1789395002.5302029,real,c2_multi_05,periodic_beacon,generator_ground_truth,docker_multihost,11,3.631,0.2743,0.0756
c2_multi_05__c2_4,1,1789395002.750203,real,c2_multi_05,periodic_beacon,generator_ground_truth,docker_multihost,11,3.631,0.2743,0.0756
c2_multi_05__c2_4,1,1789395002.970203,real,c2_multi_05,periodic_beacon,generator_ground_truth,docker_multihost,11,3.631,0.2743,0.0756
c2_multi_05__c2_4,1,1789395003.190203,real,c2_multi_05,periodic_beacon,generator_ground_truth,docker_multihost,11,3.631,0.2743,0.0756
c2_multi_05__c2_4,1,1789395003.410203,real,c2_multi_05,periodic_beacon,generator_ground_truth,docker_multihost,11,3.631,0.2743,0.0756
c2_multi_05__c2_4,1,1789395003.630203,real,c2_multi_05,periodic_beacon,generator_ground_truth,docker_multihost,11,3.631,0.2743,0.0756
c2_multi_05__c2_4,1,1789395003.850203,real,c2_multi_05,periodic_beacon,generator_ground_truth,docker_multihost,11,3.631,0.2743,0.0756
c2_multi_05__c2_4,1,1789395004.070203,real,c2_multi_05,periodic_beacon,generator_ground_truth,docker_multihost,11,3.631,0.2743,0.0756
c2_multi_05__c2_4,1,1789395004.290203,real,c2_multi_05,periodic_beacon,generator_ground_truth,docker_multihost,11,3.631,0.2743,0.0756
c2_multi_05__c2_4,1,1789395004.5102031,real,c2_multi_05,periodic_beacon,generator_ground_truth,docker_multihost,11,3.631,0.2743,0.0756
c2_multi_05__c2_4,1,1789395004.7302032,real,c2_multi_05,periodic_beacon,generator_ground_truth,docker_multihost,11,3.631,0.2743,0.0756
c2_multi_05__c2_4,1,1789395004.9502032,real,c2_multi_05,periodic_beacon,generator_ground_truth,docker_multihost,11,3.631,0.2743,0.0756
c2_multi_05__c2_4,1,1789395005.1702032,real,c2_multi_05,periodic_beacon,generator_ground_truth,docker_multihost,12,3.6255,0.2621,0.0723
c2_multi_05__c2_4,1,1789395005.3902032,real,c2_multi_05,periodic_beacon,generator_ground_truth,docker_multihost,12,3.6255,0.2621,0.0723
c2_multi_05__c2_4,1,1789395005.6102033,real,c2_multi_05,periodic_beacon,generator_ground_truth,docker_multihost,12,3.6255,0.2621,0.0723
c2_multi_05__c2_4,1,1789395005.8302033,real,c2_multi_05,periodic_beacon,generator_ground_truth,docker_multihost,12,3.6255,0.2621,0.0723
c2_multi_05__c2_4,1,1789395006.0502033,real,c2_multi_05,periodic_beacon,generator_ground_truth,docker_multihost,12,3.6255,0.2621,0.0723
c2_multi_05__c2_4,1,1789395006.2702034,real,c2_multi_05,periodic_beacon,generator_ground_truth,docker_multihost,12,3.6255,0.2621,0.0723
c2_multi_05__c2_4,1,1789395006.4902034,real,c2_multi_05,periodic_beacon,generator_ground_truth,docker_multihost,12,3.6255,0.2621,0.0723
c2_multi_05__c2_4,1,1789395006.7102034,real,c2_multi_05,periodic_beacon,generator_ground_truth,docker_multihost,12,3.6255,0.2621,0.0723
c2_multi_05__c2_4,1,1789395006.9302034,real,c2_multi_05,periodic_beacon,generator_ground_truth,docker_multihost,12,3.6255,0.2621,0.0723
c2_multi_05__c2_4,1,1789395007.1502035,real,c2_multi_05,periodic_beacon,generator_ground_truth,docker_multihost,12,3.6255,0.2621,0.0723
c2_multi_05__c2_4,1,1789395007.3702035,real,c2_multi_05,periodic_beacon,generator_ground_truth,docker_multihost,12,3.6255,0.2621,0.0723
c2_multi_05__c2_4,1,1789395007.5902035,real,c2_multi_05,periodic_beacon,generator_ground_truth,docker_multihost,12,3.6255,0.2621,0.0723
c2_multi_05__c2_4,1,1789395007.8102036,real,c2_multi_05,periodic_beacon,generator_ground_truth,docker_multihost,12,3.6255,0.2621,0.0723
c2_multi_05__c2_4,1,1789395008.0302036,real,c2_multi_05,periodic_beacon,generator_ground_truth,docker_multihost,12,3.6255,0.2621,0.0723
c2_multi_05__benign_5,0,1789395034.7655869,real,c2_multi_05,,generator_ground_truth,docker_multihost,3,11.742,7.8912,0.672
c2_multi_05__benign_5,0,1789395034.985587,real,c2_multi_05,,generator_ground_truth,docker_multihost,3,11.742,7.8912,0.672
c2_multi_05__benign_5,0,1789395035.205587,real,c2_multi_05,,generator_ground_truth,docker_multihost,3,11.742,7.8912,0.672
c2_multi_05__benign_5,0,1789395035.425587,real,c2_multi_05,,generator_ground_truth,docker_multihost,3,11.742,7.8912,0.672
c2_multi_05__benign_5,0,1789395035.645587,real,c2_multi_05,,generator_ground_truth,docker_multihost,3,11.742,7.8912,0.672
c2_multi_05__benign_5,0,1789395035.865587,real,c2_multi_05,,generator_ground_truth,docker_multihost,3,11.742,7.8912,0.672
c2_multi_05__benign_5,0,1789395036.085587,real,c2_multi_05,,generator_ground_truth,docker_multihost,3,11.742,7.8912,0.672
c2_multi_05__benign_5,0,1789395036.305587,real,c2_multi_05,,generator_ground_truth,docker_multihost,3,11.742,7.8912,0.672
c2_multi_05__benign_5,0,1789395036.525587,real,c2_multi_05,,generator_ground_truth,docker_multihost,3,11.742,7.8912,0.672
c2_multi_05__benign_5,0,1789395036.745587,real,c2_multi_05,,generator_ground_truth,docker_multihost,3,11.742,7.8912,0.672
c2_multi_05__benign_5,0,1789395036.9655871,real,c2_multi_05,,generator_ground_truth,docker_multihost,3,11.742,7.8912,0.672
c2_multi_05__benign_5,0,1789395037.1855872,real,c2_multi_05,,generator_ground_truth,docker_multihost,3,11.742,7.8912,0.672
c2_multi_05__benign_5,0,1789395037.4055872,real,c2_multi_05,,generator_ground_truth,docker_multihost,3,11.742,7.8912,0.672
c2_multi_05__benign_5,0,1789395037.6255872,real,c2_multi_05,,generator_ground_truth,docker_multihost,3,11.742,7.8912,0.672
c2_multi_05__benign_5,0,1789395037.8455873,real,c2_multi_05,,generator_ground_truth,docker_multihost,3,11.742,7.8912,0.672
c2_multi_05__benign_5,0,1789395038.0655873,real,c2_multi_05,,generator_ground_truth,docker_multihost,3,11.742,7.8912,0.672
c2_multi_05__c2_5,1,1789395051.2293394,real,c2_multi_05,periodic_beacon,generator_ground_truth,docker_multihost,3,4.1135,0.3115,0.0757
c2_multi_05__c2_5,1,1789395051.4493394,real,c2_multi_05,periodic_beacon,generator_ground_truth,docker_multihost,3,4.1135,0.3115,0.0757
c2_multi_05__c2_5,1,1789395051.6693394,real,c2_multi_05,periodic_beacon,generator_ground_truth,docker_multihost,3,4.1135,0.3115,0.0757
c2_multi_05__c2_5,1,1789395051.8893394,real,c2_multi_05,periodic_beacon,generator_ground_truth,docker_multihost,3,4.1135,0.3115,0.0757
c2_multi_05__c2_5,1,1789395052.1093395,real,c2_multi_05,periodic_beacon,generator_ground_truth,docker_multihost,3,4.1135,0.3115,0.0757
c2_multi_05__c2_5,1,1789395052.3293395,real,c2_multi_05,periodic_beacon,generator_ground_truth,docker_multihost,3,4.1135,0.3115,0.0757
c2_multi_05__c2_5,1,1789395052.5493395,real,c2_multi_05,periodic_beacon,generator_ground_truth,docker_multihost,3,4.1135,0.3115,0.0757
c2_multi_05__c2_5,1,1789395052.7693396,real,c2_multi_05,periodic_beacon,generator_ground_truth,docker_multihost,3,4.1135,0.3115,0.0757
c2_multi_05__c2_5,1,1789395052.9893396,real,c2_multi_05,periodic_beacon,generator_ground_truth,docker_multihost,3,4.1135,0.3115,0.0757
c2_multi_05__c2_5,1,1789395053.2093396,real,c2_multi_05,periodic_beacon,generator_ground_truth,docker_multihost,3,4.1135,0.3115,0.0757
c2_multi_05__c2_5,1,1789395053.4293396,real,c2_multi_05,periodic_beacon,generator_ground_truth,docker_multihost,3,4.1135,0.3115,0.0757
c2_multi_05__c2_5,1,1789395053.6493397,real,c2_multi_05,periodic_beacon,generator_ground_truth,docker_multihost,3,4.1135,0.3115,0.0757
c2_multi_05__c2_5,1,1789395053.8693397,real,c2_multi_05,periodic_beacon,generator_ground_truth,docker_multihost,3,4.1135,0.3115,0.0757
c2_multi_05__c2_5,1,1789395054.0893397,real,c2_multi_05,periodic_beacon,generator_ground_truth,docker_multihost,3,4.1135,0.3115,0.0757
c2_multi_05__c2_5,1,1789395054.3093398,real,c2_multi_05,periodic_beacon,generator_ground_truth,docker_multihost,3,4.1135,0.3115,0.0757
c2_multi_05__c2_5,1,1789395054.5293398,real,c2_multi_05,periodic_beacon,generator_ground_truth,docker_multihost,3,4.1135,0.3115,0.0757
c2_multi_05__c2_5,1,1789395054.7493398,real,c2_multi_05,periodic_beacon,generator_ground_truth,docker_multihost,3,4.1135,0.3115,0.0757
c2_multi_05__c2_5,1,1789395054.9693398,real,c2_multi_05,periodic_beacon,generator_ground_truth,docker_multihost,3,4.1135,0.3115,0.0757
c2_multi_05__c2_5,1,1789395055.1893399,real,c2_multi_05,periodic_beacon,generator_ground_truth,docker_multihost,3,4.1135,0.3115,0.0757
c2_multi_05__c2_5,1,1789395055.40934,real,c2_multi_05,periodic_beacon,generator_ground_truth,docker_multihost,3,4.1135,0.3115,0.0757
c2_multi_05__c2_5,1,1789395055.62934,real,c2_multi_05,periodic_beacon,generator_ground_truth,docker_multihost,3,4.1135,0.3115,0.0757
c2_multi_05__c2_5,1,1789395055.84934,real,c2_multi_05,periodic_beacon,generator_ground_truth,docker_multihost,3,4.1135,0.3115,0.0757
c2_multi_05__c2_5,1,1789395056.06934,real,c2_multi_05,periodic_beacon,generator_ground_truth,docker_multihost,4,4.3983,0.4763,0.1083
c2_multi_05__c2_5,1,1789395056.28934,real,c2_multi_05,periodic_beacon,generator_ground_truth,docker_multihost,4,4.3983,0.4763,0.1083
c2_multi_05__c2_5,1,1789395056.50934,real,c2_multi_05,periodic_beacon,generator_ground_truth,docker_multihost,4,4.3983,0.4763,0.1083
c2_multi_05__c2_5,1,1789395056.72934,real,c2_multi_05,periodic_beacon,generator_ground_truth,docker_multihost,4,4.3983,0.4763,0.1083
c2_multi_05__c2_5,1,1789395056.94934,real,c2_multi_05,periodic_beacon,generator_ground_truth,docker_multihost,4,4.3983,0.4763,0.1083
c2_multi_05__c2_5,1,1789395057.1693401,real,c2_multi_05,periodic_beacon,generator_ground_truth,docker_multihost,4,4.3983,0.4763,0.1083
c2_multi_05__c2_5,1,1789395057.3893402,real,c2_multi_05,periodic_beacon,generator_ground_truth,docker_multihost,4,4.3983,0.4763,0.1083
c2_multi_05__c2_5,1,1789395057.6093402,real,c2_multi_05,periodic_beacon,generator_ground_truth,docker_multihost,4,4.3983,0.4763,0.1083
c2_multi_05__c2_5,1,1789395057.8293402,real,c2_multi_05,periodic_beacon,generator_ground_truth,docker_multihost,4,4.3983,0.4763,0.1083
c2_multi_05__c2_5,1,1789395058.0493402,real,c2_multi_05,periodic_beacon,generator_ground_truth,docker_multihost,4,4.3983,0.4763,0.1083
c2_multi_05__c2_5,1,1789395058.2693403,real,c2_multi_05,periodic_beacon,generator_ground_truth,docker_multihost,4,4.3983,0.4763,0.1083
c2_multi_05__c2_5,1,1789395058.4893403,real,c2_multi_05,periodic_beacon,generator_ground_truth,docker_multihost,4,4.3983,0.4763,0.1083
c2_multi_05__c2_5,1,1789395058.7093403,real,c2_multi_05,periodic_beacon,generator_ground_truth,docker_multihost,4,4.3983,0.4763,0.1083
c2_multi_05__c2_5,1,1789395058.9293404,real,c2_multi_05,periodic_beacon,generator_ground_truth,docker_multihost,4,4.3983,0.4763,0.1083
c2_multi_05__c2_5,1,1789395059.1493404,real,c2_multi_05,periodic_beacon,generator_ground_truth,docker_multihost,4,4.3983,0.4763,0.1083
c2_multi_05__c2_5,1,1789395059.3693404,real,c2_multi_05,periodic_beacon,generator_ground_truth,docker_multihost,4,4.3983,0.4763,0.1083
c2_multi_05__c2_5,1,1789395059.5893404,real,c2_multi_05,periodic_beacon,generator_ground_truth,docker_multihost,4,4.3983,0.4763,0.1083
c2_multi_05__c2_5,1,1789395059.8093405,real,c2_multi_05,periodic_beacon,generator_ground_truth,docker_multihost,4,4.3983,0.4763,0.1083
c2_multi_05__c2_5,1,1789395060.0293405,real,c2_multi_05,periodic_beacon,generator_ground_truth,docker_multihost,4,4.3983,0.4763,0.1083
c2_multi_05__c2_5,1,1789395060.2493405,real,c2_multi_05,periodic_beacon,generator_ground_truth,docker_multihost,4,4.3983,0.4763,0.1083
c2_multi_05__c2_5,1,1789395060.4693406,real,c2_multi_05,periodic_beacon,generator_ground_truth,docker_multihost,4,4.3983,0.4763,0.1083
c2_multi_05__c2_5,1,1789395060.6893406,real,c2_multi_05,periodic_beacon,generator_ground_truth,docker_multihost,4,4.3983,0.4763,0.1083
c2_multi_05__c2_5,1,1789395060.9093406,real,c2_multi_05,periodic_beacon,generator_ground_truth,docker_multihost,5,4.4836,0.4382,0.0977
c2_multi_05__c2_5,1,1789395061.1293406,real,c2_multi_05,periodic_beacon,generator_ground_truth,docker_multihost,5,4.4836,0.4382,0.0977
c2_multi_05__c2_5,1,1789395061.3493407,real,c2_multi_05,periodic_beacon,generator_ground_truth,docker_multihost,5,4.4836,0.4382,0.0977
c2_multi_05__c2_5,1,1789395061.5693407,real,c2_multi_05,periodic_beacon,generator_ground_truth,docker_multihost,5,4.4836,0.4382,0.0977
c2_multi_05__c2_5,1,1789395061.7893407,real,c2_multi_05,periodic_beacon,generator_ground_truth,docker_multihost,5,4.4836,0.4382,0.0977
c2_multi_05__c2_5,1,1789395062.0093408,real,c2_multi_05,periodic_beacon,generator_ground_truth,docker_multihost,5,4.4836,0.4382,0.0977
c2_multi_05__c2_5,1,1789395062.2293408,real,c2_multi_05,periodic_beacon,generator_ground_truth,docker_multihost,5,4.4836,0.4382,0.0977
c2_multi_05__c2_5,1,1789395062.4493408,real,c2_multi_05,periodic_beacon,generator_ground_truth,docker_multihost,5,4.4836,0.4382,0.0977
c2_multi_05__c2_5,1,1789395062.6693408,real,c2_multi_05,periodic_beacon,generator_ground_truth,docker_multihost,5,4.4836,0.4382,0.0977
c2_multi_05__c2_5,1,1789395062.8893409,real,c2_multi_05,periodic_beacon,generator_ground_truth,docker_multihost,5,4.4836,0.4382,0.0977
c2_multi_05__c2_5,1,1789395063.109341,real,c2_multi_05,periodic_beacon,generator_ground_truth,docker_multihost,5,4.4836,0.4382,0.0977
c2_multi_05__c2_5,1,1789395063.329341,real,c2_multi_05,periodic_beacon,generator_ground_truth,docker_multihost,5,4.4836,0.4382,0.0977
c2_multi_05__c2_5,1,1789395063.549341,real,c2_multi_05,periodic_beacon,generator_ground_truth,docker_multihost,5,4.4836,0.4382,0.0977
c2_multi_05__c2_5,1,1789395063.769341,real,c2_multi_05,periodic_beacon,generator_ground_truth,docker_multihost,5,4.4836,0.4382,0.0977
c2_multi_05__c2_5,1,1789395063.989341,real,c2_multi_05,periodic_beacon,generator_ground_truth,docker_multihost,5,4.4836,0.4382,0.0977
c2_multi_05__c2_5,1,1789395064.209341,real,c2_multi_05,periodic_beacon,generator_ground_truth,docker_multihost,5,4.4836,0.4382,0.0977
c2_multi_05__c2_5,1,1789395064.429341,real,c2_multi_05,periodic_beacon,generator_ground_truth,docker_multihost,5,4.4836,0.4382,0.0977
c2_multi_05__c2_5,1,1789395064.649341,real,c2_multi_05,periodic_beacon,generator_ground_truth,docker_multihost,5,4.4836,0.4382,0.0977
c2_multi_05__c2_5,1,1789395064.8693411,real,c2_multi_05,periodic_beacon,generator_ground_truth,docker_multihost,6,4.4074,0.4205,0.0954
c2_multi_05__c2_5,1,1789395065.0893412,real,c2_multi_05,periodic_beacon,generator_ground_truth,docker_multihost,6,4.4074,0.4205,0.0954
c2_multi_05__c2_5,1,1789395065.3093412,real,c2_multi_05,periodic_beacon,generator_ground_truth,docker_multihost,6,4.4074,0.4205,0.0954
c2_multi_05__c2_5,1,1789395065.5293412,real,c2_multi_05,periodic_beacon,generator_ground_truth,docker_multihost,6,4.4074,0.4205,0.0954
c2_multi_05__c2_5,1,1789395065.7493412,real,c2_multi_05,periodic_beacon,generator_ground_truth,docker_multihost,6,4.4074,0.4205,0.0954
c2_multi_05__c2_5,1,1789395065.9693413,real,c2_multi_05,periodic_beacon,generator_ground_truth,docker_multihost,6,4.4074,0.4205,0.0954
c2_multi_05__c2_5,1,1789395066.1893413,real,c2_multi_05,periodic_beacon,generator_ground_truth,docker_multihost,6,4.4074,0.4205,0.0954
c2_multi_05__c2_5,1,1789395066.4093413,real,c2_multi_05,periodic_beacon,generator_ground_truth,docker_multihost,6,4.4074,0.4205,0.0954
c2_multi_05__c2_5,1,1789395066.6293414,real,c2_multi_05,periodic_beacon,generator_ground_truth,docker_multihost,6,4.4074,0.4205,0.0954
c2_multi_05__c2_5,1,1789395066.8493414,real,c2_multi_05,periodic_beacon,generator_ground_truth,docker_multihost,6,4.4074,0.4205,0.0954
c2_multi_05__c2_5,1,1789395067.0693414,real,c2_multi_05,periodic_beacon,generator_ground_truth,docker_multihost,6,4.4074,0.4205,0.0954
c2_multi_05__c2_5,1,1789395067.2893414,real,c2_multi_05,periodic_beacon,generator_ground_truth,docker_multihost,6,4.4074,0.4205,0.0954
c2_multi_05__c2_5,1,1789395067.5093415,real,c2_multi_05,periodic_beacon,generator_ground_truth,docker_multihost,6,4.4074,0.4205,0.0954
c2_multi_05__c2_5,1,1789395067.7293415,real,c2_multi_05,periodic_beacon,generator_ground_truth,docker_multihost,6,4.4074,0.4205,0.0954
c2_multi_05__c2_5,1,1789395067.9493415,real,c2_multi_05,periodic_beacon,generator_ground_truth,docker_multihost,6,4.4074,0.4205,0.0954
c2_multi_05__c2_5,1,1789395068.1693416,real,c2_multi_05,periodic_beacon,generator_ground_truth,docker_multihost,6,4.4074,0.4205,0.0954
c2_multi_05__c2_5,1,1789395068.3893416,real,c2_multi_05,periodic_beacon,generator_ground_truth,docker_multihost,6,4.4074,0.4205,0.0954
c2_multi_05__c2_5,1,1789395068.6093416,real,c2_multi_05,periodic_beacon,generator_ground_truth,docker_multihost,6,4.4074,0.4205,0.0954
c2_multi_05__c2_5,1,1789395068.8293417,real,c2_multi_05,periodic_beacon,generator_ground_truth,docker_multihost,6,4.4074,0.4205,0.0954
c2_multi_05__c2_5,1,1789395069.0493417,real,c2_multi_05,periodic_beacon,generator_ground_truth,docker_multihost,6,4.4074,0.4205,0.0954
c2_multi_05__c2_5,1,1789395069.2693417,real,c2_multi_05,periodic_beacon,generator_ground_truth,docker_multihost,6,4.4074,0.4205,0.0954
c2_multi_05__c2_5,1,1789395069.4893417,real,c2_multi_05,periodic_beacon,generator_ground_truth,docker_multihost,7,4.4508,0.3959,0.089
c2_multi_05__c2_5,1,1789395069.7093418,real,c2_multi_05,periodic_beacon,generator_ground_truth,docker_multihost,7,4.4508,0.3959,0.089
c2_multi_05__c2_5,1,1789395069.9293418,real,c2_multi_05,periodic_beacon,generator_ground_truth,docker_multihost,7,4.4508,0.3959,0.089
c2_multi_05__c2_5,1,1789395070.1493418,real,c2_multi_05,periodic_beacon,generator_ground_truth,docker_multihost,7,4.4508,0.3959,0.089
c2_multi_05__c2_5,1,1789395070.3693419,real,c2_multi_05,periodic_beacon,generator_ground_truth,docker_multihost,7,4.4508,0.3959,0.089
c2_multi_05__c2_5,1,1789395070.5893419,real,c2_multi_05,periodic_beacon,generator_ground_truth,docker_multihost,7,4.4508,0.3959,0.089
c2_multi_05__c2_5,1,1789395070.809342,real,c2_multi_05,periodic_beacon,generator_ground_truth,docker_multihost,7,4.4508,0.3959,0.089
c2_multi_05__c2_5,1,1789395071.029342,real,c2_multi_05,periodic_beacon,generator_ground_truth,docker_multihost,7,4.4508,0.3959,0.089
c2_multi_05__c2_5,1,1789395071.249342,real,c2_multi_05,periodic_beacon,generator_ground_truth,docker_multihost,7,4.4508,0.3959,0.089
c2_multi_05__c2_5,1,1789395071.469342,real,c2_multi_05,periodic_beacon,generator_ground_truth,docker_multihost,7,4.4508,0.3959,0.089
c2_multi_05__c2_5,1,1789395071.689342,real,c2_multi_05,periodic_beacon,generator_ground_truth,docker_multihost,7,4.4508,0.3959,0.089
c2_multi_05__c2_5,1,1789395071.909342,real,c2_multi_05,periodic_beacon,generator_ground_truth,docker_multihost,7,4.4508,0.3959,0.089
c2_multi_05__c2_5,1,1789395072.129342,real,c2_multi_05,periodic_beacon,generator_ground_truth,docker_multihost,7,4.4508,0.3959,0.089
c2_multi_05__c2_5,1,1789395072.349342,real,c2_multi_05,periodic_beacon,generator_ground_truth,docker_multihost,7,4.4508,0.3959,0.089
c2_multi_05__c2_5,1,1789395072.5693421,real,c2_multi_05,periodic_beacon,generator_ground_truth,docker_multihost,7,4.4508,0.3959,0.089
c2_multi_05__c2_5,1,1789395072.7893422,real,c2_multi_05,periodic_beacon,generator_ground_truth,docker_multihost,7,4.4508,0.3959,0.089
c2_multi_05__c2_5,1,1789395073.0093422,real,c2_multi_05,periodic_beacon,generator_ground_truth,docker_multihost,7,4.4508,0.3959,0.089
c2_multi_05__c2_5,1,1789395073.2293422,real,c2_multi_05,periodic_beacon,generator_ground_truth,docker_multihost,7,4.4508,0.3959,0.089
c2_multi_05__c2_5,1,1789395073.4493423,real,c2_multi_05,periodic_beacon,generator_ground_truth,docker_multihost,7,4.4508,0.3959,0.089
c2_multi_05__c2_5,1,1789395073.6693423,real,c2_multi_05,periodic_beacon,generator_ground_truth,docker_multihost,7,4.4508,0.3959,0.089
c2_multi_05__c2_5,1,1789395073.8893423,real,c2_multi_05,periodic_beacon,generator_ground_truth,docker_multihost,7,4.4508,0.3959,0.089
c2_multi_05__c2_5,1,1789395074.1093423,real,c2_multi_05,periodic_beacon,generator_ground_truth,docker_multihost,7,4.4508,0.3959,0.089
c2_multi_05__c2_5,1,1789395074.3293424,real,c2_multi_05,periodic_beacon,generator_ground_truth,docker_multihost,7,4.4508,0.3959,0.089
c2_multi_05__c2_5,1,1789395074.5493424,real,c2_multi_05,periodic_beacon,generator_ground_truth,docker_multihost,8,4.513,0.397,0.088
c2_multi_05__c2_5,1,1789395074.7693424,real,c2_multi_05,periodic_beacon,generator_ground_truth,docker_multihost,8,4.513,0.397,0.088
c2_multi_05__c2_5,1,1789395074.9893425,real,c2_multi_05,periodic_beacon,generator_ground_truth,docker_multihost,8,4.513,0.397,0.088
c2_multi_05__c2_5,1,1789395075.2093425,real,c2_multi_05,periodic_beacon,generator_ground_truth,docker_multihost,8,4.513,0.397,0.088
c2_multi_05__c2_5,1,1789395075.4293425,real,c2_multi_05,periodic_beacon,generator_ground_truth,docker_multihost,8,4.513,0.397,0.088
c2_multi_05__c2_5,1,1789395075.6493425,real,c2_multi_05,periodic_beacon,generator_ground_truth,docker_multihost,8,4.513,0.397,0.088
c2_multi_05__c2_5,1,1789395075.8693426,real,c2_multi_05,periodic_beacon,generator_ground_truth,docker_multihost,8,4.513,0.397,0.088
c2_multi_05__c2_5,1,1789395076.0893426,real,c2_multi_05,periodic_beacon,generator_ground_truth,docker_multihost,8,4.513,0.397,0.088
c2_multi_05__c2_5,1,1789395076.3093426,real,c2_multi_05,periodic_beacon,generator_ground_truth,docker_multihost,8,4.513,0.397,0.088
c2_multi_05__c2_5,1,1789395076.5293427,real,c2_multi_05,periodic_beacon,generator_ground_truth,docker_multihost,8,4.513,0.397,0.088
c2_multi_05__c2_5,1,1789395076.7493427,real,c2_multi_05,periodic_beacon,generator_ground_truth,docker_multihost,8,4.513,0.397,0.088
c2_multi_05__c2_5,1,1789395076.9693427,real,c2_multi_05,periodic_beacon,generator_ground_truth,docker_multihost,8,4.513,0.397,0.088
c2_multi_05__c2_5,1,1789395077.1893427,real,c2_multi_05,periodic_beacon,generator_ground_truth,docker_multihost,8,4.513,0.397,0.088
c2_multi_05__c2_5,1,1789395077.4093428,real,c2_multi_05,periodic_beacon,generator_ground_truth,docker_multihost,8,4.513,0.397,0.088
c2_multi_05__c2_5,1,1789395077.6293428,real,c2_multi_05,periodic_beacon,generator_ground_truth,docker_multihost,8,4.513,0.397,0.088
c2_multi_05__c2_5,1,1789395077.8493428,real,c2_multi_05,periodic_beacon,generator_ground_truth,docker_multihost,8,4.513,0.397,0.088
c2_multi_05__c2_5,1,1789395078.0693429,real,c2_multi_05,periodic_beacon,generator_ground_truth,docker_multihost,8,4.513,0.397,0.088
c2_multi_05__c2_5,1,1789395078.2893429,real,c2_multi_05,periodic_beacon,generator_ground_truth,docker_multihost,8,4.513,0.397,0.088
c2_multi_05__c2_5,1,1789395078.509343,real,c2_multi_05,periodic_beacon,generator_ground_truth,docker_multihost,9,4.4618,0.3954,0.0886
c2_multi_05__c2_5,1,1789395078.729343,real,c2_multi_05,periodic_beacon,generator_ground_truth,docker_multihost,9,4.4618,0.3954,0.0886
c2_multi_05__c2_5,1,1789395078.949343,real,c2_multi_05,periodic_beacon,generator_ground_truth,docker_multihost,9,4.4618,0.3954,0.0886
c2_multi_05__c2_5,1,1789395079.169343,real,c2_multi_05,periodic_beacon,generator_ground_truth,docker_multihost,9,4.4618,0.3954,0.0886
c2_multi_05__c2_5,1,1789395079.389343,real,c2_multi_05,periodic_beacon,generator_ground_truth,docker_multihost,9,4.4618,0.3954,0.0886
c2_multi_05__c2_5,1,1789395079.609343,real,c2_multi_05,periodic_beacon,generator_ground_truth,docker_multihost,9,4.4618,0.3954,0.0886
c2_multi_05__c2_5,1,1789395079.829343,real,c2_multi_05,periodic_beacon,generator_ground_truth,docker_multihost,9,4.4618,0.3954,0.0886
c2_multi_05__c2_5,1,1789395080.049343,real,c2_multi_05,periodic_beacon,generator_ground_truth,docker_multihost,9,4.4618,0.3954,0.0886
c2_multi_05__c2_5,1,1789395080.2693431,real,c2_multi_05,periodic_beacon,generator_ground_truth,docker_multihost,9,4.4618,0.3954,0.0886
c2_multi_05__c2_5,1,1789395080.4893432,real,c2_multi_05,periodic_beacon,generator_ground_truth,docker_multihost,9,4.4618,0.3954,0.0886
c2_multi_05__c2_5,1,1789395080.7093432,real,c2_multi_05,periodic_beacon,generator_ground_truth,docker_multihost,9,4.4618,0.3954,0.0886
c2_multi_05__c2_5,1,1789395080.9293432,real,c2_multi_05,periodic_beacon,generator_ground_truth,docker_multihost,9,4.4618,0.3954,0.0886
c2_multi_05__c2_5,1,1789395081.1493433,real,c2_multi_05,periodic_beacon,generator_ground_truth,docker_multihost,9,4.4618,0.3954,0.0886
c2_multi_05__c2_5,1,1789395081.3693433,real,c2_multi_05,periodic_beacon,generator_ground_truth,docker_multihost,9,4.4618,0.3954,0.0886
c2_multi_05__c2_5,1,1789395081.5893433,real,c2_multi_05,periodic_beacon,generator_ground_truth,docker_multihost,9,4.4618,0.3954,0.0886
c2_multi_05__c2_5,1,1789395081.8093433,real,c2_multi_05,periodic_beacon,generator_ground_truth,docker_multihost,9,4.4618,0.3954,0.0886
c2_multi_05__c2_5,1,1789395082.0293434,real,c2_multi_05,periodic_beacon,generator_ground_truth,docker_multihost,9,4.4618,0.3954,0.0886
c2_multi_05__c2_5,1,1789395082.2493434,real,c2_multi_05,periodic_beacon,generator_ground_truth,docker_multihost,9,4.4618,0.3954,0.0886
c2_multi_05__c2_5,1,1789395082.4693434,real,c2_multi_05,periodic_beacon,generator_ground_truth,docker_multihost,9,4.4618,0.3954,0.0886
c2_multi_05__c2_5,1,1789395082.6893435,real,c2_multi_05,periodic_beacon,generator_ground_truth,docker_multihost,9,4.4618,0.3954,0.0886
c2_multi_05__c2_5,1,1789395082.9093435,real,c2_multi_05,periodic_beacon,generator_ground_truth,docker_multihost,9,4.4618,0.3954,0.0886
c2_multi_05__c2_5,1,1789395083.1293435,real,c2_multi_05,periodic_beacon,generator_ground_truth,docker_multihost,10,4.4705,0.3736,0.0836
c2_multi_05__c2_5,1,1789395083.3493435,real,c2_multi_05,periodic_beacon,generator_ground_truth,docker_multihost,10,4.4705,0.3736,0.0836
c2_multi_05__c2_5,1,1789395083.5693436,real,c2_multi_05,periodic_beacon,generator_ground_truth,docker_multihost,10,4.4705,0.3736,0.0836
c2_multi_05__c2_5,1,1789395083.7893436,real,c2_multi_05,periodic_beacon,generator_ground_truth,docker_multihost,10,4.4705,0.3736,0.0836
c2_multi_05__c2_5,1,1789395084.0093436,real,c2_multi_05,periodic_beacon,generator_ground_truth,docker_multihost,10,4.4705,0.3736,0.0836
c2_multi_05__c2_5,1,1789395084.2293437,real,c2_multi_05,periodic_beacon,generator_ground_truth,docker_multihost,10,4.4705,0.3736,0.0836
c2_multi_05__c2_5,1,1789395084.4493437,real,c2_multi_05,periodic_beacon,generator_ground_truth,docker_multihost,10,4.4705,0.3736,0.0836
c2_multi_05__c2_5,1,1789395084.6693437,real,c2_multi_05,periodic_beacon,generator_ground_truth,docker_multihost,10,4.4705,0.3736,0.0836
c2_multi_05__c2_5,1,1789395084.8893437,real,c2_multi_05,periodic_beacon,generator_ground_truth,docker_multihost,10,4.4705,0.3736,0.0836
c2_multi_05__c2_5,1,1789395085.1093438,real,c2_multi_05,periodic_beacon,generator_ground_truth,docker_multihost,10,4.4705,0.3736,0.0836
c2_multi_05__c2_5,1,1789395085.3293438,real,c2_multi_05,periodic_beacon,generator_ground_truth,docker_multihost,10,4.4705,0.3736,0.0836
c2_multi_05__c2_5,1,1789395085.5493438,real,c2_multi_05,periodic_beacon,generator_ground_truth,docker_multihost,10,4.4705,0.3736,0.0836
c2_multi_05__c2_5,1,1789395085.7693439,real,c2_multi_05,periodic_beacon,generator_ground_truth,docker_multihost,10,4.4705,0.3736,0.0836
c2_multi_05__c2_5,1,1789395085.989344,real,c2_multi_05,periodic_beacon,generator_ground_truth,docker_multihost,10,4.4705,0.3736,0.0836
c2_multi_05__c2_5,1,1789395086.209344,real,c2_multi_05,periodic_beacon,generator_ground_truth,docker_multihost,10,4.4705,0.3736,0.0836
c2_multi_05__c2_5,1,1789395086.429344,real,c2_multi_05,periodic_beacon,generator_ground_truth,docker_multihost,10,4.4705,0.3736,0.0836
c2_multi_05__c2_5,1,1789395086.649344,real,c2_multi_05,periodic_beacon,generator_ground_truth,docker_multihost,10,4.4705,0.3736,0.0836
c2_multi_05__c2_5,1,1789395086.869344,real,c2_multi_05,periodic_beacon,generator_ground_truth,docker_multihost,10,4.4705,0.3736,0.0836
c2_multi_05__c2_5,1,1789395087.089344,real,c2_multi_05,periodic_beacon,generator_ground_truth,docker_multihost,10,4.4705,0.3736,0.0836
c2_multi_05__c2_5,1,1789395087.309344,real,c2_multi_05,periodic_beacon,generator_ground_truth,docker_multihost,11,4.4466,0.3616,0.0813
c2_multi_05__c2_5,1,1789395087.529344,real,c2_multi_05,periodic_beacon,generator_ground_truth,docker_multihost,11,4.4466,0.3616,0.0813
c2_multi_05__c2_5,1,1789395087.749344,real,c2_multi_05,periodic_beacon,generator_ground_truth,docker_multihost,11,4.4466,0.3616,0.0813
c2_multi_05__c2_5,1,1789395087.9693441,real,c2_multi_05,periodic_beacon,generator_ground_truth,docker_multihost,11,4.4466,0.3616,0.0813
c2_multi_05__c2_5,1,1789395088.1893442,real,c2_multi_05,periodic_beacon,generator_ground_truth,docker_multihost,11,4.4466,0.3616,0.0813
c2_multi_05__c2_5,1,1789395088.4093442,real,c2_multi_05,periodic_beacon,generator_ground_truth,docker_multihost,11,4.4466,0.3616,0.0813
c2_multi_05__c2_5,1,1789395088.6293442,real,c2_multi_05,periodic_beacon,generator_ground_truth,docker_multihost,11,4.4466,0.3616,0.0813
c2_multi_05__c2_5,1,1789395088.8493443,real,c2_multi_05,periodic_beacon,generator_ground_truth,docker_multihost,11,4.4466,0.3616,0.0813
c2_multi_05__c2_5,1,1789395089.0693443,real,c2_multi_05,periodic_beacon,generator_ground_truth,docker_multihost,11,4.4466,0.3616,0.0813
c2_multi_05__c2_5,1,1789395089.2893443,real,c2_multi_05,periodic_beacon,generator_ground_truth,docker_multihost,11,4.4466,0.3616,0.0813
c2_multi_05__c2_5,1,1789395089.5093443,real,c2_multi_05,periodic_beacon,generator_ground_truth,docker_multihost,11,4.4466,0.3616,0.0813
c2_multi_05__c2_5,1,1789395089.7293444,real,c2_multi_05,periodic_beacon,generator_ground_truth,docker_multihost,11,4.4466,0.3616,0.0813
c2_multi_05__c2_5,1,1789395089.9493444,real,c2_multi_05,periodic_beacon,generator_ground_truth,docker_multihost,11,4.4466,0.3616,0.0813
c2_multi_05__c2_5,1,1789395090.1693444,real,c2_multi_05,periodic_beacon,generator_ground_truth,docker_multihost,11,4.4466,0.3616,0.0813
c2_multi_05__c2_5,1,1789395090.3893445,real,c2_multi_05,periodic_beacon,generator_ground_truth,docker_multihost,11,4.4466,0.3616,0.0813
c2_multi_05__c2_5,1,1789395090.6093445,real,c2_multi_05,periodic_beacon,generator_ground_truth,docker_multihost,11,4.4466,0.3616,0.0813
c2_multi_05__c2_5,1,1789395090.8293445,real,c2_multi_05,periodic_beacon,generator_ground_truth,docker_multihost,11,4.4466,0.3616,0.0813
c2_multi_05__c2_5,1,1789395091.0493445,real,c2_multi_05,periodic_beacon,generator_ground_truth,docker_multihost,11,4.4466,0.3616,0.0813
c2_multi_05__c2_5,1,1789395091.2693446,real,c2_multi_05,periodic_beacon,generator_ground_truth,docker_multihost,11,4.4466,0.3616,0.0813
c2_multi_05__c2_5,1,1789395091.4893446,real,c2_multi_05,periodic_beacon,generator_ground_truth,docker_multihost,12,4.4136,0.3602,0.0816
c2_multi_05__c2_5,1,1789395091.7093446,real,c2_multi_05,periodic_beacon,generator_ground_truth,docker_multihost,12,4.4136,0.3602,0.0816
c2_multi_05__c2_5,1,1789395091.9293447,real,c2_multi_05,periodic_beacon,generator_ground_truth,docker_multihost,12,4.4136,0.3602,0.0816
c2_multi_05__c2_5,1,1789395092.1493447,real,c2_multi_05,periodic_beacon,generator_ground_truth,docker_multihost,12,4.4136,0.3602,0.0816
c2_multi_05__c2_5,1,1789395092.3693447,real,c2_multi_05,periodic_beacon,generator_ground_truth,docker_multihost,12,4.4136,0.3602,0.0816
c2_multi_05__c2_5,1,1789395092.5893447,real,c2_multi_05,periodic_beacon,generator_ground_truth,docker_multihost,12,4.4136,0.3602,0.0816
c2_multi_05__c2_5,1,1789395092.8093448,real,c2_multi_05,periodic_beacon,generator_ground_truth,docker_multihost,12,4.4136,0.3602,0.0816
c2_multi_05__c2_5,1,1789395093.0293448,real,c2_multi_05,periodic_beacon,generator_ground_truth,docker_multihost,12,4.4136,0.3602,0.0816
c2_multi_05__c2_5,1,1789395093.2493448,real,c2_multi_05,periodic_beacon,generator_ground_truth,docker_multihost,12,4.4136,0.3602,0.0816
c2_multi_05__c2_5,1,1789395093.4693449,real,c2_multi_05,periodic_beacon,generator_ground_truth,docker_multihost,12,4.4136,0.3602,0.0816
c2_multi_05__c2_5,1,1789395093.689345,real,c2_multi_05,periodic_beacon,generator_ground_truth,docker_multihost,12,4.4136,0.3602,0.0816
c2_multi_05__c2_5,1,1789395093.909345,real,c2_multi_05,periodic_beacon,generator_ground_truth,docker_multihost,12,4.4136,0.3602,0.0816
c2_multi_05__c2_5,1,1789395094.129345,real,c2_multi_05,periodic_beacon,generator_ground_truth,docker_multihost,12,4.4136,0.3602,0.0816
c2_multi_05__c2_5,1,1789395094.349345,real,c2_multi_05,periodic_beacon,generator_ground_truth,docker_multihost,12,4.4136,0.3602,0.0816
c2_multi_05__c2_5,1,1789395094.569345,real,c2_multi_05,periodic_beacon,generator_ground_truth,docker_multihost,12,4.4136,0.3602,0.0816
c2_multi_05__c2_5,1,1789395094.789345,real,c2_multi_05,periodic_beacon,generator_ground_truth,docker_multihost,12,4.4136,0.3602,0.0816
c2_multi_05__c2_5,1,1789395095.009345,real,c2_multi_05,periodic_beacon,generator_ground_truth,docker_multihost,12,4.4136,0.3602,0.0816
c2_multi_05__c2_5,1,1789395095.229345,real,c2_multi_05,periodic_beacon,generator_ground_truth,docker_multihost,12,4.4136,0.3602,0.0816
c2_multi_05__c2_5,1,1789395095.449345,real,c2_multi_05,periodic_beacon,generator_ground_truth,docker_multihost,12,4.4136,0.3602,0.0816
c2_multi_05__c2_5,1,1789395095.6693451,real,c2_multi_05,periodic_beacon,generator_ground_truth,docker_multihost,13,4.3909,0.353,0.0804
c2_multi_05__c2_5,1,1789395095.8893452,real,c2_multi_05,periodic_beacon,generator_ground_truth,docker_multihost,13,4.3909,0.353,0.0804
c2_multi_05__c2_5,1,1789395096.1093452,real,c2_multi_05,periodic_beacon,generator_ground_truth,docker_multihost,13,4.3909,0.353,0.0804
c2_multi_05__c2_5,1,1789395096.3293452,real,c2_multi_05,periodic_beacon,generator_ground_truth,docker_multihost,13,4.3909,0.353,0.0804
c2_multi_05__c2_5,1,1789395096.5493453,real,c2_multi_05,periodic_beacon,generator_ground_truth,docker_multihost,13,4.3909,0.353,0.0804
c2_multi_05__c2_5,1,1789395096.7693453,real,c2_multi_05,periodic_beacon,generator_ground_truth,docker_multihost,13,4.3909,0.353,0.0804
c2_multi_05__c2_5,1,1789395096.9893453,real,c2_multi_05,periodic_beacon,generator_ground_truth,docker_multihost,13,4.3909,0.353,0.0804
c2_multi_05__c2_5,1,1789395097.2093453,real,c2_multi_05,periodic_beacon,generator_ground_truth,docker_multihost,13,4.3909,0.353,0.0804
c2_multi_05__c2_5,1,1789395097.4293454,real,c2_multi_05,periodic_beacon,generator_ground_truth,docker_multihost,13,4.3909,0.353,0.0804
c2_multi_05__c2_5,1,1789395097.6493454,real,c2_multi_05,periodic_beacon,generator_ground_truth,docker_multihost,13,4.3909,0.353,0.0804
c2_multi_05__c2_5,1,1789395097.8693454,real,c2_multi_05,periodic_beacon,generator_ground_truth,docker_multihost,13,4.3909,0.353,0.0804
c2_multi_05__c2_5,1,1789395098.0893455,real,c2_multi_05,periodic_beacon,generator_ground_truth,docker_multihost,13,4.3909,0.353,0.0804
c2_multi_05__c2_5,1,1789395098.3093455,real,c2_multi_05,periodic_beacon,generator_ground_truth,docker_multihost,13,4.3909,0.353,0.0804
c2_multi_05__c2_5,1,1789395098.5293455,real,c2_multi_05,periodic_beacon,generator_ground_truth,docker_multihost,13,4.3909,0.353,0.0804
c2_multi_05__c2_5,1,1789395098.7493455,real,c2_multi_05,periodic_beacon,generator_ground_truth,docker_multihost,13,4.3909,0.353,0.0804
c2_multi_05__c2_5,1,1789395098.9693456,real,c2_multi_05,periodic_beacon,generator_ground_truth,docker_multihost,13,4.3909,0.353,0.0804
c2_multi_05__c2_5,1,1789395099.1893456,real,c2_multi_05,periodic_beacon,generator_ground_truth,docker_multihost,13,4.3909,0.353,0.0804
c2_multi_05__c2_5,1,1789395099.4093456,real,c2_multi_05,periodic_beacon,generator_ground_truth,docker_multihost,13,4.3909,0.353,0.0804
c2_multi_05__c2_5,1,1789395099.6293457,real,c2_multi_05,periodic_beacon,generator_ground_truth,docker_multihost,14,4.3631,0.3525,0.0808
c2_multi_05__c2_5,1,1789395099.8493457,real,c2_multi_05,periodic_beacon,generator_ground_truth,docker_multihost,14,4.3631,0.3525,0.0808
c2_multi_05__c2_5,1,1789395100.0693457,real,c2_multi_05,periodic_beacon,generator_ground_truth,docker_multihost,14,4.3631,0.3525,0.0808
c2_multi_05__c2_5,1,1789395100.2893457,real,c2_multi_05,periodic_beacon,generator_ground_truth,docker_multihost,14,4.3631,0.3525,0.0808
c2_multi_05__c2_5,1,1789395100.5093458,real,c2_multi_05,periodic_beacon,generator_ground_truth,docker_multihost,14,4.3631,0.3525,0.0808
c2_multi_05__c2_5,1,1789395100.7293458,real,c2_multi_05,periodic_beacon,generator_ground_truth,docker_multihost,14,4.3631,0.3525,0.0808
c2_multi_05__c2_5,1,1789395100.9493458,real,c2_multi_05,periodic_beacon,generator_ground_truth,docker_multihost,14,4.3631,0.3525,0.0808
c2_multi_05__c2_5,1,1789395101.1693459,real,c2_multi_05,periodic_beacon,generator_ground_truth,docker_multihost,14,4.3631,0.3525,0.0808
c2_multi_05__c2_5,1,1789395101.389346,real,c2_multi_05,periodic_beacon,generator_ground_truth,docker_multihost,14,4.3631,0.3525,0.0808
c2_multi_05__c2_5,1,1789395101.609346,real,c2_multi_05,periodic_beacon,generator_ground_truth,docker_multihost,14,4.3631,0.3525,0.0808
c2_multi_05__c2_5,1,1789395101.829346,real,c2_multi_05,periodic_beacon,generator_ground_truth,docker_multihost,14,4.3631,0.3525,0.0808
c2_multi_05__c2_5,1,1789395102.049346,real,c2_multi_05,periodic_beacon,generator_ground_truth,docker_multihost,14,4.3631,0.3525,0.0808
c2_multi_05__c2_5,1,1789395102.269346,real,c2_multi_05,periodic_beacon,generator_ground_truth,docker_multihost,14,4.3631,0.3525,0.0808
c2_multi_05__c2_5,1,1789395102.489346,real,c2_multi_05,periodic_beacon,generator_ground_truth,docker_multihost,14,4.3631,0.3525,0.0808
c2_multi_05__c2_5,1,1789395102.709346,real,c2_multi_05,periodic_beacon,generator_ground_truth,docker_multihost,14,4.3631,0.3525,0.0808
c2_multi_05__c2_5,1,1789395102.929346,real,c2_multi_05,periodic_beacon,generator_ground_truth,docker_multihost,14,4.3631,0.3525,0.0808
c2_multi_05__c2_5,1,1789395103.149346,real,c2_multi_05,periodic_beacon,generator_ground_truth,docker_multihost,14,4.3631,0.3525,0.0808
c2_multi_05__c2_6,1,1789395134.0041556,real,c2_multi_05,periodic_beacon,generator_ground_truth,docker_multihost,3,3.597,0.1931,0.0537
c2_multi_05__c2_6,1,1789395134.2241557,real,c2_multi_05,periodic_beacon,generator_ground_truth,docker_multihost,3,3.597,0.1931,0.0537
c2_multi_05__c2_6,1,1789395134.4441557,real,c2_multi_05,periodic_beacon,generator_ground_truth,docker_multihost,3,3.597,0.1931,0.0537
c2_multi_05__c2_6,1,1789395134.6641557,real,c2_multi_05,periodic_beacon,generator_ground_truth,docker_multihost,3,3.597,0.1931,0.0537
c2_multi_05__c2_6,1,1789395134.8841558,real,c2_multi_05,periodic_beacon,generator_ground_truth,docker_multihost,3,3.597,0.1931,0.0537
c2_multi_05__c2_6,1,1789395135.1041558,real,c2_multi_05,periodic_beacon,generator_ground_truth,docker_multihost,3,3.597,0.1931,0.0537
c2_multi_05__c2_6,1,1789395135.3241558,real,c2_multi_05,periodic_beacon,generator_ground_truth,docker_multihost,3,3.597,0.1931,0.0537
c2_multi_05__c2_6,1,1789395135.5441558,real,c2_multi_05,periodic_beacon,generator_ground_truth,docker_multihost,3,3.597,0.1931,0.0537
c2_multi_05__c2_6,1,1789395135.7641559,real,c2_multi_05,periodic_beacon,generator_ground_truth,docker_multihost,3,3.597,0.1931,0.0537
c2_multi_05__c2_6,1,1789395135.984156,real,c2_multi_05,periodic_beacon,generator_ground_truth,docker_multihost,3,3.597,0.1931,0.0537
c2_multi_05__c2_6,1,1789395136.204156,real,c2_multi_05,periodic_beacon,generator_ground_truth,docker_multihost,3,3.597,0.1931,0.0537
c2_multi_05__c2_6,1,1789395136.424156,real,c2_multi_05,periodic_beacon,generator_ground_truth,docker_multihost,3,3.597,0.1931,0.0537
c2_multi_05__c2_6,1,1789395136.644156,real,c2_multi_05,periodic_beacon,generator_ground_truth,docker_multihost,3,3.597,0.1931,0.0537
c2_multi_05__c2_6,1,1789395136.864156,real,c2_multi_05,periodic_beacon,generator_ground_truth,docker_multihost,3,3.597,0.1931,0.0537
c2_multi_05__c2_6,1,1789395137.084156,real,c2_multi_05,periodic_beacon,generator_ground_truth,docker_multihost,3,3.597,0.1931,0.0537
c2_multi_05__c2_6,1,1789395137.304156,real,c2_multi_05,periodic_beacon,generator_ground_truth,docker_multihost,3,3.597,0.1931,0.0537
c2_multi_05__c2_6,1,1789395137.524156,real,c2_multi_05,periodic_beacon,generator_ground_truth,docker_multihost,3,3.597,0.1931,0.0537
c2_multi_05__c2_6,1,1789395137.7441561,real,c2_multi_05,periodic_beacon,generator_ground_truth,docker_multihost,3,3.597,0.1931,0.0537
c2_multi_05__c2_6,1,1789395137.9641562,real,c2_multi_05,periodic_beacon,generator_ground_truth,docker_multihost,4,3.7156,0.2302,0.0619
c2_multi_05__c2_6,1,1789395138.1841562,real,c2_multi_05,periodic_beacon,generator_ground_truth,docker_multihost,4,3.7156,0.2302,0.0619
c2_multi_05__c2_6,1,1789395138.4041562,real,c2_multi_05,periodic_beacon,generator_ground_truth,docker_multihost,4,3.7156,0.2302,0.0619
c2_multi_05__c2_6,1,1789395138.6241562,real,c2_multi_05,periodic_beacon,generator_ground_truth,docker_multihost,4,3.7156,0.2302,0.0619
c2_multi_05__c2_6,1,1789395138.8441563,real,c2_multi_05,periodic_beacon,generator_ground_truth,docker_multihost,4,3.7156,0.2302,0.0619
c2_multi_05__c2_6,1,1789395139.0641563,real,c2_multi_05,periodic_beacon,generator_ground_truth,docker_multihost,4,3.7156,0.2302,0.0619
c2_multi_05__c2_6,1,1789395139.2841563,real,c2_multi_05,periodic_beacon,generator_ground_truth,docker_multihost,4,3.7156,0.2302,0.0619
c2_multi_05__c2_6,1,1789395139.5041564,real,c2_multi_05,periodic_beacon,generator_ground_truth,docker_multihost,4,3.7156,0.2302,0.0619
c2_multi_05__c2_6,1,1789395139.7241564,real,c2_multi_05,periodic_beacon,generator_ground_truth,docker_multihost,4,3.7156,0.2302,0.0619
c2_multi_05__c2_6,1,1789395139.9441564,real,c2_multi_05,periodic_beacon,generator_ground_truth,docker_multihost,4,3.7156,0.2302,0.0619
c2_multi_05__c2_6,1,1789395140.1641564,real,c2_multi_05,periodic_beacon,generator_ground_truth,docker_multihost,4,3.7156,0.2302,0.0619
c2_multi_05__c2_6,1,1789395140.3841565,real,c2_multi_05,periodic_beacon,generator_ground_truth,docker_multihost,4,3.7156,0.2302,0.0619
c2_multi_05__c2_6,1,1789395140.6041565,real,c2_multi_05,periodic_beacon,generator_ground_truth,docker_multihost,4,3.7156,0.2302,0.0619
c2_multi_05__c2_6,1,1789395140.8241565,real,c2_multi_05,periodic_beacon,generator_ground_truth,docker_multihost,4,3.7156,0.2302,0.0619
c2_multi_05__c2_6,1,1789395141.0441566,real,c2_multi_05,periodic_beacon,generator_ground_truth,docker_multihost,4,3.7156,0.2302,0.0619
c2_multi_05__c2_6,1,1789395141.2641566,real,c2_multi_05,periodic_beacon,generator_ground_truth,docker_multihost,4,3.7156,0.2302,0.0619
c2_multi_05__c2_6,1,1789395141.4841566,real,c2_multi_05,periodic_beacon,generator_ground_truth,docker_multihost,4,3.7156,0.2302,0.0619
c2_multi_05__c2_6,1,1789395141.7041566,real,c2_multi_05,periodic_beacon,generator_ground_truth,docker_multihost,4,3.7156,0.2302,0.0619
c2_multi_05__c2_6,1,1789395141.9241567,real,c2_multi_05,periodic_beacon,generator_ground_truth,docker_multihost,4,3.7156,0.2302,0.0619
c2_multi_05__c2_6,1,1789395142.1441567,real,c2_multi_05,periodic_beacon,generator_ground_truth,docker_multihost,4,3.7156,0.2302,0.0619
c2_multi_05__c2_6,1,1789395142.3641567,real,c2_multi_05,periodic_beacon,generator_ground_truth,docker_multihost,4,3.7156,0.2302,0.0619
c2_multi_05__c2_6,1,1789395142.5841568,real,c2_multi_05,periodic_beacon,generator_ground_truth,docker_multihost,5,3.8993,0.3756,0.0963
c2_multi_05__c2_6,1,1789395142.8041568,real,c2_multi_05,periodic_beacon,generator_ground_truth,docker_multihost,5,3.8993,0.3756,0.0963
c2_multi_05__c2_6,1,1789395143.0241568,real,c2_multi_05,periodic_beacon,generator_ground_truth,docker_multihost,5,3.8993,0.3756,0.0963
c2_multi_05__c2_6,1,1789395143.2441568,real,c2_multi_05,periodic_beacon,generator_ground_truth,docker_multihost,5,3.8993,0.3756,0.0963
c2_multi_05__c2_6,1,1789395143.4641569,real,c2_multi_05,periodic_beacon,generator_ground_truth,docker_multihost,5,3.8993,0.3756,0.0963
c2_multi_05__c2_6,1,1789395143.684157,real,c2_multi_05,periodic_beacon,generator_ground_truth,docker_multihost,5,3.8993,0.3756,0.0963
c2_multi_05__c2_6,1,1789395143.904157,real,c2_multi_05,periodic_beacon,generator_ground_truth,docker_multihost,5,3.8993,0.3756,0.0963
c2_multi_05__c2_6,1,1789395144.124157,real,c2_multi_05,periodic_beacon,generator_ground_truth,docker_multihost,5,3.8993,0.3756,0.0963
c2_multi_05__c2_6,1,1789395144.344157,real,c2_multi_05,periodic_beacon,generator_ground_truth,docker_multihost,5,3.8993,0.3756,0.0963
c2_multi_05__c2_6,1,1789395144.564157,real,c2_multi_05,periodic_beacon,generator_ground_truth,docker_multihost,5,3.8993,0.3756,0.0963
c2_multi_05__c2_6,1,1789395144.784157,real,c2_multi_05,periodic_beacon,generator_ground_truth,docker_multihost,5,3.8993,0.3756,0.0963
c2_multi_05__c2_6,1,1789395145.004157,real,c2_multi_05,periodic_beacon,generator_ground_truth,docker_multihost,5,3.8993,0.3756,0.0963
c2_multi_05__c2_6,1,1789395145.224157,real,c2_multi_05,periodic_beacon,generator_ground_truth,docker_multihost,5,3.8993,0.3756,0.0963
c2_multi_05__c2_6,1,1789395145.4441571,real,c2_multi_05,periodic_beacon,generator_ground_truth,docker_multihost,5,3.8993,0.3756,0.0963
c2_multi_05__c2_6,1,1789395145.6641572,real,c2_multi_05,periodic_beacon,generator_ground_truth,docker_multihost,5,3.8993,0.3756,0.0963
c2_multi_05__c2_6,1,1789395145.8841572,real,c2_multi_05,periodic_beacon,generator_ground_truth,docker_multihost,5,3.8993,0.3756,0.0963
c2_multi_05__c2_6,1,1789395146.1041572,real,c2_multi_05,periodic_beacon,generator_ground_truth,docker_multihost,6,3.8207,0.3709,0.0971
c2_multi_05__c2_6,1,1789395146.3241572,real,c2_multi_05,periodic_beacon,generator_ground_truth,docker_multihost,6,3.8207,0.3709,0.0971
c2_multi_05__c2_6,1,1789395146.5441573,real,c2_multi_05,periodic_beacon,generator_ground_truth,docker_multihost,6,3.8207,0.3709,0.0971
c2_multi_05__c2_6,1,1789395146.7641573,real,c2_multi_05,periodic_beacon,generator_ground_truth,docker_multihost,6,3.8207,0.3709,0.0971
c2_multi_05__c2_6,1,1789395146.9841573,real,c2_multi_05,periodic_beacon,generator_ground_truth,docker_multihost,6,3.8207,0.3709,0.0971
c2_multi_05__c2_6,1,1789395147.2041574,real,c2_multi_05,periodic_beacon,generator_ground_truth,docker_multihost,6,3.8207,0.3709,0.0971
c2_multi_05__c2_6,1,1789395147.4241574,real,c2_multi_05,periodic_beacon,generator_ground_truth,docker_multihost,6,3.8207,0.3709,0.0971
c2_multi_05__c2_6,1,1789395147.6441574,real,c2_multi_05,periodic_beacon,generator_ground_truth,docker_multihost,6,3.8207,0.3709,0.0971
c2_multi_05__c2_6,1,1789395147.8641574,real,c2_multi_05,periodic_beacon,generator_ground_truth,docker_multihost,6,3.8207,0.3709,0.0971
c2_multi_05__c2_6,1,1789395148.0841575,real,c2_multi_05,periodic_beacon,generator_ground_truth,docker_multihost,6,3.8207,0.3709,0.0971
c2_multi_05__c2_6,1,1789395148.3041575,real,c2_multi_05,periodic_beacon,generator_ground_truth,docker_multihost,6,3.8207,0.3709,0.0971
c2_multi_05__c2_6,1,1789395148.5241575,real,c2_multi_05,periodic_beacon,generator_ground_truth,docker_multihost,6,3.8207,0.3709,0.0971
c2_multi_05__c2_6,1,1789395148.7441576,real,c2_multi_05,periodic_beacon,generator_ground_truth,docker_multihost,6,3.8207,0.3709,0.0971
c2_multi_05__c2_6,1,1789395148.9641576,real,c2_multi_05,periodic_beacon,generator_ground_truth,docker_multihost,6,3.8207,0.3709,0.0971
c2_multi_05__c2_6,1,1789395149.1841576,real,c2_multi_05,periodic_beacon,generator_ground_truth,docker_multihost,6,3.8207,0.3709,0.0971
c2_multi_05__c2_6,1,1789395149.4041576,real,c2_multi_05,periodic_beacon,generator_ground_truth,docker_multihost,7,3.7496,0.3741,0.0998
c2_multi_05__c2_6,1,1789395149.6241577,real,c2_multi_05,periodic_beacon,generator_ground_truth,docker_multihost,7,3.7496,0.3741,0.0998
c2_multi_05__c2_6,1,1789395149.8441577,real,c2_multi_05,periodic_beacon,generator_ground_truth,docker_multihost,7,3.7496,0.3741,0.0998
c2_multi_05__c2_6,1,1789395150.0641577,real,c2_multi_05,periodic_beacon,generator_ground_truth,docker_multihost,7,3.7496,0.3741,0.0998
c2_multi_05__c2_6,1,1789395150.2841578,real,c2_multi_05,periodic_beacon,generator_ground_truth,docker_multihost,7,3.7496,0.3741,0.0998
c2_multi_05__c2_6,1,1789395150.5041578,real,c2_multi_05,periodic_beacon,generator_ground_truth,docker_multihost,7,3.7496,0.3741,0.0998
c2_multi_05__c2_6,1,1789395150.7241578,real,c2_multi_05,periodic_beacon,generator_ground_truth,docker_multihost,7,3.7496,0.3741,0.0998
c2_multi_05__c2_6,1,1789395150.9441578,real,c2_multi_05,periodic_beacon,generator_ground_truth,docker_multihost,7,3.7496,0.3741,0.0998
c2_multi_05__c2_6,1,1789395151.1641579,real,c2_multi_05,periodic_beacon,generator_ground_truth,docker_multihost,7,3.7496,0.3741,0.0998
c2_multi_05__c2_6,1,1789395151.384158,real,c2_multi_05,periodic_beacon,generator_ground_truth,docker_multihost,7,3.7496,0.3741,0.0998
c2_multi_05__c2_6,1,1789395151.604158,real,c2_multi_05,periodic_beacon,generator_ground_truth,docker_multihost,7,3.7496,0.3741,0.0998
c2_multi_05__c2_6,1,1789395151.824158,real,c2_multi_05,periodic_beacon,generator_ground_truth,docker_multihost,7,3.7496,0.3741,0.0998
c2_multi_05__c2_6,1,1789395152.044158,real,c2_multi_05,periodic_beacon,generator_ground_truth,docker_multihost,7,3.7496,0.3741,0.0998
c2_multi_05__c2_6,1,1789395152.264158,real,c2_multi_05,periodic_beacon,generator_ground_truth,docker_multihost,7,3.7496,0.3741,0.0998
c2_multi_05__c2_6,1,1789395152.484158,real,c2_multi_05,periodic_beacon,generator_ground_truth,docker_multihost,7,3.7496,0.3741,0.0998
c2_multi_05__c2_6,1,1789395152.704158,real,c2_multi_05,periodic_beacon,generator_ground_truth,docker_multihost,7,3.7496,0.3741,0.0998
c2_multi_05__c2_6,1,1789395152.924158,real,c2_multi_05,periodic_beacon,generator_ground_truth,docker_multihost,7,3.7496,0.3741,0.0998
c2_multi_05__c2_6,1,1789395153.1441581,real,c2_multi_05,periodic_beacon,generator_ground_truth,docker_multihost,8,3.7518,0.3464,0.0923
c2_multi_05__c2_6,1,1789395153.3641582,real,c2_multi_05,periodic_beacon,generator_ground_truth,docker_multihost,8,3.7518,0.3464,0.0923
c2_multi_05__c2_6,1,1789395153.5841582,real,c2_multi_05,periodic_beacon,generator_ground_truth,docker_multihost,8,3.7518,0.3464,0.0923
c2_multi_05__c2_6,1,1789395153.8041582,real,c2_multi_05,periodic_beacon,generator_ground_truth,docker_multihost,8,3.7518,0.3464,0.0923
c2_multi_05__c2_6,1,1789395154.0241582,real,c2_multi_05,periodic_beacon,generator_ground_truth,docker_multihost,8,3.7518,0.3464,0.0923
c2_multi_05__c2_6,1,1789395154.2441583,real,c2_multi_05,periodic_beacon,generator_ground_truth,docker_multihost,8,3.7518,0.3464,0.0923
c2_multi_05__c2_6,1,1789395154.4641583,real,c2_multi_05,periodic_beacon,generator_ground_truth,docker_multihost,8,3.7518,0.3464,0.0923
c2_multi_05__c2_6,1,1789395154.6841583,real,c2_multi_05,periodic_beacon,generator_ground_truth,docker_multihost,8,3.7518,0.3464,0.0923
c2_multi_05__c2_6,1,1789395154.9041584,real,c2_multi_05,periodic_beacon,generator_ground_truth,docker_multihost,8,3.7518,0.3464,0.0923
c2_multi_05__c2_6,1,1789395155.1241584,real,c2_multi_05,periodic_beacon,generator_ground_truth,docker_multihost,8,3.7518,0.3464,0.0923
c2_multi_05__c2_6,1,1789395155.3441584,real,c2_multi_05,periodic_beacon,generator_ground_truth,docker_multihost,8,3.7518,0.3464,0.0923
c2_multi_05__c2_6,1,1789395155.5641584,real,c2_multi_05,periodic_beacon,generator_ground_truth,docker_multihost,8,3.7518,0.3464,0.0923
c2_multi_05__c2_6,1,1789395155.7841585,real,c2_multi_05,periodic_beacon,generator_ground_truth,docker_multihost,8,3.7518,0.3464,0.0923
c2_multi_05__c2_6,1,1789395156.0041585,real,c2_multi_05,periodic_beacon,generator_ground_truth,docker_multihost,8,3.7518,0.3464,0.0923
c2_multi_05__c2_6,1,1789395156.2241585,real,c2_multi_05,periodic_beacon,generator_ground_truth,docker_multihost,8,3.7518,0.3464,0.0923
c2_multi_05__c2_6,1,1789395156.4441586,real,c2_multi_05,periodic_beacon,generator_ground_truth,docker_multihost,8,3.7518,0.3464,0.0923
c2_multi_05__c2_6,1,1789395156.6641586,real,c2_multi_05,periodic_beacon,generator_ground_truth,docker_multihost,9,3.7223,0.3333,0.0895
c2_multi_05__c2_6,1,1789395156.8841586,real,c2_multi_05,periodic_beacon,generator_ground_truth,docker_multihost,9,3.7223,0.3333,0.0895
c2_multi_05__c2_6,1,1789395157.1041586,real,c2_multi_05,periodic_beacon,generator_ground_truth,docker_multihost,9,3.7223,0.3333,0.0895
c2_multi_05__c2_6,1,1789395157.3241587,real,c2_multi_05,periodic_beacon,generator_ground_truth,docker_multihost,9,3.7223,0.3333,0.0895
c2_multi_05__c2_6,1,1789395157.5441587,real,c2_multi_05,periodic_beacon,generator_ground_truth,docker_multihost,9,3.7223,0.3333,0.0895
c2_multi_05__c2_6,1,1789395157.7641587,real,c2_multi_05,periodic_beacon,generator_ground_truth,docker_multihost,9,3.7223,0.3333,0.0895
c2_multi_05__c2_6,1,1789395157.9841588,real,c2_multi_05,periodic_beacon,generator_ground_truth,docker_multihost,9,3.7223,0.3333,0.0895
c2_multi_05__c2_6,1,1789395158.2041588,real,c2_multi_05,periodic_beacon,generator_ground_truth,docker_multihost,9,3.7223,0.3333,0.0895
c2_multi_05__c2_6,1,1789395158.4241588,real,c2_multi_05,periodic_beacon,generator_ground_truth,docker_multihost,9,3.7223,0.3333,0.0895
c2_multi_05__c2_6,1,1789395158.6441588,real,c2_multi_05,periodic_beacon,generator_ground_truth,docker_multihost,9,3.7223,0.3333,0.0895
c2_multi_05__c2_6,1,1789395158.8641589,real,c2_multi_05,periodic_beacon,generator_ground_truth,docker_multihost,9,3.7223,0.3333,0.0895
c2_multi_05__c2_6,1,1789395159.084159,real,c2_multi_05,periodic_beacon,generator_ground_truth,docker_multihost,9,3.7223,0.3333,0.0895
c2_multi_05__c2_6,1,1789395159.304159,real,c2_multi_05,periodic_beacon,generator_ground_truth,docker_multihost,9,3.7223,0.3333,0.0895
c2_multi_05__c2_6,1,1789395159.524159,real,c2_multi_05,periodic_beacon,generator_ground_truth,docker_multihost,9,3.7223,0.3333,0.0895
c2_multi_05__c2_6,1,1789395159.744159,real,c2_multi_05,periodic_beacon,generator_ground_truth,docker_multihost,9,3.7223,0.3333,0.0895
c2_multi_05__c2_6,1,1789395159.964159,real,c2_multi_05,periodic_beacon,generator_ground_truth,docker_multihost,9,3.7223,0.3333,0.0895
c2_multi_05__c2_6,1,1789395160.184159,real,c2_multi_05,periodic_beacon,generator_ground_truth,docker_multihost,9,3.7223,0.3333,0.0895
c2_multi_05__c2_6,1,1789395160.404159,real,c2_multi_05,periodic_beacon,generator_ground_truth,docker_multihost,10,3.7191,0.3144,0.0845
c2_multi_05__c2_6,1,1789395160.624159,real,c2_multi_05,periodic_beacon,generator_ground_truth,docker_multihost,10,3.7191,0.3144,0.0845
c2_multi_05__c2_6,1,1789395160.8441591,real,c2_multi_05,periodic_beacon,generator_ground_truth,docker_multihost,10,3.7191,0.3144,0.0845
c2_multi_05__c2_6,1,1789395161.0641592,real,c2_multi_05,periodic_beacon,generator_ground_truth,docker_multihost,10,3.7191,0.3144,0.0845
c2_multi_05__c2_6,1,1789395161.2841592,real,c2_multi_05,periodic_beacon,generator_ground_truth,docker_multihost,10,3.7191,0.3144,0.0845
c2_multi_05__c2_6,1,1789395161.5041592,real,c2_multi_05,periodic_beacon,generator_ground_truth,docker_multihost,10,3.7191,0.3144,0.0845
c2_multi_05__c2_6,1,1789395161.7241592,real,c2_multi_05,periodic_beacon,generator_ground_truth,docker_multihost,10,3.7191,0.3144,0.0845
c2_multi_05__c2_6,1,1789395161.9441593,real,c2_multi_05,periodic_beacon,generator_ground_truth,docker_multihost,10,3.7191,0.3144,0.0845
c2_multi_05__c2_6,1,1789395162.1641593,real,c2_multi_05,periodic_beacon,generator_ground_truth,docker_multihost,10,3.7191,0.3144,0.0845
c2_multi_05__c2_6,1,1789395162.3841593,real,c2_multi_05,periodic_beacon,generator_ground_truth,docker_multihost,10,3.7191,0.3144,0.0845
c2_multi_05__c2_6,1,1789395162.6041594,real,c2_multi_05,periodic_beacon,generator_ground_truth,docker_multihost,10,3.7191,0.3144,0.0845
c2_multi_05__c2_6,1,1789395162.8241594,real,c2_multi_05,periodic_beacon,generator_ground_truth,docker_multihost,10,3.7191,0.3144,0.0845
c2_multi_05__c2_6,1,1789395163.0441594,real,c2_multi_05,periodic_beacon,generator_ground_truth,docker_multihost,10,3.7191,0.3144,0.0845
c2_multi_05__c2_6,1,1789395163.2641594,real,c2_multi_05,periodic_beacon,generator_ground_truth,docker_multihost,10,3.7191,0.3144,0.0845
c2_multi_05__c2_6,1,1789395163.4841595,real,c2_multi_05,periodic_beacon,generator_ground_truth,docker_multihost,10,3.7191,0.3144,0.0845
c2_multi_05__c2_6,1,1789395163.7041595,real,c2_multi_05,periodic_beacon,generator_ground_truth,docker_multihost,10,3.7191,0.3144,0.0845
c2_multi_05__c2_6,1,1789395163.9241595,real,c2_multi_05,periodic_beacon,generator_ground_truth,docker_multihost,10,3.7191,0.3144,0.0845
c2_multi_05__c2_6,1,1789395164.1441596,real,c2_multi_05,periodic_beacon,generator_ground_truth,docker_multihost,10,3.7191,0.3144,0.0845
c2_multi_05__c2_6,1,1789395164.3641596,real,c2_multi_05,periodic_beacon,generator_ground_truth,docker_multihost,11,3.7513,0.3135,0.0836
c2_multi_05__c2_6,1,1789395164.5841596,real,c2_multi_05,periodic_beacon,generator_ground_truth,docker_multihost,11,3.7513,0.3135,0.0836
c2_multi_05__c2_6,1,1789395164.8041596,real,c2_multi_05,periodic_beacon,generator_ground_truth,docker_multihost,11,3.7513,0.3135,0.0836
c2_multi_05__c2_6,1,1789395165.0241597,real,c2_multi_05,periodic_beacon,generator_ground_truth,docker_multihost,11,3.7513,0.3135,0.0836
c2_multi_05__c2_6,1,1789395165.2441597,real,c2_multi_05,periodic_beacon,generator_ground_truth,docker_multihost,11,3.7513,0.3135,0.0836
c2_multi_05__c2_6,1,1789395165.4641597,real,c2_multi_05,periodic_beacon,generator_ground_truth,docker_multihost,11,3.7513,0.3135,0.0836
c2_multi_05__c2_6,1,1789395165.6841598,real,c2_multi_05,periodic_beacon,generator_ground_truth,docker_multihost,11,3.7513,0.3135,0.0836
c2_multi_05__c2_6,1,1789395165.9041598,real,c2_multi_05,periodic_beacon,generator_ground_truth,docker_multihost,11,3.7513,0.3135,0.0836
c2_multi_05__c2_6,1,1789395166.1241598,real,c2_multi_05,periodic_beacon,generator_ground_truth,docker_multihost,11,3.7513,0.3135,0.0836
c2_multi_05__c2_6,1,1789395166.3441598,real,c2_multi_05,periodic_beacon,generator_ground_truth,docker_multihost,11,3.7513,0.3135,0.0836
c2_multi_05__c2_6,1,1789395166.5641599,real,c2_multi_05,periodic_beacon,generator_ground_truth,docker_multihost,11,3.7513,0.3135,0.0836
c2_multi_05__c2_6,1,1789395166.78416,real,c2_multi_05,periodic_beacon,generator_ground_truth,docker_multihost,11,3.7513,0.3135,0.0836
c2_multi_05__c2_6,1,1789395167.00416,real,c2_multi_05,periodic_beacon,generator_ground_truth,docker_multihost,11,3.7513,0.3135,0.0836
c2_multi_05__c2_6,1,1789395167.22416,real,c2_multi_05,periodic_beacon,generator_ground_truth,docker_multihost,11,3.7513,0.3135,0.0836
c2_multi_05__c2_6,1,1789395167.44416,real,c2_multi_05,periodic_beacon,generator_ground_truth,docker_multihost,11,3.7513,0.3135,0.0836
c2_multi_05__c2_6,1,1789395167.66416,real,c2_multi_05,periodic_beacon,generator_ground_truth,docker_multihost,11,3.7513,0.3135,0.0836
c2_multi_05__c2_6,1,1789395167.88416,real,c2_multi_05,periodic_beacon,generator_ground_truth,docker_multihost,11,3.7513,0.3135,0.0836
c2_multi_05__c2_6,1,1789395168.10416,real,c2_multi_05,periodic_beacon,generator_ground_truth,docker_multihost,12,3.7443,0.2997,0.08
c2_multi_05__c2_6,1,1789395168.32416,real,c2_multi_05,periodic_beacon,generator_ground_truth,docker_multihost,12,3.7443,0.2997,0.08
c2_multi_05__c2_6,1,1789395168.5441601,real,c2_multi_05,periodic_beacon,generator_ground_truth,docker_multihost,12,3.7443,0.2997,0.08
c2_multi_05__c2_6,1,1789395168.7641602,real,c2_multi_05,periodic_beacon,generator_ground_truth,docker_multihost,12,3.7443,0.2997,0.08
c2_multi_05__c2_6,1,1789395168.9841602,real,c2_multi_05,periodic_beacon,generator_ground_truth,docker_multihost,12,3.7443,0.2997,0.08
c2_multi_05__c2_6,1,1789395169.2041602,real,c2_multi_05,periodic_beacon,generator_ground_truth,docker_multihost,12,3.7443,0.2997,0.08
c2_multi_05__c2_6,1,1789395169.4241602,real,c2_multi_05,periodic_beacon,generator_ground_truth,docker_multihost,12,3.7443,0.2997,0.08
c2_multi_05__c2_6,1,1789395169.6441603,real,c2_multi_05,periodic_beacon,generator_ground_truth,docker_multihost,12,3.7443,0.2997,0.08
c2_multi_05__c2_6,1,1789395169.8641603,real,c2_multi_05,periodic_beacon,generator_ground_truth,docker_multihost,12,3.7443,0.2997,0.08
c2_multi_05__c2_6,1,1789395170.0841603,real,c2_multi_05,periodic_beacon,generator_ground_truth,docker_multihost,12,3.7443,0.2997,0.08
c2_multi_05__c2_6,1,1789395170.3041604,real,c2_multi_05,periodic_beacon,generator_ground_truth,docker_multihost,12,3.7443,0.2997,0.08
c2_multi_05__c2_6,1,1789395170.5241604,real,c2_multi_05,periodic_beacon,generator_ground_truth,docker_multihost,12,3.7443,0.2997,0.08
c2_multi_05__c2_6,1,1789395170.7441604,real,c2_multi_05,periodic_beacon,generator_ground_truth,docker_multihost,12,3.7443,0.2997,0.08
c2_multi_05__c2_6,1,1789395170.9641604,real,c2_multi_05,periodic_beacon,generator_ground_truth,docker_multihost,12,3.7443,0.2997,0.08
c2_multi_05__c2_6,1,1789395171.1841605,real,c2_multi_05,periodic_beacon,generator_ground_truth,docker_multihost,12,3.7443,0.2997,0.08
