label,group,source,scenario_id,attack_subtype,label_method,environment,orig_bytes,resp_bytes,byte_ratio,duration,orig_pkts,resp_pkts,bytes_per_sec,is_icmp,to_dns,to_common_port
0,mh_exfil_multi_03_benign_0,real,exfil_multi_03,,generator_ground_truth,docker_multihost,79.0,1140.0,0.06929824561403508,0.0011599063873291016,7,6,68108.94470709148,0,0,0
0,mh_exfil_multi_03_benign_1,real,exfil_multi_03,,generator_ground_truth,docker_multihost,79.0,1554.0,0.05083655083655084,0.0015950202941894531,6,6,49529.15037369208,0,0,0
0,mh_exfil_multi_03_benign_2,real,exfil_multi_03,,generator_ground_truth,docker_multihost,79.0,330.0,0.23939393939393938,0.002084016799926758,6,6,37907.56389429127,0,0,0
0,mh_exfil_multi_03_benign_3,real,exfil_multi_03,,generator_ground_truth,docker_multihost,79.0,564.0,0.1400709219858156,0.005405902862548828,7,5,14613.655111581547,0,0,0
0,mh_exfil_multi_03_benign_4,real,exfil_multi_03,,generator_ground_truth,docker_multihost,79.0,464.0,0.17025862068965517,0.005645036697387695,7,5,13994.594585462686,0,0,0
0,mh_exfil_multi_03_benign_5,real,exfil_multi_03,,generator_ground_truth,docker_multihost,79.0,1698.0,0.04652532391048292,0.0055999755859375,7,5,14107.204359673024,0,0,0
0,mh_exfil_multi_03_benign_6,real,exfil_multi_03,,generator_ground_truth,docker_multihost,79.0,1609.0,0.049098819142324425,0.003531932830810547,7,5,22367.35628459565,0,0,0
0,mh_exfil_multi_03_benign_7,real,exfil_multi_03,,generator_ground_truth,docker_multihost,79.0,791.0,0.09987357774968394,0.0039730072021484375,7,5,19884.18242918867,0,0,0
0,mh_exfil_multi_03_benign_8,real,exfil_multi_03,,generator_ground_truth,docker_multihost,79.0,790.0,0.1,0.001241922378540039,7,6,63611.0608562104,0,0,0
0,mh_exfil_multi_03_benign_9,real,exfil_multi_03,,generator_ground_truth,docker_multihost,79.0,870.0,0.09080459770114943,0.004255056381225586,6,6,18566.146467193365,0,0,0
0,mh_exfil_multi_03_benign_10,real,exfil_multi_03,,generator_ground_truth,docker_multihost,79.0,1354.0,0.058345642540620385,0.0013260841369628906,6,6,59573.897159295215,0,0,0
0,mh_exfil_multi_03_benign_11,real,exfil_multi_03,,generator_ground_truth,docker_multihost,79.0,985.0,0.08020304568527918,0.0023899078369140625,6,6,33055.667996807664,0,0,0
0,mh_exfil_multi_03_benign_12,real,exfil_multi_03,,generator_ground_truth,docker_multihost,79.0,776.0,0.1018041237113402,0.0016918182373046875,6,6,46695.32356257046,0,0,0
0,mh_exfil_multi_03_benign_13,real,exfil_multi_03,,generator_ground_truth,docker_multihost,79.0,1919.0,0.04116727462219906,0.002711772918701172,6,6,29132.232811675753,0,0,0
0,mh_exfil_multi_03_benign_14,real,exfil_multi_03,,generator_ground_truth,docker_multihost,79.0,1820.0,0.043406593406593405,0.0008740425109863281,7,6,90384.61974904528,0,0,0
0,mh_exfil_multi_03_benign_15,real,exfil_multi_03,,generator_ground_truth,docker_multihost,79.0,1125.0,0.07022222222222223,0.0016291141510009766,6,6,48492.61173715791,0,0,0
0,mh_exfil_multi_03_benign_16,real,exfil_multi_03,,generator_ground_truth,docker_multihost,79.0,712.0,0.11095505617977527,0.0025959014892578125,7,5,30432.587803085968,0,0,0
0,mh_exfil_multi_03_benign_17,real,exfil_multi_03,,generator_ground_truth,docker_multihost,79.0,1678.0,0.04707985697258641,0.0017209053039550781,7,5,45906.07037960654,0,0,0
0,mh_exfil_multi_03_benign_18,real,exfil_multi_03,,generator_ground_truth,docker_multihost,79.0,725.0,0.10896551724137932,0.0015251636505126953,6,6,51797.720181335004,0,0,0
0,mh_exfil_multi_03_benign_19,real,exfil_multi_03,,generator_ground_truth,docker_multihost,79.0,1951.0,0.040492055356227574,0.0006589889526367188,6,6,119880.61360347323,0,0,0
0,mh_exfil_multi_03_benign_20,real,exfil_multi_03,,generator_ground_truth,docker_multihost,79.0,514.0,0.15369649805447472,0.0006299018859863281,6,6,125416.35730507191,0,0,0
0,mh_exfil_multi_03_benign_21,real,exfil_multi_03,,generator_ground_truth,docker_multihost,79.0,1030.0,0.0766990291262136,0.0007479190826416016,6,6,105626.39974497928,0,0,0
0,mh_exfil_multi_03_benign_22,real,exfil_multi_03,,generator_ground_truth,docker_multihost,79.0,1974.0,0.04002026342451875,0.0017170906066894531,6,6,46008.055540127745,0,0,0
0,mh_exfil_multi_03_benign_23,real,exfil_multi_03,,generator_ground_truth,docker_multihost,79.0,1524.0,0.05183727034120735,0.0014140605926513672,6,6,55867.478671387624,0,0,0
0,mh_exfil_multi_03_benign_24,real,exfil_multi_03,,generator_ground_truth,docker_multihost,79.0,359.0,0.2200557103064067,0.0014221668243408203,6,6,55549.03872590109,0,0,0
0,mh_exfil_multi_03_benign_25,real,exfil_multi_03,,generator_ground_truth,docker_multihost,79.0,529.0,0.14933837429111532,0.006136894226074219,7,5,12872.960994560995,0,0,0
0,mh_exfil_multi_03_benign_26,real,exfil_multi_03,,generator_ground_truth,docker_multihost,79.0,810.0,0.09753086419753086,0.0034759044647216797,6,6,22727.897386652035,0,0,0
0,mh_exfil_multi_03_benign_27,real,exfil_multi_03,,generator_ground_truth,docker_multihost,79.0,1804.0,0.04379157427937916,0.003231048583984375,6,6,24450.266824085007,0,0,0
0,mh_exfil_multi_03_benign_28,real,exfil_multi_03,,generator_ground_truth,docker_multihost,79.0,913.0,0.08652792990142388,0.007297039031982422,6,6,10826.30908972097,0,0,0
0,mh_exfil_multi_03_benign_29,real,exfil_multi_03,,generator_ground_truth,docker_multihost,79.0,855.0,0.09239766081871345,0.006430864334106445,6,6,12284.507322136951,0,0,0
0,mh_exfil_multi_03_benign_30,real,exfil_multi_03,,generator_ground_truth,docker_multihost,79.0,2104.0,0.03754752851711027,0.005414009094238281,7,5,14591.774528800423,0,0,0
0,mh_exfil_multi_03_benign_31,real,exfil_multi_03,,generator_ground_truth,docker_multihost,79.0,1535.0,0.051465798045602605,0.005543231964111328,6,6,14251.613591397849,0,0,0
0,mh_exfil_multi_03_benign_32,real,exfil_multi_03,,generator_ground_truth,docker_multihost,79.0,2070.0,0.03816425120772947,0.008648872375488281,7,5,9134.138714301467,0,0,0
0,mh_exfil_multi_03_benign_33,real,exfil_multi_03,,generator_ground_truth,docker_multihost,79.0,695.0,0.11366906474820145,0.0047512054443359375,7,5,16627.359293456444,0,0,0
0,mh_exfil_multi_03_benign_34,real,exfil_multi_03,,generator_ground_truth,docker_multihost,79.0,1887.0,0.041865394806571275,0.0025839805603027344,6,6,30572.985421664514,0,0,0
0,mh_exfil_multi_03_benign_35,real,exfil_multi_03,,generator_ground_truth,docker_multihost,79.0,1258.0,0.06279809220985691,0.006799936294555664,7,5,11617.75589916202,0,0,0
0,mh_exfil_multi_03_benign_36,real,exfil_multi_03,,generator_ground_truth,docker_multihost,79.0,336.0,0.23511904761904762,0.003985881805419922,7,5,19819.955497069026,0,0,0
0,mh_exfil_multi_03_benign_37,real,exfil_multi_03,,generator_ground_truth,docker_multihost,79.0,1859.0,0.04249596557288865,0.004505157470703125,7,5,17535.458086367486,0,0,0
0,mh_exfil_multi_03_benign_38,real,exfil_multi_03,,generator_ground_truth,docker_multihost,79.0,1181.0,0.06689246401354784,0.003721952438354492,6,6,21225.418999423484,0,0,0
0,mh_exfil_multi_03_benign_39,real,exfil_multi_03,,generator_ground_truth,docker_multihost,79.0,1788.0,0.0441834451901566,0.0024080276489257812,6,6,32806.93227722772,0,0,0
0,mh_exfil_multi_03_benign_40,real,exfil_multi_03,,generator_ground_truth,docker_multihost,79.0,1260.0,0.0626984126984127,0.003049135208129883,6,6,25908.985534443662,0,0,0
0,mh_exfil_multi_03_benign_41,real,exfil_multi_03,,generator_ground_truth,docker_multihost,79.0,962.0,0.08212058212058213,0.0011820793151855469,7,5,66831.38684953611,0,0,0
0,mh_exfil_multi_03_benign_42,real,exfil_multi_03,,generator_ground_truth,docker_multihost,79.0,398.0,0.1984924623115578,0.0012221336364746094,7,6,64641.048770971516,0,0,0
0,mh_exfil_multi_03_benign_43,real,exfil_multi_03,,generator_ground_truth,docker_multihost,79.0,985.0,0.08020304568527918,0.0006508827209472656,6,6,121373.63223443224,0,0,0
0,mh_exfil_multi_03_benign_44,real,exfil_multi_03,,generator_ground_truth,docker_multihost,79.0,775.0,0.10193548387096774,0.0015158653259277344,6,6,52115.44762503932,0,0,0
0,mh_exfil_multi_03_benign_45,real,exfil_multi_03,,generator_ground_truth,docker_multihost,79.0,1551.0,0.050934880722114766,0.0013689994812011719,7,5,57706.376872169974,0,0,0
0,mh_exfil_multi_03_benign_46,real,exfil_multi_03,,generator_ground_truth,docker_multihost,79.0,1585.0,0.049842271293375394,0.001889944076538086,7,5,41800.178629998736,0,0,0
0,mh_exfil_multi_03_benign_47,real,exfil_multi_03,,generator_ground_truth,docker_multihost,79.0,1268.0,0.062302839116719244,0.0027070045471191406,7,5,29183.549057600845,0,0,0
0,mh_exfil_multi_03_benign_48,real,exfil_multi_03,,generator_ground_truth,docker_multihost,79.0,492.0,0.16056910569105692,0.005794048309326172,7,5,13634.680931610566,0,0,0
0,mh_exfil_multi_03_benign_49,real,exfil_multi_03,,generator_ground_truth,docker_multihost,79.0,863.0,0.09154113557358054,0.0036940574645996094,7,5,21385.69872208597,0,0,0
0,mh_exfil_multi_03_benign_50,real,exfil_multi_03,,generator_ground_truth,docker_multihost,79.0,376.0,0.21010638297872342,0.002042055130004883,6,6,38686.51675423234,0,0,0
0,mh_exfil_multi_03_benign_51,real,exfil_multi_03,,generator_ground_truth,docker_multihost,79.0,1587.0,0.04977945809703844,0.003459930419921875,6,6,22832.829106945977,0,0,0
0,mh_exfil_multi_03_benign_52,real,exfil_multi_03,,generator_ground_truth,docker_multihost,79.0,1106.0,0.07142857142857142,0.0027840137481689453,6,6,28376.29665153721,0,0,0
0,mh_exfil_multi_03_benign_53,real,exfil_multi_03,,generator_ground_truth,docker_multihost,79.0,475.0,0.16631578947368422,0.0019478797912597656,6,6,40556.91750305997,0,0,0
0,mh_exfil_multi_03_benign_54,real,exfil_multi_03,,generator_ground_truth,docker_multihost,79.0,1800.0,0.04388888888888889,0.0007789134979248047,6,6,101423.32904805632,0,0,0
0,mh_exfil_multi_03_benign_55,real,exfil_multi_03,,generator_ground_truth,docker_multihost,79.0,1221.0,0.0647010647010647,0.0008730888366699219,6,6,90483.34680502457,0,0,0
0,mh_exfil_multi_03_benign_56,real,exfil_multi_03,,generator_ground_truth,docker_multihost,79.0,1329.0,0.059443190368698266,0.001062154769897461,6,6,74377.10796857464,0,0,0
0,mh_exfil_multi_03_benign_57,real,exfil_multi_03,,generator_ground_truth,docker_multihost,79.0,1594.0,0.04956085319949812,0.0009639263153076172,7,6,81956.47192678704,0,0,0
0,mh_exfil_multi_03_benign_58,real,exfil_multi_03,,generator_ground_truth,docker_multihost,79.0,737.0,0.10719131614654002,0.0014979839324951172,6,6,52737.548304949865,0,0,0
0,mh_exfil_multi_03_benign_59,real,exfil_multi_03,,generator_ground_truth,docker_multihost,79.0,1043.0,0.07574304889741132,0.0023839473724365234,6,6,33138.31543154315,0,0,0
0,mh_exfil_multi_03_benign_60,real,exfil_multi_03,,generator_ground_truth,docker_multihost,79.0,685.0,0.11532846715328467,0.0029449462890625,6,6,26825.61658031088,0,0,0
0,mh_exfil_multi_03_benign_61,real,exfil_multi_03,,generator_ground_truth,docker_multihost,79.0,1241.0,0.06365834004834811,0.0016849040985107422,6,6,46886.941559360406,0,0,0
0,mh_exfil_multi_03_benign_62,real,exfil_multi_03,,generator_ground_truth,docker_multihost,79.0,1182.0,0.06683587140439932,0.0012421607971191406,6,6,63598.85143953935,0,0,0
0,mh_exfil_multi_03_benign_63,real,exfil_multi_03,,generator_ground_truth,docker_multihost,79.0,709.0,0.11142454160789844,0.0015251636505126953,6,6,51797.720181335004,0,0,0
0,mh_exfil_multi_03_benign_64,real,exfil_multi_03,,generator_ground_truth,docker_multihost,79.0,1786.0,0.044232922732362824,0.0018270015716552734,7,5,43240.24742268041,0,0,0
0,mh_exfil_multi_03_benign_65,real,exfil_multi_03,,generator_ground_truth,docker_multihost,79.0,455.0,0.17362637362637362,0.0018620491027832031,7,5,42426.37848911652,0,0,0
0,mh_exfil_multi_03_benign_66,real,exfil_multi_03,,generator_ground_truth,docker_multihost,79.0,2102.0,0.03758325404376784,0.0014579296112060547,6,6,54186.429435813574,0,0,0
0,mh_exfil_multi_03_benign_67,real,exfil_multi_03,,generator_ground_truth,docker_multihost,79.0,2003.0,0.03944083874188717,0.0013611316680908203,6,6,58039.93974426344,0,0,0
0,mh_exfil_multi_03_benign_68,real,exfil_multi_03,,generator_ground_truth,docker_multihost,79.0,1793.0,0.044060234244283326,0.002974987030029297,7,5,26554.737618208048,0,0,0
0,mh_exfil_multi_03_benign_69,real,exfil_multi_03,,generator_ground_truth,docker_multihost,79.0,1487.0,0.0531271015467384,0.0006918907165527344,6,6,114179.88146106133,0,0,0
0,mh_exfil_multi_03_benign_70,real,exfil_multi_03,,generator_ground_truth,docker_multihost,79.0,1685.0,0.04688427299703264,0.0019190311431884766,7,6,41166.60653497329,0,0,0
0,mh_exfil_multi_03_benign_71,real,exfil_multi_03,,generator_ground_truth,docker_multihost,79.0,1179.0,0.06700593723494487,0.0019481182098388672,6,6,40551.953983600535,0,0,0
0,mh_exfil_multi_03_benign_72,real,exfil_multi_03,,generator_ground_truth,docker_multihost,79.0,1166.0,0.06775300171526587,0.003671884536743164,6,6,21514.837737809234,0,0,0
0,mh_exfil_multi_03_benign_73,real,exfil_multi_03,,generator_ground_truth,docker_multihost,79.0,912.0,0.08662280701754387,0.002337932586669922,6,6,33790.538037935956,0,0,0
0,mh_exfil_multi_03_benign_74,real,exfil_multi_03,,generator_ground_truth,docker_multihost,79.0,1008.0,0.07837301587301587,0.0013689994812011719,6,6,57706.376872169974,0,0,0
0,mh_exfil_multi_03_benign_75,real,exfil_multi_03,,generator_ground_truth,docker_multihost,79.0,1288.0,0.06133540372670807,0.001363992691040039,7,5,57918.19891627338,0,0,0
0,mh_exfil_multi_03_benign_76,real,exfil_multi_03,,generator_ground_truth,docker_multihost,79.0,369.0,0.2140921409214092,0.001961946487426758,7,5,40266.13391663629,0,0,0
0,mh_exfil_multi_03_benign_77,real,exfil_multi_03,,generator_ground_truth,docker_multihost,79.0,1262.0,0.06259904912836767,0.001550912857055664,6,6,50937.742659492695,0,0,0
0,mh_exfil_multi_03_benign_78,real,exfil_multi_03,,generator_ground_truth,docker_multihost,79.0,1693.0,0.04666272888363851,0.002032041549682617,7,5,38877.15780828347,0,0,0
0,mh_exfil_multi_03_benign_79,real,exfil_multi_03,,generator_ground_truth,docker_multihost,79.0,1070.0,0.07383177570093458,0.0010302066802978516,6,6,76683.641749595,0,0,0
0,mh_exfil_multi_03_benign_80,real,exfil_multi_03,,generator_ground_truth,docker_multihost,79.0,1332.0,0.05930930930930931,0.0013170242309570312,6,6,59983.710354815354,0,0,0
0,mh_exfil_multi_03_benign_81,real,exfil_multi_03,,generator_ground_truth,docker_multihost,79.0,2015.0,0.039205955334987594,0.0021810531616210938,7,6,36221.03366856143,0,0,0
0,mh_exfil_multi_03_benign_82,real,exfil_multi_03,,generator_ground_truth,docker_multihost,79.0,1199.0,0.0658882402001668,0.0009999275207519531,6,6,79005.72627563185,0,0,0
0,mh_exfil_multi_03_benign_83,real,exfil_multi_03,,generator_ground_truth,docker_multihost,79.0,1150.0,0.06869565217391305,0.0018148422241210938,6,6,43529.95480819758,0,0,0
0,mh_exfil_multi_03_benign_84,real,exfil_multi_03,,generator_ground_truth,docker_multihost,79.0,1594.0,0.04956085319949812,0.002695798873901367,7,6,29304.856814362785,0,0,0
0,mh_exfil_multi_03_benign_85,real,exfil_multi_03,,generator_ground_truth,docker_multihost,79.0,661.0,0.11951588502269289,0.0027129650115966797,7,5,29119.431936022498,0,0,0
0,mh_exfil_multi_03_benign_86,real,exfil_multi_03,,generator_ground_truth,docker_multihost,79.0,1955.0,0.04040920716112532,0.004370927810668945,7,5,18073.965853924616,0,0,0
0,mh_exfil_multi_03_benign_87,real,exfil_multi_03,,generator_ground_truth,docker_multihost,79.0,1147.0,0.06887532693984307,0.0037949085235595703,6,6,20817.366086574104,0,0,0
0,mh_exfil_multi_03_benign_88,real,exfil_multi_03,,generator_ground_truth,docker_multihost,79.0,2098.0,0.03765490943755958,0.001508951187133789,6,6,52354.24490440828,0,0,0
0,mh_exfil_multi_03_benign_89,real,exfil_multi_03,,generator_ground_truth,docker_multihost,79.0,459.0,0.1721132897603486,0.002635955810546875,6,6,29970.15340086831,0,0,0
0,mh_exfil_multi_03_benign_90,real,exfil_multi_03,,generator_ground_truth,docker_multihost,79.0,380.0,0.20789473684210527,0.005001068115234375,7,5,15796.625476735317,0,0,0
0,mh_exfil_multi_03_benign_91,real,exfil_multi_03,,generator_ground_truth,docker_multihost,79.0,351.0,0.22507122507122507,0.0014801025390625,7,5,53374.68041237113,0,0,0
0,mh_exfil_multi_03_benign_92,real,exfil_multi_03,,generator_ground_truth,docker_multihost,79.0,827.0,0.09552599758162031,0.002357959747314453,6,6,33503.540546006065,0,0,0
0,mh_exfil_multi_03_benign_93,real,exfil_multi_03,,generator_ground_truth,docker_multihost,79.0,422.0,0.1872037914691943,0.0020101070404052734,7,6,39301.38963349543,0,0,0
0,mh_exfil_multi_03_benign_94,real,exfil_multi_03,,generator_ground_truth,docker_multihost,79.0,1396.0,0.05659025787965616,0.002215862274169922,6,6,35652.03529158597,0,0,0
0,mh_exfil_multi_03_benign_95,real,exfil_multi_03,,generator_ground_truth,docker_multihost,79.0,2013.0,0.039244908097367116,0.0020198822021484375,6,6,39111.191690273845,0,0,0
0,mh_exfil_multi_03_benign_96,real,exfil_multi_03,,generator_ground_truth,docker_multihost,79.0,629.0,0.12559618441971382,0.0032401084899902344,7,5,24381.899632082415,0,0,0
0,mh_exfil_multi_03_benign_97,real,exfil_multi_03,,generator_ground_truth,docker_multihost,79.0,879.0,0.08987485779294653,0.0018200874328613281,6,6,43404.50825255436,0,0,0
0,mh_exfil_multi_03_benign_98,real,exfil_multi_03,,generator_ground_truth,docker_multihost,79.0,454.0,0.17400881057268722,0.0019130706787109375,6,6,41294.86739780658,0,0,0
0,mh_exfil_multi_03_benign_99,real,exfil_multi_03,,generator_ground_truth,docker_multihost,79.0,518.0,0.1525096525096525,0.002012014389038086,7,6,39264.13271714658,0,0,0
0,mh_exfil_multi_03_benign_100,real,exfil_multi_03,,generator_ground_truth,docker_multihost,79.0,587.0,0.13458262350936967,0.003371000289916992,6,6,23435.18042294363,0,0,0
0,mh_exfil_multi_03_benign_101,real,exfil_multi_03,,generator_ground_truth,docker_multihost,79.0,1657.0,0.04767652383826192,0.0019080638885498047,6,6,41403.22579032863,0,0,0
0,mh_exfil_multi_03_benign_102,real,exfil_multi_03,,generator_ground_truth,docker_multihost,79.0,1817.0,0.043478260869565216,0.0024127960205078125,6,6,32742.096442687747,0,0,0
0,mh_exfil_multi_03_benign_103,real,exfil_multi_03,,generator_ground_truth,docker_multihost,79.0,1948.0,0.04055441478439425,0.004701852798461914,7,5,16801.88712539932,0,0,0
0,mh_exfil_multi_03_benign_104,real,exfil_multi_03,,generator_ground_truth,docker_multihost,79.0,491.0,0.16089613034623218,0.004147052764892578,6,6,19049.6732206508,0,0,0
0,mh_exfil_multi_03_benign_105,real,exfil_multi_03,,generator_ground_truth,docker_multihost,79.0,322.0,0.2453416149068323,0.0011630058288574219,7,6,67927.43255432554,0,0,0
0,mh_exfil_multi_03_benign_106,real,exfil_multi_03,,generator_ground_truth,docker_multihost,79.0,389.0,0.20308483290488433,0.0018470287322998047,6,6,42771.39744417194,0,0,0
0,mh_exfil_multi_03_benign_107,real,exfil_multi_03,,generator_ground_truth,docker_multihost,79.0,1809.0,0.04367053620784964,0.0017440319061279297,6,6,45297.33643198906,0,0,0
0,mh_exfil_multi_03_benign_108,real,exfil_multi_03,,generator_ground_truth,docker_multihost,79.0,842.0,0.09382422802850356,0.0012171268463134766,6,6,64906.95710088149,0,0,0
0,mh_exfil_multi_03_benign_109,real,exfil_multi_03,,generator_ground_truth,docker_multihost,79.0,1046.0,0.07552581261950286,0.005815982818603516,7,5,13583.258834139542,0,0,0
0,mh_exfil_multi_03_benign_110,real,exfil_multi_03,,generator_ground_truth,docker_multihost,79.0,1475.0,0.05355932203389831,0.00600886344909668,6,6,13147.245010514622,0,0,0
0,mh_exfil_multi_03_benign_111,real,exfil_multi_03,,generator_ground_truth,docker_multihost,79.0,1577.0,0.05009511731135067,0.0049839019775390625,6,6,15851.034060466896,0,0,0
0,mh_exfil_multi_03_benign_112,real,exfil_multi_03,,generator_ground_truth,docker_multihost,79.0,342.0,0.2309941520467836,0.006548881530761719,6,6,12063.128585990971,0,0,0
0,mh_exfil_multi_03_benign_113,real,exfil_multi_03,,generator_ground_truth,docker_multihost,79.0,1526.0,0.051769331585845346,0.007592916488647461,7,6,10404.434201023645,0,0,0
0,mh_exfil_multi_03_benign_114,real,exfil_multi_03,,generator_ground_truth,docker_multihost,79.0,1777.0,0.04445694991558807,0.009102106094360352,6,6,8679.309951017629,0,0,0
0,mh_exfil_multi_03_benign_115,real,exfil_multi_03,,generator_ground_truth,docker_multihost,79.0,1794.0,0.04403567447045708,0.0036530494689941406,7,5,21625.76791541574,0,0,0
0,mh_exfil_multi_03_benign_116,real,exfil_multi_03,,generator_ground_truth,docker_multihost,79.0,774.0,0.1020671834625323,0.0019919872283935547,6,6,39658.88880909635,0,0,0
0,mh_exfil_multi_03_benign_117,real,exfil_multi_03,,generator_ground_truth,docker_multihost,79.0,559.0,0.1413237924865832,0.005114078521728516,6,6,15447.553193473193,0,0,0
0,mh_exfil_multi_03_benign_118,real,exfil_multi_03,,generator_ground_truth,docker_multihost,79.0,856.0,0.09228971962616822,0.004353046417236328,6,6,18148.209880600283,0,0,0
0,mh_exfil_multi_03_benign_119,real,exfil_multi_03,,generator_ground_truth,docker_multihost,79.0,727.0,0.10866574965612105,0.0016238689422607422,7,5,48649.24621935105,0,0,0
0,mh_exfil_multi_03_benign_120,real,exfil_multi_03,,generator_ground_truth,docker_multihost,79.0,335.0,0.23582089552238805,0.0018999576568603516,7,5,41579.874011795706,0,0,0
0,mh_exfil_multi_03_benign_121,real,exfil_multi_03,,generator_ground_truth,docker_multihost,79.0,1708.0,0.04625292740046839,0.0007688999176025391,7,6,102744.19100775194,0,0,0
0,mh_exfil_multi_03_benign_122,real,exfil_multi_03,,generator_ground_truth,docker_multihost,79.0,1713.0,0.04611792177466433,0.001277923583984375,6,6,61819.03283582089,0,0,0
0,mh_exfil_multi_03_benign_123,real,exfil_multi_03,,generator_ground_truth,docker_multihost,79.0,1253.0,0.06304868316041501,0.002000093460083008,6,6,39498.15424961259,0,0,0
0,mh_exfil_multi_03_benign_124,real,exfil_multi_03,,generator_ground_truth,docker_multihost,79.0,1217.0,0.06491372226787182,0.0016579627990722656,6,6,47648.83750359505,0,0,0
0,mh_exfil_multi_03_benign_125,real,exfil_multi_03,,generator_ground_truth,docker_multihost,79.0,2031.0,0.038897095027080254,0.0022339820861816406,7,5,35362.86189967983,0,0,0
0,mh_exfil_multi_03_benign_126,real,exfil_multi_03,,generator_ground_truth,docker_multihost,79.0,1747.0,0.045220377790498,0.003654003143310547,7,5,21620.123711340206,0,0,0
0,mh_exfil_multi_03_benign_127,real,exfil_multi_03,,generator_ground_truth,docker_multihost,79.0,343.0,0.2303206997084548,0.003937959671020508,7,5,20061.15008778834,0,0,0
0,mh_exfil_multi_03_benign_128,real,exfil_multi_03,,generator_ground_truth,docker_multihost,79.0,1181.0,0.06689246401354784,0.0017910003662109375,6,6,44109.42705005325,0,0,0
0,mh_exfil_multi_03_benign_129,real,exfil_multi_03,,generator_ground_truth,docker_multihost,79.0,1703.0,0.04638872577803876,0.003504037857055664,7,5,22545.418520786556,0,0,0
0,mh_exfil_multi_03_benign_130,real,exfil_multi_03,,generator_ground_truth,docker_multihost,79.0,1948.0,0.04055441478439425,0.0057871341705322266,6,6,13650.970872986445,0,0,0
0,mh_exfil_multi_03_benign_131,real,exfil_multi_03,,generator_ground_truth,docker_multihost,79.0,773.0,0.10219922380336352,0.006829023361206055,7,5,11568.27203854345,0,0,0
0,mh_exfil_multi_03_benign_132,real,exfil_multi_03,,generator_ground_truth,docker_multihost,79.0,758.0,0.10422163588390501,0.002176046371459961,6,6,36304.37339761148,0,0,0
0,mh_exfil_multi_03_benign_133,real,exfil_multi_03,,generator_ground_truth,docker_multihost,79.0,1021.0,0.07737512242899118,0.0035800933837890625,6,6,22066.463505594034,0,0,0
0,mh_exfil_multi_03_benign_134,real,exfil_multi_03,,generator_ground_truth,docker_multihost,79.0,1600.0,0.049375,0.0008199214935302734,7,6,96350.68799069498,0,0,0
0,mh_exfil_multi_03_benign_135,real,exfil_multi_03,,generator_ground_truth,docker_multihost,79.0,1110.0,0.07117117117117117,0.0025107860565185547,7,5,31464.249928781694,0,0,0
0,mh_exfil_multi_03_benign_136,real,exfil_multi_03,,generator_ground_truth,docker_multihost,79.0,2060.0,0.0383495145631068,0.0018548965454101562,7,5,42589.97634961439,0,0,0
0,mh_exfil_multi_03_benign_137,real,exfil_multi_03,,generator_ground_truth,docker_multihost,79.0,1529.0,0.051667756703727925,0.0009629726409912109,6,6,82037.637038871,0,0,0
0,mh_exfil_multi_03_benign_138,real,exfil_multi_03,,generator_ground_truth,docker_multihost,79.0,1420.0,0.05563380281690141,0.001834869384765625,6,6,43054.83575883576,0,0,0
0,mh_exfil_multi_03_benign_139,real,exfil_multi_03,,generator_ground_truth,docker_multihost,79.0,1515.0,0.05214521452145215,0.002424955368041992,6,6,32577.919181988003,0,0,0
0,mh_exfil_multi_03_benign_140,real,exfil_multi_03,,generator_ground_truth,docker_multihost,79.0,929.0,0.08503767491926803,0.0018510818481445312,6,6,42677.74549201442,0,0,0
0,mh_exfil_multi_03_benign_141,real,exfil_multi_03,,generator_ground_truth,docker_multihost,79.0,2108.0,0.03747628083491461,0.0038509368896484375,6,6,20514.48836057454,0,0,0
0,mh_exfil_multi_03_benign_142,real,exfil_multi_03,,generator_ground_truth,docker_multihost,79.0,543.0,0.14548802946593,0.000993967056274414,6,6,79479.49532261933,0,0,0
0,mh_exfil_multi_03_benign_143,real,exfil_multi_03,,generator_ground_truth,docker_multihost,79.0,1796.0,0.04398663697104677,0.0017178058624267578,6,6,45988.898820263705,0,0,0
0,mh_exfil_multi_03_benign_144,real,exfil_multi_03,,generator_ground_truth,docker_multihost,79.0,629.0,0.12559618441971382,0.005532026290893555,6,6,14280.48166185407,0,0,0
0,mh_exfil_multi_03_benign_145,real,exfil_multi_03,,generator_ground_truth,docker_multihost,79.0,1227.0,0.06438467807660962,0.006579875946044922,7,5,12006.30538444815,0,0,0
0,mh_exfil_multi_03_benign_146,real,exfil_multi_03,,generator_ground_truth,docker_multihost,79.0,1058.0,0.07466918714555766,0.0012159347534179688,6,6,64970.59137254902,0,0,0
0,mh_exfil_multi_03_benign_147,real,exfil_multi_03,,generator_ground_truth,docker_multihost,79.0,1807.0,0.043718871057000556,0.001706838607788086,6,6,46284.399497136474,0,0,0
0,mh_exfil_multi_03_benign_148,real,exfil_multi_03,,generator_ground_truth,docker_multihost,79.0,1164.0,0.06786941580756013,0.0073812007904052734,6,6,10702.865596433994,0,0,0
0,mh_exfil_multi_03_benign_149,real,exfil_multi_03,,generator_ground_truth,docker_multihost,79.0,1318.0,0.05993930197268589,0.0014710426330566406,7,5,53703.406158833066,0,0,0
0,mh_exfil_multi_03_benign_150,real,exfil_multi_03,,generator_ground_truth,docker_multihost,79.0,1241.0,0.06365834004834811,0.001010894775390625,6,6,78148.58867924528,0,0,0
0,mh_exfil_multi_03_benign_151,real,exfil_multi_03,,generator_ground_truth,docker_multihost,79.0,1098.0,0.07194899817850638,0.002276897430419922,7,5,34696.3367539267,0,0,0
0,mh_exfil_multi_03_benign_152,real,exfil_multi_03,,generator_ground_truth,docker_multihost,79.0,1732.0,0.04561200923787529,0.0028858184814453125,6,6,27375.249173826833,0,0,0
0,mh_exfil_multi_03_benign_153,real,exfil_multi_03,,generator_ground_truth,docker_multihost,79.0,984.0,0.08028455284552846,0.0019240379333496094,6,6,41059.48153655514,0,0,0
0,mh_exfil_multi_03_benign_154,real,exfil_multi_03,,generator_ground_truth,docker_multihost,79.0,2053.0,0.038480272771553824,0.004261016845703125,7,5,18540.17547000895,0,0,0
0,mh_exfil_multi_03_benign_155,real,exfil_multi_03,,generator_ground_truth,docker_multihost,79.0,1746.0,0.04524627720504009,0.0016329288482666016,6,6,48379.327785078116,0,0,0
0,mh_exfil_multi_03_benign_156,real,exfil_multi_03,,generator_ground_truth,docker_multihost,79.0,668.0,0.11826347305389222,0.0018150806427001953,6,6,43524.236963089454,0,0,0
0,mh_exfil_multi_03_benign_157,real,exfil_multi_03,,generator_ground_truth,docker_multihost,79.0,2113.0,0.03738760056791292,0.0015549659729003906,6,6,50804.970254523156,0,0,0
0,mh_exfil_multi_03_benign_158,real,exfil_multi_03,,generator_ground_truth,docker_multihost,79.0,851.0,0.09283196239717979,0.0017330646514892578,6,6,45583.988994359606,0,0,0
0,mh_exfil_multi_03_benign_159,real,exfil_multi_03,,generator_ground_truth,docker_multihost,79.0,760.0,0.10394736842105264,0.001706838607788086,6,6,46284.399497136474,0,0,0
0,mh_exfil_multi_03_benign_160,real,exfil_multi_03,,generator_ground_truth,docker_multihost,79.0,1652.0,0.04782082324455206,0.0030698776245117188,7,5,25733.924821373097,0,0,0
0,mh_exfil_multi_03_benign_161,real,exfil_multi_03,,generator_ground_truth,docker_multihost,79.0,1376.0,0.057412790697674417,0.001964092254638672,6,6,40222.143238650155,0,0,0
0,mh_exfil_multi_03_benign_162,real,exfil_multi_03,,generator_ground_truth,docker_multihost,79.0,825.0,0.09575757575757576,0.0017299652099609375,6,6,45665.658213891955,0,0,0
0,mh_exfil_multi_03_benign_163,real,exfil_multi_03,,generator_ground_truth,docker_multihost,79.0,473.0,0.16701902748414377,0.0012011528015136719,6,6,65770.15005954744,0,0,0
0,mh_exfil_multi_03_benign_164,real,exfil_multi_03,,generator_ground_truth,docker_multihost,79.0,1258.0,0.06279809220985691,0.0010318756103515625,7,5,76559.61552680221,0,0,0
0,mh_exfil_multi_03_benign_165,real,exfil_multi_03,,generator_ground_truth,docker_multihost,79.0,879.0,0.08987485779294653,0.0022039413452148438,6,6,35844.87408048464,0,0,0
0,mh_exfil_multi_03_benign_166,real,exfil_multi_03,,generator_ground_truth,docker_multihost,79.0,1244.0,0.0635048231511254,0.002413034439086914,7,5,32738.861377334255,0,0,0
0,mh_exfil_multi_03_benign_167,real,exfil_multi_03,,generator_ground_truth,docker_multihost,79.0,1293.0,0.06109822119102862,0.004270076751708984,6,6,18500.838414293692,0,0,0
0,mh_exfil_multi_03_benign_168,real,exfil_multi_03,,generator_ground_truth,docker_multihost,79.0,452.0,0.1747787610619469,0.0062808990478515625,6,6,12577.817187974491,0,0,0
0,mh_exfil_multi_03_benign_169,real,exfil_multi_03,,generator_ground_truth,docker_multihost,79.0,1131.0,0.06984969053934571,0.0046579837799072266,6,6,16960.127757588165,0,0,0
0,mh_exfil_multi_03_benign_170,real,exfil_multi_03,,generator_ground_truth,docker_multihost,79.0,1998.0,0.03953953953953954,0.002702951431274414,6,6,29227.310223163095,0,0,0
0,mh_exfil_multi_03_benign_171,real,exfil_multi_03,,generator_ground_truth,docker_multihost,79.0,1928.0,0.040975103734439834,0.0012650489807128906,7,5,62448.174896343764,0,0,0
0,mh_exfil_multi_03_benign_172,real,exfil_multi_03,,generator_ground_truth,docker_multihost,79.0,948.0,0.08333333333333333,0.001589059829711914,6,6,49714.9311327832,0,0,0
0,mh_exfil_multi_03_benign_173,real,exfil_multi_03,,generator_ground_truth,docker_multihost,79.0,788.0,0.10025380710659898,0.0021560192108154297,6,6,36641.60300785138,0,0,0
0,mh_exfil_multi_03_benign_174,real,exfil_multi_03,,generator_ground_truth,docker_multihost,79.0,495.0,0.1595959595959596,0.0013780593872070312,6,6,57326.99238754325,0,0,0
0,mh_exfil_multi_03_benign_175,real,exfil_multi_03,,generator_ground_truth,docker_multihost,79.0,1920.0,0.04114583333333333,0.0017108917236328125,6,6,46174.751393534,0,0,0
0,mh_exfil_multi_03_benign_176,real,exfil_multi_03,,generator_ground_truth,docker_multihost,79.0,1574.0,0.05019059720457433,0.0024008750915527344,6,6,32904.668917576964,0,0,0
0,mh_exfil_multi_03_benign_177,real,exfil_multi_03,,generator_ground_truth,docker_multihost,79.0,547.0,0.14442413162705667,0.003643035888671875,6,6,21685.210471204187,0,0,0
0,mh_exfil_multi_03_benign_178,real,exfil_multi_03,,generator_ground_truth,docker_multihost,79.0,873.0,0.09049255441008018,0.004462003707885742,7,5,17705.050280523643,0,0,0
0,mh_exfil_multi_03_benign_179,real,exfil_multi_03,,generator_ground_truth,docker_multihost,79.0,1489.0,0.05305574210879785,0.0020399093627929688,6,6,38727.21084618981,0,0,0
0,mh_exfil_multi_03_benign_180,real,exfil_multi_03,,generator_ground_truth,docker_multihost,79.0,815.0,0.09693251533742331,0.002465963363647461,6,6,32036.161268490767,0,0,0
0,mh_exfil_multi_03_benign_181,real,exfil_multi_03,,generator_ground_truth,docker_multihost,79.0,1583.0,0.04990524320909665,0.0032792091369628906,7,5,24091.1746401047,0,0,0
0,mh_exfil_multi_03_benign_182,real,exfil_multi_03,,generator_ground_truth,docker_multihost,79.0,2098.0,0.03765490943755958,0.003763914108276367,6,6,20988.789256983593,0,0,0
0,mh_exfil_multi_03_benign_183,real,exfil_multi_03,,generator_ground_truth,docker_multihost,79.0,2041.0,0.03870651641352278,0.0009248256683349609,7,5,85421.50451147203,0,0,0
0,mh_exfil_multi_03_benign_184,real,exfil_multi_03,,generator_ground_truth,docker_multihost,79.0,1456.0,0.05425824175824176,0.0009181499481201172,6,6,86042.59049597508,0,0,0
0,mh_exfil_multi_03_benign_185,real,exfil_multi_03,,generator_ground_truth,docker_multihost,79.0,1815.0,0.04352617079889807,0.000926971435546875,7,5,85223.76954732511,0,0,0
0,mh_exfil_multi_03_benign_186,real,exfil_multi_03,,generator_ground_truth,docker_multihost,79.0,1144.0,0.06905594405594405,0.0010118484497070312,6,6,78074.93308199811,0,0,0
0,mh_exfil_multi_03_benign_187,real,exfil_multi_03,,generator_ground_truth,docker_multihost,79.0,808.0,0.09777227722772278,0.0010421276092529297,7,5,75806.45527339281,0,0,0
0,mh_exfil_multi_03_benign_188,real,exfil_multi_03,,generator_ground_truth,docker_multihost,79.0,1755.0,0.045014245014245016,0.0011970996856689453,7,6,65992.83330013942,0,0,0
0,mh_exfil_multi_03_benign_189,real,exfil_multi_03,,generator_ground_truth,docker_multihost,79.0,450.0,0.17555555555555555,0.0013089179992675781,7,6,60355.1941712204,0,0,0
0,mh_exfil_multi_03_benign_190,real,exfil_multi_03,,generator_ground_truth,docker_multihost,79.0,1264.0,0.0625,0.0007469654083251953,6,6,105761.25630386212,0,0,0
0,mh_exfil_multi_03_benign_191,real,exfil_multi_03,,generator_ground_truth,docker_multihost,79.0,818.0,0.09657701711491443,0.0009720325469970703,6,6,81272.99877360805,0,0,0
0,mh_exfil_multi_03_benign_192,real,exfil_multi_03,,generator_ground_truth,docker_multihost,79.0,1796.0,0.04398663697104677,0.0011649131774902344,6,6,67816.21285304952,0,0,0
0,mh_exfil_multi_03_benign_193,real,exfil_multi_03,,generator_ground_truth,docker_multihost,79.0,1327.0,0.059532780708364735,0.0012080669403076172,6,6,65393.72725478587,0,0,0
0,mh_exfil_multi_03_benign_194,real,exfil_multi_03,,generator_ground_truth,docker_multihost,79.0,1217.0,0.06491372226787182,0.0006899833679199219,6,6,114495.51347615756,0,0,0
0,mh_exfil_multi_03_benign_195,real,exfil_multi_03,,generator_ground_truth,docker_multihost,79.0,1329.0,0.059443190368698266,0.0009047985076904297,6,6,87312.25718050066,0,0,0
0,mh_exfil_multi_03_benign_196,real,exfil_multi_03,,generator_ground_truth,docker_multihost,79.0,1636.0,0.04828850855745721,0.001216888427734375,6,6,64919.67398119122,0,0,0
0,mh_exfil_multi_03_benign_197,real,exfil_multi_03,,generator_ground_truth,docker_multihost,79.0,1965.0,0.04020356234096692,0.0008821487426757812,6,6,89554.05837837838,0,0,0
0,mh_exfil_multi_03_benign_198,real,exfil_multi_03,,generator_ground_truth,docker_multihost,79.0,1128.0,0.0700354609929078,0.0007200241088867188,6,6,109718.54834437087,0,0,0
0,mh_exfil_multi_03_benign_199,real,exfil_multi_03,,generator_ground_truth,docker_multihost,79.0,924.0,0.0854978354978355,0.0010869503021240234,7,5,72680.41588067559,0,0,0
0,mh_exfil_multi_03_benign_200,real,exfil_multi_03,,generator_ground_truth,docker_multihost,79.0,853.0,0.09261430246189918,0.0012879371643066406,6,6,61338.39614957423,0,0,0
0,mh_exfil_multi_03_benign_201,real,exfil_multi_03,,generator_ground_truth,docker_multihost,79.0,963.0,0.08203530633437175,0.0008718967437744141,6,6,90607.0593382554,0,0,0
0,mh_exfil_multi_03_benign_202,real,exfil_multi_03,,generator_ground_truth,docker_multihost,79.0,1498.0,0.0527369826435247,0.0012819766998291016,6,6,61623.584898642366,0,0,0
0,mh_exfil_multi_03_benign_203,real,exfil_multi_03,,generator_ground_truth,docker_multihost,79.0,1143.0,0.06911636045494313,0.0015940666198730469,6,6,49558.78193239605,0,0,0
0,mh_exfil_multi_03_benign_204,real,exfil_multi_03,,generator_ground_truth,docker_multihost,79.0,1827.0,0.04324028461959496,0.0021009445190429688,6,6,37602.13527008625,0,0,0
0,mh_exfil_multi_03_benign_205,real,exfil_multi_03,,generator_ground_truth,docker_multihost,79.0,1061.0,0.07445805843543826,0.0007359981536865234,7,6,107337.22578555232,0,0,0
0,mh_exfil_multi_03_benign_206,real,exfil_multi_03,,generator_ground_truth,docker_multihost,79.0,1020.0,0.07745098039215687,0.0029218196868896484,7,5,27037.945002039985,0,0,0
0,mh_exfil_multi_03_benign_207,real,exfil_multi_03,,generator_ground_truth,docker_multihost,79.0,427.0,0.18501170960187355,0.0032889842987060547,7,5,24019.57346864806,0,0,0
0,mh_exfil_multi_03_benign_208,real,exfil_multi_03,,generator_ground_truth,docker_multihost,79.0,1544.0,0.05116580310880829,0.003715038299560547,6,6,21264.922089590553,0,0,0
0,mh_exfil_multi_03_benign_209,real,exfil_multi_03,,generator_ground_truth,docker_multihost,79.0,1938.0,0.04076367389060888,0.0010302066802978516,6,6,76683.641749595,0,0,0
0,mh_exfil_multi_03_benign_210,real,exfil_multi_03,,generator_ground_truth,docker_multihost,79.0,2044.0,0.038649706457925634,0.0017600059509277344,7,5,44886.21186670279,0,0,0
0,mh_exfil_multi_03_benign_211,real,exfil_multi_03,,generator_ground_truth,docker_multihost,79.0,1322.0,0.059757942511346446,0.0022890567779541016,7,5,34512.0316633684,0,0,0
0,mh_exfil_multi_03_benign_212,real,exfil_multi_03,,generator_ground_truth,docker_multihost,79.0,1532.0,0.05156657963446475,0.002629995346069336,6,6,30038.075967727313,0,0,0
0,mh_exfil_multi_03_benign_213,real,exfil_multi_03,,generator_ground_truth,docker_multihost,79.0,375.0,0.21066666666666667,0.0014798641204833984,7,5,53383.27952311906,0,0,0
0,mh_exfil_multi_03_benign_214,real,exfil_multi_03,,generator_ground_truth,docker_multihost,79.0,933.0,0.08467309753483387,0.001497030258178711,6,6,52771.14444975315,0,0,0
0,mh_exfil_multi_03_benign_215,real,exfil_multi_03,,generator_ground_truth,docker_multihost,79.0,435.0,0.18160919540229886,0.0007109642028808594,7,6,111116.70556673374,0,0,0
0,mh_exfil_multi_03_benign_216,real,exfil_multi_03,,generator_ground_truth,docker_multihost,79.0,1635.0,0.048318042813455656,0.001127004623413086,7,5,70097.31669134757,0,0,0
0,mh_exfil_multi_03_benign_217,real,exfil_multi_03,,generator_ground_truth,docker_multihost,79.0,1055.0,0.07488151658767772,0.0012340545654296875,7,5,64016.61823802164,0,0,0
0,mh_exfil_multi_03_benign_218,real,exfil_multi_03,,generator_ground_truth,docker_multihost,79.0,2000.0,0.0395,0.0012650489807128906,7,5,62448.174896343764,0,0,0
0,mh_exfil_multi_03_benign_219,real,exfil_multi_03,,generator_ground_truth,docker_multihost,79.0,697.0,0.1133428981348637,0.0014269351959228516,6,6,55363.4111946533,0,0,0
0,mh_exfil_multi_03_benign_220,real,exfil_multi_03,,generator_ground_truth,docker_multihost,79.0,1196.0,0.06605351170568562,0.002731800079345703,7,5,28918.660848315587,0,0,0
0,mh_exfil_multi_03_benign_221,real,exfil_multi_03,,generator_ground_truth,docker_multihost,79.0,320.0,0.246875,0.003387928009033203,6,6,23318.086980999295,0,0,0
0,mh_exfil_multi_03_benign_222,real,exfil_multi_03,,generator_ground_truth,docker_multihost,79.0,1574.0,0.05019059720457433,0.002791881561279297,7,5,28296.3292912041,0,0,0
0,mh_exfil_multi_03_benign_223,real,exfil_multi_03,,generator_ground_truth,docker_multihost,79.0,1447.0,0.05459571527297857,0.0037751197814941406,6,6,20926.48831628142,0,0,0
0,mh_exfil_multi_03_benign_224,real,exfil_multi_03,,generator_ground_truth,docker_multihost,79.0,984.0,0.08028455284552846,0.0040340423583984375,6,6,19583.33427895981,0,0,0
0,mh_exfil_multi_03_benign_225,real,exfil_multi_03,,generator_ground_truth,docker_multihost,79.0,1232.0,0.06412337662337662,0.0023729801177978516,7,5,33291.47151612579,0,0,0
0,mh_exfil_multi_03_benign_226,real,exfil_multi_03,,generator_ground_truth,docker_multihost,79.0,1953.0,0.04045058883768561,0.0019719600677490234,7,5,40061.66316044009,0,0,0
0,mh_exfil_multi_03_benign_227,real,exfil_multi_03,,generator_ground_truth,docker_multihost,79.0,1745.0,0.04527220630372493,0.0024640560150146484,7,5,32060.959458151912,0,0,0
0,mh_exfil_multi_03_benign_228,real,exfil_multi_03,,generator_ground_truth,docker_multihost,79.0,479.0,0.1649269311064718,0.005012989044189453,6,6,15759.060972129744,0,0,0
0,mh_exfil_multi_03_benign_229,real,exfil_multi_03,,generator_ground_truth,docker_multihost,79.0,755.0,0.10463576158940398,0.0011250972747802734,7,5,70216.1508794236,0,0,0
0,mh_exfil_multi_03_benign_230,real,exfil_multi_03,,generator_ground_truth,docker_multihost,79.0,1049.0,0.07530981887511916,0.0013210773468017578,6,6,59799.678036455516,0,0,0
0,mh_exfil_multi_03_benign_231,real,exfil_multi_03,,generator_ground_truth,docker_multihost,79.0,2041.0,0.03870651641352278,0.0007541179656982422,6,6,104758.14606386342,0,0,0
0,mh_exfil_multi_03_benign_232,real,exfil_multi_03,,generator_ground_truth,docker_multihost,79.0,537.0,0.14711359404096835,0.0007240772247314453,6,6,109104.38459005598,0,0,0
0,mh_exfil_multi_03_benign_233,real,exfil_multi_03,,generator_ground_truth,docker_multihost,79.0,1484.0,0.05323450134770889,0.0006091594696044922,6,6,129686.89471624266,0,0,0
0,mh_exfil_multi_03_benign_234,real,exfil_multi_03,,generator_ground_truth,docker_multihost,79.0,1368.0,0.0577485380116959,0.00051116943359375,7,6,154547.58208955225,0,0,0
0,mh_exfil_multi_03_benign_235,real,exfil_multi_03,,generator_ground_truth,docker_multihost,79.0,2013.0,0.039244908097367116,0.0006949901580810547,7,6,113670.6744425386,0,0,0
0,mh_exfil_multi_03_benign_236,real,exfil_multi_03,,generator_ground_truth,docker_multihost,79.0,868.0,0.09101382488479262,0.0017511844635009766,6,6,45112.32348536419,0,0,0
0,mh_exfil_multi_03_benign_237,real,exfil_multi_03,,generator_ground_truth,docker_multihost,79.0,1057.0,0.07473982970671712,0.0013370513916015625,7,5,59085.23823109843,0,0,0
0,mh_exfil_multi_03_benign_238,real,exfil_multi_03,,generator_ground_truth,docker_multihost,79.0,1832.0,0.04312227074235808,0.0013580322265625,7,5,58172.40449438202,0,0,0
0,mh_exfil_multi_03_benign_239,real,exfil_multi_03,,generator_ground_truth,docker_multihost,79.0,1367.0,0.05779078273591807,0.002621889114379883,7,6,30130.946258070384,0,0,0
0,mh_exfil_multi_03_benign_240,real,exfil_multi_03,,generator_ground_truth,docker_multihost,79.0,568.0,0.13908450704225353,0.002902984619140625,6,6,27213.37187910644,0,0,0
0,mh_exfil_multi_03_benign_241,real,exfil_multi_03,,generator_ground_truth,docker_multihost,79.0,1951.0,0.040492055356227574,0.004348039627075195,7,5,18169.107638317706,0,0,0
0,mh_exfil_multi_03_benign_242,real,exfil_multi_03,,generator_ground_truth,docker_multihost,79.0,1758.0,0.044937428896473265,0.004616975784301758,6,6,17110.767673638005,0,0,0
0,mh_exfil_multi_03_benign_243,real,exfil_multi_03,,generator_ground_truth,docker_multihost,79.0,1355.0,0.05830258302583026,0.004361867904663086,7,5,18111.50675047827,0,0,0
0,mh_exfil_multi_03_benign_244,real,exfil_multi_03,,generator_ground_truth,docker_multihost,79.0,915.0,0.08633879781420765,0.0067138671875,7,5,11766.690909090908,0,0,0
0,mh_exfil_multi_03_benign_245,real,exfil_multi_03,,generator_ground_truth,docker_multihost,79.0,1349.0,0.05856189770200148,0.004477024078369141,7,5,17645.65001597614,0,0,0
0,mh_exfil_multi_03_benign_246,real,exfil_multi_03,,generator_ground_truth,docker_multihost,79.0,455.0,0.17362637362637362,0.0015270709991455078,6,6,51733.023575331776,0,0,0
0,mh_exfil_multi_03_benign_247,real,exfil_multi_03,,generator_ground_truth,docker_multihost,79.0,1078.0,0.07328385899814471,0.0013360977172851562,7,6,59127.41184867951,0,0,0
0,mh_exfil_multi_03_benign_248,real,exfil_multi_03,,generator_ground_truth,docker_multihost,79.0,1131.0,0.06984969053934571,0.0016639232635498047,7,6,47478.151024502076,0,0,0
0,mh_exfil_multi_03_benign_249,real,exfil_multi_03,,generator_ground_truth,docker_multihost,79.0,1902.0,0.04153522607781283,0.0007979869842529297,7,6,98999.10845533313,0,0,0
0,mh_exfil_multi_03_benign_250,real,exfil_multi_03,,generator_ground_truth,docker_multihost,79.0,2094.0,0.03772683858643744,0.0006821155548095703,7,6,115816.15379238028,0,0,0
0,mh_exfil_multi_03_benign_251,real,exfil_multi_03,,generator_ground_truth,docker_multihost,79.0,645.0,0.12248062015503876,0.001104116439819336,6,6,71550.42453033902,0,0,0
0,mh_exfil_multi_03_benign_252,real,exfil_multi_03,,generator_ground_truth,docker_multihost,79.0,1941.0,0.04070066975785677,0.0012359619140625,7,5,63917.82716049383,0,0,0
0,mh_exfil_multi_03_benign_253,real,exfil_multi_03,,generator_ground_truth,docker_multihost,79.0,862.0,0.09164733178654293,0.0011401176452636719,6,6,69291.09493935591,0,0,0
0,mh_exfil_multi_03_benign_254,real,exfil_multi_03,,generator_ground_truth,docker_multihost,79.0,1768.0,0.04468325791855204,0.0009038448333740234,7,5,87404.38301239778,0,0,0
0,mh_exfil_multi_03_benign_255,real,exfil_multi_03,,generator_ground_truth,docker_multihost,79.0,848.0,0.09316037735849056,0.003248929977416992,6,6,24315.697952594113,0,0,0
0,mh_exfil_multi_03_benign_256,real,exfil_multi_03,,generator_ground_truth,docker_multihost,79.0,941.0,0.08395324123273114,0.0011949539184570312,7,5,66111.33599361533,0,0,0
0,mh_exfil_multi_03_benign_257,real,exfil_multi_03,,generator_ground_truth,docker_multihost,79.0,1607.0,0.049159925326695705,0.0017549991607666016,6,6,45014.2665398723,0,0,0
0,mh_exfil_multi_03_benign_258,real,exfil_multi_03,,generator_ground_truth,docker_multihost,79.0,508.0,0.15551181102362205,0.0006079673767089844,6,6,129941.18274509803,0,0,0
0,mh_exfil_multi_03_benign_259,real,exfil_multi_03,,generator_ground_truth,docker_multihost,79.0,328.0,0.24085365853658536,0.0006401538848876953,7,5,123407.82718808194,0,0,0
0,mh_exfil_multi_03_benign_260,real,exfil_multi_03,,generator_ground_truth,docker_multihost,79.0,764.0,0.10340314136125654,0.0013461112976074219,7,5,58687.56925256819,0,0,0
0,mh_exfil_multi_03_benign_261,real,exfil_multi_03,,generator_ground_truth,docker_multihost,79.0,1214.0,0.06507413509060955,0.0019521713256835938,7,6,40467.759648265754,0,0,0
0,mh_exfil_multi_03_benign_262,real,exfil_multi_03,,generator_ground_truth,docker_multihost,79.0,1966.0,0.04018311291963377,0.0013799667358398438,6,6,57247.75673807878,0,0,0
0,mh_exfil_multi_03_benign_263,real,exfil_multi_03,,generator_ground_truth,docker_multihost,79.0,1474.0,0.05359565807327001,0.0008080005645751953,6,6,97772.20891118325,0,0,0
0,mh_exfil_multi_03_benign_264,real,exfil_multi_03,,generator_ground_truth,docker_multihost,79.0,2103.0,0.03756538278649548,0.0004918575286865234,6,6,160615.61609306835,0,0,0
0,mh_exfil_multi_03_benign_265,real,exfil_multi_03,,generator_ground_truth,docker_multihost,79.0,570.0,0.13859649122807016,0.0012428760528564453,7,5,63562.25129483982,0,0,0
0,mh_exfil_multi_03_benign_266,real,exfil_multi_03,,generator_ground_truth,docker_multihost,79.0,876.0,0.09018264840182648,0.0013089179992675781,6,6,60355.1941712204,0,0,0
0,mh_exfil_multi_03_benign_267,real,exfil_multi_03,,generator_ground_truth,docker_multihost,79.0,633.0,0.12480252764612954,0.0010540485382080078,7,5,74949.1101560733,0,0,0
0,mh_exfil_multi_03_benign_268,real,exfil_multi_03,,generator_ground_truth,docker_multihost,79.0,1202.0,0.06572379367720466,0.0012369155883789062,6,6,63868.54587509637,0,0,0
0,mh_exfil_multi_03_benign_269,real,exfil_multi_03,,generator_ground_truth,docker_multihost,79.0,1952.0,0.04047131147540984,0.0011060237884521484,6,6,71427.03513688294,0,0,0
0,mh_exfil_multi_03_benign_270,real,exfil_multi_03,,generator_ground_truth,docker_multihost,79.0,1234.0,0.0640194489465154,0.00164794921875,6,6,47938.37037037037,0,0,0
0,mh_exfil_multi_03_benign_271,real,exfil_multi_03,,generator_ground_truth,docker_multihost,79.0,544.0,0.14522058823529413,0.0015230178833007812,6,6,51870.6975579211,0,0,0
0,mh_exfil_multi_03_benign_272,real,exfil_multi_03,,generator_ground_truth,docker_multihost,79.0,604.0,0.13079470198675497,0.0011219978332519531,7,5,70410.11814704632,0,0,0
0,mh_exfil_multi_03_benign_273,real,exfil_multi_03,,generator_ground_truth,docker_multihost,79.0,2108.0,0.03747628083491461,0.0014698505401611328,7,5,53746.961232765614,0,0,0
0,mh_exfil_multi_03_benign_274,real,exfil_multi_03,,generator_ground_truth,docker_multihost,79.0,771.0,0.10246433203631647,0.0022881031036376953,7,5,34526.41617172033,0,0,0
0,mh_exfil_multi_03_benign_275,real,exfil_multi_03,,generator_ground_truth,docker_multihost,79.0,1379.0,0.05728788977519942,0.0016200542449951172,6,6,48763.79926416483,0,0,0
0,mh_exfil_multi_03_benign_276,real,exfil_multi_03,,generator_ground_truth,docker_multihost,79.0,451.0,0.17516629711751663,0.0011708736419677734,6,6,67470.98676440644,0,0,0
0,mh_exfil_multi_03_benign_277,real,exfil_multi_03,,generator_ground_truth,docker_multihost,79.0,1489.0,0.05305574210879785,0.0012240409851074219,7,5,64540.32255551227,0,0,0
0,mh_exfil_multi_03_benign_278,real,exfil_multi_03,,generator_ground_truth,docker_multihost,79.0,1711.0,0.046171829339567504,0.0012869834899902344,6,6,61383.84883290107,0,0,0
0,mh_exfil_multi_03_benign_279,real,exfil_multi_03,,generator_ground_truth,docker_multihost,79.0,2074.0,0.038090646094503376,0.0011730194091796875,6,6,67347.56422764227,0,0,0
0,mh_exfil_multi_03_benign_280,real,exfil_multi_03,,generator_ground_truth,docker_multihost,79.0,1473.0,0.05363204344874406,0.0013241767883300781,6,6,59659.707598127476,0,0,0
0,mh_exfil_multi_03_benign_281,real,exfil_multi_03,,generator_ground_truth,docker_multihost,79.0,2100.0,0.03761904761904762,0.0016751289367675781,6,6,47160.5488186735,0,0,0
0,mh_exfil_multi_03_benign_282,real,exfil_multi_03,,generator_ground_truth,docker_multihost,79.0,1094.0,0.07221206581352833,0.0007958412170410156,7,5,99266.03235470342,0,0,0
0,mh_exfil_multi_03_benign_283,real,exfil_multi_03,,generator_ground_truth,docker_multihost,79.0,1235.0,0.06396761133603239,0.0019659996032714844,7,5,40183.1210283774,0,0,0
0,mh_exfil_multi_03_benign_284,real,exfil_multi_03,,generator_ground_truth,docker_multihost,79.0,639.0,0.12363067292644757,0.0007529258728027344,7,6,104924.00759974668,0,0,0
0,mh_exfil_multi_03_benign_285,real,exfil_multi_03,,generator_ground_truth,docker_multihost,79.0,795.0,0.09937106918238994,0.0015668869018554688,6,6,50418.444309190505,0,0,0
0,mh_exfil_multi_03_benign_286,real,exfil_multi_03,,generator_ground_truth,docker_multihost,79.0,1843.0,0.04286489419424851,0.0019559860229492188,6,6,40388.83666504145,0,0,0
0,mh_exfil_multi_03_benign_287,real,exfil_multi_03,,generator_ground_truth,docker_multihost,79.0,1839.0,0.042958129418162044,0.0031790733337402344,7,5,24850.008699565024,0,0,0
0,mh_exfil_multi_03_benign_288,real,exfil_multi_03,,generator_ground_truth,docker_multihost,79.0,756.0,0.10449735449735449,0.005347013473510742,7,5,14774.60275560708,0,0,0
0,mh_exfil_multi_03_benign_289,real,exfil_multi_03,,generator_ground_truth,docker_multihost,79.0,1114.0,0.07091561938958707,0.003220081329345703,6,6,24533.541833259293,0,0,0
0,mh_exfil_multi_03_benign_290,real,exfil_multi_03,,generator_ground_truth,docker_multihost,79.0,1301.0,0.06072252113758647,0.0036029815673828125,6,6,21926.28480677607,0,0,0
0,mh_exfil_multi_03_benign_291,real,exfil_multi_03,,generator_ground_truth,docker_multihost,79.0,2105.0,0.03752969121140143,0.0012538433074951172,7,5,63006.2779996197,0,0,0
0,mh_exfil_multi_03_benign_292,real,exfil_multi_03,,generator_ground_truth,docker_multihost,79.0,1276.0,0.06191222570532915,0.0012788772583007812,7,5,61772.933631618194,0,0,0
0,mh_exfil_multi_03_benign_293,real,exfil_multi_03,,generator_ground_truth,docker_multihost,79.0,1627.0,0.04855562384757222,0.0014529228210449219,6,6,54373.15654742369,0,0,0
0,mh_exfil_multi_03_benign_294,real,exfil_multi_03,,generator_ground_truth,docker_multihost,79.0,340.0,0.2323529411764706,0.002952098846435547,6,6,26760.62154740753,0,0,0
0,mh_exfil_multi_03_benign_295,real,exfil_multi_03,,generator_ground_truth,docker_multihost,79.0,1068.0,0.07397003745318352,0.0033910274505615234,6,6,23296.77395767419,0,0,0
0,mh_exfil_multi_03_benign_296,real,exfil_multi_03,,generator_ground_truth,docker_multihost,79.0,1279.0,0.0617670054730258,0.002935171127319336,6,6,26914.95540573471,0,0,0
0,mh_exfil_multi_03_benign_297,real,exfil_multi_03,,generator_ground_truth,docker_multihost,79.0,393.0,0.2010178117048346,0.004975080490112305,7,5,15879.140077634542,0,0,0
0,mh_exfil_multi_03_benign_298,real,exfil_multi_03,,generator_ground_truth,docker_multihost,79.0,690.0,0.1144927536231884,0.004380941390991211,7,5,18032.65393197279,0,0,0
0,mh_exfil_multi_03_benign_299,real,exfil_multi_03,,generator_ground_truth,docker_multihost,79.0,1341.0,0.05891126025354213,0.003760099411010742,6,6,21010.08281022129,0,0,0
0,mh_exfil_multi_03_benign_300,real,exfil_multi_03,,generator_ground_truth,docker_multihost,79.0,828.0,0.09541062801932366,0.004004001617431641,6,6,19730.261760152436,0,0,0
0,mh_exfil_multi_03_benign_301,real,exfil_multi_03,,generator_ground_truth,docker_multihost,79.0,1588.0,0.04974811083123426,0.00513911247253418,7,5,15372.30415216887,0,0,0
0,mh_exfil_multi_03_benign_302,real,exfil_multi_03,,generator_ground_truth,docker_multihost,79.0,439.0,0.17995444191343962,0.0015599727630615234,6,6,50641.909827296346,0,0,0
0,mh_exfil_multi_03_benign_303,real,exfil_multi_03,,generator_ground_truth,docker_multihost,79.0,1312.0,0.06021341463414634,0.006468057632446289,7,5,12213.867669283793,0,0,0
0,mh_exfil_multi_03_benign_304,real,exfil_multi_03,,generator_ground_truth,docker_multihost,79.0,717.0,0.1101813110181311,0.0011298656463623047,7,5,69919.8176830555,0,0,0
0,mh_exfil_multi_03_benign_305,real,exfil_multi_03,,generator_ground_truth,docker_multihost,79.0,1228.0,0.06433224755700326,0.0022428035736083984,7,5,35223.771234187305,0,0,0
0,mh_exfil_multi_03_benign_306,real,exfil_multi_03,,generator_ground_truth,docker_multihost,79.0,386.0,0.20466321243523317,0.003553152084350586,7,5,22233.779507481715,0,0,0
0,mh_exfil_multi_03_benign_307,real,exfil_multi_03,,generator_ground_truth,docker_multihost,79.0,1560.0,0.05064102564102564,0.0014159679412841797,7,5,55792.22360666779,0,0,0
0,mh_exfil_multi_03_benign_308,real,exfil_multi_03,,generator_ground_truth,docker_multihost,79.0,1182.0,0.06683587140439932,0.0026760101318359375,6,6,29521.562366357804,0,0,0
0,mh_exfil_multi_03_benign_309,real,exfil_multi_03,,generator_ground_truth,docker_multihost,79.0,1734.0,0.04555940023068051,0.0026268959045410156,6,6,30073.517516790707,0,0,0
0,mh_exfil_multi_03_benign_310,real,exfil_multi_03,,generator_ground_truth,docker_multihost,79.0,1315.0,0.06007604562737642,0.0068171024322509766,6,6,11588.50124156262,0,0,0
0,mh_exfil_multi_03_benign_311,real,exfil_multi_03,,generator_ground_truth,docker_multihost,79.0,356.0,0.22191011235955055,0.0010960102081298828,7,6,72079.62062214488,0,0,0
0,mh_exfil_multi_03_benign_312,real,exfil_multi_03,,generator_ground_truth,docker_multihost,79.0,1247.0,0.06335204490777867,0.0010159015655517578,6,6,77763.43956817649,0,0,0
0,mh_exfil_multi_03_benign_313,real,exfil_multi_03,,generator_ground_truth,docker_multihost,79.0,1313.0,0.060167555217060166,0.0008990764617919922,7,5,87867.94378149032,0,0,0
0,mh_exfil_multi_03_benign_314,real,exfil_multi_03,,generator_ground_truth,docker_multihost,79.0,2034.0,0.03883972468043265,0.0013339519500732422,6,6,59222.52296693476,0,0,0
0,mh_exfil_multi_03_benign_315,real,exfil_multi_03,,generator_ground_truth,docker_multihost,79.0,756.0,0.10449735449735449,0.0025300979614257812,7,5,31224.087448171882,0,0,0
0,mh_exfil_multi_03_benign_316,real,exfil_multi_03,,generator_ground_truth,docker_multihost,79.0,1262.0,0.06259904912836767,0.0026769638061523438,7,5,29511.045244032775,0,0,0
0,mh_exfil_multi_03_benign_317,real,exfil_multi_03,,generator_ground_truth,docker_multihost,79.0,1198.0,0.0659432387312187,0.0009870529174804688,6,6,80036.23574879227,0,0,0
0,mh_exfil_multi_03_benign_318,real,exfil_multi_03,,generator_ground_truth,docker_multihost,79.0,1657.0,0.04767652383826192,0.000982046127319336,7,5,80444.28647730031,0,0,0
0,mh_exfil_multi_03_benign_319,real,exfil_multi_03,,generator_ground_truth,docker_multihost,79.0,1813.0,0.043574186431329286,0.0009250640869140625,6,6,85399.48865979382,0,0,0
0,mh_exfil_multi_03_benign_320,real,exfil_multi_03,,generator_ground_truth,docker_multihost,79.0,653.0,0.12098009188361408,0.0014209747314453125,7,5,55595.64026845637,0,0,0
0,mh_exfil_multi_03_benign_321,real,exfil_multi_03,,generator_ground_truth,docker_multihost,79.0,729.0,0.1083676268861454,0.0010519027709960938,7,5,75101.99818676338,0,0,0
0,mh_exfil_multi_03_benign_322,real,exfil_multi_03,,generator_ground_truth,docker_multihost,79.0,697.0,0.1133428981348637,0.0013310909271240234,6,6,59349.81479491313,0,0,0
0,mh_exfil_multi_03_benign_323,real,exfil_multi_03,,generator_ground_truth,docker_multihost,79.0,1389.0,0.05687544996400288,0.0010581016540527344,7,6,74662.01351960342,0,0,0
0,mh_exfil_multi_03_benign_324,real,exfil_multi_03,,generator_ground_truth,docker_multihost,79.0,2015.0,0.039205955334987594,0.0007688999176025391,7,6,102744.19100775194,0,0,0
0,mh_exfil_multi_03_benign_325,real,exfil_multi_03,,generator_ground_truth,docker_multihost,79.0,739.0,0.10690121786197564,0.00127410888671875,6,6,62004.11976047904,0,0,0
0,mh_exfil_multi_03_benign_326,real,exfil_multi_03,,generator_ground_truth,docker_multihost,79.0,1521.0,0.05193951347797501,0.001455068588256836,6,6,54292.97329182369,0,0,0
0,mh_exfil_multi_03_benign_327,real,exfil_multi_03,,generator_ground_truth,docker_multihost,79.0,2036.0,0.03880157170923379,0.0008389949798583984,7,5,94160.27735152032,0,0,0
0,mh_exfil_multi_03_benign_328,real,exfil_multi_03,,generator_ground_truth,docker_multihost,79.0,642.0,0.12305295950155763,0.0012180805206298828,7,6,64856.139361910355,0,0,0
0,mh_exfil_multi_03_benign_329,real,exfil_multi_03,,generator_ground_truth,docker_multihost,79.0,1603.0,0.049282595134123516,0.0018761157989501953,7,5,42108.27500317703,0,0,0
0,mh_exfil_multi_03_benign_330,real,exfil_multi_03,,generator_ground_truth,docker_multihost,79.0,1768.0,0.04468325791855204,0.002886056900024414,7,5,27372.98769103676,0,0,0
0,mh_exfil_multi_03_benign_331,real,exfil_multi_03,,generator_ground_truth,docker_multihost,79.0,1665.0,0.04744744744744745,0.0014770030975341797,6,6,53486.68539144471,0,0,0
0,mh_exfil_multi_03_benign_332,real,exfil_multi_03,,generator_ground_truth,docker_multihost,79.0,1030.0,0.0766990291262136,0.002454996109008789,7,5,32179.27707099155,0,0,0
0,mh_exfil_multi_03_benign_333,real,exfil_multi_03,,generator_ground_truth,docker_multihost,79.0,1713.0,0.04611792177466433,0.005326032638549805,7,5,14832.804333228882,0,0,0
0,mh_exfil_multi_03_benign_334,real,exfil_multi_03,,generator_ground_truth,docker_multihost,79.0,1849.0,0.042725797728501894,0.0032591819763183594,7,5,24239.21111923921,0,0,0
0,mh_exfil_multi_03_benign_335,real,exfil_multi_03,,generator_ground_truth,docker_multihost,79.0,1245.0,0.06345381526104418,0.0027680397033691406,7,5,28540.053057708872,0,0,0
0,mh_exfil_multi_03_benign_336,real,exfil_multi_03,,generator_ground_truth,docker_multihost,79.0,1596.0,0.04949874686716792,0.0027379989624023438,7,5,28853.188436084987,0,0,0
0,mh_exfil_multi_03_benign_337,real,exfil_multi_03,,generator_ground_truth,docker_multihost,79.0,1833.0,0.0430987452264048,0.0037081241607666016,7,5,21304.572494052594,0,0,0
0,mh_exfil_multi_03_benign_338,real,exfil_multi_03,,generator_ground_truth,docker_multihost,79.0,1979.0,0.03991915108640728,0.0030159950256347656,7,5,26193.6771541502,0,0,0
0,mh_exfil_multi_03_benign_339,real,exfil_multi_03,,generator_ground_truth,docker_multihost,79.0,974.0,0.0811088295687885,0.002727985382080078,7,5,28959.09945813669,0,0,0
0,mh_exfil_multi_03_benign_340,real,exfil_multi_03,,generator_ground_truth,docker_multihost,79.0,2031.0,0.038897095027080254,0.0005700588226318359,7,5,138582.18987871183,0,0,0
0,mh_exfil_multi_03_benign_341,real,exfil_multi_03,,generator_ground_truth,docker_multihost,79.0,1913.0,0.041296393099843176,0.0009150505065917969,7,5,86334.032308494,0,0,0
0,mh_exfil_multi_03_benign_342,real,exfil_multi_03,,generator_ground_truth,docker_multihost,79.0,1875.0,0.042133333333333335,0.000820159912109375,7,6,96322.67906976744,0,0,0
0,mh_exfil_multi_03_benign_343,real,exfil_multi_03,,generator_ground_truth,docker_multihost,79.0,470.0,0.16808510638297872,0.0008759498596191406,6,6,90187.81056069679,0,0,0
0,mh_exfil_multi_03_benign_344,real,exfil_multi_03,,generator_ground_truth,docker_multihost,79.0,1447.0,0.05459571527297857,0.0013620853424072266,7,6,57999.3026430947,0,0,0
0,mh_exfil_multi_03_benign_345,real,exfil_multi_03,,generator_ground_truth,docker_multihost,79.0,1024.0,0.0771484375,0.0004889965057373047,6,6,161555.3466601658,0,0,0
0,mh_exfil_multi_03_benign_346,real,exfil_multi_03,,generator_ground_truth,docker_multihost,79.0,1905.0,0.04146981627296588,0.0027360916137695312,7,5,28873.30219588707,0,0,0
0,mh_exfil_multi_03_benign_347,real,exfil_multi_03,,generator_ground_truth,docker_multihost,79.0,1589.0,0.04971680302076778,0.0013251304626464844,6,6,59616.77150053976,0,0,0
0,mh_exfil_multi_03_benign_348,real,exfil_multi_03,,generator_ground_truth,docker_multihost,79.0,1678.0,0.04707985697258641,0.0034148693084716797,7,5,23134.1210640229,0,0,0
0,mh_exfil_multi_03_benign_349,real,exfil_multi_03,,generator_ground_truth,docker_multihost,79.0,1581.0,0.04996837444655281,0.001934051513671875,6,6,40846.895463510846,0,0,0
0,mh_exfil_multi_03_benign_350,real,exfil_multi_03,,generator_ground_truth,docker_multihost,79.0,1276.0,0.06191222570532915,0.0014538764953613281,7,5,54337.49032469662,0,0,0
0,mh_exfil_multi_03_benign_351,real,exfil_multi_03,,generator_ground_truth,docker_multihost,79.0,1589.0,0.04971680302076778,0.002064943313598633,7,5,38257.70880960628,0,0,0
0,mh_exfil_multi_03_benign_352,real,exfil_multi_03,,generator_ground_truth,docker_multihost,79.0,444.0,0.17792792792792791,0.0015838146209716797,6,6,49879.57489086256,0,0,0
0,mh_exfil_multi_03_benign_353,real,exfil_multi_03,,generator_ground_truth,docker_multihost,79.0,1944.0,0.04063786008230453,0.0005240440368652344,6,6,150750.6897179254,0,0,0
0,mh_exfil_multi_03_benign_354,real,exfil_multi_03,,generator_ground_truth,docker_multihost,79.0,1732.0,0.04561200923787529,0.000988006591796875,7,6,79958.9806949807,0,0,0
0,mh_exfil_multi_03_benign_355,real,exfil_multi_03,,generator_ground_truth,docker_multihost,79.0,1812.0,0.04359823399558499,0.0014200210571289062,7,5,55632.97783747481,0,0,0
0,mh_exfil_multi_03_benign_356,real,exfil_multi_03,,generator_ground_truth,docker_multihost,79.0,1233.0,0.0640713706407137,0.0014200210571289062,6,6,55632.97783747481,0,0,0
0,mh_exfil_multi_03_benign_357,real,exfil_multi_03,,generator_ground_truth,docker_multihost,79.0,426.0,0.18544600938967137,0.00113677978515625,6,6,69494.55033557047,0,0,0
0,mh_exfil_multi_03_benign_358,real,exfil_multi_03,,generator_ground_truth,docker_multihost,79.0,1750.0,0.045142857142857144,0.003144979476928711,7,5,25119.4008035782,0,0,0
0,mh_exfil_multi_03_benign_359,real,exfil_multi_03,,generator_ground_truth,docker_multihost,79.0,883.0,0.08946772366930918,0.0036089420318603516,6,6,21890.071744731453,0,0,0
0,mh_exfil_multi_03_benign_360,real,exfil_multi_03,,generator_ground_truth,docker_multihost,79.0,1676.0,0.04713603818615752,0.003237009048461914,7,5,24405.24534138617,0,0,0
0,mh_exfil_multi_03_benign_361,real,exfil_multi_03,,generator_ground_truth,docker_multihost,79.0,1912.0,0.04131799163179916,0.0025720596313476562,6,6,30714.684464219503,0,0,0
0,mh_exfil_multi_03_benign_362,real,exfil_multi_03,,generator_ground_truth,docker_multihost,79.0,1965.0,0.04020356234096692,0.0065670013427734375,7,5,12029.843740923614,0,0,0
0,mh_exfil_multi_03_benign_363,real,exfil_multi_03,,generator_ground_truth,docker_multihost,79.0,744.0,0.10618279569892473,0.00415802001953125,6,6,18999.42752293578,0,0,0
0,mh_exfil_multi_03_benign_364,real,exfil_multi_03,,generator_ground_truth,docker_multihost,79.0,419.0,0.18854415274463007,0.0047609806060791016,6,6,16593.22029145175,0,0,0
0,mh_exfil_multi_03_benign_365,real,exfil_multi_03,,generator_ground_truth,docker_multihost,79.0,1762.0,0.044835414301929624,0.004660129547119141,6,6,16952.31842832293,0,0,0
0,mh_exfil_multi_03_benign_366,real,exfil_multi_03,,generator_ground_truth,docker_multihost,79.0,837.0,0.09438470728793309,0.006849050521850586,7,5,11534.44550422947,0,0,0
0,mh_exfil_multi_03_benign_367,real,exfil_multi_03,,generator_ground_truth,docker_multihost,79.0,1970.0,0.04010152284263959,0.005609989166259766,6,6,14082.023629409265,0,0,0
0,mh_exfil_multi_03_benign_368,real,exfil_multi_03,,generator_ground_truth,docker_multihost,79.0,373.0,0.21179624664879357,0.006309032440185547,6,6,12521.729876804475,0,0,0
0,mh_exfil_multi_03_benign_369,real,exfil_multi_03,,generator_ground_truth,docker_multihost,79.0,2038.0,0.03876349362119725,0.001959085464477539,6,6,40324.93805525131,0,0,0
0,mh_exfil_multi_03_benign_370,real,exfil_multi_03,,generator_ground_truth,docker_multihost,79.0,1254.0,0.06299840510366826,0.0020558834075927734,6,6,38426.303606633424,0,0,0
0,mh_exfil_multi_03_benign_371,real,exfil_multi_03,,generator_ground_truth,docker_multihost,79.0,1655.0,0.04773413897280967,0.004024028778076172,7,5,19632.06635857329,0,0,0
0,mh_exfil_multi_03_benign_372,real,exfil_multi_03,,generator_ground_truth,docker_multihost,79.0,522.0,0.15134099616858238,0.0038290023803710938,7,5,20632.00597758406,0,0,0
0,mh_exfil_multi_03_benign_373,real,exfil_multi_03,,generator_ground_truth,docker_multihost,79.0,1600.0,0.049375,0.004893064498901367,7,5,16145.301174292257,0,0,0
0,mh_exfil_multi_03_benign_374,real,exfil_multi_03,,generator_ground_truth,docker_multihost,79.0,1502.0,0.0525965379494008,0.005640983581542969,7,5,14004.64987320372,0,0,0
0,mh_exfil_multi_03_benign_375,real,exfil_multi_03,,generator_ground_truth,docker_multihost,79.0,1150.0,0.06869565217391305,0.00446009635925293,6,6,17712.621799326454,0,0,0
0,mh_exfil_multi_03_benign_376,real,exfil_multi_03,,generator_ground_truth,docker_multihost,79.0,1361.0,0.05804555473916238,0.0028591156005859375,7,5,27630.92194796531,0,0,0
0,mh_exfil_multi_03_benign_377,real,exfil_multi_03,,generator_ground_truth,docker_multihost,79.0,481.0,0.16424116424116425,0.002331972122192383,6,6,33876.90583784889,0,0,0
0,mh_exfil_multi_03_benign_378,real,exfil_multi_03,,generator_ground_truth,docker_multihost,79.0,1107.0,0.07136404697380307,0.0013928413391113281,6,6,56718.59226292366,0,0,0
0,mh_exfil_multi_03_benign_379,real,exfil_multi_03,,generator_ground_truth,docker_multihost,79.0,2082.0,0.037944284341978864,0.0039789676666259766,7,5,19854.396069267183,0,0,0
0,mh_exfil_multi_03_benign_380,real,exfil_multi_03,,generator_ground_truth,docker_multihost,79.0,1520.0,0.05197368421052632,0.002068042755126953,6,6,38200.37076320037,0,0,0
0,mh_exfil_multi_03_benign_381,real,exfil_multi_03,,generator_ground_truth,docker_multihost,79.0,1004.0,0.07868525896414343,0.00152587890625,6,6,51773.44,0,0,0
0,mh_exfil_multi_03_benign_382,real,exfil_multi_03,,generator_ground_truth,docker_multihost,79.0,1610.0,0.04906832298136646,0.001650094985961914,6,6,47876.03178731397,0,0,0
0,mh_exfil_multi_03_benign_383,real,exfil_multi_03,,generator_ground_truth,docker_multihost,79.0,2010.0,0.039303482587064675,0.0043108463287353516,7,5,18325.867817045517,0,0,0
0,mh_exfil_multi_03_benign_384,real,exfil_multi_03,,generator_ground_truth,docker_multihost,79.0,447.0,0.1767337807606264,0.0031239986419677734,7,5,25288.103182477294,0,0,0
0,mh_exfil_multi_03_benign_385,real,exfil_multi_03,,generator_ground_truth,docker_multihost,79.0,318.0,0.24842767295597484,0.0018057823181152344,6,6,43748.351729601265,0,0,0
0,mh_exfil_multi_03_benign_386,real,exfil_multi_03,,generator_ground_truth,docker_multihost,79.0,1902.0,0.04153522607781283,0.003509998321533203,7,6,22507.13326993615,0,0,0
0,mh_exfil_multi_03_benign_387,real,exfil_multi_03,,generator_ground_truth,docker_multihost,79.0,1015.0,0.07783251231527094,0.0012660026550292969,7,5,62401.1329566855,0,0,0
0,mh_exfil_multi_03_benign_388,real,exfil_multi_03,,generator_ground_truth,docker_multihost,79.0,1871.0,0.042223409941207914,0.0012280941009521484,7,5,64327.318190642596,0,0,0
0,mh_exfil_multi_03_benign_389,real,exfil_multi_03,,generator_ground_truth,docker_multihost,79.0,1062.0,0.0743879472693032,0.0011150836944580078,6,6,70846.70002138123,0,0,0
0,mh_exfil_multi_03_benign_390,real,exfil_multi_03,,generator_ground_truth,docker_multihost,79.0,1947.0,0.040575243965074476,0.0010879039764404297,7,6,72616.70304624151,0,0,0
0,mh_exfil_multi_03_benign_391,real,exfil_multi_03,,generator_ground_truth,docker_multihost,79.0,1826.0,0.04326396495071194,0.0065670013427734375,7,5,12029.843740923614,0,0,0
0,mh_exfil_multi_03_benign_392,real,exfil_multi_03,,generator_ground_truth,docker_multihost,79.0,824.0,0.09587378640776699,0.005507946014404297,7,5,14342.914725997749,0,0,0
0,mh_exfil_multi_03_benign_393,real,exfil_multi_03,,generator_ground_truth,docker_multihost,79.0,1280.0,0.06171875,0.00878596305847168,7,5,8991.615315730916,0,0,0
0,mh_exfil_multi_03_benign_394,real,exfil_multi_03,,generator_ground_truth,docker_multihost,79.0,466.0,0.16952789699570817,0.007614850997924805,6,6,10374.464322614986,0,0,0
0,mh_exfil_multi_03_benign_395,real,exfil_multi_03,,generator_ground_truth,docker_multihost,79.0,1971.0,0.040081177067478435,0.007336139678955078,6,6,10768.606304842378,0,0,0
0,mh_exfil_multi_03_benign_396,real,exfil_multi_03,,generator_ground_truth,docker_multihost,79.0,1664.0,0.047475961538461536,0.008494853973388672,7,5,9299.747852932922,0,0,0
0,mh_exfil_multi_03_benign_397,real,exfil_multi_03,,generator_ground_truth,docker_multihost,79.0,1212.0,0.06518151815181518,0.007684946060180664,6,6,10279.837930071666,0,0,0
0,mh_exfil_multi_03_benign_398,real,exfil_multi_03,,generator_ground_truth,docker_multihost,79.0,1384.0,0.05708092485549133,0.010166168212890625,7,5,7770.8727954971855,0,0,0
0,mh_exfil_multi_03_benign_399,real,exfil_multi_03,,generator_ground_truth,docker_multihost,79.0,1648.0,0.047936893203883495,0.00860285758972168,6,6,9182.995205498433,0,0,0
0,mh_exfil_multi_03_benign_400,real,exfil_multi_03,,generator_ground_truth,docker_multihost,79.0,2066.0,0.03823814133591481,0.009449005126953125,7,5,8360.668550666129,0,0,0
0,mh_exfil_multi_03_benign_401,real,exfil_multi_03,,generator_ground_truth,docker_multihost,79.0,1748.0,0.04519450800915332,0.005650043487548828,7,5,13982.193265254451,0,0,0
0,mh_exfil_multi_03_benign_402,real,exfil_multi_03,,generator_ground_truth,docker_multihost,79.0,582.0,0.13573883161512026,0.002524852752685547,7,5,31288.953352219076,0,0,0
0,mh_exfil_multi_03_benign_403,real,exfil_multi_03,,generator_ground_truth,docker_multihost,79.0,748.0,0.10561497326203209,0.009081125259399414,7,5,8699.362440599649,0,0,0
0,mh_exfil_multi_03_benign_404,real,exfil_multi_03,,generator_ground_truth,docker_multihost,79.0,1759.0,0.044911881750994885,0.003139019012451172,7,6,25167.09828345739,0,0,0
0,mh_exfil_multi_03_benign_405,real,exfil_multi_03,,generator_ground_truth,docker_multihost,79.0,1203.0,0.0656691604322527,0.0027151107788085938,7,5,29096.418686336496,0,0,0
0,mh_exfil_multi_03_benign_406,real,exfil_multi_03,,generator_ground_truth,docker_multihost,79.0,386.0,0.20466321243523317,0.003715038299560547,7,5,21264.922089590553,0,0,0
0,mh_exfil_multi_03_benign_407,real,exfil_multi_03,,generator_ground_truth,docker_multihost,79.0,1339.0,0.05899925317401045,0.0011150836944580078,6,6,70846.70002138123,0,0,0
0,mh_exfil_multi_03_benign_408,real,exfil_multi_03,,generator_ground_truth,docker_multihost,79.0,1704.0,0.04636150234741784,0.0023670196533203125,7,5,33375.303787268334,0,0,0
0,mh_exfil_multi_03_benign_409,real,exfil_multi_03,,generator_ground_truth,docker_multihost,79.0,1822.0,0.0433589462129528,0.0011780261993408203,7,6,67061.32685691156,0,0,0
0,mh_exfil_multi_03_benign_410,real,exfil_multi_03,,generator_ground_truth,docker_multihost,79.0,1989.0,0.03971845148315736,0.002252817153930664,6,6,35067.20457191237,0,0,0
0,mh_exfil_multi_03_benign_411,real,exfil_multi_03,,generator_ground_truth,docker_multihost,79.0,401.0,0.1970074812967581,0.002026081085205078,6,6,38991.529301012,0,0,0
0,mh_exfil_multi_03_benign_412,real,exfil_multi_03,,generator_ground_truth,docker_multihost,79.0,927.0,0.08522114347357065,0.001233816146850586,7,5,64028.988599033815,0,0,0
0,mh_exfil_multi_03_benign_413,real,exfil_multi_03,,generator_ground_truth,docker_multihost,79.0,1551.0,0.050934880722114766,0.003117084503173828,7,5,25344.195808474837,0,0,0
0,mh_exfil_multi_03_benign_414,real,exfil_multi_03,,generator_ground_truth,docker_multihost,79.0,2038.0,0.03876349362119725,0.003136873245239258,7,5,25184.313749334953,0,0,0
0,mh_exfil_multi_03_benign_415,real,exfil_multi_03,,generator_ground_truth,docker_multihost,79.0,404.0,0.19554455445544555,0.003906965255737305,6,6,20220.297552938304,0,0,0
0,mh_exfil_multi_03_benign_416,real,exfil_multi_03,,generator_ground_truth,docker_multihost,79.0,1291.0,0.061192873741285826,0.004116058349609375,7,6,19193.11955514365,0,0,0
0,mh_exfil_multi_03_benign_417,real,exfil_multi_03,,generator_ground_truth,docker_multihost,79.0,1247.0,0.06335204490777867,0.002995014190673828,6,6,26377.170514249323,0,0,0
0,mh_exfil_multi_03_benign_418,real,exfil_multi_03,,generator_ground_truth,docker_multihost,79.0,1674.0,0.047192353643966546,0.0018470287322998047,7,5,42771.39744417194,0,0,0
0,mh_exfil_multi_03_benign_419,real,exfil_multi_03,,generator_ground_truth,docker_multihost,79.0,1492.0,0.05294906166219839,0.0030870437622070312,7,6,25590.82607352487,0,0,0
0,mh_exfil_multi_03_benign_420,real,exfil_multi_03,,generator_ground_truth,docker_multihost,79.0,1976.0,0.039979757085020245,0.0034809112548828125,7,5,22695.206575342465,0,0,0
0,mh_exfil_multi_03_benign_421,real,exfil_multi_03,,generator_ground_truth,docker_multihost,79.0,618.0,0.127831715210356,0.0053560733795166016,7,5,14749.611217449366,0,0,0
0,mh_exfil_multi_03_benign_422,real,exfil_multi_03,,generator_ground_truth,docker_multihost,79.0,1168.0,0.06763698630136987,0.0047359466552734375,6,6,16680.931131695528,0,0,0
0,mh_exfil_multi_03_benign_423,real,exfil_multi_03,,generator_ground_truth,docker_multihost,79.0,1620.0,0.04876543209876543,0.004832029342651367,7,5,16349.23846647259,0,0,0
0,mh_exfil_multi_03_benign_424,real,exfil_multi_03,,generator_ground_truth,docker_multihost,79.0,1072.0,0.07369402985074627,0.003659963607788086,7,5,21584.91407725881,0,0,0
0,mh_exfil_multi_03_benign_425,real,exfil_multi_03,,generator_ground_truth,docker_multihost,79.0,1814.0,0.043550165380374865,0.0037109851837158203,6,6,21288.14751044009,0,0,0
0,mh_exfil_multi_03_benign_426,real,exfil_multi_03,,generator_ground_truth,docker_multihost,79.0,1492.0,0.05294906166219839,0.004005908966064453,7,5,19720.867515771934,0,0,0
0,mh_exfil_multi_03_benign_427,real,exfil_multi_03,,generator_ground_truth,docker_multihost,79.0,887.0,0.08906426155580609,0.003331899642944336,7,5,23710.19792486583,0,0,0
0,mh_exfil_multi_03_benign_428,real,exfil_multi_03,,generator_ground_truth,docker_multihost,79.0,1619.0,0.04879555281037678,0.003796815872192383,6,6,20806.908383045527,0,0,0
0,mh_exfil_multi_03_benign_429,real,exfil_multi_03,,generator_ground_truth,docker_multihost,79.0,1211.0,0.06523534269199009,0.0009288787841796875,6,6,85048.77207392197,0,0,0
0,mh_exfil_multi_03_benign_430,real,exfil_multi_03,,generator_ground_truth,docker_multihost,79.0,901.0,0.0876803551609323,0.0016307830810546875,6,6,48442.98479532164,0,0,0
0,mh_exfil_multi_03_benign_431,real,exfil_multi_03,,generator_ground_truth,docker_multihost,79.0,625.0,0.1264,0.0016620159149169922,6,6,47532.63749820686,0,0,0
0,mh_exfil_multi_03_benign_432,real,exfil_multi_03,,generator_ground_truth,docker_multihost,79.0,965.0,0.08186528497409326,0.0023779869079589844,7,5,33221.37718066974,0,0,0
0,mh_exfil_multi_03_benign_433,real,exfil_multi_03,,generator_ground_truth,docker_multihost,79.0,1683.0,0.046939988116458706,0.0011289119720458984,6,6,69978.88405491025,0,0,0
0,mh_exfil_multi_03_benign_434,real,exfil_multi_03,,generator_ground_truth,docker_multihost,79.0,1392.0,0.05675287356321839,0.004180908203125,7,5,18895.41605839416,0,0,0
0,mh_exfil_multi_03_benign_435,real,exfil_multi_03,,generator_ground_truth,docker_multihost,79.0,702.0,0.11253561253561253,0.002355813980102539,6,6,33534.05687683433,0,0,0
0,mh_exfil_multi_03_benign_436,real,exfil_multi_03,,generator_ground_truth,docker_multihost,79.0,1105.0,0.07149321266968325,0.0009949207305908203,7,5,79403.31080757249,0,0,0
0,mh_exfil_multi_03_benign_437,real,exfil_multi_03,,generator_ground_truth,docker_multihost,79.0,804.0,0.09825870646766169,0.0016620159149169922,6,6,47532.63749820686,0,0,0
0,mh_exfil_multi_03_benign_438,real,exfil_multi_03,,generator_ground_truth,docker_multihost,79.0,667.0,0.1184407796101949,0.0007951259613037109,6,6,99355.32713643178,0,0,0
0,mh_exfil_multi_03_benign_439,real,exfil_multi_03,,generator_ground_truth,docker_multihost,79.0,1406.0,0.0561877667140825,0.0016219615936279297,6,6,48706.45538732912,0,0,0
0,mh_exfil_multi_03_benign_440,real,exfil_multi_03,,generator_ground_truth,docker_multihost,79.0,2086.0,0.03787152444870566,0.0008790493011474609,6,6,89869.81719555194,0,0,0
0,mh_exfil_multi_03_benign_441,real,exfil_multi_03,,generator_ground_truth,docker_multihost,79.0,1955.0,0.04040920716112532,0.000988006591796875,6,6,79958.9806949807,0,0,0
0,mh_exfil_multi_03_benign_442,real,exfil_multi_03,,generator_ground_truth,docker_multihost,79.0,1884.0,0.04193205944798301,0.002899169921875,7,5,27249.178947368422,0,0,0
0,mh_exfil_multi_03_benign_443,real,exfil_multi_03,,generator_ground_truth,docker_multihost,79.0,1508.0,0.05238726790450928,0.001895904541015625,6,6,41668.76458752515,0,0,0
0,mh_exfil_multi_03_benign_444,real,exfil_multi_03,,generator_ground_truth,docker_multihost,79.0,632.0,0.125,0.00168609619140625,7,5,46853.79185520362,0,0,0
0,mh_exfil_multi_03_benign_445,real,exfil_multi_03,,generator_ground_truth,docker_multihost,79.0,1024.0,0.0771484375,0.0016880035400390625,7,5,46800.849717514124,0,0,0
0,mh_exfil_multi_03_benign_446,real,exfil_multi_03,,generator_ground_truth,docker_multihost,79.0,1307.0,0.060443764345830146,0.0008029937744140625,6,6,98381.83372921615,0,0,0
0,mh_exfil_multi_03_benign_447,real,exfil_multi_03,,generator_ground_truth,docker_multihost,79.0,1872.0,0.042200854700854704,0.0012569427490234375,7,5,62850.91350531108,0,0,0
0,mh_exfil_multi_03_benign_448,real,exfil_multi_03,,generator_ground_truth,docker_multihost,79.0,451.0,0.17516629711751663,0.0017209053039550781,7,5,45906.07037960654,0,0,0
0,mh_exfil_multi_03_benign_449,real,exfil_multi_03,,generator_ground_truth,docker_multihost,79.0,1407.0,0.05614783226723525,0.0011858940124511719,6,6,66616.4085243265,0,0,0
0,mh_exfil_multi_03_benign_450,real,exfil_multi_03,,generator_ground_truth,docker_multihost,79.0,1962.0,0.040265035677879715,0.0020618438720703125,7,5,38315.219241443105,0,0,0
0,mh_exfil_multi_03_benign_451,real,exfil_multi_03,,generator_ground_truth,docker_multihost,79.0,1429.0,0.055283414975507345,0.001992940902709961,7,5,39639.91099413805,0,0,0
0,mh_exfil_multi_03_benign_452,real,exfil_multi_03,,generator_ground_truth,docker_multihost,79.0,682.0,0.1158357771260997,0.0027921199798583984,7,5,28293.91307317906,0,0,0
0,mh_exfil_multi_03_benign_453,real,exfil_multi_03,,generator_ground_truth,docker_multihost,79.0,631.0,0.12519809825673534,0.0024309158325195312,7,5,32498.04001569243,0,0,0
0,mh_exfil_multi_03_benign_454,real,exfil_multi_03,,generator_ground_truth,docker_multihost,79.0,1589.0,0.04971680302076778,0.0026628971099853516,7,5,29666.936699794074,0,0,0
0,mh_exfil_multi_03_benign_455,real,exfil_multi_03,,generator_ground_truth,docker_multihost,79.0,1809.0,0.04367053620784964,0.0016770362854003906,7,6,47106.911572362806,0,0,0
0,mh_exfil_multi_03_benign_456,real,exfil_multi_03,,generator_ground_truth,docker_multihost,79.0,422.0,0.1872037914691943,0.0032961368560791016,7,5,23967.45142857143,0,0,0
0,mh_exfil_multi_03_benign_457,real,exfil_multi_03,,generator_ground_truth,docker_multihost,79.0,2077.0,0.03803562831006259,0.004433155059814453,7,5,17820.265461976982,0,0,0
0,mh_exfil_multi_03_benign_458,real,exfil_multi_03,,generator_ground_truth,docker_multihost,79.0,708.0,0.1115819209039548,0.004984140396118164,6,6,15850.275819182014,0,0,0
0,mh_exfil_multi_03_benign_459,real,exfil_multi_03,,generator_ground_truth,docker_multihost,79.0,457.0,0.17286652078774617,0.0007729530334472656,6,6,102205.43368291178,0,0,0
0,mh_exfil_multi_03_benign_460,real,exfil_multi_03,,generator_ground_truth,docker_multihost,79.0,566.0,0.13957597173144876,0.005833148956298828,6,6,13543.28521213112,0,0,0
0,mh_exfil_multi_03_benign_461,real,exfil_multi_03,,generator_ground_truth,docker_multihost,79.0,951.0,0.08307045215562565,0.001232147216796875,6,6,64115.715170278636,0,0,0
0,mh_exfil_multi_03_benign_462,real,exfil_multi_03,,generator_ground_truth,docker_multihost,79.0,1508.0,0.05238726790450928,0.0023369789123535156,7,5,33804.32728014691,0,0,0
0,mh_exfil_multi_03_benign_463,real,exfil_multi_03,,generator_ground_truth,docker_multihost,79.0,1956.0,0.040388548057259714,0.0008699893951416016,6,6,90805.70457659633,0,0,0
0,mh_exfil_multi_03_benign_464,real,exfil_multi_03,,generator_ground_truth,docker_multihost,79.0,1377.0,0.05737109658678286,0.003106832504272461,7,5,25427.827181336812,0,0,0
0,mh_exfil_multi_03_benign_465,real,exfil_multi_03,,generator_ground_truth,docker_multihost,79.0,1936.0,0.040805785123966945,0.006699085235595703,6,6,11792.654850879066,0,0,0
0,mh_exfil_multi_03_benign_466,real,exfil_multi_03,,generator_ground_truth,docker_multihost,79.0,1267.0,0.062352012628255724,0.007325172424316406,6,6,10784.729071735452,0,0,0
0,mh_exfil_multi_03_benign_467,real,exfil_multi_03,,generator_ground_truth,docker_multihost,79.0,1902.0,0.04153522607781283,0.0076410770416259766,7,5,10338.856625791756,0,0,0
0,mh_exfil_multi_03_benign_468,real,exfil_multi_03,,generator_ground_truth,docker_multihost,79.0,1048.0,0.07538167938931298,0.00746607780456543,6,6,10581.191633402523,0,0,0
0,mh_exfil_multi_03_benign_469,real,exfil_multi_03,,generator_ground_truth,docker_multihost,79.0,749.0,0.1054739652870494,0.004615068435668945,6,6,17117.839334607637,0,0,0
0,mh_exfil_multi_03_benign_470,real,exfil_multi_03,,generator_ground_truth,docker_multihost,79.0,416.0,0.18990384615384615,0.008718013763427734,7,5,9061.697095662637,0,0,0
0,mh_exfil_multi_03_benign_471,real,exfil_multi_03,,generator_ground_truth,docker_multihost,79.0,955.0,0.08272251308900523,0.0058901309967041016,7,6,13412.265371382311,0,0,0
0,mh_exfil_multi_03_benign_472,real,exfil_multi_03,,generator_ground_truth,docker_multihost,79.0,960.0,0.08229166666666667,0.006376981735229492,7,5,12388.305828691067,0,0,0
0,mh_exfil_multi_03_benign_473,real,exfil_multi_03,,generator_ground_truth,docker_multihost,79.0,1825.0,0.04328767123287671,0.005572080612182617,7,5,14177.827906379702,0,0,0
0,mh_exfil_multi_03_benign_474,real,exfil_multi_03,,generator_ground_truth,docker_multihost,79.0,929.0,0.08503767491926803,0.005719900131225586,7,5,13811.429952899003,0,0,0
0,mh_exfil_multi_03_benign_475,real,exfil_multi_03,,generator_ground_truth,docker_multihost,79.0,1408.0,0.056107954545454544,0.003679990768432617,7,5,21467.445157110462,0,0,0
0,mh_exfil_multi_03_benign_476,real,exfil_multi_03,,generator_ground_truth,docker_multihost,79.0,1956.0,0.040388548057259714,0.008920907974243164,7,5,8855.60082315525,0,0,0
0,mh_exfil_multi_03_benign_477,real,exfil_multi_03,,generator_ground_truth,docker_multihost,79.0,735.0,0.10748299319727891,0.0015571117401123047,7,5,50734.95881182055,0,0,0
0,mh_exfil_multi_03_benign_478,real,exfil_multi_03,,generator_ground_truth,docker_multihost,79.0,1751.0,0.04511707595659623,0.0019757747650146484,7,5,39984.31470978641,0,0,0
0,mh_exfil_multi_03_benign_479,real,exfil_multi_03,,generator_ground_truth,docker_multihost,79.0,1805.0,0.04376731301939058,0.001085042953491211,7,5,72808.17754339706,0,0,0
0,mh_exfil_multi_03_benign_480,real,exfil_multi_03,,generator_ground_truth,docker_multihost,79.0,467.0,0.16916488222698073,0.001107931137084961,6,6,71304.07058317194,0,0,0
0,mh_exfil_multi_03_benign_481,real,exfil_multi_03,,generator_ground_truth,docker_multihost,79.0,1063.0,0.07431796801505174,0.0008418560028076172,6,6,93840.2764089493,0,0,0
0,mh_exfil_multi_03_benign_482,real,exfil_multi_03,,generator_ground_truth,docker_multihost,79.0,1321.0,0.05980317940953823,0.0018999576568603516,6,6,41579.874011795706,0,0,0
0,mh_exfil_multi_03_benign_483,real,exfil_multi_03,,generator_ground_truth,docker_multihost,79.0,1111.0,0.0711071107110711,0.0012540817260742188,6,6,62994.29961977186,0,0,0
0,mh_exfil_multi_03_benign_484,real,exfil_multi_03,,generator_ground_truth,docker_multihost,79.0,671.0,0.11773472429210134,0.001132965087890625,7,5,69728.53872053872,0,0,0
0,mh_exfil_multi_03_benign_485,real,exfil_multi_03,,generator_ground_truth,docker_multihost,79.0,1165.0,0.06781115879828326,0.0018198490142822266,7,5,43410.19468099043,0,0,0
0,mh_exfil_multi_03_benign_486,real,exfil_multi_03,,generator_ground_truth,docker_multihost,79.0,1926.0,0.04101765316718588,0.002043008804321289,7,5,38668.457929746764,0,0,0
0,mh_exfil_multi_03_benign_487,real,exfil_multi_03,,generator_ground_truth,docker_multihost,79.0,1130.0,0.06991150442477877,0.0019159317016601562,7,5,41233.20258835241,0,0,0
0,mh_exfil_multi_03_benign_488,real,exfil_multi_03,,generator_ground_truth,docker_multihost,79.0,443.0,0.17832957110609482,0.005572795867919922,6,6,14176.008214255155,0,0,0
0,mh_exfil_multi_03_benign_489,real,exfil_multi_03,,generator_ground_truth,docker_multihost,79.0,1907.0,0.041426324069218666,0.004186153411865234,6,6,18871.7402893268,0,0,0
0,mh_exfil_multi_03_benign_490,real,exfil_multi_03,,generator_ground_truth,docker_multihost,79.0,1578.0,0.050063371356147024,0.0009851455688476562,6,6,80191.19457889642,0,0,0
0,mh_exfil_multi_03_benign_491,real,exfil_multi_03,,generator_ground_truth,docker_multihost,79.0,1668.0,0.047362110311750596,0.0015311241149902344,7,6,51596.07848022423,0,0,0
0,mh_exfil_multi_03_benign_492,real,exfil_multi_03,,generator_ground_truth,docker_multihost,79.0,1979.0,0.03991915108640728,0.0011560916900634766,7,5,68333.68034646318,0,0,0
0,mh_exfil_multi_03_benign_493,real,exfil_multi_03,,generator_ground_truth,docker_multihost,79.0,1720.0,0.045930232558139536,0.0009009838104248047,7,5,87681.93066948929,0,0,0
0,mh_exfil_multi_03_benign_494,real,exfil_multi_03,,generator_ground_truth,docker_multihost,79.0,1334.0,0.05922038980509745,0.0012619495391845703,7,5,62601.55223880597,0,0,0
0,mh_exfil_multi_03_benign_495,real,exfil_multi_03,,generator_ground_truth,docker_multihost,79.0,481.0,0.16424116424116425,0.0015361309051513672,7,5,51427.90873816545,0,0,0
0,mh_exfil_multi_03_benign_496,real,exfil_multi_03,,generator_ground_truth,docker_multihost,79.0,1615.0,0.04891640866873065,0.0018639564514160156,6,6,42382.96444103351,0,0,0
0,mh_exfil_multi_03_benign_497,real,exfil_multi_03,,generator_ground_truth,docker_multihost,79.0,1206.0,0.06550580431177445,0.0014908313751220703,6,6,52990.567087797855,0,0,0
0,mh_exfil_multi_03_benign_498,real,exfil_multi_03,,generator_ground_truth,docker_multihost,79.0,1934.0,0.040847983453981385,0.0009121894836425781,7,6,86604.81338212232,0,0,0
0,mh_exfil_multi_03_benign_499,real,exfil_multi_03,,generator_ground_truth,docker_multihost,79.0,1364.0,0.05791788856304985,0.001580953598022461,6,6,49969.84104961544,0,0,0
0,mh_exfil_multi_03_benign_500,real,exfil_multi_03,,generator_ground_truth,docker_multihost,79.0,1668.0,0.047362110311750596,0.0006589889526367188,6,6,119880.61360347323,0,0,0
0,mh_exfil_multi_03_benign_501,real,exfil_multi_03,,generator_ground_truth,docker_multihost,79.0,1795.0,0.04401114206128134,0.0015590190887451172,6,6,50672.8882092063,0,0,0
0,mh_exfil_multi_03_benign_502,real,exfil_multi_03,,generator_ground_truth,docker_multihost,79.0,319.0,0.2476489028213166,0.0021278858184814453,6,6,37126.05221288515,0,0,0
0,mh_exfil_multi_03_benign_503,real,exfil_multi_03,,generator_ground_truth,docker_multihost,79.0,861.0,0.09175377468060394,0.001149892807006836,7,5,68702.05598175409,0,0,0
0,mh_exfil_multi_03_benign_504,real,exfil_multi_03,,generator_ground_truth,docker_multihost,79.0,1978.0,0.03993933265925177,0.0022149085998535156,7,5,35667.38600645856,0,0,0
0,mh_exfil_multi_03_benign_505,real,exfil_multi_03,,generator_ground_truth,docker_multihost,79.0,1273.0,0.062058130400628436,0.002733945846557617,7,5,28895.963721984826,0,0,0
0,mh_exfil_multi_03_benign_506,real,exfil_multi_03,,generator_ground_truth,docker_multihost,79.0,438.0,0.18036529680365296,0.0016450881958007812,7,6,48021.74144927536,0,0,0
0,mh_exfil_multi_03_benign_507,real,exfil_multi_03,,generator_ground_truth,docker_multihost,79.0,830.0,0.09518072289156626,0.00360107421875,6,6,21937.898305084746,0,0,0
0,mh_exfil_multi_03_benign_508,real,exfil_multi_03,,generator_ground_truth,docker_multihost,79.0,578.0,0.13667820069204153,0.0009400844573974609,7,5,84035.002789754,0,0,0
0,mh_exfil_multi_03_benign_509,real,exfil_multi_03,,generator_ground_truth,docker_multihost,79.0,1059.0,0.07459867799811143,0.0009350776672363281,6,6,84484.96073431922,0,0,0
0,mh_exfil_multi_03_benign_510,real,exfil_multi_03,,generator_ground_truth,docker_multihost,79.0,549.0,0.14389799635701275,0.0009999275207519531,6,6,79005.72627563185,0,0,0
0,mh_exfil_multi_03_benign_511,real,exfil_multi_03,,generator_ground_truth,docker_multihost,79.0,490.0,0.16122448979591836,0.0008599758148193359,7,6,91863.04851677293,0,0,0
0,mh_exfil_multi_03_benign_512,real,exfil_multi_03,,generator_ground_truth,docker_multihost,79.0,1098.0,0.07194899817850638,0.0016100406646728516,6,6,49067.083666518585,0,0,0
0,mh_exfil_multi_03_benign_513,real,exfil_multi_03,,generator_ground_truth,docker_multihost,79.0,1685.0,0.04688427299703264,0.002769947052001953,7,5,28520.400757445343,0,0,0
0,mh_exfil_multi_03_benign_514,real,exfil_multi_03,,generator_ground_truth,docker_multihost,79.0,1259.0,0.06274821286735505,0.0016927719116210938,7,5,46669.01633802817,0,0,0
0,mh_exfil_multi_03_benign_515,real,exfil_multi_03,,generator_ground_truth,docker_multihost,79.0,479.0,0.1649269311064718,0.003103017807006836,7,5,25459.08689973108,0,0,0
0,mh_exfil_multi_03_benign_516,real,exfil_multi_03,,generator_ground_truth,docker_multihost,79.0,1878.0,0.04206602768903089,0.0023589134216308594,7,5,33489.99555286032,0,0,0
0,mh_exfil_multi_03_benign_517,real,exfil_multi_03,,generator_ground_truth,docker_multihost,79.0,1282.0,0.06162246489859594,0.002953767776489258,7,5,26745.50133182662,0,0,0
0,mh_exfil_multi_03_benign_518,real,exfil_multi_03,,generator_ground_truth,docker_multihost,79.0,1719.0,0.04595695171611402,0.0029828548431396484,6,6,26484.694748621212,0,0,0
0,mh_exfil_multi_03_benign_519,real,exfil_multi_03,,generator_ground_truth,docker_multihost,79.0,1756.0,0.044988610478359906,0.003443002700805664,6,6,22945.088013295477,0,0,0
0,mh_exfil_multi_03_benign_520,real,exfil_multi_03,,generator_ground_truth,docker_multihost,79.0,2114.0,0.03736991485335856,0.0008280277252197266,7,6,95407.43334293118,0,0,0
0,mh_exfil_multi_03_benign_521,real,exfil_multi_03,,generator_ground_truth,docker_multihost,79.0,1220.0,0.06475409836065574,0.0006279945373535156,7,6,125797.27258921792,0,0,0
0,mh_exfil_multi_03_benign_522,real,exfil_multi_03,,generator_ground_truth,docker_multihost,79.0,1956.0,0.040388548057259714,0.0006198883056640625,6,6,127442.31384615385,0,0,0
0,mh_exfil_multi_03_benign_523,real,exfil_multi_03,,generator_ground_truth,docker_multihost,79.0,1834.0,0.0430752453653217,0.0007708072662353516,7,5,102489.95236622333,0,0,0
0,mh_exfil_multi_03_benign_524,real,exfil_multi_03,,generator_ground_truth,docker_multihost,79.0,756.0,0.10449735449735449,0.00189208984375,7,5,41752.77419354839,0,0,0
0,mh_exfil_multi_03_benign_525,real,exfil_multi_03,,generator_ground_truth,docker_multihost,79.0,953.0,0.08289611752360965,0.0013699531555175781,6,6,57666.205360250606,0,0,0
0,mh_exfil_multi_03_benign_526,real,exfil_multi_03,,generator_ground_truth,docker_multihost,79.0,1064.0,0.07424812030075188,0.0030319690704345703,7,5,26055.674766061176,0,0,0
0,mh_exfil_multi_03_benign_527,real,exfil_multi_03,,generator_ground_truth,docker_multihost,79.0,1234.0,0.0640194489465154,0.004893064498901367,6,6,16145.301174292257,0,0,0
0,mh_exfil_multi_03_benign_528,real,exfil_multi_03,,generator_ground_truth,docker_multihost,79.0,2068.0,0.03820116054158607,0.0037958621978759766,6,6,20812.135921110483,0,0,0
0,mh_exfil_multi_03_benign_529,real,exfil_multi_03,,generator_ground_truth,docker_multihost,79.0,820.0,0.09634146341463415,0.0013279914855957031,7,5,59488.333213644524,0,0,0
0,mh_exfil_multi_03_benign_530,real,exfil_multi_03,,generator_ground_truth,docker_multihost,79.0,1000.0,0.079,0.006533145904541016,7,6,12092.183636230931,0,0,0
0,mh_exfil_multi_03_benign_531,real,exfil_multi_03,,generator_ground_truth,docker_multihost,79.0,724.0,0.10911602209944751,0.005631208419799805,7,5,14028.96041322664,0,0,0
0,mh_exfil_multi_03_benign_532,real,exfil_multi_03,,generator_ground_truth,docker_multihost,79.0,1911.0,0.041339612768184195,0.006119966506958008,7,5,12908.567376991701,0,0,0
0,mh_exfil_multi_03_benign_533,real,exfil_multi_03,,generator_ground_truth,docker_multihost,79.0,1788.0,0.0441834451901566,0.006300926208496094,7,5,12537.839261389436,0,0,0
0,mh_exfil_multi_03_benign_534,real,exfil_multi_03,,generator_ground_truth,docker_multihost,79.0,415.0,0.19036144578313252,0.006407022476196289,6,6,12330.220518736278,0,0,0
0,mh_exfil_multi_03_benign_535,real,exfil_multi_03,,generator_ground_truth,docker_multihost,79.0,2052.0,0.0384990253411306,0.0034210681915283203,6,6,23092.202662206426,0,0,0
0,mh_exfil_multi_03_benign_536,real,exfil_multi_03,,generator_ground_truth,docker_multihost,79.0,1516.0,0.052110817941952506,0.003504037857055664,6,6,22545.418520786556,0,0,0
0,mh_exfil_multi_03_benign_537,real,exfil_multi_03,,generator_ground_truth,docker_multihost,79.0,1808.0,0.043694690265486724,0.003961801528930664,7,5,19940.423421796953,0,0,0
0,mh_exfil_multi_03_benign_538,real,exfil_multi_03,,generator_ground_truth,docker_multihost,79.0,1067.0,0.07403936269915651,0.005302906036376953,7,5,14897.491952162576,0,0,0
0,mh_exfil_multi_03_benign_539,real,exfil_multi_03,,generator_ground_truth,docker_multihost,79.0,1369.0,0.0577063550036523,0.002783060073852539,6,6,28386.020388931724,0,0,0
0,mh_exfil_multi_03_benign_540,real,exfil_multi_03,,generator_ground_truth,docker_multihost,79.0,648.0,0.12191358024691358,0.002732992172241211,7,5,28906.04693361249,0,0,0
0,mh_exfil_multi_03_benign_541,real,exfil_multi_03,,generator_ground_truth,docker_multihost,79.0,1026.0,0.0769980506822612,0.0014400482177734375,6,6,54859.27417218543,0,0,0
0,mh_exfil_multi_03_benign_542,real,exfil_multi_03,,generator_ground_truth,docker_multihost,79.0,2056.0,0.03842412451361868,0.0008299350738525391,7,6,95188.16891697788,0,0,0
0,mh_exfil_multi_03_benign_543,real,exfil_multi_03,,generator_ground_truth,docker_multihost,79.0,2038.0,0.03876349362119725,0.0016329288482666016,6,6,48379.327785078116,0,0,0
0,mh_exfil_multi_03_benign_544,real,exfil_multi_03,,generator_ground_truth,docker_multihost,79.0,1843.0,0.04286489419424851,0.002713918685913086,7,5,29109.199332337696,0,0,0
0,mh_exfil_multi_03_benign_545,real,exfil_multi_03,,generator_ground_truth,docker_multihost,79.0,698.0,0.11318051575931232,0.0018720626831054688,6,6,42199.44167091187,0,0,0
0,mh_exfil_multi_03_benign_546,real,exfil_multi_03,,generator_ground_truth,docker_multihost,79.0,1215.0,0.06502057613168724,0.003584146499633789,7,5,22041.509745227166,0,0,0
0,mh_exfil_multi_03_benign_547,real,exfil_multi_03,,generator_ground_truth,docker_multihost,79.0,1356.0,0.05825958702064897,0.003141164779663086,6,6,25149.90633776091,0,0,0
0,mh_exfil_multi_03_benign_548,real,exfil_multi_03,,generator_ground_truth,docker_multihost,79.0,1288.0,0.06133540372670807,0.005402088165283203,6,6,14623.974578515315,0,0,0
0,mh_exfil_multi_03_benign_549,real,exfil_multi_03,,generator_ground_truth,docker_multihost,79.0,1273.0,0.062058130400628436,0.003111124038696289,6,6,25392.75162847728,0,0,0
0,mh_exfil_multi_03_benign_550,real,exfil_multi_03,,generator_ground_truth,docker_multihost,79.0,538.0,0.14684014869888476,0.0012102127075195312,7,5,65277.780929866036,0,0,0
0,mh_exfil_multi_03_benign_551,real,exfil_multi_03,,generator_ground_truth,docker_multihost,79.0,816.0,0.09681372549019608,0.00133514404296875,6,6,59169.64571428571,0,0,0
0,mh_exfil_multi_03_benign_552,real,exfil_multi_03,,generator_ground_truth,docker_multihost,79.0,387.0,0.2041343669250646,0.0030028820037841797,7,5,26308.060023818976,0,0,0
0,mh_exfil_multi_03_benign_553,real,exfil_multi_03,,generator_ground_truth,docker_multihost,79.0,994.0,0.079476861167002,0.002619028091430664,7,5,30163.86126536186,0,0,0
0,mh_exfil_multi_03_benign_554,real,exfil_multi_03,,generator_ground_truth,docker_multihost,79.0,1010.0,0.07821782178217822,0.0012271404266357422,6,6,64377.31027783175,0,0,0
0,mh_exfil_multi_03_benign_555,real,exfil_multi_03,,generator_ground_truth,docker_multihost,79.0,1160.0,0.06810344827586207,0.003525972366333008,6,6,22405.16708364325,0,0,0
0,mh_exfil_multi_03_benign_556,real,exfil_multi_03,,generator_ground_truth,docker_multihost,79.0,715.0,0.11048951048951049,0.0013320446014404297,7,5,59307.32342938965,0,0,0
0,mh_exfil_multi_03_benign_557,real,exfil_multi_03,,generator_ground_truth,docker_multihost,79.0,1477.0,0.05348679756262695,0.0015239715576171875,7,5,51838.237797246555,0,0,0
0,mh_exfil_multi_03_benign_558,real,exfil_multi_03,,generator_ground_truth,docker_multihost,79.0,1622.0,0.04870530209617756,0.0007479190826416016,6,6,105626.39974497928,0,0,0
0,mh_exfil_multi_03_benign_559,real,exfil_multi_03,,generator_ground_truth,docker_multihost,79.0,1195.0,0.06610878661087866,0.0012159347534179688,6,6,64970.59137254902,0,0,0
0,mh_exfil_multi_03_benign_560,real,exfil_multi_03,,generator_ground_truth,docker_multihost,79.0,1531.0,0.051600261267145654,0.0014319419860839844,6,6,55169.832833832836,0,0,0
0,mh_exfil_multi_03_benign_561,real,exfil_multi_03,,generator_ground_truth,docker_multihost,79.0,1585.0,0.049842271293375394,0.0014500617980957031,6,6,54480.436698454454,0,0,0
0,mh_exfil_multi_03_benign_562,real,exfil_multi_03,,generator_ground_truth,docker_multihost,79.0,1532.0,0.05156657963446475,0.0012040138244628906,7,6,65613.86455445545,0,0,0
0,mh_exfil_multi_03_benign_563,real,exfil_multi_03,,generator_ground_truth,docker_multihost,79.0,820.0,0.09634146341463415,0.002858877182006836,7,5,27633.226253023102,0,0,0
0,mh_exfil_multi_03_benign_564,real,exfil_multi_03,,generator_ground_truth,docker_multihost,79.0,978.0,0.08077709611451943,0.0013151168823242188,7,5,60070.70630891951,0,0,0
0,mh_exfil_multi_03_benign_565,real,exfil_multi_03,,generator_ground_truth,docker_multihost,79.0,1204.0,0.06561461794019934,0.002048969268798828,7,5,38555.97114265767,0,0,0
0,mh_exfil_multi_03_benign_566,real,exfil_multi_03,,generator_ground_truth,docker_multihost,79.0,534.0,0.14794007490636704,0.001814126968383789,6,6,43547.117361019846,0,0,0
0,mh_exfil_multi_03_benign_567,real,exfil_multi_03,,generator_ground_truth,docker_multihost,79.0,1210.0,0.0652892561983471,0.0012640953063964844,6,6,62495.28781591852,0,0,0
0,mh_exfil_multi_03_benign_568,real,exfil_multi_03,,generator_ground_truth,docker_multihost,79.0,1352.0,0.058431952662721894,0.0011720657348632812,6,6,67402.36289666395,0,0,0
0,mh_exfil_multi_03_benign_569,real,exfil_multi_03,,generator_ground_truth,docker_multihost,79.0,1639.0,0.04820012202562538,0.004576921463012695,7,5,17260.510288065845,0,0,0
0,mh_exfil_multi_03_benign_570,real,exfil_multi_03,,generator_ground_truth,docker_multihost,79.0,1010.0,0.07821782178217822,0.0024678707122802734,7,5,32011.40141049174,0,0,0
0,mh_exfil_multi_03_benign_571,real,exfil_multi_03,,generator_ground_truth,docker_multihost,79.0,1828.0,0.04321663019693654,0.0028009414672851562,7,5,28204.802179094313,0,0,0
0,mh_exfil_multi_03_benign_572,real,exfil_multi_03,,generator_ground_truth,docker_multihost,79.0,776.0,0.1018041237113402,0.004450082778930664,6,6,17752.478757031877,0,0,0
0,mh_exfil_multi_03_benign_573,real,exfil_multi_03,,generator_ground_truth,docker_multihost,79.0,410.0,0.1926829268292683,0.0056421756744384766,7,5,14001.690935981407,0,0,0
0,mh_exfil_multi_03_benign_574,real,exfil_multi_03,,generator_ground_truth,docker_multihost,79.0,975.0,0.08102564102564103,0.005852937698364258,7,5,13497.495458063466,0,0,0
0,mh_exfil_multi_03_benign_575,real,exfil_multi_03,,generator_ground_truth,docker_multihost,79.0,1344.0,0.058779761904761904,0.008587837219238281,7,5,9199.056524153248,0,0,0
0,mh_exfil_multi_03_benign_576,real,exfil_multi_03,,generator_ground_truth,docker_multihost,79.0,1859.0,0.04249596557288865,0.008642196655273438,6,6,9141.194438313838,0,0,0
0,mh_exfil_multi_03_benign_577,real,exfil_multi_03,,generator_ground_truth,docker_multihost,79.0,456.0,0.17324561403508773,0.01250314712524414,6,6,6318.409213988788,0,0,0
0,mh_exfil_multi_03_benign_578,real,exfil_multi_03,,generator_ground_truth,docker_multihost,79.0,1803.0,0.043815862451469775,0.21514391899108887,8,5,367.19606285163997,0,0,0
0,mh_exfil_multi_03_benign_579,real,exfil_multi_03,,generator_ground_truth,docker_multihost,79.0,1400.0,0.056428571428571425,0.21699786186218262,8,5,364.05888667314906,0,0,0
0,mh_exfil_multi_03_benign_580,real,exfil_multi_03,,generator_ground_truth,docker_multihost,79.0,2035.0,0.03882063882063882,0.012598991394042969,6,6,6270.343198849444,0,0,0
0,mh_exfil_multi_03_benign_581,real,exfil_multi_03,,generator_ground_truth,docker_multihost,79.0,1094.0,0.07221206581352833,0.014676809310913086,7,5,5382.641303464969,0,0,0
0,mh_exfil_multi_03_benign_582,real,exfil_multi_03,,generator_ground_truth,docker_multihost,79.0,1730.0,0.04566473988439306,0.008112907409667969,7,5,9737.569530974491,0,0,0
0,mh_exfil_multi_03_benign_583,real,exfil_multi_03,,generator_ground_truth,docker_multihost,79.0,1975.0,0.04,0.008607149124145508,7,5,9178.416553558072,0,0,0
0,mh_exfil_multi_03_benign_584,real,exfil_multi_03,,generator_ground_truth,docker_multihost,79.0,586.0,0.1348122866894198,0.0075261592864990234,7,5,10496.721766401623,0,0,0
0,mh_exfil_multi_03_benign_585,real,exfil_multi_03,,generator_ground_truth,docker_multihost,79.0,1587.0,0.04977945809703844,0.0077059268951416016,7,5,10251.849138331116,0,0,0
0,mh_exfil_multi_03_benign_586,real,exfil_multi_03,,generator_ground_truth,docker_multihost,79.0,352.0,0.22443181818181818,0.005017995834350586,7,5,15743.337102674966,0,0,0
0,mh_exfil_multi_03_benign_587,real,exfil_multi_03,,generator_ground_truth,docker_multihost,79.0,1589.0,0.04971680302076778,0.005381107330322266,7,5,14680.99317678334,0,0,0
0,mh_exfil_multi_03_benign_588,real,exfil_multi_03,,generator_ground_truth,docker_multihost,79.0,1766.0,0.04473386183465459,0.004929065704345703,6,6,16027.378156138144,0,0,0
0,mh_exfil_multi_03_benign_589,real,exfil_multi_03,,generator_ground_truth,docker_multihost,79.0,1806.0,0.043743078626799554,0.005084991455078125,6,6,15535.915978994748,0,0,0
0,mh_exfil_multi_03_benign_590,real,exfil_multi_03,,generator_ground_truth,docker_multihost,79.0,861.0,0.09175377468060394,0.005967140197753906,6,6,13239.172766501519,0,0,0
0,mh_exfil_multi_03_benign_591,real,exfil_multi_03,,generator_ground_truth,docker_multihost,79.0,1990.0,0.03969849246231156,0.0025408267974853516,7,6,31092.241343717746,0,0,0
0,mh_exfil_multi_03_benign_592,real,exfil_multi_03,,generator_ground_truth,docker_multihost,79.0,1981.0,0.039878849066128215,0.0012738704681396484,6,6,62015.724499344935,0,0,0
0,mh_exfil_multi_03_benign_593,real,exfil_multi_03,,generator_ground_truth,docker_multihost,79.0,889.0,0.08886389201349831,0.0015459060668945312,7,5,51102.71684145589,0,0,0
0,mh_exfil_multi_03_benign_594,real,exfil_multi_03,,generator_ground_truth,docker_multihost,79.0,1119.0,0.07059874888293119,0.0036458969116210938,7,5,21668.19356526288,0,0,0
0,mh_exfil_multi_03_benign_595,real,exfil_multi_03,,generator_ground_truth,docker_multihost,79.0,2064.0,0.03827519379844961,0.0029380321502685547,7,5,26888.74592225919,0,0,0
0,mh_exfil_multi_03_benign_596,real,exfil_multi_03,,generator_ground_truth,docker_multihost,79.0,1056.0,0.07481060606060606,0.001088857650756836,6,6,72553.1018173856,0,0,0
0,mh_exfil_multi_03_benign_597,real,exfil_multi_03,,generator_ground_truth,docker_multihost,79.0,329.0,0.24012158054711247,0.0007719993591308594,7,6,102331.69116738728,0,0,0
0,mh_exfil_multi_03_benign_598,real,exfil_multi_03,,generator_ground_truth,docker_multihost,79.0,782.0,0.1010230179028133,0.0010609626770019531,6,6,74460.67775280899,0,0,0
0,mh_exfil_multi_03_benign_599,real,exfil_multi_03,,generator_ground_truth,docker_multihost,79.0,389.0,0.20308483290488433,0.0009310245513916016,7,5,84852.75697823304,0,0,0
0,mh_exfil_multi_03_benign_600,real,exfil_multi_03,,generator_ground_truth,docker_multihost,79.0,1812.0,0.04359823399558499,0.0011720657348632812,6,6,67402.36289666395,0,0,0
0,mh_exfil_multi_03_benign_601,real,exfil_multi_03,,generator_ground_truth,docker_multihost,79.0,1339.0,0.05899925317401045,0.0007579326629638672,6,6,104230.89525007864,0,0,0
0,mh_exfil_multi_03_benign_602,real,exfil_multi_03,,generator_ground_truth,docker_multihost,79.0,776.0,0.1018041237113402,0.0007040500640869141,6,6,112207.92956315611,0,0,0
0,mh_exfil_multi_03_benign_603,real,exfil_multi_03,,generator_ground_truth,docker_multihost,79.0,632.0,0.125,0.001184225082397461,6,6,66710.29112140124,0,0,0
0,mh_exfil_multi_03_benign_604,real,exfil_multi_03,,generator_ground_truth,docker_multihost,79.0,1107.0,0.07136404697380307,0.0004839897155761719,7,6,163226.60886699508,0,0,0
0,mh_exfil_multi_03_benign_605,real,exfil_multi_03,,generator_ground_truth,docker_multihost,79.0,458.0,0.17248908296943233,0.0011150836944580078,6,6,70846.70002138123,0,0,0
0,mh_exfil_multi_03_benign_606,real,exfil_multi_03,,generator_ground_truth,docker_multihost,79.0,1146.0,0.06893542757417102,0.0010728836059570312,6,6,73633.3368888889,0,0,0
0,mh_exfil_multi_03_benign_607,real,exfil_multi_03,,generator_ground_truth,docker_multihost,79.0,1834.0,0.0430752453653217,0.0010819435119628906,7,6,73016.75099162626,0,0,0
0,mh_exfil_multi_03_benign_608,real,exfil_multi_03,,generator_ground_truth,docker_multihost,79.0,1520.0,0.05197368421052632,0.0025489330291748047,7,5,30993.360396595268,0,0,0
0,mh_exfil_multi_03_benign_609,real,exfil_multi_03,,generator_ground_truth,docker_multihost,79.0,330.0,0.23939393939393938,0.0010509490966796875,6,6,75170.14882032668,0,0,0
0,mh_exfil_multi_03_benign_610,real,exfil_multi_03,,generator_ground_truth,docker_multihost,79.0,1217.0,0.06491372226787182,0.0007371902465820312,7,5,107163.6532988357,0,0,0
0,mh_exfil_multi_03_benign_611,real,exfil_multi_03,,generator_ground_truth,docker_multihost,79.0,1765.0,0.04475920679886686,0.001703023910522461,6,6,46388.07447851043,0,0,0
0,mh_exfil_multi_03_benign_612,real,exfil_multi_03,,generator_ground_truth,docker_multihost,79.0,1818.0,0.043454345434543455,0.0019979476928710938,6,6,39540.574701670645,0,0,0
0,mh_exfil_multi_03_benign_613,real,exfil_multi_03,,generator_ground_truth,docker_multihost,79.0,1633.0,0.04837721984078383,0.002574920654296875,6,6,30680.557037037037,0,0,0
0,mh_exfil_multi_03_benign_614,real,exfil_multi_03,,generator_ground_truth,docker_multihost,79.0,368.0,0.21467391304347827,0.002257108688354492,6,6,35000.52984049857,0,0,0
0,mh_exfil_multi_03_benign_615,real,exfil_multi_03,,generator_ground_truth,docker_multihost,79.0,1060.0,0.07452830188679245,0.0007219314575195312,7,6,109428.67107001321,0,0,0
0,mh_exfil_multi_03_benign_616,real,exfil_multi_03,,generator_ground_truth,docker_multihost,79.0,1706.0,0.04630715123094959,0.0021839141845703125,6,6,36173.58253275109,0,0,0
0,mh_exfil_multi_03_benign_617,real,exfil_multi_03,,generator_ground_truth,docker_multihost,79.0,760.0,0.10394736842105264,0.00226593017578125,7,5,34864.26936026936,0,0,0
0,mh_exfil_multi_03_benign_618,real,exfil_multi_03,,generator_ground_truth,docker_multihost,79.0,1018.0,0.07760314341846758,0.0035910606384277344,6,6,21999.071570840526,0,0,0
0,mh_exfil_multi_03_benign_619,real,exfil_multi_03,,generator_ground_truth,docker_multihost,79.0,860.0,0.09186046511627907,0.003426074981689453,7,6,23058.456228253304,0,0,0
0,mh_exfil_multi_03_benign_620,real,exfil_multi_03,,generator_ground_truth,docker_multihost,79.0,695.0,0.11366906474820145,0.004364013671875,7,5,18102.601398601397,0,0,0
0,mh_exfil_multi_03_benign_621,real,exfil_multi_03,,generator_ground_truth,docker_multihost,79.0,1480.0,0.05337837837837838,0.0010287761688232422,7,5,76790.27022016223,0,0,0
0,mh_exfil_multi_03_benign_622,real,exfil_multi_03,,generator_ground_truth,docker_multihost,79.0,2042.0,0.03868756121449559,0.0015909671783447266,7,6,49655.329836655175,0,0,0
0,mh_exfil_multi_03_benign_623,real,exfil_multi_03,,generator_ground_truth,docker_multihost,79.0,1346.0,0.058692421991084695,0.0017290115356445312,7,5,45690.84611141754,0,0,0
0,mh_exfil_multi_03_benign_624,real,exfil_multi_03,,generator_ground_truth,docker_multihost,79.0,2010.0,0.039303482587064675,0.0028009414672851562,7,6,28204.802179094313,0,0,0
0,mh_exfil_multi_03_benign_625,real,exfil_multi_03,,generator_ground_truth,docker_multihost,79.0,1106.0,0.07142857142857142,0.0016031265258789062,6,6,49278.705532421176,0,0,0
0,mh_exfil_multi_03_benign_626,real,exfil_multi_03,,generator_ground_truth,docker_multihost,79.0,1781.0,0.04435710275126333,0.0012328624725341797,6,6,64078.51788822278,0,0,0
0,mh_exfil_multi_03_benign_627,real,exfil_multi_03,,generator_ground_truth,docker_multihost,79.0,1875.0,0.042133333333333335,0.0011310577392578125,7,5,69846.12478920742,0,0,0
0,mh_exfil_multi_03_benign_628,real,exfil_multi_03,,generator_ground_truth,docker_multihost,79.0,1557.0,0.05073859987154785,0.0012009143829345703,7,6,65783.20746476077,0,0,0
0,mh_exfil_multi_03_benign_629,real,exfil_multi_03,,generator_ground_truth,docker_multihost,79.0,338.0,0.23372781065088757,0.0008571147918701172,6,6,92169.68456189151,0,0,0
0,mh_exfil_multi_03_benign_630,real,exfil_multi_03,,generator_ground_truth,docker_multihost,79.0,835.0,0.09461077844311377,0.0009260177612304688,6,6,85311.5386199794,0,0,0
0,mh_exfil_multi_03_benign_631,real,exfil_multi_03,,generator_ground_truth,docker_multihost,79.0,598.0,0.13210702341137123,0.0010302066802978516,6,6,76683.641749595,0,0,0
0,mh_exfil_multi_03_benign_632,real,exfil_multi_03,,generator_ground_truth,docker_multihost,79.0,923.0,0.08559046587215602,0.0020618438720703125,7,5,38315.219241443105,0,0,0
0,mh_exfil_multi_03_benign_633,real,exfil_multi_03,,generator_ground_truth,docker_multihost,79.0,721.0,0.10957004160887657,0.0007450580596923828,7,5,106032.00512,0,0,0
0,mh_exfil_multi_03_benign_634,real,exfil_multi_03,,generator_ground_truth,docker_multihost,79.0,1473.0,0.05363204344874406,0.000659942626953125,7,6,119707.37572254335,0,0,0
0,mh_exfil_multi_03_benign_635,real,exfil_multi_03,,generator_ground_truth,docker_multihost,79.0,1219.0,0.06480721903199343,0.0009360313415527344,6,6,84398.88334182373,0,0,0
0,mh_exfil_multi_03_benign_636,real,exfil_multi_03,,generator_ground_truth,docker_multihost,79.0,1441.0,0.054823039555863984,0.0009670257568359375,6,6,81693.79092702169,0,0,0
0,mh_exfil_multi_03_benign_637,real,exfil_multi_03,,generator_ground_truth,docker_multihost,79.0,1243.0,0.06355591311343524,0.0024139881134033203,7,5,32725.92750617284,0,0,0
0,mh_exfil_multi_03_benign_638,real,exfil_multi_03,,generator_ground_truth,docker_multihost,79.0,1529.0,0.051667756703727925,0.0011508464813232422,6,6,68645.12450797597,0,0,0
0,mh_exfil_multi_03_benign_639,real,exfil_multi_03,,generator_ground_truth,docker_multihost,79.0,811.0,0.09741060419235512,0.0010521411895751953,6,6,75084.97983231362,0,0,0
0,mh_exfil_multi_03_benign_640,real,exfil_multi_03,,generator_ground_truth,docker_multihost,79.0,578.0,0.13667820069204153,0.001168966293334961,6,6,67581.07607587191,0,0,0
0,mh_exfil_multi_03_benign_641,real,exfil_multi_03,,generator_ground_truth,docker_multihost,79.0,1074.0,0.07355679702048418,0.0009510517120361328,7,6,83065.93532213588,0,0,0
0,mh_exfil_multi_03_benign_642,real,exfil_multi_03,,generator_ground_truth,docker_multihost,79.0,613.0,0.12887438825448613,0.0009660720825195312,7,5,81774.43632773939,0,0,0
0,mh_exfil_multi_03_benign_643,real,exfil_multi_03,,generator_ground_truth,docker_multihost,79.0,1156.0,0.06833910034602077,0.0021600723266601562,7,5,36572.84944812362,0,0,0
0,mh_exfil_multi_03_benign_644,real,exfil_multi_03,,generator_ground_truth,docker_multihost,79.0,1884.0,0.04193205944798301,0.0034189224243164062,7,5,23106.69567642957,0,0,0
0,mh_exfil_multi_03_benign_645,real,exfil_multi_03,,generator_ground_truth,docker_multihost,79.0,380.0,0.20789473684210527,0.0012040138244628906,6,6,65613.86455445545,0,0,0
0,mh_exfil_multi_03_benign_646,real,exfil_multi_03,,generator_ground_truth,docker_multihost,79.0,398.0,0.1984924623115578,0.0009579658508300781,6,6,82466.40517670482,0,0,0
0,mh_exfil_multi_03_benign_647,real,exfil_multi_03,,generator_ground_truth,docker_multihost,79.0,1792.0,0.04408482142857143,0.0010559558868408203,6,6,74813.73131632422,0,0,0
0,mh_exfil_multi_03_benign_648,real,exfil_multi_03,,generator_ground_truth,docker_multihost,79.0,1631.0,0.04843654199877376,0.001035928726196289,7,5,76260.07272727272,0,0,0
0,mh_exfil_multi_03_benign_649,real,exfil_multi_03,,generator_ground_truth,docker_multihost,79.0,1776.0,0.04448198198198198,0.001622915267944336,7,5,48677.83399441751,0,0,0
0,mh_exfil_multi_03_benign_650,real,exfil_multi_03,,generator_ground_truth,docker_multihost,79.0,1894.0,0.04171066525871172,0.002493143081665039,6,6,31686.90982117242,0,0,0
0,mh_exfil_multi_03_benign_651,real,exfil_multi_03,,generator_ground_truth,docker_multihost,79.0,1519.0,0.05200789993416721,0.002950906753540039,7,5,26771.43217257817,0,0,0
0,mh_exfil_multi_03_benign_652,real,exfil_multi_03,,generator_ground_truth,docker_multihost,79.0,725.0,0.10896551724137932,0.0036170482635498047,7,5,21841.01351262277,0,0,0
0,mh_exfil_multi_03_benign_653,real,exfil_multi_03,,generator_ground_truth,docker_multihost,79.0,1022.0,0.07729941291585127,0.0019419193267822266,7,5,40681.401596071206,0,0,0
0,mh_exfil_multi_03_benign_654,real,exfil_multi_03,,generator_ground_truth,docker_multihost,79.0,1462.0,0.054035567715458276,0.0026061534881591797,7,5,30312.873113164394,0,0,0
0,mh_exfil_multi_03_benign_655,real,exfil_multi_03,,generator_ground_truth,docker_multihost,79.0,1173.0,0.06734867860187553,0.003323078155517578,7,5,23773.139331324437,0,0,0
0,mh_exfil_multi_03_benign_656,real,exfil_multi_03,,generator_ground_truth,docker_multihost,79.0,760.0,0.10394736842105264,0.0035588741302490234,7,6,22198.031486567965,0,0,0
0,mh_exfil_multi_03_benign_657,real,exfil_multi_03,,generator_ground_truth,docker_multihost,79.0,839.0,0.09415971394517282,0.0021691322326660156,6,6,36420.094086612444,0,0,0
0,mh_exfil_multi_03_benign_658,real,exfil_multi_03,,generator_ground_truth,docker_multihost,79.0,481.0,0.16424116424116425,0.0023250579833984375,6,6,33977.647251845774,0,0,0
0,mh_exfil_multi_03_benign_659,real,exfil_multi_03,,generator_ground_truth,docker_multihost,79.0,1175.0,0.06723404255319149,0.004060983657836914,6,6,19453.41490048729,0,0,0
0,mh_exfil_multi_03_benign_660,real,exfil_multi_03,,generator_ground_truth,docker_multihost,79.0,942.0,0.08386411889596602,0.0041351318359375,6,6,19104.59040590406,0,0,0
0,mh_exfil_multi_03_benign_661,real,exfil_multi_03,,generator_ground_truth,docker_multihost,79.0,546.0,0.1446886446886447,0.0019838809967041016,6,6,39820.9369066218,0,0,0
0,mh_exfil_multi_03_benign_662,real,exfil_multi_03,,generator_ground_truth,docker_multihost,79.0,1367.0,0.05779078273591807,0.001232147216796875,7,5,64115.715170278636,0,0,0
0,mh_exfil_multi_03_benign_663,real,exfil_multi_03,,generator_ground_truth,docker_multihost,79.0,853.0,0.09261430246189918,0.001168966293334961,6,6,67581.07607587191,0,0,0
0,mh_exfil_multi_03_benign_664,real,exfil_multi_03,,generator_ground_truth,docker_multihost,79.0,1129.0,0.06997342781222321,0.0006430149078369141,7,6,122858.73785687801,0,0,0
0,mh_exfil_multi_03_benign_665,real,exfil_multi_03,,generator_ground_truth,docker_multihost,79.0,2015.0,0.039205955334987594,0.0005269050598144531,7,6,149932.13393665157,0,0,0
0,mh_exfil_multi_03_benign_666,real,exfil_multi_03,,generator_ground_truth,docker_multihost,79.0,715.0,0.11048951048951049,0.0009191036224365234,7,5,85953.31154345007,0,0,0
0,mh_exfil_multi_03_benign_667,real,exfil_multi_03,,generator_ground_truth,docker_multihost,79.0,1876.0,0.04211087420042644,0.0016031265258789062,6,6,49278.705532421176,0,0,0
0,mh_exfil_multi_03_benign_668,real,exfil_multi_03,,generator_ground_truth,docker_multihost,79.0,2047.0,0.03859306301905227,0.0017278194427490234,6,6,45722.37008417276,0,0,0
0,mh_exfil_multi_03_benign_669,real,exfil_multi_03,,generator_ground_truth,docker_multihost,79.0,1962.0,0.040265035677879715,0.001268148422241211,6,6,62295.54728332393,0,0,0
0,mh_exfil_multi_03_benign_670,real,exfil_multi_03,,generator_ground_truth,docker_multihost,79.0,1909.0,0.04138292299633316,0.0012781620025634766,6,6,61807.50158552509,0,0,0
0,mh_exfil_multi_03_benign_671,real,exfil_multi_03,,generator_ground_truth,docker_multihost,79.0,1966.0,0.04018311291963377,0.001959085464477539,6,6,40324.93805525131,0,0,0
0,mh_exfil_multi_03_benign_672,real,exfil_multi_03,,generator_ground_truth,docker_multihost,79.0,697.0,0.1133428981348637,0.0017850399017333984,7,5,44256.71377053559,0,0,0
0,mh_exfil_multi_03_benign_673,real,exfil_multi_03,,generator_ground_truth,docker_multihost,79.0,1714.0,0.046091015169194866,0.002702951431274414,7,5,29227.310223163095,0,0,0
0,mh_exfil_multi_03_benign_674,real,exfil_multi_03,,generator_ground_truth,docker_multihost,79.0,1491.0,0.05298457411133468,0.004526853561401367,7,5,17451.414968136094,0,0,0
0,mh_exfil_multi_03_benign_675,real,exfil_multi_03,,generator_ground_truth,docker_multihost,79.0,913.0,0.08652792990142388,0.0026590824127197266,7,5,29709.496637675962,0,0,0
0,mh_exfil_multi_03_benign_676,real,exfil_multi_03,,generator_ground_truth,docker_multihost,79.0,530.0,0.1490566037735849,0.002644777297973633,7,5,29870.18984945461,0,0,0
0,mh_exfil_multi_03_benign_677,real,exfil_multi_03,,generator_ground_truth,docker_multihost,79.0,1042.0,0.07581573896353166,0.003053903579711914,6,6,25868.53118900773,0,0,0
0,mh_exfil_multi_03_benign_678,real,exfil_multi_03,,generator_ground_truth,docker_multihost,79.0,823.0,0.0959902794653706,0.0029599666595458984,6,6,26689.489810712847,0,0,0
0,mh_exfil_multi_03_benign_679,real,exfil_multi_03,,generator_ground_truth,docker_multihost,79.0,1309.0,0.060351413292589765,0.00044608116149902344,6,6,177097.81721004812,0,0,0
0,mh_exfil_multi_03_benign_680,real,exfil_multi_03,,generator_ground_truth,docker_multihost,79.0,1716.0,0.04603729603729604,0.0006530284881591797,6,6,120974.81416575392,0,0,0
0,mh_exfil_multi_03_benign_681,real,exfil_multi_03,,generator_ground_truth,docker_multihost,79.0,524.0,0.15076335877862596,0.0006780624389648438,7,6,116508.44444444444,0,0,0
0,mh_exfil_multi_03_benign_682,real,exfil_multi_03,,generator_ground_truth,docker_multihost,79.0,1932.0,0.04089026915113872,0.001043081283569336,6,6,75737.14651428572,0,0,0
0,mh_exfil_multi_03_benign_683,real,exfil_multi_03,,generator_ground_truth,docker_multihost,79.0,1907.0,0.041426324069218666,0.001074075698852539,6,6,73551.61287458379,0,0,0
0,mh_exfil_multi_03_benign_684,real,exfil_multi_03,,generator_ground_truth,docker_multihost,79.0,2032.0,0.03887795275590551,0.0007710456848144531,6,6,102458.26097711812,0,0,0
0,mh_exfil_multi_03_benign_685,real,exfil_multi_03,,generator_ground_truth,docker_multihost,79.0,404.0,0.19554455445544555,0.0008051395416259766,7,6,98119.63754811963,0,0,0
0,mh_exfil_multi_03_benign_686,real,exfil_multi_03,,generator_ground_truth,docker_multihost,79.0,2068.0,0.03820116054158607,0.002783060073852539,6,6,28386.020388931724,0,0,0
0,mh_exfil_multi_03_benign_687,real,exfil_multi_03,,generator_ground_truth,docker_multihost,79.0,2007.0,0.0393622321873443,0.0007441043853759766,6,6,106167.90003204101,0,0,0
0,mh_exfil_multi_03_benign_688,real,exfil_multi_03,,generator_ground_truth,docker_multihost,79.0,1478.0,0.05345060893098782,0.0009207725524902344,7,6,85797.51838425687,0,0,0
0,mh_exfil_multi_03_benign_689,real,exfil_multi_03,,generator_ground_truth,docker_multihost,79.0,370.0,0.21351351351351353,0.0011758804321289062,7,5,67183.70154095702,0,0,0
0,mh_exfil_multi_03_benign_690,real,exfil_multi_03,,generator_ground_truth,docker_multihost,79.0,528.0,0.14962121212121213,0.0012049674987792969,6,6,65561.93430945785,0,0,0
0,mh_exfil_multi_03_benign_691,real,exfil_multi_03,,generator_ground_truth,docker_multihost,79.0,1762.0,0.044835414301929624,0.0008928775787353516,6,6,88477.97489986649,0,0,0
0,mh_exfil_multi_03_benign_692,real,exfil_multi_03,,generator_ground_truth,docker_multihost,79.0,1860.0,0.04247311827956989,0.0011680126190185547,7,6,67636.25556235967,0,0,0
0,mh_exfil_multi_03_benign_693,real,exfil_multi_03,,generator_ground_truth,docker_multihost,79.0,1021.0,0.07737512242899118,0.0015439987182617188,6,6,51165.84558369364,0,0,0
0,mh_exfil_multi_03_benign_694,real,exfil_multi_03,,generator_ground_truth,docker_multihost,79.0,500.0,0.158,0.0011570453643798828,7,5,68277.35751081805,0,0,0
0,mh_exfil_multi_03_benign_695,real,exfil_multi_03,,generator_ground_truth,docker_multihost,79.0,785.0,0.10063694267515924,0.0016069412231445312,7,5,49161.7234421365,0,0,0
0,mh_exfil_multi_03_benign_696,real,exfil_multi_03,,generator_ground_truth,docker_multihost,79.0,2032.0,0.03887795275590551,0.002187967300415039,7,5,36106.57251825215,0,0,0
0,mh_exfil_multi_03_benign_697,real,exfil_multi_03,,generator_ground_truth,docker_multihost,79.0,1176.0,0.06717687074829932,0.0013527870178222656,6,6,58397.95840676771,0,0,0
0,mh_exfil_multi_03_benign_698,real,exfil_multi_03,,generator_ground_truth,docker_multihost,79.0,1589.0,0.04971680302076778,0.002653837203979492,7,5,29768.21633276435,0,0,0
0,mh_exfil_multi_03_benign_699,real,exfil_multi_03,,generator_ground_truth,docker_multihost,79.0,1722.0,0.04587688734030197,0.0017910003662109375,7,5,44109.42705005325,0,0,0
0,mh_exfil_multi_03_benign_700,real,exfil_multi_03,,generator_ground_truth,docker_multihost,79.0,1802.0,0.04384017758046615,0.0026929378509521484,7,5,29335.990792386012,0,0,0
0,mh_exfil_multi_03_benign_701,real,exfil_multi_03,,generator_ground_truth,docker_multihost,79.0,1932.0,0.04089026915113872,0.0007259845733642578,7,6,108817.73924466339,0,0,0
0,mh_exfil_multi_03_benign_702,real,exfil_multi_03,,generator_ground_truth,docker_multihost,79.0,1852.0,0.04265658747300216,0.0007960796356201172,6,6,99236.30308475591,0,0,0
0,mh_exfil_multi_03_benign_703,real,exfil_multi_03,,generator_ground_truth,docker_multihost,79.0,736.0,0.10733695652173914,0.0008599758148193359,6,6,91863.04851677293,0,0,0
0,mh_exfil_multi_03_benign_704,real,exfil_multi_03,,generator_ground_truth,docker_multihost,79.0,1550.0,0.05096774193548387,0.001127004623413086,6,6,70097.31669134757,0,0,0
0,mh_exfil_multi_03_benign_705,real,exfil_multi_03,,generator_ground_truth,docker_multihost,79.0,497.0,0.158953722334004,0.001439809799194336,6,6,54868.358337473095,0,0,0
0,mh_exfil_multi_03_benign_706,real,exfil_multi_03,,generator_ground_truth,docker_multihost,79.0,776.0,0.1018041237113402,0.0010669231414794922,7,5,74044.69631284916,0,0,0
0,mh_exfil_multi_03_benign_707,real,exfil_multi_03,,generator_ground_truth,docker_multihost,79.0,1518.0,0.05204216073781291,0.0011680126190185547,7,5,67636.25556235967,0,0,0
0,mh_exfil_multi_03_benign_708,real,exfil_multi_03,,generator_ground_truth,docker_multihost,79.0,1258.0,0.06279809220985691,0.0017349720001220703,7,6,45533.876047821905,0,0,0
0,mh_exfil_multi_03_benign_709,real,exfil_multi_03,,generator_ground_truth,docker_multihost,79.0,1845.0,0.042818428184281845,0.001230001449584961,7,5,64227.56658267106,0,0,0
0,mh_exfil_multi_03_benign_710,real,exfil_multi_03,,generator_ground_truth,docker_multihost,79.0,1566.0,0.05044699872286079,0.0014979839324951172,7,5,52737.548304949865,0,0,0
0,mh_exfil_multi_03_benign_711,real,exfil_multi_03,,generator_ground_truth,docker_multihost,79.0,1363.0,0.05796038151137197,0.0012748241424560547,6,6,61969.33158780625,0,0,0
0,mh_exfil_multi_03_benign_712,real,exfil_multi_03,,generator_ground_truth,docker_multihost,79.0,1172.0,0.0674061433447099,0.0011930465698242188,6,6,66217.02957633893,0,0,0
0,mh_exfil_multi_03_benign_713,real,exfil_multi_03,,generator_ground_truth,docker_multihost,79.0,721.0,0.10957004160887657,0.0019137859344482422,7,5,41279.43391055189,0,0,0
0,mh_exfil_multi_03_benign_714,real,exfil_multi_03,,generator_ground_truth,docker_multihost,79.0,2083.0,0.037926068170907344,0.0024018287658691406,6,6,32891.60373238038,0,0,0
0,mh_exfil_multi_03_benign_715,real,exfil_multi_03,,generator_ground_truth,docker_multihost,79.0,1442.0,0.054785020804438284,0.0017969608306884766,7,5,43963.117420724426,0,0,0
0,mh_exfil_multi_03_benign_716,real,exfil_multi_03,,generator_ground_truth,docker_multihost,79.0,594.0,0.132996632996633,0.0021979808807373047,7,6,35942.07788263369,0,0,0
0,mh_exfil_multi_03_benign_717,real,exfil_multi_03,,generator_ground_truth,docker_multihost,79.0,1257.0,0.06284805091487669,0.0009520053863525391,7,5,82982.72376659153,0,0,0
0,mh_exfil_multi_03_benign_718,real,exfil_multi_03,,generator_ground_truth,docker_multihost,79.0,872.0,0.09059633027522936,0.0007851123809814453,7,5,100622.53750379593,0,0,0
0,mh_exfil_multi_03_benign_719,real,exfil_multi_03,,generator_ground_truth,docker_multihost,79.0,640.0,0.1234375,0.001157999038696289,7,5,68221.12744492484,0,0,0
0,mh_exfil_multi_03_benign_720,real,exfil_multi_03,,generator_ground_truth,docker_multihost,79.0,1334.0,0.05922038980509745,0.0010368824005126953,6,6,76189.93239825247,0,0,0
0,mh_exfil_multi_03_benign_721,real,exfil_multi_03,,generator_ground_truth,docker_multihost,79.0,1281.0,0.06167056986729118,0.0011429786682128906,6,6,69117.65039632874,0,0,0
0,mh_exfil_multi_03_benign_722,real,exfil_multi_03,,generator_ground_truth,docker_multihost,79.0,2009.0,0.039323046291687404,0.0005271434783935547,6,6,149864.32202623246,0,0,0
0,mh_exfil_multi_03_benign_723,real,exfil_multi_03,,generator_ground_truth,docker_multihost,79.0,1409.0,0.056068133427963095,0.0008261203765869141,6,6,95627.71024531024,0,0,0
0,mh_exfil_multi_03_benign_724,real,exfil_multi_03,,generator_ground_truth,docker_multihost,79.0,1383.0,0.05712219812002892,0.0007190704345703125,6,6,109864.06366047745,0,0,0
0,mh_exfil_multi_03_benign_725,real,exfil_multi_03,,generator_ground_truth,docker_multihost,79.0,1901.0,0.041557075223566546,0.0007998943328857422,7,6,98763.04500745157,0,0,0
0,mh_exfil_multi_03_benign_726,real,exfil_multi_03,,generator_ground_truth,docker_multihost,79.0,1266.0,0.06240126382306477,0.0011649131774902344,7,5,67816.21285304952,0,0,0
0,mh_exfil_multi_03_benign_727,real,exfil_multi_03,,generator_ground_truth,docker_multihost,79.0,1237.0,0.06386418755052546,0.0014109611511230469,6,6,55990.20209530247,0,0,0
0,mh_exfil_multi_03_benign_728,real,exfil_multi_03,,generator_ground_truth,docker_multihost,79.0,1239.0,0.06376109765940274,0.0030519962310791016,7,5,25884.69775798766,0,0,0
0,mh_exfil_multi_03_benign_729,real,exfil_multi_03,,generator_ground_truth,docker_multihost,79.0,1606.0,0.04919053549190536,0.0035429000854492188,7,5,22298.116823687753,0,0,0
0,mh_exfil_multi_03_benign_730,real,exfil_multi_03,,generator_ground_truth,docker_multihost,79.0,1816.0,0.043502202643171804,0.004119157791137695,7,5,19178.677779707126,0,0,0
0,mh_exfil_multi_03_benign_731,real,exfil_multi_03,,generator_ground_truth,docker_multihost,79.0,1195.0,0.06610878661087866,0.0033371448516845703,7,5,23672.931056654998,0,0,0
0,mh_exfil_multi_03_benign_732,real,exfil_multi_03,,generator_ground_truth,docker_multihost,79.0,397.0,0.19899244332493704,0.0048100948333740234,7,5,16423.792614622056,0,0,0
0,mh_exfil_multi_03_benign_733,real,exfil_multi_03,,generator_ground_truth,docker_multihost,79.0,1911.0,0.041339612768184195,0.006117105484008789,7,5,12914.604825193905,0,0,0
0,mh_exfil_multi_03_benign_734,real,exfil_multi_03,,generator_ground_truth,docker_multihost,79.0,1521.0,0.05193951347797501,0.003699064254760742,7,5,21356.752562036738,0,0,0
0,mh_exfil_multi_03_benign_735,real,exfil_multi_03,,generator_ground_truth,docker_multihost,79.0,864.0,0.09143518518518519,0.003223896026611328,7,5,24504.512350244047,0,0,0
0,mh_exfil_multi_03_benign_736,real,exfil_multi_03,,generator_ground_truth,docker_multihost,79.0,1753.0,0.0450656018254421,0.00534510612487793,6,6,14779.874927516837,0,0,0
0,mh_exfil_multi_03_benign_737,real,exfil_multi_03,,generator_ground_truth,docker_multihost,79.0,319.0,0.2476489028213166,0.005144834518432617,6,6,15355.20719217758,0,0,0
0,mh_exfil_multi_03_benign_738,real,exfil_multi_03,,generator_ground_truth,docker_multihost,79.0,1559.0,0.05067350865939705,0.0052089691162109375,7,5,15166.148663493226,0,0,0
0,mh_exfil_multi_03_benign_739,real,exfil_multi_03,,generator_ground_truth,docker_multihost,79.0,643.0,0.12286158631415241,0.003751039505004883,7,5,21060.82857687663,0,0,0
0,mh_exfil_multi_03_benign_740,real,exfil_multi_03,,generator_ground_truth,docker_multihost,79.0,1689.0,0.046773238602723505,0.0032629966735839844,7,5,24210.873593453165,0,0,0
0,mh_exfil_multi_03_benign_741,real,exfil_multi_03,,generator_ground_truth,docker_multihost,79.0,1337.0,0.059087509349289455,0.0038340091705322266,7,5,20605.062869224552,0,0,0
0,mh_exfil_multi_03_benign_742,real,exfil_multi_03,,generator_ground_truth,docker_multihost,79.0,751.0,0.1051930758988016,0.004058122634887695,6,6,19467.12978085894,0,0,0
0,mh_exfil_multi_03_benign_743,real,exfil_multi_03,,generator_ground_truth,docker_multihost,79.0,576.0,0.1371527777777778,0.004783153533935547,7,5,16516.300269165586,0,0,0
0,mh_exfil_multi_03_benign_744,real,exfil_multi_03,,generator_ground_truth,docker_multihost,79.0,1161.0,0.06804478897502153,0.004539966583251953,7,5,17401.00913769562,0,0,0
0,mh_exfil_multi_03_benign_745,real,exfil_multi_03,,generator_ground_truth,docker_multihost,79.0,1170.0,0.06752136752136752,0.002880096435546875,7,5,27429.637086092716,0,0,0
0,mh_exfil_multi_03_benign_746,real,exfil_multi_03,,generator_ground_truth,docker_multihost,79.0,467.0,0.16916488222698073,0.0019960403442382812,6,6,39578.35833731486,0,0,0
0,mh_exfil_multi_03_benign_747,real,exfil_multi_03,,generator_ground_truth,docker_multihost,79.0,1713.0,0.04611792177466433,0.0021178722381591797,6,6,37301.58910278059,0,0,0
0,mh_exfil_multi_03_benign_748,real,exfil_multi_03,,generator_ground_truth,docker_multihost,79.0,1310.0,0.06030534351145038,0.0010390281677246094,7,5,76032.58742542451,0,0,0
0,mh_exfil_multi_03_benign_749,real,exfil_multi_03,,generator_ground_truth,docker_multihost,79.0,1450.0,0.05448275862068966,0.001622915267944336,7,5,48677.83399441751,0,0,0
0,mh_exfil_multi_03_benign_750,real,exfil_multi_03,,generator_ground_truth,docker_multihost,79.0,635.0,0.12440944881889764,0.0007610321044921875,6,6,103806.39598997493,0,0,0
0,mh_exfil_multi_03_benign_751,real,exfil_multi_03,,generator_ground_truth,docker_multihost,79.0,1972.0,0.04006085192697769,0.0013661384582519531,7,5,57827.22792321117,0,0,0
0,mh_exfil_multi_03_benign_752,real,exfil_multi_03,,generator_ground_truth,docker_multihost,79.0,1761.0,0.044860874503123226,0.0007328987121582031,6,6,107791.15679895901,0,0,0
0,mh_exfil_multi_03_benign_753,real,exfil_multi_03,,generator_ground_truth,docker_multihost,79.0,1520.0,0.05197368421052632,0.0006499290466308594,6,6,121551.73000733675,0,0,0
0,mh_exfil_multi_03_benign_754,real,exfil_multi_03,,generator_ground_truth,docker_multihost,79.0,646.0,0.12229102167182662,0.0011620521545410156,6,6,67983.17931883463,0,0,0
0,mh_exfil_multi_03_benign_755,real,exfil_multi_03,,generator_ground_truth,docker_multihost,79.0,341.0,0.2316715542521994,0.0015730857849121094,6,6,50219.76598969385,0,0,0
0,mh_exfil_multi_03_benign_756,real,exfil_multi_03,,generator_ground_truth,docker_multihost,79.0,1178.0,0.06706281833616298,0.0021991729736328125,7,6,35922.59496964441,0,0,0
0,mh_exfil_multi_03_benign_757,real,exfil_multi_03,,generator_ground_truth,docker_multihost,79.0,641.0,0.12324492979719189,0.0019321441650390625,7,5,40887.21816386969,0,0,0
0,mh_exfil_multi_03_benign_758,real,exfil_multi_03,,generator_ground_truth,docker_multihost,79.0,857.0,0.09218203033838973,0.0025398731231689453,7,5,31103.915892236928,0,0,0
0,mh_exfil_multi_03_benign_759,real,exfil_multi_03,,generator_ground_truth,docker_multihost,79.0,1559.0,0.05067350865939705,0.0024139881134033203,7,5,32725.92750617284,0,0,0
0,mh_exfil_multi_03_benign_760,real,exfil_multi_03,,generator_ground_truth,docker_multihost,79.0,1309.0,0.060351413292589765,0.0025491714477539062,7,5,30990.461653572765,0,0,0
0,mh_exfil_multi_03_benign_761,real,exfil_multi_03,,generator_ground_truth,docker_multihost,79.0,1293.0,0.06109822119102862,0.0026960372924804688,7,5,29302.265298903432,0,0,0
0,mh_exfil_multi_03_benign_762,real,exfil_multi_03,,generator_ground_truth,docker_multihost,79.0,1248.0,0.06330128205128205,0.0012540817260742188,7,5,62994.29961977186,0,0,0
0,mh_exfil_multi_03_benign_763,real,exfil_multi_03,,generator_ground_truth,docker_multihost,79.0,1470.0,0.05374149659863946,0.001416921615600586,6,6,55754.672051152615,0,0,0
0,mh_exfil_multi_03_benign_764,real,exfil_multi_03,,generator_ground_truth,docker_multihost,79.0,1792.0,0.04408482142857143,0.0007469654083251953,7,6,105761.25630386212,0,0,0
0,mh_exfil_multi_03_benign_765,real,exfil_multi_03,,generator_ground_truth,docker_multihost,79.0,1780.0,0.044382022471910115,0.0007109642028808594,6,6,111116.70556673374,0,0,0
0,mh_exfil_multi_03_benign_766,real,exfil_multi_03,,generator_ground_truth,docker_multihost,79.0,1504.0,0.052526595744680854,0.0006909370422363281,7,6,114337.47964113181,0,0,0
0,mh_exfil_multi_03_benign_767,real,exfil_multi_03,,generator_ground_truth,docker_multihost,79.0,1672.0,0.04724880382775119,0.0009291172027587891,7,5,85026.94790864768,0,0,0
0,mh_exfil_multi_03_benign_768,real,exfil_multi_03,,generator_ground_truth,docker_multihost,79.0,917.0,0.0861504907306434,0.0011289119720458984,6,6,69978.88405491025,0,0,0
0,mh_exfil_multi_03_benign_769,real,exfil_multi_03,,generator_ground_truth,docker_multihost,79.0,508.0,0.15551181102362205,0.0014719963073730469,7,5,53668.61289277616,0,0,0
0,mh_exfil_multi_03_benign_770,real,exfil_multi_03,,generator_ground_truth,docker_multihost,79.0,2106.0,0.03751187084520418,0.0024178028106689453,7,5,32674.294053840844,0,0,0
0,mh_exfil_multi_03_benign_771,real,exfil_multi_03,,generator_ground_truth,docker_multihost,79.0,1549.0,0.051000645577792124,0.003520965576171875,7,5,22437.027085590467,0,0,0
0,mh_exfil_multi_03_benign_772,real,exfil_multi_03,,generator_ground_truth,docker_multihost,79.0,701.0,0.11269614835948645,0.0025420188903808594,7,5,31077.66047645845,0,0,0
0,mh_exfil_multi_03_benign_773,real,exfil_multi_03,,generator_ground_truth,docker_multihost,79.0,1421.0,0.055594651653764954,0.004401206970214844,7,5,17949.621668472373,0,0,0
0,mh_exfil_multi_03_benign_774,real,exfil_multi_03,,generator_ground_truth,docker_multihost,79.0,374.0,0.21122994652406418,0.0024220943450927734,7,5,32616.400826853038,0,0,0
0,mh_exfil_multi_03_benign_775,real,exfil_multi_03,,generator_ground_truth,docker_multihost,79.0,2023.0,0.03905091448344043,0.0012850761413574219,7,5,61474.95658627087,0,0,0
0,mh_exfil_multi_03_benign_776,real,exfil_multi_03,,generator_ground_truth,docker_multihost,79.0,643.0,0.12286158631415241,0.002507925033569336,7,5,31500.144120163513,0,0,0
0,mh_exfil_multi_03_benign_777,real,exfil_multi_03,,generator_ground_truth,docker_multihost,79.0,2070.0,0.03816425120772947,0.0028269290924072266,7,5,27945.518765286328,0,0,0
0,mh_exfil_multi_03_benign_778,real,exfil_multi_03,,generator_ground_truth,docker_multihost,79.0,1349.0,0.05856189770200148,0.0020990371704101562,6,6,37636.30349840981,0,0,0
0,mh_exfil_multi_03_benign_779,real,exfil_multi_03,,generator_ground_truth,docker_multihost,79.0,1552.0,0.0509020618556701,0.0033140182495117188,6,6,23838.130647482016,0,0,0
0,mh_exfil_multi_03_benign_780,real,exfil_multi_03,,generator_ground_truth,docker_multihost,79.0,1812.0,0.04359823399558499,0.0006377696990966797,7,6,123869.16485981309,0,0,0
0,mh_exfil_multi_03_benign_781,real,exfil_multi_03,,generator_ground_truth,docker_multihost,79.0,1000.0,0.079,0.0009400844573974609,6,6,84035.002789754,0,0,0
0,mh_exfil_multi_03_benign_782,real,exfil_multi_03,,generator_ground_truth,docker_multihost,79.0,1375.0,0.05745454545454545,0.0012660026550292969,7,5,62401.1329566855,0,0,0
0,mh_exfil_multi_03_benign_783,real,exfil_multi_03,,generator_ground_truth,docker_multihost,79.0,1797.0,0.0439621591541458,0.0015959739685058594,7,5,49499.554227666566,0,0,0
0,mh_exfil_multi_03_benign_784,real,exfil_multi_03,,generator_ground_truth,docker_multihost,79.0,1806.0,0.043743078626799554,0.0030679702758789062,7,5,25749.923531240285,0,0,0
0,mh_exfil_multi_03_benign_785,real,exfil_multi_03,,generator_ground_truth,docker_multihost,79.0,850.0,0.09294117647058824,0.002841949462890625,6,6,27797.820134228186,0,0,0
0,mh_exfil_multi_03_benign_786,real,exfil_multi_03,,generator_ground_truth,docker_multihost,79.0,1008.0,0.07837301587301587,0.00344085693359375,7,5,22959.39689578714,0,0,0
0,mh_exfil_multi_03_benign_787,real,exfil_multi_03,,generator_ground_truth,docker_multihost,79.0,853.0,0.09261430246189918,0.002547025680541992,6,6,31016.56987737527,0,0,0
0,mh_exfil_multi_03_benign_788,real,exfil_multi_03,,generator_ground_truth,docker_multihost,79.0,749.0,0.1054739652870494,0.002791881561279297,7,6,28296.3292912041,0,0,0
0,mh_exfil_multi_03_benign_789,real,exfil_multi_03,,generator_ground_truth,docker_multihost,79.0,919.0,0.08596300326441784,0.0017540454864501953,7,5,45038.74079108332,0,0,0
0,mh_exfil_multi_03_benign_790,real,exfil_multi_03,,generator_ground_truth,docker_multihost,79.0,352.0,0.22443181818181818,0.002214193344116211,7,5,35678.90772046948,0,0,0
0,mh_exfil_multi_03_benign_791,real,exfil_multi_03,,generator_ground_truth,docker_multihost,79.0,884.0,0.08936651583710407,0.002076864242553711,7,5,38038.11456778785,0,0,0
0,mh_exfil_multi_03_benign_792,real,exfil_multi_03,,generator_ground_truth,docker_multihost,79.0,1200.0,0.06583333333333333,0.0013670921325683594,6,6,57786.88803627485,0,0,0
0,mh_exfil_multi_03_benign_793,real,exfil_multi_03,,generator_ground_truth,docker_multihost,79.0,357.0,0.22128851540616246,0.0010120868682861328,7,5,78056.54087161366,0,0,0
0,mh_exfil_multi_03_benign_794,real,exfil_multi_03,,generator_ground_truth,docker_multihost,79.0,2037.0,0.038782523318605794,0.0004639625549316406,6,6,170272.36176772867,0,0,0
0,mh_exfil_multi_03_benign_795,real,exfil_multi_03,,generator_ground_truth,docker_multihost,79.0,534.0,0.14794007490636704,0.0009398460388183594,7,5,84056.32064941654,0,0,0
0,mh_exfil_multi_03_benign_796,real,exfil_multi_03,,generator_ground_truth,docker_multihost,79.0,2073.0,0.038109020742884706,0.001004934310913086,7,6,78612.1034400949,0,0,0
0,mh_exfil_multi_03_benign_797,real,exfil_multi_03,,generator_ground_truth,docker_multihost,79.0,1550.0,0.05096774193548387,0.0007920265197753906,7,6,99744.13485851897,0,0,0
0,mh_exfil_multi_03_benign_798,real,exfil_multi_03,,generator_ground_truth,docker_multihost,79.0,1877.0,0.04208843899840171,0.0010809898376464844,7,6,73081.16806352008,0,0,0
0,mh_exfil_multi_03_benign_799,real,exfil_multi_03,,generator_ground_truth,docker_multihost,79.0,1839.0,0.042958129418162044,0.0009891986846923828,7,5,79862.62135454327,0,0,0
0,mh_exfil_multi_03_benign_800,real,exfil_multi_03,,generator_ground_truth,docker_multihost,79.0,959.0,0.08237747653806048,0.0010900497436523438,6,6,72473.75678040244,0,0,0
0,mh_exfil_multi_03_benign_801,real,exfil_multi_03,,generator_ground_truth,docker_multihost,79.0,1922.0,0.041103017689906346,0.0005970001220703125,6,6,132328.28115015975,0,0,0
0,mh_exfil_multi_03_benign_802,real,exfil_multi_03,,generator_ground_truth,docker_multihost,79.0,1117.0,0.07072515666965085,0.0008440017700195312,6,6,93601.69943502825,0,0,0
0,mh_exfil_multi_03_benign_803,real,exfil_multi_03,,generator_ground_truth,docker_multihost,79.0,326.0,0.24233128834355827,0.0006940364837646484,7,6,113826.86911714188,0,0,0
0,mh_exfil_multi_03_benign_804,real,exfil_multi_03,,generator_ground_truth,docker_multihost,79.0,921.0,0.08577633007600434,0.0007889270782470703,7,6,100135.99758235116,0,0,0
0,mh_exfil_multi_03_benign_805,real,exfil_multi_03,,generator_ground_truth,docker_multihost,79.0,1613.0,0.048977061376317424,0.002431154251098633,6,6,32494.85299597921,0,0,0
0,mh_exfil_multi_03_benign_806,real,exfil_multi_03,,generator_ground_truth,docker_multihost,79.0,1740.0,0.045402298850574715,0.0010459423065185547,6,6,75529.97857305675,0,0,0
0,mh_exfil_multi_03_benign_807,real,exfil_multi_03,,generator_ground_truth,docker_multihost,79.0,669.0,0.11808669656203288,0.004124164581298828,6,6,19155.394612093885,0,0,0
0,mh_exfil_multi_03_benign_808,real,exfil_multi_03,,generator_ground_truth,docker_multihost,79.0,1092.0,0.07234432234432235,0.0008149147033691406,6,6,96942.66120538327,0,0,0
0,mh_exfil_multi_03_benign_809,real,exfil_multi_03,,generator_ground_truth,docker_multihost,79.0,1918.0,0.04118873826903024,0.0010929107666015625,7,5,72284.03490401396,0,0,0
0,mh_exfil_multi_03_benign_810,real,exfil_multi_03,,generator_ground_truth,docker_multihost,79.0,702.0,0.11253561253561253,0.002535104751586914,6,6,31162.420389353898,0,0,0
0,mh_exfil_multi_03_benign_811,real,exfil_multi_03,,generator_ground_truth,docker_multihost,79.0,1426.0,0.05539971949509116,0.0030028820037841797,7,5,26308.060023818976,0,0,0
0,mh_exfil_multi_03_benign_812,real,exfil_multi_03,,generator_ground_truth,docker_multihost,79.0,1546.0,0.05109961190168176,0.002547025680541992,6,6,31016.56987737527,0,0,0
0,mh_exfil_multi_03_benign_813,real,exfil_multi_03,,generator_ground_truth,docker_multihost,79.0,1247.0,0.06335204490777867,0.0021622180938720703,6,6,36536.55485720587,0,0,0
0,mh_exfil_multi_03_benign_814,real,exfil_multi_03,,generator_ground_truth,docker_multihost,79.0,1454.0,0.054332874828060526,0.003607034683227539,7,5,21901.6469032983,0,0,0
0,mh_exfil_multi_03_benign_815,real,exfil_multi_03,,generator_ground_truth,docker_multihost,79.0,1304.0,0.06058282208588957,0.0018570423126220703,7,5,42540.76466812171,0,0,0
0,mh_exfil_multi_03_benign_816,real,exfil_multi_03,,generator_ground_truth,docker_multihost,79.0,843.0,0.0937129300118624,0.0018620491027832031,7,5,42426.37848911652,0,0,0
0,mh_exfil_multi_03_benign_817,real,exfil_multi_03,,generator_ground_truth,docker_multihost,79.0,350.0,0.2257142857142857,0.001093149185180664,6,6,72268.26957470011,0,0,0
0,mh_exfil_multi_03_benign_818,real,exfil_multi_03,,generator_ground_truth,docker_multihost,79.0,1614.0,0.04894671623296159,0.001766204833984375,7,5,44728.673866090714,0,0,0
0,mh_exfil_multi_03_benign_819,real,exfil_multi_03,,generator_ground_truth,docker_multihost,79.0,2081.0,0.037962518020182606,0.002321004867553711,7,5,34036.981612737545,0,0,0
0,mh_exfil_multi_03_benign_820,real,exfil_multi_03,,generator_ground_truth,docker_multihost,79.0,2055.0,0.03844282238442823,0.0016720294952392578,7,5,47247.97034079566,0,0,0
0,mh_exfil_multi_03_benign_821,real,exfil_multi_03,,generator_ground_truth,docker_multihost,79.0,1565.0,0.05047923322683706,0.00215911865234375,6,6,36589.0035335689,0,0,0
0,mh_exfil_multi_03_benign_822,real,exfil_multi_03,,generator_ground_truth,docker_multihost,79.0,2073.0,0.038109020742884706,0.002212047576904297,7,5,35713.51756844147,0,0,0
0,mh_exfil_multi_03_benign_823,real,exfil_multi_03,,generator_ground_truth,docker_multihost,79.0,337.0,0.2344213649851632,0.001619100570678711,6,6,48792.52186717714,0,0,0
0,mh_exfil_multi_03_benign_824,real,exfil_multi_03,,generator_ground_truth,docker_multihost,79.0,861.0,0.09175377468060394,0.0014998912811279297,6,6,52670.48418375457,0,0,0
0,mh_exfil_multi_03_benign_825,real,exfil_multi_03,,generator_ground_truth,docker_multihost,79.0,850.0,0.09294117647058824,0.0019102096557617188,6,6,41356.71692461308,0,0,0
0,mh_exfil_multi_03_benign_826,real,exfil_multi_03,,generator_ground_truth,docker_multihost,79.0,408.0,0.19362745098039216,0.002886056900024414,7,5,27372.98769103676,0,0,0
0,mh_exfil_multi_03_benign_827,real,exfil_multi_03,,generator_ground_truth,docker_multihost,79.0,638.0,0.1238244514106583,0.0029239654541015625,6,6,27018.103065883886,0,0,0
0,mh_exfil_multi_03_benign_828,real,exfil_multi_03,,generator_ground_truth,docker_multihost,79.0,1375.0,0.05745454545454545,0.0006749629974365234,7,5,117043.45319675027,0,0,0
0,mh_exfil_multi_03_benign_829,real,exfil_multi_03,,generator_ground_truth,docker_multihost,79.0,1810.0,0.04364640883977901,0.0006837844848632812,7,6,115533.47838214783,0,0,0
0,mh_exfil_multi_03_benign_830,real,exfil_multi_03,,generator_ground_truth,docker_multihost,79.0,1417.0,0.05575158786167961,0.001983165740966797,6,6,39835.298869920654,0,0,0
0,mh_exfil_multi_03_benign_831,real,exfil_multi_03,,generator_ground_truth,docker_multihost,79.0,1564.0,0.05051150895140665,0.0008718967437744141,6,6,90607.0593382554,0,0,0
0,mh_exfil_multi_03_benign_832,real,exfil_multi_03,,generator_ground_truth,docker_multihost,79.0,1196.0,0.06605351170568562,0.0035469532012939453,6,6,22272.6366875042,0,0,0
0,mh_exfil_multi_03_benign_833,real,exfil_multi_03,,generator_ground_truth,docker_multihost,79.0,460.0,0.17173913043478262,0.0022821426391601562,6,6,34616.59172586711,0,0,0
0,mh_exfil_multi_03_benign_834,real,exfil_multi_03,,generator_ground_truth,docker_multihost,79.0,1866.0,0.04233654876741694,0.004546165466308594,7,5,17377.28214810153,0,0,0
0,mh_exfil_multi_03_benign_835,real,exfil_multi_03,,generator_ground_truth,docker_multihost,79.0,1784.0,0.044282511210762335,0.0051381587982177734,7,5,15375.157347686882,0,0,0
0,mh_exfil_multi_03_benign_836,real,exfil_multi_03,,generator_ground_truth,docker_multihost,79.0,932.0,0.08476394849785408,0.0074579715728759766,7,5,10592.692560979509,0,0,0
0,mh_exfil_multi_03_benign_837,real,exfil_multi_03,,generator_ground_truth,docker_multihost,79.0,653.0,0.12098009188361408,0.006600856781005859,7,5,11968.14332153435,0,0,0
0,mh_exfil_multi_03_benign_838,real,exfil_multi_03,,generator_ground_truth,docker_multihost,79.0,668.0,0.11826347305389222,0.005597114562988281,7,5,14114.41540296473,0,0,0
0,mh_exfil_multi_03_benign_839,real,exfil_multi_03,,generator_ground_truth,docker_multihost,79.0,1099.0,0.0718835304822566,0.004364013671875,7,6,18102.601398601397,0,0,0
0,mh_exfil_multi_03_benign_840,real,exfil_multi_03,,generator_ground_truth,docker_multihost,79.0,1248.0,0.06330128205128205,0.00554203987121582,6,6,14254.679113787912,0,0,0
0,mh_exfil_multi_03_benign_841,real,exfil_multi_03,,generator_ground_truth,docker_multihost,79.0,1897.0,0.04164470216130733,0.005759000778198242,7,5,13717.657462223142,0,0,0
0,mh_exfil_multi_03_benign_842,real,exfil_multi_03,,generator_ground_truth,docker_multihost,79.0,1206.0,0.06550580431177445,0.007089853286743164,7,5,11142.684736187242,0,0,0
0,mh_exfil_multi_03_benign_843,real,exfil_multi_03,,generator_ground_truth,docker_multihost,79.0,1407.0,0.05614783226723525,0.004656076431274414,6,6,16967.07542628911,0,0,0
0,mh_exfil_multi_03_benign_844,real,exfil_multi_03,,generator_ground_truth,docker_multihost,79.0,332.0,0.23795180722891565,0.004934072494506836,7,5,16011.11456873641,0,0,0
0,mh_exfil_multi_03_benign_845,real,exfil_multi_03,,generator_ground_truth,docker_multihost,79.0,1706.0,0.04630715123094959,0.007816076278686523,6,6,10107.37321172559,0,0,0
0,mh_exfil_multi_03_benign_846,real,exfil_multi_03,,generator_ground_truth,docker_multihost,79.0,1653.0,0.04779189352692075,0.004105091094970703,6,6,19244.396329422696,0,0,0
0,mh_exfil_multi_03_benign_847,real,exfil_multi_03,,generator_ground_truth,docker_multihost,79.0,480.0,0.16458333333333333,0.0052678585052490234,7,6,14996.606291016067,0,0,0
0,mh_exfil_multi_03_benign_848,real,exfil_multi_03,,generator_ground_truth,docker_multihost,79.0,587.0,0.13458262350936967,0.005098104476928711,6,6,15495.955478651265,0,0,0
0,mh_exfil_multi_03_benign_849,real,exfil_multi_03,,generator_ground_truth,docker_multihost,79.0,1743.0,0.045324153757888695,0.005518913269042969,7,5,14314.412303438741,0,0,0
0,mh_exfil_multi_03_benign_850,real,exfil_multi_03,,generator_ground_truth,docker_multihost,79.0,1243.0,0.06355591311343524,0.002975940704345703,6,6,26546.227848101265,0,0,0
0,mh_exfil_multi_03_benign_851,real,exfil_multi_03,,generator_ground_truth,docker_multihost,79.0,734.0,0.10762942779291552,0.0033721923828125,7,5,23426.89592760181,0,0,0
0,mh_exfil_multi_03_benign_852,real,exfil_multi_03,,generator_ground_truth,docker_multihost,79.0,1228.0,0.06433224755700326,0.001516103744506836,6,6,52107.252083660955,0,0,0
0,mh_exfil_multi_03_benign_853,real,exfil_multi_03,,generator_ground_truth,docker_multihost,79.0,1057.0,0.07473982970671712,0.0020880699157714844,7,5,37833.98218771409,0,0,0
0,mh_exfil_multi_03_benign_854,real,exfil_multi_03,,generator_ground_truth,docker_multihost,79.0,362.0,0.21823204419889503,0.003489971160888672,7,5,22636.290203579723,0,0,0
0,mh_exfil_multi_03_benign_855,real,exfil_multi_03,,generator_ground_truth,docker_multihost,79.0,1217.0,0.06491372226787182,0.0014390945434570312,6,6,54895.62889330683,0,0,0
0,mh_exfil_multi_03_benign_856,real,exfil_multi_03,,generator_ground_truth,docker_multihost,79.0,1044.0,0.07567049808429119,0.0019168853759765625,6,6,41212.68855721393,0,0,0
0,mh_exfil_multi_03_benign_857,real,exfil_multi_03,,generator_ground_truth,docker_multihost,79.0,396.0,0.1994949494949495,0.0011298656463623047,7,5,69919.8176830555,0,0,0
0,mh_exfil_multi_03_benign_858,real,exfil_multi_03,,generator_ground_truth,docker_multihost,79.0,409.0,0.19315403422982885,0.0016591548919677734,6,6,47614.602098002586,0,0,0
0,mh_exfil_multi_03_benign_859,real,exfil_multi_03,,generator_ground_truth,docker_multihost,79.0,553.0,0.14285714285714285,0.0022690296173095703,7,5,34816.645581590834,0,0,0
0,mh_exfil_multi_03_benign_860,real,exfil_multi_03,,generator_ground_truth,docker_multihost,79.0,1898.0,0.04162276080084299,0.0011229515075683594,6,6,70350.32186836518,0,0,0
0,mh_exfil_multi_03_benign_861,real,exfil_multi_03,,generator_ground_truth,docker_multihost,79.0,706.0,0.11189801699716714,0.0018649101257324219,6,6,42361.29071848632,0,0,0
0,mh_exfil_multi_03_benign_862,real,exfil_multi_03,,generator_ground_truth,docker_multihost,79.0,359.0,0.2200557103064067,0.002351999282836914,6,6,33588.445615813485,0,0,0
0,mh_exfil_multi_03_benign_863,real,exfil_multi_03,,generator_ground_truth,docker_multihost,79.0,1969.0,0.04012188928390046,0.002927064895629883,6,6,26989.49385028916,0,0,0
0,mh_exfil_multi_03_benign_864,real,exfil_multi_03,,generator_ground_truth,docker_multihost,79.0,355.0,0.22253521126760564,0.0010750293731689453,7,6,73486.36416056775,0,0,0
0,mh_exfil_multi_03_benign_865,real,exfil_multi_03,,generator_ground_truth,docker_multihost,79.0,1419.0,0.05567300916138125,0.0029549598693847656,6,6,26734.711634661933,0,0,0
0,mh_exfil_multi_03_benign_866,real,exfil_multi_03,,generator_ground_truth,docker_multihost,79.0,792.0,0.09974747474747475,0.0032901763916015625,7,5,24010.87072463768,0,0,0
0,mh_exfil_multi_03_benign_867,real,exfil_multi_03,,generator_ground_truth,docker_multihost,79.0,1242.0,0.06360708534621579,0.003429889678955078,6,6,23032.81078826637,0,0,0
0,mh_exfil_multi_03_benign_868,real,exfil_multi_03,,generator_ground_truth,docker_multihost,79.0,1875.0,0.042133333333333335,0.006073951721191406,7,5,13006.359554090124,0,0,0
0,mh_exfil_multi_03_benign_869,real,exfil_multi_03,,generator_ground_truth,docker_multihost,79.0,1415.0,0.0558303886925795,0.007584095001220703,6,6,10416.536183590066,0,0,0
0,mh_exfil_multi_03_benign_870,real,exfil_multi_03,,generator_ground_truth,docker_multihost,79.0,379.0,0.20844327176781002,0.004182100296020508,7,5,18890.02998688786,0,0,0
0,mh_exfil_multi_03_benign_871,real,exfil_multi_03,,generator_ground_truth,docker_multihost,79.0,1617.0,0.04885590599876314,0.0016160011291503906,7,5,48886.10445559162,0,0,0
0,mh_exfil_multi_03_benign_872,real,exfil_multi_03,,generator_ground_truth,docker_multihost,79.0,1192.0,0.0662751677852349,0.00152587890625,6,6,51773.44,0,0,0
0,mh_exfil_multi_03_benign_873,real,exfil_multi_03,,generator_ground_truth,docker_multihost,79.0,983.0,0.08036622583926754,0.002557039260864258,7,6,30895.106386946387,0,0,0
0,mh_exfil_multi_03_benign_874,real,exfil_multi_03,,generator_ground_truth,docker_multihost,79.0,2035.0,0.03882063882063882,0.004556894302368164,7,5,17336.368754251034,0,0,0
0,mh_exfil_multi_03_benign_875,real,exfil_multi_03,,generator_ground_truth,docker_multihost,79.0,452.0,0.1747787610619469,0.005991220474243164,7,5,13185.961080822954,0,0,0
0,mh_exfil_multi_03_benign_876,real,exfil_multi_03,,generator_ground_truth,docker_multihost,79.0,331.0,0.23867069486404835,0.0014472007751464844,6,6,54588.141021416806,0,0,0
0,mh_exfil_multi_03_benign_877,real,exfil_multi_03,,generator_ground_truth,docker_multihost,79.0,380.0,0.20789473684210527,0.0011699199676513672,6,6,67525.98654982678,0,0,0
0,mh_exfil_multi_03_benign_878,real,exfil_multi_03,,generator_ground_truth,docker_multihost,79.0,2023.0,0.03905091448344043,0.001989126205444336,6,6,39715.93143953015,0,0,0
0,mh_exfil_multi_03_benign_879,real,exfil_multi_03,,generator_ground_truth,docker_multihost,79.0,1469.0,0.053778080326752895,0.0018110275268554688,6,6,43621.64507635598,0,0,0
0,mh_exfil_multi_03_benign_880,real,exfil_multi_03,,generator_ground_truth,docker_multihost,79.0,2029.0,0.03893543617545589,0.0017421245574951172,6,6,45346.92979334884,0,0,0
0,mh_exfil_multi_03_benign_881,real,exfil_multi_03,,generator_ground_truth,docker_multihost,79.0,1388.0,0.0569164265129683,0.0012569427490234375,6,6,62850.91350531108,0,0,0
0,mh_exfil_multi_03_benign_882,real,exfil_multi_03,,generator_ground_truth,docker_multihost,79.0,422.0,0.1872037914691943,0.0015099048614501953,6,6,52321.17732512237,0,0,0
0,mh_exfil_multi_03_benign_883,real,exfil_multi_03,,generator_ground_truth,docker_multihost,79.0,1833.0,0.0430987452264048,0.0022401809692382812,6,6,35265.00808854832,0,0,0
0,mh_exfil_multi_03_benign_884,real,exfil_multi_03,,generator_ground_truth,docker_multihost,79.0,1010.0,0.07821782178217822,0.0027229785919189453,6,6,29012.34707994046,0,0,0
0,mh_exfil_multi_03_benign_885,real,exfil_multi_03,,generator_ground_truth,docker_multihost,79.0,1861.0,0.04245029554003224,0.002001047134399414,6,6,39479.32991778864,0,0,0
0,mh_exfil_multi_03_benign_886,real,exfil_multi_03,,generator_ground_truth,docker_multihost,79.0,787.0,0.10038119440914867,0.0027010440826416016,6,6,29247.94915703063,0,0,0
0,mh_exfil_multi_03_benign_887,real,exfil_multi_03,,generator_ground_truth,docker_multihost,79.0,2104.0,0.03754752851711027,0.0015919208526611328,6,6,49625.58274674255,0,0,0
0,mh_exfil_multi_03_benign_888,real,exfil_multi_03,,generator_ground_truth,docker_multihost,79.0,480.0,0.16458333333333333,0.0032501220703125,7,5,24306.779342723006,0,0,0
0,mh_exfil_multi_03_benign_889,real,exfil_multi_03,,generator_ground_truth,docker_multihost,79.0,1530.0,0.05163398692810457,0.004111051559448242,7,5,19216.494577509715,0,0,0
0,mh_exfil_multi_03_benign_890,real,exfil_multi_03,,generator_ground_truth,docker_multihost,79.0,1514.0,0.05217965653896962,0.003587961196899414,7,6,22018.07535384411,0,0,0
0,mh_exfil_multi_03_benign_891,real,exfil_multi_03,,generator_ground_truth,docker_multihost,79.0,1375.0,0.05745454545454545,0.0016150474548339844,6,6,48914.97136108651,0,0,0
0,mh_exfil_multi_03_benign_892,real,exfil_multi_03,,generator_ground_truth,docker_multihost,79.0,1843.0,0.04286489419424851,0.0015041828155517578,6,6,52520.21176097638,0,0,0
0,mh_exfil_multi_03_benign_893,real,exfil_multi_03,,generator_ground_truth,docker_multihost,79.0,703.0,0.112375533428165,0.001486063003540039,6,6,53160.59939034173,0,0,0
0,mh_exfil_multi_03_benign_894,real,exfil_multi_03,,generator_ground_truth,docker_multihost,79.0,1143.0,0.06911636045494313,0.001377105712890625,6,6,57366.69252077562,0,0,0
0,mh_exfil_multi_03_benign_895,real,exfil_multi_03,,generator_ground_truth,docker_multihost,79.0,1433.0,0.05512909979064899,0.00191497802734375,7,5,41253.73705179283,0,0,0
0,mh_exfil_multi_03_benign_896,real,exfil_multi_03,,generator_ground_truth,docker_multihost,79.0,1815.0,0.04352617079889807,0.0020301342010498047,6,6,38913.68361714621,0,0,0
0,mh_exfil_multi_03_benign_897,real,exfil_multi_03,,generator_ground_truth,docker_multihost,79.0,487.0,0.162217659137577,0.0022819042205810547,6,6,34620.208546651345,0,0,0
0,mh_exfil_multi_03_benign_898,real,exfil_multi_03,,generator_ground_truth,docker_multihost,79.0,2095.0,0.037708830548926014,0.004001140594482422,7,6,19744.369920152545,0,0,0
0,mh_exfil_multi_03_benign_899,real,exfil_multi_03,,generator_ground_truth,docker_multihost,79.0,1556.0,0.05077120822622108,0.002591848373413086,6,6,30480.178088492317,0,0,0
0,mh_exfil_multi_03_benign_900,real,exfil_multi_03,,generator_ground_truth,docker_multihost,79.0,1882.0,0.04197662061636557,0.0010259151458740234,6,6,77004.41924238903,0,0,0
0,mh_exfil_multi_03_benign_901,real,exfil_multi_03,,generator_ground_truth,docker_multihost,79.0,1629.0,0.048496009821976674,0.0014150142669677734,6,6,55829.82577927548,0,0,0
0,mh_exfil_multi_03_benign_902,real,exfil_multi_03,,generator_ground_truth,docker_multihost,79.0,1718.0,0.0459837019790454,0.0012099742889404297,6,6,65290.64354679803,0,0,0
0,mh_exfil_multi_03_benign_903,real,exfil_multi_03,,generator_ground_truth,docker_multihost,79.0,1712.0,0.04614485981308411,0.0009589195251464844,6,6,82384.38985579314,0,0,0
0,mh_exfil_multi_03_benign_904,real,exfil_multi_03,,generator_ground_truth,docker_multihost,79.0,1207.0,0.06545153272576636,0.0011401176452636719,7,6,69291.09493935591,0,0,0
0,mh_exfil_multi_03_benign_905,real,exfil_multi_03,,generator_ground_truth,docker_multihost,79.0,1120.0,0.07053571428571428,0.0011458396911621094,6,6,68945.07199334165,0,0,0
0,mh_exfil_multi_03_benign_906,real,exfil_multi_03,,generator_ground_truth,docker_multihost,79.0,1842.0,0.04288816503800217,0.0013740062713623047,6,6,57496.09855977789,0,0,0
0,mh_exfil_multi_03_benign_907,real,exfil_multi_03,,generator_ground_truth,docker_multihost,79.0,762.0,0.1036745406824147,0.0011010169982910156,6,6,71751.84408834993,0,0,0
0,mh_exfil_multi_03_benign_908,real,exfil_multi_03,,generator_ground_truth,docker_multihost,79.0,545.0,0.14495412844036698,0.0015342235565185547,6,6,51491.84397824398,0,0,0
0,mh_exfil_multi_03_benign_909,real,exfil_multi_03,,generator_ground_truth,docker_multihost,79.0,1245.0,0.06345381526104418,0.0019180774688720703,7,6,41187.074704785584,0,0,0
0,mh_exfil_multi_03_benign_910,real,exfil_multi_03,,generator_ground_truth,docker_multihost,79.0,1197.0,0.06599832915622389,0.0014240741729736328,6,6,55474.638540097105,0,0,0
0,mh_exfil_multi_03_benign_911,real,exfil_multi_03,,generator_ground_truth,docker_multihost,79.0,1104.0,0.07155797101449275,0.0011072158813476562,6,6,71350.13264427218,0,0,0
0,mh_exfil_multi_03_benign_912,real,exfil_multi_03,,generator_ground_truth,docker_multihost,79.0,592.0,0.13344594594594594,0.002195119857788086,6,6,35988.92321060063,0,0,0
0,mh_exfil_multi_03_benign_913,real,exfil_multi_03,,generator_ground_truth,docker_multihost,79.0,664.0,0.11897590361445783,0.0017600059509277344,6,6,44886.21186670279,0,0,0
0,mh_exfil_multi_03_benign_914,real,exfil_multi_03,,generator_ground_truth,docker_multihost,79.0,2024.0,0.03903162055335968,0.0012030601501464844,6,6,65665.87713040032,0,0,0
0,mh_exfil_multi_03_benign_915,real,exfil_multi_03,,generator_ground_truth,docker_multihost,79.0,1283.0,0.06157443491816056,0.003896951675415039,6,6,20272.255490975833,0,0,0
0,mh_exfil_multi_03_benign_916,real,exfil_multi_03,,generator_ground_truth,docker_multihost,79.0,1809.0,0.04367053620784964,0.004889011383056641,7,5,16158.686043109334,0,0,0
0,mh_exfil_multi_03_benign_917,real,exfil_multi_03,,generator_ground_truth,docker_multihost,79.0,1036.0,0.07625482625482626,0.00516510009765625,7,5,15294.96011816839,0,0,0
0,mh_exfil_multi_03_benign_918,real,exfil_multi_03,,generator_ground_truth,docker_multihost,79.0,2069.0,0.03818269695505075,0.0052089691162109375,7,5,15166.148663493226,0,0,0
0,mh_exfil_multi_03_benign_919,real,exfil_multi_03,,generator_ground_truth,docker_multihost,79.0,1784.0,0.044282511210762335,0.0045549869537353516,6,6,17343.628160167496,0,0,0
0,mh_exfil_multi_03_benign_920,real,exfil_multi_03,,generator_ground_truth,docker_multihost,79.0,809.0,0.09765142150803462,0.0008261203765869141,6,6,95627.71024531024,0,0,0
0,mh_exfil_multi_03_benign_921,real,exfil_multi_03,,generator_ground_truth,docker_multihost,79.0,502.0,0.15737051792828685,0.0008420944213867188,7,6,93813.70781426954,0,0,0
0,mh_exfil_multi_03_benign_922,real,exfil_multi_03,,generator_ground_truth,docker_multihost,79.0,711.0,0.1111111111111111,0.0011239051818847656,6,6,70290.62706830716,0,0,0
0,mh_exfil_multi_03_benign_923,real,exfil_multi_03,,generator_ground_truth,docker_multihost,79.0,1422.0,0.05555555555555555,0.004628896713256836,7,5,17066.701828483132,0,0,0
0,mh_exfil_multi_03_benign_924,real,exfil_multi_03,,generator_ground_truth,docker_multihost,79.0,1654.0,0.047762998790810154,0.0037240982055664062,7,5,21213.18924455826,0,0,0
0,mh_exfil_multi_03_benign_925,real,exfil_multi_03,,generator_ground_truth,docker_multihost,79.0,720.0,0.10972222222222222,0.0017309188842773438,7,5,45640.49807162534,0,0,0
0,mh_exfil_multi_03_benign_926,real,exfil_multi_03,,generator_ground_truth,docker_multihost,79.0,1185.0,0.06666666666666667,0.0019788742065429688,6,6,39921.688674698795,0,0,0
0,mh_exfil_multi_03_benign_927,real,exfil_multi_03,,generator_ground_truth,docker_multihost,79.0,821.0,0.09622411693057248,0.001744985580444336,7,5,45272.58040715945,0,0,0
0,mh_exfil_multi_03_benign_928,real,exfil_multi_03,,generator_ground_truth,docker_multihost,79.0,1746.0,0.04524627720504009,0.002846956253051758,6,6,27748.933590151577,0,0,0
0,mh_exfil_multi_03_benign_929,real,exfil_multi_03,,generator_ground_truth,docker_multihost,79.0,1511.0,0.05228325612177366,0.0031888484954833984,7,5,24773.832971962616,0,0,0
0,mh_exfil_multi_03_benign_930,real,exfil_multi_03,,generator_ground_truth,docker_multihost,79.0,1462.0,0.054035567715458276,0.0019161701202392578,6,6,41228.072166231184,0,0,0
0,mh_exfil_multi_03_benign_931,real,exfil_multi_03,,generator_ground_truth,docker_multihost,79.0,1140.0,0.06929824561403508,0.0008819103240966797,6,6,89578.26872127602,0,0,0
0,mh_exfil_multi_03_benign_932,real,exfil_multi_03,,generator_ground_truth,docker_multihost,79.0,1294.0,0.061051004636785165,0.0009829998016357422,7,5,80366.2420567548,0,0,0
0,mh_exfil_multi_03_benign_933,real,exfil_multi_03,,generator_ground_truth,docker_multihost,79.0,1687.0,0.04682868998221695,0.0011429786682128906,6,6,69117.65039632874,0,0,0
0,mh_exfil_multi_03_benign_934,real,exfil_multi_03,,generator_ground_truth,docker_multihost,79.0,824.0,0.09587378640776699,0.0008878707885742188,6,6,88976.91084854995,0,0,0
0,mh_exfil_multi_03_benign_935,real,exfil_multi_03,,generator_ground_truth,docker_multihost,79.0,1111.0,0.0711071107110711,0.0025877952575683594,7,5,30527.917449788096,0,0,0
0,mh_exfil_multi_03_benign_936,real,exfil_multi_03,,generator_ground_truth,docker_multihost,79.0,995.0,0.07939698492462312,0.0013098716735839844,7,5,60311.25154714234,0,0,0
0,mh_exfil_multi_03_benign_937,real,exfil_multi_03,,generator_ground_truth,docker_multihost,79.0,758.0,0.10422163588390501,0.0014760494232177734,7,5,53521.24309481506,0,0,0
0,mh_exfil_multi_03_benign_938,real,exfil_multi_03,,generator_ground_truth,docker_multihost,79.0,1633.0,0.04837721984078383,0.0018010139465332031,6,6,43864.18003706646,0,0,0
0,mh_exfil_multi_03_benign_939,real,exfil_multi_03,,generator_ground_truth,docker_multihost,79.0,668.0,0.11826347305389222,0.001138925552368164,6,6,69363.62068243668,0,0,0
0,mh_exfil_multi_03_benign_940,real,exfil_multi_03,,generator_ground_truth,docker_multihost,79.0,370.0,0.21351351351351353,0.0011501312255859375,7,6,68687.81426202321,0,0,0
0,mh_exfil_multi_03_benign_941,real,exfil_multi_03,,generator_ground_truth,docker_multihost,79.0,862.0,0.09164733178654293,0.0008981227874755859,6,6,87961.24661534377,0,0,0
0,mh_exfil_multi_03_benign_942,real,exfil_multi_03,,generator_ground_truth,docker_multihost,79.0,1254.0,0.06299840510366826,0.0011010169982910156,6,6,71751.84408834993,0,0,0
0,mh_exfil_multi_03_benign_943,real,exfil_multi_03,,generator_ground_truth,docker_multihost,79.0,1903.0,0.04151339989490278,0.0017731189727783203,6,6,44554.25789969073,0,0,0
0,mh_exfil_multi_03_benign_944,real,exfil_multi_03,,generator_ground_truth,docker_multihost,79.0,1786.0,0.044232922732362824,0.0024700164794921875,7,5,31983.592277992277,0,0,0
0,mh_exfil_multi_03_benign_945,real,exfil_multi_03,,generator_ground_truth,docker_multihost,79.0,2108.0,0.03747628083491461,0.002507925033569336,7,6,31500.144120163513,0,0,0
0,mh_exfil_multi_03_benign_946,real,exfil_multi_03,,generator_ground_truth,docker_multihost,79.0,1360.0,0.05808823529411765,0.002824068069458008,7,5,27973.82997045167,0,0,0
0,mh_exfil_multi_03_benign_947,real,exfil_multi_03,,generator_ground_truth,docker_multihost,79.0,1228.0,0.06433224755700326,0.0024399757385253906,7,6,32377.371115888214,0,0,0
0,mh_exfil_multi_03_benign_948,real,exfil_multi_03,,generator_ground_truth,docker_multihost,79.0,1463.0,0.053998632946001365,0.003164052963256836,7,5,24967.976490091176,0,0,0
0,mh_exfil_multi_03_benign_949,real,exfil_multi_03,,generator_ground_truth,docker_multihost,79.0,1107.0,0.07136404697380307,0.0028269290924072266,6,6,27945.518765286328,0,0,0
0,mh_exfil_multi_03_benign_950,real,exfil_multi_03,,generator_ground_truth,docker_multihost,79.0,1626.0,0.04858548585485855,0.004233121871948242,7,5,18662.349535342157,0,0,0
0,mh_exfil_multi_03_benign_951,real,exfil_multi_03,,generator_ground_truth,docker_multihost,79.0,487.0,0.162217659137577,0.0028061866760253906,6,6,28152.082922684793,0,0,0
0,mh_exfil_multi_03_benign_952,real,exfil_multi_03,,generator_ground_truth,docker_multihost,79.0,569.0,0.13884007029876977,0.0007698535919189453,6,6,102616.91421492722,0,0,0
0,mh_exfil_multi_03_benign_953,real,exfil_multi_03,,generator_ground_truth,docker_multihost,79.0,2023.0,0.03905091448344043,0.0036079883575439453,6,6,21895.857794224543,0,0,0
0,mh_exfil_multi_03_benign_954,real,exfil_multi_03,,generator_ground_truth,docker_multihost,79.0,1104.0,0.07155797101449275,0.0008368492126464844,7,6,94401.71396011396,0,0,0
0,mh_exfil_multi_03_benign_955,real,exfil_multi_03,,generator_ground_truth,docker_multihost,79.0,793.0,0.09962168978562422,0.0008378028869628906,7,6,94294.25611838361,0,0,0
0,mh_exfil_multi_03_benign_956,real,exfil_multi_03,,generator_ground_truth,docker_multihost,79.0,1106.0,0.07142857142857142,0.0009140968322753906,7,6,86424.1043296818,0,0,0
0,mh_exfil_multi_03_benign_957,real,exfil_multi_03,,generator_ground_truth,docker_multihost,79.0,1951.0,0.040492055356227574,0.0004780292510986328,6,6,165261.85336658353,0,0,0
0,mh_exfil_multi_03_benign_958,real,exfil_multi_03,,generator_ground_truth,docker_multihost,79.0,1615.0,0.04891640866873065,0.0013120174407958984,6,6,60212.61421043067,0,0,0
0,mh_exfil_multi_03_benign_959,real,exfil_multi_03,,generator_ground_truth,docker_multihost,79.0,782.0,0.1010230179028133,0.0011720657348632812,6,6,67402.36289666395,0,0,0
0,mh_exfil_multi_03_benign_960,real,exfil_multi_03,,generator_ground_truth,docker_multihost,79.0,425.0,0.18588235294117647,0.0007510185241699219,7,6,105190.48126984127,0,0,0
0,mh_exfil_multi_03_benign_961,real,exfil_multi_03,,generator_ground_truth,docker_multihost,79.0,1724.0,0.04582366589327146,0.0027010440826416016,7,6,29247.94915703063,0,0,0
0,mh_exfil_multi_03_benign_962,real,exfil_multi_03,,generator_ground_truth,docker_multihost,79.0,1110.0,0.07117117117117117,0.0011610984802246094,6,6,68039.01765913758,0,0,0
0,mh_exfil_multi_03_benign_963,real,exfil_multi_03,,generator_ground_truth,docker_multihost,79.0,2064.0,0.03827519379844961,0.0012350082397460938,6,6,63967.18455598455,0,0,0
0,mh_exfil_multi_03_benign_964,real,exfil_multi_03,,generator_ground_truth,docker_multihost,79.0,936.0,0.08440170940170941,0.001435995101928711,6,6,55014.11522497094,0,0,0
0,mh_exfil_multi_03_benign_965,real,exfil_multi_03,,generator_ground_truth,docker_multihost,79.0,553.0,0.14285714285714285,0.002635955810546875,7,5,29970.15340086831,0,0,0
0,mh_exfil_multi_03_benign_966,real,exfil_multi_03,,generator_ground_truth,docker_multihost,79.0,452.0,0.1747787610619469,0.0033910274505615234,7,5,23296.77395767419,0,0,0
0,mh_exfil_multi_03_benign_967,real,exfil_multi_03,,generator_ground_truth,docker_multihost,79.0,699.0,0.11301859799713877,0.006602048873901367,6,6,11965.982304719944,0,0,0
0,mh_exfil_multi_03_benign_968,real,exfil_multi_03,,generator_ground_truth,docker_multihost,79.0,1809.0,0.04367053620784964,0.0034339427947998047,7,5,23005.624939248766,0,0,0
0,mh_exfil_multi_03_benign_969,real,exfil_multi_03,,generator_ground_truth,docker_multihost,79.0,1392.0,0.05675287356321839,0.0036668777465820312,7,5,21544.214304291287,0,0,0
0,mh_exfil_multi_03_benign_970,real,exfil_multi_03,,generator_ground_truth,docker_multihost,79.0,514.0,0.15369649805447472,0.003921985626220703,6,6,20142.85811550152,0,0,0
0,mh_exfil_multi_03_benign_971,real,exfil_multi_03,,generator_ground_truth,docker_multihost,79.0,1131.0,0.06984969053934571,0.004878044128417969,6,6,16195.015444770284,0,0,0
0,mh_exfil_multi_03_benign_972,real,exfil_multi_03,,generator_ground_truth,docker_multihost,79.0,493.0,0.16024340770791076,0.0051670074462890625,6,6,15289.314138058324,0,0,0
0,mh_exfil_multi_03_benign_973,real,exfil_multi_03,,generator_ground_truth,docker_multihost,79.0,1855.0,0.042587601078167114,0.0044820308685302734,7,5,17625.938400978775,0,0,0
0,mh_exfil_multi_03_benign_974,real,exfil_multi_03,,generator_ground_truth,docker_multihost,79.0,1198.0,0.0659432387312187,0.002810955047607422,6,6,28104.32705682782,0,0,0
0,mh_exfil_multi_03_benign_975,real,exfil_multi_03,,generator_ground_truth,docker_multihost,79.0,480.0,0.16458333333333333,0.004513978958129883,6,6,17501.18924628955,0,0,0
0,mh_exfil_multi_03_benign_976,real,exfil_multi_03,,generator_ground_truth,docker_multihost,79.0,1386.0,0.056998556998557,0.003854990005493164,6,6,20492.919537386355,0,0,0
0,mh_exfil_multi_03_benign_977,real,exfil_multi_03,,generator_ground_truth,docker_multihost,79.0,940.0,0.08404255319148936,0.0034551620483398438,7,5,22864.340049682585,0,0,0
0,mh_exfil_multi_03_benign_978,real,exfil_multi_03,,generator_ground_truth,docker_multihost,79.0,1050.0,0.07523809523809524,0.0014679431915283203,6,6,53816.796491797955,0,0,0
0,mh_exfil_multi_03_benign_979,real,exfil_multi_03,,generator_ground_truth,docker_multihost,79.0,483.0,0.16356107660455488,0.001435995101928711,6,6,55014.11522497094,0,0,0
0,mh_exfil_multi_03_benign_980,real,exfil_multi_03,,generator_ground_truth,docker_multihost,79.0,1050.0,0.07523809523809524,0.0012259483337402344,6,6,64439.909762738236,0,0,0
0,mh_exfil_multi_03_benign_981,real,exfil_multi_03,,generator_ground_truth,docker_multihost,79.0,1989.0,0.03971845148315736,0.001744985580444336,6,6,45272.58040715945,0,0,0
0,mh_exfil_multi_03_benign_982,real,exfil_multi_03,,generator_ground_truth,docker_multihost,79.0,2017.0,0.039167079821517105,0.0014529228210449219,6,6,54373.15654742369,0,0,0
0,mh_exfil_multi_03_benign_983,real,exfil_multi_03,,generator_ground_truth,docker_multihost,79.0,676.0,0.11686390532544379,0.0023241043090820312,6,6,33991.58965941732,0,0,0
0,mh_exfil_multi_03_benign_984,real,exfil_multi_03,,generator_ground_truth,docker_multihost,79.0,1309.0,0.060351413292589765,0.002833843231201172,6,6,27877.336025576307,0,0,0
0,mh_exfil_multi_03_benign_985,real,exfil_multi_03,,generator_ground_truth,docker_multihost,79.0,1845.0,0.042818428184281845,0.0033578872680664062,6,6,23526.698097131495,0,0,0
0,mh_exfil_multi_03_benign_986,real,exfil_multi_03,,generator_ground_truth,docker_multihost,79.0,1282.0,0.06162246489859594,0.0015480518341064453,6,6,51031.88295087017,0,0,0
0,mh_exfil_multi_03_benign_987,real,exfil_multi_03,,generator_ground_truth,docker_multihost,79.0,1383.0,0.05712219812002892,0.001138925552368164,7,6,69363.62068243668,0,0,0
0,mh_exfil_multi_03_benign_988,real,exfil_multi_03,,generator_ground_truth,docker_multihost,79.0,1733.0,0.04558568955568378,0.0023200511932373047,7,5,34050.97276744425,0,0,0
0,mh_exfil_multi_03_benign_989,real,exfil_multi_03,,generator_ground_truth,docker_multihost,79.0,787.0,0.10038119440914867,0.004906892776489258,6,6,16099.801564549827,0,0,0
0,mh_exfil_multi_03_benign_990,real,exfil_multi_03,,generator_ground_truth,docker_multihost,79.0,2006.0,0.03938185443668993,0.003960132598876953,6,6,19948.826971703795,0,0,0
0,mh_exfil_multi_03_benign_991,real,exfil_multi_03,,generator_ground_truth,docker_multihost,79.0,1313.0,0.060167555217060166,0.002512216567993164,6,6,31446.33349150612,0,0,0
0,mh_exfil_multi_03_benign_992,real,exfil_multi_03,,generator_ground_truth,docker_multihost,79.0,596.0,0.1325503355704698,0.0008280277252197266,6,6,95407.43334293118,0,0,0
0,mh_exfil_multi_03_benign_993,real,exfil_multi_03,,generator_ground_truth,docker_multihost,79.0,758.0,0.10422163588390501,0.0019800662994384766,6,6,39897.65394340759,0,0,0
0,mh_exfil_multi_03_benign_994,real,exfil_multi_03,,generator_ground_truth,docker_multihost,79.0,1914.0,0.041274817136886105,0.0032269954681396484,7,5,24480.976431473955,0,0,0
0,mh_exfil_multi_03_benign_995,real,exfil_multi_03,,generator_ground_truth,docker_multihost,79.0,967.0,0.08169596690796277,0.0035881996154785156,6,6,22016.612358803988,0,0,0
0,mh_exfil_multi_03_benign_996,real,exfil_multi_03,,generator_ground_truth,docker_multihost,79.0,966.0,0.08178053830227744,0.0029799938201904297,7,6,26510.12208976718,0,0,0
0,mh_exfil_multi_03_benign_997,real,exfil_multi_03,,generator_ground_truth,docker_multihost,79.0,1799.0,0.04391328515842134,0.0013430118560791016,6,6,58823.01011894195,0,0,0
0,mh_exfil_multi_03_benign_998,real,exfil_multi_03,,generator_ground_truth,docker_multihost,79.0,2111.0,0.037423022264329704,0.002599954605102539,6,6,30385.14589637781,0,0,0
0,mh_exfil_multi_03_benign_999,real,exfil_multi_03,,generator_ground_truth,docker_multihost,79.0,1054.0,0.07495256166982922,0.005322933197021484,7,5,14841.441189644362,0,0,0
0,mh_exfil_multi_03_benign_1000,real,exfil_multi_03,,generator_ground_truth,docker_multihost,79.0,532.0,0.14849624060150377,0.0015120506286621094,6,6,52246.927783033745,0,0,0
0,mh_exfil_multi_03_benign_1001,real,exfil_multi_03,,generator_ground_truth,docker_multihost,79.0,974.0,0.0811088295687885,0.001499176025390625,6,6,52695.61323155216,0,0,0
0,mh_exfil_multi_03_benign_1002,real,exfil_multi_03,,generator_ground_truth,docker_multihost,79.0,842.0,0.09382422802850356,0.002177000045776367,6,6,36288.46960902421,0,0,0
0,mh_exfil_multi_03_benign_1003,real,exfil_multi_03,,generator_ground_truth,docker_multihost,79.0,567.0,0.13932980599647266,0.001199960708618164,6,6,65835.48897277965,0,0,0
0,mh_exfil_multi_03_benign_1004,real,exfil_multi_03,,generator_ground_truth,docker_multihost,79.0,1262.0,0.06259904912836767,0.0017070770263671875,6,6,46277.93519553073,0,0,0
0,mh_exfil_multi_03_benign_1005,real,exfil_multi_03,,generator_ground_truth,docker_multihost,79.0,1512.0,0.052248677248677246,0.002629995346069336,6,6,30038.075967727313,0,0,0
0,mh_exfil_multi_03_benign_1006,real,exfil_multi_03,,generator_ground_truth,docker_multihost,79.0,2056.0,0.03842412451361868,0.003979921340942383,7,5,19849.63853112083,0,0,0
0,mh_exfil_multi_03_benign_1007,real,exfil_multi_03,,generator_ground_truth,docker_multihost,79.0,1814.0,0.043550165380374865,0.0034651756286621094,6,6,22798.267235447915,0,0,0
0,mh_exfil_multi_03_benign_1008,real,exfil_multi_03,,generator_ground_truth,docker_multihost,79.0,2005.0,0.03940149625935162,0.00664520263671875,6,6,11888.275545350172,0,0,0
0,mh_exfil_multi_03_benign_1009,real,exfil_multi_03,,generator_ground_truth,docker_multihost,79.0,658.0,0.12006079027355623,0.0027391910552978516,6,6,28840.631560623206,0,0,0
0,mh_exfil_multi_03_benign_1010,real,exfil_multi_03,,generator_ground_truth,docker_multihost,79.0,666.0,0.11861861861861862,0.004554033279418945,7,5,17347.260143447988,0,0,0
0,mh_exfil_multi_03_benign_1011,real,exfil_multi_03,,generator_ground_truth,docker_multihost,79.0,1237.0,0.06386418755052546,0.0036039352416992188,7,5,21920.482667372322,0,0,0
0,mh_exfil_multi_03_benign_1012,real,exfil_multi_03,,generator_ground_truth,docker_multihost,79.0,1257.0,0.06284805091487669,0.004065990447998047,6,6,19429.460302568314,0,0,0
0,mh_exfil_multi_03_benign_1013,real,exfil_multi_03,,generator_ground_truth,docker_multihost,79.0,1770.0,0.04463276836158192,0.003582000732421875,6,6,22054.713525026626,0,0,0
0,mh_exfil_multi_03_benign_1014,real,exfil_multi_03,,generator_ground_truth,docker_multihost,79.0,516.0,0.15310077519379844,0.006803989410400391,6,6,11610.835237227557,0,0,0
0,mh_exfil_multi_03_benign_1015,real,exfil_multi_03,,generator_ground_truth,docker_multihost,79.0,676.0,0.11686390532544379,0.007202863693237305,6,6,10967.859918572705,0,0,0
0,mh_exfil_multi_03_benign_1016,real,exfil_multi_03,,generator_ground_truth,docker_multihost,79.0,1686.0,0.0468564650059312,0.0057408809661865234,6,6,13760.954192449852,0,0,0
0,mh_exfil_multi_03_benign_1017,real,exfil_multi_03,,generator_ground_truth,docker_multihost,79.0,1069.0,0.07390084190832553,0.006784915924072266,7,5,11643.475156370792,0,0,0
0,mh_exfil_multi_03_benign_1018,real,exfil_multi_03,,generator_ground_truth,docker_multihost,79.0,1744.0,0.04529816513761468,0.008313179016113281,6,6,9502.983136400138,0,0,0
0,mh_exfil_multi_03_benign_1019,real,exfil_multi_03,,generator_ground_truth,docker_multihost,79.0,1070.0,0.07383177570093458,0.004606962203979492,7,5,17147.95921958288,0,0,0
0,mh_exfil_multi_03_benign_1020,real,exfil_multi_03,,generator_ground_truth,docker_multihost,79.0,1823.0,0.04333516182117389,0.00621795654296875,6,6,12705.138650306748,0,0,0
0,mh_exfil_multi_03_benign_1021,real,exfil_multi_03,,generator_ground_truth,docker_multihost,79.0,1220.0,0.06475409836065574,0.001489877700805664,6,6,53024.48647783646,0,0,0
0,mh_exfil_multi_03_benign_1022,real,exfil_multi_03,,generator_ground_truth,docker_multihost,79.0,1966.0,0.04018311291963377,0.005118131637573242,6,6,15435.32007266968,0,0,0
0,mh_exfil_multi_03_benign_1023,real,exfil_multi_03,,generator_ground_truth,docker_multihost,79.0,1734.0,0.04555940023068051,0.004725933074951172,6,6,16716.2756533145,0,0,0
0,mh_exfil_multi_03_benign_1024,real,exfil_multi_03,,generator_ground_truth,docker_multihost,79.0,1173.0,0.06734867860187553,0.0021839141845703125,6,6,36173.58253275109,0,0,0
0,mh_exfil_multi_03_benign_1025,real,exfil_multi_03,,generator_ground_truth,docker_multihost,79.0,1983.0,0.03983862834089763,0.0021860599517822266,6,6,36138.07568982441,0,0,0
0,mh_exfil_multi_03_benign_1026,real,exfil_multi_03,,generator_ground_truth,docker_multihost,79.0,1502.0,0.0525965379494008,0.0007419586181640625,6,6,106474.940874036,0,0,0
0,mh_exfil_multi_03_benign_1027,real,exfil_multi_03,,generator_ground_truth,docker_multihost,79.0,1229.0,0.06427990235964198,0.0009970664978027344,6,6,79232.42850310856,0,0,0
0,mh_exfil_multi_03_benign_1028,real,exfil_multi_03,,generator_ground_truth,docker_multihost,79.0,1875.0,0.042133333333333335,0.0010688304901123047,7,5,73912.56212357795,0,0,0
0,mh_exfil_multi_03_benign_1029,real,exfil_multi_03,,generator_ground_truth,docker_multihost,79.0,336.0,0.23511904761904762,0.0017428398132324219,7,5,45328.3195622435,0,0,0
0,mh_exfil_multi_03_benign_1030,real,exfil_multi_03,,generator_ground_truth,docker_multihost,79.0,1735.0,0.04553314121037464,0.0027709007263183594,7,5,28510.58475305455,0,0,0
0,mh_exfil_multi_03_benign_1031,real,exfil_multi_03,,generator_ground_truth,docker_multihost,79.0,1360.0,0.05808823529411765,0.0008211135864257812,6,6,96210.80603948896,0,0,0
0,mh_exfil_multi_03_benign_1032,real,exfil_multi_03,,generator_ground_truth,docker_multihost,79.0,503.0,0.15705765407554673,0.0010750293731689453,6,6,73486.36416056775,0,0,0
0,mh_exfil_multi_03_benign_1033,real,exfil_multi_03,,generator_ground_truth,docker_multihost,79.0,1766.0,0.04473386183465459,0.0012669563293457031,6,6,62354.161836657884,0,0,0
0,mh_exfil_multi_03_benign_1034,real,exfil_multi_03,,generator_ground_truth,docker_multihost,79.0,924.0,0.0854978354978355,0.0016388893127441406,6,6,48203.37736398022,0,0,0
0,mh_exfil_multi_03_benign_1035,real,exfil_multi_03,,generator_ground_truth,docker_multihost,79.0,1643.0,0.04808277541083384,0.0027620792388916016,7,5,28601.641432887354,0,0,0
0,mh_exfil_multi_03_benign_1036,real,exfil_multi_03,,generator_ground_truth,docker_multihost,79.0,558.0,0.14157706093189965,0.005093097686767578,7,5,15511.188839996255,0,0,0
0,mh_exfil_multi_03_benign_1037,real,exfil_multi_03,,generator_ground_truth,docker_multihost,79.0,954.0,0.08280922431865828,0.0053539276123046875,6,6,14755.522622016388,0,0,0
0,mh_exfil_multi_03_benign_1038,real,exfil_multi_03,,generator_ground_truth,docker_multihost,79.0,1991.0,0.03967855349070819,0.0031549930572509766,6,6,25039.67475251266,0,0,0
0,mh_exfil_multi_03_benign_1039,real,exfil_multi_03,,generator_ground_truth,docker_multihost,79.0,1050.0,0.07523809523809524,0.0007178783416748047,6,6,110046.5014945201,0,0,0
0,mh_exfil_multi_03_benign_1040,real,exfil_multi_03,,generator_ground_truth,docker_multihost,79.0,1693.0,0.04666272888363851,0.0009031295776367188,6,6,87473.6050686378,0,0,0
0,mh_exfil_multi_03_benign_1041,real,exfil_multi_03,,generator_ground_truth,docker_multihost,79.0,592.0,0.13344594594594594,0.00197601318359375,7,5,39979.49034749035,0,0,0
0,mh_exfil_multi_03_benign_1042,real,exfil_multi_03,,generator_ground_truth,docker_multihost,79.0,1318.0,0.05993930197268589,0.0025780200958251953,6,6,30643.67113659484,0,0,0
0,mh_exfil_multi_03_benign_1043,real,exfil_multi_03,,generator_ground_truth,docker_multihost,79.0,1922.0,0.041103017689906346,0.0010788440704345703,6,6,73226.52287292818,0,0,0
0,mh_exfil_multi_03_benign_1044,real,exfil_multi_03,,generator_ground_truth,docker_multihost,79.0,1132.0,0.06978798586572438,0.001149892807006836,7,5,68702.05598175409,0,0,0
0,mh_exfil_multi_03_benign_1045,real,exfil_multi_03,,generator_ground_truth,docker_multihost,79.0,660.0,0.11969696969696969,0.0037200450897216797,7,6,21236.30173684548,0,0,0
0,mh_exfil_multi_03_benign_1046,real,exfil_multi_03,,generator_ground_truth,docker_multihost,79.0,1554.0,0.05083655083655084,0.00450587272644043,7,5,17532.674533044075,0,0,0
0,mh_exfil_multi_03_benign_1047,real,exfil_multi_03,,generator_ground_truth,docker_multihost,79.0,1392.0,0.05675287356321839,0.0031461715698242188,6,6,25109.882994846925,0,0,0
0,mh_exfil_multi_03_benign_1048,real,exfil_multi_03,,generator_ground_truth,docker_multihost,79.0,391.0,0.2020460358056266,0.004199981689453125,7,6,18809.605812897367,0,0,0
0,mh_exfil_multi_03_benign_1049,real,exfil_multi_03,,generator_ground_truth,docker_multihost,79.0,761.0,0.1038107752956636,0.004106044769287109,6,6,19239.92660550459,0,0,0
0,mh_exfil_multi_03_benign_1050,real,exfil_multi_03,,generator_ground_truth,docker_multihost,79.0,985.0,0.08020304568527918,0.003854990005493164,7,5,20492.919537386355,0,0,0
0,mh_exfil_multi_03_benign_1051,real,exfil_multi_03,,generator_ground_truth,docker_multihost,79.0,435.0,0.18160919540229886,0.003598928451538086,7,5,21950.978204703544,0,0,0
0,mh_exfil_multi_03_benign_1052,real,exfil_multi_03,,generator_ground_truth,docker_multihost,79.0,1962.0,0.040265035677879715,0.005830049514770508,6,6,13550.485257432625,0,0,0
0,mh_exfil_multi_03_benign_1053,real,exfil_multi_03,,generator_ground_truth,docker_multihost,79.0,1688.0,0.046800947867298576,0.0045070648193359375,7,5,17528.0372407956,0,0,0
0,mh_exfil_multi_03_benign_1054,real,exfil_multi_03,,generator_ground_truth,docker_multihost,79.0,1878.0,0.04206602768903089,0.0024328231811523438,6,6,32472.561348490788,0,0,0
0,mh_exfil_multi_03_benign_1055,real,exfil_multi_03,,generator_ground_truth,docker_multihost,79.0,1851.0,0.04267963263101027,0.0027039051055908203,6,6,29217.001675337273,0,0,0
0,mh_exfil_multi_03_benign_1056,real,exfil_multi_03,,generator_ground_truth,docker_multihost,79.0,1843.0,0.04286489419424851,0.0010058879852294922,7,6,78537.57193647783,0,0,0
0,mh_exfil_multi_03_benign_1057,real,exfil_multi_03,,generator_ground_truth,docker_multihost,79.0,1010.0,0.07821782178217822,0.0020661354064941406,7,5,38235.63535656589,0,0,0
0,mh_exfil_multi_03_benign_1058,real,exfil_multi_03,,generator_ground_truth,docker_multihost,79.0,1248.0,0.06330128205128205,0.0009768009185791016,6,6,80876.25482060044,0,0,0
0,mh_exfil_multi_03_benign_1059,real,exfil_multi_03,,generator_ground_truth,docker_multihost,79.0,2014.0,0.03922542204568024,0.0014281272888183594,6,6,55317.1979966611,0,0,0
0,mh_exfil_multi_03_benign_1060,real,exfil_multi_03,,generator_ground_truth,docker_multihost,79.0,572.0,0.1381118881118881,0.002050161361694336,7,5,38533.552273520174,0,0,0
0,mh_exfil_multi_03_benign_1061,real,exfil_multi_03,,generator_ground_truth,docker_multihost,79.0,1097.0,0.07201458523245215,0.0010540485382080078,7,6,74949.1101560733,0,0,0
0,mh_exfil_multi_03_benign_1062,real,exfil_multi_03,,generator_ground_truth,docker_multihost,79.0,1250.0,0.0632,0.0014929771423339844,7,6,52914.406898754394,0,0,0
0,mh_exfil_multi_03_benign_1063,real,exfil_multi_03,,generator_ground_truth,docker_multihost,79.0,948.0,0.08333333333333333,0.00152587890625,6,6,51773.44,0,0,0
0,mh_exfil_multi_03_benign_1064,real,exfil_multi_03,,generator_ground_truth,docker_multihost,79.0,1866.0,0.04233654876741694,0.003442049026489258,6,6,22951.445314123433,0,0,0
0,mh_exfil_multi_03_benign_1065,real,exfil_multi_03,,generator_ground_truth,docker_multihost,79.0,1318.0,0.05993930197268589,0.003596067428588867,7,5,21968.44235231718,0,0,0
0,mh_exfil_multi_03_benign_1066,real,exfil_multi_03,,generator_ground_truth,docker_multihost,79.0,952.0,0.08298319327731092,0.001714944839477539,7,5,46065.62157653274,0,0,0
0,mh_exfil_multi_03_benign_1067,real,exfil_multi_03,,generator_ground_truth,docker_multihost,79.0,883.0,0.08946772366930918,0.0017712116241455078,6,6,44602.236640193834,0,0,0
0,mh_exfil_multi_03_benign_1068,real,exfil_multi_03,,generator_ground_truth,docker_multihost,79.0,1123.0,0.07034728406055209,0.0039539337158203125,7,5,19980.102267245536,0,0,0
0,mh_exfil_multi_03_benign_1069,real,exfil_multi_03,,generator_ground_truth,docker_multihost,79.0,582.0,0.13573883161512026,0.0025720596313476562,6,6,30714.684464219503,0,0,0
0,mh_exfil_multi_03_benign_1070,real,exfil_multi_03,,generator_ground_truth,docker_multihost,79.0,560.0,0.14107142857142857,0.0033719539642333984,7,5,23428.55235805699,0,0,0
0,mh_exfil_multi_03_benign_1071,real,exfil_multi_03,,generator_ground_truth,docker_multihost,79.0,824.0,0.09587378640776699,0.0024650096893310547,6,6,32048.55556630235,0,0,0
0,mh_exfil_multi_03_benign_1072,real,exfil_multi_03,,generator_ground_truth,docker_multihost,79.0,1586.0,0.04981084489281211,0.00380706787109375,7,5,20750.87775551102,0,0,0
0,mh_exfil_multi_03_benign_1073,real,exfil_multi_03,,generator_ground_truth,docker_multihost,79.0,1355.0,0.05830258302583026,0.0015599727630615234,6,6,50641.909827296346,0,0,0
0,mh_exfil_multi_03_benign_1074,real,exfil_multi_03,,generator_ground_truth,docker_multihost,79.0,823.0,0.0959902794653706,0.0025398731231689453,7,5,31103.915892236928,0,0,0
0,mh_exfil_multi_03_benign_1075,real,exfil_multi_03,,generator_ground_truth,docker_multihost,79.0,1672.0,0.04724880382775119,0.003548860549926758,6,6,22260.66617400067,0,0,0
0,mh_exfil_multi_03_benign_1076,real,exfil_multi_03,,generator_ground_truth,docker_multihost,79.0,681.0,0.11600587371512482,0.004603862762451172,6,6,17159.50367685137,0,0,0
0,mh_exfil_multi_03_benign_1077,real,exfil_multi_03,,generator_ground_truth,docker_multihost,79.0,633.0,0.12480252764612954,0.0012629032135009766,6,6,62554.279025863696,0,0,0
0,mh_exfil_multi_03_benign_1078,real,exfil_multi_03,,generator_ground_truth,docker_multihost,79.0,1443.0,0.05474705474705475,0.0011608600616455078,6,6,68052.99157937976,0,0,0
0,mh_exfil_multi_03_benign_1079,real,exfil_multi_03,,generator_ground_truth,docker_multihost,79.0,1303.0,0.060629316960859554,0.0014529228210449219,7,5,54373.15654742369,0,0,0
0,mh_exfil_multi_03_benign_1080,real,exfil_multi_03,,generator_ground_truth,docker_multihost,79.0,1727.0,0.045744064852345105,0.0022149085998535156,7,5,35667.38600645856,0,0,0
0,mh_exfil_multi_03_benign_1081,real,exfil_multi_03,,generator_ground_truth,docker_multihost,79.0,317.0,0.24921135646687698,0.0014331340789794922,6,6,55123.94210613875,0,0,0
0,mh_exfil_multi_03_benign_1082,real,exfil_multi_03,,generator_ground_truth,docker_multihost,79.0,1768.0,0.04468325791855204,0.0008561611175537109,6,6,92272.35199108883,0,0,0
0,mh_exfil_multi_03_benign_1083,real,exfil_multi_03,,generator_ground_truth,docker_multihost,79.0,1317.0,0.05998481397114654,0.000637054443359375,6,6,124008.23952095809,0,0,0
0,mh_exfil_multi_03_benign_1084,real,exfil_multi_03,,generator_ground_truth,docker_multihost,79.0,1884.0,0.04193205944798301,0.001004934310913086,6,6,78612.1034400949,0,0,0
0,mh_exfil_multi_03_benign_1085,real,exfil_multi_03,,generator_ground_truth,docker_multihost,79.0,533.0,0.14821763602251406,0.0010440349578857422,6,6,75667.96437542819,0,0,0
0,mh_exfil_multi_03_benign_1086,real,exfil_multi_03,,generator_ground_truth,docker_multihost,79.0,337.0,0.2344213649851632,0.0033981800079345703,6,6,23247.73844102996,0,0,0
0,mh_exfil_multi_03_benign_1087,real,exfil_multi_03,,generator_ground_truth,docker_multihost,79.0,1218.0,0.06486042692939245,0.0074388980865478516,7,5,10619.852440626903,0,0,0
0,mh_exfil_multi_03_benign_1088,real,exfil_multi_03,,generator_ground_truth,docker_multihost,79.0,1343.0,0.058823529411764705,0.005255937576293945,7,5,15030.619913812656,0,0,0
0,mh_exfil_multi_03_benign_1089,real,exfil_multi_03,,generator_ground_truth,docker_multihost,79.0,1191.0,0.06633081444164568,0.006912946701049805,7,5,11427.832936713226,0,0,0
0,mh_exfil_multi_03_benign_1090,real,exfil_multi_03,,generator_ground_truth,docker_multihost,79.0,2024.0,0.03903162055335968,0.0090179443359375,7,5,8760.311336717428,0,0,0
0,mh_exfil_multi_03_benign_1091,real,exfil_multi_03,,generator_ground_truth,docker_multihost,79.0,1047.0,0.07545367717287488,0.01215815544128418,7,5,6497.6961662908125,0,0,0
0,mh_exfil_multi_03_benign_1092,real,exfil_multi_03,,generator_ground_truth,docker_multihost,79.0,1190.0,0.06638655462184874,0.011455059051513672,7,5,6896.516172001831,0,0,0
0,mh_exfil_multi_03_benign_1093,real,exfil_multi_03,,generator_ground_truth,docker_multihost,79.0,1287.0,0.061383061383061384,0.011606216430664062,6,6,6806.697124075596,0,0,0
0,mh_exfil_multi_03_benign_1094,real,exfil_multi_03,,generator_ground_truth,docker_multihost,79.0,1406.0,0.0561877667140825,0.012073993682861328,7,5,6542.988349591248,0,0,0
0,mh_exfil_multi_03_benign_1095,real,exfil_multi_03,,generator_ground_truth,docker_multihost,79.0,485.0,0.16288659793814433,0.012707948684692383,7,5,6216.581602596574,0,0,0
0,mh_exfil_multi_03_benign_1096,real,exfil_multi_03,,generator_ground_truth,docker_multihost,79.0,1566.0,0.05044699872286079,0.007057905197143555,7,5,11193.122859169678,0,0,0
0,mh_exfil_multi_03_benign_1097,real,exfil_multi_03,,generator_ground_truth,docker_multihost,79.0,674.0,0.1172106824925816,0.006846904754638672,6,6,11538.060310606588,0,0,0
0,mh_exfil_multi_03_benign_1098,real,exfil_multi_03,,generator_ground_truth,docker_multihost,79.0,363.0,0.21763085399449036,0.007947921752929688,7,5,9939.705303575714,0,0,0
0,mh_exfil_multi_03_benign_1099,real,exfil_multi_03,,generator_ground_truth,docker_multihost,79.0,1825.0,0.04328767123287671,0.004261970520019531,6,6,18536.026851644663,0,0,0
0,mh_exfil_multi_03_benign_1100,real,exfil_multi_03,,generator_ground_truth,docker_multihost,79.0,1632.0,0.04840686274509804,0.008733987808227539,7,5,9045.123686293779,0,0,0
0,mh_exfil_multi_03_benign_1101,real,exfil_multi_03,,generator_ground_truth,docker_multihost,79.0,2043.0,0.03866862457170827,0.006598949432373047,7,5,11971.602572440204,0,0,0
0,mh_exfil_multi_03_benign_1102,real,exfil_multi_03,,generator_ground_truth,docker_multihost,79.0,1403.0,0.05630791161796151,0.0070078372955322266,7,5,11273.092777191849,0,0,0
0,mh_exfil_multi_03_benign_1103,real,exfil_multi_03,,generator_ground_truth,docker_multihost,79.0,1679.0,0.04705181655747469,0.005734920501708984,6,6,13775.256339901887,0,0,0
0,mh_exfil_multi_03_benign_1104,real,exfil_multi_03,,generator_ground_truth,docker_multihost,79.0,934.0,0.08458244111349036,0.004553079605102539,6,6,17350.893648216996,0,0,0
0,mh_exfil_multi_03_benign_1105,real,exfil_multi_03,,generator_ground_truth,docker_multihost,79.0,1551.0,0.050934880722114766,0.0038559436798095703,6,6,20487.851109874482,0,0,0
0,mh_exfil_multi_03_benign_1106,real,exfil_multi_03,,generator_ground_truth,docker_multihost,79.0,1307.0,0.060443764345830146,0.0012359619140625,7,6,63917.82716049383,0,0,0
0,mh_exfil_multi_03_benign_1107,real,exfil_multi_03,,generator_ground_truth,docker_multihost,79.0,353.0,0.2237960339943343,0.0022890567779541016,7,5,34512.0316633684,0,0,0
0,mh_exfil_multi_03_benign_1108,real,exfil_multi_03,,generator_ground_truth,docker_multihost,79.0,1660.0,0.04759036144578313,0.0025441646575927734,7,5,31051.449348702088,0,0,0
0,mh_exfil_multi_03_benign_1109,real,exfil_multi_03,,generator_ground_truth,docker_multihost,79.0,1199.0,0.0658882402001668,0.0009860992431640625,6,6,80113.64023210832,0,0,0
0,mh_exfil_multi_03_benign_1110,real,exfil_multi_03,,generator_ground_truth,docker_multihost,79.0,977.0,0.08085977482088025,0.0008780956268310547,6,6,89967.42221015476,0,0,0
0,mh_exfil_multi_03_benign_1111,real,exfil_multi_03,,generator_ground_truth,docker_multihost,79.0,373.0,0.21179624664879357,0.0009860992431640625,7,6,80113.64023210832,0,0,0
0,mh_exfil_multi_03_benign_1112,real,exfil_multi_03,,generator_ground_truth,docker_multihost,79.0,407.0,0.1941031941031941,0.0013499259948730469,6,6,58521.726598375135,0,0,0
0,mh_exfil_multi_03_benign_1113,real,exfil_multi_03,,generator_ground_truth,docker_multihost,79.0,1951.0,0.040492055356227574,0.0011258125305175781,6,6,70171.54087251164,0,0,0
0,mh_exfil_multi_03_benign_1114,real,exfil_multi_03,,generator_ground_truth,docker_multihost,79.0,1088.0,0.07261029411764706,0.0018908977508544922,7,5,41779.09670911613,0,0,0
0,mh_exfil_multi_03_benign_1115,real,exfil_multi_03,,generator_ground_truth,docker_multihost,79.0,1653.0,0.04779189352692075,0.0020618438720703125,7,5,38315.219241443105,0,0,0
0,mh_exfil_multi_03_benign_1116,real,exfil_multi_03,,generator_ground_truth,docker_multihost,79.0,1298.0,0.06086286594761171,0.002318859100341797,6,6,34068.47789430393,0,0,0
0,mh_exfil_multi_03_benign_1117,real,exfil_multi_03,,generator_ground_truth,docker_multihost,79.0,533.0,0.14821763602251406,0.004408121109008789,7,5,17921.46768348748,0,0,0
0,mh_exfil_multi_03_benign_1118,real,exfil_multi_03,,generator_ground_truth,docker_multihost,79.0,1596.0,0.04949874686716792,0.0008897781372070312,6,6,88786.17792068596,0,0,0
0,mh_exfil_multi_03_benign_1119,real,exfil_multi_03,,generator_ground_truth,docker_multihost,79.0,1194.0,0.0661641541038526,0.0039370059967041016,7,6,20066.00956821898,0,0,0
0,mh_exfil_multi_03_benign_1120,real,exfil_multi_03,,generator_ground_truth,docker_multihost,79.0,1047.0,0.07545367717287488,0.0015869140625,7,6,49782.153846153844,0,0,0
0,mh_exfil_multi_03_benign_1121,real,exfil_multi_03,,generator_ground_truth,docker_multihost,79.0,1803.0,0.043815862451469775,0.001352071762084961,6,6,58428.851348968434,0,0,0
0,mh_exfil_multi_03_benign_1122,real,exfil_multi_03,,generator_ground_truth,docker_multihost,79.0,1198.0,0.0659432387312187,0.0015261173248291016,6,6,51765.35166380253,0,0,0
0,mh_exfil_multi_03_benign_1123,real,exfil_multi_03,,generator_ground_truth,docker_multihost,79.0,1900.0,0.041578947368421056,0.002162933349609375,6,6,36524.47266313933,0,0,0
0,mh_exfil_multi_03_benign_1124,real,exfil_multi_03,,generator_ground_truth,docker_multihost,79.0,768.0,0.10286458333333333,0.005741119384765625,7,5,13760.382724252491,0,0,0
0,mh_exfil_multi_03_benign_1125,real,exfil_multi_03,,generator_ground_truth,docker_multihost,79.0,450.0,0.17555555555555555,0.0038340091705322266,6,6,20605.062869224552,0,0,0
0,mh_exfil_multi_03_benign_1126,real,exfil_multi_03,,generator_ground_truth,docker_multihost,79.0,1935.0,0.04082687338501292,0.006501913070678711,7,5,12150.270103773239,0,0,0
0,mh_exfil_multi_03_benign_1127,real,exfil_multi_03,,generator_ground_truth,docker_multihost,79.0,1284.0,0.061526479750778816,0.004078865051269531,7,5,19368.132803366847,0,0,0
0,mh_exfil_multi_03_benign_1128,real,exfil_multi_03,,generator_ground_truth,docker_multihost,79.0,1026.0,0.0769980506822612,0.002207040786743164,7,5,35794.535594685105,0,0,0
0,mh_exfil_multi_03_benign_1129,real,exfil_multi_03,,generator_ground_truth,docker_multihost,79.0,1511.0,0.05228325612177366,0.0034978389739990234,7,5,22585.37359416536,0,0,0
0,mh_exfil_multi_03_benign_1130,real,exfil_multi_03,,generator_ground_truth,docker_multihost,79.0,1048.0,0.07538167938931298,0.003932952880859375,7,5,20086.688651794375,0,0,0
0,mh_exfil_multi_03_benign_1131,real,exfil_multi_03,,generator_ground_truth,docker_multihost,79.0,1641.0,0.04814137720901889,0.004741191864013672,6,6,16662.47691843508,0,0,0
0,mh_exfil_multi_03_benign_1132,real,exfil_multi_03,,generator_ground_truth,docker_multihost,79.0,699.0,0.11301859799713877,0.0009429454803466797,6,6,83780.02932996207,0,0,0
0,mh_exfil_multi_03_benign_1133,real,exfil_multi_03,,generator_ground_truth,docker_multihost,79.0,396.0,0.1994949494949495,0.0010890960693359375,6,6,72537.21891418564,0,0,0
0,mh_exfil_multi_03_benign_1134,real,exfil_multi_03,,generator_ground_truth,docker_multihost,79.0,1863.0,0.042404723564143855,0.0017440319061279297,6,6,45297.33643198906,0,0,0
0,mh_exfil_multi_03_benign_1135,real,exfil_multi_03,,generator_ground_truth,docker_multihost,79.0,907.0,0.08710033076074973,0.0009300708770751953,6,6,84939.763137657,0,0,0
0,mh_exfil_multi_03_benign_1136,real,exfil_multi_03,,generator_ground_truth,docker_multihost,79.0,875.0,0.09028571428571429,0.0008459091186523438,6,6,93390.64712514092,0,0,0
0,mh_exfil_multi_03_benign_1137,real,exfil_multi_03,,generator_ground_truth,docker_multihost,79.0,1636.0,0.04828850855745721,0.0014369487762451172,6,6,54977.60345113655,0,0,0
0,mh_exfil_multi_03_benign_1138,real,exfil_multi_03,,generator_ground_truth,docker_multihost,79.0,1925.0,0.04103896103896104,0.002710103988647461,6,6,29150.172956804785,0,0,0
0,mh_exfil_multi_03_benign_1139,real,exfil_multi_03,,generator_ground_truth,docker_multihost,79.0,1603.0,0.049282595134123516,0.0038459300994873047,6,6,20541.194966214123,0,0,0
0,mh_exfil_multi_03_benign_1140,real,exfil_multi_03,,generator_ground_truth,docker_multihost,79.0,548.0,0.14416058394160583,0.004209995269775391,7,5,18764.86668931929,0,0,0
0,mh_exfil_multi_03_benign_1141,real,exfil_multi_03,,generator_ground_truth,docker_multihost,79.0,662.0,0.11933534743202417,0.0014109611511230469,7,5,55990.20209530247,0,0,0
0,mh_exfil_multi_03_benign_1142,real,exfil_multi_03,,generator_ground_truth,docker_multihost,79.0,976.0,0.08094262295081968,0.0013720989227294922,7,5,57576.023631624674,0,0,0
0,mh_exfil_multi_03_benign_1143,real,exfil_multi_03,,generator_ground_truth,docker_multihost,79.0,783.0,0.10089399744572158,0.0015521049499511719,7,5,50898.619969278036,0,0,0
0,mh_exfil_multi_03_benign_1144,real,exfil_multi_03,,generator_ground_truth,docker_multihost,79.0,1307.0,0.060443764345830146,0.0013909339904785156,7,5,56796.3688721289,0,0,0
0,mh_exfil_multi_03_benign_1145,real,exfil_multi_03,,generator_ground_truth,docker_multihost,79.0,2077.0,0.03803562831006259,0.001399993896484375,6,6,56428.817438692095,0,0,0
0,mh_exfil_multi_03_benign_1146,real,exfil_multi_03,,generator_ground_truth,docker_multihost,79.0,543.0,0.14548802946593,0.0014050006866455078,6,6,56227.73052774478,0,0,0
0,mh_exfil_multi_03_benign_1147,real,exfil_multi_03,,generator_ground_truth,docker_multihost,79.0,1976.0,0.039979757085020245,0.0009970664978027344,6,6,79232.42850310856,0,0,0
0,mh_exfil_multi_03_benign_1148,real,exfil_multi_03,,generator_ground_truth,docker_multihost,79.0,696.0,0.11350574712643678,0.0012471675872802734,6,6,63343.53202064615,0,0,0
0,mh_exfil_multi_03_benign_1149,real,exfil_multi_03,,generator_ground_truth,docker_multihost,79.0,1612.0,0.04900744416873449,0.0016360282897949219,6,6,48287.67356455844,0,0,0
0,mh_exfil_multi_03_benign_1150,real,exfil_multi_03,,generator_ground_truth,docker_multihost,79.0,2000.0,0.0395,0.0015339851379394531,7,5,51499.84706248057,0,0,0
0,mh_exfil_multi_03_benign_1151,real,exfil_multi_03,,generator_ground_truth,docker_multihost,79.0,657.0,0.1202435312024353,0.0015909671783447266,6,6,49655.329836655175,0,0,0
0,mh_exfil_multi_03_benign_1152,real,exfil_multi_03,,generator_ground_truth,docker_multihost,79.0,1013.0,0.07798617966436328,0.0023779869079589844,7,6,33221.37718066974,0,0,0
0,mh_exfil_multi_03_benign_1153,real,exfil_multi_03,,generator_ground_truth,docker_multihost,79.0,927.0,0.08522114347357065,0.0028281211853027344,7,6,27933.739335693812,0,0,0
0,mh_exfil_multi_03_benign_1154,real,exfil_multi_03,,generator_ground_truth,docker_multihost,79.0,1062.0,0.0743879472693032,0.0021448135375976562,7,5,36833.03868385949,0,0,0
0,mh_exfil_multi_03_benign_1155,real,exfil_multi_03,,generator_ground_truth,docker_multihost,79.0,719.0,0.10987482614742698,0.0038950443267822266,7,5,20282.182530452348,0,0,0
0,mh_exfil_multi_03_benign_1156,real,exfil_multi_03,,generator_ground_truth,docker_multihost,79.0,1963.0,0.040244523688232295,0.0037479400634765625,6,6,21078.245292620864,0,0,0
0,mh_exfil_multi_03_benign_1157,real,exfil_multi_03,,generator_ground_truth,docker_multihost,79.0,686.0,0.1151603498542274,0.0031430721282958984,6,6,25134.644314647652,0,0,0
0,mh_exfil_multi_03_benign_1158,real,exfil_multi_03,,generator_ground_truth,docker_multihost,79.0,1571.0,0.05028644175684278,0.0048580169677734375,7,5,16261.779348252847,0,0,0
0,mh_exfil_multi_03_benign_1159,real,exfil_multi_03,,generator_ground_truth,docker_multihost,79.0,1704.0,0.04636150234741784,0.007256031036376953,7,5,10887.494775579944,0,0,0
0,mh_exfil_multi_03_benign_1160,real,exfil_multi_03,,generator_ground_truth,docker_multihost,79.0,920.0,0.08586956521739131,0.005212068557739258,6,6,15157.129865971365,0,0,0
0,mh_exfil_multi_03_benign_1161,real,exfil_multi_03,,generator_ground_truth,docker_multihost,79.0,1446.0,0.05463347164591978,0.005674839019775391,6,6,13921.099739517687,0,0,0
0,mh_exfil_multi_03_benign_1162,real,exfil_multi_03,,generator_ground_truth,docker_multihost,79.0,1305.0,0.06053639846743295,0.0025720596313476562,7,5,30714.684464219503,0,0,0
0,mh_exfil_multi_03_benign_1163,real,exfil_multi_03,,generator_ground_truth,docker_multihost,79.0,906.0,0.08719646799116998,0.0034890174865722656,7,5,22642.477518108513,0,0,0
0,mh_exfil_multi_03_benign_1164,real,exfil_multi_03,,generator_ground_truth,docker_multihost,79.0,1332.0,0.05930930930930931,0.0036389827728271484,6,6,21709.363558933368,0,0,0
0,mh_exfil_multi_03_benign_1165,real,exfil_multi_03,,generator_ground_truth,docker_multihost,79.0,2040.0,0.03872549019607843,0.004019975662231445,7,5,19651.86026926042,0,0,0
0,mh_exfil_multi_03_benign_1166,real,exfil_multi_03,,generator_ground_truth,docker_multihost,79.0,1046.0,0.07552581261950286,0.0024340152740478516,7,5,32456.65745910471,0,0,0
0,mh_exfil_multi_03_benign_1167,real,exfil_multi_03,,generator_ground_truth,docker_multihost,79.0,637.0,0.12401883830455258,0.005372047424316406,7,5,14705.752529735488,0,0,0
0,mh_exfil_multi_03_benign_1168,real,exfil_multi_03,,generator_ground_truth,docker_multihost,79.0,1970.0,0.04010152284263959,0.002173900604248047,7,5,36340.207940337794,0,0,0
0,mh_exfil_multi_03_benign_1169,real,exfil_multi_03,,generator_ground_truth,docker_multihost,79.0,353.0,0.2237960339943343,0.00244903564453125,7,5,32257.595015576324,0,0,0
0,mh_exfil_multi_03_benign_1170,real,exfil_multi_03,,generator_ground_truth,docker_multihost,79.0,1778.0,0.04443194600674916,0.0023419857025146484,6,6,33732.05904509824,0,0,0
0,mh_exfil_multi_03_benign_1171,real,exfil_multi_03,,generator_ground_truth,docker_multihost,79.0,399.0,0.19799498746867167,0.0013170242309570312,6,6,59983.710354815354,0,0,0
0,mh_exfil_multi_03_benign_1172,real,exfil_multi_03,,generator_ground_truth,docker_multihost,79.0,982.0,0.08044806517311609,0.0008509159088134766,7,6,92841.13645278789,0,0,0
0,mh_exfil_multi_03_benign_1173,real,exfil_multi_03,,generator_ground_truth,docker_multihost,79.0,1882.0,0.04197662061636557,0.002743959426879883,7,5,28790.513163611085,0,0,0
0,mh_exfil_multi_03_benign_1174,real,exfil_multi_03,,generator_ground_truth,docker_multihost,79.0,2074.0,0.038090646094503376,0.0030701160430908203,6,6,25731.9263803681,0,0,0
0,mh_exfil_multi_03_benign_1175,real,exfil_multi_03,,generator_ground_truth,docker_multihost,79.0,877.0,0.09007981755986318,0.005666017532348633,7,5,13942.773658741848,0,0,0
0,mh_exfil_multi_03_benign_1176,real,exfil_multi_03,,generator_ground_truth,docker_multihost,79.0,871.0,0.09070034443168772,0.005698204040527344,7,6,13864.017405857741,0,0,0
0,mh_exfil_multi_03_benign_1177,real,exfil_multi_03,,generator_ground_truth,docker_multihost,79.0,552.0,0.1431159420289855,0.005403995513916016,6,6,14618.813023912468,0,0,0
0,mh_exfil_multi_03_benign_1178,real,exfil_multi_03,,generator_ground_truth,docker_multihost,79.0,584.0,0.13527397260273974,0.0041561126708984375,7,5,19008.14685635613,0,0,0
0,mh_exfil_multi_03_benign_1179,real,exfil_multi_03,,generator_ground_truth,docker_multihost,79.0,1757.0,0.04496300512236767,0.004524946212768555,7,6,17458.77106275357,0,0,0
0,mh_exfil_multi_03_benign_1180,real,exfil_multi_03,,generator_ground_truth,docker_multihost,79.0,405.0,0.19506172839506172,0.00504612922668457,7,5,15655.56418615639,0,0,0
0,mh_exfil_multi_03_benign_1181,real,exfil_multi_03,,generator_ground_truth,docker_multihost,79.0,1981.0,0.039878849066128215,0.002561807632446289,7,5,30837.60037226617,0,0,0
0,mh_exfil_multi_03_benign_1182,real,exfil_multi_03,,generator_ground_truth,docker_multihost,79.0,1160.0,0.06810344827586207,0.0018069744110107422,6,6,43719.49017020715,0,0,0
0,mh_exfil_multi_03_benign_1183,real,exfil_multi_03,,generator_ground_truth,docker_multihost,79.0,314.0,0.2515923566878981,0.0020749568939208984,6,6,38073.08008732621,0,0,0
0,mh_exfil_multi_03_benign_1184,real,exfil_multi_03,,generator_ground_truth,docker_multihost,79.0,872.0,0.09059633027522936,0.00115203857421875,6,6,68574.09271523179,0,0,0
0,mh_exfil_multi_03_benign_1185,real,exfil_multi_03,,generator_ground_truth,docker_multihost,79.0,1992.0,0.03965863453815261,0.0007669925689697266,7,6,102999.69412496114,0,0,0
0,mh_exfil_multi_03_benign_1186,real,exfil_multi_03,,generator_ground_truth,docker_multihost,79.0,628.0,0.12579617834394904,0.0006308555603027344,6,6,125226.7634164777,0,0,0
0,mh_exfil_multi_03_benign_1187,real,exfil_multi_03,,generator_ground_truth,docker_multihost,79.0,1614.0,0.04894671623296159,0.001033782958984375,6,6,76418.36162361623,0,0,0
0,mh_exfil_multi_03_benign_1188,real,exfil_multi_03,,generator_ground_truth,docker_multihost,79.0,716.0,0.11033519553072625,0.0016870498657226562,6,6,46827.30582249859,0,0,0
0,mh_exfil_multi_03_benign_1189,real,exfil_multi_03,,generator_ground_truth,docker_multihost,79.0,1715.0,0.046064139941690965,0.0018680095672607422,7,5,42291.003956604975,0,0,0
0,mh_exfil_multi_03_benign_1190,real,exfil_multi_03,,generator_ground_truth,docker_multihost,79.0,901.0,0.0876803551609323,0.0019409656524658203,7,5,40701.39000122835,0,0,0
0,mh_exfil_multi_03_benign_1191,real,exfil_multi_03,,generator_ground_truth,docker_multihost,79.0,726.0,0.10881542699724518,0.0019500255584716797,6,6,40512.28952194645,0,0,0
0,mh_exfil_multi_03_benign_1192,real,exfil_multi_03,,generator_ground_truth,docker_multihost,79.0,1204.0,0.06561461794019934,0.005192995071411133,7,5,15212.800881502226,0,0,0
0,mh_exfil_multi_03_benign_1193,real,exfil_multi_03,,generator_ground_truth,docker_multihost,79.0,2024.0,0.03903162055335968,0.003607034683227539,7,5,21901.6469032983,0,0,0
0,mh_exfil_multi_03_benign_1194,real,exfil_multi_03,,generator_ground_truth,docker_multihost,79.0,1782.0,0.044332210998877665,0.002315998077392578,7,6,34110.56372246242,0,0,0
0,mh_exfil_multi_03_benign_1195,real,exfil_multi_03,,generator_ground_truth,docker_multihost,79.0,1507.0,0.05242203052422031,0.0010731220245361328,6,6,73616.9775605421,0,0,0
0,mh_exfil_multi_03_benign_1196,real,exfil_multi_03,,generator_ground_truth,docker_multihost,79.0,762.0,0.1036745406824147,0.0014209747314453125,6,6,55595.64026845637,0,0,0
0,mh_exfil_multi_03_benign_1197,real,exfil_multi_03,,generator_ground_truth,docker_multihost,79.0,739.0,0.10690121786197564,0.0014638900756835938,6,6,53965.8006514658,0,0,0
0,mh_exfil_multi_03_benign_1198,real,exfil_multi_03,,generator_ground_truth,docker_multihost,79.0,496.0,0.1592741935483871,0.0023550987243652344,6,6,33544.2413444017,0,0,0
0,mh_exfil_multi_03_benign_1199,real,exfil_multi_03,,generator_ground_truth,docker_multihost,79.0,1300.0,0.06076923076923077,0.0026619434356689453,7,5,29677.565248544557,0,0,0
0,mh_exfil_multi_03_benign_1200,real,exfil_multi_03,,generator_ground_truth,docker_multihost,79.0,892.0,0.08856502242152467,0.003916025161743164,7,5,20173.51695585997,0,0,0
0,mh_exfil_multi_03_benign_1201,real,exfil_multi_03,,generator_ground_truth,docker_multihost,79.0,674.0,0.1172106824925816,0.0007760524749755859,6,6,101797.23993855607,0,0,0
0,mh_exfil_multi_03_benign_1202,real,exfil_multi_03,,generator_ground_truth,docker_multihost,79.0,590.0,0.13389830508474576,0.0009789466857910156,7,5,80698.98100340964,0,0,0
0,mh_exfil_multi_03_benign_1203,real,exfil_multi_03,,generator_ground_truth,docker_multihost,79.0,380.0,0.20789473684210527,0.0010039806365966797,6,6,78686.77653763951,0,0,0
0,mh_exfil_multi_03_benign_1204,real,exfil_multi_03,,generator_ground_truth,docker_multihost,79.0,533.0,0.14821763602251406,0.0012500286102294922,7,6,63198.553499904636,0,0,0
0,mh_exfil_multi_03_benign_1205,real,exfil_multi_03,,generator_ground_truth,docker_multihost,79.0,1605.0,0.049221183800623056,0.002351999282836914,7,5,33588.445615813485,0,0,0
0,mh_exfil_multi_03_benign_1206,real,exfil_multi_03,,generator_ground_truth,docker_multihost,79.0,1273.0,0.062058130400628436,0.0024759769439697266,7,5,31906.597592681752,0,0,0
0,mh_exfil_multi_03_benign_1207,real,exfil_multi_03,,generator_ground_truth,docker_multihost,79.0,1489.0,0.05305574210879785,0.001825094223022461,7,5,43285.43644676682,0,0,0
0,mh_exfil_multi_03_benign_1208,real,exfil_multi_03,,generator_ground_truth,docker_multihost,79.0,682.0,0.1158357771260997,0.0018858909606933594,6,6,41890.014664981034,0,0,0
0,mh_exfil_multi_03_benign_1209,real,exfil_multi_03,,generator_ground_truth,docker_multihost,79.0,1660.0,0.04759036144578313,0.001589059829711914,6,6,49714.9311327832,0,0,0
0,mh_exfil_multi_03_benign_1210,real,exfil_multi_03,,generator_ground_truth,docker_multihost,79.0,1960.0,0.04030612244897959,0.0008878707885742188,7,6,88976.91084854995,0,0,0
0,mh_exfil_multi_03_benign_1211,real,exfil_multi_03,,generator_ground_truth,docker_multihost,79.0,1992.0,0.03965863453815261,0.0012559890747070312,6,6,62898.63629460896,0,0,0
0,mh_exfil_multi_03_benign_1212,real,exfil_multi_03,,generator_ground_truth,docker_multihost,79.0,1438.0,0.05493741307371349,0.0026099681854248047,7,6,30268.568192198774,0,0,0
0,mh_exfil_multi_03_benign_1213,real,exfil_multi_03,,generator_ground_truth,docker_multihost,79.0,1069.0,0.07390084190832553,0.0008401870727539062,6,6,94026.67877412032,0,0,0
0,mh_exfil_multi_03_benign_1214,real,exfil_multi_03,,generator_ground_truth,docker_multihost,79.0,1580.0,0.05,0.0011858940124511719,7,5,66616.4085243265,0,0,0
0,mh_exfil_multi_03_benign_1215,real,exfil_multi_03,,generator_ground_truth,docker_multihost,79.0,1068.0,0.07397003745318352,0.001439809799194336,6,6,54868.358337473095,0,0,0
0,mh_exfil_multi_03_benign_1216,real,exfil_multi_03,,generator_ground_truth,docker_multihost,79.0,1403.0,0.05630791161796151,0.0014829635620117188,6,6,53271.70675241158,0,0,0
0,mh_exfil_multi_03_benign_1217,real,exfil_multi_03,,generator_ground_truth,docker_multihost,79.0,663.0,0.1191553544494721,0.0018391609191894531,7,5,42954.37075447239,0,0,0
0,mh_exfil_multi_03_benign_1218,real,exfil_multi_03,,generator_ground_truth,docker_multihost,79.0,1734.0,0.04555940023068051,0.001444101333618164,6,6,54705.30229486545,0,0,0
0,mh_exfil_multi_03_benign_1219,real,exfil_multi_03,,generator_ground_truth,docker_multihost,79.0,1091.0,0.07241063244729606,0.0018329620361328125,6,6,43099.63787721124,0,0,0
0,mh_exfil_multi_03_benign_1220,real,exfil_multi_03,,generator_ground_truth,docker_multihost,79.0,1808.0,0.043694690265486724,0.0011081695556640625,7,5,71288.72977624786,0,0,0
0,mh_exfil_multi_03_benign_1221,real,exfil_multi_03,,generator_ground_truth,docker_multihost,79.0,1860.0,0.04247311827956989,0.0013589859008789062,7,5,58131.58175438597,0,0,0
0,mh_exfil_multi_03_benign_1222,real,exfil_multi_03,,generator_ground_truth,docker_multihost,79.0,1185.0,0.06666666666666667,0.0009138584136962891,6,6,86446.65170884425,0,0,0
0,mh_exfil_multi_03_benign_1223,real,exfil_multi_03,,generator_ground_truth,docker_multihost,79.0,327.0,0.2415902140672783,0.0012500286102294922,6,6,63198.553499904636,0,0,0
0,mh_exfil_multi_03_benign_1224,real,exfil_multi_03,,generator_ground_truth,docker_multihost,79.0,1058.0,0.07466918714555766,0.0010750293731689453,6,6,73486.36416056775,0,0,0
0,mh_exfil_multi_03_benign_1225,real,exfil_multi_03,,generator_ground_truth,docker_multihost,79.0,666.0,0.11861861861861862,0.0017697811126708984,7,5,44638.28856257578,0,0,0
0,mh_exfil_multi_03_benign_1226,real,exfil_multi_03,,generator_ground_truth,docker_multihost,79.0,1975.0,0.04,0.0009639263153076172,6,6,81956.47192678704,0,0,0
0,mh_exfil_multi_03_benign_1227,real,exfil_multi_03,,generator_ground_truth,docker_multihost,79.0,1485.0,0.0531986531986532,0.0007309913635253906,7,6,108072.41226353555,0,0,0
0,mh_exfil_multi_03_benign_1228,real,exfil_multi_03,,generator_ground_truth,docker_multihost,79.0,634.0,0.12460567823343849,0.0011589527130126953,6,6,68164.98991976959,0,0,0
0,mh_exfil_multi_03_benign_1229,real,exfil_multi_03,,generator_ground_truth,docker_multihost,79.0,1841.0,0.042911461162411735,0.0037508010864257812,6,6,21062.167302313755,0,0,0
0,mh_exfil_multi_03_benign_1230,real,exfil_multi_03,,generator_ground_truth,docker_multihost,79.0,801.0,0.0986267166042447,0.005048036575317383,7,5,15649.648892457375,0,0,0
0,mh_exfil_multi_03_benign_1231,real,exfil_multi_03,,generator_ground_truth,docker_multihost,79.0,1051.0,0.07516650808753568,0.006638050079345703,7,5,11901.085266863012,0,0,0
0,mh_exfil_multi_03_benign_1232,real,exfil_multi_03,,generator_ground_truth,docker_multihost,79.0,1275.0,0.06196078431372549,0.004273891448974609,6,6,18484.325337498605,0,0,0
0,mh_exfil_multi_03_benign_1233,real,exfil_multi_03,,generator_ground_truth,docker_multihost,79.0,600.0,0.13166666666666665,0.0047779083251953125,7,5,16534.431936127745,0,0,0
0,mh_exfil_multi_03_benign_1234,real,exfil_multi_03,,generator_ground_truth,docker_multihost,79.0,1399.0,0.056468906361686916,0.0035071372985839844,6,6,22525.493949694086,0,0,0
0,mh_exfil_multi_03_benign_1235,real,exfil_multi_03,,generator_ground_truth,docker_multihost,79.0,641.0,0.12324492979719189,0.0037889480590820312,7,5,20850.114271331488,0,0,0
0,mh_exfil_multi_03_benign_1236,real,exfil_multi_03,,generator_ground_truth,docker_multihost,79.0,854.0,0.09250585480093677,0.0028471946716308594,6,6,27746.609948082398,0,0,0
0,mh_exfil_multi_03_benign_1237,real,exfil_multi_03,,generator_ground_truth,docker_multihost,79.0,1691.0,0.04671791839148433,0.005146026611328125,7,5,15351.650111193476,0,0,0
0,mh_exfil_multi_03_benign_1238,real,exfil_multi_03,,generator_ground_truth,docker_multihost,79.0,1931.0,0.04091144484722942,0.005942106246948242,6,6,13294.949083176183,0,0,0
0,mh_exfil_multi_03_benign_1239,real,exfil_multi_03,,generator_ground_truth,docker_multihost,79.0,703.0,0.112375533428165,0.004278898239135742,7,5,18462.69660667521,0,0,0
0,mh_exfil_multi_03_benign_1240,real,exfil_multi_03,,generator_ground_truth,docker_multihost,79.0,1752.0,0.04509132420091324,0.007517814636230469,7,5,10508.372954458962,0,0,0
0,mh_exfil_multi_03_benign_1241,real,exfil_multi_03,,generator_ground_truth,docker_multihost,79.0,2048.0,0.03857421875,0.004853010177612305,7,5,16278.556423483175,0,0,0
0,mh_exfil_multi_03_benign_1242,real,exfil_multi_03,,generator_ground_truth,docker_multihost,79.0,2062.0,0.03831231813773036,0.004241943359375,7,5,18623.539568345324,0,0,0
0,mh_exfil_multi_03_benign_1243,real,exfil_multi_03,,generator_ground_truth,docker_multihost,79.0,1712.0,0.04614485981308411,0.004792928695678711,6,6,16482.61533104512,0,0,0
0,mh_exfil_multi_03_benign_1244,real,exfil_multi_03,,generator_ground_truth,docker_multihost,79.0,1373.0,0.05753823743627094,0.0032241344451904297,6,6,24502.700288397544,0,0,0
0,mh_exfil_multi_03_benign_1245,real,exfil_multi_03,,generator_ground_truth,docker_multihost,79.0,1021.0,0.07737512242899118,0.003220796585083008,7,5,24528.09356725146,0,0,0
0,mh_exfil_multi_03_benign_1246,real,exfil_multi_03,,generator_ground_truth,docker_multihost,79.0,361.0,0.2188365650969529,0.003306865692138672,6,6,23889.69113193944,0,0,0
0,mh_exfil_multi_03_benign_1247,real,exfil_multi_03,,generator_ground_truth,docker_multihost,79.0,893.0,0.08846584546472565,0.0037910938262939453,6,6,20838.313062071567,0,0,0
0,mh_exfil_multi_03_benign_1248,real,exfil_multi_03,,generator_ground_truth,docker_multihost,79.0,860.0,0.09186046511627907,0.0038619041442871094,7,6,20456.2301518706,0,0,0
0,mh_exfil_multi_03_benign_1249,real,exfil_multi_03,,generator_ground_truth,docker_multihost,79.0,1518.0,0.05204216073781291,0.0015759468078613281,6,6,50128.59546142209,0,0,0
0,mh_exfil_multi_03_benign_1250,real,exfil_multi_03,,generator_ground_truth,docker_multihost,79.0,1849.0,0.042725797728501894,1.03501296043396,8,6,76.32754662982857,0,0,0
0,mh_exfil_multi_03_benign_1251,real,exfil_multi_03,,generator_ground_truth,docker_multihost,79.0,585.0,0.13504273504273503,1.0347661972045898,8,5,76.34574864681285,0,0,0
0,mh_exfil_multi_03_benign_1252,real,exfil_multi_03,,generator_ground_truth,docker_multihost,79.0,990.0,0.0797979797979798,0.002363920211791992,6,6,33419.06364094806,0,0,0
0,mh_exfil_multi_03_benign_1253,real,exfil_multi_03,,generator_ground_truth,docker_multihost,79.0,927.0,0.08522114347357065,0.0011360645294189453,7,5,69538.30346274922,0,0,0
0,mh_exfil_multi_03_benign_1254,real,exfil_multi_03,,generator_ground_truth,docker_multihost,79.0,1963.0,0.040244523688232295,0.0006651878356933594,6,6,118763.44659498207,0,0,0
0,mh_exfil_multi_03_benign_1255,real,exfil_multi_03,,generator_ground_truth,docker_multihost,79.0,829.0,0.09529553679131483,0.001107931137084961,6,6,71304.07058317194,0,0,0
0,mh_exfil_multi_03_benign_1256,real,exfil_multi_03,,generator_ground_truth,docker_multihost,79.0,1886.0,0.04188759278897137,0.0017330646514892578,6,6,45583.988994359606,0,0,0
0,mh_exfil_multi_03_benign_1257,real,exfil_multi_03,,generator_ground_truth,docker_multihost,79.0,1277.0,0.06186374314800313,0.0018069744110107422,6,6,43719.49017020715,0,0,0
0,mh_exfil_multi_03_benign_1258,real,exfil_multi_03,,generator_ground_truth,docker_multihost,79.0,483.0,0.16356107660455488,0.0013439655303955078,7,5,58781.269469576015,0,0,0
0,mh_exfil_multi_03_benign_1259,real,exfil_multi_03,,generator_ground_truth,docker_multihost,79.0,860.0,0.09186046511627907,0.001032114028930664,7,6,76541.93023793024,0,0,0
0,mh_exfil_multi_03_benign_1260,real,exfil_multi_03,,generator_ground_truth,docker_multihost,79.0,1451.0,0.05444521019986216,0.001589059829711914,6,6,49714.9311327832,0,0,0
0,mh_exfil_multi_03_benign_1261,real,exfil_multi_03,,generator_ground_truth,docker_multihost,79.0,1657.0,0.04767652383826192,0.0018398761749267578,7,5,42937.67215239083,0,0,0
0,mh_exfil_multi_03_benign_1262,real,exfil_multi_03,,generator_ground_truth,docker_multihost,79.0,1902.0,0.04153522607781283,0.0013189315795898438,6,6,59896.96601590745,0,0,0
0,mh_exfil_multi_03_benign_1263,real,exfil_multi_03,,generator_ground_truth,docker_multihost,79.0,1849.0,0.042725797728501894,0.0008919239044189453,6,6,88572.57845495857,0,0,0
0,mh_exfil_multi_03_benign_1264,real,exfil_multi_03,,generator_ground_truth,docker_multihost,79.0,949.0,0.08324552160168598,0.0014808177947998047,7,5,53348.89969409113,0,0,0
0,mh_exfil_multi_03_benign_1265,real,exfil_multi_03,,generator_ground_truth,docker_multihost,79.0,2083.0,0.037926068170907344,0.001135110855102539,7,5,69596.72673808024,0,0,0
0,mh_exfil_multi_03_benign_1266,real,exfil_multi_03,,generator_ground_truth,docker_multihost,79.0,1221.0,0.0647010647010647,0.0010688304901123047,7,5,73912.56212357795,0,0,0
0,mh_exfil_multi_03_benign_1267,real,exfil_multi_03,,generator_ground_truth,docker_multihost,79.0,1404.0,0.05626780626780627,0.0042002201080322266,7,5,18808.538116591928,0,0,0
0,mh_exfil_multi_03_benign_1268,real,exfil_multi_03,,generator_ground_truth,docker_multihost,79.0,516.0,0.15310077519379844,0.0044209957122802734,7,5,17869.277678908482,0,0,0
0,mh_exfil_multi_03_benign_1269,real,exfil_multi_03,,generator_ground_truth,docker_multihost,79.0,1877.0,0.04208843899840171,0.0068700313568115234,7,5,11499.219711955579,0,0,0
0,mh_exfil_multi_03_benign_1270,real,exfil_multi_03,,generator_ground_truth,docker_multihost,79.0,522.0,0.15134099616858238,0.004302024841308594,6,6,18363.445799157616,0,0,0
0,mh_exfil_multi_03_benign_1271,real,exfil_multi_03,,generator_ground_truth,docker_multihost,79.0,780.0,0.10128205128205128,0.010267972946166992,6,6,7693.826270694499,0,0,0
0,mh_exfil_multi_03_benign_1272,real,exfil_multi_03,,generator_ground_truth,docker_multihost,79.0,879.0,0.08987485779294653,0.00579380989074707,6,6,13635.24200650179,0,0,0
0,mh_exfil_multi_03_benign_1273,real,exfil_multi_03,,generator_ground_truth,docker_multihost,79.0,895.0,0.08826815642458101,0.006775856018066406,6,6,11659.043490499647,0,0,0
0,mh_exfil_multi_03_benign_1274,real,exfil_multi_03,,generator_ground_truth,docker_multihost,79.0,1927.0,0.04099636741048261,0.0022759437561035156,6,6,34710.87534045673,0,0,0
0,mh_exfil_multi_03_benign_1275,real,exfil_multi_03,,generator_ground_truth,docker_multihost,79.0,1073.0,0.07362534948741846,0.0053250789642333984,7,5,14835.460756659952,0,0,0
0,mh_exfil_multi_03_benign_1276,real,exfil_multi_03,,generator_ground_truth,docker_multihost,79.0,1544.0,0.05116580310880829,0.0014829635620117188,7,5,53271.70675241158,0,0,0
0,mh_exfil_multi_03_benign_1277,real,exfil_multi_03,,generator_ground_truth,docker_multihost,79.0,1339.0,0.05899925317401045,0.001519918441772461,7,5,51976.47309803921,0,0,0
0,mh_exfil_multi_03_benign_1278,real,exfil_multi_03,,generator_ground_truth,docker_multihost,79.0,1763.0,0.04480998298355077,0.0009000301361083984,7,5,87774.83867549669,0,0,0
0,mh_exfil_multi_03_benign_1279,real,exfil_multi_03,,generator_ground_truth,docker_multihost,79.0,1060.0,0.07452830188679245,0.0011801719665527344,6,6,66939.39717171717,0,0,0
0,mh_exfil_multi_03_benign_1280,real,exfil_multi_03,,generator_ground_truth,docker_multihost,79.0,1556.0,0.05077120822622108,0.0007221698760986328,6,6,109392.5440739518,0,0,0
0,mh_exfil_multi_03_benign_1281,real,exfil_multi_03,,generator_ground_truth,docker_multihost,79.0,1812.0,0.04359823399558499,0.0015969276428222656,6,6,49469.993430874885,0,0,0
0,mh_exfil_multi_03_benign_1282,real,exfil_multi_03,,generator_ground_truth,docker_multihost,79.0,1017.0,0.0776794493608653,0.00238800048828125,6,6,33082.07028753994,0,0,0
0,mh_exfil_multi_03_benign_1283,real,exfil_multi_03,,generator_ground_truth,docker_multihost,79.0,1318.0,0.05993930197268589,0.004731893539428711,7,5,16695.21922708722,0,0,0
0,mh_exfil_multi_03_benign_1284,real,exfil_multi_03,,generator_ground_truth,docker_multihost,79.0,1722.0,0.04587688734030197,0.003873109817504883,6,6,20397.04622960911,0,0,0
0,mh_exfil_multi_03_benign_1285,real,exfil_multi_03,,generator_ground_truth,docker_multihost,79.0,959.0,0.08237747653806048,0.004549980163574219,7,6,17362.713058059107,0,0,0
0,mh_exfil_multi_03_benign_1286,real,exfil_multi_03,,generator_ground_truth,docker_multihost,79.0,2069.0,0.03818269695505075,0.005266904830932617,6,6,14999.321714725455,0,0,0
0,mh_exfil_multi_03_benign_1287,real,exfil_multi_03,,generator_ground_truth,docker_multihost,79.0,1745.0,0.04527220630372493,0.0022780895233154297,6,6,34678.18063840921,0,0,0
0,mh_exfil_multi_03_benign_1288,real,exfil_multi_03,,generator_ground_truth,docker_multihost,79.0,1909.0,0.04138292299633316,0.0028591156005859375,6,6,27630.92194796531,0,0,0
0,mh_exfil_multi_03_benign_1289,real,exfil_multi_03,,generator_ground_truth,docker_multihost,79.0,623.0,0.12680577849117175,0.004262208938598633,6,6,18534.989987134308,0,0,0
0,mh_exfil_multi_03_benign_1290,real,exfil_multi_03,,generator_ground_truth,docker_multihost,79.0,1294.0,0.061051004636785165,0.0025560855865478516,7,5,30906.633336442497,0,0,0
0,mh_exfil_multi_03_benign_1291,real,exfil_multi_03,,generator_ground_truth,docker_multihost,79.0,1657.0,0.04767652383826192,0.0015630722045898438,6,6,50541.49115314216,0,0,0
0,mh_exfil_multi_03_benign_1292,real,exfil_multi_03,,generator_ground_truth,docker_multihost,79.0,513.0,0.1539961013645224,0.002301931381225586,7,5,34319.00735370274,0,0,0
0,mh_exfil_multi_03_benign_1293,real,exfil_multi_03,,generator_ground_truth,docker_multihost,79.0,920.0,0.08586956521739131,0.0029439926147460938,6,6,26834.30644638808,0,0,0
0,mh_exfil_multi_03_benign_1294,real,exfil_multi_03,,generator_ground_truth,docker_multihost,79.0,1982.0,0.03985872855701312,0.0030219554901123047,6,6,26142.013096646944,0,0,0
0,mh_exfil_multi_03_benign_1295,real,exfil_multi_03,,generator_ground_truth,docker_multihost,79.0,1643.0,0.04808277541083384,0.0020771026611328125,6,6,38033.748393021124,0,0,0
0,mh_exfil_multi_03_benign_1296,real,exfil_multi_03,,generator_ground_truth,docker_multihost,79.0,1125.0,0.07022222222222223,0.0035009384155273438,6,6,22565.37837101607,0,0,0
0,mh_exfil_multi_03_benign_1297,real,exfil_multi_03,,generator_ground_truth,docker_multihost,79.0,644.0,0.12267080745341614,0.0019919872283935547,6,6,39658.88880909635,0,0,0
0,mh_exfil_multi_03_benign_1298,real,exfil_multi_03,,generator_ground_truth,docker_multihost,79.0,568.0,0.13908450704225353,0.0021820068359375,6,6,36205.20279720279,0,0,0
0,mh_exfil_multi_03_benign_1299,real,exfil_multi_03,,generator_ground_truth,docker_multihost,79.0,1883.0,0.04195432819968136,0.0011379718780517578,6,6,69421.75068091346,0,0,0
0,mh_exfil_multi_03_benign_1300,real,exfil_multi_03,,generator_ground_truth,docker_multihost,79.0,1716.0,0.04603729603729604,0.002073049545288086,7,5,38108.10994824612,0,0,0
0,mh_exfil_multi_03_benign_1301,real,exfil_multi_03,,generator_ground_truth,docker_multihost,79.0,1877.0,0.04208843899840171,0.00086212158203125,7,5,91634.40707964601,0,0,0
0,mh_exfil_multi_03_benign_1302,real,exfil_multi_03,,generator_ground_truth,docker_multihost,79.0,1947.0,0.040575243965074476,0.0007700920104980469,7,6,102585.14427244582,0,0,0
0,mh_exfil_multi_03_benign_1303,real,exfil_multi_03,,generator_ground_truth,docker_multihost,79.0,1280.0,0.06171875,0.0011191368103027344,6,6,70590.11844908394,0,0,0
0,mh_exfil_multi_03_benign_1304,real,exfil_multi_03,,generator_ground_truth,docker_multihost,79.0,2099.0,0.03763696998570748,0.0011551380157470703,6,6,68390.09618163055,0,0,0
0,mh_exfil_multi_03_benign_1305,real,exfil_multi_03,,generator_ground_truth,docker_multihost,79.0,1402.0,0.056348074179743225,0.0011649131774902344,7,6,67816.21285304952,0,0,0
0,mh_exfil_multi_03_benign_1306,real,exfil_multi_03,,generator_ground_truth,docker_multihost,79.0,680.0,0.1161764705882353,0.0007300376892089844,7,6,108213.59111691704,0,0,0
0,mh_exfil_multi_03_benign_1307,real,exfil_multi_03,,generator_ground_truth,docker_multihost,79.0,546.0,0.1446886446886447,0.0006120204925537109,7,6,129080.64511102454,0,0,0
0,mh_exfil_multi_03_benign_1308,real,exfil_multi_03,,generator_ground_truth,docker_multihost,79.0,822.0,0.09610705596107055,0.0015749931335449219,6,6,50158.94883439298,0,0,0
0,mh_exfil_multi_03_benign_1309,real,exfil_multi_03,,generator_ground_truth,docker_multihost,79.0,1483.0,0.053270397842211735,0.0021669864654541016,6,6,36456.157553086145,0,0,0
0,mh_exfil_multi_03_benign_1310,real,exfil_multi_03,,generator_ground_truth,docker_multihost,79.0,1586.0,0.04981084489281211,0.007170915603637695,7,5,11016.72427436247,0,0,0
0,mh_exfil_multi_03_benign_1311,real,exfil_multi_03,,generator_ground_truth,docker_multihost,79.0,1020.0,0.07745098039215687,0.007100105285644531,6,6,11126.595567494964,0,0,0
0,mh_exfil_multi_03_benign_1312,real,exfil_multi_03,,generator_ground_truth,docker_multihost,79.0,2075.0,0.038072289156626506,0.007239103317260742,6,6,10912.953792444752,0,0,0
0,mh_exfil_multi_03_benign_1313,real,exfil_multi_03,,generator_ground_truth,docker_multihost,79.0,1076.0,0.07342007434944238,0.0057010650634765625,6,6,13857.059886249583,0,0,0
0,mh_exfil_multi_03_benign_1314,real,exfil_multi_03,,generator_ground_truth,docker_multihost,79.0,802.0,0.09850374064837905,0.004662990570068359,6,6,16941.91716944473,0,0,0
0,mh_exfil_multi_03_benign_1315,real,exfil_multi_03,,generator_ground_truth,docker_multihost,79.0,1684.0,0.04691211401425178,0.00498199462890625,6,6,15857.102603369065,0,0,0
0,mh_exfil_multi_03_benign_1316,real,exfil_multi_03,,generator_ground_truth,docker_multihost,79.0,532.0,0.14849624060150377,0.005186796188354492,6,6,15230.982119053091,0,0,0
0,mh_exfil_multi_03_benign_1317,real,exfil_multi_03,,generator_ground_truth,docker_multihost,79.0,836.0,0.09449760765550239,0.0036439895629882812,6,6,21679.535200209368,0,0,0
0,mh_exfil_multi_03_benign_1318,real,exfil_multi_03,,generator_ground_truth,docker_multihost,79.0,429.0,0.18414918414918416,0.00801706314086914,6,6,9853.982513531197,0,0,0
0,mh_exfil_multi_03_benign_1319,real,exfil_multi_03,,generator_ground_truth,docker_multihost,79.0,1742.0,0.04535017221584386,0.0016779899597167969,6,6,47080.13867576016,0,0,0
0,mh_exfil_multi_03_benign_1320,real,exfil_multi_03,,generator_ground_truth,docker_multihost,79.0,1077.0,0.0733519034354689,0.0035080909729003906,6,6,22519.37039554166,0,0,0
0,mh_exfil_multi_03_benign_1321,real,exfil_multi_03,,generator_ground_truth,docker_multihost,79.0,917.0,0.0861504907306434,0.0050640106201171875,7,5,15600.283239171375,0,0,0
0,mh_exfil_multi_03_benign_1322,real,exfil_multi_03,,generator_ground_truth,docker_multihost,79.0,1429.0,0.055283414975507345,0.002622842788696289,6,6,30119.990546313973,0,0,0
0,mh_exfil_multi_03_benign_1323,real,exfil_multi_03,,generator_ground_truth,docker_multihost,79.0,865.0,0.09132947976878612,0.0012769699096679688,6,6,61865.200896191185,0,0,0
0,mh_exfil_multi_03_benign_1324,real,exfil_multi_03,,generator_ground_truth,docker_multihost,79.0,1086.0,0.072744014732965,0.0010879039764404297,6,6,72616.70304624151,0,0,0
0,mh_exfil_multi_03_benign_1325,real,exfil_multi_03,,generator_ground_truth,docker_multihost,79.0,1936.0,0.040805785123966945,0.0031499862670898438,7,6,25079.47441719649,0,0,0
0,mh_exfil_multi_03_benign_1326,real,exfil_multi_03,,generator_ground_truth,docker_multihost,79.0,1399.0,0.056468906361686916,0.003632068634033203,6,6,21750.69029801759,0,0,0
0,mh_exfil_multi_03_benign_1327,real,exfil_multi_03,,generator_ground_truth,docker_multihost,79.0,677.0,0.11669128508124077,0.005702018737792969,6,6,13854.742264592742,0,0,0
0,mh_exfil_multi_03_benign_1328,real,exfil_multi_03,,generator_ground_truth,docker_multihost,79.0,328.0,0.24085365853658536,0.0053920745849609375,6,6,14651.132649451716,0,0,0
0,mh_exfil_multi_03_benign_1329,real,exfil_multi_03,,generator_ground_truth,docker_multihost,79.0,1034.0,0.07640232108317214,0.003777027130126953,7,6,20915.920717081175,0,0,0
0,mh_exfil_multi_03_benign_1330,real,exfil_multi_03,,generator_ground_truth,docker_multihost,79.0,682.0,0.1158357771260997,0.0021660327911376953,6,6,36472.208695652174,0,0,0
0,mh_exfil_multi_03_benign_1331,real,exfil_multi_03,,generator_ground_truth,docker_multihost,79.0,1035.0,0.07632850241545894,0.0024170875549316406,6,6,32683.962911816925,0,0,0
0,mh_exfil_multi_03_benign_1332,real,exfil_multi_03,,generator_ground_truth,docker_multihost,79.0,1070.0,0.07383177570093458,0.0011489391326904297,6,6,68759.08196721312,0,0,0
0,mh_exfil_multi_03_benign_1333,real,exfil_multi_03,,generator_ground_truth,docker_multihost,79.0,1400.0,0.056428571428571425,0.0011141300201416016,6,6,70907.34346244382,0,0,0
0,mh_exfil_multi_03_benign_1334,real,exfil_multi_03,,generator_ground_truth,docker_multihost,79.0,1943.0,0.040658775090066906,0.001310110092163086,7,5,60300.27588717015,0,0,0
0,mh_exfil_multi_03_benign_1335,real,exfil_multi_03,,generator_ground_truth,docker_multihost,79.0,434.0,0.18202764976958524,0.0012731552124023438,6,6,62050.56479400749,0,0,0
0,mh_exfil_multi_03_benign_1336,real,exfil_multi_03,,generator_ground_truth,docker_multihost,79.0,1711.0,0.046171829339567504,0.002074003219604492,7,5,38090.586964018854,0,0,0
0,mh_exfil_multi_03_benign_1337,real,exfil_multi_03,,generator_ground_truth,docker_multihost,79.0,1299.0,0.06081601231716705,0.0020520687103271484,6,6,38497.736261182756,0,0,0
0,mh_exfil_multi_03_benign_1338,real,exfil_multi_03,,generator_ground_truth,docker_multihost,79.0,1440.0,0.05486111111111111,0.003765106201171875,6,6,20982.143870314085,0,0,0
0,mh_exfil_multi_03_benign_1339,real,exfil_multi_03,,generator_ground_truth,docker_multihost,79.0,1017.0,0.0776794493608653,1.0348730087280273,8,6,76.3378688338772,0,0,0
0,mh_exfil_multi_03_benign_1340,real,exfil_multi_03,,generator_ground_truth,docker_multihost,79.0,787.0,0.10038119440914867,1.0360441207885742,7,6,76.25157888051136,0,0,0
0,mh_exfil_multi_03_benign_1341,real,exfil_multi_03,,generator_ground_truth,docker_multihost,79.0,706.0,0.11189801699716714,0.0029349327087402344,6,6,26917.141835905768,0,0,0
0,mh_exfil_multi_03_benign_1342,real,exfil_multi_03,,generator_ground_truth,docker_multihost,79.0,1206.0,0.06550580431177445,1.0415449142456055,7,6,75.84886539167634,0,0,0
0,mh_exfil_multi_03_benign_1343,real,exfil_multi_03,,generator_ground_truth,docker_multihost,79.0,1412.0,0.05594900849858357,0.0015289783477783203,7,5,51668.488382972086,0,0,0
0,mh_exfil_multi_03_benign_1344,real,exfil_multi_03,,generator_ground_truth,docker_multihost,79.0,1042.0,0.07581573896353166,0.0013501644134521484,6,6,58511.39254811937,0,0,0
0,mh_exfil_multi_03_benign_1345,real,exfil_multi_03,,generator_ground_truth,docker_multihost,79.0,825.0,0.09575757575757576,0.001461029052734375,6,6,54071.47780678851,0,0,0
0,mh_exfil_multi_03_benign_1346,real,exfil_multi_03,,generator_ground_truth,docker_multihost,79.0,1255.0,0.06294820717131475,0.001580953598022461,6,6,49969.84104961544,0,0,0
0,mh_exfil_multi_03_benign_1347,real,exfil_multi_03,,generator_ground_truth,docker_multihost,79.0,912.0,0.08662280701754387,0.0010809898376464844,6,6,73081.16806352008,0,0,0
0,mh_exfil_multi_03_benign_1348,real,exfil_multi_03,,generator_ground_truth,docker_multihost,79.0,805.0,0.09813664596273292,0.0019948482513427734,7,5,39602.009800406355,0,0,0
0,mh_exfil_multi_03_benign_1349,real,exfil_multi_03,,generator_ground_truth,docker_multihost,79.0,430.0,0.18372093023255814,0.001950979232788086,6,6,40492.4863741904,0,0,0
0,mh_exfil_multi_03_benign_1350,real,exfil_multi_03,,generator_ground_truth,docker_multihost,79.0,1991.0,0.03967855349070819,0.002663135528564453,6,6,29664.280752014325,0,0,0
0,mh_exfil_multi_03_benign_1351,real,exfil_multi_03,,generator_ground_truth,docker_multihost,79.0,335.0,0.23582089552238805,0.003389120101928711,7,5,23309.88505100246,0,0,0
0,mh_exfil_multi_03_benign_1352,real,exfil_multi_03,,generator_ground_truth,docker_multihost,79.0,1736.0,0.04550691244239631,0.0029408931732177734,6,6,26862.587434130524,0,0,0
0,mh_exfil_multi_03_benign_1353,real,exfil_multi_03,,generator_ground_truth,docker_multihost,79.0,1520.0,0.05197368421052632,0.0008828639984130859,6,6,89481.50580610316,0,0,0
0,mh_exfil_multi_03_benign_1354,real,exfil_multi_03,,generator_ground_truth,docker_multihost,79.0,344.0,0.22965116279069767,0.001310110092163086,7,5,60300.27588717015,0,0,0
0,mh_exfil_multi_03_benign_1355,real,exfil_multi_03,,generator_ground_truth,docker_multihost,79.0,1200.0,0.06583333333333333,0.0014379024505615234,6,6,54941.140109434586,0,0,0
0,mh_exfil_multi_03_benign_1356,real,exfil_multi_03,,generator_ground_truth,docker_multihost,79.0,1476.0,0.0535230352303523,0.0009949207305908203,6,6,79403.31080757249,0,0,0
0,mh_exfil_multi_03_benign_1357,real,exfil_multi_03,,generator_ground_truth,docker_multihost,79.0,392.0,0.20153061224489796,0.002713918685913086,7,5,29109.199332337696,0,0,0
0,mh_exfil_multi_03_benign_1358,real,exfil_multi_03,,generator_ground_truth,docker_multihost,79.0,1078.0,0.07328385899814471,0.00400090217590332,7,5,19745.546510934986,0,0,0
0,mh_exfil_multi_03_benign_1359,real,exfil_multi_03,,generator_ground_truth,docker_multihost,79.0,1050.0,0.07523809523809524,0.003773927688598633,7,5,20933.098490113083,0,0,0
0,mh_exfil_multi_03_benign_1360,real,exfil_multi_03,,generator_ground_truth,docker_multihost,79.0,1991.0,0.03967855349070819,0.0033960342407226562,6,6,23262.427408031454,0,0,0
0,mh_exfil_multi_03_benign_1361,real,exfil_multi_03,,generator_ground_truth,docker_multihost,79.0,1944.0,0.04063786008230453,0.0007519721984863281,6,6,105057.07545973368,0,0,0
0,mh_exfil_multi_03_benign_1362,real,exfil_multi_03,,generator_ground_truth,docker_multihost,79.0,768.0,0.10286458333333333,0.0014071464538574219,6,6,56141.98847848187,0,0,0
0,mh_exfil_multi_03_benign_1363,real,exfil_multi_03,,generator_ground_truth,docker_multihost,79.0,316.0,0.25,0.0007457733154296875,6,6,105930.31202046036,0,0,0
0,mh_exfil_multi_03_benign_1364,real,exfil_multi_03,,generator_ground_truth,docker_multihost,79.0,1051.0,0.07516650808753568,0.0008640289306640625,6,6,91432.12362030905,0,0,0
0,mh_exfil_multi_03_benign_1365,real,exfil_multi_03,,generator_ground_truth,docker_multihost,79.0,2070.0,0.03816425120772947,0.0015339851379394531,6,6,51499.84706248057,0,0,0
0,mh_exfil_multi_03_benign_1366,real,exfil_multi_03,,generator_ground_truth,docker_multihost,79.0,344.0,0.22965116279069767,0.001728057861328125,6,6,45716.061810154526,0,0,0
0,mh_exfil_multi_03_benign_1367,real,exfil_multi_03,,generator_ground_truth,docker_multihost,79.0,784.0,0.10076530612244898,0.0028929710388183594,7,5,27307.566836986978,0,0,0
0,mh_exfil_multi_03_benign_1368,real,exfil_multi_03,,generator_ground_truth,docker_multihost,79.0,1675.0,0.047164179104477615,0.002215862274169922,6,6,35652.03529158597,0,0,0
0,mh_exfil_multi_03_benign_1369,real,exfil_multi_03,,generator_ground_truth,docker_multihost,79.0,461.0,0.17136659436008678,0.0044460296630859375,6,6,17768.662376662378,0,0,0
0,mh_exfil_multi_03_benign_1370,real,exfil_multi_03,,generator_ground_truth,docker_multihost,79.0,1464.0,0.05396174863387978,0.003923892974853516,6,6,20133.066958318144,0,0,0
0,mh_exfil_multi_03_benign_1371,real,exfil_multi_03,,generator_ground_truth,docker_multihost,79.0,1972.0,0.04006085192697769,0.0022509098052978516,7,5,35096.919394131975,0,0,0
0,mh_exfil_multi_03_benign_1372,real,exfil_multi_03,,generator_ground_truth,docker_multihost,79.0,565.0,0.13982300884955753,0.0008320808410644531,6,6,94942.69799426934,0,0,0
0,mh_exfil_multi_03_benign_1373,real,exfil_multi_03,,generator_ground_truth,docker_multihost,79.0,1653.0,0.04779189352692075,0.0037729740142822266,6,6,20938.38963665087,0,0,0
0,mh_exfil_multi_03_benign_1374,real,exfil_multi_03,,generator_ground_truth,docker_multihost,79.0,419.0,0.18854415274463007,0.00518488883972168,6,6,15236.585092196625,0,0,0
0,mh_exfil_multi_03_benign_1375,real,exfil_multi_03,,generator_ground_truth,docker_multihost,79.0,351.0,0.22507122507122507,0.005362987518310547,6,6,14730.595536587534,0,0,0
0,mh_exfil_multi_03_benign_1376,real,exfil_multi_03,,generator_ground_truth,docker_multihost,79.0,1100.0,0.07181818181818182,0.006719827651977539,6,6,11756.253893915204,0,0,0
0,mh_exfil_multi_03_benign_1377,real,exfil_multi_03,,generator_ground_truth,docker_multihost,79.0,517.0,0.1528046421663443,0.007071971893310547,7,5,11170.85887667723,0,0,0
0,mh_exfil_multi_03_benign_1378,real,exfil_multi_03,,generator_ground_truth,docker_multihost,79.0,886.0,0.08916478555304741,0.00761103630065918,6,6,10379.664066660402,0,0,0
0,mh_exfil_multi_03_benign_1379,real,exfil_multi_03,,generator_ground_truth,docker_multihost,79.0,1570.0,0.05031847133757962,0.008373022079467773,7,5,9435.064096358097,0,0,0
0,mh_exfil_multi_03_benign_1380,real,exfil_multi_03,,generator_ground_truth,docker_multihost,79.0,476.0,0.16596638655462184,0.0061550140380859375,7,5,12835.064146265882,0,0,0
0,mh_exfil_multi_03_benign_1381,real,exfil_multi_03,,generator_ground_truth,docker_multihost,79.0,891.0,0.08866442199775533,0.008076906204223633,7,5,9780.972813413231,0,0,0
0,mh_exfil_multi_03_benign_1382,real,exfil_multi_03,,generator_ground_truth,docker_multihost,79.0,1777.0,0.04445694991558807,0.006841182708740234,7,5,11547.710880323413,0,0,0
0,mh_exfil_multi_03_benign_1383,real,exfil_multi_03,,generator_ground_truth,docker_multihost,79.0,1991.0,0.03967855349070819,0.00657200813293457,7,6,12020.678976963542,0,0,0
0,mh_exfil_multi_03_benign_1384,real,exfil_multi_03,,generator_ground_truth,docker_multihost,79.0,1364.0,0.05791788856304985,0.006155967712402344,7,5,12833.075755228505,0,0,0
0,mh_exfil_multi_03_benign_1385,real,exfil_multi_03,,generator_ground_truth,docker_multihost,79.0,1345.0,0.058736059479553904,0.006170988082885742,7,6,12801.839663099332,0,0,0
0,mh_exfil_multi_03_benign_1386,real,exfil_multi_03,,generator_ground_truth,docker_multihost,79.0,603.0,0.1310116086235489,0.003419160842895508,7,5,23105.084443204796,0,0,0
0,mh_exfil_multi_03_benign_1387,real,exfil_multi_03,,generator_ground_truth,docker_multihost,79.0,879.0,0.08987485779294653,0.002955913543701172,6,6,26726.086142926277,0,0,0
0,mh_exfil_multi_03_benign_1388,real,exfil_multi_03,,generator_ground_truth,docker_multihost,79.0,1904.0,0.04149159663865546,0.0006659030914306641,7,6,118635.88113139993,0,0,0
0,mh_exfil_multi_03_benign_1389,real,exfil_multi_03,,generator_ground_truth,docker_multihost,79.0,1969.0,0.04012188928390046,0.0009000301361083984,6,6,87774.83867549669,0,0,0
0,mh_exfil_multi_03_benign_1390,real,exfil_multi_03,,generator_ground_truth,docker_multihost,79.0,846.0,0.0933806146572104,0.0014159679412841797,6,6,55792.22360666779,0,0,0
0,mh_exfil_multi_03_benign_1391,real,exfil_multi_03,,generator_ground_truth,docker_multihost,79.0,482.0,0.16390041493775934,0.0021970272064208984,6,6,35957.67943570266,0,0,0
0,mh_exfil_multi_03_benign_1392,real,exfil_multi_03,,generator_ground_truth,docker_multihost,79.0,1300.0,0.06076923076923077,0.00333404541015625,6,6,23694.938215102975,0,0,0
0,mh_exfil_multi_03_benign_1393,real,exfil_multi_03,,generator_ground_truth,docker_multihost,79.0,1146.0,0.06893542757417102,0.0018808841705322266,7,5,42001.52313347699,0,0,0
0,mh_exfil_multi_03_benign_1394,real,exfil_multi_03,,generator_ground_truth,docker_multihost,79.0,1090.0,0.07247706422018349,0.001123189926147461,6,6,70335.388664827,0,0,0
0,mh_exfil_multi_03_benign_1395,real,exfil_multi_03,,generator_ground_truth,docker_multihost,79.0,755.0,0.10463576158940398,0.0035598278045654297,6,6,22192.084656084655,0,0,0
0,mh_exfil_multi_03_benign_1396,real,exfil_multi_03,,generator_ground_truth,docker_multihost,79.0,354.0,0.2231638418079096,0.002650022506713867,6,6,29811.067566351776,0,0,0
0,mh_exfil_multi_03_benign_1397,real,exfil_multi_03,,generator_ground_truth,docker_multihost,79.0,849.0,0.09305064782096584,0.0020170211791992188,6,6,39166.66855791962,0,0,0
0,mh_exfil_multi_03_benign_1398,real,exfil_multi_03,,generator_ground_truth,docker_multihost,79.0,342.0,0.2309941520467836,0.0010380744934082031,6,6,76102.43821773083,0,0,0
0,mh_exfil_multi_03_benign_1399,real,exfil_multi_03,,generator_ground_truth,docker_multihost,79.0,804.0,0.09825870646766169,0.005138874053955078,6,6,15373.017351767654,0,0,0
0,mh_exfil_multi_03_benign_1400,real,exfil_multi_03,,generator_ground_truth,docker_multihost,79.0,1805.0,0.04376731301939058,0.007472991943359375,7,5,10571.401735579377,0,0,0
0,mh_exfil_multi_03_benign_1401,real,exfil_multi_03,,generator_ground_truth,docker_multihost,79.0,735.0,0.10748299319727891,0.007597923278808594,7,5,10397.578009288314,0,0,0
0,mh_exfil_multi_03_benign_1402,real,exfil_multi_03,,generator_ground_truth,docker_multihost,79.0,498.0,0.15863453815261044,0.00673985481262207,6,6,11721.320740033252,0,0,0
0,mh_exfil_multi_03_benign_1403,real,exfil_multi_03,,generator_ground_truth,docker_multihost,79.0,781.0,0.10115236875800256,0.008482933044433594,6,6,9312.81663856099,0,0,0
0,mh_exfil_multi_03_benign_1404,real,exfil_multi_03,,generator_ground_truth,docker_multihost,79.0,1719.0,0.04595695171611402,0.0050220489501953125,6,6,15730.631219141664,0,0,0
0,mh_exfil_multi_03_benign_1405,real,exfil_multi_03,,generator_ground_truth,docker_multihost,79.0,992.0,0.07963709677419355,0.0072400569915771484,6,6,10911.516317054697,0,0,0
0,mh_exfil_multi_03_benign_1406,real,exfil_multi_03,,generator_ground_truth,docker_multihost,79.0,591.0,0.13367174280879865,0.007706880569458008,6,6,10250.580541376643,0,0,0
0,mh_exfil_multi_03_benign_1407,real,exfil_multi_03,,generator_ground_truth,docker_multihost,79.0,884.0,0.08936651583710407,0.0062448978424072266,6,6,12650.327033940366,0,0,0
0,mh_exfil_multi_03_benign_1408,real,exfil_multi_03,,generator_ground_truth,docker_multihost,79.0,579.0,0.13644214162348878,0.0017290115356445312,6,6,45690.84611141754,0,0,0
0,mh_exfil_multi_03_benign_1409,real,exfil_multi_03,,generator_ground_truth,docker_multihost,79.0,1323.0,0.05971277399848828,0.0025010108947753906,7,5,31587.22745471878,0,0,0
0,mh_exfil_multi_03_benign_1410,real,exfil_multi_03,,generator_ground_truth,docker_multihost,79.0,1380.0,0.0572463768115942,0.002485036849975586,6,6,31790.273049985608,0,0,0
0,mh_exfil_multi_03_benign_1411,real,exfil_multi_03,,generator_ground_truth,docker_multihost,79.0,405.0,0.19506172839506172,0.003116130828857422,6,6,25351.952257077275,0,0,0
0,mh_exfil_multi_03_benign_1412,real,exfil_multi_03,,generator_ground_truth,docker_multihost,79.0,566.0,0.13957597173144876,0.002679109573364258,7,5,29487.409094954168,0,0,0
0,mh_exfil_multi_03_benign_1413,real,exfil_multi_03,,generator_ground_truth,docker_multihost,79.0,1245.0,0.06345381526104418,0.002930164337158203,7,5,26960.94515866558,0,0,0
0,mh_exfil_multi_03_benign_1414,real,exfil_multi_03,,generator_ground_truth,docker_multihost,79.0,1358.0,0.05817378497790869,0.003945112228393555,6,6,20024.778872303137,0,0,0
0,mh_exfil_multi_03_benign_1415,real,exfil_multi_03,,generator_ground_truth,docker_multihost,79.0,483.0,0.16356107660455488,0.006634950637817383,6,6,11906.644723130546,0,0,0
0,mh_exfil_multi_03_benign_1416,real,exfil_multi_03,,generator_ground_truth,docker_multihost,79.0,1884.0,0.04193205944798301,0.002768993377685547,6,6,28530.22352333391,0,0,0
0,mh_exfil_multi_03_benign_1417,real,exfil_multi_03,,generator_ground_truth,docker_multihost,79.0,611.0,0.12929623567921442,0.003538846969604492,6,6,22323.655325742773,0,0,0
0,mh_exfil_multi_03_benign_1418,real,exfil_multi_03,,generator_ground_truth,docker_multihost,79.0,1231.0,0.06417546709991877,0.0028030872344970703,6,6,28183.211363443053,0,0,0
0,mh_exfil_multi_03_benign_1419,real,exfil_multi_03,,generator_ground_truth,docker_multihost,79.0,849.0,0.09305064782096584,0.0030541419982910156,6,6,25866.511787665888,0,0,0
0,mh_exfil_multi_03_benign_1420,real,exfil_multi_03,,generator_ground_truth,docker_multihost,79.0,1692.0,0.0466903073286052,0.005739927291870117,6,6,13763.240539979231,0,0,0
0,mh_exfil_multi_03_benign_1421,real,exfil_multi_03,,generator_ground_truth,docker_multihost,79.0,1651.0,0.04784978800726832,0.0013439655303955078,6,6,58781.269469576015,0,0,0
0,mh_exfil_multi_03_benign_1422,real,exfil_multi_03,,generator_ground_truth,docker_multihost,79.0,1183.0,0.06677937447168217,0.0015239715576171875,6,6,51838.237797246555,0,0,0
0,mh_exfil_multi_03_benign_1423,real,exfil_multi_03,,generator_ground_truth,docker_multihost,79.0,1753.0,0.0450656018254421,0.002318143844604492,6,6,34078.98961225959,0,0,0
0,mh_exfil_multi_03_benign_1424,real,exfil_multi_03,,generator_ground_truth,docker_multihost,79.0,577.0,0.1369150779896014,0.001987934112548828,6,6,39739.747661309666,0,0,0
0,mh_exfil_multi_03_benign_1425,real,exfil_multi_03,,generator_ground_truth,docker_multihost,79.0,585.0,0.13504273504273503,0.0026841163635253906,6,6,29432.40504530112,0,0,0
0,mh_exfil_multi_03_benign_1426,real,exfil_multi_03,,generator_ground_truth,docker_multihost,79.0,1664.0,0.047475961538461536,0.0010797977447509766,7,6,73161.84941488187,0,0,0
0,mh_exfil_multi_03_benign_1427,real,exfil_multi_03,,generator_ground_truth,docker_multihost,79.0,500.0,0.158,0.0012569427490234375,6,6,62850.91350531108,0,0,0
0,mh_exfil_multi_03_benign_1428,real,exfil_multi_03,,generator_ground_truth,docker_multihost,79.0,2029.0,0.03893543617545589,0.002474069595336914,7,5,31931.195528572804,0,0,0
0,mh_exfil_multi_03_benign_1429,real,exfil_multi_03,,generator_ground_truth,docker_multihost,79.0,1499.0,0.052701801200800535,0.0013611316680908203,6,6,58039.93974426344,0,0,0
0,mh_exfil_multi_03_benign_1430,real,exfil_multi_03,,generator_ground_truth,docker_multihost,79.0,689.0,0.11465892597968069,0.001422882080078125,6,6,55521.11528150134,0,0,0
0,mh_exfil_multi_03_benign_1431,real,exfil_multi_03,,generator_ground_truth,docker_multihost,79.0,1360.0,0.05808823529411765,0.003159046173095703,7,6,25007.54837735849,0,0,0
0,mh_exfil_multi_03_benign_1432,real,exfil_multi_03,,generator_ground_truth,docker_multihost,79.0,1814.0,0.043550165380374865,0.0036001205444335938,6,6,21943.709668874173,0,0,0
0,mh_exfil_multi_03_benign_1433,real,exfil_multi_03,,generator_ground_truth,docker_multihost,79.0,1408.0,0.056107954545454544,0.0011417865753173828,6,6,69189.8133221967,0,0,0
0,mh_exfil_multi_03_benign_1434,real,exfil_multi_03,,generator_ground_truth,docker_multihost,79.0,983.0,0.08036622583926754,0.0026290416717529297,6,6,30048.972159245488,0,0,0
0,mh_exfil_multi_03_benign_1435,real,exfil_multi_03,,generator_ground_truth,docker_multihost,79.0,365.0,0.21643835616438356,0.0018219947814941406,6,6,43359.070400418736,0,0,0
0,mh_exfil_multi_03_benign_1436,real,exfil_multi_03,,generator_ground_truth,docker_multihost,79.0,1481.0,0.053342336259284265,0.002629995346069336,6,6,30038.075967727313,0,0,0
0,mh_exfil_multi_03_benign_1437,real,exfil_multi_03,,generator_ground_truth,docker_multihost,79.0,1157.0,0.0682800345721694,0.001338958740234375,6,6,59001.071225071224,0,0,0
0,mh_exfil_multi_03_benign_1438,real,exfil_multi_03,,generator_ground_truth,docker_multihost,79.0,792.0,0.09974747474747475,0.007064104080200195,7,5,11183.300685139558,0,0,0
0,mh_exfil_multi_03_benign_1439,real,exfil_multi_03,,generator_ground_truth,docker_multihost,79.0,396.0,0.1994949494949495,0.0035550594329833984,6,6,22221.85071423781,0,0,0
0,mh_exfil_multi_03_benign_1440,real,exfil_multi_03,,generator_ground_truth,docker_multihost,79.0,1289.0,0.0612878200155159,0.004266977310180664,6,6,18514.277029669778,0,0,0
0,mh_exfil_multi_03_benign_1441,real,exfil_multi_03,,generator_ground_truth,docker_multihost,79.0,697.0,0.1133428981348637,0.0015919208526611328,6,6,49625.58274674255,0,0,0
0,mh_exfil_multi_03_benign_1442,real,exfil_multi_03,,generator_ground_truth,docker_multihost,79.0,927.0,0.08522114347357065,0.0019428730010986328,6,6,40661.43281384219,0,0,0
0,mh_exfil_multi_03_benign_1443,real,exfil_multi_03,,generator_ground_truth,docker_multihost,79.0,746.0,0.10589812332439678,0.0014989376068115234,6,6,52703.994910132016,0,0,0
0,mh_exfil_multi_03_benign_1444,real,exfil_multi_03,,generator_ground_truth,docker_multihost,79.0,1569.0,0.05035054174633524,0.0018968582153320312,6,6,41647.814982403215,0,0,0
0,mh_exfil_multi_03_benign_1445,real,exfil_multi_03,,generator_ground_truth,docker_multihost,79.0,1215.0,0.06502057613168724,0.001207113265991211,6,6,65445.39126999803,0,0,0
0,mh_exfil_multi_03_benign_1446,real,exfil_multi_03,,generator_ground_truth,docker_multihost,79.0,1360.0,0.05808823529411765,0.0008080005645751953,6,6,97772.20891118325,0,0,0
0,mh_exfil_multi_03_benign_1447,real,exfil_multi_03,,generator_ground_truth,docker_multihost,79.0,1322.0,0.059757942511346446,0.00102996826171875,6,6,76701.39259259259,0,0,0
0,mh_exfil_multi_03_benign_1448,real,exfil_multi_03,,generator_ground_truth,docker_multihost,79.0,1819.0,0.0434304562946674,0.0010309219360351562,6,6,76630.43848288621,0,0,0
0,mh_exfil_multi_03_benign_1449,real,exfil_multi_03,,generator_ground_truth,docker_multihost,79.0,940.0,0.08404255319148936,0.001074075698852539,6,6,73551.61287458379,0,0,0
0,mh_exfil_multi_03_benign_1450,real,exfil_multi_03,,generator_ground_truth,docker_multihost,79.0,978.0,0.08077709611451943,0.0010139942169189453,6,6,77909.71455443217,0,0,0
0,mh_exfil_multi_03_benign_1451,real,exfil_multi_03,,generator_ground_truth,docker_multihost,79.0,638.0,0.1238244514106583,0.0017459392547607422,6,6,45247.851427010784,0,0,0
0,mh_exfil_multi_03_benign_1452,real,exfil_multi_03,,generator_ground_truth,docker_multihost,79.0,415.0,0.19036144578313252,0.0011610984802246094,7,5,68039.01765913758,0,0,0
0,mh_exfil_multi_03_benign_1453,real,exfil_multi_03,,generator_ground_truth,docker_multihost,79.0,1207.0,0.06545153272576636,0.0016009807586669922,6,6,49344.75294117647,0,0,0
0,mh_exfil_multi_03_benign_1454,real,exfil_multi_03,,generator_ground_truth,docker_multihost,79.0,1929.0,0.04095386210471747,0.0019049644470214844,7,5,41470.590237797245,0,0,0
0,mh_exfil_multi_03_benign_1455,real,exfil_multi_03,,generator_ground_truth,docker_multihost,79.0,533.0,0.14821763602251406,0.0037310123443603516,6,6,21173.877947472683,0,0,0
0,mh_exfil_multi_03_benign_1456,real,exfil_multi_03,,generator_ground_truth,docker_multihost,79.0,505.0,0.15643564356435644,0.001171112060546875,6,6,67457.25081433225,0,0,0
0,mh_exfil_multi_03_benign_1457,real,exfil_multi_03,,generator_ground_truth,docker_multihost,79.0,1203.0,0.0656691604322527,0.0015349388122558594,6,6,51467.849642746194,0,0,0
0,mh_exfil_multi_03_benign_1458,real,exfil_multi_03,,generator_ground_truth,docker_multihost,79.0,1201.0,0.06577851790174855,0.003030061721801758,7,5,26072.076166496183,0,0,0
0,mh_exfil_multi_03_benign_1459,real,exfil_multi_03,,generator_ground_truth,docker_multihost,79.0,588.0,0.13435374149659865,0.0013251304626464844,6,6,59616.77150053976,0,0,0
0,mh_exfil_multi_03_benign_1460,real,exfil_multi_03,,generator_ground_truth,docker_multihost,79.0,1371.0,0.05762217359591539,0.0030498504638671875,6,6,25902.909318323953,0,0,0
0,mh_exfil_multi_03_benign_1461,real,exfil_multi_03,,generator_ground_truth,docker_multihost,79.0,1837.0,0.04300489929232444,0.005595207214355469,7,5,14119.226862110107,0,0,0
0,mh_exfil_multi_03_benign_1462,real,exfil_multi_03,,generator_ground_truth,docker_multihost,79.0,527.0,0.14990512333965844,0.0006928443908691406,6,6,114022.71713695802,0,0,0
0,mh_exfil_multi_03_benign_1463,real,exfil_multi_03,,generator_ground_truth,docker_multihost,79.0,2041.0,0.03870651641352278,0.0034868717193603516,6,6,22656.411350427352,0,0,0
0,mh_exfil_multi_03_benign_1464,real,exfil_multi_03,,generator_ground_truth,docker_multihost,79.0,1944.0,0.04063786008230453,0.002460002899169922,7,5,32113.78329133553,0,0,0
0,mh_exfil_multi_03_benign_1465,real,exfil_multi_03,,generator_ground_truth,docker_multihost,79.0,668.0,0.11826347305389222,0.0008399486541748047,6,6,94053.36815214306,0,0,0
0,mh_exfil_multi_03_benign_1466,real,exfil_multi_03,,generator_ground_truth,docker_multihost,79.0,1092.0,0.07234432234432235,0.0024690628051757812,6,6,31995.945925067594,0,0,0
0,mh_exfil_multi_03_benign_1467,real,exfil_multi_03,,generator_ground_truth,docker_multihost,79.0,1828.0,0.04321663019693654,0.0015141963958740234,6,6,52172.8886789482,0,0,0
0,mh_exfil_multi_03_benign_1468,real,exfil_multi_03,,generator_ground_truth,docker_multihost,79.0,547.0,0.14442413162705667,0.002686023712158203,6,6,29411.505059470976,0,0,0
0,mh_exfil_multi_03_benign_1469,real,exfil_multi_03,,generator_ground_truth,docker_multihost,79.0,592.0,0.13344594594594594,0.0026738643646240234,6,6,29545.253321444496,0,0,0
0,mh_exfil_multi_03_benign_1470,real,exfil_multi_03,,generator_ground_truth,docker_multihost,79.0,881.0,0.08967082860385925,0.0036809444427490234,6,6,21461.883282596023,0,0,0
0,mh_exfil_multi_03_benign_1471,real,exfil_multi_03,,generator_ground_truth,docker_multihost,79.0,1328.0,0.05948795180722891,0.004673004150390625,6,6,16905.61306122449,0,0,0
0,mh_exfil_multi_03_benign_1472,real,exfil_multi_03,,generator_ground_truth,docker_multihost,79.0,755.0,0.10463576158940398,0.0054128170013427734,6,6,14594.988151345637,0,0,0
0,mh_exfil_multi_03_benign_1473,real,exfil_multi_03,,generator_ground_truth,docker_multihost,79.0,1183.0,0.06677937447168217,0.002691984176635742,7,6,29346.38349127624,0,0,0
0,mh_exfil_multi_03_benign_1474,real,exfil_multi_03,,generator_ground_truth,docker_multihost,79.0,2089.0,0.03781713738630924,0.0010800361633300781,6,6,73145.69889624724,0,0,0
0,mh_exfil_multi_03_benign_1475,real,exfil_multi_03,,generator_ground_truth,docker_multihost,79.0,1625.0,0.048615384615384616,0.0019707679748535156,6,6,40085.89595935156,0,0,0
0,mh_exfil_multi_03_benign_1476,real,exfil_multi_03,,generator_ground_truth,docker_multihost,79.0,860.0,0.09186046511627907,0.0030100345611572266,6,6,26245.54582178218,0,0,0
0,mh_exfil_multi_03_benign_1477,real,exfil_multi_03,,generator_ground_truth,docker_multihost,79.0,1843.0,0.04286489419424851,0.004369020462036133,6,6,18081.856261937246,0,0,0
0,mh_exfil_multi_03_benign_1478,real,exfil_multi_03,,generator_ground_truth,docker_multihost,79.0,1474.0,0.05359565807327001,0.0013210773468017578,6,6,59799.678036455516,0,0,0
0,mh_exfil_multi_03_benign_1479,real,exfil_multi_03,,generator_ground_truth,docker_multihost,79.0,795.0,0.09937106918238994,0.0019989013671875,6,6,39521.70992366412,0,0,0
0,mh_exfil_multi_03_benign_1480,real,exfil_multi_03,,generator_ground_truth,docker_multihost,79.0,1372.0,0.0575801749271137,0.00580596923828125,7,5,13606.68593955322,0,0,0
0,mh_exfil_multi_03_benign_1481,real,exfil_multi_03,,generator_ground_truth,docker_multihost,79.0,783.0,0.10089399744572158,0.0009350776672363281,6,6,84484.96073431922,0,0,0
0,mh_exfil_multi_03_benign_1482,real,exfil_multi_03,,generator_ground_truth,docker_multihost,79.0,1532.0,0.05156657963446475,0.0022759437561035156,7,5,34710.87534045673,0,0,0
0,mh_exfil_multi_03_benign_1483,real,exfil_multi_03,,generator_ground_truth,docker_multihost,79.0,1587.0,0.04977945809703844,0.0011811256408691406,7,5,66885.34840532903,0,0,0
0,mh_exfil_multi_03_benign_1484,real,exfil_multi_03,,generator_ground_truth,docker_multihost,79.0,1203.0,0.0656691604322527,0.0008740425109863281,6,6,90384.61974904528,0,0,0
0,mh_exfil_multi_03_benign_1485,real,exfil_multi_03,,generator_ground_truth,docker_multihost,79.0,1061.0,0.07445805843543826,0.0009050369262695312,6,6,87289.25605900948,0,0,0
0,mh_exfil_multi_03_benign_1486,real,exfil_multi_03,,generator_ground_truth,docker_multihost,79.0,1844.0,0.042841648590021694,0.003556966781616211,7,5,22209.93471412293,0,0,0
0,mh_exfil_multi_03_benign_1487,real,exfil_multi_03,,generator_ground_truth,docker_multihost,79.0,797.0,0.09912170639899624,0.0033588409423828125,6,6,23520.01817149347,0,0,0
0,mh_exfil_multi_03_benign_1488,real,exfil_multi_03,,generator_ground_truth,docker_multihost,79.0,1552.0,0.0509020618556701,0.0050508975982666016,7,5,15640.78432853434,0,0,0
0,mh_exfil_multi_03_benign_1489,real,exfil_multi_03,,generator_ground_truth,docker_multihost,79.0,812.0,0.09729064039408868,0.00566411018371582,6,6,13947.46878814665,0,0,0
0,mh_exfil_multi_03_benign_1490,real,exfil_multi_03,,generator_ground_truth,docker_multihost,79.0,1389.0,0.05687544996400288,0.007040977478027344,6,6,11220.033048896114,0,0,0
0,mh_exfil_multi_03_benign_1491,real,exfil_multi_03,,generator_ground_truth,docker_multihost,79.0,1253.0,0.06304868316041501,0.007472991943359375,6,6,10571.401735579377,0,0,0
0,mh_exfil_multi_03_benign_1492,real,exfil_multi_03,,generator_ground_truth,docker_multihost,79.0,1321.0,0.05980317940953823,0.003753185272216797,6,6,21048.787701689747,0,0,0
0,mh_exfil_multi_03_benign_1493,real,exfil_multi_03,,generator_ground_truth,docker_multihost,79.0,678.0,0.11651917404129794,0.006844043731689453,7,5,11542.88357834599,0,0,0
0,mh_exfil_multi_03_benign_1494,real,exfil_multi_03,,generator_ground_truth,docker_multihost,79.0,1901.0,0.041557075223566546,0.009616851806640625,7,5,8214.746529155098,0,0,0
0,mh_exfil_multi_03_benign_1495,real,exfil_multi_03,,generator_ground_truth,docker_multihost,79.0,313.0,0.2523961661341853,0.007824182510375977,6,6,10096.901483986958,0,0,0
0,mh_exfil_multi_03_benign_1496,real,exfil_multi_03,,generator_ground_truth,docker_multihost,79.0,721.0,0.10957004160887657,0.004683017730712891,6,6,16869.464209347316,0,0,0
0,mh_exfil_multi_03_benign_1497,real,exfil_multi_03,,generator_ground_truth,docker_multihost,79.0,2081.0,0.037962518020182606,0.007120847702026367,6,6,11094.184752402318,0,0,0
0,mh_exfil_multi_03_benign_1498,real,exfil_multi_03,,generator_ground_truth,docker_multihost,79.0,1885.0,0.04190981432360743,0.006433010101318359,6,6,12280.40975465125,0,0,0
0,mh_exfil_multi_03_benign_1499,real,exfil_multi_03,,generator_ground_truth,docker_multihost,79.0,1454.0,0.054332874828060526,0.004864931106567383,7,5,16238.667777505514,0,0,0
0,mh_exfil_multi_03_benign_1500,real,exfil_multi_03,,generator_ground_truth,docker_multihost,79.0,1878.0,0.04206602768903089,0.004931926727294922,6,6,16018.080634245383,0,0,0
0,mh_exfil_multi_03_benign_1501,real,exfil_multi_03,,generator_ground_truth,docker_multihost,79.0,881.0,0.08967082860385925,0.004256010055541992,6,6,18561.986219259426,0,0,0
0,mh_exfil_multi_03_benign_1502,real,exfil_multi_03,,generator_ground_truth,docker_multihost,79.0,1839.0,0.042958129418162044,0.0054759979248046875,6,6,14426.594218042494,0,0,0
0,mh_exfil_multi_03_benign_1503,real,exfil_multi_03,,generator_ground_truth,docker_multihost,79.0,1405.0,0.056227758007117434,0.0016410350799560547,6,6,48140.34810402441,0,0,0
0,mh_exfil_multi_03_benign_1504,real,exfil_multi_03,,generator_ground_truth,docker_multihost,79.0,363.0,0.21763085399449036,0.0036962032318115234,6,6,21373.283622524672,0,0,0
0,mh_exfil_multi_03_benign_1505,real,exfil_multi_03,,generator_ground_truth,docker_multihost,79.0,1908.0,0.04140461215932914,0.0018930435180664062,7,6,41731.74005037783,0,0,0
0,mh_exfil_multi_03_benign_1506,real,exfil_multi_03,,generator_ground_truth,docker_multihost,79.0,550.0,0.14363636363636365,0.0034170150756835938,6,6,23119.59363661736,0,0,0
0,mh_exfil_multi_03_benign_1507,real,exfil_multi_03,,generator_ground_truth,docker_multihost,79.0,848.0,0.09316037735849056,0.0012309551239013672,6,6,64177.80670153012,0,0,0
0,mh_exfil_multi_03_benign_1508,real,exfil_multi_03,,generator_ground_truth,docker_multihost,79.0,2058.0,0.038386783284742466,0.0027570724487304688,6,6,28653.581459702524,0,0,0
0,mh_exfil_multi_03_benign_1509,real,exfil_multi_03,,generator_ground_truth,docker_multihost,79.0,548.0,0.14416058394160583,0.0012249946594238281,6,6,64490.07707279097,0,0,0
0,mh_exfil_multi_03_benign_1510,real,exfil_multi_03,,generator_ground_truth,docker_multihost,79.0,536.0,0.14738805970149255,0.0025839805603027344,7,5,30572.985421664514,0,0,0
0,mh_exfil_multi_03_benign_1511,real,exfil_multi_03,,generator_ground_truth,docker_multihost,79.0,1873.0,0.04217832354511479,0.0019009113311767578,6,6,41559.0136711401,0,0,0
0,mh_exfil_multi_03_benign_1512,real,exfil_multi_03,,generator_ground_truth,docker_multihost,79.0,1830.0,0.04316939890710383,0.002362966537475586,6,6,33432.551306629,0,0,0
0,mh_exfil_multi_03_benign_1513,real,exfil_multi_03,,generator_ground_truth,docker_multihost,79.0,469.0,0.16844349680170576,0.002151012420654297,6,6,36726.89159831523,0,0,0
0,mh_exfil_multi_03_benign_1514,real,exfil_multi_03,,generator_ground_truth,docker_multihost,79.0,483.0,0.16356107660455488,0.0007250308990478516,6,6,108960.87339690891,0,0,0
0,mh_exfil_multi_03_benign_1515,real,exfil_multi_03,,generator_ground_truth,docker_multihost,79.0,656.0,0.12042682926829268,0.0007758140563964844,6,6,101828.52366318378,0,0,0
0,mh_exfil_multi_03_benign_1516,real,exfil_multi_03,,generator_ground_truth,docker_multihost,79.0,1837.0,0.04300489929232444,0.0014069080352783203,6,6,56151.50245721064,0,0,0
0,mh_exfil_multi_03_benign_1517,real,exfil_multi_03,,generator_ground_truth,docker_multihost,79.0,325.0,0.24307692307692308,0.0012547969818115234,6,6,62958.391791753755,0,0,0
0,mh_exfil_multi_03_benign_1518,real,exfil_multi_03,,generator_ground_truth,docker_multihost,79.0,1276.0,0.06191222570532915,0.0010619163513183594,6,6,74393.80691513246,0,0,0
0,mh_exfil_multi_03_benign_1519,real,exfil_multi_03,,generator_ground_truth,docker_multihost,79.0,1634.0,0.04834761321909425,0.0009889602661132812,6,6,79881.87463837994,0,0,0
0,mh_exfil_multi_03_benign_1520,real,exfil_multi_03,,generator_ground_truth,docker_multihost,79.0,1300.0,0.06076923076923077,0.0008649826049804688,6,6,91331.31642778391,0,0,0
0,mh_exfil_multi_03_benign_1521,real,exfil_multi_03,,generator_ground_truth,docker_multihost,79.0,1281.0,0.06167056986729118,0.0009009838104248047,6,6,87681.93066948929,0,0,0
0,mh_exfil_multi_03_benign_1522,real,exfil_multi_03,,generator_ground_truth,docker_multihost,79.0,1311.0,0.060259344012204424,0.001216888427734375,6,6,64919.67398119122,0,0,0
0,mh_exfil_multi_03_benign_1523,real,exfil_multi_03,,generator_ground_truth,docker_multihost,79.0,2024.0,0.03903162055335968,0.0026159286499023438,7,5,30199.600437477216,0,0,0
0,mh_exfil_multi_03_benign_1524,real,exfil_multi_03,,generator_ground_truth,docker_multihost,79.0,377.0,0.20954907161803712,0.0018758773803710938,6,6,42113.62684290798,0,0,0
0,mh_exfil_multi_03_benign_1525,real,exfil_multi_03,,generator_ground_truth,docker_multihost,79.0,1763.0,0.04480998298355077,0.0011129379272460938,6,6,70983.29391602399,0,0,0
0,mh_exfil_multi_03_benign_1526,real,exfil_multi_03,,generator_ground_truth,docker_multihost,79.0,1749.0,0.04516866781017725,0.0029370784759521484,7,5,26897.476743242147,0,0,0
0,mh_exfil_multi_03_benign_1527,real,exfil_multi_03,,generator_ground_truth,docker_multihost,79.0,1088.0,0.07261029411764706,0.0016138553619384766,6,6,48951.102969419415,0,0,0
0,mh_exfil_multi_03_benign_1528,real,exfil_multi_03,,generator_ground_truth,docker_multihost,79.0,698.0,0.11318051575931232,0.001363992691040039,6,6,57918.19891627338,0,0,0
0,mh_exfil_multi_03_benign_1529,real,exfil_multi_03,,generator_ground_truth,docker_multihost,79.0,1354.0,0.058345642540620385,0.0007030963897705078,6,6,112360.12750084774,0,0,0
0,mh_exfil_multi_03_benign_1530,real,exfil_multi_03,,generator_ground_truth,docker_multihost,79.0,805.0,0.09813664596273292,0.0009379386901855469,7,6,84227.25368581596,0,0,0
0,mh_exfil_multi_03_benign_1531,real,exfil_multi_03,,generator_ground_truth,docker_multihost,79.0,1582.0,0.04993678887484197,0.0023598670959472656,6,6,33476.46150737523,0,0,0
0,mh_exfil_multi_03_benign_1532,real,exfil_multi_03,,generator_ground_truth,docker_multihost,79.0,501.0,0.15768463073852296,0.0070209503173828125,6,6,11252.038033143168,0,0,0
0,mh_exfil_multi_03_benign_1533,real,exfil_multi_03,,generator_ground_truth,docker_multihost,79.0,717.0,0.1101813110181311,0.0065898895263671875,6,6,11988.061360347323,0,0,0
0,mh_exfil_multi_03_benign_1534,real,exfil_multi_03,,generator_ground_truth,docker_multihost,79.0,1398.0,0.056509298998569386,0.006440162658691406,7,5,12266.770916629646,0,0,0
0,mh_exfil_multi_03_benign_1535,real,exfil_multi_03,,generator_ground_truth,docker_multihost,79.0,1703.0,0.04638872577803876,0.002146005630493164,6,6,36812.57815798245,0,0,0
0,mh_exfil_multi_03_benign_1536,real,exfil_multi_03,,generator_ground_truth,docker_multihost,79.0,1279.0,0.0617670054730258,0.003841876983642578,6,6,20562.865582723098,0,0,0
0,mh_exfil_multi_03_benign_1537,real,exfil_multi_03,,generator_ground_truth,docker_multihost,79.0,1646.0,0.0479951397326853,0.00518488883972168,7,5,15236.585092196625,0,0,0
0,mh_exfil_multi_03_benign_1538,real,exfil_multi_03,,generator_ground_truth,docker_multihost,79.0,1913.0,0.041296393099843176,0.0027801990509033203,6,6,28415.231626790155,0,0,0
0,mh_exfil_multi_03_benign_1539,real,exfil_multi_03,,generator_ground_truth,docker_multihost,79.0,476.0,0.16596638655462184,0.0031709671020507812,6,6,24913.535037593985,0,0,0
0,mh_exfil_multi_03_benign_1540,real,exfil_multi_03,,generator_ground_truth,docker_multihost,79.0,1463.0,0.053998632946001365,0.0023529529571533203,6,6,33574.831897861994,0,0,0
0,mh_exfil_multi_03_benign_1541,real,exfil_multi_03,,generator_ground_truth,docker_multihost,79.0,1445.0,0.05467128027681661,0.0009038448333740234,6,6,87404.38301239778,0,0,0
0,mh_exfil_multi_03_benign_1542,real,exfil_multi_03,,generator_ground_truth,docker_multihost,79.0,594.0,0.132996632996633,0.00257110595703125,7,5,30726.07715133531,0,0,0
0,mh_exfil_multi_03_benign_1543,real,exfil_multi_03,,generator_ground_truth,docker_multihost,79.0,1892.0,0.04175475687103594,0.0030210018157958984,6,6,26150.265645963224,0,0,0
0,mh_exfil_multi_03_benign_1544,real,exfil_multi_03,,generator_ground_truth,docker_multihost,79.0,347.0,0.2276657060518732,0.0012631416320800781,7,6,62542.47187617969,0,0,0
0,mh_exfil_multi_03_benign_1545,real,exfil_multi_03,,generator_ground_truth,docker_multihost,79.0,1098.0,0.07194899817850638,0.0014870166778564453,6,6,53126.505691839026,0,0,0
0,mh_exfil_multi_03_benign_1546,real,exfil_multi_03,,generator_ground_truth,docker_multihost,79.0,1931.0,0.04091144484722942,0.0008587837219238281,6,6,91990.56524153249,0,0,0
0,mh_exfil_multi_03_benign_1547,real,exfil_multi_03,,generator_ground_truth,docker_multihost,79.0,1027.0,0.07692307692307693,0.0013298988342285156,6,6,59403.014700609536,0,0,0
0,mh_exfil_multi_03_benign_1548,real,exfil_multi_03,,generator_ground_truth,docker_multihost,79.0,1432.0,0.055167597765363126,0.0026581287384033203,7,5,29720.1557090322,0,0,0
0,mh_exfil_multi_03_benign_1549,real,exfil_multi_03,,generator_ground_truth,docker_multihost,79.0,1937.0,0.04078471863706763,0.0015501976013183594,6,6,50961.24515533682,0,0,0
0,mh_exfil_multi_03_benign_1550,real,exfil_multi_03,,generator_ground_truth,docker_multihost,79.0,1039.0,0.07603464870067372,0.0019659996032714844,7,5,40183.1210283774,0,0,0
0,mh_exfil_multi_03_benign_1551,real,exfil_multi_03,,generator_ground_truth,docker_multihost,79.0,776.0,0.1018041237113402,0.0015070438385009766,6,6,52420.50561619997,0,0,0
0,mh_exfil_multi_03_benign_1552,real,exfil_multi_03,,generator_ground_truth,docker_multihost,79.0,983.0,0.08036622583926754,0.0019481182098388672,6,6,40551.953983600535,0,0,0
0,mh_exfil_multi_03_benign_1553,real,exfil_multi_03,,generator_ground_truth,docker_multihost,79.0,488.0,0.16188524590163936,0.0009558200836181641,6,6,82651.53803941133,0,0,0
0,mh_exfil_multi_03_benign_1554,real,exfil_multi_03,,generator_ground_truth,docker_multihost,79.0,1782.0,0.044332210998877665,0.0009140968322753906,6,6,86424.1043296818,0,0,0
0,mh_exfil_multi_03_benign_1555,real,exfil_multi_03,,generator_ground_truth,docker_multihost,79.0,411.0,0.1922141119221411,0.003467082977294922,7,6,22785.725209737313,0,0,0
0,mh_exfil_multi_03_benign_1556,real,exfil_multi_03,,generator_ground_truth,docker_multihost,79.0,1616.0,0.04888613861386139,0.004291057586669922,7,5,18410.379819979997,0,0,0
0,mh_exfil_multi_03_benign_1557,real,exfil_multi_03,,generator_ground_truth,docker_multihost,79.0,1084.0,0.07287822878228782,0.005162954330444336,6,6,15301.316832140383,0,0,0
0,mh_exfil_multi_03_benign_1558,real,exfil_multi_03,,generator_ground_truth,docker_multihost,79.0,678.0,0.11651917404129794,0.003192901611328125,6,6,24742.384707287933,0,0,0
0,mh_exfil_multi_03_benign_1559,real,exfil_multi_03,,generator_ground_truth,docker_multihost,79.0,1553.0,0.050869285254346426,0.0008959770202636719,6,6,88171.90420436402,0,0,0
0,mh_exfil_multi_03_benign_1560,real,exfil_multi_03,,generator_ground_truth,docker_multihost,79.0,1428.0,0.055322128851540614,0.0009090900421142578,6,6,86900.08287437713,0,0,0
0,mh_exfil_multi_03_benign_1561,real,exfil_multi_03,,generator_ground_truth,docker_multihost,79.0,1756.0,0.044988610478359906,0.0011911392211914062,6,6,66323.06164931945,0,0,0
0,mh_exfil_multi_03_benign_1562,real,exfil_multi_03,,generator_ground_truth,docker_multihost,79.0,884.0,0.08936651583710407,0.0007510185241699219,6,6,105190.48126984127,0,0,0
0,mh_exfil_multi_03_benign_1563,real,exfil_multi_03,,generator_ground_truth,docker_multihost,79.0,858.0,0.09207459207459208,0.001817941665649414,6,6,43455.73980327869,0,0,0
0,mh_exfil_multi_03_benign_1564,real,exfil_multi_03,,generator_ground_truth,docker_multihost,79.0,1042.0,0.07581573896353166,0.0018389225006103516,6,6,42959.939841825486,0,0,0
0,mh_exfil_multi_03_benign_1565,real,exfil_multi_03,,generator_ground_truth,docker_multihost,79.0,1963.0,0.040244523688232295,0.0014510154724121094,6,6,54444.62964180086,0,0,0
0,mh_exfil_multi_03_benign_1566,real,exfil_multi_03,,generator_ground_truth,docker_multihost,79.0,2054.0,0.038461538461538464,0.0013189315795898438,6,6,59896.96601590745,0,0,0
0,mh_exfil_multi_03_benign_1567,real,exfil_multi_03,,generator_ground_truth,docker_multihost,79.0,1246.0,0.06340288924558588,0.0020949840545654297,7,5,37709.11756003187,0,0,0
0,mh_exfil_multi_03_benign_1568,real,exfil_multi_03,,generator_ground_truth,docker_multihost,79.0,1062.0,0.0743879472693032,0.003849029541015625,7,5,20524.654112983153,0,0,0
0,mh_exfil_multi_03_benign_1569,real,exfil_multi_03,,generator_ground_truth,docker_multihost,79.0,1037.0,0.07618129218900675,0.0032219886779785156,7,6,24519.018499334023,0,0,0
0,mh_exfil_multi_03_benign_1570,real,exfil_multi_03,,generator_ground_truth,docker_multihost,79.0,514.0,0.15369649805447472,0.0014040470123291016,6,6,56265.9222278825,0,0,0
0,mh_exfil_multi_03_benign_1571,real,exfil_multi_03,,generator_ground_truth,docker_multihost,79.0,525.0,0.15047619047619049,0.005710124969482422,6,6,13835.073736951983,0,0,0
0,mh_exfil_multi_03_benign_1572,real,exfil_multi_03,,generator_ground_truth,docker_multihost,79.0,1877.0,0.04208843899840171,0.003989219665527344,7,5,19803.371742768348,0,0,0
0,mh_exfil_multi_03_benign_1573,real,exfil_multi_03,,generator_ground_truth,docker_multihost,79.0,1422.0,0.05555555555555555,0.001165151596069336,6,6,67802.33599345201,0,0,0
0,mh_exfil_multi_03_benign_1574,real,exfil_multi_03,,generator_ground_truth,docker_multihost,79.0,1022.0,0.07729941291585127,0.001680135726928711,6,6,47020.010784731094,0,0,0
0,mh_exfil_multi_03_benign_1575,real,exfil_multi_03,,generator_ground_truth,docker_multihost,79.0,1459.0,0.05414667580534613,0.0009908676147460938,6,6,79728.10779595765,0,0,0
0,mh_exfil_multi_03_benign_1576,real,exfil_multi_03,,generator_ground_truth,docker_multihost,79.0,566.0,0.13957597173144876,0.0009870529174804688,6,6,80036.23574879227,0,0,0
0,mh_exfil_multi_03_benign_1577,real,exfil_multi_03,,generator_ground_truth,docker_multihost,79.0,336.0,0.23511904761904762,0.0030241012573242188,7,5,26123.463891516873,0,0,0
0,mh_exfil_multi_03_benign_1578,real,exfil_multi_03,,generator_ground_truth,docker_multihost,79.0,494.0,0.15991902834008098,0.002334117889404297,7,5,33845.762614913176,0,0,0
0,mh_exfil_multi_03_benign_1579,real,exfil_multi_03,,generator_ground_truth,docker_multihost,79.0,835.0,0.09461077844311377,0.0030710697174072266,6,6,25723.935719276455,0,0,0
0,mh_exfil_multi_03_benign_1580,real,exfil_multi_03,,generator_ground_truth,docker_multihost,79.0,1725.0,0.04579710144927536,0.002615213394165039,7,5,30207.859969003555,0,0,0
0,mh_exfil_multi_03_benign_1581,real,exfil_multi_03,,generator_ground_truth,docker_multihost,79.0,1148.0,0.06881533101045297,0.005010128021240234,7,5,15768.060150375939,0,0,0
0,mh_exfil_multi_03_benign_1582,real,exfil_multi_03,,generator_ground_truth,docker_multihost,79.0,488.0,0.16188524590163936,0.0015358924865722656,6,6,51435.89195901894,0,0,0
0,mh_exfil_multi_03_benign_1583,real,exfil_multi_03,,generator_ground_truth,docker_multihost,79.0,2077.0,0.03803562831006259,0.002897024154663086,7,6,27269.361863221133,0,0,0
0,mh_exfil_multi_03_benign_1584,real,exfil_multi_03,,generator_ground_truth,docker_multihost,79.0,2021.0,0.03908955962394854,0.0019519329071044922,7,5,40472.70257725663,0,0,0
0,mh_exfil_multi_03_benign_1585,real,exfil_multi_03,,generator_ground_truth,docker_multihost,79.0,811.0,0.09741060419235512,0.001374959945678711,6,6,57456.21917808219,0,0,0
0,mh_exfil_multi_03_benign_1586,real,exfil_multi_03,,generator_ground_truth,docker_multihost,79.0,835.0,0.09461077844311377,0.0010879039764404297,6,6,72616.70304624151,0,0,0
0,mh_exfil_multi_03_benign_1587,real,exfil_multi_03,,generator_ground_truth,docker_multihost,79.0,1145.0,0.06899563318777292,0.0032830238342285156,6,6,24063.18198983297,0,0,0
0,mh_exfil_multi_03_benign_1588,real,exfil_multi_03,,generator_ground_truth,docker_multihost,79.0,481.0,0.16424116424116425,0.0014760494232177734,6,6,53521.24309481506,0,0,0
0,mh_exfil_multi_03_benign_1589,real,exfil_multi_03,,generator_ground_truth,docker_multihost,79.0,635.0,0.12440944881889764,0.0030829906463623047,6,6,25624.469569252185,0,0,0
0,mh_exfil_multi_03_benign_1590,real,exfil_multi_03,,generator_ground_truth,docker_multihost,79.0,1469.0,0.053778080326752895,0.001077890396118164,6,6,73291.31077195311,0,0,0
0,mh_exfil_multi_03_benign_1591,real,exfil_multi_03,,generator_ground_truth,docker_multihost,79.0,1738.0,0.045454545454545456,0.0011799335479736328,7,5,66952.92301475046,0,0,0
0,mh_exfil_multi_03_benign_1592,real,exfil_multi_03,,generator_ground_truth,docker_multihost,79.0,919.0,0.08596300326441784,0.0025489330291748047,6,6,30993.360396595268,0,0,0
0,mh_exfil_multi_03_benign_1593,real,exfil_multi_03,,generator_ground_truth,docker_multihost,79.0,679.0,0.11634756995581738,0.005394935607910156,6,6,14643.362913204879,0,0,0
0,mh_exfil_multi_03_benign_1594,real,exfil_multi_03,,generator_ground_truth,docker_multihost,79.0,1268.0,0.062302839116719244,0.006883144378662109,6,6,11477.312642881885,0,0,0
0,mh_exfil_multi_03_benign_1595,real,exfil_multi_03,,generator_ground_truth,docker_multihost,79.0,1863.0,0.042404723564143855,0.003720998764038086,6,6,21230.858973537514,0,0,0
0,mh_exfil_multi_03_benign_1596,real,exfil_multi_03,,generator_ground_truth,docker_multihost,79.0,1647.0,0.04796599878567092,0.007849931716918945,6,6,10063.781807137433,0,0,0
0,mh_exfil_multi_03_benign_1597,real,exfil_multi_03,,generator_ground_truth,docker_multihost,79.0,1615.0,0.04891640866873065,0.0062220096588134766,6,6,12696.862321339617,0,0,0
0,mh_exfil_multi_03_benign_1598,real,exfil_multi_03,,generator_ground_truth,docker_multihost,79.0,1050.0,0.07523809523809524,0.0038690567016601562,7,5,20418.413606112892,0,0,0
0,mh_exfil_multi_03_benign_1599,real,exfil_multi_03,,generator_ground_truth,docker_multihost,79.0,545.0,0.14495412844036698,0.0039861202239990234,6,6,19818.77002213051,0,0,0
0,mh_exfil_multi_03_benign_1600,real,exfil_multi_03,,generator_ground_truth,docker_multihost,79.0,1503.0,0.05256154357950765,0.0036499500274658203,6,6,21644.13194852701,0,0,0
0,mh_exfil_multi_03_benign_1601,real,exfil_multi_03,,generator_ground_truth,docker_multihost,79.0,1699.0,0.04649793996468511,0.0044209957122802734,6,6,17869.277678908482,0,0,0
0,mh_exfil_multi_03_benign_1602,real,exfil_multi_03,,generator_ground_truth,docker_multihost,79.0,1705.0,0.04633431085043988,0.0025620460510253906,6,6,30834.730690489483,0,0,0
0,mh_exfil_multi_03_benign_1603,real,exfil_multi_03,,generator_ground_truth,docker_multihost,79.0,921.0,0.08577633007600434,0.0028498172760009766,7,5,27721.075545888063,0,0,0
0,mh_exfil_multi_03_benign_1604,real,exfil_multi_03,,generator_ground_truth,docker_multihost,79.0,1466.0,0.0538881309686221,0.0013518333435058594,6,6,58439.15626102293,0,0,0
0,mh_exfil_multi_03_benign_1605,real,exfil_multi_03,,generator_ground_truth,docker_multihost,79.0,1286.0,0.061430793157076204,0.0032401084899902344,6,6,24381.899632082415,0,0,0
0,mh_exfil_multi_03_benign_1606,real,exfil_multi_03,,generator_ground_truth,docker_multihost,79.0,1705.0,0.04633431085043988,0.002880096435546875,6,6,27429.637086092716,0,0,0
0,mh_exfil_multi_03_benign_1607,real,exfil_multi_03,,generator_ground_truth,docker_multihost,79.0,391.0,0.2020460358056266,0.006382942199707031,6,6,12376.73748692664,0,0,0
0,mh_exfil_multi_03_benign_1608,real,exfil_multi_03,,generator_ground_truth,docker_multihost,79.0,1793.0,0.044060234244283326,0.0033240318298339844,6,6,23766.31874910343,0,0,0
0,mh_exfil_multi_03_benign_1609,real,exfil_multi_03,,generator_ground_truth,docker_multihost,79.0,1292.0,0.06114551083591331,0.004527091979980469,7,5,17450.495892142404,0,0,0
0,mh_exfil_multi_03_benign_1610,real,exfil_multi_03,,generator_ground_truth,docker_multihost,79.0,838.0,0.09427207637231504,0.0037059783935546875,7,5,21316.907874421,0,0,0
0,mh_exfil_multi_03_benign_1611,real,exfil_multi_03,,generator_ground_truth,docker_multihost,79.0,713.0,0.11079943899018233,0.0017271041870117188,6,6,45741.305356156816,0,0,0
0,mh_exfil_multi_03_benign_1612,real,exfil_multi_03,,generator_ground_truth,docker_multihost,79.0,1025.0,0.07707317073170732,0.002393007278442383,7,6,33012.85404005181,0,0,0
0,mh_exfil_multi_03_benign_1613,real,exfil_multi_03,,generator_ground_truth,docker_multihost,79.0,417.0,0.18944844124700239,0.0020830631256103516,6,6,37924.91885086414,0,0,0
0,mh_exfil_multi_03_benign_1614,real,exfil_multi_03,,generator_ground_truth,docker_multihost,79.0,1970.0,0.04010152284263959,0.0019249916076660156,6,6,41039.13995541244,0,0,0
0,mh_exfil_multi_03_benign_1615,real,exfil_multi_03,,generator_ground_truth,docker_multihost,79.0,1676.0,0.04713603818615752,0.0016009807586669922,7,5,49344.75294117647,0,0,0
0,mh_exfil_multi_03_benign_1616,real,exfil_multi_03,,generator_ground_truth,docker_multihost,79.0,1704.0,0.04636150234741784,0.0018169879913330078,6,6,43478.54822201811,0,0,0
0,mh_exfil_multi_03_benign_1617,real,exfil_multi_03,,generator_ground_truth,docker_multihost,79.0,1106.0,0.07142857142857142,0.0036230087280273438,6,6,21805.081337194,0,0,0
0,mh_exfil_multi_03_benign_1618,real,exfil_multi_03,,generator_ground_truth,docker_multihost,79.0,2030.0,0.03891625615763547,0.0007328987121582031,7,5,107791.15679895901,0,0,0
0,mh_exfil_multi_03_benign_1619,real,exfil_multi_03,,generator_ground_truth,docker_multihost,79.0,1837.0,0.04300489929232444,0.0018761157989501953,6,6,42108.27500317703,0,0,0
0,mh_exfil_multi_03_benign_1620,real,exfil_multi_03,,generator_ground_truth,docker_multihost,79.0,770.0,0.1025974025974026,0.0014438629150390625,6,6,54714.335535006605,0,0,0
0,mh_exfil_multi_03_benign_1621,real,exfil_multi_03,,generator_ground_truth,docker_multihost,79.0,416.0,0.18990384615384615,0.004073143005371094,6,6,19395.34160618122,0,0,0
0,mh_exfil_multi_03_benign_1622,real,exfil_multi_03,,generator_ground_truth,docker_multihost,79.0,1992.0,0.03965863453815261,0.006865024566650391,6,6,11507.606306869488,0,0,0
0,mh_exfil_multi_03_benign_1623,real,exfil_multi_03,,generator_ground_truth,docker_multihost,79.0,1136.0,0.06954225352112677,0.009807109832763672,6,6,8055.3803666067,0,0,0
0,mh_exfil_multi_03_benign_1624,real,exfil_multi_03,,generator_ground_truth,docker_multihost,79.0,1312.0,0.06021341463414634,0.010143041610717773,6,6,7788.590743483064,0,0,0
0,mh_exfil_multi_03_benign_1625,real,exfil_multi_03,,generator_ground_truth,docker_multihost,79.0,641.0,0.12324492979719189,0.009327888488769531,7,5,8469.226459462223,0,0,0
0,mh_exfil_multi_03_benign_1626,real,exfil_multi_03,,generator_ground_truth,docker_multihost,79.0,1608.0,0.049129353233830844,0.003095865249633789,6,6,25517.906507508666,0,0,0
0,mh_exfil_multi_03_benign_1627,real,exfil_multi_03,,generator_ground_truth,docker_multihost,79.0,1311.0,0.060259344012204424,0.0068111419677734375,6,6,11598.642397087651,0,0,0
0,mh_exfil_multi_03_benign_1628,real,exfil_multi_03,,generator_ground_truth,docker_multihost,79.0,701.0,0.11269614835948645,0.00690007209777832,7,5,11449.155730624374,0,0,0
0,mh_exfil_multi_03_benign_1629,real,exfil_multi_03,,generator_ground_truth,docker_multihost,79.0,553.0,0.14285714285714285,0.0013208389282226562,7,5,59810.472202166064,0,0,0
0,mh_exfil_multi_03_benign_1630,real,exfil_multi_03,,generator_ground_truth,docker_multihost,79.0,353.0,0.2237960339943343,0.00403904914855957,7,5,19559.05885130748,0,0,0
0,mh_exfil_multi_03_benign_1631,real,exfil_multi_03,,generator_ground_truth,docker_multihost,79.0,770.0,0.1025974025974026,0.0027358531951904297,6,6,28875.818387799565,0,0,0
0,mh_exfil_multi_03_benign_1632,real,exfil_multi_03,,generator_ground_truth,docker_multihost,79.0,1000.0,0.079,0.0009789466857910156,6,6,80698.98100340964,0,0,0
0,mh_exfil_multi_03_benign_1633,real,exfil_multi_03,,generator_ground_truth,docker_multihost,79.0,1600.0,0.049375,0.0027577877044677734,6,6,28646.149909224518,0,0,0
0,mh_exfil_multi_03_benign_1634,real,exfil_multi_03,,generator_ground_truth,docker_multihost,79.0,461.0,0.17136659436008678,0.005969047546386719,6,6,13234.942323054802,0,0,0
0,mh_exfil_multi_03_benign_1635,real,exfil_multi_03,,generator_ground_truth,docker_multihost,79.0,433.0,0.18244803695150116,0.007302999496459961,7,5,10817.47301753126,0,0,0
0,mh_exfil_multi_03_benign_1636,real,exfil_multi_03,,generator_ground_truth,docker_multihost,79.0,1733.0,0.04558568955568378,0.0064029693603515625,6,6,12338.02561811141,0,0,0
0,mh_exfil_multi_03_benign_1637,real,exfil_multi_03,,generator_ground_truth,docker_multihost,79.0,753.0,0.1049136786188579,0.005338907241821289,6,6,14797.035502165856,0,0,0
0,mh_exfil_multi_03_benign_1638,real,exfil_multi_03,,generator_ground_truth,docker_multihost,79.0,878.0,0.08997722095671981,0.0030210018157958984,6,6,26150.265645963224,0,0,0
0,mh_exfil_multi_03_benign_1639,real,exfil_multi_03,,generator_ground_truth,docker_multihost,79.0,1408.0,0.056107954545454544,0.003988027572631836,6,6,19809.291325402046,0,0,0
0,mh_exfil_multi_03_benign_1640,real,exfil_multi_03,,generator_ground_truth,docker_multihost,79.0,617.0,0.1280388978930308,0.003412008285522461,6,6,23153.5193906785,0,0,0
0,mh_exfil_multi_03_benign_1641,real,exfil_multi_03,,generator_ground_truth,docker_multihost,79.0,1854.0,0.04261057173678533,0.003192901611328125,6,6,24742.384707287933,0,0,0
0,mh_exfil_multi_03_benign_1642,real,exfil_multi_03,,generator_ground_truth,docker_multihost,79.0,747.0,0.10575635876840696,0.006843090057373047,7,5,11544.492230506585,0,0,0
0,mh_exfil_multi_03_benign_1643,real,exfil_multi_03,,generator_ground_truth,docker_multihost,79.0,1146.0,0.06893542757417102,0.006292104721069336,6,6,12555.417225569323,0,0,0
0,mh_exfil_multi_03_benign_1644,real,exfil_multi_03,,generator_ground_truth,docker_multihost,79.0,1998.0,0.03953953953953954,0.002048015594482422,6,6,38573.92502910361,0,0,0
0,mh_exfil_multi_03_benign_1645,real,exfil_multi_03,,generator_ground_truth,docker_multihost,79.0,2005.0,0.03940149625935162,0.004498004913330078,6,6,17563.342308915508,0,0,0
0,mh_exfil_multi_03_benign_1646,real,exfil_multi_03,,generator_ground_truth,docker_multihost,79.0,1320.0,0.059848484848484845,0.00765681266784668,6,6,10317.60909232446,0,0,0
0,mh_exfil_multi_03_benign_1647,real,exfil_multi_03,,generator_ground_truth,docker_multihost,79.0,2005.0,0.03940149625935162,0.008479118347167969,6,6,9317.006410977392,0,0,0
0,mh_exfil_multi_03_benign_1648,real,exfil_multi_03,,generator_ground_truth,docker_multihost,79.0,1720.0,0.045930232558139536,0.008224964141845703,6,6,9604.905095947592,0,0,0
0,mh_exfil_multi_03_benign_1649,real,exfil_multi_03,,generator_ground_truth,docker_multihost,79.0,2051.0,0.03851779619697709,0.0036630630493164062,6,6,21566.65035147097,0,0,0
0,mh_exfil_multi_03_benign_1650,real,exfil_multi_03,,generator_ground_truth,docker_multihost,79.0,1189.0,0.06644238856181665,0.004455089569091797,6,6,17732.527881836668,0,0,0
0,mh_exfil_multi_03_benign_1651,real,exfil_multi_03,,generator_ground_truth,docker_multihost,79.0,892.0,0.08856502242152467,0.0057909488677978516,7,5,13641.978508789987,0,0,0
0,mh_exfil_multi_03_benign_1652,real,exfil_multi_03,,generator_ground_truth,docker_multihost,79.0,400.0,0.1975,0.005939006805419922,6,6,13301.887434765154,0,0,0
0,mh_exfil_multi_03_benign_1653,real,exfil_multi_03,,generator_ground_truth,docker_multihost,79.0,476.0,0.16596638655462184,0.0007340908050537109,6,6,107616.11432283209,0,0,0
0,mh_exfil_multi_03_benign_1654,real,exfil_multi_03,,generator_ground_truth,docker_multihost,79.0,395.0,0.2,0.006912946701049805,6,6,11427.832936713226,0,0,0
0,mh_exfil_multi_03_benign_1655,real,exfil_multi_03,,generator_ground_truth,docker_multihost,79.0,381.0,0.2073490813648294,0.002023935317993164,6,6,39032.867946754624,0,0,0
0,mh_exfil_multi_03_benign_1656,real,exfil_multi_03,,generator_ground_truth,docker_multihost,79.0,904.0,0.08738938053097345,0.001744985580444336,6,6,45272.58040715945,0,0,0
0,mh_exfil_multi_03_benign_1657,real,exfil_multi_03,,generator_ground_truth,docker_multihost,79.0,1413.0,0.055909412597310686,0.003403902053833008,6,6,23208.65840162499,0,0,0
0,mh_exfil_multi_03_benign_1658,real,exfil_multi_03,,generator_ground_truth,docker_multihost,79.0,1630.0,0.048466257668711654,0.014580011367797852,6,6,5418.377119683417,0,0,0
0,mh_exfil_multi_03_benign_1659,real,exfil_multi_03,,generator_ground_truth,docker_multihost,79.0,1265.0,0.062450592885375494,0.004667997360229492,6,6,16923.74564584504,0,0,0
0,mh_exfil_multi_03_benign_1660,real,exfil_multi_03,,generator_ground_truth,docker_multihost,79.0,2015.0,0.039205955334987594,0.003047943115234375,7,5,25919.118898623277,0,0,0
0,mh_exfil_multi_03_benign_1661,real,exfil_multi_03,,generator_ground_truth,docker_multihost,79.0,570.0,0.13859649122807016,0.0015490055084228516,6,6,51000.46421425273,0,0,0
0,mh_exfil_multi_03_benign_1662,real,exfil_multi_03,,generator_ground_truth,docker_multihost,79.0,1456.0,0.05425824175824176,0.0029878616333007812,6,6,26440.31407596553,0,0,0
0,mh_exfil_multi_03_benign_1663,real,exfil_multi_03,,generator_ground_truth,docker_multihost,79.0,2109.0,0.03745851114272167,0.00115203857421875,6,6,68574.09271523179,0,0,0
0,mh_exfil_multi_03_benign_1664,real,exfil_multi_03,,generator_ground_truth,docker_multihost,79.0,1989.0,0.03971845148315736,0.0018160343170166016,6,6,43501.38059603518,0,0,0
0,mh_exfil_multi_03_benign_1665,real,exfil_multi_03,,generator_ground_truth,docker_multihost,79.0,866.0,0.09122401847575058,0.0017631053924560547,6,6,44807.30439486139,0,0,0
0,mh_exfil_multi_03_benign_1666,real,exfil_multi_03,,generator_ground_truth,docker_multihost,79.0,517.0,0.1528046421663443,0.0008368492126464844,6,6,94401.71396011396,0,0,0
0,mh_exfil_multi_03_benign_1667,real,exfil_multi_03,,generator_ground_truth,docker_multihost,79.0,847.0,0.09327036599763873,0.0021979808807373047,7,5,35942.07788263369,0,0,0
0,mh_exfil_multi_03_benign_1668,real,exfil_multi_03,,generator_ground_truth,docker_multihost,79.0,1447.0,0.05459571527297857,0.0027551651000976562,6,6,28673.4177916234,0,0,0
0,mh_exfil_multi_03_benign_1669,real,exfil_multi_03,,generator_ground_truth,docker_multihost,79.0,1561.0,0.05060858424087124,0.0030679702758789062,6,6,25749.923531240285,0,0,0
0,mh_exfil_multi_03_benign_1670,real,exfil_multi_03,,generator_ground_truth,docker_multihost,79.0,1689.0,0.046773238602723505,0.004717826843261719,7,6,16744.99777643016,0,0,0
0,mh_exfil_multi_03_benign_1671,real,exfil_multi_03,,generator_ground_truth,docker_multihost,79.0,1013.0,0.07798617966436328,0.005733013153076172,6,6,13779.839307993014,0,0,0
0,mh_exfil_multi_03_benign_1672,real,exfil_multi_03,,generator_ground_truth,docker_multihost,79.0,1672.0,0.04724880382775119,0.006844997406005859,6,6,11541.275374433995,0,0,0
0,mh_exfil_multi_03_benign_1673,real,exfil_multi_03,,generator_ground_truth,docker_multihost,79.0,1887.0,0.041865394806571275,0.007425069808959961,6,6,10639.63060719905,0,0,0
0,mh_exfil_multi_03_benign_1674,real,exfil_multi_03,,generator_ground_truth,docker_multihost,79.0,1597.0,0.049467752035065746,0.005831003189086914,6,6,13548.269043627592,0,0,0
0,mh_exfil_multi_03_benign_1675,real,exfil_multi_03,,generator_ground_truth,docker_multihost,79.0,873.0,0.09049255441008018,0.006453990936279297,7,5,12240.488215736978,0,0,0
0,mh_exfil_multi_03_benign_1676,real,exfil_multi_03,,generator_ground_truth,docker_multihost,79.0,789.0,0.10012674271229405,0.004752159118652344,6,6,16624.02247641983,0,0,0
0,mh_exfil_multi_03_benign_1677,real,exfil_multi_03,,generator_ground_truth,docker_multihost,79.0,591.0,0.13367174280879865,0.00737309455871582,6,6,10714.632691996767,0,0,0
0,mh_exfil_multi_03_benign_1678,real,exfil_multi_03,,generator_ground_truth,docker_multihost,79.0,887.0,0.08906426155580609,0.008588075637817383,6,6,9198.80114377724,0,0,0
0,mh_exfil_multi_03_benign_1679,real,exfil_multi_03,,generator_ground_truth,docker_multihost,79.0,481.0,0.16424116424116425,0.009460926055908203,6,6,8350.133965021925,0,0,0
0,mh_exfil_multi_03_benign_1680,real,exfil_multi_03,,generator_ground_truth,docker_multihost,79.0,921.0,0.08577633007600434,0.010441064834594727,6,6,7566.278080971845,0,0,0
0,mh_exfil_multi_03_benign_1681,real,exfil_multi_03,,generator_ground_truth,docker_multihost,79.0,709.0,0.11142454160789844,0.00892782211303711,6,6,8848.742616033755,0,0,0
0,mh_exfil_multi_03_benign_1682,real,exfil_multi_03,,generator_ground_truth,docker_multihost,79.0,1358.0,0.05817378497790869,0.005351066589355469,6,6,14763.411869541971,0,0,0
0,mh_exfil_multi_03_benign_1683,real,exfil_multi_03,,generator_ground_truth,docker_multihost,79.0,909.0,0.08690869086908691,0.008459091186523438,6,6,9339.064712514093,0,0,0
0,mh_exfil_multi_03_benign_1684,real,exfil_multi_03,,generator_ground_truth,docker_multihost,79.0,395.0,0.2,0.006660938262939453,7,5,11860.19099434462,0,0,0
0,mh_exfil_multi_03_benign_1685,real,exfil_multi_03,,generator_ground_truth,docker_multihost,79.0,1622.0,0.04870530209617756,0.005132913589477539,6,6,15390.868874541316,0,0,0
0,mh_exfil_multi_03_benign_1686,real,exfil_multi_03,,generator_ground_truth,docker_multihost,79.0,2012.0,0.03926441351888668,0.005805015563964844,6,6,13608.921307704944,0,0,0
0,mh_exfil_multi_03_benign_1687,real,exfil_multi_03,,generator_ground_truth,docker_multihost,79.0,1751.0,0.04511707595659623,0.0039010047912597656,6,6,20251.192763720817,0,0,0
0,mh_exfil_multi_03_benign_1688,real,exfil_multi_03,,generator_ground_truth,docker_multihost,79.0,1260.0,0.0626984126984127,0.0070340633392333984,7,6,11231.061790326408,0,0,0
0,mh_exfil_multi_03_benign_1689,real,exfil_multi_03,,generator_ground_truth,docker_multihost,79.0,313.0,0.2523961661341853,0.006884098052978516,6,6,11475.722657061717,0,0,0
0,mh_exfil_multi_03_benign_1690,real,exfil_multi_03,,generator_ground_truth,docker_multihost,79.0,1871.0,0.042223409941207914,0.007400035858154297,6,6,10675.623944841807,0,0,0
0,mh_exfil_multi_03_benign_1691,real,exfil_multi_03,,generator_ground_truth,docker_multihost,79.0,2013.0,0.039244908097367116,0.003464221954345703,6,6,22804.543427391603,0,0,0
0,mh_exfil_multi_03_benign_1692,real,exfil_multi_03,,generator_ground_truth,docker_multihost,79.0,1656.0,0.04770531400966183,0.003509044647216797,6,6,22513.250169860035,0,0,0
0,mh_exfil_multi_03_benign_1693,real,exfil_multi_03,,generator_ground_truth,docker_multihost,79.0,928.0,0.08512931034482758,0.004603862762451172,7,5,17159.50367685137,0,0,0
0,mh_exfil_multi_03_benign_1694,real,exfil_multi_03,,generator_ground_truth,docker_multihost,79.0,744.0,0.10618279569892473,0.002902984619140625,7,5,27213.37187910644,0,0,0
0,mh_exfil_multi_03_benign_1695,real,exfil_multi_03,,generator_ground_truth,docker_multihost,79.0,370.0,0.21351351351351353,0.0022859573364257812,7,5,34558.82519816437,0,0,0
0,mh_exfil_multi_03_benign_1696,real,exfil_multi_03,,generator_ground_truth,docker_multihost,79.0,1961.0,0.04028556858745538,0.005261898040771484,7,5,15013.593837788854,0,0,0
0,mh_exfil_multi_03_benign_1697,real,exfil_multi_03,,generator_ground_truth,docker_multihost,79.0,720.0,0.10972222222222222,0.0024759769439697266,7,5,31906.597592681752,0,0,0
0,mh_exfil_multi_03_benign_1698,real,exfil_multi_03,,generator_ground_truth,docker_multihost,79.0,1584.0,0.049873737373737376,0.001149892807006836,6,6,68702.05598175409,0,0,0
0,mh_exfil_multi_03_benign_1699,real,exfil_multi_03,,generator_ground_truth,docker_multihost,79.0,1726.0,0.04577056778679027,0.0012319087982177734,6,6,64128.12386297658,0,0,0
0,mh_exfil_multi_03_benign_1700,real,exfil_multi_03,,generator_ground_truth,docker_multihost,79.0,1645.0,0.04802431610942249,0.0022840499877929688,7,5,34587.68434237996,0,0,0
0,mh_exfil_multi_03_benign_1701,real,exfil_multi_03,,generator_ground_truth,docker_multihost,79.0,1152.0,0.0685763888888889,0.0023360252380371094,6,6,33818.127781179835,0,0,0
0,mh_exfil_multi_03_benign_1702,real,exfil_multi_03,,generator_ground_truth,docker_multihost,79.0,1950.0,0.04051282051282051,0.00168609619140625,6,6,46853.79185520362,0,0,0
0,mh_exfil_multi_03_benign_1703,real,exfil_multi_03,,generator_ground_truth,docker_multihost,79.0,1261.0,0.0626486915146709,0.0018260478973388672,6,6,43262.830134482305,0,0,0
0,mh_exfil_multi_03_benign_1704,real,exfil_multi_03,,generator_ground_truth,docker_multihost,79.0,1158.0,0.06822107081174439,0.0010671615600585938,6,6,74028.15370866845,0,0,0
0,mh_exfil_multi_03_benign_1705,real,exfil_multi_03,,generator_ground_truth,docker_multihost,79.0,887.0,0.08906426155580609,0.0011289119720458984,6,6,69978.88405491025,0,0,0
0,mh_exfil_multi_03_benign_1706,real,exfil_multi_03,,generator_ground_truth,docker_multihost,79.0,846.0,0.0933806146572104,0.003098011016845703,6,6,25500.232107126365,0,0,0
0,mh_exfil_multi_03_benign_1707,real,exfil_multi_03,,generator_ground_truth,docker_multihost,79.0,640.0,0.1234375,0.0023260116577148438,7,6,33963.71627716277,0,0,0
0,mh_exfil_multi_03_benign_1708,real,exfil_multi_03,,generator_ground_truth,docker_multihost,79.0,1165.0,0.06781115879828326,0.002476930618286133,7,5,31894.312830878815,0,0,0
0,mh_exfil_multi_03_benign_1709,real,exfil_multi_03,,generator_ground_truth,docker_multihost,79.0,436.0,0.1811926605504587,0.0026268959045410156,6,6,30073.517516790707,0,0,0
0,mh_exfil_multi_03_benign_1710,real,exfil_multi_03,,generator_ground_truth,docker_multihost,79.0,709.0,0.11142454160789844,0.0015981197357177734,6,6,49433.09204833656,0,0,0
0,mh_exfil_multi_03_benign_1711,real,exfil_multi_03,,generator_ground_truth,docker_multihost,79.0,465.0,0.16989247311827957,0.0006089210510253906,6,6,129737.67267032106,0,0,0
0,mh_exfil_multi_03_benign_1712,real,exfil_multi_03,,generator_ground_truth,docker_multihost,79.0,450.0,0.17555555555555555,0.003045797348022461,7,5,25937.378943248532,0,0,0
0,mh_exfil_multi_03_benign_1713,real,exfil_multi_03,,generator_ground_truth,docker_multihost,79.0,2109.0,0.03745851114272167,0.0009829998016357422,7,5,80366.2420567548,0,0,0
0,mh_exfil_multi_03_benign_1714,real,exfil_multi_03,,generator_ground_truth,docker_multihost,79.0,1037.0,0.07618129218900675,0.0019600391387939453,6,6,40305.31760126505,0,0,0
0,mh_exfil_multi_03_benign_1715,real,exfil_multi_03,,generator_ground_truth,docker_multihost,79.0,1611.0,0.04903786468032278,0.002753019332885742,6,6,28695.76651944228,0,0,0
0,mh_exfil_multi_03_benign_1716,real,exfil_multi_03,,generator_ground_truth,docker_multihost,79.0,541.0,0.14602587800369685,0.0029480457305908203,6,6,26797.41334411646,0,0,0
0,mh_exfil_multi_03_benign_1717,real,exfil_multi_03,,generator_ground_truth,docker_multihost,79.0,1621.0,0.048735348550277606,0.0009789466857910156,6,6,80698.98100340964,0,0,0
0,mh_exfil_multi_03_benign_1718,real,exfil_multi_03,,generator_ground_truth,docker_multihost,79.0,1813.0,0.043574186431329286,0.0010800361633300781,6,6,73145.69889624724,0,0,0
0,mh_exfil_multi_03_benign_1719,real,exfil_multi_03,,generator_ground_truth,docker_multihost,79.0,1130.0,0.06991150442477877,0.0015799999237060547,6,6,50000.002414365474,0,0,0
0,mh_exfil_multi_03_benign_1720,real,exfil_multi_03,,generator_ground_truth,docker_multihost,79.0,2095.0,0.037708830548926014,0.0012638568878173828,6,6,62507.077155253726,0,0,0
0,mh_exfil_multi_03_benign_1721,real,exfil_multi_03,,generator_ground_truth,docker_multihost,79.0,1486.0,0.0531628532974428,0.0011200904846191406,7,5,70530.01617709664,0,0,0
0,mh_exfil_multi_03_benign_1722,real,exfil_multi_03,,generator_ground_truth,docker_multihost,79.0,1949.0,0.040533606977937404,0.00127410888671875,6,6,62004.11976047904,0,0,0
0,mh_exfil_multi_03_benign_1723,real,exfil_multi_03,,generator_ground_truth,docker_multihost,79.0,1626.0,0.04858548585485855,0.003164052963256836,6,6,24967.976490091176,0,0,0
0,mh_exfil_multi_03_benign_1724,real,exfil_multi_03,,generator_ground_truth,docker_multihost,79.0,593.0,0.13322091062394603,0.003461122512817383,6,6,22824.964937659297,0,0,0
0,mh_exfil_multi_03_benign_1725,real,exfil_multi_03,,generator_ground_truth,docker_multihost,79.0,1918.0,0.04118873826903024,0.002379894256591797,6,6,33194.75215387698,0,0,0
0,mh_exfil_multi_03_benign_1726,real,exfil_multi_03,,generator_ground_truth,docker_multihost,79.0,1984.0,0.039818548387096774,0.001087188720703125,7,6,72664.47719298245,0,0,0
0,mh_exfil_multi_03_benign_1727,real,exfil_multi_03,,generator_ground_truth,docker_multihost,79.0,1569.0,0.05035054174633524,0.001194000244140625,6,6,66164.14057507987,0,0,0
0,mh_exfil_multi_03_benign_1728,real,exfil_multi_03,,generator_ground_truth,docker_multihost,79.0,1507.0,0.05242203052422031,0.0007710456848144531,6,6,102458.26097711812,0,0,0
0,mh_exfil_multi_03_benign_1729,real,exfil_multi_03,,generator_ground_truth,docker_multihost,79.0,1784.0,0.044282511210762335,0.0012640953063964844,6,6,62495.28781591852,0,0,0
0,mh_exfil_multi_03_benign_1730,real,exfil_multi_03,,generator_ground_truth,docker_multihost,79.0,1304.0,0.06058282208588957,0.0019731521606445312,6,6,40037.459642339294,0,0,0
0,mh_exfil_multi_03_benign_1731,real,exfil_multi_03,,generator_ground_truth,docker_multihost,79.0,735.0,0.10748299319727891,0.0035719871520996094,6,6,22116.540915765585,0,0,0
0,mh_exfil_multi_03_benign_1732,real,exfil_multi_03,,generator_ground_truth,docker_multihost,79.0,682.0,0.1158357771260997,0.0011680126190185547,6,6,67636.25556235967,0,0,0
0,mh_exfil_multi_03_benign_1733,real,exfil_multi_03,,generator_ground_truth,docker_multihost,79.0,330.0,0.23939393939393938,0.0009989738464355469,6,6,79081.14940334129,0,0,0
0,mh_exfil_multi_03_benign_1734,real,exfil_multi_03,,generator_ground_truth,docker_multihost,79.0,614.0,0.12866449511400652,0.0024199485778808594,7,5,32645.321773399013,0,0,0
0,mh_exfil_multi_03_benign_1735,real,exfil_multi_03,,generator_ground_truth,docker_multihost,79.0,346.0,0.22832369942196531,0.002483844757080078,7,5,31805.5304281052,0,0,0
0,mh_exfil_multi_03_benign_1736,real,exfil_multi_03,,generator_ground_truth,docker_multihost,79.0,459.0,0.1721132897603486,0.002569913864135742,7,5,30740.329900732908,0,0,0
0,mh_exfil_multi_03_benign_1737,real,exfil_multi_03,,generator_ground_truth,docker_multihost,79.0,339.0,0.23303834808259588,0.00193023681640625,7,5,40927.62055335968,0,0,0
0,mh_exfil_multi_03_benign_1738,real,exfil_multi_03,,generator_ground_truth,docker_multihost,79.0,1409.0,0.056068133427963095,0.0015921592712402344,6,6,49618.15154237796,0,0,0
0,mh_exfil_multi_03_benign_1739,real,exfil_multi_03,,generator_ground_truth,docker_multihost,79.0,1715.0,0.046064139941690965,0.0011739730834960938,6,6,67292.85458976442,0,0,0
0,mh_exfil_multi_03_benign_1740,real,exfil_multi_03,,generator_ground_truth,docker_multihost,79.0,1220.0,0.06475409836065574,0.0012619495391845703,7,5,62601.55223880597,0,0,0
0,mh_exfil_multi_03_benign_1741,real,exfil_multi_03,,generator_ground_truth,docker_multihost,79.0,1839.0,0.042958129418162044,0.0013530254364013672,6,6,58387.668017621145,0,0,0
0,mh_exfil_multi_03_benign_1742,real,exfil_multi_03,,generator_ground_truth,docker_multihost,79.0,881.0,0.08967082860385925,0.0008909702301025391,6,6,88667.3845330479,0,0,0
0,mh_exfil_multi_03_benign_1743,real,exfil_multi_03,,generator_ground_truth,docker_multihost,79.0,2035.0,0.03882063882063882,0.002413034439086914,7,5,32738.861377334255,0,0,0
0,mh_exfil_multi_03_benign_1744,real,exfil_multi_03,,generator_ground_truth,docker_multihost,79.0,1503.0,0.05256154357950765,0.0009918212890625,6,6,79651.44615384615,0,0,0
0,mh_exfil_multi_03_benign_1745,real,exfil_multi_03,,generator_ground_truth,docker_multihost,79.0,393.0,0.2010178117048346,0.0015938282012939453,6,6,49566.195362752434,0,0,0
0,mh_exfil_multi_03_benign_1746,real,exfil_multi_03,,generator_ground_truth,docker_multihost,79.0,903.0,0.08748615725359911,0.0019009113311767578,7,5,41559.0136711401,0,0,0
0,mh_exfil_multi_03_benign_1747,real,exfil_multi_03,,generator_ground_truth,docker_multihost,79.0,348.0,0.22701149425287356,0.005407094955444336,6,6,14610.433264253274,0,0,0
0,mh_exfil_multi_03_benign_1748,real,exfil_multi_03,,generator_ground_truth,docker_multihost,79.0,2039.0,0.03874448258950466,0.003098011016845703,7,5,25500.232107126365,0,0,0
0,mh_exfil_multi_03_benign_1749,real,exfil_multi_03,,generator_ground_truth,docker_multihost,79.0,1912.0,0.04131799163179916,0.003123044967651367,6,6,25295.825330177875,0,0,0
0,mh_exfil_multi_03_benign_1750,real,exfil_multi_03,,generator_ground_truth,docker_multihost,79.0,1132.0,0.06978798586572438,0.0024750232696533203,6,6,31918.89182159715,0,0,0
0,mh_exfil_multi_03_benign_1751,real,exfil_multi_03,,generator_ground_truth,docker_multihost,79.0,390.0,0.20256410256410257,0.002341032028198242,6,6,33745.80059069151,0,0,0
0,mh_exfil_multi_03_benign_1752,real,exfil_multi_03,,generator_ground_truth,docker_multihost,79.0,913.0,0.08652792990142388,0.003780841827392578,6,6,20894.81750536007,0,0,0
0,mh_exfil_multi_03_benign_1753,real,exfil_multi_03,,generator_ground_truth,docker_multihost,79.0,382.0,0.20680628272251309,0.0009658336639404297,6,6,81794.62256233029,0,0,0
0,mh_exfil_multi_03_benign_1754,real,exfil_multi_03,,generator_ground_truth,docker_multihost,79.0,1829.0,0.04319300164024057,0.002424955368041992,6,6,32577.919181988003,0,0,0
0,mh_exfil_multi_03_benign_1755,real,exfil_multi_03,,generator_ground_truth,docker_multihost,79.0,1450.0,0.05448275862068966,0.0010020732879638672,7,6,78836.54913157268,0,0,0
0,mh_exfil_multi_03_benign_1756,real,exfil_multi_03,,generator_ground_truth,docker_multihost,79.0,1683.0,0.046939988116458706,0.0009529590606689453,6,6,82899.6787590693,0,0,0
0,mh_exfil_multi_03_benign_1757,real,exfil_multi_03,,generator_ground_truth,docker_multihost,79.0,961.0,0.08220603537981269,0.0011370182037353516,6,6,69479.97819249319,0,0,0
0,mh_exfil_multi_03_benign_1758,real,exfil_multi_03,,generator_ground_truth,docker_multihost,79.0,1167.0,0.0676949443016281,0.0019488334655761719,6,6,40537.0707120137,0,0,0
0,mh_exfil_multi_03_benign_1759,real,exfil_multi_03,,generator_ground_truth,docker_multihost,79.0,1447.0,0.05459571527297857,0.00391697883605957,7,5,20168.605271166838,0,0,0
0,mh_exfil_multi_03_benign_1760,real,exfil_multi_03,,generator_ground_truth,docker_multihost,79.0,2056.0,0.03842412451361868,0.003798961639404297,6,6,20795.15601857663,0,0,0
0,mh_exfil_multi_03_benign_1761,real,exfil_multi_03,,generator_ground_truth,docker_multihost,79.0,848.0,0.09316037735849056,1.038597822189331,8,6,76.0640917130661,0,0,0
0,mh_exfil_multi_03_benign_1762,real,exfil_multi_03,,generator_ground_truth,docker_multihost,79.0,432.0,0.18287037037037038,0.001255035400390625,7,5,62946.43161094225,0,0,0
0,mh_exfil_multi_03_benign_1763,real,exfil_multi_03,,generator_ground_truth,docker_multihost,79.0,847.0,0.09327036599763873,0.0005929470062255859,7,6,133232.817048653,0,0,0
0,mh_exfil_multi_03_benign_1764,real,exfil_multi_03,,generator_ground_truth,docker_multihost,79.0,892.0,0.08856502242152467,0.0010619163513183594,7,5,74393.80691513246,0,0,0
0,mh_exfil_multi_03_benign_1765,real,exfil_multi_03,,generator_ground_truth,docker_multihost,79.0,808.0,0.09777227722772278,0.0007069110870361328,6,6,111753.79966273188,0,0,0
0,mh_exfil_multi_03_benign_1766,real,exfil_multi_03,,generator_ground_truth,docker_multihost,79.0,1789.0,0.044158747903856904,0.0009829998016357422,6,6,80366.2420567548,0,0,0
0,mh_exfil_multi_03_benign_1767,real,exfil_multi_03,,generator_ground_truth,docker_multihost,79.0,1451.0,0.05444521019986216,0.0019578933715820312,6,6,40349.49050170482,0,0,0
0,mh_exfil_multi_03_benign_1768,real,exfil_multi_03,,generator_ground_truth,docker_multihost,79.0,1569.0,0.05035054174633524,0.0016222000122070312,7,5,48699.29688418577,0,0,0
0,mh_exfil_multi_03_benign_1769,real,exfil_multi_03,,generator_ground_truth,docker_multihost,79.0,1105.0,0.07149321266968325,0.0016491413116455078,7,5,47903.717796732686,0,0,0
0,mh_exfil_multi_03_benign_1770,real,exfil_multi_03,,generator_ground_truth,docker_multihost,79.0,715.0,0.11048951048951049,0.003231048583984375,6,6,24450.266824085007,0,0,0
0,mh_exfil_multi_03_benign_1771,real,exfil_multi_03,,generator_ground_truth,docker_multihost,79.0,591.0,0.13367174280879865,0.0008170604705810547,7,5,96688.07003209804,0,0,0
0,mh_exfil_multi_03_benign_1772,real,exfil_multi_03,,generator_ground_truth,docker_multihost,79.0,1137.0,0.06948109058927,0.0026140213012695312,7,5,30221.63589930682,0,0,0
0,mh_exfil_multi_03_benign_1773,real,exfil_multi_03,,generator_ground_truth,docker_multihost,79.0,1353.0,0.058388765705838876,0.002935171127319336,7,5,26914.95540573471,0,0,0
0,mh_exfil_multi_03_benign_1774,real,exfil_multi_03,,generator_ground_truth,docker_multihost,79.0,1434.0,0.05509065550906555,0.002293825149536133,7,5,34440.288535495274,0,0,0
0,mh_exfil_multi_03_benign_1775,real,exfil_multi_03,,generator_ground_truth,docker_multihost,79.0,1336.0,0.05913173652694611,0.0033578872680664062,7,5,23526.698097131495,0,0,0
0,mh_exfil_multi_03_benign_1776,real,exfil_multi_03,,generator_ground_truth,docker_multihost,79.0,571.0,0.138353765323993,0.0009541511535644531,6,6,82796.10594702649,0,0,0
0,mh_exfil_multi_03_benign_1777,real,exfil_multi_03,,generator_ground_truth,docker_multihost,79.0,1821.0,0.043382756727073035,0.0011060237884521484,7,6,71427.03513688294,0,0,0
0,mh_exfil_multi_03_benign_1778,real,exfil_multi_03,,generator_ground_truth,docker_multihost,79.0,1086.0,0.072744014732965,0.0012199878692626953,6,6,64754.74223177643,0,0,0
0,mh_exfil_multi_03_benign_1779,real,exfil_multi_03,,generator_ground_truth,docker_multihost,79.0,1495.0,0.05284280936454849,0.0031201839447021484,7,5,25319.02009627875,0,0,0
0,mh_exfil_multi_03_benign_1780,real,exfil_multi_03,,generator_ground_truth,docker_multihost,79.0,1848.0,0.04274891774891775,0.0038499832153320312,6,6,20519.56997770622,0,0,0
0,mh_exfil_multi_03_benign_1781,real,exfil_multi_03,,generator_ground_truth,docker_multihost,79.0,336.0,0.23511904761904762,0.0021829605102539062,7,5,36189.385757972916,0,0,0
0,mh_exfil_multi_03_benign_1782,real,exfil_multi_03,,generator_ground_truth,docker_multihost,79.0,1411.0,0.05598866052445074,0.002480030059814453,6,6,31854.452605268216,0,0,0
0,mh_exfil_multi_03_benign_1783,real,exfil_multi_03,,generator_ground_truth,docker_multihost,79.0,642.0,0.12305295950155763,0.0017590522766113281,6,6,44910.54703171591,0,0,0
0,mh_exfil_multi_03_benign_1784,real,exfil_multi_03,,generator_ground_truth,docker_multihost,79.0,1519.0,0.05200789993416721,0.003159046173095703,6,6,25007.54837735849,0,0,0
0,mh_exfil_multi_03_benign_1785,real,exfil_multi_03,,generator_ground_truth,docker_multihost,79.0,1960.0,0.04030612244897959,0.007266044616699219,7,5,10872.490353064706,0,0,0
0,mh_exfil_multi_03_benign_1786,real,exfil_multi_03,,generator_ground_truth,docker_multihost,79.0,1850.0,0.042702702702702704,0.002476930618286133,7,5,31894.312830878815,0,0,0
0,mh_exfil_multi_03_benign_1787,real,exfil_multi_03,,generator_ground_truth,docker_multihost,79.0,1106.0,0.07142857142857142,0.0027379989624023438,6,6,28853.188436084987,0,0,0
0,mh_exfil_multi_03_benign_1788,real,exfil_multi_03,,generator_ground_truth,docker_multihost,79.0,1646.0,0.0479951397326853,0.0039730072021484375,6,6,19884.18242918867,0,0,0
0,mh_exfil_multi_03_benign_1789,real,exfil_multi_03,,generator_ground_truth,docker_multihost,79.0,1090.0,0.07247706422018349,0.005339145660400391,6,6,14796.374743234795,0,0,0
0,mh_exfil_multi_03_benign_1790,real,exfil_multi_03,,generator_ground_truth,docker_multihost,79.0,1255.0,0.06294820717131475,0.006582975387573242,7,5,12000.652493571402,0,0,0
0,mh_exfil_multi_03_benign_1791,real,exfil_multi_03,,generator_ground_truth,docker_multihost,79.0,1418.0,0.05571227080394922,0.0019729137420654297,6,6,40042.2980060423,0,0,0
0,mh_exfil_multi_03_benign_1792,real,exfil_multi_03,,generator_ground_truth,docker_multihost,79.0,816.0,0.09681372549019608,0.0018579959869384766,6,6,42518.92929552162,0,0,0
0,mh_exfil_multi_03_benign_1793,real,exfil_multi_03,,generator_ground_truth,docker_multihost,79.0,988.0,0.07995951417004049,0.004163026809692383,6,6,18976.577286524254,0,0,0
0,mh_exfil_multi_03_benign_1794,real,exfil_multi_03,,generator_ground_truth,docker_multihost,79.0,805.0,0.09813664596273292,0.0048160552978515625,7,5,16403.46613861386,0,0,0
0,mh_exfil_multi_03_benign_1795,real,exfil_multi_03,,generator_ground_truth,docker_multihost,79.0,2099.0,0.03763696998570748,0.004429817199707031,7,5,17833.69300322928,0,0,0
0,mh_exfil_multi_03_benign_1796,real,exfil_multi_03,,generator_ground_truth,docker_multihost,79.0,605.0,0.1305785123966942,0.0047969818115234375,7,6,16468.688667992046,0,0,0
0,mh_exfil_multi_03_benign_1797,real,exfil_multi_03,,generator_ground_truth,docker_multihost,79.0,1078.0,0.07328385899814471,0.0064830780029296875,7,5,12185.569873492204,0,0,0
0,mh_exfil_multi_03_benign_1798,real,exfil_multi_03,,generator_ground_truth,docker_multihost,79.0,1374.0,0.05749636098981077,0.006069183349609375,6,6,13016.578252671276,0,0,0
0,mh_exfil_multi_03_benign_1799,real,exfil_multi_03,,generator_ground_truth,docker_multihost,79.0,1766.0,0.04473386183465459,0.008134126663208008,6,6,9712.167423864936,0,0,0
0,mh_exfil_multi_03_benign_1800,real,exfil_multi_03,,generator_ground_truth,docker_multihost,79.0,1228.0,0.06433224755700326,0.005640983581542969,6,6,14004.64987320372,0,0,0
0,mh_exfil_multi_03_benign_1801,real,exfil_multi_03,,generator_ground_truth,docker_multihost,79.0,813.0,0.0971709717097171,0.003484010696411133,6,6,22675.016492164512,0,0,0
0,mh_exfil_multi_03_benign_1802,real,exfil_multi_03,,generator_ground_truth,docker_multihost,79.0,1443.0,0.05474705474705475,0.007420063018798828,7,5,10646.809845125634,0,0,0
0,mh_exfil_multi_03_benign_1803,real,exfil_multi_03,,generator_ground_truth,docker_multihost,79.0,1967.0,0.04016268429079817,0.0022809505462646484,6,6,34634.68339082262,0,0,0
0,mh_exfil_multi_03_benign_1804,real,exfil_multi_03,,generator_ground_truth,docker_multihost,79.0,1583.0,0.04990524320909665,0.0008881092071533203,6,6,88953.0244295302,0,0,0
0,mh_exfil_multi_03_benign_1805,real,exfil_multi_03,,generator_ground_truth,docker_multihost,79.0,538.0,0.14684014869888476,0.006190061569213867,7,5,12762.393251935446,0,0,0
0,mh_exfil_multi_03_benign_1806,real,exfil_multi_03,,generator_ground_truth,docker_multihost,79.0,2064.0,0.03827519379844961,0.005970954895019531,6,6,13230.714582335091,0,0,0
0,mh_exfil_multi_03_benign_1807,real,exfil_multi_03,,generator_ground_truth,docker_multihost,79.0,648.0,0.12191358024691358,0.003851175308227539,7,5,20513.218349532595,0,0,0
0,mh_exfil_multi_03_benign_1808,real,exfil_multi_03,,generator_ground_truth,docker_multihost,79.0,602.0,0.13122923588039867,0.005708932876586914,7,5,13837.96266443934,0,0,0
0,mh_exfil_multi_03_benign_1809,real,exfil_multi_03,,generator_ground_truth,docker_multihost,79.0,1782.0,0.044332210998877665,0.0038619041442871094,7,5,20456.2301518706,0,0,0
0,mh_exfil_multi_03_benign_1810,real,exfil_multi_03,,generator_ground_truth,docker_multihost,79.0,1921.0,0.04112441436751692,0.003180980682373047,6,6,24835.10837955329,0,0,0
0,mh_exfil_multi_03_benign_1811,real,exfil_multi_03,,generator_ground_truth,docker_multihost,79.0,1024.0,0.0771484375,0.0010459423065185547,6,6,75529.97857305675,0,0,0
0,mh_exfil_multi_03_benign_1812,real,exfil_multi_03,,generator_ground_truth,docker_multihost,79.0,1637.0,0.04825901038485034,0.0013079643249511719,6,6,60399.20087495443,0,0,0
0,mh_exfil_multi_03_benign_1813,real,exfil_multi_03,,generator_ground_truth,docker_multihost,79.0,1373.0,0.05753823743627094,0.002238035202026367,6,6,35298.81921806754,0,0,0
0,mh_exfil_multi_03_benign_1814,real,exfil_multi_03,,generator_ground_truth,docker_multihost,79.0,989.0,0.07987866531850354,0.005321979522705078,6,6,14844.100707821879,0,0,0
0,mh_exfil_multi_03_benign_1815,real,exfil_multi_03,,generator_ground_truth,docker_multihost,79.0,927.0,0.08522114347357065,0.0038690567016601562,7,6,20418.413606112892,0,0,0
0,mh_exfil_multi_03_benign_1816,real,exfil_multi_03,,generator_ground_truth,docker_multihost,79.0,990.0,0.0797979797979798,0.0012350082397460938,6,6,63967.18455598455,0,0,0
0,mh_exfil_multi_03_benign_1817,real,exfil_multi_03,,generator_ground_truth,docker_multihost,79.0,1357.0,0.05821665438467207,0.004029989242553711,6,6,19603.0299946755,0,0,0
0,mh_exfil_multi_03_benign_1818,real,exfil_multi_03,,generator_ground_truth,docker_multihost,79.0,1157.0,0.0682800345721694,0.005563974380493164,6,6,14198.48378112011,0,0,0
0,mh_exfil_multi_03_benign_1819,real,exfil_multi_03,,generator_ground_truth,docker_multihost,79.0,1622.0,0.04870530209617756,0.005239963531494141,7,5,15076.440804440805,0,0,0
0,mh_exfil_multi_03_benign_1820,real,exfil_multi_03,,generator_ground_truth,docker_multihost,79.0,533.0,0.14821763602251406,0.005409955978393555,7,5,14602.706623771539,0,0,0
0,mh_exfil_multi_03_benign_1821,real,exfil_multi_03,,generator_ground_truth,docker_multihost,79.0,964.0,0.08195020746887967,0.003773212432861328,7,6,20937.06659926703,0,0,0
0,mh_exfil_multi_03_benign_1822,real,exfil_multi_03,,generator_ground_truth,docker_multihost,79.0,1236.0,0.063915857605178,0.002034902572631836,6,6,38822.49748096075,0,0,0
0,mh_exfil_multi_03_benign_1823,real,exfil_multi_03,,generator_ground_truth,docker_multihost,79.0,860.0,0.09186046511627907,0.004004001617431641,7,5,19730.261760152436,0,0,0
0,mh_exfil_multi_03_benign_1824,real,exfil_multi_03,,generator_ground_truth,docker_multihost,79.0,1962.0,0.040265035677879715,0.003763914108276367,6,6,20988.789256983593,0,0,0
0,mh_exfil_multi_03_benign_1825,real,exfil_multi_03,,generator_ground_truth,docker_multihost,79.0,605.0,0.1305785123966942,0.0008258819580078125,6,6,95655.31639722864,0,0,0
0,mh_exfil_multi_03_benign_1826,real,exfil_multi_03,,generator_ground_truth,docker_multihost,79.0,346.0,0.22832369942196531,0.0011091232299804688,7,6,71227.43250214962,0,0,0
0,mh_exfil_multi_03_benign_1827,real,exfil_multi_03,,generator_ground_truth,docker_multihost,79.0,1456.0,0.05425824175824176,0.0008080005645751953,6,6,97772.20891118325,0,0,0
0,mh_exfil_multi_03_benign_1828,real,exfil_multi_03,,generator_ground_truth,docker_multihost,79.0,669.0,0.11808669656203288,0.0010941028594970703,7,5,72205.2769666594,0,0,0
0,mh_exfil_multi_03_benign_1829,real,exfil_multi_03,,generator_ground_truth,docker_multihost,79.0,716.0,0.11033519553072625,0.0024788379669189453,7,5,31869.77166490334,0,0,0
0,mh_exfil_multi_03_benign_1830,real,exfil_multi_03,,generator_ground_truth,docker_multihost,79.0,1922.0,0.041103017689906346,0.0009288787841796875,7,6,85048.77207392197,0,0,0
0,mh_exfil_multi_03_benign_1831,real,exfil_multi_03,,generator_ground_truth,docker_multihost,79.0,1202.0,0.06572379367720466,0.002000093460083008,7,5,39498.15424961259,0,0,0
0,mh_exfil_multi_03_benign_1832,real,exfil_multi_03,,generator_ground_truth,docker_multihost,79.0,1729.0,0.04569115095430885,0.0014109611511230469,6,6,55990.20209530247,0,0,0
0,mh_exfil_multi_03_benign_1833,real,exfil_multi_03,,generator_ground_truth,docker_multihost,79.0,1460.0,0.05410958904109589,0.0014979839324951172,6,6,52737.548304949865,0,0,0
0,mh_exfil_multi_03_benign_1834,real,exfil_multi_03,,generator_ground_truth,docker_multihost,79.0,1410.0,0.05602836879432624,0.001947164535522461,6,6,40571.81535447533,0,0,0
0,mh_exfil_multi_03_benign_1835,real,exfil_multi_03,,generator_ground_truth,docker_multihost,79.0,359.0,0.2200557103064067,0.003981113433837891,7,5,19843.69481375015,0,0,0
0,mh_exfil_multi_03_benign_1836,real,exfil_multi_03,,generator_ground_truth,docker_multihost,79.0,1182.0,0.06683587140439932,0.0042378902435302734,7,5,18641.35111111111,0,0,0
0,mh_exfil_multi_03_benign_1837,real,exfil_multi_03,,generator_ground_truth,docker_multihost,79.0,675.0,0.11703703703703704,0.003665924072265625,6,6,21549.81893860562,0,0,0
0,mh_exfil_multi_03_benign_1838,real,exfil_multi_03,,generator_ground_truth,docker_multihost,79.0,1376.0,0.057412790697674417,0.0018100738525390625,7,5,43644.62802950474,0,0,0
0,mh_exfil_multi_03_benign_1839,real,exfil_multi_03,,generator_ground_truth,docker_multihost,79.0,1484.0,0.05323450134770889,0.0025081634521484375,6,6,31497.14980988593,0,0,0
0,mh_exfil_multi_03_benign_1840,real,exfil_multi_03,,generator_ground_truth,docker_multihost,79.0,1510.0,0.05231788079470199,0.001483917236328125,6,6,53237.470437018,0,0,0
0,mh_exfil_multi_03_benign_1841,real,exfil_multi_03,,generator_ground_truth,docker_multihost,79.0,1479.0,0.05341446923597025,0.003922939300537109,6,6,20137.961346784978,0,0,0
0,mh_exfil_multi_03_benign_1842,real,exfil_multi_03,,generator_ground_truth,docker_multihost,79.0,1038.0,0.07610789980732177,0.0030379295349121094,7,5,26004.55313137655,0,0,0
0,mh_exfil_multi_03_benign_1843,real,exfil_multi_03,,generator_ground_truth,docker_multihost,79.0,321.0,0.24610591900311526,0.005978822708129883,6,6,13213.303664712685,0,0,0
0,mh_exfil_multi_03_benign_1844,real,exfil_multi_03,,generator_ground_truth,docker_multihost,79.0,2035.0,0.03882063882063882,0.004029989242553711,7,5,19603.0299946755,0,0,0
0,mh_exfil_multi_03_benign_1845,real,exfil_multi_03,,generator_ground_truth,docker_multihost,79.0,948.0,0.08333333333333333,0.0018742084503173828,6,6,42151.12784632998,0,0,0
0,mh_exfil_multi_03_benign_1846,real,exfil_multi_03,,generator_ground_truth,docker_multihost,79.0,1793.0,0.044060234244283326,0.0033588409423828125,7,5,23520.01817149347,0,0,0
0,mh_exfil_multi_03_benign_1847,real,exfil_multi_03,,generator_ground_truth,docker_multihost,79.0,438.0,0.18036529680365296,0.0017619132995605469,6,6,44837.62056833559,0,0,0
0,mh_exfil_multi_03_benign_1848,real,exfil_multi_03,,generator_ground_truth,docker_multihost,79.0,1642.0,0.04811205846528624,0.0010030269622802734,6,6,78761.59163299263,0,0,0
0,mh_exfil_multi_03_benign_1849,real,exfil_multi_03,,generator_ground_truth,docker_multihost,79.0,2087.0,0.03785337805462386,0.003284931182861328,6,6,24049.210044999276,0,0,0
0,mh_exfil_multi_03_benign_1850,real,exfil_multi_03,,generator_ground_truth,docker_multihost,79.0,980.0,0.08061224489795918,0.0013210773468017578,6,6,59799.678036455516,0,0,0
0,mh_exfil_multi_03_benign_1851,real,exfil_multi_03,,generator_ground_truth,docker_multihost,79.0,2106.0,0.03751187084520418,0.0013689994812011719,7,6,57706.376872169974,0,0,0
0,mh_exfil_multi_03_benign_1852,real,exfil_multi_03,,generator_ground_truth,docker_multihost,79.0,1359.0,0.058130978660779986,0.002282857894897461,7,5,34605.74579634465,0,0,0
0,mh_exfil_multi_03_benign_1853,real,exfil_multi_03,,generator_ground_truth,docker_multihost,79.0,839.0,0.09415971394517282,0.0013270378112792969,6,6,59531.08444125045,0,0,0
0,mh_exfil_multi_03_benign_1854,real,exfil_multi_03,,generator_ground_truth,docker_multihost,79.0,1758.0,0.044937428896473265,0.0038559436798095703,7,5,20487.851109874482,0,0,0
0,mh_exfil_multi_03_benign_1855,real,exfil_multi_03,,generator_ground_truth,docker_multihost,79.0,1986.0,0.039778449144008056,0.004130840301513672,6,6,19124.438185386123,0,0,0
0,mh_exfil_multi_03_benign_1856,real,exfil_multi_03,,generator_ground_truth,docker_multihost,79.0,1032.0,0.07655038759689922,0.0015561580657958984,6,6,50766.05117205454,0,0,0
0,mh_exfil_multi_03_benign_1857,real,exfil_multi_03,,generator_ground_truth,docker_multihost,79.0,1418.0,0.05571227080394922,0.004981040954589844,7,5,15860.13861765269,0,0,0
0,mh_exfil_multi_03_benign_1858,real,exfil_multi_03,,generator_ground_truth,docker_multihost,79.0,2052.0,0.0384990253411306,0.0022001266479492188,6,6,35907.023840485475,0,0,0
0,mh_exfil_multi_03_benign_1859,real,exfil_multi_03,,generator_ground_truth,docker_multihost,79.0,640.0,0.1234375,0.0034449100494384766,7,5,22932.38397120908,0,0,0
0,mh_exfil_multi_03_benign_1860,real,exfil_multi_03,,generator_ground_truth,docker_multihost,79.0,331.0,0.23867069486404835,0.0034270286560058594,7,5,23052.039515792403,0,0,0
0,mh_exfil_multi_03_benign_1861,real,exfil_multi_03,,generator_ground_truth,docker_multihost,79.0,1270.0,0.06220472440944882,0.001466989517211914,7,6,53851.782220055255,0,0,0
0,mh_exfil_multi_03_benign_1862,real,exfil_multi_03,,generator_ground_truth,docker_multihost,79.0,1751.0,0.04511707595659623,0.005151033401489258,6,6,15336.728349919,0,0,0
0,mh_exfil_multi_03_benign_1863,real,exfil_multi_03,,generator_ground_truth,docker_multihost,79.0,1183.0,0.06677937447168217,0.0035948753356933594,6,6,21975.727284785782,0,0,0
0,mh_exfil_multi_03_benign_1864,real,exfil_multi_03,,generator_ground_truth,docker_multihost,79.0,1548.0,0.05103359173126615,0.004033088684082031,6,6,19587.96500354694,0,0,0
0,mh_exfil_multi_03_benign_1865,real,exfil_multi_03,,generator_ground_truth,docker_multihost,79.0,901.0,0.0876803551609323,0.0048961639404296875,7,5,16135.080638878067,0,0,0
0,mh_exfil_multi_03_benign_1866,real,exfil_multi_03,,generator_ground_truth,docker_multihost,79.0,443.0,0.17832957110609482,0.005342006683349609,6,6,14788.450236543782,0,0,0
0,mh_exfil_multi_03_benign_1867,real,exfil_multi_03,,generator_ground_truth,docker_multihost,79.0,1635.0,0.048318042813455656,0.004169940948486328,7,5,18945.112407089764,0,0,0
0,mh_exfil_multi_03_benign_1868,real,exfil_multi_03,,generator_ground_truth,docker_multihost,79.0,1138.0,0.06942003514938488,0.0034110546112060547,6,6,23159.99273083106,0,0,0
0,mh_exfil_multi_03_benign_1869,real,exfil_multi_03,,generator_ground_truth,docker_multihost,79.0,1742.0,0.04535017221584386,0.00489497184753418,7,5,16139.01008231455,0,0,0
0,mh_exfil_multi_03_benign_1870,real,exfil_multi_03,,generator_ground_truth,docker_multihost,79.0,1267.0,0.062352012628255724,0.00144195556640625,6,6,54786.70899470899,0,0,0
0,mh_exfil_multi_03_benign_1871,real,exfil_multi_03,,generator_ground_truth,docker_multihost,79.0,1134.0,0.06966490299823633,0.0017499923706054688,6,6,45143.053950953676,0,0,0
0,mh_exfil_multi_03_benign_1872,real,exfil_multi_03,,generator_ground_truth,docker_multihost,79.0,332.0,0.23795180722891565,0.001466989517211914,7,5,53851.782220055255,0,0,0
0,mh_exfil_multi_03_benign_1873,real,exfil_multi_03,,generator_ground_truth,docker_multihost,79.0,1183.0,0.06677937447168217,0.0015840530395507812,6,6,49872.067429259485,0,0,0
0,mh_exfil_multi_03_benign_1874,real,exfil_multi_03,,generator_ground_truth,docker_multihost,79.0,578.0,0.13667820069204153,0.002744913101196289,7,5,28780.51037957092,0,0,0
0,mh_exfil_multi_03_benign_1875,real,exfil_multi_03,,generator_ground_truth,docker_multihost,79.0,1996.0,0.039579158316633264,0.003123044967651367,6,6,25295.825330177875,0,0,0
0,mh_exfil_multi_03_benign_1876,real,exfil_multi_03,,generator_ground_truth,docker_multihost,79.0,643.0,0.12286158631415241,0.0012378692626953125,6,6,63819.3405238829,0,0,0
0,mh_exfil_multi_03_benign_1877,real,exfil_multi_03,,generator_ground_truth,docker_multihost,79.0,1717.0,0.046010483401281305,0.0008912086486816406,6,6,88643.66399143927,0,0,0
0,mh_exfil_multi_03_benign_1878,real,exfil_multi_03,,generator_ground_truth,docker_multihost,79.0,1801.0,0.04386451971127152,0.0024449825286865234,6,6,32311.069332033156,0,0,0
0,mh_exfil_multi_03_benign_1879,real,exfil_multi_03,,generator_ground_truth,docker_multihost,79.0,2000.0,0.0395,0.0013170242309570312,6,6,59983.710354815354,0,0,0
0,mh_exfil_multi_03_benign_1880,real,exfil_multi_03,,generator_ground_truth,docker_multihost,79.0,1713.0,0.04611792177466433,0.0009069442749023438,6,6,87105.68243953733,0,0,0
0,mh_exfil_multi_03_benign_1881,real,exfil_multi_03,,generator_ground_truth,docker_multihost,79.0,1650.0,0.04787878787878788,0.0015130043029785156,6,6,52213.995587771824,0,0,0
0,mh_exfil_multi_03_benign_1882,real,exfil_multi_03,,generator_ground_truth,docker_multihost,79.0,648.0,0.12191358024691358,0.003473043441772461,6,6,22746.620168874855,0,0,0
0,mh_exfil_multi_03_benign_1883,real,exfil_multi_03,,generator_ground_truth,docker_multihost,79.0,1452.0,0.05440771349862259,0.005056142807006836,7,5,15624.558683453577,0,0,0
0,mh_exfil_multi_03_benign_1884,real,exfil_multi_03,,generator_ground_truth,docker_multihost,79.0,1281.0,0.06167056986729118,0.0036840438842773438,6,6,21443.827077400983,0,0,0
0,mh_exfil_multi_03_benign_1885,real,exfil_multi_03,,generator_ground_truth,docker_multihost,79.0,767.0,0.10299869621903521,0.002496004104614258,7,5,31650.588976979656,0,0,0
0,mh_exfil_multi_03_benign_1886,real,exfil_multi_03,,generator_ground_truth,docker_multihost,79.0,1477.0,0.05348679756262695,0.0017011165618896484,7,5,46440.086334968466,0,0,0
0,mh_exfil_multi_03_benign_1887,real,exfil_multi_03,,generator_ground_truth,docker_multihost,79.0,1060.0,0.07452830188679245,0.0013260841369628906,6,6,59573.897159295215,0,0,0
0,mh_exfil_multi_03_benign_1888,real,exfil_multi_03,,generator_ground_truth,docker_multihost,79.0,1586.0,0.04981084489281211,0.0023407936096191406,7,5,33749.23772662457,0,0,0
0,mh_exfil_multi_03_benign_1889,real,exfil_multi_03,,generator_ground_truth,docker_multihost,79.0,972.0,0.08127572016460906,0.0028238296508789062,6,6,27976.191827085444,0,0,0
0,mh_exfil_multi_03_benign_1890,real,exfil_multi_03,,generator_ground_truth,docker_multihost,79.0,1066.0,0.07410881801125703,0.0008590221405029297,7,5,91965.03358312517,0,0,0
0,mh_exfil_multi_03_benign_1891,real,exfil_multi_03,,generator_ground_truth,docker_multihost,79.0,1353.0,0.058388765705838876,0.0012958049774169922,6,6,60965.964305427784,0,0,0
0,mh_exfil_multi_03_benign_1892,real,exfil_multi_03,,generator_ground_truth,docker_multihost,79.0,1935.0,0.04082687338501292,0.0011370182037353516,6,6,69479.97819249319,0,0,0
0,mh_exfil_multi_03_benign_1893,real,exfil_multi_03,,generator_ground_truth,docker_multihost,79.0,1359.0,0.058130978660779986,0.0009350776672363281,6,6,84484.96073431922,0,0,0
0,mh_exfil_multi_03_benign_1894,real,exfil_multi_03,,generator_ground_truth,docker_multihost,79.0,1208.0,0.06539735099337748,0.00138092041015625,6,6,57208.22099447514,0,0,0
0,mh_exfil_multi_03_benign_1895,real,exfil_multi_03,,generator_ground_truth,docker_multihost,79.0,1496.0,0.052807486631016046,0.002969980239868164,6,6,26599.50357228867,0,0,0
0,mh_exfil_multi_03_benign_1896,real,exfil_multi_03,,generator_ground_truth,docker_multihost,79.0,1983.0,0.03983862834089763,0.0009930133819580078,7,6,79555.8261704682,0,0,0
0,mh_exfil_multi_03_benign_1897,real,exfil_multi_03,,generator_ground_truth,docker_multihost,79.0,1617.0,0.04885590599876314,0.0013518333435058594,6,6,58439.15626102293,0,0,0
0,mh_exfil_multi_03_benign_1898,real,exfil_multi_03,,generator_ground_truth,docker_multihost,79.0,403.0,0.19602977667493796,0.0029609203338623047,6,6,26680.89346968355,0,0,0
0,mh_exfil_multi_03_benign_1899,real,exfil_multi_03,,generator_ground_truth,docker_multihost,79.0,1691.0,0.04671791839148433,0.0019299983978271484,6,6,40932.67646695491,0,0,0
0,mh_exfil_multi_03_benign_1900,real,exfil_multi_03,,generator_ground_truth,docker_multihost,79.0,1737.0,0.04548071387449626,0.0028769969940185547,6,6,27459.187536255904,0,0,0
0,mh_exfil_multi_03_benign_1901,real,exfil_multi_03,,generator_ground_truth,docker_multihost,79.0,1253.0,0.06304868316041501,0.0012860298156738281,6,6,61429.368928439006,0,0,0
0,mh_exfil_multi_03_benign_1902,real,exfil_multi_03,,generator_ground_truth,docker_multihost,79.0,755.0,0.10463576158940398,0.0008840560913085938,7,6,89360.84573894282,0,0,0
0,mh_exfil_multi_03_benign_1903,real,exfil_multi_03,,generator_ground_truth,docker_multihost,79.0,2007.0,0.0393622321873443,0.002579927444458008,7,5,30621.01617225765,0,0,0
0,mh_exfil_multi_03_benign_1904,real,exfil_multi_03,,generator_ground_truth,docker_multihost,79.0,1951.0,0.040492055356227574,0.0037479400634765625,7,5,21078.245292620864,0,0,0
0,mh_exfil_multi_03_benign_1905,real,exfil_multi_03,,generator_ground_truth,docker_multihost,79.0,395.0,0.2,0.0040738582611083984,6,6,19391.936325861767,0,0,0
0,mh_exfil_multi_03_benign_1906,real,exfil_multi_03,,generator_ground_truth,docker_multihost,79.0,1390.0,0.05683453237410072,0.0029439926147460938,6,6,26834.30644638808,0,0,0
0,mh_exfil_multi_03_benign_1907,real,exfil_multi_03,,generator_ground_truth,docker_multihost,79.0,1565.0,0.05047923322683706,0.0010190010070800781,6,6,77526.91062236781,0,0,0
0,mh_exfil_multi_03_benign_1908,real,exfil_multi_03,,generator_ground_truth,docker_multihost,79.0,2105.0,0.03752969121140143,0.0033109188079833984,6,6,23860.446172679483,0,0,0
0,mh_exfil_multi_03_benign_1909,real,exfil_multi_03,,generator_ground_truth,docker_multihost,79.0,1495.0,0.05284280936454849,0.004548072814941406,6,6,17369.994548123297,0,0,0
0,mh_exfil_multi_03_benign_1910,real,exfil_multi_03,,generator_ground_truth,docker_multihost,79.0,590.0,0.13389830508474576,0.001644134521484375,6,6,48049.59628770302,0,0,0
0,mh_exfil_multi_03_benign_1911,real,exfil_multi_03,,generator_ground_truth,docker_multihost,79.0,1862.0,0.04242749731471536,0.0035970211029052734,7,5,21962.617882945582,0,0,0
0,mh_exfil_multi_03_benign_1912,real,exfil_multi_03,,generator_ground_truth,docker_multihost,79.0,344.0,0.22965116279069767,0.006294965744018555,7,5,12549.710866189449,0,0,0
0,mh_exfil_multi_03_benign_1913,real,exfil_multi_03,,generator_ground_truth,docker_multihost,79.0,1085.0,0.0728110599078341,0.003673076629638672,7,5,21507.85512138128,0,0,0
0,mh_exfil_multi_03_benign_1914,real,exfil_multi_03,,generator_ground_truth,docker_multihost,79.0,424.0,0.18632075471698112,0.005608081817626953,7,5,14086.813026103222,0,0,0
0,mh_exfil_multi_03_benign_1915,real,exfil_multi_03,,generator_ground_truth,docker_multihost,79.0,1130.0,0.06991150442477877,0.005656003952026367,7,5,13967.45841588332,0,0,0
0,mh_exfil_multi_03_benign_1916,real,exfil_multi_03,,generator_ground_truth,docker_multihost,79.0,1837.0,0.04300489929232444,0.0067768096923828125,7,5,11657.40275823248,0,0,0
0,mh_exfil_multi_03_benign_1917,real,exfil_multi_03,,generator_ground_truth,docker_multihost,79.0,618.0,0.127831715210356,0.00747990608215332,7,5,10561.629936569661,0,0,0
0,mh_exfil_multi_03_benign_1918,real,exfil_multi_03,,generator_ground_truth,docker_multihost,79.0,2068.0,0.03820116054158607,0.0031960010528564453,7,5,24718.38985453189,0,0,0
0,mh_exfil_multi_03_benign_1919,real,exfil_multi_03,,generator_ground_truth,docker_multihost,79.0,1227.0,0.06438467807660962,0.0039310455322265625,7,5,20096.434740417273,0,0,0
0,mh_exfil_multi_03_benign_1920,real,exfil_multi_03,,generator_ground_truth,docker_multihost,79.0,449.0,0.1759465478841871,0.005066871643066406,7,5,15591.474496517974,0,0,0
0,mh_exfil_multi_03_benign_1921,real,exfil_multi_03,,generator_ground_truth,docker_multihost,79.0,1947.0,0.040575243965074476,0.001986980438232422,6,6,39758.82121430286,0,0,0
0,mh_exfil_multi_03_benign_1922,real,exfil_multi_03,,generator_ground_truth,docker_multihost,79.0,1312.0,0.06021341463414634,0.0054280757904052734,6,6,14553.960381253568,0,0,0
0,mh_exfil_multi_03_benign_1923,real,exfil_multi_03,,generator_ground_truth,docker_multihost,79.0,1011.0,0.0781404549950544,0.0076999664306640625,6,6,10259.78498885311,0,0,0
0,mh_exfil_multi_03_benign_1924,real,exfil_multi_03,,generator_ground_truth,docker_multihost,79.0,1124.0,0.07028469750889679,0.0046329498291015625,6,6,17051.771099217785,0,0,0
0,mh_exfil_multi_03_benign_1925,real,exfil_multi_03,,generator_ground_truth,docker_multihost,79.0,694.0,0.1138328530259366,0.004806041717529297,6,6,16437.643417005656,0,0,0
0,mh_exfil_multi_03_benign_1926,real,exfil_multi_03,,generator_ground_truth,docker_multihost,79.0,2033.0,0.03885882931628136,0.00465703010559082,7,6,16963.6008805611,0,0,0
0,mh_exfil_multi_03_benign_1927,real,exfil_multi_03,,generator_ground_truth,docker_multihost,79.0,1649.0,0.04790782292298363,0.002023935317993164,6,6,39032.867946754624,0,0,0
0,mh_exfil_multi_03_benign_1928,real,exfil_multi_03,,generator_ground_truth,docker_multihost,79.0,376.0,0.21010638297872342,0.008221864700317383,7,5,9608.525909815862,0,0,0
0,mh_exfil_multi_03_benign_1929,real,exfil_multi_03,,generator_ground_truth,docker_multihost,79.0,1640.0,0.048170731707317074,0.003086090087890625,6,6,25598.734239802227,0,0,0
0,mh_exfil_multi_03_benign_1930,real,exfil_multi_03,,generator_ground_truth,docker_multihost,79.0,616.0,0.12824675324675325,0.0039310455322265625,6,6,20096.434740417273,0,0,0
0,mh_exfil_multi_03_benign_1931,real,exfil_multi_03,,generator_ground_truth,docker_multihost,79.0,713.0,0.11079943899018233,0.004472970962524414,6,6,17661.639358243163,0,0,0
0,mh_exfil_multi_03_benign_1932,real,exfil_multi_03,,generator_ground_truth,docker_multihost,79.0,561.0,0.1408199643493761,0.0013420581817626953,7,5,58864.81009060224,0,0,0
0,mh_exfil_multi_03_benign_1933,real,exfil_multi_03,,generator_ground_truth,docker_multihost,79.0,1270.0,0.06220472440944882,0.0015277862548828125,6,6,51708.803995006245,0,0,0
0,mh_exfil_multi_03_benign_1934,real,exfil_multi_03,,generator_ground_truth,docker_multihost,79.0,1902.0,0.04153522607781283,0.0018489360809326172,6,6,42727.27479045777,0,0,0
0,mh_exfil_multi_03_benign_1935,real,exfil_multi_03,,generator_ground_truth,docker_multihost,79.0,1940.0,0.040721649484536084,0.0010929107666015625,6,6,72284.03490401396,0,0,0
0,mh_exfil_multi_03_benign_1936,real,exfil_multi_03,,generator_ground_truth,docker_multihost,79.0,863.0,0.09154113557358054,0.0011360645294189453,6,6,69538.30346274922,0,0,0
0,mh_exfil_multi_03_benign_1937,real,exfil_multi_03,,generator_ground_truth,docker_multihost,79.0,1521.0,0.05193951347797501,0.002293825149536133,7,5,34440.288535495274,0,0,0
0,mh_exfil_multi_03_benign_1938,real,exfil_multi_03,,generator_ground_truth,docker_multihost,79.0,1144.0,0.06905594405594405,0.003679037094116211,7,5,21473.009915105955,0,0,0
0,mh_exfil_multi_03_benign_1939,real,exfil_multi_03,,generator_ground_truth,docker_multihost,79.0,1315.0,0.06007604562737642,0.003437042236328125,7,5,22984.879023307436,0,0,0
0,mh_exfil_multi_03_benign_1940,real,exfil_multi_03,,generator_ground_truth,docker_multihost,79.0,751.0,0.1051930758988016,0.003217935562133789,6,6,24549.901163221457,0,0,0
0,mh_exfil_multi_03_benign_1941,real,exfil_multi_03,,generator_ground_truth,docker_multihost,79.0,460.0,0.17173913043478262,0.0034608840942382812,7,5,22826.537338109672,0,0,0
0,mh_exfil_multi_03_benign_1942,real,exfil_multi_03,,generator_ground_truth,docker_multihost,79.0,457.0,0.17286652078774617,0.002035856246948242,6,6,38804.31151188664,0,0,0
0,mh_exfil_multi_03_benign_1943,real,exfil_multi_03,,generator_ground_truth,docker_multihost,79.0,1684.0,0.04691211401425178,0.0019540786743164062,6,6,40428.25963884822,0,0,0
0,mh_exfil_multi_03_benign_1944,real,exfil_multi_03,,generator_ground_truth,docker_multihost,79.0,436.0,0.1811926605504587,0.002753019332885742,7,5,28695.76651944228,0,0,0
0,mh_exfil_multi_03_benign_1945,real,exfil_multi_03,,generator_ground_truth,docker_multihost,79.0,1656.0,0.04770531400966183,0.0029449462890625,6,6,26825.61658031088,0,0,0
0,mh_exfil_multi_03_benign_1946,real,exfil_multi_03,,generator_ground_truth,docker_multihost,79.0,609.0,0.1297208538587849,0.004230976104736328,6,6,18671.81426800406,0,0,0
0,mh_exfil_multi_03_benign_1947,real,exfil_multi_03,,generator_ground_truth,docker_multihost,79.0,1662.0,0.04753309265944645,0.004502058029174805,6,6,17547.530371233384,0,0,0
0,mh_exfil_multi_03_benign_1948,real,exfil_multi_03,,generator_ground_truth,docker_multihost,79.0,2024.0,0.03903162055335968,0.002074003219604492,7,5,38090.586964018854,0,0,0
0,mh_exfil_multi_03_benign_1949,real,exfil_multi_03,,generator_ground_truth,docker_multihost,79.0,1797.0,0.0439621591541458,0.0049779415130615234,7,5,15870.01369797404,0,0,0
0,mh_exfil_multi_03_benign_1950,real,exfil_multi_03,,generator_ground_truth,docker_multihost,79.0,1894.0,0.04171066525871172,0.002630949020385742,7,6,30027.18767557771,0,0,0
0,mh_exfil_multi_03_benign_1951,real,exfil_multi_03,,generator_ground_truth,docker_multihost,79.0,502.0,0.15737051792828685,0.0024139881134033203,7,5,32725.92750617284,0,0,0
0,mh_exfil_multi_03_benign_1952,real,exfil_multi_03,,generator_ground_truth,docker_multihost,79.0,1020.0,0.07745098039215687,0.0031430721282958984,7,5,25134.644314647652,0,0,0
0,mh_exfil_multi_03_benign_1953,real,exfil_multi_03,,generator_ground_truth,docker_multihost,79.0,1487.0,0.0531271015467384,0.003242969512939453,6,6,24360.38935450669,0,0,0
0,mh_exfil_multi_03_benign_1954,real,exfil_multi_03,,generator_ground_truth,docker_multihost,79.0,1671.0,0.04727707959305805,0.0010979175567626953,6,6,71954.40086862106,0,0,0
0,mh_exfil_multi_03_benign_1955,real,exfil_multi_03,,generator_ground_truth,docker_multihost,79.0,1666.0,0.047418967587034816,0.0026750564575195312,6,6,29532.08698752228,0,0,0
0,mh_exfil_multi_03_benign_1956,real,exfil_multi_03,,generator_ground_truth,docker_multihost,79.0,1588.0,0.04974811083123426,0.0013740062713623047,7,5,57496.09855977789,0,0,0
0,mh_exfil_multi_03_benign_1957,real,exfil_multi_03,,generator_ground_truth,docker_multihost,79.0,1702.0,0.046415981198589897,0.002251863479614258,6,6,35082.05569084171,0,0,0
0,mh_exfil_multi_03_benign_1958,real,exfil_multi_03,,generator_ground_truth,docker_multihost,79.0,510.0,0.15490196078431373,0.0013518333435058594,7,5,58439.15626102293,0,0,0
0,mh_exfil_multi_03_benign_1959,real,exfil_multi_03,,generator_ground_truth,docker_multihost,79.0,853.0,0.09261430246189918,0.0008118152618408203,6,6,97312.78002936857,0,0,0
0,mh_exfil_multi_03_benign_1960,real,exfil_multi_03,,generator_ground_truth,docker_multihost,79.0,1704.0,0.04636150234741784,0.0015561580657958984,6,6,50766.05117205454,0,0,0
0,mh_exfil_multi_03_benign_1961,real,exfil_multi_03,,generator_ground_truth,docker_multihost,79.0,1062.0,0.0743879472693032,0.0017311573028564453,6,6,45634.2123674425,0,0,0
0,mh_exfil_multi_03_benign_1962,real,exfil_multi_03,,generator_ground_truth,docker_multihost,79.0,994.0,0.079476861167002,0.001970052719116211,6,6,40100.44971559966,0,0,0
0,mh_exfil_multi_03_benign_1963,real,exfil_multi_03,,generator_ground_truth,docker_multihost,79.0,1277.0,0.06186374314800313,0.0011360645294189453,7,5,69538.30346274922,0,0,0
0,mh_exfil_multi_03_benign_1964,real,exfil_multi_03,,generator_ground_truth,docker_multihost,79.0,898.0,0.08797327394209355,0.0015361309051513672,7,5,51427.90873816545,0,0,0
0,mh_exfil_multi_03_benign_1965,real,exfil_multi_03,,generator_ground_truth,docker_multihost,79.0,875.0,0.09028571428571429,0.002343893051147461,7,5,33704.609500559454,0,0,0
0,mh_exfil_multi_03_benign_1966,real,exfil_multi_03,,generator_ground_truth,docker_multihost,79.0,1399.0,0.056468906361686916,0.003179788589477539,7,6,24844.418984779186,0,0,0
0,mh_exfil_multi_03_benign_1967,real,exfil_multi_03,,generator_ground_truth,docker_multihost,79.0,623.0,0.12680577849117175,0.0031168460845947266,6,6,25346.13447563681,0,0,0
0,mh_exfil_multi_03_benign_1968,real,exfil_multi_03,,generator_ground_truth,docker_multihost,79.0,727.0,0.10866574965612105,0.0034859180450439453,6,6,22662.609671021135,0,0,0
0,mh_exfil_multi_03_benign_1969,real,exfil_multi_03,,generator_ground_truth,docker_multihost,79.0,607.0,0.1301482701812191,0.0008258819580078125,7,5,95655.31639722864,0,0,0
0,mh_exfil_multi_03_benign_1970,real,exfil_multi_03,,generator_ground_truth,docker_multihost,79.0,630.0,0.1253968253968254,0.004625082015991211,6,6,17080.778184442497,0,0,0
0,mh_exfil_multi_03_benign_1971,real,exfil_multi_03,,generator_ground_truth,docker_multihost,79.0,1522.0,0.0519053876478318,0.00638890266418457,6,6,12365.19073030563,0,0,0
0,mh_exfil_multi_03_benign_1972,real,exfil_multi_03,,generator_ground_truth,docker_multihost,79.0,736.0,0.10733695652173914,0.00562286376953125,7,6,14049.780189959294,0,0,0
0,mh_exfil_multi_03_benign_1973,real,exfil_multi_03,,generator_ground_truth,docker_multihost,79.0,1932.0,0.04089026915113872,0.004193782806396484,6,6,18837.408527572483,0,0,0
0,mh_exfil_multi_03_benign_1974,real,exfil_multi_03,,generator_ground_truth,docker_multihost,79.0,1388.0,0.0569164265129683,0.00374603271484375,6,6,21088.977596741344,0,0,0
0,mh_exfil_multi_03_benign_1975,real,exfil_multi_03,,generator_ground_truth,docker_multihost,79.0,1105.0,0.07149321266968325,0.0058591365814208984,6,6,13483.215300101729,0,0,0
0,mh_exfil_multi_03_benign_1976,real,exfil_multi_03,,generator_ground_truth,docker_multihost,79.0,663.0,0.1191553544494721,0.005313873291015625,6,6,14866.745154343143,0,0,0
0,mh_exfil_multi_03_benign_1977,real,exfil_multi_03,,generator_ground_truth,docker_multihost,79.0,1759.0,0.044911881750994885,0.006505012512207031,7,5,12144.48086790793,0,0,0
0,mh_exfil_multi_03_benign_1978,real,exfil_multi_03,,generator_ground_truth,docker_multihost,79.0,1601.0,0.04934415990006246,0.006181001663208008,6,6,12781.09994214079,0,0,0
0,mh_exfil_multi_03_benign_1979,real,exfil_multi_03,,generator_ground_truth,docker_multihost,79.0,2038.0,0.03876349362119725,0.0068280696868896484,6,6,11569.887775411153,0,0,0
0,mh_exfil_multi_03_benign_1980,real,exfil_multi_03,,generator_ground_truth,docker_multihost,79.0,1263.0,0.0625494853523357,0.006053924560546875,6,6,13049.386263390044,0,0,0
0,mh_exfil_multi_03_benign_1981,real,exfil_multi_03,,generator_ground_truth,docker_multihost,79.0,1821.0,0.043382756727073035,0.00362396240234375,6,6,21799.34315789474,0,0,0
0,mh_exfil_multi_03_benign_1982,real,exfil_multi_03,,generator_ground_truth,docker_multihost,79.0,1985.0,0.039798488664987405,0.004495143890380859,6,6,17574.520844383154,0,0,0
0,mh_exfil_multi_03_benign_1983,real,exfil_multi_03,,generator_ground_truth,docker_multihost,79.0,658.0,0.12006079027355623,0.003300905227661133,6,6,23932.828891296496,0,0,0
0,mh_exfil_multi_03_benign_1984,real,exfil_multi_03,,generator_ground_truth,docker_multihost,79.0,669.0,0.11808669656203288,0.006028175354003906,6,6,13105.126404049992,0,0,0
0,mh_exfil_multi_03_benign_1985,real,exfil_multi_03,,generator_ground_truth,docker_multihost,79.0,1489.0,0.05305574210879785,0.0049479007720947266,6,6,15966.367079458392,0,0,0
0,mh_exfil_multi_03_benign_1986,real,exfil_multi_03,,generator_ground_truth,docker_multihost,79.0,1098.0,0.07194899817850638,0.0018429756164550781,6,6,42865.46131953428,0,0,0
0,mh_exfil_multi_03_benign_1987,real,exfil_multi_03,,generator_ground_truth,docker_multihost,79.0,524.0,0.15076335877862596,0.0020449161529541016,7,5,38632.39081263845,0,0,0
0,mh_exfil_multi_03_benign_1988,real,exfil_multi_03,,generator_ground_truth,docker_multihost,79.0,544.0,0.14522058823529413,0.0028269290924072266,6,6,27945.518765286328,0,0,0
0,mh_exfil_multi_03_benign_1989,real,exfil_multi_03,,generator_ground_truth,docker_multihost,79.0,1928.0,0.040975103734439834,0.0032548904418945312,7,5,24271.170231467917,0,0,0
0,mh_exfil_multi_03_benign_1990,real,exfil_multi_03,,generator_ground_truth,docker_multihost,79.0,1824.0,0.04331140350877193,0.009730100631713867,7,5,8119.134939109554,0,0,0
0,mh_exfil_multi_03_benign_1991,real,exfil_multi_03,,generator_ground_truth,docker_multihost,79.0,845.0,0.09349112426035502,0.0026280879974365234,6,6,30059.876258731743,0,0,0
0,mh_exfil_multi_03_benign_1992,real,exfil_multi_03,,generator_ground_truth,docker_multihost,79.0,357.0,0.22128851540616246,0.005497932434082031,6,6,14369.037987857762,0,0,0
0,mh_exfil_multi_03_benign_1993,real,exfil_multi_03,,generator_ground_truth,docker_multihost,79.0,2045.0,0.03863080684596577,0.002900838851928711,6,6,27233.501767074875,0,0,0
0,mh_exfil_multi_03_benign_1994,real,exfil_multi_03,,generator_ground_truth,docker_multihost,79.0,1768.0,0.04468325791855204,0.011436939239501953,7,5,6907.442484886387,0,0,0
0,mh_exfil_multi_03_benign_1995,real,exfil_multi_03,,generator_ground_truth,docker_multihost,79.0,1553.0,0.050869285254346426,0.011559009552001953,6,6,6834.495606616889,0,0,0
0,mh_exfil_multi_03_benign_1996,real,exfil_multi_03,,generator_ground_truth,docker_multihost,79.0,675.0,0.11703703703703704,0.009047985076904297,6,6,8731.225718050066,0,0,0
0,mh_exfil_multi_03_benign_1997,real,exfil_multi_03,,generator_ground_truth,docker_multihost,79.0,1352.0,0.058431952662721894,0.007386922836303711,6,6,10694.574960462189,0,0,0
0,mh_exfil_multi_03_benign_1998,real,exfil_multi_03,,generator_ground_truth,docker_multihost,79.0,496.0,0.1592741935483871,0.00765681266784668,6,6,10317.60909232446,0,0,0
0,mh_exfil_multi_03_benign_1999,real,exfil_multi_03,,generator_ground_truth,docker_multihost,79.0,1364.0,0.05791788856304985,0.00821995735168457,6,6,9610.755460161847,0,0,0
0,mh_exfil_multi_03_benign_2000,real,exfil_multi_03,,generator_ground_truth,docker_multihost,79.0,594.0,0.132996632996633,0.008196830749511719,7,5,9637.871320535194,0,0,0
0,mh_exfil_multi_03_benign_2001,real,exfil_multi_03,,generator_ground_truth,docker_multihost,79.0,1926.0,0.04101765316718588,0.00804901123046875,7,6,9814.870142180094,0,0,0
0,mh_exfil_multi_03_benign_2002,real,exfil_multi_03,,generator_ground_truth,docker_multihost,79.0,1006.0,0.07852882703777336,0.008759021759033203,6,6,9019.272034405793,0,0,0
0,mh_exfil_multi_03_benign_2003,real,exfil_multi_03,,generator_ground_truth,docker_multihost,79.0,1861.0,0.04245029554003224,0.005064964294433594,7,6,15597.345885897195,0,0,0
0,mh_exfil_multi_03_benign_2004,real,exfil_multi_03,,generator_ground_truth,docker_multihost,79.0,1377.0,0.05737109658678286,0.0038919448852539062,7,5,20298.334721881893,0,0,0
0,mh_exfil_multi_03_benign_2005,real,exfil_multi_03,,generator_ground_truth,docker_multihost,79.0,342.0,0.2309941520467836,0.0051839351654052734,7,5,15239.388124913765,0,0,0
0,mh_exfil_multi_03_benign_2006,real,exfil_multi_03,,generator_ground_truth,docker_multihost,79.0,1710.0,0.046198830409356725,0.0037059783935546875,6,6,21316.907874421,0,0,0
0,mh_exfil_multi_03_benign_2007,real,exfil_multi_03,,generator_ground_truth,docker_multihost,79.0,1347.0,0.05864884929472903,0.002794981002807617,7,5,28264.95060991214,0,0,0
0,mh_exfil_multi_03_benign_2008,real,exfil_multi_03,,generator_ground_truth,docker_multihost,79.0,1033.0,0.07647628267182963,0.003365039825439453,7,5,23476.690945160834,0,0,0
0,mh_exfil_multi_03_benign_2009,real,exfil_multi_03,,generator_ground_truth,docker_multihost,79.0,602.0,0.13122923588039867,0.003259897232055664,6,6,24233.892781393988,0,0,0
0,mh_exfil_multi_03_benign_2010,real,exfil_multi_03,,generator_ground_truth,docker_multihost,79.0,1694.0,0.046635182998819365,0.003326892852783203,7,6,23745.88046438297,0,0,0
0,mh_exfil_multi_03_benign_2011,real,exfil_multi_03,,generator_ground_truth,docker_multihost,79.0,656.0,0.12042682926829268,0.002206087112426758,6,6,35810.009294282936,0,0,0
0,mh_exfil_multi_03_benign_2012,real,exfil_multi_03,,generator_ground_truth,docker_multihost,79.0,1067.0,0.07403936269915651,0.0006620883941650391,6,6,119319.41519625495,0,0,0
0,mh_exfil_multi_03_benign_2013,real,exfil_multi_03,,generator_ground_truth,docker_multihost,79.0,1989.0,0.03971845148315736,0.002128124237060547,7,5,37121.89289715438,0,0,0
0,mh_exfil_multi_03_benign_2014,real,exfil_multi_03,,generator_ground_truth,docker_multihost,79.0,1329.0,0.059443190368698266,0.0013380050659179688,7,5,59043.12473271561,0,0,0
0,mh_exfil_multi_03_benign_2015,real,exfil_multi_03,,generator_ground_truth,docker_multihost,79.0,424.0,0.18632075471698112,0.001672983169555664,7,5,47221.036910360555,0,0,0
0,mh_exfil_multi_03_benign_2016,real,exfil_multi_03,,generator_ground_truth,docker_multihost,79.0,527.0,0.14990512333965844,0.0015749931335449219,6,6,50158.94883439298,0,0,0
0,mh_exfil_multi_03_benign_2017,real,exfil_multi_03,,generator_ground_truth,docker_multihost,79.0,1538.0,0.05136540962288687,0.001773834228515625,6,6,44536.29247311828,0,0,0
0,mh_exfil_multi_03_benign_2018,real,exfil_multi_03,,generator_ground_truth,docker_multihost,79.0,1356.0,0.05825958702064897,0.002354145050048828,6,6,33557.830261292285,0,0,0
0,mh_exfil_multi_03_benign_2019,real,exfil_multi_03,,generator_ground_truth,docker_multihost,79.0,1316.0,0.06003039513677812,0.001010894775390625,7,5,78148.58867924528,0,0,0
0,mh_exfil_multi_03_benign_2020,real,exfil_multi_03,,generator_ground_truth,docker_multihost,79.0,1949.0,0.040533606977937404,0.001605987548828125,7,5,49190.91686460807,0,0,0
0,mh_exfil_multi_03_benign_2021,real,exfil_multi_03,,generator_ground_truth,docker_multihost,79.0,1766.0,0.04473386183465459,0.0016520023345947266,7,5,47820.755664598066,0,0,0
0,mh_exfil_multi_03_benign_2022,real,exfil_multi_03,,generator_ground_truth,docker_multihost,79.0,1178.0,0.06706281833616298,0.0022361278533935547,6,6,35328.9280307069,0,0,0
0,mh_exfil_multi_03_benign_2023,real,exfil_multi_03,,generator_ground_truth,docker_multihost,79.0,1031.0,0.07662463627546072,0.0027379989624023438,6,6,28853.188436084987,0,0,0
0,mh_exfil_multi_03_benign_2024,real,exfil_multi_03,,generator_ground_truth,docker_multihost,79.0,1534.0,0.051499348109517604,0.0013189315795898438,6,6,59896.96601590745,0,0,0
0,mh_exfil_multi_03_benign_2025,real,exfil_multi_03,,generator_ground_truth,docker_multihost,79.0,1326.0,0.05957767722473605,0.0007991790771484375,7,6,98851.43675417661,0,0,0
0,mh_exfil_multi_03_benign_2026,real,exfil_multi_03,,generator_ground_truth,docker_multihost,79.0,535.0,0.14766355140186915,0.0012688636779785156,7,5,62260.43141676061,0,0,0
0,mh_exfil_multi_03_benign_2027,real,exfil_multi_03,,generator_ground_truth,docker_multihost,79.0,382.0,0.20680628272251309,0.0012898445129394531,6,6,61247.692421441774,0,0,0
0,mh_exfil_multi_03_benign_2028,real,exfil_multi_03,,generator_ground_truth,docker_multihost,79.0,2073.0,0.038109020742884706,0.0008070468902587891,7,5,97887.7447562777,0,0,0
0,mh_exfil_multi_03_benign_2029,real,exfil_multi_03,,generator_ground_truth,docker_multihost,79.0,1345.0,0.058736059479553904,0.002134084701538086,7,5,37018.212043347114,0,0,0
0,mh_exfil_multi_03_benign_2030,real,exfil_multi_03,,generator_ground_truth,docker_multihost,79.0,761.0,0.1038107752956636,0.002065896987915039,6,6,38240.048009232545,0,0,0
0,mh_exfil_multi_03_benign_2031,real,exfil_multi_03,,generator_ground_truth,docker_multihost,79.0,1926.0,0.04101765316718588,0.0006160736083984375,7,6,128231.43034055727,0,0,0
0,mh_exfil_multi_03_benign_2032,real,exfil_multi_03,,generator_ground_truth,docker_multihost,79.0,1758.0,0.044937428896473265,0.001277923583984375,6,6,61819.03283582089,0,0,0
0,mh_exfil_multi_03_benign_2033,real,exfil_multi_03,,generator_ground_truth,docker_multihost,79.0,2050.0,0.03853658536585366,0.0012171268463134766,7,6,64906.95710088149,0,0,0
0,mh_exfil_multi_03_benign_2034,real,exfil_multi_03,,generator_ground_truth,docker_multihost,79.0,1135.0,0.06960352422907488,0.0009009838104248047,6,6,87681.93066948929,0,0,0
0,mh_exfil_multi_03_benign_2035,real,exfil_multi_03,,generator_ground_truth,docker_multihost,79.0,938.0,0.08422174840085288,0.0010318756103515625,7,5,76559.61552680221,0,0,0
0,mh_exfil_multi_03_benign_2036,real,exfil_multi_03,,generator_ground_truth,docker_multihost,79.0,2032.0,0.03887795275590551,0.0012750625610351562,6,6,61957.74420344054,0,0,0
0,mh_exfil_multi_03_benign_2037,real,exfil_multi_03,,generator_ground_truth,docker_multihost,79.0,979.0,0.08069458631256383,0.000762939453125,6,6,103546.88,0,0,0
0,mh_exfil_multi_03_benign_2038,real,exfil_multi_03,,generator_ground_truth,docker_multihost,79.0,1254.0,0.06299840510366826,1.0328588485717773,7,6,76.48673399007046,0,0,0
0,mh_exfil_multi_03_benign_2039,real,exfil_multi_03,,generator_ground_truth,docker_multihost,79.0,1822.0,0.0433589462129528,1.03153395652771,7,6,76.58497279713916,0,0,0
0,mh_exfil_multi_03_benign_2040,real,exfil_multi_03,,generator_ground_truth,docker_multihost,79.0,695.0,0.11366906474820145,0.0020189285278320312,7,5,39129.66650921115,0,0,0
0,mh_exfil_multi_03_benign_2041,real,exfil_multi_03,,generator_ground_truth,docker_multihost,79.0,1723.0,0.045850261172373764,0.0010728836059570312,6,6,73633.3368888889,0,0,0
0,mh_exfil_multi_03_benign_2042,real,exfil_multi_03,,generator_ground_truth,docker_multihost,79.0,1247.0,0.06335204490777867,0.0016179084777832031,7,5,48828.47273798998,0,0,0
0,mh_exfil_multi_03_benign_2043,real,exfil_multi_03,,generator_ground_truth,docker_multihost,79.0,1913.0,0.041296393099843176,0.0016400814056396484,6,6,48168.340747201626,0,0,0
0,mh_exfil_multi_03_benign_2044,real,exfil_multi_03,,generator_ground_truth,docker_multihost,79.0,1878.0,0.04206602768903089,0.0018770694732666016,7,6,42086.88123967992,0,0,0
0,mh_exfil_multi_03_benign_2045,real,exfil_multi_03,,generator_ground_truth,docker_multihost,79.0,425.0,0.18588235294117647,0.002076864242553711,6,6,38038.11456778785,0,0,0
0,mh_exfil_multi_03_benign_2046,real,exfil_multi_03,,generator_ground_truth,docker_multihost,79.0,337.0,0.2344213649851632,0.002192974090576172,6,6,36024.137421178515,0,0,0
0,mh_exfil_multi_03_benign_2047,real,exfil_multi_03,,generator_ground_truth,docker_multihost,79.0,1150.0,0.06869565217391305,0.001222848892211914,7,6,64603.23961785923,0,0,0
0,mh_exfil_multi_03_benign_2048,real,exfil_multi_03,,generator_ground_truth,docker_multihost,79.0,1091.0,0.07241063244729606,0.0016222000122070312,6,6,48699.29688418577,0,0,0
0,mh_exfil_multi_03_benign_2049,real,exfil_multi_03,,generator_ground_truth,docker_multihost,79.0,1922.0,0.041103017689906346,0.004034996032714844,6,6,19578.70574332309,0,0,0
0,mh_exfil_multi_03_benign_2050,real,exfil_multi_03,,generator_ground_truth,docker_multihost,79.0,376.0,0.21010638297872342,0.0031249523162841797,7,5,25280.38574807355,0,0,0
0,mh_exfil_multi_03_benign_2051,real,exfil_multi_03,,generator_ground_truth,docker_multihost,79.0,1964.0,0.040224032586558045,0.0018680095672607422,7,5,42291.003956604975,0,0,0
0,mh_exfil_multi_03_benign_2052,real,exfil_multi_03,,generator_ground_truth,docker_multihost,79.0,997.0,0.07923771313941826,0.0019609928131103516,6,6,40285.71623100304,0,0,0
0,mh_exfil_multi_03_benign_2053,real,exfil_multi_03,,generator_ground_truth,docker_multihost,79.0,431.0,0.18329466357308585,0.0025339126586914062,6,6,31177.080918328942,0,0,0
0,mh_exfil_multi_03_benign_2054,real,exfil_multi_03,,generator_ground_truth,docker_multihost,79.0,920.0,0.08586956521739131,0.0033669471740722656,7,6,23463.391587593826,0,0,0
0,mh_exfil_multi_03_benign_2055,real,exfil_multi_03,,generator_ground_truth,docker_multihost,79.0,1951.0,0.040492055356227574,0.0009198188781738281,6,6,85886.47382063245,0,0,0
0,mh_exfil_multi_03_benign_2056,real,exfil_multi_03,,generator_ground_truth,docker_multihost,79.0,1886.0,0.04188759278897137,0.0009059906005859375,6,6,87197.37263157895,0,0,0
0,mh_exfil_multi_03_benign_2057,real,exfil_multi_03,,generator_ground_truth,docker_multihost,79.0,347.0,0.2276657060518732,0.0008711814880371094,6,6,90681.44937055281,0,0,0
0,mh_exfil_multi_03_benign_2058,real,exfil_multi_03,,generator_ground_truth,docker_multihost,79.0,643.0,0.12286158631415241,0.0011501312255859375,7,5,68687.81426202321,0,0,0
0,mh_exfil_multi_03_benign_2059,real,exfil_multi_03,,generator_ground_truth,docker_multihost,79.0,800.0,0.09875,0.0012171268463134766,7,5,64906.95710088149,0,0,0
0,mh_exfil_multi_03_benign_2060,real,exfil_multi_03,,generator_ground_truth,docker_multihost,79.0,1979.0,0.03991915108640728,0.0017240047454833984,6,6,45823.539759369385,0,0,0
0,mh_exfil_multi_03_benign_2061,real,exfil_multi_03,,generator_ground_truth,docker_multihost,79.0,1006.0,0.07852882703777336,0.004224061965942383,6,6,18702.377151888017,0,0,0
0,mh_exfil_multi_03_benign_2062,real,exfil_multi_03,,generator_ground_truth,docker_multihost,79.0,648.0,0.12191358024691358,0.002691030502319336,7,5,29356.78355630371,0,0,0
0,mh_exfil_multi_03_benign_2063,real,exfil_multi_03,,generator_ground_truth,docker_multihost,79.0,1368.0,0.0577485380116959,0.0022389888763427734,6,6,35283.78404855713,0,0,0
0,mh_exfil_multi_03_benign_2064,real,exfil_multi_03,,generator_ground_truth,docker_multihost,79.0,1907.0,0.041426324069218666,0.0009479522705078125,7,5,83337.5291750503,0,0,0
0,mh_exfil_multi_03_benign_2065,real,exfil_multi_03,,generator_ground_truth,docker_multihost,79.0,1203.0,0.0656691604322527,0.0018939971923828125,7,5,41710.72708962739,0,0,0
0,mh_exfil_multi_03_benign_2066,real,exfil_multi_03,,generator_ground_truth,docker_multihost,79.0,1624.0,0.04864532019704434,0.0014519691467285156,7,5,54408.869622331695,0,0,0
0,mh_exfil_multi_03_benign_2067,real,exfil_multi_03,,generator_ground_truth,docker_multihost,79.0,1037.0,0.07618129218900675,0.0020580291748046875,6,6,38386.2391102873,0,0,0
0,mh_exfil_multi_03_benign_2068,real,exfil_multi_03,,generator_ground_truth,docker_multihost,79.0,1023.0,0.0772238514173998,0.0036170482635498047,7,5,21841.01351262277,0,0,0
0,mh_exfil_multi_03_benign_2069,real,exfil_multi_03,,generator_ground_truth,docker_multihost,79.0,1157.0,0.0682800345721694,0.004984140396118164,6,6,15850.275819182014,0,0,0
0,mh_exfil_multi_03_benign_2070,real,exfil_multi_03,,generator_ground_truth,docker_multihost,79.0,1694.0,0.046635182998819365,0.001300811767578125,6,6,60731.30791788856,0,0,0
0,mh_exfil_multi_03_benign_2071,real,exfil_multi_03,,generator_ground_truth,docker_multihost,79.0,751.0,0.1051930758988016,0.004481077194213867,6,6,17629.68959829742,0,0,0
0,mh_exfil_multi_03_benign_2072,real,exfil_multi_03,,generator_ground_truth,docker_multihost,79.0,641.0,0.12324492979719189,0.006211042404174805,6,6,12719.282023722697,0,0,0
0,mh_exfil_multi_03_benign_2073,real,exfil_multi_03,,generator_ground_truth,docker_multihost,79.0,313.0,0.2523961661341853,0.005034923553466797,6,6,15690.407046121793,0,0,0
0,mh_exfil_multi_03_benign_2074,real,exfil_multi_03,,generator_ground_truth,docker_multihost,79.0,1382.0,0.057163531114327065,0.0014700889587402344,6,6,53738.24456698021,0,0,0
0,mh_exfil_multi_03_benign_2075,real,exfil_multi_03,,generator_ground_truth,docker_multihost,79.0,353.0,0.2237960339943343,0.004756927490234375,7,5,16607.35846030473,0,0,0
0,mh_exfil_multi_03_benign_2076,real,exfil_multi_03,,generator_ground_truth,docker_multihost,79.0,1421.0,0.055594651653764954,0.0025229454040527344,6,6,31312.607824607825,0,0,0
0,mh_exfil_multi_03_benign_2077,real,exfil_multi_03,,generator_ground_truth,docker_multihost,79.0,2107.0,0.03749406739439962,0.0017399787902832031,6,6,45402.85228829816,0,0,0
0,mh_exfil_multi_03_benign_2078,real,exfil_multi_03,,generator_ground_truth,docker_multihost,79.0,318.0,0.24842767295597484,0.0023491382598876953,6,6,33629.35309042931,0,0,0
0,mh_exfil_multi_03_benign_2079,real,exfil_multi_03,,generator_ground_truth,docker_multihost,79.0,1965.0,0.04020356234096692,0.0035600662231445312,6,6,22190.59844628985,0,0,0
0,mh_exfil_multi_03_benign_2080,real,exfil_multi_03,,generator_ground_truth,docker_multihost,79.0,1845.0,0.042818428184281845,0.003582000732421875,6,6,22054.713525026626,0,0,0
0,mh_exfil_multi_03_benign_2081,real,exfil_multi_03,,generator_ground_truth,docker_multihost,79.0,956.0,0.08263598326359832,0.003902912139892578,6,6,20241.29602932193,0,0,0
0,mh_exfil_multi_03_benign_2082,real,exfil_multi_03,,generator_ground_truth,docker_multihost,79.0,879.0,0.08987485779294653,0.0030460357666015625,7,6,25935.34877896055,0,0,0
0,mh_exfil_multi_03_benign_2083,real,exfil_multi_03,,generator_ground_truth,docker_multihost,79.0,387.0,0.2041343669250646,0.001065969467163086,7,6,74110.94072914337,0,0,0
0,mh_exfil_multi_03_benign_2084,real,exfil_multi_03,,generator_ground_truth,docker_multihost,79.0,473.0,0.16701902748414377,0.001667022705078125,7,5,47389.87643020595,0,0,0
0,mh_exfil_multi_03_benign_2085,real,exfil_multi_03,,generator_ground_truth,docker_multihost,79.0,2016.0,0.039186507936507936,0.004339933395385742,6,6,18203.044333351645,0,0,0
0,mh_exfil_multi_03_benign_2086,real,exfil_multi_03,,generator_ground_truth,docker_multihost,79.0,1828.0,0.04321663019693654,0.004765987396240234,6,6,16575.788694347175,0,0,0
0,mh_exfil_multi_03_benign_2087,real,exfil_multi_03,,generator_ground_truth,docker_multihost,79.0,1141.0,0.06923751095530237,0.003564119338989258,7,5,22165.363301893103,0,0,0
0,mh_exfil_multi_03_benign_2088,real,exfil_multi_03,,generator_ground_truth,docker_multihost,79.0,1056.0,0.07481060606060606,0.0018999576568603516,7,5,41579.874011795706,0,0,0
0,mh_exfil_multi_03_benign_2089,real,exfil_multi_03,,generator_ground_truth,docker_multihost,79.0,438.0,0.18036529680365296,0.0014028549194335938,6,6,56313.73487423521,0,0,0
0,mh_exfil_multi_03_benign_2090,real,exfil_multi_03,,generator_ground_truth,docker_multihost,79.0,732.0,0.10792349726775956,0.002248048782348633,6,6,35141.586170325594,0,0,0
0,mh_exfil_multi_03_benign_2091,real,exfil_multi_03,,generator_ground_truth,docker_multihost,79.0,1051.0,0.07516650808753568,0.0024530887603759766,6,6,32204.297404995625,0,0,0
0,mh_exfil_multi_03_benign_2092,real,exfil_multi_03,,generator_ground_truth,docker_multihost,79.0,742.0,0.10646900269541779,0.0008499622344970703,6,6,92945.30603085554,0,0,0
0,mh_exfil_multi_03_benign_2093,real,exfil_multi_03,,generator_ground_truth,docker_multihost,79.0,1717.0,0.046010483401281305,0.0023300647735595703,7,5,33904.63685664586,0,0,0
0,mh_exfil_multi_03_benign_2094,real,exfil_multi_03,,generator_ground_truth,docker_multihost,79.0,618.0,0.127831715210356,0.002933025360107422,6,6,26934.646073809137,0,0,0
0,mh_exfil_multi_03_benign_2095,real,exfil_multi_03,,generator_ground_truth,docker_multihost,79.0,1848.0,0.04274891774891775,0.003790140151977539,6,6,20843.55639428823,0,0,0
0,mh_exfil_multi_03_benign_2096,real,exfil_multi_03,,generator_ground_truth,docker_multihost,79.0,1283.0,0.06157443491816056,0.004625082015991211,7,5,17080.778184442497,0,0,0
0,mh_exfil_multi_03_benign_2097,real,exfil_multi_03,,generator_ground_truth,docker_multihost,79.0,905.0,0.08729281767955802,0.003401041030883789,6,6,23228.18198387662,0,0,0
0,mh_exfil_multi_03_benign_2098,real,exfil_multi_03,,generator_ground_truth,docker_multihost,79.0,1152.0,0.0685763888888889,0.004458189010620117,7,5,17720.199796780576,0,0,0
0,mh_exfil_multi_03_benign_2099,real,exfil_multi_03,,generator_ground_truth,docker_multihost,79.0,1765.0,0.04475920679886686,0.0014820098876953125,7,5,53305.98712998713,0,0,0
0,mh_exfil_multi_03_benign_2100,real,exfil_multi_03,,generator_ground_truth,docker_multihost,79.0,1381.0,0.05720492396813903,0.0015101432800292969,7,6,52312.91695610988,0,0,0
0,mh_exfil_multi_03_benign_2101,real,exfil_multi_03,,generator_ground_truth,docker_multihost,79.0,1862.0,0.04242749731471536,0.0007939338684082031,7,5,99504.50930930932,0,0,0
0,mh_exfil_multi_03_benign_2102,real,exfil_multi_03,,generator_ground_truth,docker_multihost,79.0,614.0,0.12866449511400652,0.0013802051544189453,7,5,57237.86768008291,0,0,0
0,mh_exfil_multi_03_benign_2103,real,exfil_multi_03,,generator_ground_truth,docker_multihost,79.0,1182.0,0.06683587140439932,0.0011320114135742188,7,6,69787.28222409435,0,0,0
0,mh_exfil_multi_03_benign_2104,real,exfil_multi_03,,generator_ground_truth,docker_multihost,79.0,329.0,0.24012158054711247,0.0006690025329589844,7,6,118086.24946543122,0,0,0
0,mh_exfil_multi_03_benign_2105,real,exfil_multi_03,,generator_ground_truth,docker_multihost,79.0,1129.0,0.06997342781222321,0.0011360645294189453,6,6,69538.30346274922,0,0,0
0,mh_exfil_multi_03_benign_2106,real,exfil_multi_03,,generator_ground_truth,docker_multihost,79.0,1309.0,0.060351413292589765,0.003165006637573242,6,6,24960.4531826742,0,0,0
0,mh_exfil_multi_03_benign_2107,real,exfil_multi_03,,generator_ground_truth,docker_multihost,79.0,1668.0,0.047362110311750596,0.0018830299377441406,6,6,41953.66118004558,0,0,0
0,mh_exfil_multi_03_benign_2108,real,exfil_multi_03,,generator_ground_truth,docker_multihost,79.0,2060.0,0.0383495145631068,0.003245115280151367,7,6,24344.281536992137,0,0,0
0,mh_exfil_multi_03_benign_2109,real,exfil_multi_03,,generator_ground_truth,docker_multihost,79.0,1608.0,0.049129353233830844,0.0034258365631103516,7,5,23060.060964576518,0,0,0
0,mh_exfil_multi_03_benign_2110,real,exfil_multi_03,,generator_ground_truth,docker_multihost,79.0,1791.0,0.044109436069235064,0.002699136734008789,6,6,29268.617259959366,0,0,0
0,mh_exfil_multi_03_benign_2111,real,exfil_multi_03,,generator_ground_truth,docker_multihost,79.0,1193.0,0.06621961441743504,0.0032079219818115234,6,6,24626.534076551467,0,0,0
0,mh_exfil_multi_03_benign_2112,real,exfil_multi_03,,generator_ground_truth,docker_multihost,79.0,1606.0,0.04919053549190536,0.003637075424194336,6,6,21720.748344804982,0,0,0
0,mh_exfil_multi_03_benign_2113,real,exfil_multi_03,,generator_ground_truth,docker_multihost,79.0,818.0,0.09657701711491443,0.0049550533294677734,6,6,15943.319828706153,0,0,0
0,mh_exfil_multi_03_benign_2114,real,exfil_multi_03,,generator_ground_truth,docker_multihost,79.0,2062.0,0.03831231813773036,0.0030748844146728516,6,6,25692.022640924246,0,0,0
0,mh_exfil_multi_03_benign_2115,real,exfil_multi_03,,generator_ground_truth,docker_multihost,79.0,1460.0,0.05410958904109589,0.004558086395263672,6,6,17331.834710743802,0,0,0
0,mh_exfil_multi_03_benign_2116,real,exfil_multi_03,,generator_ground_truth,docker_multihost,79.0,399.0,0.19799498746867167,0.0022249221801757812,7,6,35506.85983711959,0,0,0
0,mh_exfil_multi_03_benign_2117,real,exfil_multi_03,,generator_ground_truth,docker_multihost,79.0,1635.0,0.048318042813455656,0.0029420852661132812,7,5,26851.703079416533,0,0,0
0,mh_exfil_multi_03_benign_2118,real,exfil_multi_03,,generator_ground_truth,docker_multihost,79.0,1912.0,0.04131799163179916,0.00209808349609375,6,6,37653.41090909091,0,0,0
0,mh_exfil_multi_03_benign_2119,real,exfil_multi_03,,generator_ground_truth,docker_multihost,79.0,520.0,0.1519230769230769,0.0028998851776123047,7,5,27242.45794623037,0,0,0
0,mh_exfil_multi_03_benign_2120,real,exfil_multi_03,,generator_ground_truth,docker_multihost,79.0,630.0,0.1253968253968254,0.003345012664794922,7,5,23617.249893086242,0,0,0
0,mh_exfil_multi_03_benign_2121,real,exfil_multi_03,,generator_ground_truth,docker_multihost,79.0,1576.0,0.05012690355329949,0.0008859634399414062,6,6,89168.4650161464,0,0,0
0,mh_exfil_multi_03_benign_2122,real,exfil_multi_03,,generator_ground_truth,docker_multihost,79.0,1984.0,0.039818548387096774,0.0016949176788330078,6,6,46609.93332395555,0,0,0
0,mh_exfil_multi_03_benign_2123,real,exfil_multi_03,,generator_ground_truth,docker_multihost,79.0,1359.0,0.058130978660779986,0.0009000301361083984,7,5,87774.83867549669,0,0,0
0,mh_exfil_multi_03_benign_2124,real,exfil_multi_03,,generator_ground_truth,docker_multihost,79.0,1664.0,0.047475961538461536,0.0005791187286376953,6,6,136414.16879374228,0,0,0
0,mh_exfil_multi_03_benign_2125,real,exfil_multi_03,,generator_ground_truth,docker_multihost,79.0,1838.0,0.04298150163220892,0.0006489753723144531,6,6,121730.35121234387,0,0,0
0,mh_exfil_multi_03_benign_2126,real,exfil_multi_03,,generator_ground_truth,docker_multihost,79.0,1716.0,0.04603729603729604,0.0006868839263916016,7,6,115012.15411315515,0,0,0
0,mh_exfil_multi_03_benign_2127,real,exfil_multi_03,,generator_ground_truth,docker_multihost,79.0,656.0,0.12042682926829268,0.0007910728454589844,7,6,99864.38095238095,0,0,0
0,mh_exfil_multi_03_benign_2128,real,exfil_multi_03,,generator_ground_truth,docker_multihost,79.0,1667.0,0.047390521895620874,0.0013980865478515625,7,5,56505.800818553886,0,0,0
0,mh_exfil_multi_03_benign_2129,real,exfil_multi_03,,generator_ground_truth,docker_multihost,79.0,1185.0,0.06666666666666667,0.0015540122985839844,6,6,50836.14851181344,0,0,0
0,mh_exfil_multi_03_benign_2130,real,exfil_multi_03,,generator_ground_truth,docker_multihost,79.0,1569.0,0.05035054174633524,0.001997232437133789,7,5,39554.7351080339,0,0,0
0,mh_exfil_multi_03_benign_2131,real,exfil_multi_03,,generator_ground_truth,docker_multihost,79.0,1093.0,0.07227813357731015,0.002992868423461914,6,6,26396.081892774637,0,0,0
0,mh_exfil_multi_03_benign_2132,real,exfil_multi_03,,generator_ground_truth,docker_multihost,79.0,697.0,0.1133428981348637,0.001432180404663086,7,5,55160.64857666056,0,0,0
0,mh_exfil_multi_03_benign_2133,real,exfil_multi_03,,generator_ground_truth,docker_multihost,79.0,1987.0,0.03975842979365878,0.00150299072265625,6,6,52561.868020304566,0,0,0
0,mh_exfil_multi_03_benign_2134,real,exfil_multi_03,,generator_ground_truth,docker_multihost,79.0,1235.0,0.06396761133603239,0.0013458728790283203,7,5,58697.96563330381,0,0,0
0,mh_exfil_multi_03_benign_2135,real,exfil_multi_03,,generator_ground_truth,docker_multihost,79.0,1540.0,0.0512987012987013,0.001104116439819336,6,6,71550.42453033902,0,0,0
0,mh_exfil_multi_03_benign_2136,real,exfil_multi_03,,generator_ground_truth,docker_multihost,79.0,1618.0,0.04882571075401731,0.0005948543548583984,6,6,132805.61763527055,0,0,0
0,mh_exfil_multi_03_benign_2137,real,exfil_multi_03,,generator_ground_truth,docker_multihost,79.0,519.0,0.15221579961464354,0.0012080669403076172,7,6,65393.72725478587,0,0,0
0,mh_exfil_multi_03_benign_2138,real,exfil_multi_03,,generator_ground_truth,docker_multihost,79.0,1816.0,0.043502202643171804,0.002732992172241211,7,5,28906.04693361249,0,0,0
0,mh_exfil_multi_03_benign_2139,real,exfil_multi_03,,generator_ground_truth,docker_multihost,79.0,1572.0,0.05025445292620865,0.002663850784301758,6,6,29656.31576121006,0,0,0
0,mh_exfil_multi_03_benign_2140,real,exfil_multi_03,,generator_ground_truth,docker_multihost,79.0,1729.0,0.04569115095430885,0.0007328987121582031,7,6,107791.15679895901,0,0,0
0,mh_exfil_multi_03_benign_2141,real,exfil_multi_03,,generator_ground_truth,docker_multihost,79.0,1875.0,0.042133333333333335,0.0013420581817626953,6,6,58864.81009060224,0,0,0
0,mh_exfil_multi_03_benign_2142,real,exfil_multi_03,,generator_ground_truth,docker_multihost,79.0,1324.0,0.05966767371601209,0.0021619796752929688,6,6,36540.58403176004,0,0,0
0,mh_exfil_multi_03_benign_2143,real,exfil_multi_03,,generator_ground_truth,docker_multihost,79.0,1659.0,0.047619047619047616,0.0016269683837890625,7,5,48556.5674091442,0,0,0
0,mh_exfil_multi_03_benign_2144,real,exfil_multi_03,,generator_ground_truth,docker_multihost,79.0,1374.0,0.05749636098981077,0.0039000511169433594,6,6,20256.144760973224,0,0,0
0,mh_exfil_multi_03_benign_2145,real,exfil_multi_03,,generator_ground_truth,docker_multihost,79.0,2106.0,0.03751187084520418,0.0028901100158691406,7,5,27334.599571027884,0,0,0
0,mh_exfil_multi_03_benign_2146,real,exfil_multi_03,,generator_ground_truth,docker_multihost,79.0,666.0,0.11861861861861862,0.003312826156616211,6,6,23846.708600215905,0,0,0
0,mh_exfil_multi_03_benign_2147,real,exfil_multi_03,,generator_ground_truth,docker_multihost,79.0,1552.0,0.0509020618556701,0.0044820308685302734,6,6,17625.938400978775,0,0,0
0,mh_exfil_multi_03_benign_2148,real,exfil_multi_03,,generator_ground_truth,docker_multihost,79.0,1727.0,0.045744064852345105,0.0016679763793945312,6,6,47362.78101772442,0,0,0
0,mh_exfil_multi_03_benign_2149,real,exfil_multi_03,,generator_ground_truth,docker_multihost,79.0,1901.0,0.041557075223566546,0.0017540454864501953,6,6,45038.74079108332,0,0,0
0,mh_exfil_multi_03_benign_2150,real,exfil_multi_03,,generator_ground_truth,docker_multihost,79.0,1531.0,0.051600261267145654,0.003950834274291992,7,5,19995.776718363406,0,0,0
0,mh_exfil_multi_03_benign_2151,real,exfil_multi_03,,generator_ground_truth,docker_multihost,79.0,1643.0,0.04808277541083384,0.001085042953491211,7,5,72808.17754339706,0,0,0
0,mh_exfil_multi_03_benign_2152,real,exfil_multi_03,,generator_ground_truth,docker_multihost,79.0,1077.0,0.0733519034354689,0.0009338855743408203,6,6,84592.80469747256,0,0,0
0,mh_exfil_multi_03_benign_2153,real,exfil_multi_03,,generator_ground_truth,docker_multihost,79.0,1123.0,0.07034728406055209,0.0008959770202636719,6,6,88171.90420436402,0,0,0
0,mh_exfil_multi_03_benign_2154,real,exfil_multi_03,,generator_ground_truth,docker_multihost,79.0,1877.0,0.04208843899840171,0.0006880760192871094,6,6,114812.89535689536,0,0,0
0,mh_exfil_multi_03_benign_2155,real,exfil_multi_03,,generator_ground_truth,docker_multihost,79.0,1920.0,0.04114583333333333,0.0016260147094726562,7,5,48585.04633431085,0,0,0
0,mh_exfil_multi_03_benign_2156,real,exfil_multi_03,,generator_ground_truth,docker_multihost,79.0,1765.0,0.04475920679886686,0.0017740726470947266,7,5,44530.30721677194,0,0,0
0,mh_exfil_multi_03_benign_2157,real,exfil_multi_03,,generator_ground_truth,docker_multihost,79.0,1312.0,0.06021341463414634,0.0020570755004882812,6,6,38404.03523412147,0,0,0
0,mh_exfil_multi_03_benign_2158,real,exfil_multi_03,,generator_ground_truth,docker_multihost,79.0,793.0,0.09962168978562422,0.002888917922973633,7,5,27345.879012957004,0,0,0
0,mh_exfil_multi_03_benign_2159,real,exfil_multi_03,,generator_ground_truth,docker_multihost,79.0,1559.0,0.05067350865939705,0.0021419525146484375,7,5,36882.23686553873,0,0,0
0,mh_exfil_multi_03_benign_2160,real,exfil_multi_03,,generator_ground_truth,docker_multihost,79.0,1748.0,0.04519450800915332,0.00226593017578125,7,5,34864.26936026936,0,0,0
0,mh_exfil_multi_03_benign_2161,real,exfil_multi_03,,generator_ground_truth,docker_multihost,79.0,1978.0,0.03993933265925177,0.0023200511932373047,6,6,34050.97276744425,0,0,0
0,mh_exfil_multi_03_benign_2162,real,exfil_multi_03,,generator_ground_truth,docker_multihost,79.0,1377.0,0.05737109658678286,0.0032050609588623047,6,6,24648.517146470283,0,0,0
0,mh_exfil_multi_03_benign_2163,real,exfil_multi_03,,generator_ground_truth,docker_multihost,79.0,1118.0,0.0706618962432916,0.001096963882446289,6,6,72016.95631384481,0,0,0
0,mh_exfil_multi_03_benign_2164,real,exfil_multi_03,,generator_ground_truth,docker_multihost,79.0,1421.0,0.055594651653764954,0.005948066711425781,7,5,13281.626422959756,0,0,0
0,mh_exfil_multi_03_benign_2165,real,exfil_multi_03,,generator_ground_truth,docker_multihost,79.0,1739.0,0.04542840713053479,0.0038678646087646484,7,5,20424.706651050976,0,0,0
0,mh_exfil_multi_03_benign_2166,real,exfil_multi_03,,generator_ground_truth,docker_multihost,79.0,532.0,0.14849624060150377,0.003949880599975586,7,5,20000.604575360656,0,0,0
0,mh_exfil_multi_03_benign_2167,real,exfil_multi_03,,generator_ground_truth,docker_multihost,79.0,1741.0,0.045376220562894885,0.0022039413452148438,7,6,35844.87408048464,0,0,0
0,mh_exfil_multi_03_benign_2168,real,exfil_multi_03,,generator_ground_truth,docker_multihost,79.0,329.0,0.24012158054711247,0.0036580562591552734,6,6,21596.16867626931,0,0,0
0,mh_exfil_multi_03_benign_2169,real,exfil_multi_03,,generator_ground_truth,docker_multihost,79.0,1538.0,0.05136540962288687,0.0023560523986816406,7,5,33530.66342845578,0,0,0
0,mh_exfil_multi_03_benign_2170,real,exfil_multi_03,,generator_ground_truth,docker_multihost,79.0,1020.0,0.07745098039215687,0.0021321773529052734,6,6,37051.326847813936,0,0,0
0,mh_exfil_multi_03_benign_2171,real,exfil_multi_03,,generator_ground_truth,docker_multihost,79.0,1492.0,0.05294906166219839,0.0024759769439697266,6,6,31906.597592681752,0,0,0
0,mh_exfil_multi_03_benign_2172,real,exfil_multi_03,,generator_ground_truth,docker_multihost,79.0,720.0,0.10972222222222222,0.0025920867919921875,7,5,30477.374540103017,0,0,0
0,mh_exfil_multi_03_benign_2173,real,exfil_multi_03,,generator_ground_truth,docker_multihost,79.0,1417.0,0.05575158786167961,0.002456188201904297,6,6,32163.659095321298,0,0,0
0,mh_exfil_multi_03_benign_2174,real,exfil_multi_03,,generator_ground_truth,docker_multihost,79.0,1565.0,0.05047923322683706,0.0029211044311523438,7,5,27044.56545870062,0,0,0
0,mh_exfil_multi_03_benign_2175,real,exfil_multi_03,,generator_ground_truth,docker_multihost,79.0,2112.0,0.03740530303030303,0.003412961959838867,7,6,23147.04966818023,0,0,0
0,mh_exfil_multi_03_benign_2176,real,exfil_multi_03,,generator_ground_truth,docker_multihost,79.0,1060.0,0.07452830188679245,0.006555795669555664,7,5,12050.406080663344,0,0,0
0,mh_exfil_multi_03_benign_2177,real,exfil_multi_03,,generator_ground_truth,docker_multihost,79.0,482.0,0.16390041493775934,0.003364086151123047,6,6,23483.346279234585,0,0,0
0,mh_exfil_multi_03_benign_2178,real,exfil_multi_03,,generator_ground_truth,docker_multihost,79.0,1364.0,0.05791788856304985,0.002807140350341797,6,6,28142.518770171566,0,0,0
0,mh_exfil_multi_03_benign_2179,real,exfil_multi_03,,generator_ground_truth,docker_multihost,79.0,879.0,0.08987485779294653,0.0026171207427978516,6,6,30185.844584130453,0,0,0
0,mh_exfil_multi_03_benign_2180,real,exfil_multi_03,,generator_ground_truth,docker_multihost,79.0,2101.0,0.0376011423131842,0.003557920455932617,7,5,22203.981505059306,0,0,0
0,mh_exfil_multi_03_benign_2181,real,exfil_multi_03,,generator_ground_truth,docker_multihost,79.0,1405.0,0.056227758007117434,0.0008640289306640625,6,6,91432.12362030905,0,0,0
0,mh_exfil_multi_03_benign_2182,real,exfil_multi_03,,generator_ground_truth,docker_multihost,79.0,647.0,0.12210200927357033,0.0017430782318115234,6,6,45322.11954588976,0,0,0
0,mh_exfil_multi_03_benign_2183,real,exfil_multi_03,,generator_ground_truth,docker_multihost,79.0,351.0,0.22507122507122507,0.0007638931274414062,7,6,103417.60799001249,0,0,0
0,mh_exfil_multi_03_benign_2184,real,exfil_multi_03,,generator_ground_truth,docker_multihost,79.0,1245.0,0.06345381526104418,0.0009579658508300781,6,6,82466.40517670482,0,0,0
0,mh_exfil_multi_03_benign_2185,real,exfil_multi_03,,generator_ground_truth,docker_multihost,79.0,2036.0,0.03880157170923379,0.0011851787567138672,6,6,66656.61154697245,0,0,0
0,mh_exfil_multi_03_benign_2186,real,exfil_multi_03,,generator_ground_truth,docker_multihost,79.0,745.0,0.10604026845637583,0.0009520053863525391,7,5,82982.72376659153,0,0,0
0,mh_exfil_multi_03_benign_2187,real,exfil_multi_03,,generator_ground_truth,docker_multihost,79.0,1248.0,0.06330128205128205,0.0015919208526611328,6,6,49625.58274674255,0,0,0
0,mh_exfil_multi_03_benign_2188,real,exfil_multi_03,,generator_ground_truth,docker_multihost,79.0,1579.0,0.050031665611146296,0.0013279914855957031,6,6,59488.333213644524,0,0,0
0,mh_exfil_multi_03_benign_2189,real,exfil_multi_03,,generator_ground_truth,docker_multihost,79.0,1731.0,0.04563835932986713,0.0012891292572021484,7,5,61281.67486591455,0,0,0
0,mh_exfil_multi_03_benign_2190,real,exfil_multi_03,,generator_ground_truth,docker_multihost,79.0,2042.0,0.03868756121449559,0.0017020702362060547,6,6,46414.0658355512,0,0,0
0,mh_exfil_multi_03_benign_2191,real,exfil_multi_03,,generator_ground_truth,docker_multihost,79.0,1280.0,0.06171875,0.0035409927368164062,7,5,22310.127659574468,0,0,0
0,mh_exfil_multi_03_benign_2192,real,exfil_multi_03,,generator_ground_truth,docker_multihost,79.0,432.0,0.18287037037037038,0.0038099288940429688,6,6,20735.295118898623,0,0,0
0,mh_exfil_multi_03_benign_2193,real,exfil_multi_03,,generator_ground_truth,docker_multihost,79.0,881.0,0.08967082860385925,0.00469517707824707,7,5,16825.77646879602,0,0,0
0,mh_exfil_multi_03_benign_2194,real,exfil_multi_03,,generator_ground_truth,docker_multihost,79.0,538.0,0.14684014869888476,0.0050678253173828125,7,6,15588.540459164471,0,0,0
0,mh_exfil_multi_03_benign_2195,real,exfil_multi_03,,generator_ground_truth,docker_multihost,79.0,1602.0,0.04931335830212235,0.004258871078491211,6,6,18549.51665453731,0,0,0
0,mh_exfil_multi_03_benign_2196,real,exfil_multi_03,,generator_ground_truth,docker_multihost,79.0,857.0,0.09218203033838973,0.005658149719238281,6,6,13962.161469745492,0,0,0
0,mh_exfil_multi_03_benign_2197,real,exfil_multi_03,,generator_ground_truth,docker_multihost,79.0,731.0,0.10807113543091655,0.005622148513793945,7,5,14051.56761799754,0,0,0
0,mh_exfil_multi_03_benign_2198,real,exfil_multi_03,,generator_ground_truth,docker_multihost,79.0,1306.0,0.06049004594180704,0.005349874496459961,7,5,14766.701546414724,0,0,0
0,mh_exfil_multi_03_benign_2199,real,exfil_multi_03,,generator_ground_truth,docker_multihost,79.0,322.0,0.2453416149068323,0.0018320083618164062,7,5,43122.07391983342,0,0,0
0,mh_exfil_multi_03_benign_2200,real,exfil_multi_03,,generator_ground_truth,docker_multihost,79.0,1663.0,0.047504509921828024,0.001984119415283203,7,6,39816.15188656573,0,0,0
0,mh_exfil_multi_03_benign_2201,real,exfil_multi_03,,generator_ground_truth,docker_multihost,79.0,1434.0,0.05509065550906555,0.003918170928955078,7,5,20162.469027625655,0,0,0
0,mh_exfil_multi_03_benign_2202,real,exfil_multi_03,,generator_ground_truth,docker_multihost,79.0,1845.0,0.042818428184281845,0.002643108367919922,6,6,29889.050694569727,0,0,0
0,mh_exfil_multi_03_benign_2203,real,exfil_multi_03,,generator_ground_truth,docker_multihost,79.0,1061.0,0.07445805843543826,0.0037729740142822266,6,6,20938.38963665087,0,0,0
0,mh_exfil_multi_03_benign_2204,real,exfil_multi_03,,generator_ground_truth,docker_multihost,79.0,710.0,0.11126760563380282,0.0035848617553710938,6,6,22037.111997871776,0,0,0
0,mh_exfil_multi_03_benign_2205,real,exfil_multi_03,,generator_ground_truth,docker_multihost,79.0,375.0,0.21066666666666667,0.0039520263671875,6,6,19989.745173745174,0,0,0
0,mh_exfil_multi_03_benign_2206,real,exfil_multi_03,,generator_ground_truth,docker_multihost,79.0,1606.0,0.04919053549190536,0.005460023880004883,6,6,14468.801187721061,0,0,0
0,mh_exfil_multi_03_benign_2207,real,exfil_multi_03,,generator_ground_truth,docker_multihost,79.0,839.0,0.09415971394517282,0.007476091384887695,7,5,10567.019038811111,0,0,0
0,mh_exfil_multi_03_benign_2208,real,exfil_multi_03,,generator_ground_truth,docker_multihost,79.0,1718.0,0.0459837019790454,0.002490997314453125,7,5,31714.20520673813,0,0,0
0,mh_exfil_multi_03_benign_2209,real,exfil_multi_03,,generator_ground_truth,docker_multihost,79.0,1983.0,0.03983862834089763,0.0025720596313476562,7,5,30714.684464219503,0,0,0
0,mh_exfil_multi_03_benign_2210,real,exfil_multi_03,,generator_ground_truth,docker_multihost,79.0,657.0,0.1202435312024353,0.0024089813232421875,7,5,32793.94457640538,0,0,0
0,mh_exfil_multi_03_benign_2211,real,exfil_multi_03,,generator_ground_truth,docker_multihost,79.0,1230.0,0.06422764227642276,0.0029888153076171875,7,5,26431.87747287811,0,0,0
0,mh_exfil_multi_03_benign_2212,real,exfil_multi_03,,generator_ground_truth,docker_multihost,79.0,1248.0,0.06330128205128205,0.003125905990600586,7,5,25272.673022652736,0,0,0
0,mh_exfil_multi_03_benign_2213,real,exfil_multi_03,,generator_ground_truth,docker_multihost,79.0,1333.0,0.05926481620405101,0.0037300586700439453,7,6,21179.291530840525,0,0,0
0,mh_exfil_multi_03_benign_2214,real,exfil_multi_03,,generator_ground_truth,docker_multihost,79.0,732.0,0.10792349726775956,0.0033338069915771484,7,5,23696.632768361582,0,0,0
0,mh_exfil_multi_03_benign_2215,real,exfil_multi_03,,generator_ground_truth,docker_multihost,79.0,1393.0,0.05671213208901651,0.0039048194885253906,7,5,20231.408963243375,0,0,0
0,mh_exfil_multi_03_benign_2216,real,exfil_multi_03,,generator_ground_truth,docker_multihost,79.0,1995.0,0.039598997493734335,0.0034360885620117188,6,6,22991.258395781293,0,0,0
0,mh_exfil_multi_03_benign_2217,real,exfil_multi_03,,generator_ground_truth,docker_multihost,79.0,1927.0,0.04099636741048261,0.0032320022583007812,6,6,24443.05222779581,0,0,0
0,mh_exfil_multi_03_benign_2218,real,exfil_multi_03,,generator_ground_truth,docker_multihost,79.0,1554.0,0.05083655083655084,0.0008969306945800781,6,6,88078.15417331207,0,0,0
0,mh_exfil_multi_03_benign_2219,real,exfil_multi_03,,generator_ground_truth,docker_multihost,79.0,1277.0,0.06186374314800313,0.0009038448333740234,6,6,87404.38301239778,0,0,0
0,mh_exfil_multi_03_benign_2220,real,exfil_multi_03,,generator_ground_truth,docker_multihost,79.0,471.0,0.16772823779193205,0.0008189678192138672,6,6,96462.88675400292,0,0,0
0,mh_exfil_multi_03_benign_2221,real,exfil_multi_03,,generator_ground_truth,docker_multihost,79.0,617.0,0.1280388978930308,0.0012049674987792969,7,5,65561.93430945785,0,0,0
0,mh_exfil_multi_03_benign_2222,real,exfil_multi_03,,generator_ground_truth,docker_multihost,79.0,1383.0,0.05712219812002892,0.0014159679412841797,6,6,55792.22360666779,0,0,0
0,mh_exfil_multi_03_benign_2223,real,exfil_multi_03,,generator_ground_truth,docker_multihost,79.0,1419.0,0.05567300916138125,0.0008580684661865234,6,6,92067.24534592942,0,0,0
0,mh_exfil_multi_03_benign_2224,real,exfil_multi_03,,generator_ground_truth,docker_multihost,79.0,1314.0,0.06012176560121765,0.0016968250274658203,7,5,46557.54053674301,0,0,0
0,mh_exfil_multi_03_benign_2225,real,exfil_multi_03,,generator_ground_truth,docker_multihost,79.0,542.0,0.14575645756457564,0.0020771026611328125,7,5,38033.748393021124,0,0,0
0,mh_exfil_multi_03_benign_2226,real,exfil_multi_03,,generator_ground_truth,docker_multihost,79.0,1264.0,0.0625,0.002727031707763672,6,6,28969.22678789998,0,0,0
0,mh_exfil_multi_03_benign_2227,real,exfil_multi_03,,generator_ground_truth,docker_multihost,79.0,340.0,0.2323529411764706,0.003515005111694336,7,5,22475.074001220917,0,0,0
0,mh_exfil_multi_03_benign_2228,real,exfil_multi_03,,generator_ground_truth,docker_multihost,79.0,2109.0,0.03745851114272167,0.004678010940551758,7,5,16887.519290556036,0,0,0
0,mh_exfil_multi_03_benign_2229,real,exfil_multi_03,,generator_ground_truth,docker_multihost,79.0,975.0,0.08102564102564103,0.0050811767578125,7,5,15547.57957957958,0,0,0
0,mh_exfil_multi_03_benign_2230,real,exfil_multi_03,,generator_ground_truth,docker_multihost,79.0,1530.0,0.05163398692810457,0.003618955612182617,6,6,21829.502338757495,0,0,0
0,mh_exfil_multi_03_benign_2231,real,exfil_multi_03,,generator_ground_truth,docker_multihost,79.0,1458.0,0.0541838134430727,0.006875038146972656,6,6,11490.84533222361,0,0,0
0,mh_exfil_multi_03_benign_2232,real,exfil_multi_03,,generator_ground_truth,docker_multihost,79.0,1818.0,0.043454345434543455,0.00465703010559082,7,5,16963.6008805611,0,0,0
0,mh_exfil_multi_03_benign_2233,real,exfil_multi_03,,generator_ground_truth,docker_multihost,79.0,1217.0,0.06491372226787182,0.0057218074798583984,7,5,13806.825951081295,0,0,0
0,mh_exfil_multi_03_benign_2234,real,exfil_multi_03,,generator_ground_truth,docker_multihost,79.0,1633.0,0.04837721984078383,0.005017995834350586,7,5,15743.337102674966,0,0,0
0,mh_exfil_multi_03_benign_2235,real,exfil_multi_03,,generator_ground_truth,docker_multihost,79.0,359.0,0.2200557103064067,0.003052949905395508,7,5,25876.611948457634,0,0,0
0,mh_exfil_multi_03_benign_2236,real,exfil_multi_03,,generator_ground_truth,docker_multihost,79.0,756.0,0.10449735449735449,0.0017540454864501953,7,6,45038.74079108332,0,0,0
0,mh_exfil_multi_03_benign_2237,real,exfil_multi_03,,generator_ground_truth,docker_multihost,79.0,1879.0,0.04204364023416711,0.0017778873443603516,6,6,44434.761432211344,0,0,0
0,mh_exfil_multi_03_benign_2238,real,exfil_multi_03,,generator_ground_truth,docker_multihost,79.0,481.0,0.16424116424116425,0.0025599002838134766,7,5,30860.57706994505,0,0,0
0,mh_exfil_multi_03_benign_2239,real,exfil_multi_03,,generator_ground_truth,docker_multihost,79.0,781.0,0.10115236875800256,0.0021889209747314453,6,6,36090.84152053153,0,0,0
0,mh_exfil_multi_03_benign_2240,real,exfil_multi_03,,generator_ground_truth,docker_multihost,79.0,688.0,0.11482558139534883,0.0026559829711914062,7,5,29744.166606822262,0,0,0
0,mh_exfil_multi_03_benign_2241,real,exfil_multi_03,,generator_ground_truth,docker_multihost,79.0,1255.0,0.06294820717131475,0.004147052764892578,6,6,19049.6732206508,0,0,0
0,mh_exfil_multi_03_benign_2242,real,exfil_multi_03,,generator_ground_truth,docker_multihost,79.0,352.0,0.22443181818181818,0.001007080078125,7,5,78444.60606060606,0,0,0
0,mh_exfil_multi_03_benign_2243,real,exfil_multi_03,,generator_ground_truth,docker_multihost,79.0,865.0,0.09132947976878612,0.0026171207427978516,7,5,30185.844584130453,0,0,0
0,mh_exfil_multi_03_benign_2244,real,exfil_multi_03,,generator_ground_truth,docker_multihost,79.0,1414.0,0.05586987270155587,0.0041980743408203125,7,5,18818.151749204906,0,0,0
0,mh_exfil_multi_03_benign_2245,real,exfil_multi_03,,generator_ground_truth,docker_multihost,79.0,852.0,0.09272300469483569,0.0012772083282470703,6,6,61853.652417397796,0,0,0
0,mh_exfil_multi_03_benign_2246,real,exfil_multi_03,,generator_ground_truth,docker_multihost,79.0,2092.0,0.03776290630975143,0.008481979370117188,6,6,9313.863728356195,0,0,0
0,mh_exfil_multi_03_benign_2247,real,exfil_multi_03,,generator_ground_truth,docker_multihost,79.0,1035.0,0.07632850241545894,0.0024411678314208984,6,6,32361.560308623888,0,0,0
0,mh_exfil_multi_03_benign_2248,real,exfil_multi_03,,generator_ground_truth,docker_multihost,79.0,1043.0,0.07574304889741132,0.0009238719940185547,6,6,85509.6815483871,0,0,0
0,mh_exfil_multi_03_benign_2249,real,exfil_multi_03,,generator_ground_truth,docker_multihost,79.0,1905.0,0.04146981627296588,0.0006730556488037109,6,6,117375.13850513638,0,0,0
0,mh_exfil_multi_03_benign_2250,real,exfil_multi_03,,generator_ground_truth,docker_multihost,79.0,1318.0,0.05993930197268589,0.0008590221405029297,6,6,91965.03358312517,0,0,0
0,mh_exfil_multi_03_benign_2251,real,exfil_multi_03,,generator_ground_truth,docker_multihost,79.0,570.0,0.13859649122807016,0.0013580322265625,6,6,58172.40449438202,0,0,0
0,mh_exfil_multi_03_benign_2252,real,exfil_multi_03,,generator_ground_truth,docker_multihost,79.0,1856.0,0.04256465517241379,0.0027260780334472656,7,5,28979.361203428372,0,0,0
0,mh_exfil_multi_03_benign_2253,real,exfil_multi_03,,generator_ground_truth,docker_multihost,79.0,1380.0,0.0572463768115942,0.0032041072845458984,7,5,24655.853560532778,0,0,0
0,mh_exfil_multi_03_benign_2254,real,exfil_multi_03,,generator_ground_truth,docker_multihost,79.0,1370.0,0.05766423357664233,0.0035130977630615234,7,5,22487.27628096369,0,0,0
0,mh_exfil_multi_03_benign_2255,real,exfil_multi_03,,generator_ground_truth,docker_multihost,79.0,1239.0,0.06376109765940274,0.007565021514892578,7,5,10442.799117554365,0,0,0
0,mh_exfil_multi_03_benign_2256,real,exfil_multi_03,,generator_ground_truth,docker_multihost,79.0,851.0,0.09283196239717979,0.0075910091400146484,7,5,10407.048462577342,0,0,0
0,mh_exfil_multi_03_benign_2257,real,exfil_multi_03,,generator_ground_truth,docker_multihost,79.0,1866.0,0.04233654876741694,0.00801706314086914,6,6,9853.982513531197,0,0,0
0,mh_exfil_multi_03_benign_2258,real,exfil_multi_03,,generator_ground_truth,docker_multihost,79.0,512.0,0.154296875,0.008822917938232422,7,5,8953.95384532238,0,0,0
0,mh_exfil_multi_03_benign_2259,real,exfil_multi_03,,generator_ground_truth,docker_multihost,79.0,783.0,0.10089399744572158,0.008318901062011719,7,6,9496.446635331882,0,0,0
0,mh_exfil_multi_03_benign_2260,real,exfil_multi_03,,generator_ground_truth,docker_multihost,79.0,506.0,0.15612648221343872,0.008860111236572266,6,6,8916.366611054304,0,0,0
0,mh_exfil_multi_03_benign_2261,real,exfil_multi_03,,generator_ground_truth,docker_multihost,79.0,682.0,0.1158357771260997,0.007483959197998047,7,5,10555.910035043007,0,0,0
0,mh_exfil_multi_03_benign_2262,real,exfil_multi_03,,generator_ground_truth,docker_multihost,79.0,663.0,0.1191553544494721,0.006670951843261719,7,5,11842.387991422445,0,0,0
0,mh_exfil_multi_03_benign_2263,real,exfil_multi_03,,generator_ground_truth,docker_multihost,79.0,1500.0,0.05266666666666667,0.0018131732940673828,6,6,43570.0218277449,0,0,0
0,mh_exfil_multi_03_benign_2264,real,exfil_multi_03,,generator_ground_truth,docker_multihost,79.0,1947.0,0.040575243965074476,0.0035889148712158203,7,5,22012.224539958814,0,0,0
0,mh_exfil_multi_03_benign_2265,real,exfil_multi_03,,generator_ground_truth,docker_multihost,79.0,904.0,0.08738938053097345,0.0012362003326416016,6,6,63905.49971070395,0,0,0
0,mh_exfil_multi_03_benign_2266,real,exfil_multi_03,,generator_ground_truth,docker_multihost,79.0,814.0,0.09705159705159705,0.0010750293731689453,6,6,73486.36416056775,0,0,0
0,mh_exfil_multi_03_benign_2267,real,exfil_multi_03,,generator_ground_truth,docker_multihost,79.0,1163.0,0.06792777300085985,0.0008649826049804688,6,6,91331.31642778391,0,0,0
0,mh_exfil_multi_03_benign_2268,real,exfil_multi_03,,generator_ground_truth,docker_multihost,79.0,1137.0,0.06948109058927,0.002135038375854492,6,6,37001.676828587384,0,0,0
0,mh_exfil_multi_03_benign_2269,real,exfil_multi_03,,generator_ground_truth,docker_multihost,79.0,1777.0,0.04445694991558807,0.003225088119506836,6,6,24495.454720189253,0,0,0
0,mh_exfil_multi_03_benign_2270,real,exfil_multi_03,,generator_ground_truth,docker_multihost,79.0,1458.0,0.0541838134430727,0.0007989406585693359,6,6,98880.93584004775,0,0,0
0,mh_exfil_multi_03_benign_2271,real,exfil_multi_03,,generator_ground_truth,docker_multihost,79.0,1947.0,0.040575243965074476,0.0035970211029052734,6,6,21962.617882945582,0,0,0
0,mh_exfil_multi_03_benign_2272,real,exfil_multi_03,,generator_ground_truth,docker_multihost,79.0,665.0,0.11879699248120301,0.0017380714416503906,7,5,45452.67709190672,0,0,0
0,mh_exfil_multi_03_benign_2273,real,exfil_multi_03,,generator_ground_truth,docker_multihost,79.0,864.0,0.09143518518518519,0.0014200210571289062,6,6,55632.97783747481,0,0,0
0,mh_exfil_multi_03_benign_2274,real,exfil_multi_03,,generator_ground_truth,docker_multihost,79.0,1481.0,0.053342336259284265,0.002377033233642578,7,5,33234.70571715145,0,0,0
0,mh_exfil_multi_03_benign_2275,real,exfil_multi_03,,generator_ground_truth,docker_multihost,79.0,1360.0,0.05808823529411765,0.0026438236236572266,6,6,29880.964559473352,0,0,0
0,mh_exfil_multi_03_benign_2276,real,exfil_multi_03,,generator_ground_truth,docker_multihost,79.0,1878.0,0.04206602768903089,0.0013439655303955078,6,6,58781.269469576015,0,0,0
0,mh_exfil_multi_03_benign_2277,real,exfil_multi_03,,generator_ground_truth,docker_multihost,79.0,986.0,0.08012170385395538,0.0013320446014404297,6,6,59307.32342938965,0,0,0
0,mh_exfil_multi_03_benign_2278,real,exfil_multi_03,,generator_ground_truth,docker_multihost,79.0,1176.0,0.06717687074829932,0.002270936965942383,6,6,34787.40325459318,0,0,0
0,mh_exfil_multi_03_benign_2279,real,exfil_multi_03,,generator_ground_truth,docker_multihost,79.0,1504.0,0.052526595744680854,0.0017621517181396484,7,5,44831.55405222568,0,0,0
0,mh_exfil_multi_03_benign_2280,real,exfil_multi_03,,generator_ground_truth,docker_multihost,79.0,1045.0,0.07559808612440191,0.002440929412841797,6,6,32364.721234616136,0,0,0
0,mh_exfil_multi_03_benign_2281,real,exfil_multi_03,,generator_ground_truth,docker_multihost,79.0,995.0,0.07939698492462312,0.0025131702423095703,6,6,31434.400531258892,0,0,0
0,mh_exfil_multi_03_benign_2282,real,exfil_multi_03,,generator_ground_truth,docker_multihost,79.0,1247.0,0.06335204490777867,0.003342151641845703,6,6,23637.467256384647,0,0,0
0,mh_exfil_multi_03_benign_2283,real,exfil_multi_03,,generator_ground_truth,docker_multihost,79.0,562.0,0.14056939501779359,0.004761934280395508,7,5,16589.897161167577,0,0,0
0,mh_exfil_multi_03_benign_2284,real,exfil_multi_03,,generator_ground_truth,docker_multihost,79.0,1263.0,0.0625494853523357,0.007483959197998047,7,5,10555.910035043007,0,0,0
0,mh_exfil_multi_03_benign_2285,real,exfil_multi_03,,generator_ground_truth,docker_multihost,79.0,352.0,0.22443181818181818,0.004021167755126953,7,6,19646.034388711018,0,0,0
0,mh_exfil_multi_03_benign_2286,real,exfil_multi_03,,generator_ground_truth,docker_multihost,79.0,1945.0,0.04061696658097686,0.004675149917602539,7,5,16897.853842623284,0,0,0
0,mh_exfil_multi_03_benign_2287,real,exfil_multi_03,,generator_ground_truth,docker_multihost,79.0,402.0,0.19651741293532338,0.004942893981933594,7,6,15982.539841790469,0,0,0
0,mh_exfil_multi_03_benign_2288,real,exfil_multi_03,,generator_ground_truth,docker_multihost,79.0,1613.0,0.048977061376317424,0.004971027374267578,6,6,15892.087098321343,0,0,0
0,mh_exfil_multi_03_benign_2289,real,exfil_multi_03,,generator_ground_truth,docker_multihost,79.0,1391.0,0.056793673616103525,0.0045850276947021484,6,6,17229.994072071135,0,0,0
0,mh_exfil_multi_03_benign_2290,real,exfil_multi_03,,generator_ground_truth,docker_multihost,79.0,925.0,0.08540540540540541,0.0046231746673583984,6,6,17087.8250734877,0,0,0
0,mh_exfil_multi_03_benign_2291,real,exfil_multi_03,,generator_ground_truth,docker_multihost,79.0,471.0,0.16772823779193205,0.0007610321044921875,6,6,103806.39598997493,0,0,0
0,mh_exfil_multi_03_benign_2292,real,exfil_multi_03,,generator_ground_truth,docker_multihost,79.0,1685.0,0.04688427299703264,0.001085042953491211,6,6,72808.17754339706,0,0,0
0,mh_exfil_multi_03_benign_2293,real,exfil_multi_03,,generator_ground_truth,docker_multihost,79.0,1438.0,0.05493741307371349,0.0012748241424560547,6,6,61969.33158780625,0,0,0
0,mh_exfil_multi_03_benign_2294,real,exfil_multi_03,,generator_ground_truth,docker_multihost,79.0,1711.0,0.046171829339567504,0.0009500980377197266,6,6,83149.31392722711,0,0,0
0,mh_exfil_multi_03_benign_2295,real,exfil_multi_03,,generator_ground_truth,docker_multihost,79.0,1496.0,0.052807486631016046,0.0013310909271240234,6,6,59349.81479491313,0,0,0
0,mh_exfil_multi_03_benign_2296,real,exfil_multi_03,,generator_ground_truth,docker_multihost,79.0,665.0,0.11879699248120301,0.0022079944610595703,6,6,35779.07526185077,0,0,0
0,mh_exfil_multi_03_benign_2297,real,exfil_multi_03,,generator_ground_truth,docker_multihost,79.0,985.0,0.08020304568527918,0.003381967544555664,6,6,23359.183362707085,0,0,0
0,mh_exfil_multi_03_benign_2298,real,exfil_multi_03,,generator_ground_truth,docker_multihost,79.0,401.0,0.1970074812967581,0.0021021366119384766,7,5,37580.81161392764,0,0,0
0,mh_exfil_multi_03_benign_2299,real,exfil_multi_03,,generator_ground_truth,docker_multihost,79.0,1195.0,0.06610878661087866,0.0021848678588867188,7,6,36157.793103448275,0,0,0
0,mh_exfil_multi_03_benign_2300,real,exfil_multi_03,,generator_ground_truth,docker_multihost,79.0,620.0,0.12741935483870967,0.0027840137481689453,6,6,28376.29665153721,0,0,0
0,mh_exfil_multi_03_benign_2301,real,exfil_multi_03,,generator_ground_truth,docker_multihost,79.0,1615.0,0.04891640866873065,0.004501819610595703,6,6,17548.459697065988,0,0,0
0,mh_exfil_multi_03_benign_2302,real,exfil_multi_03,,generator_ground_truth,docker_multihost,79.0,584.0,0.13527397260273974,0.007250785827636719,7,5,10895.3707746942,0,0,0
0,mh_exfil_multi_03_benign_2303,real,exfil_multi_03,,generator_ground_truth,docker_multihost,79.0,1724.0,0.04582366589327146,0.007302999496459961,7,5,10817.47301753126,0,0,0
0,mh_exfil_multi_03_benign_2304,real,exfil_multi_03,,generator_ground_truth,docker_multihost,79.0,1554.0,0.05083655083655084,0.00539398193359375,7,6,14645.951909476662,0,0,0
0,mh_exfil_multi_03_benign_2305,real,exfil_multi_03,,generator_ground_truth,docker_multihost,79.0,468.0,0.16880341880341881,0.001322031021118164,6,6,59756.54030658251,0,0,0
0,mh_exfil_multi_03_benign_2306,real,exfil_multi_03,,generator_ground_truth,docker_multihost,79.0,1465.0,0.05392491467576792,0.0019190311431884766,6,6,41166.60653497329,0,0,0
0,mh_exfil_multi_03_benign_2307,real,exfil_multi_03,,generator_ground_truth,docker_multihost,79.0,445.0,0.17752808988764046,0.002379179000854492,7,5,33204.73153622608,0,0,0
0,mh_exfil_multi_03_benign_2308,real,exfil_multi_03,,generator_ground_truth,docker_multihost,79.0,340.0,0.2323529411764706,0.0007729530334472656,7,5,102205.43368291178,0,0,0
0,mh_exfil_multi_03_benign_2309,real,exfil_multi_03,,generator_ground_truth,docker_multihost,79.0,1898.0,0.04162276080084299,0.00090789794921875,6,6,87014.18487394958,0,0,0
0,mh_exfil_multi_03_benign_2310,real,exfil_multi_03,,generator_ground_truth,docker_multihost,79.0,1414.0,0.05586987270155587,0.0010731220245361328,7,6,73616.9775605421,0,0,0
0,mh_exfil_multi_03_benign_2311,real,exfil_multi_03,,generator_ground_truth,docker_multihost,79.0,944.0,0.0836864406779661,0.001001119613647461,7,5,78911.64944034294,0,0,0
0,mh_exfil_multi_03_benign_2312,real,exfil_multi_03,,generator_ground_truth,docker_multihost,79.0,471.0,0.16772823779193205,0.0019698143005371094,7,5,40105.30331638829,0,0,0
0,mh_exfil_multi_03_benign_2313,real,exfil_multi_03,,generator_ground_truth,docker_multihost,79.0,1140.0,0.06929824561403508,0.0014190673828125,6,6,55670.36559139785,0,0,0
0,mh_exfil_multi_03_benign_2314,real,exfil_multi_03,,generator_ground_truth,docker_multihost,79.0,1070.0,0.07383177570093458,0.0026941299438476562,7,5,29323.010265486726,0,0,0
0,mh_exfil_multi_03_benign_2315,real,exfil_multi_03,,generator_ground_truth,docker_multihost,79.0,691.0,0.11432706222865413,0.0021588802337646484,6,6,36593.044284925454,0,0,0
0,mh_exfil_multi_03_benign_2316,real,exfil_multi_03,,generator_ground_truth,docker_multihost,79.0,1918.0,0.04118873826903024,0.0037758350372314453,7,5,20922.524215444846,0,0,0
0,mh_exfil_multi_03_benign_2317,real,exfil_multi_03,,generator_ground_truth,docker_multihost,79.0,1690.0,0.04674556213017751,0.004728078842163086,7,5,16708.689223942314,0,0,0
0,mh_exfil_multi_03_benign_2318,real,exfil_multi_03,,generator_ground_truth,docker_multihost,79.0,422.0,0.1872037914691943,0.003270864486694336,7,6,24152.636197973614,0,0,0
0,mh_exfil_multi_03_benign_2319,real,exfil_multi_03,,generator_ground_truth,docker_multihost,79.0,956.0,0.08263598326359832,0.004448890686035156,7,5,17757.235584137194,0,0,0
0,mh_exfil_multi_03_benign_2320,real,exfil_multi_03,,generator_ground_truth,docker_multihost,79.0,1687.0,0.04682868998221695,0.003957033157348633,6,6,19964.452370910407,0,0,0
0,mh_exfil_multi_03_benign_2321,real,exfil_multi_03,,generator_ground_truth,docker_multihost,79.0,1885.0,0.04190981432360743,0.004249095916748047,7,5,18592.190326562675,0,0,0
0,mh_exfil_multi_03_benign_2322,real,exfil_multi_03,,generator_ground_truth,docker_multihost,79.0,1989.0,0.03971845148315736,0.004924774169921875,7,5,16041.344694035632,0,0,0
0,mh_exfil_multi_03_benign_2323,real,exfil_multi_03,,generator_ground_truth,docker_multihost,79.0,1995.0,0.039598997493734335,0.0024139881134033203,6,6,32725.92750617284,0,0,0
0,mh_exfil_multi_03_benign_2324,real,exfil_multi_03,,generator_ground_truth,docker_multihost,79.0,391.0,0.2020460358056266,0.002203226089477539,6,6,35856.51076723298,0,0,0
0,mh_exfil_multi_03_benign_2325,real,exfil_multi_03,,generator_ground_truth,docker_multihost,79.0,1969.0,0.04012188928390046,0.004049062728881836,6,6,19510.688099864572,0,0,0
0,mh_exfil_multi_03_benign_2326,real,exfil_multi_03,,generator_ground_truth,docker_multihost,79.0,1536.0,0.051432291666666664,0.0028269290924072266,6,6,27945.518765286328,0,0,0
0,mh_exfil_multi_03_benign_2327,real,exfil_multi_03,,generator_ground_truth,docker_multihost,79.0,2014.0,0.03922542204568024,0.001280069351196289,7,5,61715.40622089775,0,0,0
0,mh_exfil_multi_03_benign_2328,real,exfil_multi_03,,generator_ground_truth,docker_multihost,79.0,1846.0,0.04279523293607801,0.0017418861389160156,7,5,45353.13660005475,0,0,0
0,mh_exfil_multi_03_benign_2329,real,exfil_multi_03,,generator_ground_truth,docker_multihost,79.0,1853.0,0.04263356718834323,0.0037908554077148438,7,5,20839.62364779874,0,0,0
0,mh_exfil_multi_03_benign_2330,real,exfil_multi_03,,generator_ground_truth,docker_multihost,79.0,377.0,0.20954907161803712,0.004523038864135742,7,5,17466.133361446417,0,0,0
0,mh_exfil_multi_03_benign_2331,real,exfil_multi_03,,generator_ground_truth,docker_multihost,79.0,1549.0,0.051000645577792124,0.005300998687744141,7,5,14902.852208329585,0,0,0
0,mh_exfil_multi_03_benign_2332,real,exfil_multi_03,,generator_ground_truth,docker_multihost,79.0,1528.0,0.05170157068062827,0.00550389289855957,7,5,14353.476976391596,0,0,0
0,mh_exfil_multi_03_benign_2333,real,exfil_multi_03,,generator_ground_truth,docker_multihost,79.0,1614.0,0.04894671623296159,0.0050449371337890625,7,5,15659.263516068053,0,0,0
0,mh_exfil_multi_03_benign_2334,real,exfil_multi_03,,generator_ground_truth,docker_multihost,79.0,855.0,0.09239766081871345,0.004466056823730469,6,6,17688.9822763186,0,0,0
0,mh_exfil_multi_03_benign_2335,real,exfil_multi_03,,generator_ground_truth,docker_multihost,79.0,2075.0,0.038072289156626506,0.0005869865417480469,6,6,134585.70917952884,0,0,0
0,mh_exfil_multi_03_benign_2336,real,exfil_multi_03,,generator_ground_truth,docker_multihost,79.0,1440.0,0.05486111111111111,0.0011119842529296875,7,5,71044.17152658662,0,0,0
0,mh_exfil_multi_03_benign_2337,real,exfil_multi_03,,generator_ground_truth,docker_multihost,79.0,1683.0,0.046939988116458706,0.002218008041381836,7,5,35617.54444802752,0,0,0
0,mh_exfil_multi_03_benign_2338,real,exfil_multi_03,,generator_ground_truth,docker_multihost,79.0,729.0,0.1083676268861454,0.0009510517120361328,7,5,83065.93532213588,0,0,0
0,mh_exfil_multi_03_benign_2339,real,exfil_multi_03,,generator_ground_truth,docker_multihost,79.0,1537.0,0.05139882888744307,0.0017859935760498047,6,6,44233.08183153117,0,0,0
0,mh_exfil_multi_03_benign_2340,real,exfil_multi_03,,generator_ground_truth,docker_multihost,79.0,1720.0,0.045930232558139536,0.0035448074340820312,7,5,22286.118913101964,0,0,0
0,mh_exfil_multi_03_benign_2341,real,exfil_multi_03,,generator_ground_truth,docker_multihost,79.0,362.0,0.21823204419889503,0.0029740333557128906,7,6,26563.252845919513,0,0,0
0,mh_exfil_multi_03_benign_2342,real,exfil_multi_03,,generator_ground_truth,docker_multihost,79.0,564.0,0.1400709219858156,0.003490924835205078,7,5,22630.106269635296,0,0,0
0,mh_exfil_multi_03_benign_2343,real,exfil_multi_03,,generator_ground_truth,docker_multihost,79.0,1894.0,0.04171066525871172,0.0016200542449951172,6,6,48763.79926416483,0,0,0
0,mh_exfil_multi_03_benign_2344,real,exfil_multi_03,,generator_ground_truth,docker_multihost,79.0,1645.0,0.04802431610942249,0.0027370452880859375,7,5,28863.24181184669,0,0,0
0,mh_exfil_multi_03_benign_2345,real,exfil_multi_03,,generator_ground_truth,docker_multihost,79.0,1101.0,0.07175295186194369,0.005688905715942383,7,5,13886.677674866938,0,0,0
0,mh_exfil_multi_03_benign_2346,real,exfil_multi_03,,generator_ground_truth,docker_multihost,79.0,2010.0,0.039303482587064675,0.0052890777587890625,6,6,14936.441399206635,0,0,0
0,mh_exfil_multi_03_benign_2347,real,exfil_multi_03,,generator_ground_truth,docker_multihost,79.0,1976.0,0.039979757085020245,0.006337881088256836,7,5,12464.733701989993,0,0,0
0,mh_exfil_multi_03_benign_2348,real,exfil_multi_03,,generator_ground_truth,docker_multihost,79.0,1150.0,0.06869565217391305,0.003152132034301758,6,6,25062.40193631344,0,0,0
0,mh_exfil_multi_03_benign_2349,real,exfil_multi_03,,generator_ground_truth,docker_multihost,79.0,2052.0,0.0384990253411306,0.004782199859619141,6,6,16519.59397746535,0,0,0
0,mh_exfil_multi_03_benign_2350,real,exfil_multi_03,,generator_ground_truth,docker_multihost,79.0,1309.0,0.060351413292589765,0.004988193511962891,7,5,15837.396807188605,0,0,0
0,mh_exfil_multi_03_benign_2351,real,exfil_multi_03,,generator_ground_truth,docker_multihost,79.0,1908.0,0.04140461215932914,0.004705190658569336,7,5,16789.96787433494,0,0,0
0,mh_exfil_multi_03_benign_2352,real,exfil_multi_03,,generator_ground_truth,docker_multihost,79.0,786.0,0.1005089058524173,0.0029430389404296875,6,6,26843.00194426442,0,0,0
0,mh_exfil_multi_03_benign_2353,real,exfil_multi_03,,generator_ground_truth,docker_multihost,79.0,565.0,0.13982300884955753,0.003064870834350586,7,5,25775.963905095294,0,0,0
0,mh_exfil_multi_03_benign_2354,real,exfil_multi_03,,generator_ground_truth,docker_multihost,79.0,750.0,0.10533333333333333,0.0019030570983886719,6,6,41512.15434728139,0,0,0
0,mh_exfil_multi_03_benign_2355,real,exfil_multi_03,,generator_ground_truth,docker_multihost,79.0,1847.0,0.042772062804547914,0.0009100437164306641,7,6,86809.01650510872,0,0,0
0,mh_exfil_multi_03_benign_2356,real,exfil_multi_03,,generator_ground_truth,docker_multihost,79.0,1380.0,0.0572463768115942,0.0010368824005126953,7,6,76189.93239825247,0,0,0
0,mh_exfil_multi_03_benign_2357,real,exfil_multi_03,,generator_ground_truth,docker_multihost,79.0,1713.0,0.04611792177466433,0.0019080638885498047,7,5,41403.22579032863,0,0,0
0,mh_exfil_multi_03_benign_2358,real,exfil_multi_03,,generator_ground_truth,docker_multihost,79.0,1166.0,0.06775300171526587,0.0023310184478759766,7,5,33890.765674542294,0,0,0
0,mh_exfil_multi_03_benign_2359,real,exfil_multi_03,,generator_ground_truth,docker_multihost,79.0,1035.0,0.07632850241545894,0.0014979839324951172,6,6,52737.548304949865,0,0,0
0,mh_exfil_multi_03_benign_2360,real,exfil_multi_03,,generator_ground_truth,docker_multihost,79.0,1356.0,0.05825958702064897,0.0010309219360351562,6,6,76630.43848288621,0,0,0
0,mh_exfil_multi_03_benign_2361,real,exfil_multi_03,,generator_ground_truth,docker_multihost,79.0,961.0,0.08220603537981269,0.0034301280975341797,7,5,23031.20984221867,0,0,0
0,mh_exfil_multi_03_benign_2362,real,exfil_multi_03,,generator_ground_truth,docker_multihost,79.0,436.0,0.1811926605504587,0.0036880970001220703,6,6,21420.260908914603,0,0,0
0,mh_exfil_multi_03_benign_2363,real,exfil_multi_03,,generator_ground_truth,docker_multihost,79.0,2034.0,0.03883972468043265,0.0047609806060791016,7,5,16593.22029145175,0,0,0
0,mh_exfil_multi_03_benign_2364,real,exfil_multi_03,,generator_ground_truth,docker_multihost,79.0,710.0,0.11126760563380282,0.0038290023803710938,7,5,20632.00597758406,0,0,0
0,mh_exfil_multi_03_benign_2365,real,exfil_multi_03,,generator_ground_truth,docker_multihost,79.0,1559.0,0.05067350865939705,0.002789020538330078,6,6,28325.356129252865,0,0,0
0,mh_exfil_multi_03_benign_2366,real,exfil_multi_03,,generator_ground_truth,docker_multihost,79.0,1162.0,0.06798623063683305,0.004855155944824219,7,5,16271.362011392654,0,0,0
0,mh_exfil_multi_03_benign_2367,real,exfil_multi_03,,generator_ground_truth,docker_multihost,79.0,921.0,0.08577633007600434,0.0014920234680175781,6,6,52948.22882710131,0,0,0
0,mh_exfil_multi_03_benign_2368,real,exfil_multi_03,,generator_ground_truth,docker_multihost,79.0,929.0,0.08503767491926803,0.004336833953857422,7,5,18216.053655854867,0,0,0
0,mh_exfil_multi_03_benign_2369,real,exfil_multi_03,,generator_ground_truth,docker_multihost,79.0,410.0,0.1926829268292683,0.004052162170410156,6,6,19495.764650506,0,0,0
0,mh_exfil_multi_03_benign_2370,real,exfil_multi_03,,generator_ground_truth,docker_multihost,79.0,2023.0,0.03905091448344043,0.004438161849975586,7,5,17800.162019876443,0,0,0
0,mh_exfil_multi_03_benign_2371,real,exfil_multi_03,,generator_ground_truth,docker_multihost,79.0,582.0,0.13573883161512026,0.0016510486602783203,6,6,47848.37776173285,0,0,0
0,mh_exfil_multi_03_benign_2372,real,exfil_multi_03,,generator_ground_truth,docker_multihost,79.0,2100.0,0.03761904761904762,0.003599882125854492,7,5,21945.16299092655,0,0,0
0,mh_exfil_multi_03_benign_2373,real,exfil_multi_03,,generator_ground_truth,docker_multihost,79.0,1756.0,0.044988610478359906,0.0022161006927490234,7,5,35648.19967724583,0,0,0
0,mh_exfil_multi_03_benign_2374,real,exfil_multi_03,,generator_ground_truth,docker_multihost,79.0,1359.0,0.058130978660779986,0.002852916717529297,7,6,27690.95905064349,0,0,0
0,mh_exfil_multi_03_benign_2375,real,exfil_multi_03,,generator_ground_truth,docker_multihost,79.0,1349.0,0.05856189770200148,0.005792856216430664,7,5,13637.486767913735,0,0,0
0,mh_exfil_multi_03_benign_2376,real,exfil_multi_03,,generator_ground_truth,docker_multihost,79.0,1722.0,0.04587688734030197,0.0040988922119140625,7,5,19273.500232666356,0,0,0
0,mh_exfil_multi_03_benign_2377,real,exfil_multi_03,,generator_ground_truth,docker_multihost,79.0,1436.0,0.05501392757660167,0.004441022872924805,6,6,17788.694690503035,0,0,0
0,mh_exfil_multi_03_benign_2378,real,exfil_multi_03,,generator_ground_truth,docker_multihost,79.0,1263.0,0.0625494853523357,0.0041408538818359375,7,5,19078.190695532012,0,0,0
0,mh_exfil_multi_03_benign_2379,real,exfil_multi_03,,generator_ground_truth,docker_multihost,79.0,557.0,0.14183123877917414,0.004765987396240234,6,6,16575.788694347175,0,0,0
0,mh_exfil_multi_03_benign_2380,real,exfil_multi_03,,generator_ground_truth,docker_multihost,79.0,717.0,0.1101813110181311,0.003754138946533203,6,6,21043.44061983996,0,0,0
0,mh_exfil_multi_03_benign_2381,real,exfil_multi_03,,generator_ground_truth,docker_multihost,79.0,1076.0,0.07342007434944238,0.006659984588623047,6,6,11861.889310517648,0,0,0
0,mh_exfil_multi_03_benign_2382,real,exfil_multi_03,,generator_ground_truth,docker_multihost,79.0,1555.0,0.05080385852090032,0.0054090023040771484,7,5,14605.281262396968,0,0,0
0,mh_exfil_multi_03_benign_2383,real,exfil_multi_03,,generator_ground_truth,docker_multihost,79.0,457.0,0.17286652078774617,0.0076770782470703125,7,6,10290.373167701864,0,0,0
0,mh_exfil_multi_03_benign_2384,real,exfil_multi_03,,generator_ground_truth,docker_multihost,79.0,1501.0,0.05263157894736842,0.00606083869934082,7,5,13034.499665630778,0,0,0
0,mh_exfil_multi_03_benign_2385,real,exfil_multi_03,,generator_ground_truth,docker_multihost,79.0,803.0,0.09838107098381071,0.0062410831451416016,6,6,12658.059212285594,0,0,0
0,mh_exfil_multi_03_benign_2386,real,exfil_multi_03,,generator_ground_truth,docker_multihost,79.0,1715.0,0.046064139941690965,0.004837989807128906,6,6,16329.095998423023,0,0,0
0,mh_exfil_multi_03_benign_2387,real,exfil_multi_03,,generator_ground_truth,docker_multihost,79.0,1482.0,0.053306342780026994,0.005462169647216797,6,6,14463.11724137931,0,0,0
0,mh_exfil_multi_03_benign_2388,real,exfil_multi_03,,generator_ground_truth,docker_multihost,79.0,563.0,0.14031971580817051,0.0063169002532958984,6,6,12506.133836572939,0,0,0
0,mh_exfil_multi_03_benign_2389,real,exfil_multi_03,,generator_ground_truth,docker_multihost,79.0,1369.0,0.0577063550036523,0.005872964859008789,6,6,13451.468193074332,0,0,0
0,mh_exfil_multi_03_benign_2390,real,exfil_multi_03,,generator_ground_truth,docker_multihost,79.0,956.0,0.08263598326359832,0.0074961185455322266,6,6,10538.787443147483,0,0,0
0,mh_exfil_multi_03_benign_2391,real,exfil_multi_03,,generator_ground_truth,docker_multihost,79.0,1048.0,0.07538167938931298,0.009724855422973633,6,6,8123.514084679693,0,0,0
0,mh_exfil_multi_03_benign_2392,real,exfil_multi_03,,generator_ground_truth,docker_multihost,79.0,663.0,0.1191553544494721,0.008480072021484375,6,6,9315.95861448493,0,0,0
0,mh_exfil_multi_03_benign_2393,real,exfil_multi_03,,generator_ground_truth,docker_multihost,79.0,1931.0,0.04091144484722942,0.008247852325439453,7,5,9578.251026189513,0,0,0
0,mh_exfil_multi_03_benign_2394,real,exfil_multi_03,,generator_ground_truth,docker_multihost,79.0,879.0,0.08987485779294653,0.007128000259399414,7,5,11083.05234638927,0,0,0
0,mh_exfil_multi_03_benign_2395,real,exfil_multi_03,,generator_ground_truth,docker_multihost,79.0,669.0,0.11808669656203288,0.008295059204101562,7,5,9523.741549781558,0,0,0
0,mh_exfil_multi_03_benign_2396,real,exfil_multi_03,,generator_ground_truth,docker_multihost,79.0,1573.0,0.050222504767959315,0.007541179656982422,7,5,10475.814606386342,0,0,0
0,mh_exfil_multi_03_benign_2397,real,exfil_multi_03,,generator_ground_truth,docker_multihost,79.0,1188.0,0.0664983164983165,0.005112886428833008,7,5,15451.154861273024,0,0,0
0,mh_exfil_multi_03_benign_2398,real,exfil_multi_03,,generator_ground_truth,docker_multihost,79.0,1105.0,0.07149321266968325,0.009124994277954102,7,5,8657.539675489248,0,0,0
0,mh_exfil_multi_03_benign_2399,real,exfil_multi_03,,generator_ground_truth,docker_multihost,79.0,1462.0,0.054035567715458276,0.005716085433959961,6,6,13820.647174139729,0,0,0
0,mh_exfil_multi_03_benign_2400,real,exfil_multi_03,,generator_ground_truth,docker_multihost,79.0,1162.0,0.06798623063683305,0.0054171085357666016,7,5,14583.425729501343,0,0,0
0,mh_exfil_multi_03_benign_2401,real,exfil_multi_03,,generator_ground_truth,docker_multihost,79.0,1454.0,0.054332874828060526,0.009984016418457031,7,5,7912.647244244914,0,0,0
0,mh_exfil_multi_03_benign_2402,real,exfil_multi_03,,generator_ground_truth,docker_multihost,79.0,1799.0,0.04391328515842134,0.006700992584228516,7,5,11789.29822813634,0,0,0
0,mh_exfil_multi_03_benign_2403,real,exfil_multi_03,,generator_ground_truth,docker_multihost,79.0,428.0,0.18457943925233644,0.005166769027709961,6,6,15290.01965760694,0,0,0
0,mh_exfil_multi_03_benign_2404,real,exfil_multi_03,,generator_ground_truth,docker_multihost,79.0,708.0,0.1115819209039548,0.005171060562133789,7,5,15277.330259578588,0,0,0
0,mh_exfil_multi_03_benign_2405,real,exfil_multi_03,,generator_ground_truth,docker_multihost,79.0,1987.0,0.03975842979365878,0.004551887512207031,7,5,17355.437670228366,0,0,0
0,mh_exfil_multi_03_benign_2406,real,exfil_multi_03,,generator_ground_truth,docker_multihost,79.0,1375.0,0.05745454545454545,0.004011869430541992,6,6,19691.56807511737,0,0,0
0,mh_exfil_multi_03_benign_2407,real,exfil_multi_03,,generator_ground_truth,docker_multihost,79.0,1749.0,0.04516866781017725,0.0038890838623046875,7,5,20313.267287886218,0,0,0
0,mh_exfil_multi_03_benign_2408,real,exfil_multi_03,,generator_ground_truth,docker_multihost,79.0,1301.0,0.06072252113758647,0.0016758441925048828,7,5,47140.420543462795,0,0,0
0,mh_exfil_multi_03_benign_2409,real,exfil_multi_03,,generator_ground_truth,docker_multihost,79.0,1269.0,0.062253743104806934,0.0032088756561279297,7,5,24619.21509770414,0,0,0
0,mh_exfil_multi_03_benign_2410,real,exfil_multi_03,,generator_ground_truth,docker_multihost,79.0,328.0,0.24085365853658536,0.0036339759826660156,7,5,21739.274111009054,0,0,0
0,mh_exfil_multi_03_benign_2411,real,exfil_multi_03,,generator_ground_truth,docker_multihost,79.0,1151.0,0.0686359687228497,0.002895832061767578,7,5,27280.58751852462,0,0,0
0,mh_exfil_multi_03_benign_2412,real,exfil_multi_03,,generator_ground_truth,docker_multihost,79.0,1758.0,0.044937428896473265,0.003353118896484375,6,6,23560.154721274175,0,0,0
0,mh_exfil_multi_03_benign_2413,real,exfil_multi_03,,generator_ground_truth,docker_multihost,79.0,916.0,0.08624454148471616,0.0012159347534179688,6,6,64970.59137254902,0,0,0
0,mh_exfil_multi_03_benign_2414,real,exfil_multi_03,,generator_ground_truth,docker_multihost,79.0,1781.0,0.04435710275126333,0.0009407997131347656,6,6,83971.1140395337,0,0,0
0,mh_exfil_multi_03_benign_2415,real,exfil_multi_03,,generator_ground_truth,docker_multihost,79.0,1606.0,0.04919053549190536,0.001664876937866211,6,6,47450.95460403838,0,0,0
0,mh_exfil_multi_03_benign_2416,real,exfil_multi_03,,generator_ground_truth,docker_multihost,79.0,572.0,0.1381118881118881,0.0017180442810058594,7,5,45982.516791562586,0,0,0
0,mh_exfil_multi_03_benign_2417,real,exfil_multi_03,,generator_ground_truth,docker_multihost,79.0,1789.0,0.044158747903856904,0.0016820430755615234,6,6,46966.69255846917,0,0,0
0,mh_exfil_multi_03_benign_2418,real,exfil_multi_03,,generator_ground_truth,docker_multihost,79.0,2095.0,0.037708830548926014,0.0032241344451904297,7,5,24502.700288397544,0,0,0
0,mh_exfil_multi_03_benign_2419,real,exfil_multi_03,,generator_ground_truth,docker_multihost,79.0,809.0,0.09765142150803462,0.0024259090423583984,7,5,32565.11213759214,0,0,0
0,mh_exfil_multi_03_benign_2420,real,exfil_multi_03,,generator_ground_truth,docker_multihost,79.0,1126.0,0.07015985790408526,0.002794981002807617,6,6,28264.95060991214,0,0,0
0,mh_exfil_multi_03_benign_2421,real,exfil_multi_03,,generator_ground_truth,docker_multihost,79.0,359.0,0.2200557103064067,0.003888845443725586,7,5,20314.512660167984,0,0,0
0,mh_exfil_multi_03_benign_2422,real,exfil_multi_03,,generator_ground_truth,docker_multihost,79.0,1109.0,0.07123534715960325,0.004525899887084961,7,5,17455.092240425645,0,0,0
0,mh_exfil_multi_03_benign_2423,real,exfil_multi_03,,generator_ground_truth,docker_multihost,79.0,765.0,0.10326797385620914,0.0012941360473632812,6,6,61044.5865880619,0,0,0
0,mh_exfil_multi_03_benign_2424,real,exfil_multi_03,,generator_ground_truth,docker_multihost,79.0,1233.0,0.0640713706407137,0.002888202667236328,7,6,27352.651147432724,0,0,0
0,mh_exfil_multi_03_benign_2425,real,exfil_multi_03,,generator_ground_truth,docker_multihost,79.0,360.0,0.21944444444444444,0.0006749629974365234,6,6,117043.45319675027,0,0,0
0,mh_exfil_multi_03_benign_2426,real,exfil_multi_03,,generator_ground_truth,docker_multihost,79.0,1902.0,0.04153522607781283,0.0005340576171875,6,6,147924.11428571428,0,0,0
0,mh_exfil_multi_03_benign_2427,real,exfil_multi_03,,generator_ground_truth,docker_multihost,79.0,2099.0,0.03763696998570748,0.0011949539184570312,6,6,66111.33599361533,0,0,0
0,mh_exfil_multi_03_benign_2428,real,exfil_multi_03,,generator_ground_truth,docker_multihost,79.0,1721.0,0.04590354445090064,0.0006499290466308594,7,6,121551.73000733675,0,0,0
0,mh_exfil_multi_03_benign_2429,real,exfil_multi_03,,generator_ground_truth,docker_multihost,79.0,1598.0,0.04943679599499374,0.002644062042236328,7,5,29878.270153291254,0,0,0
0,mh_exfil_multi_03_benign_2430,real,exfil_multi_03,,generator_ground_truth,docker_multihost,79.0,895.0,0.08826815642458101,0.0025758743286132812,7,5,30669.198074787117,0,0,0
0,mh_exfil_multi_03_benign_2431,real,exfil_multi_03,,generator_ground_truth,docker_multihost,79.0,1511.0,0.05228325612177366,0.004888772964477539,6,6,16159.474079492808,0,0,0
0,mh_exfil_multi_03_benign_2432,real,exfil_multi_03,,generator_ground_truth,docker_multihost,79.0,612.0,0.12908496732026145,0.0054759979248046875,6,6,14426.594218042494,0,0,0
0,mh_exfil_multi_03_benign_2433,real,exfil_multi_03,,generator_ground_truth,docker_multihost,79.0,1259.0,0.06274821286735505,0.00664210319519043,7,5,11893.82303743853,0,0,0
0,mh_exfil_multi_03_benign_2434,real,exfil_multi_03,,generator_ground_truth,docker_multihost,79.0,362.0,0.21823204419889503,0.005944013595581055,7,6,13290.682924872648,0,0,0
0,mh_exfil_multi_03_benign_2435,real,exfil_multi_03,,generator_ground_truth,docker_multihost,79.0,564.0,0.1400709219858156,0.006153106689453125,7,5,12839.042777433355,0,0,0
0,mh_exfil_multi_03_benign_2436,real,exfil_multi_03,,generator_ground_truth,docker_multihost,79.0,1296.0,0.06095679012345679,0.005630970001220703,6,6,14029.554407655178,0,0,0
0,mh_exfil_multi_03_benign_2437,real,exfil_multi_03,,generator_ground_truth,docker_multihost,79.0,1545.0,0.0511326860841424,0.004708051681518555,7,5,16779.764825036713,0,0,0
0,mh_exfil_multi_03_benign_2438,real,exfil_multi_03,,generator_ground_truth,docker_multihost,79.0,1121.0,0.0704727921498662,0.002856016159057617,7,5,27660.907922197177,0,0,0
0,mh_exfil_multi_03_benign_2439,real,exfil_multi_03,,generator_ground_truth,docker_multihost,79.0,1193.0,0.06621961441743504,0.004214048385620117,7,6,18746.818444130127,0,0,0
0,mh_exfil_multi_03_benign_2440,real,exfil_multi_03,,generator_ground_truth,docker_multihost,79.0,436.0,0.1811926605504587,0.004213094711303711,7,5,18751.061965932884,0,0,0
0,mh_exfil_multi_03_benign_2441,real,exfil_multi_03,,generator_ground_truth,docker_multihost,79.0,1555.0,0.05080385852090032,0.0044879913330078125,6,6,17602.52953676158,0,0,0
0,mh_exfil_multi_03_benign_2442,real,exfil_multi_03,,generator_ground_truth,docker_multihost,79.0,1072.0,0.07369402985074627,0.0037910938262939453,7,5,20838.313062071567,0,0,0
0,mh_exfil_multi_03_benign_2443,real,exfil_multi_03,,generator_ground_truth,docker_multihost,79.0,1766.0,0.04473386183465459,0.0026090145111083984,7,6,30279.63227634104,0,0,0
0,mh_exfil_multi_03_benign_2444,real,exfil_multi_03,,generator_ground_truth,docker_multihost,79.0,1118.0,0.0706618962432916,0.0007140636444091797,6,6,110634.3959933222,0,0,0
0,mh_exfil_multi_03_benign_2445,real,exfil_multi_03,,generator_ground_truth,docker_multihost,79.0,1615.0,0.04891640866873065,0.001104116439819336,7,5,71550.42453033902,0,0,0
0,mh_exfil_multi_03_benign_2446,real,exfil_multi_03,,generator_ground_truth,docker_multihost,79.0,1111.0,0.0711071107110711,0.0010828971862792969,6,6,72952.4473800088,0,0,0
0,mh_exfil_multi_03_benign_2447,real,exfil_multi_03,,generator_ground_truth,docker_multihost,79.0,795.0,0.09937106918238994,0.0012340545654296875,7,5,64016.61823802164,0,0,0
0,mh_exfil_multi_03_benign_2448,real,exfil_multi_03,,generator_ground_truth,docker_multihost,79.0,1656.0,0.04770531400966183,0.0009851455688476562,6,6,80191.19457889642,0,0,0
0,mh_exfil_multi_03_benign_2449,real,exfil_multi_03,,generator_ground_truth,docker_multihost,79.0,500.0,0.158,0.0015652179718017578,7,5,50472.20350342726,0,0,0
0,mh_exfil_multi_03_benign_2450,real,exfil_multi_03,,generator_ground_truth,docker_multihost,79.0,1645.0,0.04802431610942249,0.0037391185760498047,6,6,21127.97398456928,0,0,0
0,mh_exfil_multi_03_benign_2451,real,exfil_multi_03,,generator_ground_truth,docker_multihost,79.0,720.0,0.10972222222222222,0.0016181468963623047,6,6,48821.278326211876,0,0,0
0,mh_exfil_multi_03_benign_2452,real,exfil_multi_03,,generator_ground_truth,docker_multihost,79.0,1625.0,0.048615384615384616,0.0023300647735595703,6,6,33904.63685664586,0,0,0
0,mh_exfil_multi_03_benign_2453,real,exfil_multi_03,,generator_ground_truth,docker_multihost,79.0,863.0,0.09154113557358054,0.0033981800079345703,6,6,23247.73844102996,0,0,0
0,mh_exfil_multi_03_benign_2454,real,exfil_multi_03,,generator_ground_truth,docker_multihost,79.0,1022.0,0.07729941291585127,0.004281044006347656,6,6,18453.442637558477,0,0,0
0,mh_exfil_multi_03_benign_2455,real,exfil_multi_03,,generator_ground_truth,docker_multihost,79.0,612.0,0.12908496732026145,0.0023491382598876953,7,5,33629.35309042931,0,0,0
0,mh_exfil_multi_03_benign_2456,real,exfil_multi_03,,generator_ground_truth,docker_multihost,79.0,1038.0,0.07610789980732177,0.0036759376525878906,6,6,21491.11531975613,0,0,0
0,mh_exfil_multi_03_benign_2457,real,exfil_multi_03,,generator_ground_truth,docker_multihost,79.0,1480.0,0.05337837837837838,0.0035278797149658203,7,5,22393.053727106846,0,0,0
0,mh_exfil_multi_03_benign_2458,real,exfil_multi_03,,generator_ground_truth,docker_multihost,79.0,671.0,0.11773472429210134,0.003409147262573242,6,6,23172.950276243093,0,0,0
0,mh_exfil_multi_03_benign_2459,real,exfil_multi_03,,generator_ground_truth,docker_multihost,79.0,572.0,0.1381118881118881,0.0065479278564453125,6,6,12064.885522866298,0,0,0
0,mh_exfil_multi_03_benign_2460,real,exfil_multi_03,,generator_ground_truth,docker_multihost,79.0,472.0,0.1673728813559322,0.0073621273040771484,7,5,10730.59412545743,0,0,0
0,mh_exfil_multi_03_benign_2461,real,exfil_multi_03,,generator_ground_truth,docker_multihost,79.0,1482.0,0.053306342780026994,0.007935047149658203,6,6,9955.832461991467,0,0,0
0,mh_exfil_multi_03_benign_2462,real,exfil_multi_03,,generator_ground_truth,docker_multihost,79.0,715.0,0.11048951048951049,0.00819706916809082,7,5,9637.590995026323,0,0,0
0,mh_exfil_multi_03_benign_2463,real,exfil_multi_03,,generator_ground_truth,docker_multihost,79.0,1266.0,0.06240126382306477,0.009348154067993164,6,6,8450.866280700859,0,0,0
0,mh_exfil_multi_03_benign_2464,real,exfil_multi_03,,generator_ground_truth,docker_multihost,79.0,1141.0,0.06923751095530237,0.008414030075073242,7,5,9389.079822050948,0,0,0
0,mh_exfil_multi_03_benign_2465,real,exfil_multi_03,,generator_ground_truth,docker_multihost,79.0,1236.0,0.063915857605178,0.006329059600830078,7,5,12482.107134784901,0,0,0
0,mh_exfil_multi_03_benign_2466,real,exfil_multi_03,,generator_ground_truth,docker_multihost,79.0,1238.0,0.06381260096930533,0.006737947463989258,7,6,11724.638760128799,0,0,0
0,mh_exfil_multi_03_benign_2467,real,exfil_multi_03,,generator_ground_truth,docker_multihost,79.0,1290.0,0.06124031007751938,0.0076961517333984375,6,6,10264.870384138785,0,0,0
0,mh_exfil_multi_03_benign_2468,real,exfil_multi_03,,generator_ground_truth,docker_multihost,79.0,763.0,0.10353866317169069,0.006894111633300781,7,5,11459.05436436575,0,0,0
0,mh_exfil_multi_03_benign_2469,real,exfil_multi_03,,generator_ground_truth,docker_multihost,79.0,1813.0,0.043574186431329286,0.005012989044189453,6,6,15759.060972129744,0,0,0
0,mh_exfil_multi_03_benign_2470,real,exfil_multi_03,,generator_ground_truth,docker_multihost,79.0,425.0,0.18588235294117647,0.009170055389404297,7,5,8614.997036035567,0,0,0
0,mh_exfil_multi_03_benign_2471,real,exfil_multi_03,,generator_ground_truth,docker_multihost,79.0,1510.0,0.05231788079470199,0.006978034973144531,7,5,11321.238759054257,0,0,0
0,mh_exfil_multi_03_benign_2472,real,exfil_multi_03,,generator_ground_truth,docker_multihost,79.0,1136.0,0.06954225352112677,0.0067560672760009766,6,6,11693.193210290434,0,0,0
0,mh_exfil_multi_03_benign_2473,real,exfil_multi_03,,generator_ground_truth,docker_multihost,79.0,1131.0,0.06984969053934571,0.0047419071197509766,7,5,16659.963597968726,0,0,0
0,mh_exfil_multi_03_benign_2474,real,exfil_multi_03,,generator_ground_truth,docker_multihost,79.0,739.0,0.10690121786197564,0.004799842834472656,7,5,16458.872243194914,0,0,0
0,mh_exfil_multi_03_benign_2475,real,exfil_multi_03,,generator_ground_truth,docker_multihost,79.0,1986.0,0.039778449144008056,0.0032668113708496094,7,5,24182.60224784703,0,0,0
0,mh_exfil_multi_03_benign_2476,real,exfil_multi_03,,generator_ground_truth,docker_multihost,79.0,526.0,0.15019011406844107,0.0035758018493652344,7,5,22092.94679290572,0,0,0
0,mh_exfil_multi_03_benign_2477,real,exfil_multi_03,,generator_ground_truth,docker_multihost,79.0,1879.0,0.04204364023416711,0.0036139488220214844,7,5,21859.745085103576,0,0,0
0,mh_exfil_multi_03_benign_2478,real,exfil_multi_03,,generator_ground_truth,docker_multihost,79.0,1930.0,0.04093264248704663,0.0022399425506591797,6,6,35268.76168174561,0,0,0
0,mh_exfil_multi_03_benign_2479,real,exfil_multi_03,,generator_ground_truth,docker_multihost,79.0,1968.0,0.04014227642276423,0.0031630992889404297,7,5,24975.50433406196,0,0,0
0,mh_exfil_multi_03_benign_2480,real,exfil_multi_03,,generator_ground_truth,docker_multihost,79.0,867.0,0.09111880046136102,0.0031960010528564453,6,6,24718.38985453189,0,0,0
0,mh_exfil_multi_03_benign_2481,real,exfil_multi_03,,generator_ground_truth,docker_multihost,79.0,727.0,0.10866574965612105,0.0032792091369628906,7,6,24091.1746401047,0,0,0
0,mh_exfil_multi_03_benign_2482,real,exfil_multi_03,,generator_ground_truth,docker_multihost,79.0,2097.0,0.037672865999046255,0.0007040500640869141,7,6,112207.92956315611,0,0,0
0,mh_exfil_multi_03_benign_2483,real,exfil_multi_03,,generator_ground_truth,docker_multihost,79.0,1288.0,0.06133540372670807,0.0011010169982910156,7,6,71751.84408834993,0,0,0
0,mh_exfil_multi_03_benign_2484,real,exfil_multi_03,,generator_ground_truth,docker_multihost,79.0,735.0,0.10748299319727891,0.0012559890747070312,7,6,62898.63629460896,0,0,0
0,mh_exfil_multi_03_benign_2485,real,exfil_multi_03,,generator_ground_truth,docker_multihost,79.0,1521.0,0.05193951347797501,0.0020639896392822266,6,6,38275.3859304609,0,0,0
0,mh_exfil_multi_03_benign_2486,real,exfil_multi_03,,generator_ground_truth,docker_multihost,79.0,1144.0,0.06905594405594405,0.0006990432739257812,6,6,113011.60163710777,0,0,0
0,mh_exfil_multi_03_benign_2487,real,exfil_multi_03,,generator_ground_truth,docker_multihost,79.0,1880.0,0.04202127659574468,0.0005619525909423828,7,5,140581.25413661433,0,0,0
0,mh_exfil_multi_03_benign_2488,real,exfil_multi_03,,generator_ground_truth,docker_multihost,79.0,1697.0,0.046552740129640544,0.0005950927734375,6,6,132752.41025641025,0,0,0
0,mh_exfil_multi_03_benign_2489,real,exfil_multi_03,,generator_ground_truth,docker_multihost,79.0,1421.0,0.055594651653764954,0.0005240440368652344,6,6,150750.6897179254,0,0,0
0,mh_exfil_multi_03_benign_2490,real,exfil_multi_03,,generator_ground_truth,docker_multihost,79.0,1360.0,0.05808823529411765,0.0004971027374267578,6,6,158920.87098321342,0,0,0
0,mh_exfil_multi_03_benign_2491,real,exfil_multi_03,,generator_ground_truth,docker_multihost,79.0,325.0,0.24307692307692308,0.20388507843017578,7,6,387.4731815013869,0,0,0
0,mh_exfil_multi_03_benign_2492,real,exfil_multi_03,,generator_ground_truth,docker_multihost,79.0,1615.0,0.04891640866873065,1.0254127979278564,7,6,77.04214357343929,0,0,0
0,mh_exfil_multi_03_benign_2493,real,exfil_multi_03,,generator_ground_truth,docker_multihost,79.0,1720.0,0.045930232558139536,1.0625228881835938,8,5,74.35133951330897,0,0,0
0,mh_exfil_multi_03_benign_2494,real,exfil_multi_03,,generator_ground_truth,docker_multihost,79.0,327.0,0.2415902140672783,1.0641510486602783,7,6,74.23758130902347,0,0,0
0,mh_exfil_multi_03_benign_2495,real,exfil_multi_03,,generator_ground_truth,docker_multihost,79.0,1287.0,0.061383061383061384,1.0475871562957764,8,5,75.41138656122956,0,0,0
0,mh_exfil_multi_03_benign_2496,real,exfil_multi_03,,generator_ground_truth,docker_multihost,79.0,2101.0,0.0376011423131842,1.0478761196136475,8,5,75.39059104536837,0,0,0
0,mh_exfil_multi_03_benign_2497,real,exfil_multi_03,,generator_ground_truth,docker_multihost,79.0,1963.0,0.040244523688232295,1.0480000972747803,7,6,75.38167239242784,0,0,0
0,mh_exfil_multi_03_benign_2498,real,exfil_multi_03,,generator_ground_truth,docker_multihost,79.0,985.0,0.08020304568527918,1.0233418941497803,7,6,77.1980512589444,0,0,0
0,mh_exfil_multi_03_benign_2499,real,exfil_multi_03,,generator_ground_truth,docker_multihost,79.0,523.0,0.15105162523900573,1.0071969032287598,7,6,78.43550724466148,0,0,0
1,mh_exfil_multi_03_icmp_0,real,exfil_multi_03,icmp_covert,generator_ground_truth,docker_multihost,5599252.0,5565652.0,1.006037028545802,0.341890811920166,1200,1200,16377310.547051104,1,0,0
