session_id,label,ts,source,scenario_id,attack_subtype,label_method,environment,unique_ports,unique_hosts,connection_count,port_entropy,port_range_span,mean_inter_arrival,std_inter_arrival
recon_multi_07__benign_0,0,1789360166.3518815,real,recon_multi_07,,generator_ground_truth,docker_multihost,1,1,1,-0.0,0,0.0,0.0
recon_multi_07__benign_0,0,1789360166.5018816,real,recon_multi_07,,generator_ground_truth,docker_multihost,1,1,1,-0.0,0,0.0,0.0
recon_multi_07__benign_0,0,1789360166.6518817,real,recon_multi_07,,generator_ground_truth,docker_multihost,1,1,1,-0.0,0,0.0,0.0
recon_multi_07__benign_0,0,1789360166.8018818,real,recon_multi_07,,generator_ground_truth,docker_multihost,1,1,1,-0.0,0,0.0,0.0
recon_multi_07__benign_0,0,1789360166.951882,real,recon_multi_07,,generator_ground_truth,docker_multihost,1,1,1,-0.0,0,0.0,0.0
recon_multi_07__benign_0,0,1789360167.101882,real,recon_multi_07,,generator_ground_truth,docker_multihost,1,1,1,-0.0,0,0.0,0.0
recon_multi_07__benign_0,0,1789360167.251882,real,recon_multi_07,,generator_ground_truth,docker_multihost,1,1,2,-0.0,0,0.8689,0.0
recon_multi_07__benign_0,0,1789360167.4018822,real,recon_multi_07,,generator_ground_truth,docker_multihost,1,1,2,-0.0,0,0.8689,0.0
recon_multi_07__benign_0,0,1789360167.5518823,real,recon_multi_07,,generator_ground_truth,docker_multihost,1,1,2,-0.0,0,0.8689,0.0
recon_multi_07__benign_0,0,1789360167.7018824,real,recon_multi_07,,generator_ground_truth,docker_multihost,1,1,2,-0.0,0,0.8689,0.0
recon_multi_07__benign_0,0,1789360167.8518825,real,recon_multi_07,,generator_ground_truth,docker_multihost,1,1,2,-0.0,0,0.8689,0.0
recon_multi_07__benign_0,0,1789360168.0018826,real,recon_multi_07,,generator_ground_truth,docker_multihost,1,1,2,-0.0,0,0.8689,0.0
recon_multi_07__benign_0,0,1789360168.1518826,real,recon_multi_07,,generator_ground_truth,docker_multihost,1,1,3,-0.0,0,0.8538,0.015
recon_multi_07__benign_0,0,1789360168.3018827,real,recon_multi_07,,generator_ground_truth,docker_multihost,1,1,3,-0.0,0,0.8538,0.015
recon_multi_07__benign_0,0,1789360168.4518828,real,recon_multi_07,,generator_ground_truth,docker_multihost,1,1,3,-0.0,0,0.8538,0.015
recon_multi_07__benign_0,0,1789360168.601883,real,recon_multi_07,,generator_ground_truth,docker_multihost,1,1,3,-0.0,0,0.8538,0.015
recon_multi_07__benign_0,0,1789360168.751883,real,recon_multi_07,,generator_ground_truth,docker_multihost,1,1,3,-0.0,0,0.8538,0.015
recon_multi_07__benign_0,0,1789360168.9018831,real,recon_multi_07,,generator_ground_truth,docker_multihost,1,1,3,-0.0,0,0.8538,0.015
recon_multi_07__benign_0,0,1789360169.0518832,real,recon_multi_07,,generator_ground_truth,docker_multihost,1,1,4,-0.0,0,0.8848,0.0454
recon_multi_07__benign_0,0,1789360169.2018833,real,recon_multi_07,,generator_ground_truth,docker_multihost,1,1,4,-0.0,0,0.8848,0.0454
recon_multi_07__benign_0,0,1789360169.3518834,real,recon_multi_07,,generator_ground_truth,docker_multihost,1,1,4,-0.0,0,0.8848,0.0454
recon_multi_07__benign_0,0,1789360169.5018835,real,recon_multi_07,,generator_ground_truth,docker_multihost,1,1,5,-0.0,0,0.7996,0.1527
recon_multi_07__benign_0,0,1789360169.6518836,real,recon_multi_07,,generator_ground_truth,docker_multihost,1,1,5,-0.0,0,0.7996,0.1527
recon_multi_07__benign_0,0,1789360169.8018837,real,recon_multi_07,,generator_ground_truth,docker_multihost,1,1,5,-0.0,0,0.7996,0.1527
recon_multi_07__benign_0,0,1789360169.9518838,real,recon_multi_07,,generator_ground_truth,docker_multihost,1,1,5,-0.0,0,0.7996,0.1527
recon_multi_07__benign_0,0,1789360170.101884,real,recon_multi_07,,generator_ground_truth,docker_multihost,1,1,5,-0.0,0,0.7996,0.1527
recon_multi_07__benign_0,0,1789360170.251884,real,recon_multi_07,,generator_ground_truth,docker_multihost,1,1,6,-0.0,0,0.782,0.141
recon_multi_07__benign_0,0,1789360170.401884,real,recon_multi_07,,generator_ground_truth,docker_multihost,1,1,6,-0.0,0,0.782,0.141
recon_multi_07__benign_0,0,1789360170.5518842,real,recon_multi_07,,generator_ground_truth,docker_multihost,1,1,6,-0.0,0,0.782,0.141
recon_multi_07__benign_0,0,1789360170.7018843,real,recon_multi_07,,generator_ground_truth,docker_multihost,1,1,6,-0.0,0,0.782,0.141
recon_multi_07__benign_0,0,1789360170.8518844,real,recon_multi_07,,generator_ground_truth,docker_multihost,1,1,7,-0.0,0,0.7376,0.1626
recon_multi_07__benign_0,0,1789360171.0018845,real,recon_multi_07,,generator_ground_truth,docker_multihost,1,1,7,-0.0,0,0.7376,0.1626
recon_multi_07__benign_0,0,1789360171.1518846,real,recon_multi_07,,generator_ground_truth,docker_multihost,1,1,7,-0.0,0,0.7376,0.1626
recon_multi_07__benign_0,0,1789360171.3018847,real,recon_multi_07,,generator_ground_truth,docker_multihost,1,1,7,-0.0,0,0.7376,0.1626
recon_multi_07__benign_0,0,1789360171.4518847,real,recon_multi_07,,generator_ground_truth,docker_multihost,1,1,8,-0.0,0,0.7193,0.157
recon_multi_07__benign_0,0,1789360171.6018848,real,recon_multi_07,,generator_ground_truth,docker_multihost,1,1,8,-0.0,0,0.7193,0.157
recon_multi_07__benign_0,0,1789360171.751885,real,recon_multi_07,,generator_ground_truth,docker_multihost,1,1,8,-0.0,0,0.7193,0.157
recon_multi_07__benign_0,0,1789360171.901885,real,recon_multi_07,,generator_ground_truth,docker_multihost,1,1,8,-0.0,0,0.7193,0.157
recon_multi_07__benign_0,0,1789360172.0518851,real,recon_multi_07,,generator_ground_truth,docker_multihost,1,1,8,-0.0,0,0.7193,0.157
recon_multi_07__benign_0,0,1789360172.2018852,real,recon_multi_07,,generator_ground_truth,docker_multihost,1,1,9,-0.0,0,0.7235,0.1473
recon_multi_07__benign_0,0,1789360172.3518853,real,recon_multi_07,,generator_ground_truth,docker_multihost,1,1,9,-0.0,0,0.7235,0.1473
recon_multi_07__benign_0,0,1789360172.5018854,real,recon_multi_07,,generator_ground_truth,docker_multihost,1,1,9,-0.0,0,0.7235,0.1473
recon_multi_07__benign_0,0,1789360172.6518855,real,recon_multi_07,,generator_ground_truth,docker_multihost,1,1,10,-0.0,0,0.7003,0.1537
recon_multi_07__benign_0,0,1789360172.8018856,real,recon_multi_07,,generator_ground_truth,docker_multihost,1,1,10,-0.0,0,0.7003,0.1537
recon_multi_07__benign_0,0,1789360172.9518857,real,recon_multi_07,,generator_ground_truth,docker_multihost,1,1,10,-0.0,0,0.7003,0.1537
recon_multi_07__benign_0,0,1789360173.1018858,real,recon_multi_07,,generator_ground_truth,docker_multihost,1,1,10,-0.0,0,0.7003,0.1537
recon_multi_07__benign_0,0,1789360173.251886,real,recon_multi_07,,generator_ground_truth,docker_multihost,1,1,11,-0.0,0,0.6902,0.1489
recon_multi_07__benign_0,0,1789360173.401886,real,recon_multi_07,,generator_ground_truth,docker_multihost,1,1,11,-0.0,0,0.6902,0.1489
recon_multi_07__benign_0,0,1789360173.551886,real,recon_multi_07,,generator_ground_truth,docker_multihost,1,1,11,-0.0,0,0.6902,0.1489
recon_multi_07__benign_0,0,1789360173.7018862,real,recon_multi_07,,generator_ground_truth,docker_multihost,1,1,11,-0.0,0,0.6902,0.1489
recon_multi_07__benign_0,0,1789360173.8518863,real,recon_multi_07,,generator_ground_truth,docker_multihost,1,1,11,-0.0,0,0.6902,0.1489
recon_multi_07__benign_0,0,1789360174.0018864,real,recon_multi_07,,generator_ground_truth,docker_multihost,1,1,11,-0.0,0,0.6902,0.1489
recon_multi_07__benign_0,0,1789360174.1518865,real,recon_multi_07,,generator_ground_truth,docker_multihost,1,1,12,-0.0,0,0.7025,0.1472
recon_multi_07__benign_0,0,1789360174.3018866,real,recon_multi_07,,generator_ground_truth,docker_multihost,1,1,12,-0.0,0,0.7025,0.1472
recon_multi_07__benign_0,0,1789360174.4518867,real,recon_multi_07,,generator_ground_truth,docker_multihost,1,1,12,-0.0,0,0.7025,0.1472
recon_multi_07__benign_0,0,1789360174.6018867,real,recon_multi_07,,generator_ground_truth,docker_multihost,1,1,12,-0.0,0,0.7025,0.1472
recon_multi_07__benign_0,0,1789360174.7518868,real,recon_multi_07,,generator_ground_truth,docker_multihost,1,1,12,-0.0,0,0.7025,0.1472
recon_multi_07__benign_0,0,1789360174.901887,real,recon_multi_07,,generator_ground_truth,docker_multihost,1,1,13,-0.0,0,0.7084,0.1423
recon_multi_07__benign_0,0,1789360175.051887,real,recon_multi_07,,generator_ground_truth,docker_multihost,1,1,13,-0.0,0,0.7084,0.1423
recon_multi_07__benign_0,0,1789360175.2018871,real,recon_multi_07,,generator_ground_truth,docker_multihost,1,1,13,-0.0,0,0.7084,0.1423
recon_multi_07__benign_0,0,1789360175.3518872,real,recon_multi_07,,generator_ground_truth,docker_multihost,1,1,13,-0.0,0,0.7084,0.1423
recon_multi_07__benign_0,0,1789360175.5018873,real,recon_multi_07,,generator_ground_truth,docker_multihost,1,1,14,-0.0,0,0.7009,0.1392
recon_multi_07__benign_0,0,1789360175.6518874,real,recon_multi_07,,generator_ground_truth,docker_multihost,1,1,14,-0.0,0,0.7009,0.1392
recon_multi_07__benign_0,0,1789360175.8018875,real,recon_multi_07,,generator_ground_truth,docker_multihost,1,1,14,-0.0,0,0.7009,0.1392
recon_multi_07__benign_0,0,1789360175.9518876,real,recon_multi_07,,generator_ground_truth,docker_multihost,1,1,14,-0.0,0,0.7009,0.1392
recon_multi_07__benign_0,0,1789360176.1018877,real,recon_multi_07,,generator_ground_truth,docker_multihost,1,1,14,-0.0,0,0.7009,0.1392
recon_multi_07__benign_0,0,1789360176.2518878,real,recon_multi_07,,generator_ground_truth,docker_multihost,1,1,15,-0.0,0,0.7076,0.1363
recon_multi_07__benign_0,0,1789360176.401888,real,recon_multi_07,,generator_ground_truth,docker_multihost,1,1,15,-0.0,0,0.7076,0.1363
recon_multi_07__benign_0,0,1789360176.551888,real,recon_multi_07,,generator_ground_truth,docker_multihost,1,1,15,-0.0,0,0.7076,0.1363
recon_multi_07__benign_0,0,1789360176.701888,real,recon_multi_07,,generator_ground_truth,docker_multihost,1,1,15,-0.0,0,0.7076,0.1363
recon_multi_07__benign_0,0,1789360176.8518882,real,recon_multi_07,,generator_ground_truth,docker_multihost,1,1,15,-0.0,0,0.7076,0.1363
recon_multi_07__benign_0,0,1789360177.0018883,real,recon_multi_07,,generator_ground_truth,docker_multihost,1,1,15,-0.0,0,0.7076,0.1363
recon_multi_07__benign_0,0,1789360177.1518884,real,recon_multi_07,,generator_ground_truth,docker_multihost,1,1,16,-0.0,0,0.7208,0.1406
recon_multi_07__benign_0,0,1789360177.3018885,real,recon_multi_07,,generator_ground_truth,docker_multihost,1,1,16,-0.0,0,0.7208,0.1406
recon_multi_07__benign_0,0,1789360177.4518886,real,recon_multi_07,,generator_ground_truth,docker_multihost,1,1,16,-0.0,0,0.7208,0.1406
recon_multi_07__benign_0,0,1789360177.6018887,real,recon_multi_07,,generator_ground_truth,docker_multihost,1,1,16,-0.0,0,0.7208,0.1406
recon_multi_07__benign_0,0,1789360177.7518888,real,recon_multi_07,,generator_ground_truth,docker_multihost,1,1,17,-0.0,0,0.7073,0.1459
recon_multi_07__benign_0,0,1789360177.9018888,real,recon_multi_07,,generator_ground_truth,docker_multihost,1,1,17,-0.0,0,0.7073,0.1459
recon_multi_07__benign_0,0,1789360178.051889,real,recon_multi_07,,generator_ground_truth,docker_multihost,1,1,17,-0.0,0,0.7073,0.1459
recon_multi_07__benign_0,0,1789360178.201889,real,recon_multi_07,,generator_ground_truth,docker_multihost,1,1,17,-0.0,0,0.7073,0.1459
recon_multi_07__benign_0,0,1789360178.3518891,real,recon_multi_07,,generator_ground_truth,docker_multihost,1,1,17,-0.0,0,0.7073,0.1459
recon_multi_07__benign_0,0,1789360178.5018892,real,recon_multi_07,,generator_ground_truth,docker_multihost,1,1,17,-0.0,0,0.7073,0.1459
recon_multi_07__benign_0,0,1789360178.6518893,real,recon_multi_07,,generator_ground_truth,docker_multihost,1,1,18,-0.0,0,0.7188,0.1489
recon_multi_07__benign_0,0,1789360178.8018894,real,recon_multi_07,,generator_ground_truth,docker_multihost,1,1,18,-0.0,0,0.7188,0.1489
recon_multi_07__benign_0,0,1789360178.9518895,real,recon_multi_07,,generator_ground_truth,docker_multihost,1,1,18,-0.0,0,0.7188,0.1489
recon_multi_07__benign_0,0,1789360179.1018896,real,recon_multi_07,,generator_ground_truth,docker_multihost,1,1,18,-0.0,0,0.7188,0.1489
recon_multi_07__benign_0,0,1789360179.2518897,real,recon_multi_07,,generator_ground_truth,docker_multihost,1,1,18,-0.0,0,0.7188,0.1489
recon_multi_07__benign_0,0,1789360179.4018898,real,recon_multi_07,,generator_ground_truth,docker_multihost,1,1,19,-0.0,0,0.7261,0.1478
recon_multi_07__benign_0,0,1789360179.55189,real,recon_multi_07,,generator_ground_truth,docker_multihost,1,1,19,-0.0,0,0.7261,0.1478
recon_multi_07__benign_0,0,1789360179.70189,real,recon_multi_07,,generator_ground_truth,docker_multihost,1,1,19,-0.0,0,0.7261,0.1478
recon_multi_07__benign_0,0,1789360179.85189,real,recon_multi_07,,generator_ground_truth,docker_multihost,1,1,19,-0.0,0,0.7261,0.1478
recon_multi_07__benign_0,0,1789360180.0018902,real,recon_multi_07,,generator_ground_truth,docker_multihost,1,1,19,-0.0,0,0.7261,0.1478
recon_multi_07__benign_0,0,1789360180.1518903,real,recon_multi_07,,generator_ground_truth,docker_multihost,1,1,20,-0.0,0,0.7232,0.1444
recon_multi_07__benign_0,0,1789360180.3018904,real,recon_multi_07,,generator_ground_truth,docker_multihost,1,1,20,-0.0,0,0.7232,0.1444
recon_multi_07__benign_0,0,1789360180.4518905,real,recon_multi_07,,generator_ground_truth,docker_multihost,1,1,20,-0.0,0,0.7232,0.1444
recon_multi_07__benign_0,0,1789360180.6018906,real,recon_multi_07,,generator_ground_truth,docker_multihost,1,1,20,-0.0,0,0.7232,0.1444
recon_multi_07__benign_0,0,1789360180.7518907,real,recon_multi_07,,generator_ground_truth,docker_multihost,1,1,21,-0.0,0,0.7159,0.1442
recon_multi_07__benign_0,0,1789360180.9018908,real,recon_multi_07,,generator_ground_truth,docker_multihost,1,1,21,-0.0,0,0.7159,0.1442
recon_multi_07__benign_0,0,1789360181.0518909,real,recon_multi_07,,generator_ground_truth,docker_multihost,1,1,21,-0.0,0,0.7159,0.1442
recon_multi_07__benign_0,0,1789360181.201891,real,recon_multi_07,,generator_ground_truth,docker_multihost,1,1,21,-0.0,0,0.7159,0.1442
recon_multi_07__benign_0,0,1789360181.351891,real,recon_multi_07,,generator_ground_truth,docker_multihost,1,1,21,-0.0,0,0.7159,0.1442
recon_multi_07__benign_0,0,1789360181.5018911,real,recon_multi_07,,generator_ground_truth,docker_multihost,1,1,21,-0.0,0,0.7159,0.1442
recon_multi_07__benign_0,0,1789360181.6518912,real,recon_multi_07,,generator_ground_truth,docker_multihost,1,1,22,-0.0,0,0.7285,0.1515
recon_multi_07__benign_0,0,1789360181.8018913,real,recon_multi_07,,generator_ground_truth,docker_multihost,1,1,22,-0.0,0,0.7285,0.1515
recon_multi_07__benign_0,0,1789360181.9518914,real,recon_multi_07,,generator_ground_truth,docker_multihost,1,1,22,-0.0,0,0.7285,0.1515
recon_multi_07__benign_0,0,1789360182.1018915,real,recon_multi_07,,generator_ground_truth,docker_multihost,1,1,22,-0.0,0,0.7285,0.1515
recon_multi_07__benign_0,0,1789360182.2518916,real,recon_multi_07,,generator_ground_truth,docker_multihost,1,1,22,-0.0,0,0.7285,0.1515
recon_multi_07__benign_0,0,1789360182.4018917,real,recon_multi_07,,generator_ground_truth,docker_multihost,1,1,23,-0.0,0,0.7258,0.1485
recon_multi_07__benign_0,0,1789360182.5518918,real,recon_multi_07,,generator_ground_truth,docker_multihost,1,1,23,-0.0,0,0.7258,0.1485
recon_multi_07__benign_0,0,1789360182.701892,real,recon_multi_07,,generator_ground_truth,docker_multihost,1,1,23,-0.0,0,0.7258,0.1485
recon_multi_07__benign_0,0,1789360182.851892,real,recon_multi_07,,generator_ground_truth,docker_multihost,1,1,24,-0.0,0,0.718,0.1498
recon_multi_07__benign_0,0,1789360183.001892,real,recon_multi_07,,generator_ground_truth,docker_multihost,1,1,24,-0.0,0,0.718,0.1498
recon_multi_07__benign_0,0,1789360183.1518922,real,recon_multi_07,,generator_ground_truth,docker_multihost,1,1,24,-0.0,0,0.718,0.1498
recon_multi_07__benign_0,0,1789360183.3018923,real,recon_multi_07,,generator_ground_truth,docker_multihost,1,1,24,-0.0,0,0.718,0.1498
recon_multi_07__benign_0,0,1789360183.4518924,real,recon_multi_07,,generator_ground_truth,docker_multihost,1,1,25,-0.0,0,0.7109,0.1504
recon_multi_07__benign_0,0,1789360183.6018925,real,recon_multi_07,,generator_ground_truth,docker_multihost,1,1,25,-0.0,0,0.7109,0.1504
recon_multi_07__benign_0,0,1789360183.7518926,real,recon_multi_07,,generator_ground_truth,docker_multihost,1,1,25,-0.0,0,0.7109,0.1504
recon_multi_07__benign_0,0,1789360183.9018927,real,recon_multi_07,,generator_ground_truth,docker_multihost,1,1,25,-0.0,0,0.7109,0.1504
recon_multi_07__benign_0,0,1789360184.0518928,real,recon_multi_07,,generator_ground_truth,docker_multihost,1,1,25,-0.0,0,0.7109,0.1504
recon_multi_07__benign_0,0,1789360184.2018929,real,recon_multi_07,,generator_ground_truth,docker_multihost,1,1,25,-0.0,0,0.7109,0.1504
recon_multi_07__benign_0,0,1789360184.351893,real,recon_multi_07,,generator_ground_truth,docker_multihost,1,1,26,-0.0,0,0.7195,0.1532
recon_multi_07__benign_0,0,1789360184.501893,real,recon_multi_07,,generator_ground_truth,docker_multihost,1,1,26,-0.0,0,0.7195,0.1532
recon_multi_07__benign_0,0,1789360184.6518931,real,recon_multi_07,,generator_ground_truth,docker_multihost,1,1,26,-0.0,0,0.7195,0.1532
recon_multi_07__benign_0,0,1789360184.8018932,real,recon_multi_07,,generator_ground_truth,docker_multihost,1,1,26,-0.0,0,0.7195,0.1532
recon_multi_07__benign_0,0,1789360184.9518933,real,recon_multi_07,,generator_ground_truth,docker_multihost,1,1,26,-0.0,0,0.7195,0.1532
recon_multi_07__benign_0,0,1789360185.1018934,real,recon_multi_07,,generator_ground_truth,docker_multihost,1,1,27,-0.0,0,0.7227,0.1511
recon_multi_07__benign_0,0,1789360185.2518935,real,recon_multi_07,,generator_ground_truth,docker_multihost,1,1,27,-0.0,0,0.7227,0.1511
recon_multi_07__benign_0,0,1789360185.4018936,real,recon_multi_07,,generator_ground_truth,docker_multihost,1,1,27,-0.0,0,0.7227,0.1511
recon_multi_07__benign_0,0,1789360185.5518937,real,recon_multi_07,,generator_ground_truth,docker_multihost,1,1,27,-0.0,0,0.7227,0.1511
recon_multi_07__benign_0,0,1789360185.7018938,real,recon_multi_07,,generator_ground_truth,docker_multihost,1,1,27,-0.0,0,0.7227,0.1511
recon_multi_07__benign_0,0,1789360185.851894,real,recon_multi_07,,generator_ground_truth,docker_multihost,1,1,27,-0.0,0,0.7227,0.1511
recon_multi_07__benign_0,0,1789360186.001894,real,recon_multi_07,,generator_ground_truth,docker_multihost,1,1,28,-0.0,0,0.7294,0.1522
recon_multi_07__benign_0,0,1789360186.151894,real,recon_multi_07,,generator_ground_truth,docker_multihost,1,1,28,-0.0,0,0.7294,0.1522
recon_multi_07__benign_0,0,1789360186.3018942,real,recon_multi_07,,generator_ground_truth,docker_multihost,1,1,28,-0.0,0,0.7294,0.1522
recon_multi_07__benign_0,0,1789360186.4518943,real,recon_multi_07,,generator_ground_truth,docker_multihost,1,1,28,-0.0,0,0.7294,0.1522
recon_multi_07__benign_0,0,1789360186.6018944,real,recon_multi_07,,generator_ground_truth,docker_multihost,1,1,28,-0.0,0,0.7294,0.1522
recon_multi_07__benign_0,0,1789360186.7518945,real,recon_multi_07,,generator_ground_truth,docker_multihost,1,1,28,-0.0,0,0.7294,0.1522
recon_multi_07__benign_0,0,1789360186.9018946,real,recon_multi_07,,generator_ground_truth,docker_multihost,1,1,29,-0.0,0,0.7343,0.1516
recon_multi_07__benign_0,0,1789360187.0518947,real,recon_multi_07,,generator_ground_truth,docker_multihost,1,1,29,-0.0,0,0.7343,0.1516
recon_multi_07__benign_0,0,1789360187.2018948,real,recon_multi_07,,generator_ground_truth,docker_multihost,1,1,29,-0.0,0,0.7343,0.1516
recon_multi_07__benign_0,0,1789360187.3518949,real,recon_multi_07,,generator_ground_truth,docker_multihost,1,1,29,-0.0,0,0.7343,0.1516
recon_multi_07__benign_0,0,1789360187.501895,real,recon_multi_07,,generator_ground_truth,docker_multihost,1,1,29,-0.0,0,0.7343,0.1516
recon_multi_07__benign_0,0,1789360187.651895,real,recon_multi_07,,generator_ground_truth,docker_multihost,1,1,30,-0.0,0,0.7354,0.1491
recon_multi_07__benign_0,0,1789360187.8018951,real,recon_multi_07,,generator_ground_truth,docker_multihost,1,1,30,-0.0,0,0.7354,0.1491
recon_multi_07__benign_0,0,1789360187.9518952,real,recon_multi_07,,generator_ground_truth,docker_multihost,1,1,30,-0.0,0,0.7354,0.1491
recon_multi_07__benign_0,0,1789360188.1018953,real,recon_multi_07,,generator_ground_truth,docker_multihost,1,1,30,-0.0,0,0.7354,0.1491
recon_multi_07__benign_0,0,1789360188.2518954,real,recon_multi_07,,generator_ground_truth,docker_multihost,1,1,30,-0.0,0,0.7354,0.1491
recon_multi_07__benign_0,0,1789360188.4018955,real,recon_multi_07,,generator_ground_truth,docker_multihost,1,1,30,-0.0,0,0.7354,0.1491
recon_multi_07__benign_0,0,1789360188.5518956,real,recon_multi_07,,generator_ground_truth,docker_multihost,1,1,30,-0.0,0,0.7354,0.1491
recon_multi_07__benign_0,0,1789360188.7018957,real,recon_multi_07,,generator_ground_truth,docker_multihost,1,1,31,-0.0,0,0.7438,0.1534
recon_multi_07__benign_0,0,1789360188.8518958,real,recon_multi_07,,generator_ground_truth,docker_multihost,1,1,31,-0.0,0,0.7438,0.1534
recon_multi_07__benign_0,0,1789360189.001896,real,recon_multi_07,,generator_ground_truth,docker_multihost,1,1,31,-0.0,0,0.7438,0.1534
recon_multi_07__recon_0,1,1789360191.233122,real,recon_multi_07,port_scan,generator_ground_truth,docker_multihost,9,1,9,3.1699,139,0.0179,0.0
recon_multi_07__recon_0,1,1789360191.3831222,real,recon_multi_07,port_scan,generator_ground_truth,docker_multihost,17,1,17,4.0875,141,0.0179,0.0001
recon_multi_07__recon_0,1,1789360191.5331223,real,recon_multi_07,port_scan,generator_ground_truth,docker_multihost,26,1,26,4.7004,148,0.0179,0.0
recon_multi_07__recon_0,1,1789360191.6831224,real,recon_multi_07,port_scan,generator_ground_truth,docker_multihost,34,1,34,5.0875,159,0.0179,0.0
recon_multi_07__recon_0,1,1789360191.8331225,real,recon_multi_07,port_scan,generator_ground_truth,docker_multihost,42,1,42,5.3923,169,0.0179,0.0
recon_multi_07__recon_0,1,1789360191.9831226,real,recon_multi_07,port_scan,generator_ground_truth,docker_multihost,51,1,51,5.6724,169,0.0179,0.0
recon_multi_07__recon_0,1,1789360192.1331227,real,recon_multi_07,port_scan,generator_ground_truth,docker_multihost,59,1,59,5.8826,169,0.0179,0.0001
recon_multi_07__recon_0,1,1789360192.2831228,real,recon_multi_07,port_scan,generator_ground_truth,docker_multihost,68,1,68,6.0875,169,0.0179,0.0001
recon_multi_07__recon_0,1,1789360192.4331229,real,recon_multi_07,port_scan,generator_ground_truth,docker_multihost,76,1,76,6.2479,172,0.0179,0.0001
recon_multi_07__recon_0,1,1789360192.583123,real,recon_multi_07,port_scan,generator_ground_truth,docker_multihost,84,1,84,6.3923,172,0.0179,0.0001
recon_multi_07__recon_0,1,1789360192.733123,real,recon_multi_07,port_scan,generator_ground_truth,docker_multihost,93,1,93,6.5392,172,0.0179,0.0001
recon_multi_07__recon_0,1,1789360192.8831232,real,recon_multi_07,port_scan,generator_ground_truth,docker_multihost,101,1,101,6.6582,172,0.0179,0.0001
recon_multi_07__recon_0,1,1789360193.0331233,real,recon_multi_07,port_scan,generator_ground_truth,docker_multihost,110,1,110,6.7814,172,0.0179,0.0001
recon_multi_07__recon_0,1,1789360193.1831234,real,recon_multi_07,port_scan,generator_ground_truth,docker_multihost,118,1,118,6.8826,173,0.0179,0.0001
recon_multi_07__recon_0,1,1789360193.3331234,real,recon_multi_07,port_scan,generator_ground_truth,docker_multihost,121,1,121,6.9189,173,0.0179,0.0001
recon_multi_07__recon_0,1,1789360193.4831235,real,recon_multi_07,port_scan,generator_ground_truth,docker_multihost,121,1,121,6.9189,173,0.0179,0.0001
recon_multi_07__recon_0,1,1789360193.6331236,real,recon_multi_07,port_scan,generator_ground_truth,docker_multihost,121,1,121,6.9189,173,0.0179,0.0001
recon_multi_07__recon_0,1,1789360193.7831237,real,recon_multi_07,port_scan,generator_ground_truth,docker_multihost,121,1,121,6.9189,173,0.0179,0.0001
recon_multi_07__recon_0,1,1789360193.9331238,real,recon_multi_07,port_scan,generator_ground_truth,docker_multihost,121,1,121,6.9189,173,0.0179,0.0001
recon_multi_07__recon_0,1,1789360194.083124,real,recon_multi_07,port_scan,generator_ground_truth,docker_multihost,121,1,121,6.9189,173,0.0179,0.0001
recon_multi_07__recon_0,1,1789360194.233124,real,recon_multi_07,port_scan,generator_ground_truth,docker_multihost,121,1,121,6.9189,173,0.0179,0.0001
recon_multi_07__recon_0,1,1789360194.383124,real,recon_multi_07,port_scan,generator_ground_truth,docker_multihost,121,1,121,6.9189,173,0.0179,0.0001
recon_multi_07__recon_0,1,1789360194.5331242,real,recon_multi_07,port_scan,generator_ground_truth,docker_multihost,121,1,121,6.9189,173,0.0179,0.0001
recon_multi_07__recon_0,1,1789360194.6831243,real,recon_multi_07,port_scan,generator_ground_truth,docker_multihost,121,1,121,6.9189,173,0.0179,0.0001
recon_multi_07__recon_0,1,1789360194.8331244,real,recon_multi_07,port_scan,generator_ground_truth,docker_multihost,121,1,121,6.9189,173,0.0179,0.0001
recon_multi_07__recon_0,1,1789360194.9831245,real,recon_multi_07,port_scan,generator_ground_truth,docker_multihost,121,1,121,6.9189,173,0.0179,0.0001
recon_multi_07__recon_0,1,1789360195.1331246,real,recon_multi_07,port_scan,generator_ground_truth,docker_multihost,121,1,121,6.9189,173,0.0179,0.0001
recon_multi_07__recon_0,1,1789360195.2831247,real,recon_multi_07,port_scan,generator_ground_truth,docker_multihost,121,1,121,6.9189,173,0.0179,0.0001
recon_multi_07__recon_0,1,1789360195.4331248,real,recon_multi_07,port_scan,generator_ground_truth,docker_multihost,121,1,121,6.9189,173,0.0179,0.0001
recon_multi_07__recon_0,1,1789360195.5831249,real,recon_multi_07,port_scan,generator_ground_truth,docker_multihost,121,1,121,6.9189,173,0.0179,0.0001
recon_multi_07__recon_0,1,1789360195.733125,real,recon_multi_07,port_scan,generator_ground_truth,docker_multihost,121,1,121,6.9189,173,0.0179,0.0001
recon_multi_07__recon_0,1,1789360195.883125,real,recon_multi_07,port_scan,generator_ground_truth,docker_multihost,121,1,121,6.9189,173,0.0179,0.0001
recon_multi_07__recon_0,1,1789360196.0331252,real,recon_multi_07,port_scan,generator_ground_truth,docker_multihost,121,1,121,6.9189,173,0.0179,0.0001
recon_multi_07__recon_0,1,1789360196.1831253,real,recon_multi_07,port_scan,generator_ground_truth,docker_multihost,121,1,121,6.9189,173,0.0179,0.0001
recon_multi_07__recon_0,1,1789360196.3331254,real,recon_multi_07,port_scan,generator_ground_truth,docker_multihost,121,1,121,6.9189,173,0.0179,0.0001
recon_multi_07__recon_0,1,1789360196.4831254,real,recon_multi_07,port_scan,generator_ground_truth,docker_multihost,121,1,121,6.9189,173,0.0179,0.0001
recon_multi_07__recon_0,1,1789360196.6331255,real,recon_multi_07,port_scan,generator_ground_truth,docker_multihost,121,1,121,6.9189,173,0.0179,0.0001
recon_multi_07__recon_0,1,1789360196.7831256,real,recon_multi_07,port_scan,generator_ground_truth,docker_multihost,121,1,121,6.9189,173,0.0179,0.0001
recon_multi_07__recon_0,1,1789360196.9331257,real,recon_multi_07,port_scan,generator_ground_truth,docker_multihost,121,1,121,6.9189,173,0.0179,0.0001
recon_multi_07__recon_0,1,1789360197.0831258,real,recon_multi_07,port_scan,generator_ground_truth,docker_multihost,121,1,121,6.9189,173,0.0179,0.0001
recon_multi_07__recon_0,1,1789360197.233126,real,recon_multi_07,port_scan,generator_ground_truth,docker_multihost,121,1,121,6.9189,173,0.0179,0.0001
recon_multi_07__recon_0,1,1789360197.383126,real,recon_multi_07,port_scan,generator_ground_truth,docker_multihost,121,1,121,6.9189,173,0.0179,0.0001
recon_multi_07__recon_0,1,1789360197.533126,real,recon_multi_07,port_scan,generator_ground_truth,docker_multihost,121,1,121,6.9189,173,0.0179,0.0001
recon_multi_07__recon_0,1,1789360197.6831262,real,recon_multi_07,port_scan,generator_ground_truth,docker_multihost,121,1,121,6.9189,173,0.0179,0.0001
recon_multi_07__recon_0,1,1789360197.8331263,real,recon_multi_07,port_scan,generator_ground_truth,docker_multihost,121,1,121,6.9189,173,0.0179,0.0001
recon_multi_07__recon_0,1,1789360197.9831264,real,recon_multi_07,port_scan,generator_ground_truth,docker_multihost,121,1,121,6.9189,173,0.0179,0.0001
recon_multi_07__recon_0,1,1789360198.1331265,real,recon_multi_07,port_scan,generator_ground_truth,docker_multihost,121,1,121,6.9189,173,0.0179,0.0001
recon_multi_07__recon_0,1,1789360198.2831266,real,recon_multi_07,port_scan,generator_ground_truth,docker_multihost,121,1,121,6.9189,173,0.0179,0.0001
recon_multi_07__recon_0,1,1789360198.4331267,real,recon_multi_07,port_scan,generator_ground_truth,docker_multihost,121,1,121,6.9189,173,0.0179,0.0001
recon_multi_07__recon_0,1,1789360198.5831268,real,recon_multi_07,port_scan,generator_ground_truth,docker_multihost,121,1,121,6.9189,173,0.0179,0.0001
recon_multi_07__recon_0,1,1789360198.7331269,real,recon_multi_07,port_scan,generator_ground_truth,docker_multihost,121,1,121,6.9189,173,0.0179,0.0001
recon_multi_07__recon_0,1,1789360198.883127,real,recon_multi_07,port_scan,generator_ground_truth,docker_multihost,121,1,121,6.9189,173,0.0179,0.0001
recon_multi_07__recon_0,1,1789360199.033127,real,recon_multi_07,port_scan,generator_ground_truth,docker_multihost,121,1,121,6.9189,173,0.0179,0.0001
recon_multi_07__recon_0,1,1789360199.1831272,real,recon_multi_07,port_scan,generator_ground_truth,docker_multihost,121,1,121,6.9189,173,0.0179,0.0001
recon_multi_07__recon_0,1,1789360199.3331273,real,recon_multi_07,port_scan,generator_ground_truth,docker_multihost,130,1,130,7.0224,311,0.0639,0.5209
recon_multi_07__recon_0,1,1789360199.4831274,real,recon_multi_07,port_scan,generator_ground_truth,docker_multihost,138,1,138,7.1085,333,0.0612,0.5055
recon_multi_07__recon_0,1,1789360199.6331275,real,recon_multi_07,port_scan,generator_ground_truth,docker_multihost,147,1,147,7.1997,333,0.0585,0.4898
recon_multi_07__recon_0,1,1789360199.7831275,real,recon_multi_07,port_scan,generator_ground_truth,docker_multihost,155,1,155,7.2761,333,0.0564,0.477
recon_multi_07__recon_0,1,1789360199.9331276,real,recon_multi_07,port_scan,generator_ground_truth,docker_multihost,163,1,163,7.3487,345,0.0545,0.4652
recon_multi_07__recon_0,1,1789360200.0831277,real,recon_multi_07,port_scan,generator_ground_truth,docker_multihost,172,1,172,7.4263,345,0.0526,0.4528
recon_multi_07__recon_0,1,1789360200.2331278,real,recon_multi_07,port_scan,generator_ground_truth,docker_multihost,180,1,180,7.4919,345,0.051,0.4427
recon_multi_07__recon_0,1,1789360200.383128,real,recon_multi_07,port_scan,generator_ground_truth,docker_multihost,189,1,189,7.5622,345,0.0494,0.432
recon_multi_07__recon_0,1,1789360200.533128,real,recon_multi_07,port_scan,generator_ground_truth,docker_multihost,197,1,197,7.6221,345,0.0482,0.4231
recon_multi_07__recon_0,1,1789360200.683128,real,recon_multi_07,port_scan,generator_ground_truth,docker_multihost,205,1,205,7.6795,345,0.047,0.4148
recon_multi_07__recon_0,1,1789360200.8331282,real,recon_multi_07,port_scan,generator_ground_truth,docker_multihost,214,1,214,7.7415,345,0.0457,0.406
recon_multi_07__recon_0,1,1789360200.9831283,real,recon_multi_07,port_scan,generator_ground_truth,docker_multihost,222,1,222,7.7944,345,0.0447,0.3986
recon_multi_07__recon_0,1,1789360201.1331284,real,recon_multi_07,port_scan,generator_ground_truth,docker_multihost,231,1,231,7.8517,345,0.0437,0.3907
recon_multi_07__recon_0,1,1789360201.2831285,real,recon_multi_07,port_scan,generator_ground_truth,docker_multihost,239,1,239,7.9009,345,0.0428,0.3842
recon_multi_07__recon_0,1,1789360201.4331286,real,recon_multi_07,port_scan,generator_ground_truth,docker_multihost,247,1,247,7.9484,345,0.042,0.3779
recon_multi_07__recon_0,1,1789360201.5831287,real,recon_multi_07,port_scan,generator_ground_truth,docker_multihost,256,1,256,8.0,345,0.0411,0.3712
recon_multi_07__recon_0,1,1789360201.7331288,real,recon_multi_07,port_scan,generator_ground_truth,docker_multihost,264,1,264,8.0444,345,0.0404,0.3655
recon_multi_07__recon_0,1,1789360201.883129,real,recon_multi_07,port_scan,generator_ground_truth,docker_multihost,273,1,273,8.0928,345,0.0397,0.3594
recon_multi_07__recon_0,1,1789360202.033129,real,recon_multi_07,port_scan,generator_ground_truth,docker_multihost,281,1,281,8.1344,345,0.0391,0.3543
recon_multi_07__recon_0,1,1789360202.183129,real,recon_multi_07,port_scan,generator_ground_truth,docker_multihost,289,1,289,8.1749,346,0.0385,0.3493
recon_multi_07__recon_0,1,1789360202.3331292,real,recon_multi_07,port_scan,generator_ground_truth,docker_multihost,294,1,295,8.1978,346,0.0381,0.3458
recon_multi_07__recon_0,1,1789360202.4831293,real,recon_multi_07,port_scan,generator_ground_truth,docker_multihost,294,1,295,8.1978,346,0.0381,0.3458
recon_multi_07__recon_0,1,1789360202.6331294,real,recon_multi_07,port_scan,generator_ground_truth,docker_multihost,294,1,295,8.1978,346,0.0381,0.3458
recon_multi_07__recon_0,1,1789360202.7831295,real,recon_multi_07,port_scan,generator_ground_truth,docker_multihost,294,1,295,8.1978,346,0.0381,0.3458
recon_multi_07__recon_0,1,1789360202.9331295,real,recon_multi_07,port_scan,generator_ground_truth,docker_multihost,294,1,295,8.1978,346,0.0381,0.3458
recon_multi_07__recon_0,1,1789360203.0831296,real,recon_multi_07,port_scan,generator_ground_truth,docker_multihost,294,1,295,8.1978,346,0.0381,0.3458
recon_multi_07__recon_0,1,1789360203.2331297,real,recon_multi_07,port_scan,generator_ground_truth,docker_multihost,294,1,295,8.1978,346,0.0381,0.3458
recon_multi_07__recon_0,1,1789360203.3831298,real,recon_multi_07,port_scan,generator_ground_truth,docker_multihost,294,1,295,8.1978,346,0.0381,0.3458
recon_multi_07__recon_0,1,1789360203.53313,real,recon_multi_07,port_scan,generator_ground_truth,docker_multihost,294,1,295,8.1978,346,0.0381,0.3458
recon_multi_07__recon_0,1,1789360203.68313,real,recon_multi_07,port_scan,generator_ground_truth,docker_multihost,294,1,295,8.1978,346,0.0381,0.3458
recon_multi_07__recon_0,1,1789360203.8331301,real,recon_multi_07,port_scan,generator_ground_truth,docker_multihost,294,1,295,8.1978,346,0.0381,0.3458
recon_multi_07__recon_0,1,1789360203.9831302,real,recon_multi_07,port_scan,generator_ground_truth,docker_multihost,294,1,295,8.1978,346,0.0381,0.3458
recon_multi_07__recon_0,1,1789360204.1331303,real,recon_multi_07,port_scan,generator_ground_truth,docker_multihost,294,1,295,8.1978,346,0.0381,0.3458
recon_multi_07__recon_0,1,1789360204.2831304,real,recon_multi_07,port_scan,generator_ground_truth,docker_multihost,294,1,295,8.1978,346,0.0381,0.3458
recon_multi_07__recon_0,1,1789360204.4331305,real,recon_multi_07,port_scan,generator_ground_truth,docker_multihost,294,1,295,8.1978,346,0.0381,0.3458
recon_multi_07__recon_0,1,1789360204.5831306,real,recon_multi_07,port_scan,generator_ground_truth,docker_multihost,294,1,295,8.1978,346,0.0381,0.3458
recon_multi_07__recon_0,1,1789360204.7331307,real,recon_multi_07,port_scan,generator_ground_truth,docker_multihost,294,1,295,8.1978,346,0.0381,0.3458
recon_multi_07__recon_0,1,1789360204.8831308,real,recon_multi_07,port_scan,generator_ground_truth,docker_multihost,294,1,295,8.1978,346,0.0381,0.3458
recon_multi_07__recon_0,1,1789360205.033131,real,recon_multi_07,port_scan,generator_ground_truth,docker_multihost,294,1,295,8.1978,346,0.0381,0.3458
recon_multi_07__recon_0,1,1789360205.183131,real,recon_multi_07,port_scan,generator_ground_truth,docker_multihost,294,1,295,8.1978,346,0.0381,0.3458
recon_multi_07__recon_0,1,1789360205.333131,real,recon_multi_07,port_scan,generator_ground_truth,docker_multihost,294,1,295,8.1978,346,0.0381,0.3458
recon_multi_07__recon_0,1,1789360205.4831312,real,recon_multi_07,port_scan,generator_ground_truth,docker_multihost,294,1,295,8.1978,346,0.0381,0.3458
recon_multi_07__recon_0,1,1789360205.6331313,real,recon_multi_07,port_scan,generator_ground_truth,docker_multihost,294,1,295,8.1978,346,0.0381,0.3458
recon_multi_07__recon_0,1,1789360205.7831314,real,recon_multi_07,port_scan,generator_ground_truth,docker_multihost,294,1,295,8.1978,346,0.0381,0.3458
recon_multi_07__recon_0,1,1789360205.9331315,real,recon_multi_07,port_scan,generator_ground_truth,docker_multihost,294,1,295,8.1978,346,0.0381,0.3458
recon_multi_07__recon_0,1,1789360206.0831316,real,recon_multi_07,port_scan,generator_ground_truth,docker_multihost,294,1,295,8.1978,346,0.0381,0.3458
recon_multi_07__recon_0,1,1789360206.2331316,real,recon_multi_07,port_scan,generator_ground_truth,docker_multihost,294,1,295,8.1978,346,0.0381,0.3458
recon_multi_07__recon_0,1,1789360206.3831317,real,recon_multi_07,port_scan,generator_ground_truth,docker_multihost,294,1,295,8.1978,346,0.0381,0.3458
recon_multi_07__recon_0,1,1789360206.5331318,real,recon_multi_07,port_scan,generator_ground_truth,docker_multihost,294,1,295,8.1978,346,0.0381,0.3458
recon_multi_07__recon_0,1,1789360206.683132,real,recon_multi_07,port_scan,generator_ground_truth,docker_multihost,294,1,295,8.1978,346,0.0381,0.3458
recon_multi_07__recon_0,1,1789360206.833132,real,recon_multi_07,port_scan,generator_ground_truth,docker_multihost,294,1,295,8.1978,346,0.0381,0.3458
recon_multi_07__recon_0,1,1789360206.9831321,real,recon_multi_07,port_scan,generator_ground_truth,docker_multihost,294,1,295,8.1978,346,0.0381,0.3458
recon_multi_07__recon_0,1,1789360207.1331322,real,recon_multi_07,port_scan,generator_ground_truth,docker_multihost,294,1,295,8.1978,346,0.0381,0.3458
recon_multi_07__recon_0,1,1789360207.2831323,real,recon_multi_07,port_scan,generator_ground_truth,docker_multihost,294,1,295,8.1978,346,0.0381,0.3458
recon_multi_07__recon_0,1,1789360207.4331324,real,recon_multi_07,port_scan,generator_ground_truth,docker_multihost,294,1,295,8.1978,346,0.0381,0.3458
recon_multi_07__recon_0,1,1789360207.5831325,real,recon_multi_07,port_scan,generator_ground_truth,docker_multihost,294,1,295,8.1978,346,0.0381,0.3458
recon_multi_07__recon_0,1,1789360207.7331326,real,recon_multi_07,port_scan,generator_ground_truth,docker_multihost,294,1,295,8.1978,346,0.0381,0.3458
recon_multi_07__recon_0,1,1789360207.8831327,real,recon_multi_07,port_scan,generator_ground_truth,docker_multihost,294,1,295,8.1978,346,0.0381,0.3458
recon_multi_07__recon_0,1,1789360208.0331328,real,recon_multi_07,port_scan,generator_ground_truth,docker_multihost,294,1,295,8.1978,346,0.0381,0.3458
recon_multi_07__recon_0,1,1789360208.183133,real,recon_multi_07,port_scan,generator_ground_truth,docker_multihost,294,1,295,8.1978,346,0.0381,0.3458
recon_multi_07__recon_0,1,1789360208.333133,real,recon_multi_07,port_scan,generator_ground_truth,docker_multihost,294,1,295,8.1978,346,0.0381,0.3458
recon_multi_07__recon_0,1,1789360208.483133,real,recon_multi_07,port_scan,generator_ground_truth,docker_multihost,294,1,295,8.1978,346,0.0381,0.3458
recon_multi_07__recon_0,1,1789360208.6331332,real,recon_multi_07,port_scan,generator_ground_truth,docker_multihost,294,1,295,8.1978,346,0.0381,0.3458
recon_multi_07__recon_0,1,1789360208.7831333,real,recon_multi_07,port_scan,generator_ground_truth,docker_multihost,294,1,295,8.1978,346,0.0381,0.3458
recon_multi_07__recon_0,1,1789360208.9331334,real,recon_multi_07,port_scan,generator_ground_truth,docker_multihost,299,1,300,8.2222,515,0.0597,0.5104
recon_multi_07__recon_0,1,1789360209.0831335,real,recon_multi_07,port_scan,generator_ground_truth,docker_multihost,307,1,308,8.2603,515,0.0586,0.5037
recon_multi_07__recon_0,1,1789360209.2331336,real,recon_multi_07,port_scan,generator_ground_truth,docker_multihost,315,1,316,8.2975,515,0.0576,0.4973
recon_multi_07__recon_0,1,1789360209.3831336,real,recon_multi_07,port_scan,generator_ground_truth,docker_multihost,324,1,325,8.3381,518,0.0565,0.4904
recon_multi_07__recon_0,1,1789360209.5331337,real,recon_multi_07,port_scan,generator_ground_truth,docker_multihost,332,1,333,8.3734,519,0.0555,0.4845
recon_multi_07__recon_0,1,1789360209.6831338,real,recon_multi_07,port_scan,generator_ground_truth,docker_multihost,341,1,342,8.412,519,0.0545,0.4781
recon_multi_07__recon_0,1,1789360209.833134,real,recon_multi_07,port_scan,generator_ground_truth,docker_multihost,349,1,350,8.4455,519,0.0537,0.4726
recon_multi_07__recon_0,1,1789360209.983134,real,recon_multi_07,port_scan,generator_ground_truth,docker_multihost,357,1,358,8.4782,519,0.0529,0.4673
recon_multi_07__recon_0,1,1789360210.1331341,real,recon_multi_07,port_scan,generator_ground_truth,docker_multihost,366,1,367,8.5142,519,0.052,0.4616
recon_multi_07__recon_0,1,1789360210.2831342,real,recon_multi_07,port_scan,generator_ground_truth,docker_multihost,374,1,375,8.5454,519,0.0513,0.4566
recon_multi_07__recon_0,1,1789360210.4331343,real,recon_multi_07,port_scan,generator_ground_truth,docker_multihost,383,1,384,8.5798,519,0.0505,0.4513
recon_multi_07__recon_0,1,1789360210.5831344,real,recon_multi_07,port_scan,generator_ground_truth,docker_multihost,391,1,392,8.6096,519,0.0498,0.4467
recon_multi_07__recon_0,1,1789360210.7331345,real,recon_multi_07,port_scan,generator_ground_truth,docker_multihost,399,1,400,8.6389,519,0.0492,0.4422
recon_multi_07__recon_0,1,1789360210.8831346,real,recon_multi_07,port_scan,generator_ground_truth,docker_multihost,408,1,409,8.6711,519,0.0485,0.4373
recon_multi_07__recon_0,1,1789360211.0331347,real,recon_multi_07,port_scan,generator_ground_truth,docker_multihost,415,1,417,8.6943,519,0.0479,0.4331
recon_multi_07__recon_0,1,1789360211.1831348,real,recon_multi_07,port_scan,generator_ground_truth,docker_multihost,424,1,426,8.7253,519,0.0473,0.4285
recon_multi_07__recon_0,1,1789360211.333135,real,recon_multi_07,port_scan,generator_ground_truth,docker_multihost,432,1,434,8.7523,519,0.0467,0.4246
recon_multi_07__recon_0,1,1789360211.483135,real,recon_multi_07,port_scan,generator_ground_truth,docker_multihost,440,1,442,8.7789,519,0.0462,0.4207
recon_multi_07__recon_0,1,1789360211.633135,real,recon_multi_07,port_scan,generator_ground_truth,docker_multihost,449,1,451,8.8081,519,0.0457,0.4165
recon_multi_07__recon_0,1,1789360211.7831352,real,recon_multi_07,port_scan,generator_ground_truth,docker_multihost,457,1,459,8.8336,519,0.0452,0.4129
recon_multi_07__recon_0,1,1789360211.9331353,real,recon_multi_07,port_scan,generator_ground_truth,docker_multihost,466,1,468,8.8618,519,0.0446,0.4089
recon_multi_07__recon_0,1,1789360212.0831354,real,recon_multi_07,port_scan,generator_ground_truth,docker_multihost,467,1,469,8.8649,519,0.0446,0.4084
recon_multi_07__recon_0,1,1789360212.2331355,real,recon_multi_07,port_scan,generator_ground_truth,docker_multihost,467,1,469,8.8649,519,0.0446,0.4084
recon_multi_07__recon_0,1,1789360212.3831356,real,recon_multi_07,port_scan,generator_ground_truth,docker_multihost,467,1,469,8.8649,519,0.0446,0.4084
recon_multi_07__recon_0,1,1789360212.5331357,real,recon_multi_07,port_scan,generator_ground_truth,docker_multihost,467,1,469,8.8649,519,0.0446,0.4084
recon_multi_07__recon_0,1,1789360212.6831357,real,recon_multi_07,port_scan,generator_ground_truth,docker_multihost,467,1,469,8.8649,519,0.0446,0.4084
recon_multi_07__recon_0,1,1789360212.8331358,real,recon_multi_07,port_scan,generator_ground_truth,docker_multihost,467,1,469,8.8649,519,0.0446,0.4084
recon_multi_07__recon_0,1,1789360212.983136,real,recon_multi_07,port_scan,generator_ground_truth,docker_multihost,467,1,469,8.8649,519,0.0446,0.4084
recon_multi_07__recon_0,1,1789360213.133136,real,recon_multi_07,port_scan,generator_ground_truth,docker_multihost,467,1,469,8.8649,519,0.0446,0.4084
recon_multi_07__recon_0,1,1789360213.2831361,real,recon_multi_07,port_scan,generator_ground_truth,docker_multihost,467,1,469,8.8649,519,0.0446,0.4084
recon_multi_07__recon_0,1,1789360213.4331362,real,recon_multi_07,port_scan,generator_ground_truth,docker_multihost,467,1,469,8.8649,519,0.0446,0.4084
recon_multi_07__recon_0,1,1789360213.5831363,real,recon_multi_07,port_scan,generator_ground_truth,docker_multihost,467,1,469,8.8649,519,0.0446,0.4084
recon_multi_07__recon_0,1,1789360213.7331364,real,recon_multi_07,port_scan,generator_ground_truth,docker_multihost,467,1,469,8.8649,519,0.0446,0.4084
recon_multi_07__recon_0,1,1789360213.8831365,real,recon_multi_07,port_scan,generator_ground_truth,docker_multihost,467,1,469,8.8649,519,0.0446,0.4084
recon_multi_07__recon_0,1,1789360214.0331366,real,recon_multi_07,port_scan,generator_ground_truth,docker_multihost,467,1,469,8.8649,519,0.0446,0.4084
recon_multi_07__recon_0,1,1789360214.1831367,real,recon_multi_07,port_scan,generator_ground_truth,docker_multihost,467,1,469,8.8649,519,0.0446,0.4084
recon_multi_07__recon_0,1,1789360214.3331368,real,recon_multi_07,port_scan,generator_ground_truth,docker_multihost,467,1,469,8.8649,519,0.0446,0.4084
recon_multi_07__recon_0,1,1789360214.483137,real,recon_multi_07,port_scan,generator_ground_truth,docker_multihost,467,1,469,8.8649,519,0.0446,0.4084
recon_multi_07__recon_0,1,1789360214.633137,real,recon_multi_07,port_scan,generator_ground_truth,docker_multihost,467,1,469,8.8649,519,0.0446,0.4084
recon_multi_07__recon_0,1,1789360214.783137,real,recon_multi_07,port_scan,generator_ground_truth,docker_multihost,467,1,469,8.8649,519,0.0446,0.4084
recon_multi_07__recon_0,1,1789360214.9331372,real,recon_multi_07,port_scan,generator_ground_truth,docker_multihost,467,1,469,8.8649,519,0.0446,0.4084
recon_multi_07__recon_0,1,1789360215.0831373,real,recon_multi_07,port_scan,generator_ground_truth,docker_multihost,467,1,469,8.8649,519,0.0446,0.4084
recon_multi_07__recon_0,1,1789360215.2331374,real,recon_multi_07,port_scan,generator_ground_truth,docker_multihost,467,1,469,8.8649,519,0.0446,0.4084
recon_multi_07__recon_0,1,1789360215.3831375,real,recon_multi_07,port_scan,generator_ground_truth,docker_multihost,476,1,478,8.8925,688,0.0509,0.4309
recon_multi_07__recon_0,1,1789360215.5331376,real,recon_multi_07,port_scan,generator_ground_truth,docker_multihost,484,1,486,8.9166,688,0.0504,0.4273
recon_multi_07__recon_0,1,1789360215.6831377,real,recon_multi_07,port_scan,generator_ground_truth,docker_multihost,493,1,495,8.9432,688,0.0498,0.4235
recon_multi_07__recon_0,1,1789360215.8331378,real,recon_multi_07,port_scan,generator_ground_truth,docker_multihost,501,1,503,8.9665,688,0.0493,0.4201
recon_multi_07__recon_0,1,1789360215.9831378,real,recon_multi_07,port_scan,generator_ground_truth,docker_multihost,508,1,511,8.9854,688,0.0488,0.4168
recon_multi_07__recon_0,1,1789360216.133138,real,recon_multi_07,port_scan,generator_ground_truth,docker_multihost,517,1,520,9.0108,688,0.0483,0.4132
recon_multi_07__recon_0,1,1789360216.283138,real,recon_multi_07,port_scan,generator_ground_truth,docker_multihost,525,1,528,9.033,688,0.0478,0.4101
recon_multi_07__recon_0,1,1789360216.4331381,real,recon_multi_07,port_scan,generator_ground_truth,docker_multihost,534,1,537,9.0576,688,0.0473,0.4066
recon_multi_07__recon_0,1,1789360216.5831382,real,recon_multi_07,port_scan,generator_ground_truth,docker_multihost,542,1,545,9.0791,688,0.0469,0.4036
recon_multi_07__recon_0,1,1789360216.7331383,real,recon_multi_07,port_scan,generator_ground_truth,docker_multihost,550,1,553,9.1003,688,0.0464,0.4007
recon_multi_07__recon_0,1,1789360216.8831384,real,recon_multi_07,port_scan,generator_ground_truth,docker_multihost,559,1,562,9.1238,688,0.046,0.3975
recon_multi_07__recon_0,1,1789360217.0331385,real,recon_multi_07,port_scan,generator_ground_truth,docker_multihost,567,1,570,9.1443,691,0.0456,0.3947
recon_multi_07__recon_0,1,1789360217.1831386,real,recon_multi_07,port_scan,generator_ground_truth,docker_multihost,576,1,579,9.1671,691,0.0451,0.3916
recon_multi_07__recon_0,1,1789360217.3331387,real,recon_multi_07,port_scan,generator_ground_truth,docker_multihost,584,1,587,9.187,691,0.0448,0.389
recon_multi_07__benign_1,0,1789360220.085352,real,recon_multi_07,,generator_ground_truth,docker_multihost,1,1,1,-0.0,0,0.0,0.0
recon_multi_07__benign_1,0,1789360220.235352,real,recon_multi_07,,generator_ground_truth,docker_multihost,1,1,1,-0.0,0,0.0,0.0
recon_multi_07__benign_1,0,1789360220.3853521,real,recon_multi_07,,generator_ground_truth,docker_multihost,1,1,1,-0.0,0,0.0,0.0
recon_multi_07__benign_1,0,1789360220.5353522,real,recon_multi_07,,generator_ground_truth,docker_multihost,1,1,1,-0.0,0,0.0,0.0
recon_multi_07__benign_1,0,1789360220.6853523,real,recon_multi_07,,generator_ground_truth,docker_multihost,1,1,1,-0.0,0,0.0,0.0
recon_multi_07__benign_1,0,1789360220.8353524,real,recon_multi_07,,generator_ground_truth,docker_multihost,2,1,2,1.0,9,0.7273,0.0
recon_multi_07__benign_1,0,1789360220.9853525,real,recon_multi_07,,generator_ground_truth,docker_multihost,2,1,2,1.0,9,0.7273,0.0
recon_multi_07__benign_1,0,1789360221.1353526,real,recon_multi_07,,generator_ground_truth,docker_multihost,2,1,2,1.0,9,0.7273,0.0
recon_multi_07__benign_1,0,1789360221.2853527,real,recon_multi_07,,generator_ground_truth,docker_multihost,2,1,2,1.0,9,0.7273,0.0
recon_multi_07__benign_1,0,1789360221.4353528,real,recon_multi_07,,generator_ground_truth,docker_multihost,2,1,2,1.0,9,0.7273,0.0
recon_multi_07__benign_1,0,1789360221.585353,real,recon_multi_07,,generator_ground_truth,docker_multihost,2,1,2,1.0,9,0.7273,0.0
recon_multi_07__benign_1,0,1789360221.735353,real,recon_multi_07,,generator_ground_truth,docker_multihost,2,1,3,0.9183,9,0.8225,0.0952
recon_multi_07__benign_1,0,1789360221.885353,real,recon_multi_07,,generator_ground_truth,docker_multihost,2,1,3,0.9183,9,0.8225,0.0952
recon_multi_07__benign_1,0,1789360222.0353532,real,recon_multi_07,,generator_ground_truth,docker_multihost,2,1,3,0.9183,9,0.8225,0.0952
recon_multi_07__benign_1,0,1789360222.1853533,real,recon_multi_07,,generator_ground_truth,docker_multihost,2,1,3,0.9183,9,0.8225,0.0952
recon_multi_07__benign_1,0,1789360222.3353534,real,recon_multi_07,,generator_ground_truth,docker_multihost,2,1,4,1.0,9,0.7423,0.1375
recon_multi_07__benign_1,0,1789360222.4853535,real,recon_multi_07,,generator_ground_truth,docker_multihost,2,1,4,1.0,9,0.7423,0.1375
recon_multi_07__benign_1,0,1789360222.6353536,real,recon_multi_07,,generator_ground_truth,docker_multihost,2,1,4,1.0,9,0.7423,0.1375
recon_multi_07__benign_1,0,1789360222.7853537,real,recon_multi_07,,generator_ground_truth,docker_multihost,2,1,4,1.0,9,0.7423,0.1375
recon_multi_07__benign_1,0,1789360222.9353538,real,recon_multi_07,,generator_ground_truth,docker_multihost,2,1,5,0.971,9,0.7263,0.1223
recon_multi_07__benign_1,0,1789360223.0853539,real,recon_multi_07,,generator_ground_truth,docker_multihost,2,1,5,0.971,9,0.7263,0.1223
recon_multi_07__benign_1,0,1789360223.235354,real,recon_multi_07,,generator_ground_truth,docker_multihost,2,1,5,0.971,9,0.7263,0.1223
recon_multi_07__benign_1,0,1789360223.385354,real,recon_multi_07,,generator_ground_truth,docker_multihost,2,1,5,0.971,9,0.7263,0.1223
recon_multi_07__benign_1,0,1789360223.5353541,real,recon_multi_07,,generator_ground_truth,docker_multihost,2,1,5,0.971,9,0.7263,0.1223
recon_multi_07__benign_1,0,1789360223.6853542,real,recon_multi_07,,generator_ground_truth,docker_multihost,2,1,5,0.971,9,0.7263,0.1223
recon_multi_07__benign_1,0,1789360223.8353543,real,recon_multi_07,,generator_ground_truth,docker_multihost,2,1,6,1.0,9,0.7482,0.1178
recon_multi_07__benign_1,0,1789360223.9853544,real,recon_multi_07,,generator_ground_truth,docker_multihost,2,1,6,1.0,9,0.7482,0.1178
recon_multi_07__benign_1,0,1789360224.1353545,real,recon_multi_07,,generator_ground_truth,docker_multihost,2,1,6,1.0,9,0.7482,0.1178
recon_multi_07__benign_1,0,1789360224.2853546,real,recon_multi_07,,generator_ground_truth,docker_multihost,2,1,6,1.0,9,0.7482,0.1178
recon_multi_07__benign_1,0,1789360224.4353547,real,recon_multi_07,,generator_ground_truth,docker_multihost,2,1,6,1.0,9,0.7482,0.1178
recon_multi_07__benign_1,0,1789360224.5853548,real,recon_multi_07,,generator_ground_truth,docker_multihost,2,1,7,0.9852,9,0.7654,0.1143
recon_multi_07__benign_1,0,1789360224.735355,real,recon_multi_07,,generator_ground_truth,docker_multihost,2,1,7,0.9852,9,0.7654,0.1143
recon_multi_07__benign_1,0,1789360224.885355,real,recon_multi_07,,generator_ground_truth,docker_multihost,2,1,7,0.9852,9,0.7654,0.1143
recon_multi_07__benign_1,0,1789360225.035355,real,recon_multi_07,,generator_ground_truth,docker_multihost,2,1,7,0.9852,9,0.7654,0.1143
recon_multi_07__benign_1,0,1789360225.1853552,real,recon_multi_07,,generator_ground_truth,docker_multihost,2,1,7,0.9852,9,0.7654,0.1143
recon_multi_07__benign_1,0,1789360225.3353553,real,recon_multi_07,,generator_ground_truth,docker_multihost,2,1,7,0.9852,9,0.7654,0.1143
recon_multi_07__benign_1,0,1789360225.4853554,real,recon_multi_07,,generator_ground_truth,docker_multihost,2,1,8,1.0,9,0.7764,0.1092
recon_multi_07__benign_1,0,1789360225.6353555,real,recon_multi_07,,generator_ground_truth,docker_multihost,2,1,8,1.0,9,0.7764,0.1092
recon_multi_07__benign_1,0,1789360225.7853556,real,recon_multi_07,,generator_ground_truth,docker_multihost,2,1,8,1.0,9,0.7764,0.1092
recon_multi_07__benign_1,0,1789360225.9353557,real,recon_multi_07,,generator_ground_truth,docker_multihost,2,1,9,0.9911,9,0.7464,0.1294
recon_multi_07__benign_1,0,1789360226.0853558,real,recon_multi_07,,generator_ground_truth,docker_multihost,2,1,9,0.9911,9,0.7464,0.1294
recon_multi_07__benign_1,0,1789360226.2353559,real,recon_multi_07,,generator_ground_truth,docker_multihost,2,1,9,0.9911,9,0.7464,0.1294
recon_multi_07__benign_1,0,1789360226.385356,real,recon_multi_07,,generator_ground_truth,docker_multihost,2,1,9,0.9911,9,0.7464,0.1294
recon_multi_07__benign_1,0,1789360226.535356,real,recon_multi_07,,generator_ground_truth,docker_multihost,2,1,9,0.9911,9,0.7464,0.1294
recon_multi_07__benign_1,0,1789360226.6853561,real,recon_multi_07,,generator_ground_truth,docker_multihost,2,1,9,0.9911,9,0.7464,0.1294
recon_multi_07__benign_1,0,1789360226.8353562,real,recon_multi_07,,generator_ground_truth,docker_multihost,2,1,10,1.0,9,0.7543,0.124
recon_multi_07__benign_1,0,1789360226.9853563,real,recon_multi_07,,generator_ground_truth,docker_multihost,2,1,10,1.0,9,0.7543,0.124
recon_multi_07__benign_1,0,1789360227.1353564,real,recon_multi_07,,generator_ground_truth,docker_multihost,2,1,10,1.0,9,0.7543,0.124
recon_multi_07__benign_1,0,1789360227.2853565,real,recon_multi_07,,generator_ground_truth,docker_multihost,2,1,10,1.0,9,0.7543,0.124
recon_multi_07__benign_1,0,1789360227.4353566,real,recon_multi_07,,generator_ground_truth,docker_multihost,2,1,10,1.0,9,0.7543,0.124
recon_multi_07__benign_1,0,1789360227.5853567,real,recon_multi_07,,generator_ground_truth,docker_multihost,2,1,11,0.994,9,0.7557,0.1177
recon_multi_07__benign_1,0,1789360227.7353568,real,recon_multi_07,,generator_ground_truth,docker_multihost,2,1,11,0.994,9,0.7557,0.1177
recon_multi_07__benign_1,0,1789360227.885357,real,recon_multi_07,,generator_ground_truth,docker_multihost,2,1,11,0.994,9,0.7557,0.1177
recon_multi_07__benign_1,0,1789360228.035357,real,recon_multi_07,,generator_ground_truth,docker_multihost,2,1,11,0.994,9,0.7557,0.1177
recon_multi_07__benign_1,0,1789360228.185357,real,recon_multi_07,,generator_ground_truth,docker_multihost,2,1,12,1.0,9,0.7436,0.1186
recon_multi_07__benign_1,0,1789360228.3353572,real,recon_multi_07,,generator_ground_truth,docker_multihost,2,1,12,1.0,9,0.7436,0.1186
recon_multi_07__benign_1,0,1789360228.4853573,real,recon_multi_07,,generator_ground_truth,docker_multihost,2,1,12,1.0,9,0.7436,0.1186
recon_multi_07__benign_1,0,1789360228.6353574,real,recon_multi_07,,generator_ground_truth,docker_multihost,2,1,12,1.0,9,0.7436,0.1186
recon_multi_07__benign_1,0,1789360228.7853575,real,recon_multi_07,,generator_ground_truth,docker_multihost,2,1,12,1.0,9,0.7436,0.1186
recon_multi_07__benign_1,0,1789360228.9353576,real,recon_multi_07,,generator_ground_truth,docker_multihost,2,1,13,0.9957,9,0.7426,0.1136
recon_multi_07__benign_1,0,1789360229.0853577,real,recon_multi_07,,generator_ground_truth,docker_multihost,2,1,13,0.9957,9,0.7426,0.1136
recon_multi_07__benign_1,0,1789360229.2353578,real,recon_multi_07,,generator_ground_truth,docker_multihost,2,1,13,0.9957,9,0.7426,0.1136
recon_multi_07__benign_1,0,1789360229.3853579,real,recon_multi_07,,generator_ground_truth,docker_multihost,2,1,13,0.9957,9,0.7426,0.1136
recon_multi_07__benign_1,0,1789360229.535358,real,recon_multi_07,,generator_ground_truth,docker_multihost,2,1,14,1.0,9,0.7344,0.1128
recon_multi_07__benign_1,0,1789360229.685358,real,recon_multi_07,,generator_ground_truth,docker_multihost,2,1,14,1.0,9,0.7344,0.1128
recon_multi_07__benign_1,0,1789360229.8353581,real,recon_multi_07,,generator_ground_truth,docker_multihost,2,1,14,1.0,9,0.7344,0.1128
recon_multi_07__benign_1,0,1789360229.9853582,real,recon_multi_07,,generator_ground_truth,docker_multihost,2,1,14,1.0,9,0.7344,0.1128
recon_multi_07__benign_1,0,1789360230.1353583,real,recon_multi_07,,generator_ground_truth,docker_multihost,2,1,14,1.0,9,0.7344,0.1128
recon_multi_07__benign_1,0,1789360230.2853584,real,recon_multi_07,,generator_ground_truth,docker_multihost,2,1,14,1.0,9,0.7344,0.1128
recon_multi_07__benign_1,0,1789360230.4353585,real,recon_multi_07,,generator_ground_truth,docker_multihost,2,1,14,1.0,9,0.7344,0.1128
recon_multi_07__benign_1,0,1789360230.5853586,real,recon_multi_07,,generator_ground_truth,docker_multihost,2,1,15,0.9968,9,0.7507,0.1236
recon_multi_07__benign_1,0,1789360230.7353587,real,recon_multi_07,,generator_ground_truth,docker_multihost,2,1,15,0.9968,9,0.7507,0.1236
recon_multi_07__benign_1,0,1789360230.8853588,real,recon_multi_07,,generator_ground_truth,docker_multihost,2,1,15,0.9968,9,0.7507,0.1236
recon_multi_07__benign_1,0,1789360231.035359,real,recon_multi_07,,generator_ground_truth,docker_multihost,2,1,15,0.9968,9,0.7507,0.1236
recon_multi_07__benign_1,0,1789360231.185359,real,recon_multi_07,,generator_ground_truth,docker_multihost,2,1,15,0.9968,9,0.7507,0.1236
recon_multi_07__benign_1,0,1789360231.335359,real,recon_multi_07,,generator_ground_truth,docker_multihost,2,1,16,1.0,9,0.757,0.1217
recon_multi_07__benign_1,0,1789360231.4853592,real,recon_multi_07,,generator_ground_truth,docker_multihost,2,1,16,1.0,9,0.757,0.1217
recon_multi_07__benign_1,0,1789360231.6353593,real,recon_multi_07,,generator_ground_truth,docker_multihost,2,1,16,1.0,9,0.757,0.1217
recon_multi_07__benign_1,0,1789360231.7853594,real,recon_multi_07,,generator_ground_truth,docker_multihost,2,1,16,1.0,9,0.757,0.1217
recon_multi_07__benign_1,0,1789360231.9353595,real,recon_multi_07,,generator_ground_truth,docker_multihost,2,1,17,0.9975,9,0.7478,0.1231
recon_multi_07__benign_1,0,1789360232.0853596,real,recon_multi_07,,generator_ground_truth,docker_multihost,2,1,17,0.9975,9,0.7478,0.1231
recon_multi_07__benign_1,0,1789360232.2353597,real,recon_multi_07,,generator_ground_truth,docker_multihost,2,1,17,0.9975,9,0.7478,0.1231
recon_multi_07__benign_1,0,1789360232.3853598,real,recon_multi_07,,generator_ground_truth,docker_multihost,2,1,17,0.9975,9,0.7478,0.1231
recon_multi_07__benign_1,0,1789360232.5353599,real,recon_multi_07,,generator_ground_truth,docker_multihost,2,1,17,0.9975,9,0.7478,0.1231
recon_multi_07__benign_1,0,1789360232.68536,real,recon_multi_07,,generator_ground_truth,docker_multihost,2,1,18,1.0,9,0.7428,0.1211
recon_multi_07__benign_1,0,1789360232.83536,real,recon_multi_07,,generator_ground_truth,docker_multihost,2,1,18,1.0,9,0.7428,0.1211
recon_multi_07__benign_1,0,1789360232.9853601,real,recon_multi_07,,generator_ground_truth,docker_multihost,2,1,18,1.0,9,0.7428,0.1211
recon_multi_07__benign_1,0,1789360233.1353602,real,recon_multi_07,,generator_ground_truth,docker_multihost,2,1,18,1.0,9,0.7428,0.1211
recon_multi_07__benign_1,0,1789360233.2853603,real,recon_multi_07,,generator_ground_truth,docker_multihost,2,1,18,1.0,9,0.7428,0.1211
recon_multi_07__benign_1,0,1789360233.4353604,real,recon_multi_07,,generator_ground_truth,docker_multihost,2,1,18,1.0,9,0.7428,0.1211
recon_multi_07__benign_1,0,1789360233.5853605,real,recon_multi_07,,generator_ground_truth,docker_multihost,2,1,19,0.998,9,0.7507,0.122
recon_multi_07__benign_1,0,1789360233.7353606,real,recon_multi_07,,generator_ground_truth,docker_multihost,2,1,19,0.998,9,0.7507,0.122
recon_multi_07__benign_1,0,1789360233.8853607,real,recon_multi_07,,generator_ground_truth,docker_multihost,2,1,19,0.998,9,0.7507,0.122
recon_multi_07__benign_1,0,1789360234.0353608,real,recon_multi_07,,generator_ground_truth,docker_multihost,2,1,20,1.0,9,0.739,0.1287
recon_multi_07__benign_1,0,1789360234.185361,real,recon_multi_07,,generator_ground_truth,docker_multihost,2,1,20,1.0,9,0.739,0.1287
recon_multi_07__benign_1,0,1789360234.335361,real,recon_multi_07,,generator_ground_truth,docker_multihost,2,1,20,1.0,9,0.739,0.1287
recon_multi_07__benign_1,0,1789360234.485361,real,recon_multi_07,,generator_ground_truth,docker_multihost,2,1,20,1.0,9,0.739,0.1287
recon_multi_07__benign_1,0,1789360234.6353612,real,recon_multi_07,,generator_ground_truth,docker_multihost,2,1,20,1.0,9,0.739,0.1287
recon_multi_07__benign_1,0,1789360234.7853613,real,recon_multi_07,,generator_ground_truth,docker_multihost,2,1,20,1.0,9,0.739,0.1287
recon_multi_07__benign_1,0,1789360234.9353614,real,recon_multi_07,,generator_ground_truth,docker_multihost,2,1,21,0.9984,9,0.7476,0.131
recon_multi_07__benign_1,0,1789360235.0853615,real,recon_multi_07,,generator_ground_truth,docker_multihost,2,1,21,0.9984,9,0.7476,0.131
recon_multi_07__benign_1,0,1789360235.2353616,real,recon_multi_07,,generator_ground_truth,docker_multihost,2,1,21,0.9984,9,0.7476,0.131
recon_multi_07__benign_1,0,1789360235.3853617,real,recon_multi_07,,generator_ground_truth,docker_multihost,2,1,21,0.9984,9,0.7476,0.131
recon_multi_07__benign_1,0,1789360235.5353618,real,recon_multi_07,,generator_ground_truth,docker_multihost,2,1,21,0.9984,9,0.7476,0.131
recon_multi_07__benign_1,0,1789360235.6853619,real,recon_multi_07,,generator_ground_truth,docker_multihost,2,1,21,0.9984,9,0.7476,0.131
recon_multi_07__benign_1,0,1789360235.835362,real,recon_multi_07,,generator_ground_truth,docker_multihost,2,1,22,1.0,9,0.755,0.1321
recon_multi_07__benign_1,0,1789360235.985362,real,recon_multi_07,,generator_ground_truth,docker_multihost,2,1,22,1.0,9,0.755,0.1321
recon_multi_07__recon_1,1,1789360238.199744,real,recon_multi_07,port_scan,generator_ground_truth,docker_multihost,5,1,5,2.3219,88,0.027,0.0
recon_multi_07__recon_1,1,1789360238.349744,real,recon_multi_07,port_scan,generator_ground_truth,docker_multihost,11,1,11,3.4594,130,0.027,0.0001
recon_multi_07__recon_1,1,1789360238.4997442,real,recon_multi_07,port_scan,generator_ground_truth,docker_multihost,17,1,17,4.0875,131,0.027,0.0001
recon_multi_07__recon_1,1,1789360238.6497443,real,recon_multi_07,port_scan,generator_ground_truth,docker_multihost,22,1,22,4.4594,139,0.027,0.0001
recon_multi_07__recon_1,1,1789360238.7997444,real,recon_multi_07,port_scan,generator_ground_truth,docker_multihost,28,1,28,4.8074,139,0.027,0.0001
recon_multi_07__recon_1,1,1789360238.9497445,real,recon_multi_07,port_scan,generator_ground_truth,docker_multihost,33,1,33,5.0444,140,0.027,0.0001
recon_multi_07__recon_1,1,1789360239.0997446,real,recon_multi_07,port_scan,generator_ground_truth,docker_multihost,39,1,39,5.2854,156,0.027,0.0001
recon_multi_07__recon_1,1,1789360239.2497447,real,recon_multi_07,port_scan,generator_ground_truth,docker_multihost,44,1,44,5.4594,156,0.027,0.0001
recon_multi_07__recon_1,1,1789360239.3997447,real,recon_multi_07,port_scan,generator_ground_truth,docker_multihost,50,1,50,5.6439,156,0.027,0.0001
recon_multi_07__recon_1,1,1789360239.5497448,real,recon_multi_07,port_scan,generator_ground_truth,docker_multihost,55,1,55,5.7814,156,0.027,0.0001
recon_multi_07__recon_1,1,1789360239.699745,real,recon_multi_07,port_scan,generator_ground_truth,docker_multihost,61,1,61,5.9307,157,0.027,0.0001
recon_multi_07__recon_1,1,1789360239.849745,real,recon_multi_07,port_scan,generator_ground_truth,docker_multihost,66,1,66,6.0444,157,0.027,0.0001
recon_multi_07__recon_1,1,1789360239.9997451,real,recon_multi_07,port_scan,generator_ground_truth,docker_multihost,72,1,72,6.1699,157,0.027,0.0001
recon_multi_07__recon_1,1,1789360240.1497452,real,recon_multi_07,port_scan,generator_ground_truth,docker_multihost,78,1,78,6.2854,157,0.027,0.0001
recon_multi_07__recon_1,1,1789360240.2997453,real,recon_multi_07,port_scan,generator_ground_truth,docker_multihost,83,1,83,6.375,157,0.027,0.0001
recon_multi_07__recon_1,1,1789360240.4497454,real,recon_multi_07,port_scan,generator_ground_truth,docker_multihost,89,1,89,6.4757,157,0.027,0.0001
recon_multi_07__recon_1,1,1789360240.5997455,real,recon_multi_07,port_scan,generator_ground_truth,docker_multihost,94,1,94,6.5546,157,0.027,0.0001
recon_multi_07__recon_1,1,1789360240.7497456,real,recon_multi_07,port_scan,generator_ground_truth,docker_multihost,100,1,100,6.6439,157,0.027,0.0001
recon_multi_07__recon_1,1,1789360240.8997457,real,recon_multi_07,port_scan,generator_ground_truth,docker_multihost,105,1,105,6.7142,157,0.027,0.0001
recon_multi_07__recon_1,1,1789360241.0497458,real,recon_multi_07,port_scan,generator_ground_truth,docker_multihost,111,1,111,6.7944,157,0.027,0.0001
recon_multi_07__recon_1,1,1789360241.199746,real,recon_multi_07,port_scan,generator_ground_truth,docker_multihost,116,1,116,6.858,157,0.027,0.0001
recon_multi_07__recon_1,1,1789360241.349746,real,recon_multi_07,port_scan,generator_ground_truth,docker_multihost,122,1,122,6.9307,157,0.027,0.0001
recon_multi_07__recon_1,1,1789360241.499746,real,recon_multi_07,port_scan,generator_ground_truth,docker_multihost,122,1,122,6.9307,157,0.027,0.0001
recon_multi_07__recon_1,1,1789360241.6497462,real,recon_multi_07,port_scan,generator_ground_truth,docker_multihost,122,1,122,6.9307,157,0.027,0.0001
recon_multi_07__recon_1,1,1789360241.7997463,real,recon_multi_07,port_scan,generator_ground_truth,docker_multihost,122,1,122,6.9307,157,0.027,0.0001
recon_multi_07__recon_1,1,1789360241.9497464,real,recon_multi_07,port_scan,generator_ground_truth,docker_multihost,122,1,122,6.9307,157,0.027,0.0001
recon_multi_07__recon_1,1,1789360242.0997465,real,recon_multi_07,port_scan,generator_ground_truth,docker_multihost,122,1,122,6.9307,157,0.027,0.0001
recon_multi_07__recon_1,1,1789360242.2497466,real,recon_multi_07,port_scan,generator_ground_truth,docker_multihost,122,1,122,6.9307,157,0.027,0.0001
recon_multi_07__recon_1,1,1789360242.3997467,real,recon_multi_07,port_scan,generator_ground_truth,docker_multihost,122,1,122,6.9307,157,0.027,0.0001
recon_multi_07__recon_1,1,1789360242.5497468,real,recon_multi_07,port_scan,generator_ground_truth,docker_multihost,122,1,122,6.9307,157,0.027,0.0001
recon_multi_07__recon_1,1,1789360242.6997468,real,recon_multi_07,port_scan,generator_ground_truth,docker_multihost,122,1,122,6.9307,157,0.027,0.0001
recon_multi_07__recon_1,1,1789360242.849747,real,recon_multi_07,port_scan,generator_ground_truth,docker_multihost,122,1,122,6.9307,157,0.027,0.0001
recon_multi_07__recon_1,1,1789360242.999747,real,recon_multi_07,port_scan,generator_ground_truth,docker_multihost,122,1,122,6.9307,157,0.027,0.0001
recon_multi_07__recon_1,1,1789360243.1497471,real,recon_multi_07,port_scan,generator_ground_truth,docker_multihost,122,1,122,6.9307,157,0.027,0.0001
recon_multi_07__recon_1,1,1789360243.2997472,real,recon_multi_07,port_scan,generator_ground_truth,docker_multihost,122,1,122,6.9307,157,0.027,0.0001
recon_multi_07__recon_1,1,1789360243.4497473,real,recon_multi_07,port_scan,generator_ground_truth,docker_multihost,122,1,122,6.9307,157,0.027,0.0001
recon_multi_07__recon_1,1,1789360243.5997474,real,recon_multi_07,port_scan,generator_ground_truth,docker_multihost,122,1,122,6.9307,157,0.027,0.0001
recon_multi_07__recon_1,1,1789360243.7497475,real,recon_multi_07,port_scan,generator_ground_truth,docker_multihost,122,1,122,6.9307,157,0.027,0.0001
recon_multi_07__recon_1,1,1789360243.8997476,real,recon_multi_07,port_scan,generator_ground_truth,docker_multihost,122,1,122,6.9307,157,0.027,0.0001
recon_multi_07__recon_1,1,1789360244.0497477,real,recon_multi_07,port_scan,generator_ground_truth,docker_multihost,122,1,122,6.9307,157,0.027,0.0001
recon_multi_07__recon_1,1,1789360244.1997478,real,recon_multi_07,port_scan,generator_ground_truth,docker_multihost,122,1,122,6.9307,157,0.027,0.0001
recon_multi_07__recon_1,1,1789360244.349748,real,recon_multi_07,port_scan,generator_ground_truth,docker_multihost,122,1,122,6.9307,157,0.027,0.0001
recon_multi_07__recon_1,1,1789360244.499748,real,recon_multi_07,port_scan,generator_ground_truth,docker_multihost,122,1,122,6.9307,157,0.027,0.0001
recon_multi_07__recon_1,1,1789360244.649748,real,recon_multi_07,port_scan,generator_ground_truth,docker_multihost,122,1,122,6.9307,157,0.027,0.0001
recon_multi_07__recon_1,1,1789360244.7997482,real,recon_multi_07,port_scan,generator_ground_truth,docker_multihost,122,1,122,6.9307,157,0.027,0.0001
recon_multi_07__recon_1,1,1789360244.9497483,real,recon_multi_07,port_scan,generator_ground_truth,docker_multihost,122,1,122,6.9307,157,0.027,0.0001
recon_multi_07__recon_1,1,1789360245.0997484,real,recon_multi_07,port_scan,generator_ground_truth,docker_multihost,122,1,122,6.9307,157,0.027,0.0001
recon_multi_07__recon_1,1,1789360245.2497485,real,recon_multi_07,port_scan,generator_ground_truth,docker_multihost,122,1,122,6.9307,157,0.027,0.0001
recon_multi_07__recon_1,1,1789360245.3997486,real,recon_multi_07,port_scan,generator_ground_truth,docker_multihost,122,1,122,6.9307,157,0.027,0.0001
recon_multi_07__recon_1,1,1789360245.5497487,real,recon_multi_07,port_scan,generator_ground_truth,docker_multihost,122,1,122,6.9307,157,0.027,0.0001
recon_multi_07__recon_1,1,1789360245.6997488,real,recon_multi_07,port_scan,generator_ground_truth,docker_multihost,122,1,122,6.9307,157,0.027,0.0001
recon_multi_07__recon_1,1,1789360245.8497488,real,recon_multi_07,port_scan,generator_ground_truth,docker_multihost,122,1,122,6.9307,157,0.027,0.0001
recon_multi_07__recon_1,1,1789360245.999749,real,recon_multi_07,port_scan,generator_ground_truth,docker_multihost,122,1,122,6.9307,157,0.027,0.0001
recon_multi_07__recon_1,1,1789360246.149749,real,recon_multi_07,port_scan,generator_ground_truth,docker_multihost,122,1,122,6.9307,157,0.027,0.0001
recon_multi_07__recon_1,1,1789360246.2997491,real,recon_multi_07,port_scan,generator_ground_truth,docker_multihost,122,1,122,6.9307,157,0.027,0.0001
recon_multi_07__recon_1,1,1789360246.4497492,real,recon_multi_07,port_scan,generator_ground_truth,docker_multihost,122,1,122,6.9307,157,0.027,0.0001
recon_multi_07__recon_1,1,1789360246.5997493,real,recon_multi_07,port_scan,generator_ground_truth,docker_multihost,122,1,122,6.9307,157,0.027,0.0001
recon_multi_07__recon_1,1,1789360246.7497494,real,recon_multi_07,port_scan,generator_ground_truth,docker_multihost,122,1,122,6.9307,157,0.027,0.0001
recon_multi_07__recon_1,1,1789360246.8997495,real,recon_multi_07,port_scan,generator_ground_truth,docker_multihost,122,1,122,6.9307,157,0.027,0.0001
recon_multi_07__recon_1,1,1789360247.0497496,real,recon_multi_07,port_scan,generator_ground_truth,docker_multihost,122,1,122,6.9307,157,0.027,0.0001
recon_multi_07__recon_1,1,1789360247.1997497,real,recon_multi_07,port_scan,generator_ground_truth,docker_multihost,122,1,122,6.9307,157,0.027,0.0001
recon_multi_07__recon_1,1,1789360247.3497498,real,recon_multi_07,port_scan,generator_ground_truth,docker_multihost,122,1,122,6.9307,157,0.027,0.0001
recon_multi_07__recon_1,1,1789360247.49975,real,recon_multi_07,port_scan,generator_ground_truth,docker_multihost,122,1,122,6.9307,157,0.027,0.0001
recon_multi_07__recon_1,1,1789360247.64975,real,recon_multi_07,port_scan,generator_ground_truth,docker_multihost,122,1,122,6.9307,157,0.027,0.0001
recon_multi_07__recon_1,1,1789360247.79975,real,recon_multi_07,port_scan,generator_ground_truth,docker_multihost,127,1,127,6.9887,308,0.0772,0.5604
recon_multi_07__recon_1,1,1789360247.9497502,real,recon_multi_07,port_scan,generator_ground_truth,docker_multihost,132,1,132,7.0444,310,0.0752,0.5497
recon_multi_07__recon_1,1,1789360248.0997503,real,recon_multi_07,port_scan,generator_ground_truth,docker_multihost,138,1,138,7.1085,310,0.0731,0.5376
recon_multi_07__recon_1,1,1789360248.2497504,real,recon_multi_07,port_scan,generator_ground_truth,docker_multihost,144,1,144,7.1699,310,0.0712,0.5263
recon_multi_07__recon_1,1,1789360248.3997505,real,recon_multi_07,port_scan,generator_ground_truth,docker_multihost,149,1,149,7.2192,310,0.0697,0.5174
recon_multi_07__recon_1,1,1789360248.5497506,real,recon_multi_07,port_scan,generator_ground_truth,docker_multihost,155,1,155,7.2761,310,0.068,0.5073
recon_multi_07__recon_1,1,1789360248.6997507,real,recon_multi_07,port_scan,generator_ground_truth,docker_multihost,160,1,160,7.3219,310,0.0667,0.4993
recon_multi_07__recon_1,1,1789360248.8497508,real,recon_multi_07,port_scan,generator_ground_truth,docker_multihost,166,1,166,7.375,310,0.0653,0.4902
recon_multi_07__recon_1,1,1789360248.9997509,real,recon_multi_07,port_scan,generator_ground_truth,docker_multihost,171,1,171,7.4179,310,0.0642,0.483
recon_multi_07__recon_1,1,1789360249.149751,real,recon_multi_07,port_scan,generator_ground_truth,docker_multihost,177,1,177,7.4676,310,0.0629,0.4747
recon_multi_07__recon_1,1,1789360249.299751,real,recon_multi_07,port_scan,generator_ground_truth,docker_multihost,182,1,182,7.5078,310,0.0619,0.4681
recon_multi_07__recon_1,1,1789360249.4497511,real,recon_multi_07,port_scan,generator_ground_truth,docker_multihost,188,1,188,7.5546,310,0.0608,0.4606
recon_multi_07__recon_1,1,1789360249.5997512,real,recon_multi_07,port_scan,generator_ground_truth,docker_multihost,194,1,194,7.5999,314,0.0598,0.4534
recon_multi_07__recon_1,1,1789360249.7497513,real,recon_multi_07,port_scan,generator_ground_truth,docker_multihost,199,1,199,7.6366,314,0.0589,0.4477
recon_multi_07__recon_1,1,1789360249.8997514,real,recon_multi_07,port_scan,generator_ground_truth,docker_multihost,204,1,205,7.6697,314,0.058,0.4411
recon_multi_07__recon_1,1,1789360250.0497515,real,recon_multi_07,port_scan,generator_ground_truth,docker_multihost,209,1,210,7.7047,314,0.0572,0.4358
recon_multi_07__recon_1,1,1789360250.1997516,real,recon_multi_07,port_scan,generator_ground_truth,docker_multihost,215,1,216,7.7456,314,0.0564,0.4297
recon_multi_07__recon_1,1,1789360250.3497517,real,recon_multi_07,port_scan,generator_ground_truth,docker_multihost,220,1,221,7.7789,314,0.0557,0.4248
recon_multi_07__recon_1,1,1789360250.4997518,real,recon_multi_07,port_scan,generator_ground_truth,docker_multihost,226,1,227,7.8177,314,0.055,0.4192
recon_multi_07__recon_1,1,1789360250.649752,real,recon_multi_07,port_scan,generator_ground_truth,docker_multihost,231,1,232,7.8494,314,0.0544,0.4146
recon_multi_07__recon_1,1,1789360250.799752,real,recon_multi_07,port_scan,generator_ground_truth,docker_multihost,237,1,238,7.8864,314,0.0537,0.4094
recon_multi_07__recon_1,1,1789360250.949752,real,recon_multi_07,port_scan,generator_ground_truth,docker_multihost,242,1,243,7.9166,314,0.0531,0.4051
recon_multi_07__recon_1,1,1789360251.0997522,real,recon_multi_07,port_scan,generator_ground_truth,docker_multihost,248,1,249,7.952,314,0.0525,0.4002
recon_multi_07__recon_1,1,1789360251.2497523,real,recon_multi_07,port_scan,generator_ground_truth,docker_multihost,254,1,255,7.9865,314,0.0519,0.3955
recon_multi_07__recon_1,1,1789360251.3997524,real,recon_multi_07,port_scan,generator_ground_truth,docker_multihost,259,1,260,8.0147,314,0.0514,0.3917
recon_multi_07__recon_1,1,1789360251.5497525,real,recon_multi_07,port_scan,generator_ground_truth,docker_multihost,265,1,266,8.0478,314,0.0509,0.3872
recon_multi_07__recon_1,1,1789360251.6997526,real,recon_multi_07,port_scan,generator_ground_truth,docker_multihost,270,1,271,8.0748,314,0.0504,0.3836
recon_multi_07__recon_1,1,1789360251.8497527,real,recon_multi_07,port_scan,generator_ground_truth,docker_multihost,276,1,277,8.1065,314,0.0499,0.3795
recon_multi_07__recon_1,1,1789360251.9997528,real,recon_multi_07,port_scan,generator_ground_truth,docker_multihost,279,1,280,8.1221,314,0.0497,0.3774
recon_multi_07__recon_1,1,1789360252.1497529,real,recon_multi_07,port_scan,generator_ground_truth,docker_multihost,279,1,280,8.1221,314,0.0497,0.3774
recon_multi_07__recon_1,1,1789360252.299753,real,recon_multi_07,port_scan,generator_ground_truth,docker_multihost,279,1,280,8.1221,314,0.0497,0.3774
recon_multi_07__recon_1,1,1789360252.449753,real,recon_multi_07,port_scan,generator_ground_truth,docker_multihost,279,1,280,8.1221,314,0.0497,0.3774
recon_multi_07__recon_1,1,1789360252.5997531,real,recon_multi_07,port_scan,generator_ground_truth,docker_multihost,279,1,280,8.1221,314,0.0497,0.3774
recon_multi_07__recon_1,1,1789360252.7497532,real,recon_multi_07,port_scan,generator_ground_truth,docker_multihost,279,1,280,8.1221,314,0.0497,0.3774
recon_multi_07__recon_1,1,1789360252.8997533,real,recon_multi_07,port_scan,generator_ground_truth,docker_multihost,279,1,280,8.1221,314,0.0497,0.3774
recon_multi_07__recon_1,1,1789360253.0497534,real,recon_multi_07,port_scan,generator_ground_truth,docker_multihost,279,1,280,8.1221,314,0.0497,0.3774
recon_multi_07__recon_1,1,1789360253.1997535,real,recon_multi_07,port_scan,generator_ground_truth,docker_multihost,279,1,280,8.1221,314,0.0497,0.3774
recon_multi_07__recon_1,1,1789360253.3497536,real,recon_multi_07,port_scan,generator_ground_truth,docker_multihost,279,1,280,8.1221,314,0.0497,0.3774
recon_multi_07__recon_1,1,1789360253.4997537,real,recon_multi_07,port_scan,generator_ground_truth,docker_multihost,279,1,280,8.1221,314,0.0497,0.3774
recon_multi_07__recon_1,1,1789360253.6497538,real,recon_multi_07,port_scan,generator_ground_truth,docker_multihost,279,1,280,8.1221,314,0.0497,0.3774
recon_multi_07__recon_1,1,1789360253.799754,real,recon_multi_07,port_scan,generator_ground_truth,docker_multihost,279,1,280,8.1221,314,0.0497,0.3774
recon_multi_07__recon_1,1,1789360253.949754,real,recon_multi_07,port_scan,generator_ground_truth,docker_multihost,279,1,280,8.1221,314,0.0497,0.3774
recon_multi_07__recon_1,1,1789360254.099754,real,recon_multi_07,port_scan,generator_ground_truth,docker_multihost,279,1,280,8.1221,314,0.0497,0.3774
recon_multi_07__recon_1,1,1789360254.2497542,real,recon_multi_07,port_scan,generator_ground_truth,docker_multihost,279,1,280,8.1221,314,0.0497,0.3774
recon_multi_07__recon_1,1,1789360254.3997543,real,recon_multi_07,port_scan,generator_ground_truth,docker_multihost,279,1,280,8.1221,314,0.0497,0.3774
recon_multi_07__recon_1,1,1789360254.5497544,real,recon_multi_07,port_scan,generator_ground_truth,docker_multihost,279,1,280,8.1221,314,0.0497,0.3774
recon_multi_07__recon_1,1,1789360254.6997545,real,recon_multi_07,port_scan,generator_ground_truth,docker_multihost,279,1,280,8.1221,314,0.0497,0.3774
recon_multi_07__recon_1,1,1789360254.8497546,real,recon_multi_07,port_scan,generator_ground_truth,docker_multihost,279,1,280,8.1221,314,0.0497,0.3774
recon_multi_07__recon_1,1,1789360254.9997547,real,recon_multi_07,port_scan,generator_ground_truth,docker_multihost,279,1,280,8.1221,314,0.0497,0.3774
recon_multi_07__recon_1,1,1789360255.1497548,real,recon_multi_07,port_scan,generator_ground_truth,docker_multihost,279,1,280,8.1221,314,0.0497,0.3774
recon_multi_07__recon_1,1,1789360255.2997549,real,recon_multi_07,port_scan,generator_ground_truth,docker_multihost,279,1,280,8.1221,314,0.0497,0.3774
recon_multi_07__recon_1,1,1789360255.449755,real,recon_multi_07,port_scan,generator_ground_truth,docker_multihost,279,1,280,8.1221,314,0.0497,0.3774
recon_multi_07__recon_1,1,1789360255.599755,real,recon_multi_07,port_scan,generator_ground_truth,docker_multihost,279,1,280,8.1221,314,0.0497,0.3774
recon_multi_07__recon_1,1,1789360255.7497551,real,recon_multi_07,port_scan,generator_ground_truth,docker_multihost,279,1,280,8.1221,314,0.0497,0.3774
recon_multi_07__recon_1,1,1789360255.8997552,real,recon_multi_07,port_scan,generator_ground_truth,docker_multihost,279,1,280,8.1221,314,0.0497,0.3774
recon_multi_07__recon_1,1,1789360256.0497553,real,recon_multi_07,port_scan,generator_ground_truth,docker_multihost,279,1,280,8.1221,314,0.0497,0.3774
recon_multi_07__recon_1,1,1789360256.1997554,real,recon_multi_07,port_scan,generator_ground_truth,docker_multihost,279,1,280,8.1221,314,0.0497,0.3774
recon_multi_07__recon_1,1,1789360256.3497555,real,recon_multi_07,port_scan,generator_ground_truth,docker_multihost,279,1,280,8.1221,314,0.0497,0.3774
recon_multi_07__recon_1,1,1789360256.4997556,real,recon_multi_07,port_scan,generator_ground_truth,docker_multihost,279,1,280,8.1221,314,0.0497,0.3774
recon_multi_07__recon_1,1,1789360256.6497557,real,recon_multi_07,port_scan,generator_ground_truth,docker_multihost,279,1,280,8.1221,314,0.0497,0.3774
recon_multi_07__recon_1,1,1789360256.7997558,real,recon_multi_07,port_scan,generator_ground_truth,docker_multihost,279,1,280,8.1221,314,0.0497,0.3774
recon_multi_07__recon_1,1,1789360256.949756,real,recon_multi_07,port_scan,generator_ground_truth,docker_multihost,279,1,280,8.1221,314,0.0497,0.3774
recon_multi_07__recon_1,1,1789360257.099756,real,recon_multi_07,port_scan,generator_ground_truth,docker_multihost,285,1,286,8.1529,441,0.0668,0.476
recon_multi_07__recon_1,1,1789360257.249756,real,recon_multi_07,port_scan,generator_ground_truth,docker_multihost,290,1,291,8.178,470,0.0661,0.4719
recon_multi_07__recon_1,1,1789360257.3997562,real,recon_multi_07,port_scan,generator_ground_truth,docker_multihost,296,1,297,8.2076,470,0.0653,0.4671
recon_multi_07__recon_1,1,1789360257.5497563,real,recon_multi_07,port_scan,generator_ground_truth,docker_multihost,301,1,302,8.2318,470,0.0647,0.4632
recon_multi_07__recon_1,1,1789360257.6997564,real,recon_multi_07,port_scan,generator_ground_truth,docker_multihost,307,1,308,8.2603,470,0.0639,0.4587
recon_multi_07__recon_1,1,1789360257.8497565,real,recon_multi_07,port_scan,generator_ground_truth,docker_multihost,312,1,313,8.2836,470,0.0633,0.455
recon_multi_07__recon_1,1,1789360257.9997566,real,recon_multi_07,port_scan,generator_ground_truth,docker_multihost,318,1,319,8.3111,470,0.0627,0.4508
recon_multi_07__recon_1,1,1789360258.1497567,real,recon_multi_07,port_scan,generator_ground_truth,docker_multihost,323,1,324,8.3337,470,0.0621,0.4473
recon_multi_07__recon_1,1,1789360258.2997568,real,recon_multi_07,port_scan,generator_ground_truth,docker_multihost,329,1,330,8.3603,470,0.0615,0.4432
recon_multi_07__recon_1,1,1789360258.4497569,real,recon_multi_07,port_scan,generator_ground_truth,docker_multihost,335,1,336,8.3864,470,0.0608,0.4392
recon_multi_07__recon_1,1,1789360258.599757,real,recon_multi_07,port_scan,generator_ground_truth,docker_multihost,340,1,341,8.4078,471,0.0603,0.436
recon_multi_07__recon_1,1,1789360258.749757,real,recon_multi_07,port_scan,generator_ground_truth,docker_multihost,345,1,347,8.4273,471,0.0598,0.4322
recon_multi_07__recon_1,1,1789360258.8997571,real,recon_multi_07,port_scan,generator_ground_truth,docker_multihost,350,1,352,8.4481,471,0.0593,0.4292
recon_multi_07__recon_1,1,1789360259.0497572,real,recon_multi_07,port_scan,generator_ground_truth,docker_multihost,356,1,358,8.4726,471,0.0588,0.4256
recon_multi_07__recon_1,1,1789360259.1997573,real,recon_multi_07,port_scan,generator_ground_truth,docker_multihost,361,1,363,8.4928,471,0.0583,0.4226
recon_multi_07__recon_1,1,1789360259.3497574,real,recon_multi_07,port_scan,generator_ground_truth,docker_multihost,367,1,369,8.5166,471,0.0578,0.4192
recon_multi_07__recon_1,1,1789360259.4997575,real,recon_multi_07,port_scan,generator_ground_truth,docker_multihost,372,1,374,8.5362,471,0.0574,0.4164
recon_multi_07__recon_1,1,1789360259.6497576,real,recon_multi_07,port_scan,generator_ground_truth,docker_multihost,378,1,380,8.5593,471,0.0569,0.4131
recon_multi_07__recon_1,1,1789360259.7997577,real,recon_multi_07,port_scan,generator_ground_truth,docker_multihost,383,1,385,8.5783,471,0.0565,0.4104
recon_multi_07__recon_1,1,1789360259.9497578,real,recon_multi_07,port_scan,generator_ground_truth,docker_multihost,389,1,391,8.6008,471,0.0561,0.4073
recon_multi_07__recon_1,1,1789360260.099758,real,recon_multi_07,port_scan,generator_ground_truth,docker_multihost,395,1,397,8.6229,471,0.0556,0.4042
recon_multi_07__recon_1,1,1789360260.249758,real,recon_multi_07,port_scan,generator_ground_truth,docker_multihost,400,1,402,8.6411,471,0.0553,0.4017
recon_multi_07__recon_1,1,1789360260.399758,real,recon_multi_07,port_scan,generator_ground_truth,docker_multihost,406,1,408,8.6626,471,0.0549,0.3987
recon_multi_07__recon_1,1,1789360260.5497582,real,recon_multi_07,port_scan,generator_ground_truth,docker_multihost,411,1,413,8.6803,471,0.0545,0.3963
recon_multi_07__recon_1,1,1789360260.6997583,real,recon_multi_07,port_scan,generator_ground_truth,docker_multihost,417,1,419,8.7013,471,0.0541,0.3934
recon_multi_07__recon_1,1,1789360260.8497584,real,recon_multi_07,port_scan,generator_ground_truth,docker_multihost,422,1,424,8.7185,471,0.0538,0.3911
recon_multi_07__recon_1,1,1789360260.9997585,real,recon_multi_07,port_scan,generator_ground_truth,docker_multihost,428,1,430,8.7389,471,0.0534,0.3884
recon_multi_07__recon_1,1,1789360261.1497586,real,recon_multi_07,port_scan,generator_ground_truth,docker_multihost,433,1,435,8.7557,471,0.0531,0.3862
recon_multi_07__recon_1,1,1789360261.2997587,real,recon_multi_07,port_scan,generator_ground_truth,docker_multihost,436,1,438,8.7657,471,0.053,0.3848
recon_multi_07__recon_1,1,1789360261.4497588,real,recon_multi_07,port_scan,generator_ground_truth,docker_multihost,436,1,438,8.7657,471,0.053,0.3848
recon_multi_07__recon_1,1,1789360261.5997589,real,recon_multi_07,port_scan,generator_ground_truth,docker_multihost,436,1,438,8.7657,471,0.053,0.3848
recon_multi_07__recon_1,1,1789360261.749759,real,recon_multi_07,port_scan,generator_ground_truth,docker_multihost,436,1,438,8.7657,471,0.053,0.3848
recon_multi_07__recon_1,1,1789360261.899759,real,recon_multi_07,port_scan,generator_ground_truth,docker_multihost,436,1,438,8.7657,471,0.053,0.3848
recon_multi_07__recon_1,1,1789360262.0497591,real,recon_multi_07,port_scan,generator_ground_truth,docker_multihost,436,1,438,8.7657,471,0.053,0.3848
recon_multi_07__recon_1,1,1789360262.1997592,real,recon_multi_07,port_scan,generator_ground_truth,docker_multihost,436,1,438,8.7657,471,0.053,0.3848
recon_multi_07__recon_1,1,1789360262.3497593,real,recon_multi_07,port_scan,generator_ground_truth,docker_multihost,436,1,438,8.7657,471,0.053,0.3848
recon_multi_07__recon_1,1,1789360262.4997594,real,recon_multi_07,port_scan,generator_ground_truth,docker_multihost,436,1,438,8.7657,471,0.053,0.3848
recon_multi_07__recon_1,1,1789360262.6497595,real,recon_multi_07,port_scan,generator_ground_truth,docker_multihost,436,1,438,8.7657,471,0.053,0.3848
recon_multi_07__recon_1,1,1789360262.7997596,real,recon_multi_07,port_scan,generator_ground_truth,docker_multihost,436,1,438,8.7657,471,0.053,0.3848
recon_multi_07__recon_1,1,1789360262.9497597,real,recon_multi_07,port_scan,generator_ground_truth,docker_multihost,436,1,438,8.7657,471,0.053,0.3848
recon_multi_07__recon_1,1,1789360263.0997598,real,recon_multi_07,port_scan,generator_ground_truth,docker_multihost,436,1,438,8.7657,471,0.053,0.3848
recon_multi_07__recon_1,1,1789360263.24976,real,recon_multi_07,port_scan,generator_ground_truth,docker_multihost,436,1,438,8.7657,471,0.053,0.3848
recon_multi_07__recon_1,1,1789360263.39976,real,recon_multi_07,port_scan,generator_ground_truth,docker_multihost,436,1,438,8.7657,471,0.053,0.3848
recon_multi_07__recon_1,1,1789360263.54976,real,recon_multi_07,port_scan,generator_ground_truth,docker_multihost,436,1,438,8.7657,471,0.053,0.3848
recon_multi_07__recon_1,1,1789360263.6997602,real,recon_multi_07,port_scan,generator_ground_truth,docker_multihost,436,1,438,8.7657,471,0.053,0.3848
recon_multi_07__recon_1,1,1789360263.8497603,real,recon_multi_07,port_scan,generator_ground_truth,docker_multihost,436,1,438,8.7657,471,0.053,0.3848
recon_multi_07__recon_1,1,1789360263.9997604,real,recon_multi_07,port_scan,generator_ground_truth,docker_multihost,436,1,438,8.7657,471,0.053,0.3848
recon_multi_07__recon_1,1,1789360264.1497605,real,recon_multi_07,port_scan,generator_ground_truth,docker_multihost,436,1,438,8.7657,471,0.053,0.3848
recon_multi_07__recon_1,1,1789360264.2997606,real,recon_multi_07,port_scan,generator_ground_truth,docker_multihost,436,1,438,8.7657,471,0.053,0.3848
recon_multi_07__recon_1,1,1789360264.4497607,real,recon_multi_07,port_scan,generator_ground_truth,docker_multihost,436,1,438,8.7657,471,0.053,0.3848
recon_multi_07__recon_1,1,1789360264.5997608,real,recon_multi_07,port_scan,generator_ground_truth,docker_multihost,436,1,438,8.7657,471,0.053,0.3848
recon_multi_07__recon_1,1,1789360264.7497609,real,recon_multi_07,port_scan,generator_ground_truth,docker_multihost,436,1,438,8.7657,471,0.053,0.3848
recon_multi_07__recon_1,1,1789360264.899761,real,recon_multi_07,port_scan,generator_ground_truth,docker_multihost,436,1,438,8.7657,471,0.053,0.3848
recon_multi_07__recon_1,1,1789360265.049761,real,recon_multi_07,port_scan,generator_ground_truth,docker_multihost,436,1,438,8.7657,471,0.053,0.3848
recon_multi_07__recon_1,1,1789360265.1997612,real,recon_multi_07,port_scan,generator_ground_truth,docker_multihost,436,1,438,8.7657,471,0.053,0.3848
recon_multi_07__recon_1,1,1789360265.3497612,real,recon_multi_07,port_scan,generator_ground_truth,docker_multihost,436,1,438,8.7657,471,0.053,0.3848
recon_multi_07__recon_1,1,1789360265.4997613,real,recon_multi_07,port_scan,generator_ground_truth,docker_multihost,436,1,438,8.7657,471,0.053,0.3848
recon_multi_07__recon_1,1,1789360265.6497614,real,recon_multi_07,port_scan,generator_ground_truth,docker_multihost,436,1,438,8.7657,471,0.053,0.3848
recon_multi_07__recon_1,1,1789360265.7997615,real,recon_multi_07,port_scan,generator_ground_truth,docker_multihost,436,1,438,8.7657,471,0.053,0.3848
recon_multi_07__recon_1,1,1789360265.9497616,real,recon_multi_07,port_scan,generator_ground_truth,docker_multihost,436,1,438,8.7657,471,0.053,0.3848
recon_multi_07__recon_1,1,1789360266.0997617,real,recon_multi_07,port_scan,generator_ground_truth,docker_multihost,436,1,438,8.7657,471,0.053,0.3848
recon_multi_07__recon_1,1,1789360266.2497618,real,recon_multi_07,port_scan,generator_ground_truth,docker_multihost,436,1,438,8.7657,471,0.053,0.3848
recon_multi_07__recon_1,1,1789360266.399762,real,recon_multi_07,port_scan,generator_ground_truth,docker_multihost,436,1,438,8.7657,471,0.053,0.3848
recon_multi_07__recon_1,1,1789360266.549762,real,recon_multi_07,port_scan,generator_ground_truth,docker_multihost,436,1,438,8.7657,471,0.053,0.3848
recon_multi_07__recon_1,1,1789360266.699762,real,recon_multi_07,port_scan,generator_ground_truth,docker_multihost,436,1,438,8.7657,471,0.053,0.3848
recon_multi_07__recon_1,1,1789360266.8497622,real,recon_multi_07,port_scan,generator_ground_truth,docker_multihost,436,1,438,8.7657,471,0.053,0.3848
recon_multi_07__recon_1,1,1789360266.9997623,real,recon_multi_07,port_scan,generator_ground_truth,docker_multihost,436,1,438,8.7657,471,0.053,0.3848
recon_multi_07__recon_1,1,1789360267.1497624,real,recon_multi_07,port_scan,generator_ground_truth,docker_multihost,436,1,438,8.7657,471,0.053,0.3848
recon_multi_07__recon_1,1,1789360267.2997625,real,recon_multi_07,port_scan,generator_ground_truth,docker_multihost,436,1,438,8.7657,471,0.053,0.3848
recon_multi_07__recon_1,1,1789360267.4497626,real,recon_multi_07,port_scan,generator_ground_truth,docker_multihost,436,1,438,8.7657,471,0.053,0.3848
recon_multi_07__recon_1,1,1789360267.5997627,real,recon_multi_07,port_scan,generator_ground_truth,docker_multihost,436,1,438,8.7657,471,0.053,0.3848
recon_multi_07__recon_1,1,1789360267.7497628,real,recon_multi_07,port_scan,generator_ground_truth,docker_multihost,436,1,438,8.7657,471,0.053,0.3848
recon_multi_07__recon_1,1,1789360267.8997629,real,recon_multi_07,port_scan,generator_ground_truth,docker_multihost,436,1,438,8.7657,471,0.053,0.3848
recon_multi_07__recon_1,1,1789360268.049763,real,recon_multi_07,port_scan,generator_ground_truth,docker_multihost,436,1,438,8.7657,471,0.053,0.3848
recon_multi_07__recon_1,1,1789360268.199763,real,recon_multi_07,port_scan,generator_ground_truth,docker_multihost,436,1,438,8.7657,471,0.053,0.3848
recon_multi_07__recon_1,1,1789360268.3497632,real,recon_multi_07,port_scan,generator_ground_truth,docker_multihost,436,1,438,8.7657,471,0.053,0.3848
recon_multi_07__recon_1,1,1789360268.4997633,real,recon_multi_07,port_scan,generator_ground_truth,docker_multihost,436,1,438,8.7657,471,0.053,0.3848
recon_multi_07__recon_1,1,1789360268.6497633,real,recon_multi_07,port_scan,generator_ground_truth,docker_multihost,436,1,438,8.7657,471,0.053,0.3848
recon_multi_07__recon_1,1,1789360268.7997634,real,recon_multi_07,port_scan,generator_ground_truth,docker_multihost,436,1,438,8.7657,471,0.053,0.3848
recon_multi_07__recon_1,1,1789360268.9497635,real,recon_multi_07,port_scan,generator_ground_truth,docker_multihost,440,1,443,8.7776,603,0.0699,0.5255
recon_multi_07__recon_1,1,1789360269.0997636,real,recon_multi_07,port_scan,generator_ground_truth,docker_multihost,445,1,448,8.794,603,0.0694,0.5226
recon_multi_07__recon_1,1,1789360269.2497637,real,recon_multi_07,port_scan,generator_ground_truth,docker_multihost,451,1,454,8.8133,611,0.0688,0.5192
recon_multi_07__recon_1,1,1789360269.3997638,real,recon_multi_07,port_scan,generator_ground_truth,docker_multihost,456,1,459,8.8293,623,0.0684,0.5163
recon_multi_07__recon_1,1,1789360269.549764,real,recon_multi_07,port_scan,generator_ground_truth,docker_multihost,462,1,465,8.8482,623,0.0678,0.513
recon_multi_07__recon_1,1,1789360269.699764,real,recon_multi_07,port_scan,generator_ground_truth,docker_multihost,467,1,470,8.8638,623,0.0674,0.5103
recon_multi_07__recon_1,1,1789360269.849764,real,recon_multi_07,port_scan,generator_ground_truth,docker_multihost,473,1,476,8.8822,623,0.0669,0.5071
recon_multi_07__recon_1,1,1789360269.9997642,real,recon_multi_07,port_scan,generator_ground_truth,docker_multihost,478,1,481,8.8974,623,0.0665,0.5044
recon_multi_07__recon_1,1,1789360270.1497643,real,recon_multi_07,port_scan,generator_ground_truth,docker_multihost,484,1,487,8.9155,623,0.066,0.5013
recon_multi_07__recon_1,1,1789360270.2997644,real,recon_multi_07,port_scan,generator_ground_truth,docker_multihost,489,1,492,8.9303,623,0.0656,0.4988
recon_multi_07__recon_1,1,1789360270.4497645,real,recon_multi_07,port_scan,generator_ground_truth,docker_multihost,495,1,498,8.948,623,0.0651,0.4958
recon_multi_07__recon_1,1,1789360270.5997646,real,recon_multi_07,port_scan,generator_ground_truth,docker_multihost,501,1,504,8.9654,623,0.0647,0.4928
recon_multi_07__recon_1,1,1789360270.7497647,real,recon_multi_07,port_scan,generator_ground_truth,docker_multihost,506,1,509,8.9797,623,0.0643,0.4904
recon_multi_07__recon_1,1,1789360270.8997648,real,recon_multi_07,port_scan,generator_ground_truth,docker_multihost,512,1,515,8.9968,627,0.0639,0.4876
recon_multi_07__recon_1,1,1789360271.0497649,real,recon_multi_07,port_scan,generator_ground_truth,docker_multihost,517,1,520,9.0108,627,0.0635,0.4852
recon_multi_07__recon_1,1,1789360271.199765,real,recon_multi_07,port_scan,generator_ground_truth,docker_multihost,523,1,526,9.0275,627,0.0631,0.4825
recon_multi_07__recon_1,1,1789360271.349765,real,recon_multi_07,port_scan,generator_ground_truth,docker_multihost,528,1,531,9.0413,627,0.0628,0.4802
recon_multi_07__recon_1,1,1789360271.4997652,real,recon_multi_07,port_scan,generator_ground_truth,docker_multihost,534,1,537,9.0576,627,0.0624,0.4775
recon_multi_07__recon_1,1,1789360271.6497653,real,recon_multi_07,port_scan,generator_ground_truth,docker_multihost,539,1,542,9.0711,627,0.062,0.4753
recon_multi_07__recon_1,1,1789360271.7997653,real,recon_multi_07,port_scan,generator_ground_truth,docker_multihost,545,1,548,9.0871,627,0.0616,0.4727
recon_multi_07__recon_1,1,1789360271.9497654,real,recon_multi_07,port_scan,generator_ground_truth,docker_multihost,551,1,554,9.1029,627,0.0613,0.4702
recon_multi_07__benign_2,0,1789360274.8441038,real,recon_multi_07,,generator_ground_truth,docker_multihost,1,1,1,-0.0,0,0.0,0.0
recon_multi_07__benign_2,0,1789360274.994104,real,recon_multi_07,,generator_ground_truth,docker_multihost,1,1,1,-0.0,0,0.0,0.0
recon_multi_07__benign_2,0,1789360275.144104,real,recon_multi_07,,generator_ground_truth,docker_multihost,1,1,1,-0.0,0,0.0,0.0
recon_multi_07__benign_2,0,1789360275.294104,real,recon_multi_07,,generator_ground_truth,docker_multihost,1,1,1,-0.0,0,0.0,0.0
recon_multi_07__benign_2,0,1789360275.4441042,real,recon_multi_07,,generator_ground_truth,docker_multihost,1,1,1,-0.0,0,0.0,0.0
recon_multi_07__benign_2,0,1789360275.5941043,real,recon_multi_07,,generator_ground_truth,docker_multihost,1,1,1,-0.0,0,0.0,0.0
recon_multi_07__benign_2,0,1789360275.7441044,real,recon_multi_07,,generator_ground_truth,docker_multihost,2,1,2,1.0,7,0.8741,0.0
recon_multi_07__benign_2,0,1789360275.8941045,real,recon_multi_07,,generator_ground_truth,docker_multihost,2,1,2,1.0,7,0.8741,0.0
recon_multi_07__benign_2,0,1789360276.0441046,real,recon_multi_07,,generator_ground_truth,docker_multihost,2,1,2,1.0,7,0.8741,0.0
recon_multi_07__benign_2,0,1789360276.1941047,real,recon_multi_07,,generator_ground_truth,docker_multihost,2,1,2,1.0,7,0.8741,0.0
recon_multi_07__benign_2,0,1789360276.3441048,real,recon_multi_07,,generator_ground_truth,docker_multihost,2,1,3,0.9183,7,0.7945,0.0796
recon_multi_07__benign_2,0,1789360276.4941049,real,recon_multi_07,,generator_ground_truth,docker_multihost,2,1,3,0.9183,7,0.7945,0.0796
recon_multi_07__benign_2,0,1789360276.644105,real,recon_multi_07,,generator_ground_truth,docker_multihost,2,1,3,0.9183,7,0.7945,0.0796
recon_multi_07__benign_2,0,1789360276.794105,real,recon_multi_07,,generator_ground_truth,docker_multihost,2,1,3,0.9183,7,0.7945,0.0796
recon_multi_07__benign_2,0,1789360276.9441051,real,recon_multi_07,,generator_ground_truth,docker_multihost,2,1,3,0.9183,7,0.7945,0.0796
recon_multi_07__benign_2,0,1789360277.0941052,real,recon_multi_07,,generator_ground_truth,docker_multihost,2,1,3,0.9183,7,0.7945,0.0796
recon_multi_07__benign_2,0,1789360277.2441053,real,recon_multi_07,,generator_ground_truth,docker_multihost,2,1,4,1.0,7,0.7937,0.065
recon_multi_07__benign_2,0,1789360277.3941054,real,recon_multi_07,,generator_ground_truth,docker_multihost,2,1,4,1.0,7,0.7937,0.065
recon_multi_07__benign_2,0,1789360277.5441055,real,recon_multi_07,,generator_ground_truth,docker_multihost,2,1,4,1.0,7,0.7937,0.065
recon_multi_07__benign_2,0,1789360277.6941056,real,recon_multi_07,,generator_ground_truth,docker_multihost,2,1,4,1.0,7,0.7937,0.065
recon_multi_07__benign_2,0,1789360277.8441057,real,recon_multi_07,,generator_ground_truth,docker_multihost,2,1,5,0.971,7,0.7657,0.0743
recon_multi_07__benign_2,0,1789360277.9941058,real,recon_multi_07,,generator_ground_truth,docker_multihost,2,1,5,0.971,7,0.7657,0.0743
recon_multi_07__benign_2,0,1789360278.144106,real,recon_multi_07,,generator_ground_truth,docker_multihost,2,1,5,0.971,7,0.7657,0.0743
recon_multi_07__benign_2,0,1789360278.294106,real,recon_multi_07,,generator_ground_truth,docker_multihost,2,1,5,0.971,7,0.7657,0.0743
recon_multi_07__benign_2,0,1789360278.444106,real,recon_multi_07,,generator_ground_truth,docker_multihost,2,1,5,0.971,7,0.7657,0.0743
recon_multi_07__benign_2,0,1789360278.5941062,real,recon_multi_07,,generator_ground_truth,docker_multihost,2,1,5,0.971,7,0.7657,0.0743
recon_multi_07__benign_2,0,1789360278.7441063,real,recon_multi_07,,generator_ground_truth,docker_multihost,2,1,5,0.971,7,0.7657,0.0743
recon_multi_07__benign_2,0,1789360278.8941064,real,recon_multi_07,,generator_ground_truth,docker_multihost,2,1,6,1.0,7,0.8124,0.1147
recon_multi_07__benign_2,0,1789360279.0441065,real,recon_multi_07,,generator_ground_truth,docker_multihost,2,1,6,1.0,7,0.8124,0.1147
recon_multi_07__benign_2,0,1789360279.1941066,real,recon_multi_07,,generator_ground_truth,docker_multihost,2,1,6,1.0,7,0.8124,0.1147
recon_multi_07__benign_2,0,1789360279.3441067,real,recon_multi_07,,generator_ground_truth,docker_multihost,2,1,6,1.0,7,0.8124,0.1147
recon_multi_07__benign_2,0,1789360279.4941068,real,recon_multi_07,,generator_ground_truth,docker_multihost,2,1,7,0.9852,7,0.772,0.1384
recon_multi_07__benign_2,0,1789360279.6441069,real,recon_multi_07,,generator_ground_truth,docker_multihost,2,1,7,0.9852,7,0.772,0.1384
recon_multi_07__benign_2,0,1789360279.794107,real,recon_multi_07,,generator_ground_truth,docker_multihost,2,1,7,0.9852,7,0.772,0.1384
recon_multi_07__benign_2,0,1789360279.944107,real,recon_multi_07,,generator_ground_truth,docker_multihost,2,1,7,0.9852,7,0.772,0.1384
recon_multi_07__benign_2,0,1789360280.0941072,real,recon_multi_07,,generator_ground_truth,docker_multihost,2,1,7,0.9852,7,0.772,0.1384
recon_multi_07__benign_2,0,1789360280.2441072,real,recon_multi_07,,generator_ground_truth,docker_multihost,2,1,8,1.0,7,0.7684,0.1284
recon_multi_07__benign_2,0,1789360280.3941073,real,recon_multi_07,,generator_ground_truth,docker_multihost,2,1,8,1.0,7,0.7684,0.1284
recon_multi_07__benign_2,0,1789360280.5441074,real,recon_multi_07,,generator_ground_truth,docker_multihost,2,1,8,1.0,7,0.7684,0.1284
recon_multi_07__benign_2,0,1789360280.6941075,real,recon_multi_07,,generator_ground_truth,docker_multihost,2,1,8,1.0,7,0.7684,0.1284
recon_multi_07__benign_2,0,1789360280.8441076,real,recon_multi_07,,generator_ground_truth,docker_multihost,2,1,8,1.0,7,0.7684,0.1284
recon_multi_07__benign_2,0,1789360280.9941077,real,recon_multi_07,,generator_ground_truth,docker_multihost,2,1,8,1.0,7,0.7684,0.1284
recon_multi_07__benign_2,0,1789360281.1441078,real,recon_multi_07,,generator_ground_truth,docker_multihost,2,1,9,0.9911,7,0.7822,0.1255
recon_multi_07__benign_2,0,1789360281.294108,real,recon_multi_07,,generator_ground_truth,docker_multihost,2,1,9,0.9911,7,0.7822,0.1255
recon_multi_07__benign_2,0,1789360281.444108,real,recon_multi_07,,generator_ground_truth,docker_multihost,2,1,9,0.9911,7,0.7822,0.1255
recon_multi_07__benign_2,0,1789360281.594108,real,recon_multi_07,,generator_ground_truth,docker_multihost,2,1,9,0.9911,7,0.7822,0.1255
recon_multi_07__benign_2,0,1789360281.7441082,real,recon_multi_07,,generator_ground_truth,docker_multihost,2,1,9,0.9911,7,0.7822,0.1255
recon_multi_07__benign_2,0,1789360281.8941083,real,recon_multi_07,,generator_ground_truth,docker_multihost,2,1,9,0.9911,7,0.7822,0.1255
recon_multi_07__benign_2,0,1789360282.0441084,real,recon_multi_07,,generator_ground_truth,docker_multihost,2,1,10,1.0,7,0.7987,0.1272
recon_multi_07__benign_2,0,1789360282.1941085,real,recon_multi_07,,generator_ground_truth,docker_multihost,2,1,10,1.0,7,0.7987,0.1272
recon_multi_07__benign_2,0,1789360282.3441086,real,recon_multi_07,,generator_ground_truth,docker_multihost,2,1,10,1.0,7,0.7987,0.1272
recon_multi_07__benign_2,0,1789360282.4941087,real,recon_multi_07,,generator_ground_truth,docker_multihost,2,1,10,1.0,7,0.7987,0.1272
recon_multi_07__benign_2,0,1789360282.6441088,real,recon_multi_07,,generator_ground_truth,docker_multihost,2,1,11,0.994,7,0.7766,0.1378
recon_multi_07__benign_2,0,1789360282.7941089,real,recon_multi_07,,generator_ground_truth,docker_multihost,2,1,11,0.994,7,0.7766,0.1378
recon_multi_07__benign_2,0,1789360282.944109,real,recon_multi_07,,generator_ground_truth,docker_multihost,2,1,11,0.994,7,0.7766,0.1378
recon_multi_07__benign_2,0,1789360283.094109,real,recon_multi_07,,generator_ground_truth,docker_multihost,2,1,12,1.0,7,0.7587,0.143
recon_multi_07__benign_2,0,1789360283.2441092,real,recon_multi_07,,generator_ground_truth,docker_multihost,2,1,12,1.0,7,0.7587,0.143
recon_multi_07__benign_2,0,1789360283.3941092,real,recon_multi_07,,generator_ground_truth,docker_multihost,2,1,12,1.0,7,0.7587,0.143
recon_multi_07__benign_2,0,1789360283.5441093,real,recon_multi_07,,generator_ground_truth,docker_multihost,2,1,12,1.0,7,0.7587,0.143
recon_multi_07__benign_2,0,1789360283.6941094,real,recon_multi_07,,generator_ground_truth,docker_multihost,2,1,12,1.0,7,0.7587,0.143
recon_multi_07__benign_2,0,1789360283.8441095,real,recon_multi_07,,generator_ground_truth,docker_multihost,2,1,12,1.0,7,0.7587,0.143
recon_multi_07__benign_2,0,1789360283.9941096,real,recon_multi_07,,generator_ground_truth,docker_multihost,2,1,13,0.9957,7,0.7656,0.1388
recon_multi_07__benign_2,0,1789360284.1441097,real,recon_multi_07,,generator_ground_truth,docker_multihost,2,1,13,0.9957,7,0.7656,0.1388
recon_multi_07__benign_2,0,1789360284.2941098,real,recon_multi_07,,generator_ground_truth,docker_multihost,2,1,13,0.9957,7,0.7656,0.1388
recon_multi_07__benign_2,0,1789360284.44411,real,recon_multi_07,,generator_ground_truth,docker_multihost,2,1,13,0.9957,7,0.7656,0.1388
recon_multi_07__benign_2,0,1789360284.59411,real,recon_multi_07,,generator_ground_truth,docker_multihost,2,1,13,0.9957,7,0.7656,0.1388
recon_multi_07__benign_2,0,1789360284.74411,real,recon_multi_07,,generator_ground_truth,docker_multihost,2,1,14,1.0,7,0.7681,0.1336
recon_multi_07__benign_2,0,1789360284.8941102,real,recon_multi_07,,generator_ground_truth,docker_multihost,2,1,14,1.0,7,0.7681,0.1336
recon_multi_07__benign_2,0,1789360285.0441103,real,recon_multi_07,,generator_ground_truth,docker_multihost,2,1,14,1.0,7,0.7681,0.1336
recon_multi_07__benign_2,0,1789360285.1941104,real,recon_multi_07,,generator_ground_truth,docker_multihost,2,1,14,1.0,7,0.7681,0.1336
recon_multi_07__benign_2,0,1789360285.3441105,real,recon_multi_07,,generator_ground_truth,docker_multihost,2,1,14,1.0,7,0.7681,0.1336
recon_multi_07__benign_2,0,1789360285.4941106,real,recon_multi_07,,generator_ground_truth,docker_multihost,2,1,15,0.9968,7,0.7628,0.1302
recon_multi_07__benign_2,0,1789360285.6441107,real,recon_multi_07,,generator_ground_truth,docker_multihost,2,1,15,0.9968,7,0.7628,0.1302
recon_multi_07__benign_2,0,1789360285.7941108,real,recon_multi_07,,generator_ground_truth,docker_multihost,2,1,15,0.9968,7,0.7628,0.1302
recon_multi_07__benign_2,0,1789360285.9441109,real,recon_multi_07,,generator_ground_truth,docker_multihost,2,1,15,0.9968,7,0.7628,0.1302
recon_multi_07__benign_2,0,1789360286.094111,real,recon_multi_07,,generator_ground_truth,docker_multihost,2,1,15,0.9968,7,0.7628,0.1302
recon_multi_07__benign_2,0,1789360286.244111,real,recon_multi_07,,generator_ground_truth,docker_multihost,2,1,16,1.0,7,0.7651,0.1261
recon_multi_07__benign_2,0,1789360286.3941112,real,recon_multi_07,,generator_ground_truth,docker_multihost,2,1,16,1.0,7,0.7651,0.1261
recon_multi_07__benign_2,0,1789360286.5441113,real,recon_multi_07,,generator_ground_truth,docker_multihost,2,1,16,1.0,7,0.7651,0.1261
recon_multi_07__benign_2,0,1789360286.6941113,real,recon_multi_07,,generator_ground_truth,docker_multihost,2,1,16,1.0,7,0.7651,0.1261
recon_multi_07__benign_2,0,1789360286.8441114,real,recon_multi_07,,generator_ground_truth,docker_multihost,2,1,16,1.0,7,0.7651,0.1261
recon_multi_07__benign_2,0,1789360286.9941115,real,recon_multi_07,,generator_ground_truth,docker_multihost,2,1,17,0.9975,7,0.7632,0.1223
recon_multi_07__benign_2,0,1789360287.1441116,real,recon_multi_07,,generator_ground_truth,docker_multihost,2,1,17,0.9975,7,0.7632,0.1223
recon_multi_07__benign_2,0,1789360287.2941117,real,recon_multi_07,,generator_ground_truth,docker_multihost,2,1,17,0.9975,7,0.7632,0.1223
recon_multi_07__benign_2,0,1789360287.4441118,real,recon_multi_07,,generator_ground_truth,docker_multihost,2,1,17,0.9975,7,0.7632,0.1223
recon_multi_07__benign_2,0,1789360287.594112,real,recon_multi_07,,generator_ground_truth,docker_multihost,2,1,18,1.0,7,0.7551,0.123
recon_multi_07__benign_2,0,1789360287.744112,real,recon_multi_07,,generator_ground_truth,docker_multihost,2,1,18,1.0,7,0.7551,0.123
recon_multi_07__benign_2,0,1789360287.894112,real,recon_multi_07,,generator_ground_truth,docker_multihost,2,1,18,1.0,7,0.7551,0.123
recon_multi_07__benign_2,0,1789360288.0441122,real,recon_multi_07,,generator_ground_truth,docker_multihost,2,1,18,1.0,7,0.7551,0.123
recon_multi_07__benign_2,0,1789360288.1941123,real,recon_multi_07,,generator_ground_truth,docker_multihost,2,1,18,1.0,7,0.7551,0.123
recon_multi_07__benign_2,0,1789360288.3441124,real,recon_multi_07,,generator_ground_truth,docker_multihost,2,1,18,1.0,7,0.7551,0.123
recon_multi_07__benign_2,0,1789360288.4941125,real,recon_multi_07,,generator_ground_truth,docker_multihost,2,1,19,0.998,7,0.7564,0.1196
recon_multi_07__benign_2,0,1789360288.6441126,real,recon_multi_07,,generator_ground_truth,docker_multihost,2,1,19,0.998,7,0.7564,0.1196
recon_multi_07__benign_2,0,1789360288.7941127,real,recon_multi_07,,generator_ground_truth,docker_multihost,2,1,19,0.998,7,0.7564,0.1196
recon_multi_07__benign_2,0,1789360288.9441128,real,recon_multi_07,,generator_ground_truth,docker_multihost,2,1,19,0.998,7,0.7564,0.1196
recon_multi_07__benign_2,0,1789360289.0941129,real,recon_multi_07,,generator_ground_truth,docker_multihost,2,1,19,0.998,7,0.7564,0.1196
recon_multi_07__benign_2,0,1789360289.244113,real,recon_multi_07,,generator_ground_truth,docker_multihost,2,1,19,0.998,7,0.7564,0.1196
recon_multi_07__benign_2,0,1789360289.394113,real,recon_multi_07,,generator_ground_truth,docker_multihost,2,1,20,1.0,7,0.7677,0.126
recon_multi_07__benign_2,0,1789360289.5441132,real,recon_multi_07,,generator_ground_truth,docker_multihost,2,1,20,1.0,7,0.7677,0.126
recon_multi_07__benign_2,0,1789360289.6941133,real,recon_multi_07,,generator_ground_truth,docker_multihost,2,1,20,1.0,7,0.7677,0.126
recon_multi_07__benign_2,0,1789360289.8441133,real,recon_multi_07,,generator_ground_truth,docker_multihost,2,1,20,1.0,7,0.7677,0.126
recon_multi_07__benign_2,0,1789360289.9941134,real,recon_multi_07,,generator_ground_truth,docker_multihost,2,1,20,1.0,7,0.7677,0.126
recon_multi_07__benign_2,0,1789360290.1441135,real,recon_multi_07,,generator_ground_truth,docker_multihost,2,1,20,1.0,7,0.7677,0.126
recon_multi_07__benign_2,0,1789360290.2941136,real,recon_multi_07,,generator_ground_truth,docker_multihost,2,1,21,0.9984,7,0.7713,0.1238
recon_multi_07__benign_2,0,1789360290.4441137,real,recon_multi_07,,generator_ground_truth,docker_multihost,2,1,21,0.9984,7,0.7713,0.1238
recon_multi_07__benign_2,0,1789360290.5941138,real,recon_multi_07,,generator_ground_truth,docker_multihost,2,1,21,0.9984,7,0.7713,0.1238
recon_multi_07__benign_2,0,1789360290.744114,real,recon_multi_07,,generator_ground_truth,docker_multihost,2,1,22,1.0,7,0.7612,0.1291
recon_multi_07__benign_2,0,1789360290.894114,real,recon_multi_07,,generator_ground_truth,docker_multihost,2,1,22,1.0,7,0.7612,0.1291
recon_multi_07__benign_2,0,1789360291.044114,real,recon_multi_07,,generator_ground_truth,docker_multihost,2,1,22,1.0,7,0.7612,0.1291
recon_multi_07__benign_2,0,1789360291.1941142,real,recon_multi_07,,generator_ground_truth,docker_multihost,2,1,22,1.0,7,0.7612,0.1291
recon_multi_07__benign_2,0,1789360291.3441143,real,recon_multi_07,,generator_ground_truth,docker_multihost,2,1,22,1.0,7,0.7612,0.1291
recon_multi_07__benign_2,0,1789360291.4941144,real,recon_multi_07,,generator_ground_truth,docker_multihost,2,1,22,1.0,7,0.7612,0.1291
recon_multi_07__benign_2,0,1789360291.6441145,real,recon_multi_07,,generator_ground_truth,docker_multihost,2,1,22,1.0,7,0.7612,0.1291
recon_multi_07__benign_2,0,1789360291.7941146,real,recon_multi_07,,generator_ground_truth,docker_multihost,2,1,23,0.9986,7,0.7694,0.1317
recon_multi_07__benign_2,0,1789360291.9441147,real,recon_multi_07,,generator_ground_truth,docker_multihost,2,1,23,0.9986,7,0.7694,0.1317
recon_multi_07__benign_2,0,1789360292.0941148,real,recon_multi_07,,generator_ground_truth,docker_multihost,2,1,23,0.9986,7,0.7694,0.1317
recon_multi_07__benign_2,0,1789360292.2441149,real,recon_multi_07,,generator_ground_truth,docker_multihost,2,1,23,0.9986,7,0.7694,0.1317
recon_multi_07__benign_2,0,1789360292.394115,real,recon_multi_07,,generator_ground_truth,docker_multihost,2,1,23,0.9986,7,0.7694,0.1317
recon_multi_07__benign_2,0,1789360292.544115,real,recon_multi_07,,generator_ground_truth,docker_multihost,2,1,24,1.0,7,0.7741,0.1306
recon_multi_07__benign_2,0,1789360292.6941152,real,recon_multi_07,,generator_ground_truth,docker_multihost,2,1,24,1.0,7,0.7741,0.1306
recon_multi_07__benign_2,0,1789360292.8441153,real,recon_multi_07,,generator_ground_truth,docker_multihost,2,1,24,1.0,7,0.7741,0.1306
recon_multi_07__benign_2,0,1789360292.9941154,real,recon_multi_07,,generator_ground_truth,docker_multihost,2,1,24,1.0,7,0.7741,0.1306
recon_multi_07__benign_2,0,1789360293.1441154,real,recon_multi_07,,generator_ground_truth,docker_multihost,2,1,24,1.0,7,0.7741,0.1306
recon_multi_07__benign_2,0,1789360293.2941155,real,recon_multi_07,,generator_ground_truth,docker_multihost,2,1,24,1.0,7,0.7741,0.1306
recon_multi_07__benign_2,0,1789360293.4441156,real,recon_multi_07,,generator_ground_truth,docker_multihost,2,1,25,0.9988,7,0.7787,0.1298
recon_multi_07__benign_2,0,1789360293.5941157,real,recon_multi_07,,generator_ground_truth,docker_multihost,2,1,25,0.9988,7,0.7787,0.1298
recon_multi_07__benign_2,0,1789360293.7441158,real,recon_multi_07,,generator_ground_truth,docker_multihost,2,1,25,0.9988,7,0.7787,0.1298
recon_multi_07__benign_2,0,1789360293.894116,real,recon_multi_07,,generator_ground_truth,docker_multihost,2,1,25,0.9988,7,0.7787,0.1298
recon_multi_07__benign_2,0,1789360294.044116,real,recon_multi_07,,generator_ground_truth,docker_multihost,2,1,25,0.9988,7,0.7787,0.1298
recon_multi_07__benign_2,0,1789360294.194116,real,recon_multi_07,,generator_ground_truth,docker_multihost,2,1,26,1.0,7,0.7744,0.1289
recon_multi_07__recon_2,1,1789360303.6740763,real,recon_multi_07,port_scan,generator_ground_truth,docker_multihost,4,1,4,2.0,5,0.0233,0.0
recon_multi_07__recon_2,1,1789360303.8240764,real,recon_multi_07,port_scan,generator_ground_truth,docker_multihost,11,1,11,3.4594,13,0.0233,0.0001
recon_multi_07__recon_2,1,1789360303.9740765,real,recon_multi_07,port_scan,generator_ground_truth,docker_multihost,14,1,14,3.8074,13,0.0233,0.0001
recon_multi_07__recon_2,1,1789360304.1240766,real,recon_multi_07,port_scan,generator_ground_truth,docker_multihost,14,1,14,3.8074,13,0.0233,0.0001
recon_multi_07__recon_2,1,1789360304.2740767,real,recon_multi_07,port_scan,generator_ground_truth,docker_multihost,14,1,14,3.8074,13,0.0233,0.0001
recon_multi_07__recon_2,1,1789360304.4240768,real,recon_multi_07,port_scan,generator_ground_truth,docker_multihost,14,1,14,3.8074,13,0.0233,0.0001
recon_multi_07__recon_2,1,1789360304.574077,real,recon_multi_07,port_scan,generator_ground_truth,docker_multihost,14,1,14,3.8074,13,0.0233,0.0001
recon_multi_07__recon_2,1,1789360304.724077,real,recon_multi_07,port_scan,generator_ground_truth,docker_multihost,14,1,14,3.8074,13,0.0233,0.0001
recon_multi_07__recon_2,1,1789360304.874077,real,recon_multi_07,port_scan,generator_ground_truth,docker_multihost,14,1,14,3.8074,13,0.0233,0.0001
recon_multi_07__recon_2,1,1789360305.0240772,real,recon_multi_07,port_scan,generator_ground_truth,docker_multihost,14,1,14,3.8074,13,0.0233,0.0001
recon_multi_07__recon_2,1,1789360305.1740773,real,recon_multi_07,port_scan,generator_ground_truth,docker_multihost,14,1,14,3.8074,13,0.0233,0.0001
recon_multi_07__recon_2,1,1789360305.3240774,real,recon_multi_07,port_scan,generator_ground_truth,docker_multihost,14,1,14,3.8074,13,0.0233,0.0001
recon_multi_07__recon_2,1,1789360305.4740775,real,recon_multi_07,port_scan,generator_ground_truth,docker_multihost,14,1,14,3.8074,13,0.0233,0.0001
recon_multi_07__recon_2,1,1789360305.6240776,real,recon_multi_07,port_scan,generator_ground_truth,docker_multihost,14,1,14,3.8074,13,0.0233,0.0001
recon_multi_07__recon_2,1,1789360305.7740777,real,recon_multi_07,port_scan,generator_ground_truth,docker_multihost,14,1,14,3.8074,13,0.0233,0.0001
recon_multi_07__recon_2,1,1789360305.9240777,real,recon_multi_07,port_scan,generator_ground_truth,docker_multihost,14,1,14,3.8074,13,0.0233,0.0001
recon_multi_07__recon_2,1,1789360306.0740778,real,recon_multi_07,port_scan,generator_ground_truth,docker_multihost,14,1,14,3.8074,13,0.0233,0.0001
recon_multi_07__recon_2,1,1789360306.224078,real,recon_multi_07,port_scan,generator_ground_truth,docker_multihost,14,1,14,3.8074,13,0.0233,0.0001
recon_multi_07__recon_2,1,1789360306.374078,real,recon_multi_07,port_scan,generator_ground_truth,docker_multihost,14,1,14,3.8074,13,0.0233,0.0001
recon_multi_07__recon_2,1,1789360306.5240781,real,recon_multi_07,port_scan,generator_ground_truth,docker_multihost,14,1,14,3.8074,13,0.0233,0.0001
recon_multi_07__recon_2,1,1789360306.6740782,real,recon_multi_07,port_scan,generator_ground_truth,docker_multihost,14,1,14,3.8074,13,0.0233,0.0001
recon_multi_07__recon_2,1,1789360306.8240783,real,recon_multi_07,port_scan,generator_ground_truth,docker_multihost,14,1,14,3.8074,13,0.0233,0.0001
recon_multi_07__recon_2,1,1789360306.9740784,real,recon_multi_07,port_scan,generator_ground_truth,docker_multihost,14,1,14,3.8074,13,0.0233,0.0001
recon_multi_07__recon_2,1,1789360307.1240785,real,recon_multi_07,port_scan,generator_ground_truth,docker_multihost,14,1,14,3.8074,13,0.0233,0.0001
recon_multi_07__recon_2,1,1789360307.2740786,real,recon_multi_07,port_scan,generator_ground_truth,docker_multihost,14,1,14,3.8074,13,0.0233,0.0001
recon_multi_07__recon_2,1,1789360307.4240787,real,recon_multi_07,port_scan,generator_ground_truth,docker_multihost,14,1,14,3.8074,13,0.0233,0.0001
recon_multi_07__recon_2,1,1789360307.5740788,real,recon_multi_07,port_scan,generator_ground_truth,docker_multihost,14,1,14,3.8074,13,0.0233,0.0001
recon_multi_07__recon_2,1,1789360307.724079,real,recon_multi_07,port_scan,generator_ground_truth,docker_multihost,14,1,14,3.8074,13,0.0233,0.0001
recon_multi_07__recon_2,1,1789360307.874079,real,recon_multi_07,port_scan,generator_ground_truth,docker_multihost,14,1,14,3.8074,13,0.0233,0.0001
recon_multi_07__recon_2,1,1789360308.024079,real,recon_multi_07,port_scan,generator_ground_truth,docker_multihost,14,1,14,3.8074,13,0.0233,0.0001
recon_multi_07__recon_2,1,1789360308.1740792,real,recon_multi_07,port_scan,generator_ground_truth,docker_multihost,14,1,14,3.8074,13,0.0233,0.0001
recon_multi_07__recon_2,1,1789360308.3240793,real,recon_multi_07,port_scan,generator_ground_truth,docker_multihost,14,1,14,3.8074,13,0.0233,0.0001
recon_multi_07__recon_2,1,1789360308.4740794,real,recon_multi_07,port_scan,generator_ground_truth,docker_multihost,14,1,14,3.8074,13,0.0233,0.0001
recon_multi_07__recon_2,1,1789360308.6240795,real,recon_multi_07,port_scan,generator_ground_truth,docker_multihost,14,1,14,3.8074,13,0.0233,0.0001
recon_multi_07__recon_2,1,1789360308.7740796,real,recon_multi_07,port_scan,generator_ground_truth,docker_multihost,14,1,14,3.8074,13,0.0233,0.0001
recon_multi_07__recon_2,1,1789360308.9240797,real,recon_multi_07,port_scan,generator_ground_truth,docker_multihost,14,1,14,3.8074,13,0.0233,0.0001
recon_multi_07__recon_2,1,1789360309.0740798,real,recon_multi_07,port_scan,generator_ground_truth,docker_multihost,14,1,14,3.8074,13,0.0233,0.0001
recon_multi_07__recon_2,1,1789360309.2240798,real,recon_multi_07,port_scan,generator_ground_truth,docker_multihost,14,1,14,3.8074,13,0.0233,0.0001
recon_multi_07__recon_2,1,1789360309.37408,real,recon_multi_07,port_scan,generator_ground_truth,docker_multihost,14,1,14,3.8074,13,0.0233,0.0001
recon_multi_07__recon_2,1,1789360309.52408,real,recon_multi_07,port_scan,generator_ground_truth,docker_multihost,14,1,14,3.8074,13,0.0233,0.0001
recon_multi_07__recon_2,1,1789360309.6740801,real,recon_multi_07,port_scan,generator_ground_truth,docker_multihost,14,1,14,3.8074,13,0.0233,0.0001
recon_multi_07__recon_2,1,1789360309.8240802,real,recon_multi_07,port_scan,generator_ground_truth,docker_multihost,14,1,14,3.8074,13,0.0233,0.0001
recon_multi_07__recon_2,1,1789360309.9740803,real,recon_multi_07,port_scan,generator_ground_truth,docker_multihost,14,1,14,3.8074,13,0.0233,0.0001
recon_multi_07__recon_2,1,1789360310.1240804,real,recon_multi_07,port_scan,generator_ground_truth,docker_multihost,14,1,14,3.8074,13,0.0233,0.0001
recon_multi_07__recon_2,1,1789360310.2740805,real,recon_multi_07,port_scan,generator_ground_truth,docker_multihost,14,1,14,3.8074,13,0.0233,0.0001
recon_multi_07__recon_2,1,1789360310.4240806,real,recon_multi_07,port_scan,generator_ground_truth,docker_multihost,14,1,14,3.8074,13,0.0233,0.0001
recon_multi_07__recon_2,1,1789360310.5740807,real,recon_multi_07,port_scan,generator_ground_truth,docker_multihost,14,1,14,3.8074,13,0.0233,0.0001
recon_multi_07__recon_2,1,1789360310.7240808,real,recon_multi_07,port_scan,generator_ground_truth,docker_multihost,14,1,14,3.8074,13,0.0233,0.0001
recon_multi_07__recon_2,1,1789360310.874081,real,recon_multi_07,port_scan,generator_ground_truth,docker_multihost,19,1,19,4.2479,23,0.4041,1.5701
recon_multi_07__recon_2,1,1789360311.024081,real,recon_multi_07,port_scan,generator_ground_truth,docker_multihost,25,1,26,4.6235,26,0.2974,1.3432
recon_multi_07__recon_2,1,1789360311.174081,real,recon_multi_07,port_scan,generator_ground_truth,docker_multihost,27,1,28,4.7359,26,0.2771,1.2945
recon_multi_07__recon_2,1,1789360311.3240812,real,recon_multi_07,port_scan,generator_ground_truth,docker_multihost,27,1,28,4.7359,26,0.2771,1.2945
recon_multi_07__recon_2,1,1789360311.4740813,real,recon_multi_07,port_scan,generator_ground_truth,docker_multihost,27,1,28,4.7359,26,0.2771,1.2945
recon_multi_07__recon_2,1,1789360311.6240814,real,recon_multi_07,port_scan,generator_ground_truth,docker_multihost,27,1,28,4.7359,26,0.2771,1.2945
recon_multi_07__recon_2,1,1789360311.7740815,real,recon_multi_07,port_scan,generator_ground_truth,docker_multihost,27,1,28,4.7359,26,0.2771,1.2945
recon_multi_07__recon_2,1,1789360311.9240816,real,recon_multi_07,port_scan,generator_ground_truth,docker_multihost,27,1,28,4.7359,26,0.2771,1.2945
recon_multi_07__recon_2,1,1789360312.0740817,real,recon_multi_07,port_scan,generator_ground_truth,docker_multihost,27,1,28,4.7359,26,0.2771,1.2945
recon_multi_07__recon_2,1,1789360312.2240818,real,recon_multi_07,port_scan,generator_ground_truth,docker_multihost,27,1,28,4.7359,26,0.2771,1.2945
recon_multi_07__recon_2,1,1789360312.3740819,real,recon_multi_07,port_scan,generator_ground_truth,docker_multihost,27,1,28,4.7359,26,0.2771,1.2945
recon_multi_07__recon_2,1,1789360312.524082,real,recon_multi_07,port_scan,generator_ground_truth,docker_multihost,27,1,28,4.7359,26,0.2771,1.2945
recon_multi_07__recon_2,1,1789360312.674082,real,recon_multi_07,port_scan,generator_ground_truth,docker_multihost,27,1,28,4.7359,26,0.2771,1.2945
recon_multi_07__recon_2,1,1789360312.8240821,real,recon_multi_07,port_scan,generator_ground_truth,docker_multihost,27,1,28,4.7359,26,0.2771,1.2945
recon_multi_07__recon_2,1,1789360312.9740822,real,recon_multi_07,port_scan,generator_ground_truth,docker_multihost,27,1,28,4.7359,26,0.2771,1.2945
recon_multi_07__recon_2,1,1789360313.1240823,real,recon_multi_07,port_scan,generator_ground_truth,docker_multihost,27,1,28,4.7359,26,0.2771,1.2945
recon_multi_07__recon_2,1,1789360313.2740824,real,recon_multi_07,port_scan,generator_ground_truth,docker_multihost,27,1,28,4.7359,26,0.2771,1.2945
recon_multi_07__recon_2,1,1789360313.4240825,real,recon_multi_07,port_scan,generator_ground_truth,docker_multihost,27,1,28,4.7359,26,0.2771,1.2945
recon_multi_07__recon_2,1,1789360313.5740826,real,recon_multi_07,port_scan,generator_ground_truth,docker_multihost,27,1,28,4.7359,26,0.2771,1.2945
recon_multi_07__recon_2,1,1789360313.7240827,real,recon_multi_07,port_scan,generator_ground_truth,docker_multihost,27,1,28,4.7359,26,0.2771,1.2945
recon_multi_07__recon_2,1,1789360313.8740828,real,recon_multi_07,port_scan,generator_ground_truth,docker_multihost,27,1,28,4.7359,26,0.2771,1.2945
recon_multi_07__recon_2,1,1789360314.024083,real,recon_multi_07,port_scan,generator_ground_truth,docker_multihost,27,1,28,4.7359,26,0.2771,1.2945
recon_multi_07__recon_2,1,1789360314.174083,real,recon_multi_07,port_scan,generator_ground_truth,docker_multihost,27,1,28,4.7359,26,0.2771,1.2945
recon_multi_07__recon_2,1,1789360314.324083,real,recon_multi_07,port_scan,generator_ground_truth,docker_multihost,27,1,28,4.7359,26,0.2771,1.2945
recon_multi_07__recon_2,1,1789360314.4740832,real,recon_multi_07,port_scan,generator_ground_truth,docker_multihost,27,1,28,4.7359,26,0.2771,1.2945
recon_multi_07__recon_2,1,1789360314.6240833,real,recon_multi_07,port_scan,generator_ground_truth,docker_multihost,27,1,28,4.7359,26,0.2771,1.2945
recon_multi_07__recon_2,1,1789360314.7740834,real,recon_multi_07,port_scan,generator_ground_truth,docker_multihost,27,1,28,4.7359,26,0.2771,1.2945
recon_multi_07__recon_2,1,1789360314.9240835,real,recon_multi_07,port_scan,generator_ground_truth,docker_multihost,27,1,28,4.7359,26,0.2771,1.2945
recon_multi_07__recon_2,1,1789360315.0740836,real,recon_multi_07,port_scan,generator_ground_truth,docker_multihost,27,1,28,4.7359,26,0.2771,1.2945
recon_multi_07__recon_2,1,1789360315.2240837,real,recon_multi_07,port_scan,generator_ground_truth,docker_multihost,27,1,28,4.7359,26,0.2771,1.2945
recon_multi_07__recon_2,1,1789360315.3740838,real,recon_multi_07,port_scan,generator_ground_truth,docker_multihost,27,1,28,4.7359,26,0.2771,1.2945
recon_multi_07__recon_2,1,1789360315.5240839,real,recon_multi_07,port_scan,generator_ground_truth,docker_multihost,27,1,28,4.7359,26,0.2771,1.2945
recon_multi_07__recon_2,1,1789360315.674084,real,recon_multi_07,port_scan,generator_ground_truth,docker_multihost,27,1,28,4.7359,26,0.2771,1.2945
recon_multi_07__recon_2,1,1789360315.824084,real,recon_multi_07,port_scan,generator_ground_truth,docker_multihost,27,1,28,4.7359,26,0.2771,1.2945
recon_multi_07__recon_2,1,1789360315.9740841,real,recon_multi_07,port_scan,generator_ground_truth,docker_multihost,27,1,28,4.7359,26,0.2771,1.2945
recon_multi_07__benign_3,0,1789360318.4325926,real,recon_multi_07,,generator_ground_truth,docker_multihost,1,1,1,-0.0,0,0.0,0.0
recon_multi_07__benign_3,0,1789360318.5825927,real,recon_multi_07,,generator_ground_truth,docker_multihost,1,1,1,-0.0,0,0.0,0.0
recon_multi_07__benign_3,0,1789360318.7325928,real,recon_multi_07,,generator_ground_truth,docker_multihost,1,1,1,-0.0,0,0.0,0.0
recon_multi_07__benign_3,0,1789360318.882593,real,recon_multi_07,,generator_ground_truth,docker_multihost,1,1,1,-0.0,0,0.0,0.0
recon_multi_07__benign_3,0,1789360319.032593,real,recon_multi_07,,generator_ground_truth,docker_multihost,1,1,1,-0.0,0,0.0,0.0
recon_multi_07__benign_3,0,1789360319.182593,real,recon_multi_07,,generator_ground_truth,docker_multihost,1,1,1,-0.0,0,0.0,0.0
recon_multi_07__benign_3,0,1789360319.3325932,real,recon_multi_07,,generator_ground_truth,docker_multihost,2,1,2,1.0,13,0.8819,0.0
recon_multi_07__benign_3,0,1789360319.4825933,real,recon_multi_07,,generator_ground_truth,docker_multihost,2,1,2,1.0,13,0.8819,0.0
recon_multi_07__benign_3,0,1789360319.6325934,real,recon_multi_07,,generator_ground_truth,docker_multihost,2,1,2,1.0,13,0.8819,0.0
recon_multi_07__benign_3,0,1789360319.7825935,real,recon_multi_07,,generator_ground_truth,docker_multihost,2,1,2,1.0,13,0.8819,0.0
recon_multi_07__benign_3,0,1789360319.9325936,real,recon_multi_07,,generator_ground_truth,docker_multihost,2,1,2,1.0,13,0.8819,0.0
recon_multi_07__benign_3,0,1789360320.0825937,real,recon_multi_07,,generator_ground_truth,docker_multihost,3,1,3,1.585,21,0.8261,0.0558
recon_multi_07__benign_3,0,1789360320.2325938,real,recon_multi_07,,generator_ground_truth,docker_multihost,3,1,3,1.585,21,0.8261,0.0558
recon_multi_07__benign_3,0,1789360320.3825939,real,recon_multi_07,,generator_ground_truth,docker_multihost,3,1,3,1.585,21,0.8261,0.0558
recon_multi_07__benign_3,0,1789360320.532594,real,recon_multi_07,,generator_ground_truth,docker_multihost,3,1,3,1.585,21,0.8261,0.0558
recon_multi_07__benign_3,0,1789360320.682594,real,recon_multi_07,,generator_ground_truth,docker_multihost,3,1,3,1.585,21,0.8261,0.0558
recon_multi_07__benign_3,0,1789360320.8325942,real,recon_multi_07,,generator_ground_truth,docker_multihost,3,1,3,1.585,21,0.8261,0.0558
recon_multi_07__benign_3,0,1789360320.9825943,real,recon_multi_07,,generator_ground_truth,docker_multihost,3,1,4,1.5,21,0.8473,0.0546
recon_multi_07__benign_3,0,1789360321.1325943,real,recon_multi_07,,generator_ground_truth,docker_multihost,3,1,4,1.5,21,0.8473,0.0546
recon_multi_07__benign_3,0,1789360321.2825944,real,recon_multi_07,,generator_ground_truth,docker_multihost,3,1,4,1.5,21,0.8473,0.0546
recon_multi_07__benign_3,0,1789360321.4325945,real,recon_multi_07,,generator_ground_truth,docker_multihost,3,1,4,1.5,21,0.8473,0.0546
recon_multi_07__benign_3,0,1789360321.5825946,real,recon_multi_07,,generator_ground_truth,docker_multihost,3,1,4,1.5,21,0.8473,0.0546
recon_multi_07__benign_3,0,1789360321.7325947,real,recon_multi_07,,generator_ground_truth,docker_multihost,3,1,5,1.5219,21,0.8269,0.059
recon_multi_07__benign_3,0,1789360321.8825948,real,recon_multi_07,,generator_ground_truth,docker_multihost,3,1,5,1.5219,21,0.8269,0.059
recon_multi_07__benign_3,0,1789360322.032595,real,recon_multi_07,,generator_ground_truth,docker_multihost,3,1,5,1.5219,21,0.8269,0.059
recon_multi_07__benign_3,0,1789360322.182595,real,recon_multi_07,,generator_ground_truth,docker_multihost,3,1,6,1.585,21,0.7617,0.1407
recon_multi_07__benign_3,0,1789360322.332595,real,recon_multi_07,,generator_ground_truth,docker_multihost,3,1,6,1.585,21,0.7617,0.1407
recon_multi_07__benign_3,0,1789360322.4825952,real,recon_multi_07,,generator_ground_truth,docker_multihost,3,1,6,1.585,21,0.7617,0.1407
recon_multi_07__benign_3,0,1789360322.6325953,real,recon_multi_07,,generator_ground_truth,docker_multihost,3,1,6,1.585,21,0.7617,0.1407
recon_multi_07__benign_3,0,1789360322.7825954,real,recon_multi_07,,generator_ground_truth,docker_multihost,3,1,6,1.585,21,0.7617,0.1407
recon_multi_07__benign_3,0,1789360322.9325955,real,recon_multi_07,,generator_ground_truth,docker_multihost,3,1,7,1.5567,21,0.7452,0.1336
recon_multi_07__benign_3,0,1789360323.0825956,real,recon_multi_07,,generator_ground_truth,docker_multihost,3,1,7,1.5567,21,0.7452,0.1336
recon_multi_07__benign_3,0,1789360323.2325957,real,recon_multi_07,,generator_ground_truth,docker_multihost,3,1,7,1.5567,21,0.7452,0.1336
recon_multi_07__benign_3,0,1789360323.3825958,real,recon_multi_07,,generator_ground_truth,docker_multihost,3,1,8,1.5613,21,0.7116,0.1485
recon_multi_07__benign_3,0,1789360323.5325959,real,recon_multi_07,,generator_ground_truth,docker_multihost,3,1,8,1.5613,21,0.7116,0.1485
recon_multi_07__benign_3,0,1789360323.682596,real,recon_multi_07,,generator_ground_truth,docker_multihost,3,1,8,1.5613,21,0.7116,0.1485
recon_multi_07__benign_3,0,1789360323.832596,real,recon_multi_07,,generator_ground_truth,docker_multihost,3,1,8,1.5613,21,0.7116,0.1485
recon_multi_07__benign_3,0,1789360323.9825962,real,recon_multi_07,,generator_ground_truth,docker_multihost,3,1,8,1.5613,21,0.7116,0.1485
recon_multi_07__benign_3,0,1789360324.1325963,real,recon_multi_07,,generator_ground_truth,docker_multihost,3,1,8,1.5613,21,0.7116,0.1485
recon_multi_07__benign_3,0,1789360324.2825963,real,recon_multi_07,,generator_ground_truth,docker_multihost,3,1,8,1.5613,21,0.7116,0.1485
recon_multi_07__benign_3,0,1789360324.4325964,real,recon_multi_07,,generator_ground_truth,docker_multihost,3,1,9,1.585,21,0.7433,0.1623
recon_multi_07__benign_3,0,1789360324.5825965,real,recon_multi_07,,generator_ground_truth,docker_multihost,3,1,9,1.585,21,0.7433,0.1623
recon_multi_07__benign_3,0,1789360324.7325966,real,recon_multi_07,,generator_ground_truth,docker_multihost,3,1,9,1.585,21,0.7433,0.1623
recon_multi_07__benign_3,0,1789360324.8825967,real,recon_multi_07,,generator_ground_truth,docker_multihost,3,1,9,1.585,21,0.7433,0.1623
recon_multi_07__benign_3,0,1789360325.0325968,real,recon_multi_07,,generator_ground_truth,docker_multihost,3,1,9,1.585,21,0.7433,0.1623
recon_multi_07__benign_3,0,1789360325.182597,real,recon_multi_07,,generator_ground_truth,docker_multihost,3,1,9,1.585,21,0.7433,0.1623
recon_multi_07__benign_3,0,1789360325.332597,real,recon_multi_07,,generator_ground_truth,docker_multihost,3,1,10,1.571,21,0.7652,0.165
recon_multi_07__benign_3,0,1789360325.482597,real,recon_multi_07,,generator_ground_truth,docker_multihost,3,1,10,1.571,21,0.7652,0.165
recon_multi_07__benign_3,0,1789360325.6325972,real,recon_multi_07,,generator_ground_truth,docker_multihost,3,1,10,1.571,21,0.7652,0.165
recon_multi_07__benign_3,0,1789360325.7825973,real,recon_multi_07,,generator_ground_truth,docker_multihost,3,1,10,1.571,21,0.7652,0.165
recon_multi_07__benign_3,0,1789360325.9325974,real,recon_multi_07,,generator_ground_truth,docker_multihost,3,1,10,1.571,21,0.7652,0.165
recon_multi_07__benign_3,0,1789360326.0825975,real,recon_multi_07,,generator_ground_truth,docker_multihost,3,1,10,1.571,21,0.7652,0.165
recon_multi_07__benign_3,0,1789360326.2325976,real,recon_multi_07,,generator_ground_truth,docker_multihost,3,1,11,1.5726,21,0.7803,0.1629
recon_multi_07__benign_3,0,1789360326.3825977,real,recon_multi_07,,generator_ground_truth,docker_multihost,3,1,11,1.5726,21,0.7803,0.1629
recon_multi_07__benign_3,0,1789360326.5325978,real,recon_multi_07,,generator_ground_truth,docker_multihost,3,1,11,1.5726,21,0.7803,0.1629
recon_multi_07__benign_3,0,1789360326.6825979,real,recon_multi_07,,generator_ground_truth,docker_multihost,3,1,11,1.5726,21,0.7803,0.1629
recon_multi_07__benign_3,0,1789360326.832598,real,recon_multi_07,,generator_ground_truth,docker_multihost,3,1,12,1.585,21,0.7688,0.1595
recon_multi_07__benign_3,0,1789360326.982598,real,recon_multi_07,,generator_ground_truth,docker_multihost,3,1,12,1.585,21,0.7688,0.1595
recon_multi_07__benign_3,0,1789360327.1325982,real,recon_multi_07,,generator_ground_truth,docker_multihost,3,1,12,1.585,21,0.7688,0.1595
recon_multi_07__benign_3,0,1789360327.2825983,real,recon_multi_07,,generator_ground_truth,docker_multihost,3,1,12,1.585,21,0.7688,0.1595
recon_multi_07__benign_3,0,1789360327.4325984,real,recon_multi_07,,generator_ground_truth,docker_multihost,3,1,13,1.5766,21,0.7489,0.1665
recon_multi_07__benign_3,0,1789360327.5825984,real,recon_multi_07,,generator_ground_truth,docker_multihost,3,1,13,1.5766,21,0.7489,0.1665
recon_multi_07__benign_3,0,1789360327.7325985,real,recon_multi_07,,generator_ground_truth,docker_multihost,3,1,13,1.5766,21,0.7489,0.1665
recon_multi_07__benign_3,0,1789360327.8825986,real,recon_multi_07,,generator_ground_truth,docker_multihost,3,1,13,1.5766,21,0.7489,0.1665
recon_multi_07__benign_3,0,1789360328.0325987,real,recon_multi_07,,generator_ground_truth,docker_multihost,3,1,13,1.5766,21,0.7489,0.1665
recon_multi_07__benign_3,0,1789360328.1825988,real,recon_multi_07,,generator_ground_truth,docker_multihost,3,1,13,1.5766,21,0.7489,0.1665
recon_multi_07__benign_3,0,1789360328.332599,real,recon_multi_07,,generator_ground_truth,docker_multihost,3,1,14,1.5774,21,0.7635,0.1678
recon_multi_07__benign_3,0,1789360328.482599,real,recon_multi_07,,generator_ground_truth,docker_multihost,3,1,14,1.5774,21,0.7635,0.1678
recon_multi_07__benign_3,0,1789360328.632599,real,recon_multi_07,,generator_ground_truth,docker_multihost,3,1,14,1.5774,21,0.7635,0.1678
recon_multi_07__benign_3,0,1789360328.7825992,real,recon_multi_07,,generator_ground_truth,docker_multihost,3,1,14,1.5774,21,0.7635,0.1678
recon_multi_07__benign_3,0,1789360328.9325993,real,recon_multi_07,,generator_ground_truth,docker_multihost,3,1,14,1.5774,21,0.7635,0.1678
recon_multi_07__benign_3,0,1789360329.0825994,real,recon_multi_07,,generator_ground_truth,docker_multihost,3,1,14,1.5774,21,0.7635,0.1678
recon_multi_07__benign_3,0,1789360329.2325995,real,recon_multi_07,,generator_ground_truth,docker_multihost,3,1,14,1.5774,21,0.7635,0.1678
recon_multi_07__benign_3,0,1789360329.3825996,real,recon_multi_07,,generator_ground_truth,docker_multihost,3,1,15,1.585,21,0.7786,0.1706
recon_multi_07__benign_3,0,1789360329.5325997,real,recon_multi_07,,generator_ground_truth,docker_multihost,3,1,15,1.585,21,0.7786,0.1706
recon_multi_07__benign_3,0,1789360329.6825998,real,recon_multi_07,,generator_ground_truth,docker_multihost,3,1,15,1.585,21,0.7786,0.1706
recon_multi_07__benign_3,0,1789360329.8325999,real,recon_multi_07,,generator_ground_truth,docker_multihost,3,1,16,1.5794,21,0.7629,0.1749
recon_multi_07__benign_3,0,1789360329.9826,real,recon_multi_07,,generator_ground_truth,docker_multihost,3,1,16,1.5794,21,0.7629,0.1749
recon_multi_07__benign_3,0,1789360330.1326,real,recon_multi_07,,generator_ground_truth,docker_multihost,3,1,16,1.5794,21,0.7629,0.1749
recon_multi_07__benign_3,0,1789360330.2826002,real,recon_multi_07,,generator_ground_truth,docker_multihost,3,1,16,1.5794,21,0.7629,0.1749
recon_multi_07__benign_3,0,1789360330.4326003,real,recon_multi_07,,generator_ground_truth,docker_multihost,3,1,16,1.5794,21,0.7629,0.1749
recon_multi_07__benign_3,0,1789360330.5826004,real,recon_multi_07,,generator_ground_truth,docker_multihost,3,1,17,1.5799,21,0.7617,0.1694
recon_multi_07__benign_3,0,1789360330.7326005,real,recon_multi_07,,generator_ground_truth,docker_multihost,3,1,17,1.5799,21,0.7617,0.1694
recon_multi_07__benign_3,0,1789360330.8826005,real,recon_multi_07,,generator_ground_truth,docker_multihost,3,1,17,1.5799,21,0.7617,0.1694
recon_multi_07__benign_3,0,1789360331.0326006,real,recon_multi_07,,generator_ground_truth,docker_multihost,3,1,17,1.5799,21,0.7617,0.1694
recon_multi_07__benign_3,0,1789360331.1826007,real,recon_multi_07,,generator_ground_truth,docker_multihost,3,1,18,1.585,21,0.7484,0.1728
recon_multi_07__benign_3,0,1789360331.3326008,real,recon_multi_07,,generator_ground_truth,docker_multihost,3,1,18,1.585,21,0.7484,0.1728
recon_multi_07__benign_3,0,1789360331.482601,real,recon_multi_07,,generator_ground_truth,docker_multihost,3,1,18,1.585,21,0.7484,0.1728
recon_multi_07__benign_3,0,1789360331.632601,real,recon_multi_07,,generator_ground_truth,docker_multihost,3,1,18,1.585,21,0.7484,0.1728
recon_multi_07__benign_3,0,1789360331.782601,real,recon_multi_07,,generator_ground_truth,docker_multihost,3,1,18,1.585,21,0.7484,0.1728
recon_multi_07__benign_3,0,1789360331.9326012,real,recon_multi_07,,generator_ground_truth,docker_multihost,3,1,18,1.585,21,0.7484,0.1728
recon_multi_07__benign_3,0,1789360332.0826013,real,recon_multi_07,,generator_ground_truth,docker_multihost,3,1,19,1.581,21,0.7557,0.1706
recon_multi_07__benign_3,0,1789360332.2326014,real,recon_multi_07,,generator_ground_truth,docker_multihost,3,1,19,1.581,21,0.7557,0.1706
recon_multi_07__benign_3,0,1789360332.3826015,real,recon_multi_07,,generator_ground_truth,docker_multihost,3,1,19,1.581,21,0.7557,0.1706
recon_multi_07__benign_3,0,1789360332.5326016,real,recon_multi_07,,generator_ground_truth,docker_multihost,3,1,19,1.581,21,0.7557,0.1706
recon_multi_07__benign_3,0,1789360332.6826017,real,recon_multi_07,,generator_ground_truth,docker_multihost,3,1,19,1.581,21,0.7557,0.1706
recon_multi_07__benign_3,0,1789360332.8326018,real,recon_multi_07,,generator_ground_truth,docker_multihost,3,1,19,1.581,21,0.7557,0.1706
recon_multi_07__benign_3,0,1789360332.982602,real,recon_multi_07,,generator_ground_truth,docker_multihost,3,1,20,1.5813,21,0.7624,0.1685
recon_multi_07__benign_3,0,1789360333.132602,real,recon_multi_07,,generator_ground_truth,docker_multihost,3,1,20,1.5813,21,0.7624,0.1685
recon_multi_07__recon_3,1,1789360335.3039558,real,recon_multi_07,port_scan,generator_ground_truth,docker_multihost,7,1,7,2.8074,135,0.0233,0.0001
recon_multi_07__recon_3,1,1789360335.453956,real,recon_multi_07,port_scan,generator_ground_truth,docker_multihost,13,1,13,3.7004,135,0.0232,0.0001
recon_multi_07__recon_3,1,1789360335.603956,real,recon_multi_07,port_scan,generator_ground_truth,docker_multihost,20,1,20,4.3219,139,0.0233,0.0001
recon_multi_07__recon_3,1,1789360335.753956,real,recon_multi_07,port_scan,generator_ground_truth,docker_multihost,26,1,26,4.7004,139,0.0233,0.0001
recon_multi_07__recon_3,1,1789360335.9039562,real,recon_multi_07,port_scan,generator_ground_truth,docker_multihost,33,1,33,5.0444,142,0.0232,0.0001
recon_multi_07__recon_3,1,1789360336.0539563,real,recon_multi_07,port_scan,generator_ground_truth,docker_multihost,39,1,39,5.2854,142,0.0233,0.0002
recon_multi_07__recon_3,1,1789360336.2039564,real,recon_multi_07,port_scan,generator_ground_truth,docker_multihost,46,1,46,5.5236,149,0.0233,0.0002
recon_multi_07__recon_3,1,1789360336.3539565,real,recon_multi_07,port_scan,generator_ground_truth,docker_multihost,52,1,52,5.7004,149,0.0233,0.0002
recon_multi_07__recon_3,1,1789360336.5039566,real,recon_multi_07,port_scan,generator_ground_truth,docker_multihost,58,1,58,5.858,149,0.0233,0.0002
recon_multi_07__recon_3,1,1789360336.6539567,real,recon_multi_07,port_scan,generator_ground_truth,docker_multihost,65,1,65,6.0224,149,0.0233,0.0002
recon_multi_07__recon_3,1,1789360336.8039567,real,recon_multi_07,port_scan,generator_ground_truth,docker_multihost,71,1,71,6.1497,149,0.0233,0.0002
recon_multi_07__recon_3,1,1789360336.9539568,real,recon_multi_07,port_scan,generator_ground_truth,docker_multihost,78,1,78,6.2854,149,0.0233,0.0002
recon_multi_07__recon_3,1,1789360337.103957,real,recon_multi_07,port_scan,generator_ground_truth,docker_multihost,84,1,84,6.3923,149,0.0233,0.0002
recon_multi_07__recon_3,1,1789360337.253957,real,recon_multi_07,port_scan,generator_ground_truth,docker_multihost,91,1,91,6.5078,149,0.0233,0.0002
recon_multi_07__recon_3,1,1789360337.4039571,real,recon_multi_07,port_scan,generator_ground_truth,docker_multihost,97,1,97,6.5999,149,0.0233,0.0002
recon_multi_07__recon_3,1,1789360337.5539572,real,recon_multi_07,port_scan,generator_ground_truth,docker_multihost,104,1,104,6.7004,151,0.0233,0.0002
recon_multi_07__recon_3,1,1789360337.7039573,real,recon_multi_07,port_scan,generator_ground_truth,docker_multihost,110,1,110,6.7814,151,0.0233,0.0002
recon_multi_07__recon_3,1,1789360337.8539574,real,recon_multi_07,port_scan,generator_ground_truth,docker_multihost,113,1,113,6.8202,151,0.0233,0.0002
recon_multi_07__recon_3,1,1789360338.0039575,real,recon_multi_07,port_scan,generator_ground_truth,docker_multihost,113,1,113,6.8202,151,0.0233,0.0002
recon_multi_07__recon_3,1,1789360338.1539576,real,recon_multi_07,port_scan,generator_ground_truth,docker_multihost,113,1,113,6.8202,151,0.0233,0.0002
recon_multi_07__recon_3,1,1789360338.3039577,real,recon_multi_07,port_scan,generator_ground_truth,docker_multihost,113,1,113,6.8202,151,0.0233,0.0002
recon_multi_07__recon_3,1,1789360338.4539578,real,recon_multi_07,port_scan,generator_ground_truth,docker_multihost,113,1,113,6.8202,151,0.0233,0.0002
recon_multi_07__recon_3,1,1789360338.603958,real,recon_multi_07,port_scan,generator_ground_truth,docker_multihost,113,1,113,6.8202,151,0.0233,0.0002
recon_multi_07__recon_3,1,1789360338.753958,real,recon_multi_07,port_scan,generator_ground_truth,docker_multihost,113,1,113,6.8202,151,0.0233,0.0002
recon_multi_07__recon_3,1,1789360338.903958,real,recon_multi_07,port_scan,generator_ground_truth,docker_multihost,113,1,113,6.8202,151,0.0233,0.0002
recon_multi_07__recon_3,1,1789360339.0539582,real,recon_multi_07,port_scan,generator_ground_truth,docker_multihost,113,1,113,6.8202,151,0.0233,0.0002
recon_multi_07__recon_3,1,1789360339.2039583,real,recon_multi_07,port_scan,generator_ground_truth,docker_multihost,113,1,113,6.8202,151,0.0233,0.0002
recon_multi_07__recon_3,1,1789360339.3539584,real,recon_multi_07,port_scan,generator_ground_truth,docker_multihost,113,1,113,6.8202,151,0.0233,0.0002
recon_multi_07__recon_3,1,1789360339.5039585,real,recon_multi_07,port_scan,generator_ground_truth,docker_multihost,113,1,113,6.8202,151,0.0233,0.0002
recon_multi_07__recon_3,1,1789360339.6539586,real,recon_multi_07,port_scan,generator_ground_truth,docker_multihost,113,1,113,6.8202,151,0.0233,0.0002
recon_multi_07__recon_3,1,1789360339.8039587,real,recon_multi_07,port_scan,generator_ground_truth,docker_multihost,113,1,113,6.8202,151,0.0233,0.0002
recon_multi_07__recon_3,1,1789360339.9539587,real,recon_multi_07,port_scan,generator_ground_truth,docker_multihost,113,1,113,6.8202,151,0.0233,0.0002
recon_multi_07__recon_3,1,1789360340.1039588,real,recon_multi_07,port_scan,generator_ground_truth,docker_multihost,113,1,113,6.8202,151,0.0233,0.0002
recon_multi_07__recon_3,1,1789360340.253959,real,recon_multi_07,port_scan,generator_ground_truth,docker_multihost,113,1,113,6.8202,151,0.0233,0.0002
recon_multi_07__recon_3,1,1789360340.403959,real,recon_multi_07,port_scan,generator_ground_truth,docker_multihost,113,1,113,6.8202,151,0.0233,0.0002
recon_multi_07__recon_3,1,1789360340.5539591,real,recon_multi_07,port_scan,generator_ground_truth,docker_multihost,113,1,113,6.8202,151,0.0233,0.0002
recon_multi_07__recon_3,1,1789360340.7039592,real,recon_multi_07,port_scan,generator_ground_truth,docker_multihost,113,1,113,6.8202,151,0.0233,0.0002
recon_multi_07__recon_3,1,1789360340.8539593,real,recon_multi_07,port_scan,generator_ground_truth,docker_multihost,113,1,113,6.8202,151,0.0233,0.0002
recon_multi_07__recon_3,1,1789360341.0039594,real,recon_multi_07,port_scan,generator_ground_truth,docker_multihost,113,1,113,6.8202,151,0.0233,0.0002
recon_multi_07__recon_3,1,1789360341.1539595,real,recon_multi_07,port_scan,generator_ground_truth,docker_multihost,113,1,113,6.8202,151,0.0233,0.0002
recon_multi_07__recon_3,1,1789360341.3039596,real,recon_multi_07,port_scan,generator_ground_truth,docker_multihost,113,1,113,6.8202,151,0.0233,0.0002
recon_multi_07__recon_3,1,1789360341.4539597,real,recon_multi_07,port_scan,generator_ground_truth,docker_multihost,113,1,113,6.8202,151,0.0233,0.0002
recon_multi_07__recon_3,1,1789360341.6039598,real,recon_multi_07,port_scan,generator_ground_truth,docker_multihost,113,1,113,6.8202,151,0.0233,0.0002
recon_multi_07__recon_3,1,1789360341.75396,real,recon_multi_07,port_scan,generator_ground_truth,docker_multihost,113,1,113,6.8202,151,0.0233,0.0002
recon_multi_07__recon_3,1,1789360341.90396,real,recon_multi_07,port_scan,generator_ground_truth,docker_multihost,113,1,113,6.8202,151,0.0233,0.0002
recon_multi_07__recon_3,1,1789360342.05396,real,recon_multi_07,port_scan,generator_ground_truth,docker_multihost,113,1,113,6.8202,151,0.0233,0.0002
recon_multi_07__recon_3,1,1789360342.2039602,real,recon_multi_07,port_scan,generator_ground_truth,docker_multihost,113,1,113,6.8202,151,0.0233,0.0002
recon_multi_07__recon_3,1,1789360342.3539603,real,recon_multi_07,port_scan,generator_ground_truth,docker_multihost,113,1,113,6.8202,151,0.0233,0.0002
recon_multi_07__recon_3,1,1789360342.5039604,real,recon_multi_07,port_scan,generator_ground_truth,docker_multihost,113,1,113,6.8202,151,0.0233,0.0002
recon_multi_07__recon_3,1,1789360342.6539605,real,recon_multi_07,port_scan,generator_ground_truth,docker_multihost,113,1,113,6.8202,151,0.0233,0.0002
recon_multi_07__recon_3,1,1789360342.8039606,real,recon_multi_07,port_scan,generator_ground_truth,docker_multihost,113,1,113,6.8202,151,0.0233,0.0002
recon_multi_07__recon_3,1,1789360342.9539607,real,recon_multi_07,port_scan,generator_ground_truth,docker_multihost,113,1,113,6.8202,151,0.0233,0.0002
recon_multi_07__recon_3,1,1789360343.1039608,real,recon_multi_07,port_scan,generator_ground_truth,docker_multihost,113,1,113,6.8202,151,0.0233,0.0002
recon_multi_07__recon_3,1,1789360343.2539608,real,recon_multi_07,port_scan,generator_ground_truth,docker_multihost,113,1,113,6.8202,151,0.0233,0.0002
recon_multi_07__recon_3,1,1789360343.403961,real,recon_multi_07,port_scan,generator_ground_truth,docker_multihost,113,1,113,6.8202,151,0.0233,0.0002
recon_multi_07__recon_3,1,1789360343.553961,real,recon_multi_07,port_scan,generator_ground_truth,docker_multihost,117,1,117,6.8704,273,0.0722,0.5249
recon_multi_07__recon_3,1,1789360343.7039611,real,recon_multi_07,port_scan,generator_ground_truth,docker_multihost,124,1,124,6.9542,290,0.0694,0.5098
recon_multi_07__recon_3,1,1789360343.8539612,real,recon_multi_07,port_scan,generator_ground_truth,docker_multihost,130,1,130,7.0224,304,0.0673,0.4979
recon_multi_07__recon_3,1,1789360344.0039613,real,recon_multi_07,port_scan,generator_ground_truth,docker_multihost,137,1,137,7.098,304,0.065,0.485
recon_multi_07__recon_3,1,1789360344.1539614,real,recon_multi_07,port_scan,generator_ground_truth,docker_multihost,143,1,143,7.1599,304,0.0632,0.4748
recon_multi_07__recon_3,1,1789360344.3039615,real,recon_multi_07,port_scan,generator_ground_truth,docker_multihost,150,1,150,7.2288,306,0.0614,0.4635
recon_multi_07__recon_3,1,1789360344.4539616,real,recon_multi_07,port_scan,generator_ground_truth,docker_multihost,156,1,156,7.2854,306,0.0599,0.4545
recon_multi_07__recon_3,1,1789360344.6039617,real,recon_multi_07,port_scan,generator_ground_truth,docker_multihost,163,1,163,7.3487,306,0.0583,0.4447
recon_multi_07__recon_3,1,1789360344.7539618,real,recon_multi_07,port_scan,generator_ground_truth,docker_multihost,169,1,169,7.4009,306,0.057,0.4367
recon_multi_07__recon_3,1,1789360344.903962,real,recon_multi_07,port_scan,generator_ground_truth,docker_multihost,176,1,176,7.4594,306,0.0557,0.4279
recon_multi_07__recon_3,1,1789360345.053962,real,recon_multi_07,port_scan,generator_ground_truth,docker_multihost,182,1,182,7.5078,306,0.0546,0.4208
recon_multi_07__recon_3,1,1789360345.203962,real,recon_multi_07,port_scan,generator_ground_truth,docker_multihost,188,1,188,7.5546,306,0.0536,0.4141
recon_multi_07__recon_3,1,1789360345.3539622,real,recon_multi_07,port_scan,generator_ground_truth,docker_multihost,195,1,195,7.6073,306,0.0525,0.4066
recon_multi_07__recon_3,1,1789360345.5039623,real,recon_multi_07,port_scan,generator_ground_truth,docker_multihost,201,1,201,7.6511,306,0.0516,0.4004
recon_multi_07__recon_3,1,1789360345.6539624,real,recon_multi_07,port_scan,generator_ground_truth,docker_multihost,208,1,208,7.7004,306,0.0507,0.3937
recon_multi_07__recon_3,1,1789360345.8039625,real,recon_multi_07,port_scan,generator_ground_truth,docker_multihost,214,1,214,7.7415,306,0.0499,0.3881
recon_multi_07__recon_3,1,1789360345.9539626,real,recon_multi_07,port_scan,generator_ground_truth,docker_multihost,221,1,221,7.7879,306,0.0491,0.3819
recon_multi_07__recon_3,1,1789360346.1039627,real,recon_multi_07,port_scan,generator_ground_truth,docker_multihost,227,1,227,7.8265,306,0.0484,0.3768
recon_multi_07__recon_3,1,1789360346.2539628,real,recon_multi_07,port_scan,generator_ground_truth,docker_multihost,234,1,234,7.8704,306,0.0476,0.3711
recon_multi_07__recon_3,1,1789360346.4039629,real,recon_multi_07,port_scan,generator_ground_truth,docker_multihost,240,1,240,7.9069,306,0.047,0.3665
recon_multi_07__recon_3,1,1789360346.553963,real,recon_multi_07,port_scan,generator_ground_truth,docker_multihost,246,1,246,7.9425,306,0.0464,0.362
recon_multi_07__recon_3,1,1789360346.703963,real,recon_multi_07,port_scan,generator_ground_truth,docker_multihost,253,1,253,7.983,306,0.0458,0.3569
recon_multi_07__recon_3,1,1789360346.8539631,real,recon_multi_07,port_scan,generator_ground_truth,docker_multihost,259,1,259,8.0168,306,0.0453,0.3528
recon_multi_07__recon_3,1,1789360347.0039632,real,recon_multi_07,port_scan,generator_ground_truth,docker_multihost,266,1,266,8.0553,306,0.0447,0.3481
recon_multi_07__recon_3,1,1789360347.1539633,real,recon_multi_07,port_scan,generator_ground_truth,docker_multihost,267,1,267,8.0607,306,0.0446,0.3474
recon_multi_07__recon_3,1,1789360347.3039634,real,recon_multi_07,port_scan,generator_ground_truth,docker_multihost,267,1,267,8.0607,306,0.0446,0.3474
recon_multi_07__recon_3,1,1789360347.4539635,real,recon_multi_07,port_scan,generator_ground_truth,docker_multihost,267,1,267,8.0607,306,0.0446,0.3474
recon_multi_07__recon_3,1,1789360347.6039636,real,recon_multi_07,port_scan,generator_ground_truth,docker_multihost,267,1,267,8.0607,306,0.0446,0.3474
recon_multi_07__recon_3,1,1789360347.7539637,real,recon_multi_07,port_scan,generator_ground_truth,docker_multihost,267,1,267,8.0607,306,0.0446,0.3474
recon_multi_07__recon_3,1,1789360347.9039638,real,recon_multi_07,port_scan,generator_ground_truth,docker_multihost,267,1,267,8.0607,306,0.0446,0.3474
recon_multi_07__recon_3,1,1789360348.053964,real,recon_multi_07,port_scan,generator_ground_truth,docker_multihost,267,1,267,8.0607,306,0.0446,0.3474
recon_multi_07__recon_3,1,1789360348.203964,real,recon_multi_07,port_scan,generator_ground_truth,docker_multihost,267,1,267,8.0607,306,0.0446,0.3474
recon_multi_07__recon_3,1,1789360348.353964,real,recon_multi_07,port_scan,generator_ground_truth,docker_multihost,267,1,267,8.0607,306,0.0446,0.3474
recon_multi_07__recon_3,1,1789360348.5039642,real,recon_multi_07,port_scan,generator_ground_truth,docker_multihost,267,1,267,8.0607,306,0.0446,0.3474
recon_multi_07__recon_3,1,1789360348.6539643,real,recon_multi_07,port_scan,generator_ground_truth,docker_multihost,267,1,267,8.0607,306,0.0446,0.3474
recon_multi_07__recon_3,1,1789360348.8039644,real,recon_multi_07,port_scan,generator_ground_truth,docker_multihost,267,1,267,8.0607,306,0.0446,0.3474
recon_multi_07__recon_3,1,1789360348.9539645,real,recon_multi_07,port_scan,generator_ground_truth,docker_multihost,267,1,267,8.0607,306,0.0446,0.3474
recon_multi_07__recon_3,1,1789360349.1039646,real,recon_multi_07,port_scan,generator_ground_truth,docker_multihost,267,1,267,8.0607,306,0.0446,0.3474
recon_multi_07__recon_3,1,1789360349.2539647,real,recon_multi_07,port_scan,generator_ground_truth,docker_multihost,267,1,267,8.0607,306,0.0446,0.3474
recon_multi_07__recon_3,1,1789360349.4039648,real,recon_multi_07,port_scan,generator_ground_truth,docker_multihost,267,1,267,8.0607,306,0.0446,0.3474
recon_multi_07__recon_3,1,1789360349.5539649,real,recon_multi_07,port_scan,generator_ground_truth,docker_multihost,267,1,267,8.0607,306,0.0446,0.3474
recon_multi_07__recon_3,1,1789360349.703965,real,recon_multi_07,port_scan,generator_ground_truth,docker_multihost,267,1,267,8.0607,306,0.0446,0.3474
recon_multi_07__recon_3,1,1789360349.853965,real,recon_multi_07,port_scan,generator_ground_truth,docker_multihost,267,1,267,8.0607,306,0.0446,0.3474
recon_multi_07__recon_3,1,1789360350.0039651,real,recon_multi_07,port_scan,generator_ground_truth,docker_multihost,267,1,267,8.0607,306,0.0446,0.3474
recon_multi_07__recon_3,1,1789360350.1539652,real,recon_multi_07,port_scan,generator_ground_truth,docker_multihost,267,1,267,8.0607,306,0.0446,0.3474
recon_multi_07__recon_3,1,1789360350.3039653,real,recon_multi_07,port_scan,generator_ground_truth,docker_multihost,267,1,267,8.0607,306,0.0446,0.3474
recon_multi_07__recon_3,1,1789360350.4539654,real,recon_multi_07,port_scan,generator_ground_truth,docker_multihost,267,1,267,8.0607,306,0.0446,0.3474
recon_multi_07__recon_3,1,1789360350.6039655,real,recon_multi_07,port_scan,generator_ground_truth,docker_multihost,267,1,267,8.0607,306,0.0446,0.3474
recon_multi_07__recon_3,1,1789360350.7539656,real,recon_multi_07,port_scan,generator_ground_truth,docker_multihost,267,1,267,8.0607,306,0.0446,0.3474
recon_multi_07__recon_3,1,1789360350.9039657,real,recon_multi_07,port_scan,generator_ground_truth,docker_multihost,267,1,267,8.0607,306,0.0446,0.3474
recon_multi_07__recon_3,1,1789360351.0539658,real,recon_multi_07,port_scan,generator_ground_truth,docker_multihost,267,1,267,8.0607,306,0.0446,0.3474
recon_multi_07__recon_3,1,1789360351.203966,real,recon_multi_07,port_scan,generator_ground_truth,docker_multihost,267,1,267,8.0607,306,0.0446,0.3474
recon_multi_07__recon_3,1,1789360351.353966,real,recon_multi_07,port_scan,generator_ground_truth,docker_multihost,267,1,267,8.0607,306,0.0446,0.3474
recon_multi_07__recon_3,1,1789360351.503966,real,recon_multi_07,port_scan,generator_ground_truth,docker_multihost,267,1,267,8.0607,306,0.0446,0.3474
recon_multi_07__recon_3,1,1789360351.6539662,real,recon_multi_07,port_scan,generator_ground_truth,docker_multihost,267,1,267,8.0607,306,0.0446,0.3474
recon_multi_07__recon_3,1,1789360351.8039663,real,recon_multi_07,port_scan,generator_ground_truth,docker_multihost,267,1,267,8.0607,306,0.0446,0.3474
recon_multi_07__recon_3,1,1789360351.9539664,real,recon_multi_07,port_scan,generator_ground_truth,docker_multihost,267,1,267,8.0607,306,0.0446,0.3474
recon_multi_07__recon_3,1,1789360352.1039665,real,recon_multi_07,port_scan,generator_ground_truth,docker_multihost,267,1,267,8.0607,306,0.0446,0.3474
recon_multi_07__recon_3,1,1789360352.2539666,real,recon_multi_07,port_scan,generator_ground_truth,docker_multihost,267,1,267,8.0607,306,0.0446,0.3474
recon_multi_07__recon_3,1,1789360352.4039667,real,recon_multi_07,port_scan,generator_ground_truth,docker_multihost,267,1,267,8.0607,306,0.0446,0.3474
recon_multi_07__recon_3,1,1789360352.5539668,real,recon_multi_07,port_scan,generator_ground_truth,docker_multihost,267,1,267,8.0607,306,0.0446,0.3474
recon_multi_07__recon_3,1,1789360352.7039669,real,recon_multi_07,port_scan,generator_ground_truth,docker_multihost,267,1,267,8.0607,306,0.0446,0.3474
recon_multi_07__recon_3,1,1789360352.853967,real,recon_multi_07,port_scan,generator_ground_truth,docker_multihost,267,1,267,8.0607,306,0.0446,0.3474
recon_multi_07__recon_3,1,1789360353.003967,real,recon_multi_07,port_scan,generator_ground_truth,docker_multihost,267,1,267,8.0607,306,0.0446,0.3474
recon_multi_07__recon_3,1,1789360353.1539671,real,recon_multi_07,port_scan,generator_ground_truth,docker_multihost,269,1,269,8.0715,441,0.0671,0.5057
recon_multi_07__recon_3,1,1789360353.3039672,real,recon_multi_07,port_scan,generator_ground_truth,docker_multihost,276,1,276,8.1085,441,0.066,0.4993
recon_multi_07__recon_3,1,1789360353.4539673,real,recon_multi_07,port_scan,generator_ground_truth,docker_multihost,282,1,282,8.1396,448,0.0651,0.4939
recon_multi_07__recon_3,1,1789360353.6039674,real,recon_multi_07,port_scan,generator_ground_truth,docker_multihost,289,1,289,8.1749,448,0.064,0.4879
recon_multi_07__recon_3,1,1789360353.7539675,real,recon_multi_07,port_scan,generator_ground_truth,docker_multihost,295,1,295,8.2046,448,0.0632,0.483
recon_multi_07__recon_3,1,1789360353.9039676,real,recon_multi_07,port_scan,generator_ground_truth,docker_multihost,302,1,302,8.2384,452,0.0623,0.4774
recon_multi_07__recon_3,1,1789360354.0539677,real,recon_multi_07,port_scan,generator_ground_truth,docker_multihost,308,1,308,8.2668,452,0.0615,0.4727
recon_multi_07__recon_3,1,1789360354.2039678,real,recon_multi_07,port_scan,generator_ground_truth,docker_multihost,314,1,314,8.2946,452,0.0608,0.4682
recon_multi_07__recon_3,1,1789360354.353968,real,recon_multi_07,port_scan,generator_ground_truth,docker_multihost,321,1,321,8.3264,452,0.06,0.4631
recon_multi_07__recon_3,1,1789360354.503968,real,recon_multi_07,port_scan,generator_ground_truth,docker_multihost,327,1,327,8.3531,459,0.0593,0.4588
recon_multi_07__recon_3,1,1789360354.653968,real,recon_multi_07,port_scan,generator_ground_truth,docker_multihost,334,1,334,8.3837,459,0.0585,0.454
recon_multi_07__recon_3,1,1789360354.8039682,real,recon_multi_07,port_scan,generator_ground_truth,docker_multihost,340,1,340,8.4094,459,0.0579,0.45
recon_multi_07__recon_3,1,1789360354.9539683,real,recon_multi_07,port_scan,generator_ground_truth,docker_multihost,346,1,347,8.433,459,0.0572,0.4454
recon_multi_07__recon_3,1,1789360355.1039684,real,recon_multi_07,port_scan,generator_ground_truth,docker_multihost,352,1,353,8.4579,459,0.0566,0.4416
recon_multi_07__recon_3,1,1789360355.2539685,real,recon_multi_07,port_scan,generator_ground_truth,docker_multihost,359,1,360,8.4863,459,0.056,0.4373
recon_multi_07__recon_3,1,1789360355.4039686,real,recon_multi_07,port_scan,generator_ground_truth,docker_multihost,365,1,366,8.5102,459,0.0554,0.4338
recon_multi_07__recon_3,1,1789360355.5539687,real,recon_multi_07,port_scan,generator_ground_truth,docker_multihost,372,1,373,8.5377,459,0.0548,0.4297
recon_multi_07__recon_3,1,1789360355.7039688,real,recon_multi_07,port_scan,generator_ground_truth,docker_multihost,378,1,379,8.5608,459,0.0543,0.4263
recon_multi_07__recon_3,1,1789360355.8539689,real,recon_multi_07,port_scan,generator_ground_truth,docker_multihost,384,1,385,8.5835,459,0.0538,0.4229
recon_multi_07__recon_3,1,1789360356.003969,real,recon_multi_07,port_scan,generator_ground_truth,docker_multihost,391,1,392,8.6096,459,0.0533,0.4192
recon_multi_07__recon_3,1,1789360356.153969,real,recon_multi_07,port_scan,generator_ground_truth,docker_multihost,397,1,398,8.6316,459,0.0528,0.416
recon_multi_07__recon_3,1,1789360356.3039691,real,recon_multi_07,port_scan,generator_ground_truth,docker_multihost,404,1,405,8.6568,459,0.0523,0.4124
recon_multi_07__recon_3,1,1789360356.4539692,real,recon_multi_07,port_scan,generator_ground_truth,docker_multihost,410,1,411,8.6781,459,0.0519,0.4094
recon_multi_07__recon_3,1,1789360356.6039693,real,recon_multi_07,port_scan,generator_ground_truth,docker_multihost,417,1,418,8.7026,459,0.0514,0.4059
recon_multi_07__recon_3,1,1789360356.7539694,real,recon_multi_07,port_scan,generator_ground_truth,docker_multihost,420,1,421,8.7129,459,0.0512,0.4045
recon_multi_07__recon_3,1,1789360356.9039695,real,recon_multi_07,port_scan,generator_ground_truth,docker_multihost,420,1,421,8.7129,459,0.0512,0.4045
recon_multi_07__recon_3,1,1789360357.0539696,real,recon_multi_07,port_scan,generator_ground_truth,docker_multihost,420,1,421,8.7129,459,0.0512,0.4045
recon_multi_07__recon_3,1,1789360357.2039697,real,recon_multi_07,port_scan,generator_ground_truth,docker_multihost,420,1,421,8.7129,459,0.0512,0.4045
recon_multi_07__recon_3,1,1789360357.3539698,real,recon_multi_07,port_scan,generator_ground_truth,docker_multihost,420,1,421,8.7129,459,0.0512,0.4045
recon_multi_07__recon_3,1,1789360357.50397,real,recon_multi_07,port_scan,generator_ground_truth,docker_multihost,420,1,421,8.7129,459,0.0512,0.4045
recon_multi_07__recon_3,1,1789360357.65397,real,recon_multi_07,port_scan,generator_ground_truth,docker_multihost,420,1,421,8.7129,459,0.0512,0.4045
recon_multi_07__recon_3,1,1789360357.80397,real,recon_multi_07,port_scan,generator_ground_truth,docker_multihost,420,1,421,8.7129,459,0.0512,0.4045
recon_multi_07__recon_3,1,1789360357.9539702,real,recon_multi_07,port_scan,generator_ground_truth,docker_multihost,420,1,421,8.7129,459,0.0512,0.4045
recon_multi_07__recon_3,1,1789360358.1039703,real,recon_multi_07,port_scan,generator_ground_truth,docker_multihost,420,1,421,8.7129,459,0.0512,0.4045
recon_multi_07__recon_3,1,1789360358.2539704,real,recon_multi_07,port_scan,generator_ground_truth,docker_multihost,420,1,421,8.7129,459,0.0512,0.4045
recon_multi_07__recon_3,1,1789360358.4039705,real,recon_multi_07,port_scan,generator_ground_truth,docker_multihost,420,1,421,8.7129,459,0.0512,0.4045
recon_multi_07__recon_3,1,1789360358.5539706,real,recon_multi_07,port_scan,generator_ground_truth,docker_multihost,420,1,421,8.7129,459,0.0512,0.4045
recon_multi_07__recon_3,1,1789360358.7039707,real,recon_multi_07,port_scan,generator_ground_truth,docker_multihost,420,1,421,8.7129,459,0.0512,0.4045
recon_multi_07__recon_3,1,1789360358.8539708,real,recon_multi_07,port_scan,generator_ground_truth,docker_multihost,420,1,421,8.7129,459,0.0512,0.4045
recon_multi_07__recon_3,1,1789360359.0039709,real,recon_multi_07,port_scan,generator_ground_truth,docker_multihost,420,1,421,8.7129,459,0.0512,0.4045
recon_multi_07__recon_3,1,1789360359.153971,real,recon_multi_07,port_scan,generator_ground_truth,docker_multihost,420,1,421,8.7129,459,0.0512,0.4045
recon_multi_07__recon_3,1,1789360359.303971,real,recon_multi_07,port_scan,generator_ground_truth,docker_multihost,420,1,421,8.7129,459,0.0512,0.4045
recon_multi_07__recon_3,1,1789360359.4539711,real,recon_multi_07,port_scan,generator_ground_truth,docker_multihost,420,1,421,8.7129,459,0.0512,0.4045
recon_multi_07__recon_3,1,1789360359.6039712,real,recon_multi_07,port_scan,generator_ground_truth,docker_multihost,420,1,421,8.7129,459,0.0512,0.4045
recon_multi_07__recon_3,1,1789360359.7539713,real,recon_multi_07,port_scan,generator_ground_truth,docker_multihost,420,1,421,8.7129,459,0.0512,0.4045
recon_multi_07__recon_3,1,1789360359.9039714,real,recon_multi_07,port_scan,generator_ground_truth,docker_multihost,420,1,421,8.7129,459,0.0512,0.4045
recon_multi_07__recon_3,1,1789360360.0539715,real,recon_multi_07,port_scan,generator_ground_truth,docker_multihost,420,1,421,8.7129,459,0.0512,0.4045
recon_multi_07__recon_3,1,1789360360.2039716,real,recon_multi_07,port_scan,generator_ground_truth,docker_multihost,420,1,421,8.7129,459,0.0512,0.4045
recon_multi_07__recon_3,1,1789360360.3539717,real,recon_multi_07,port_scan,generator_ground_truth,docker_multihost,420,1,421,8.7129,459,0.0512,0.4045
recon_multi_07__recon_3,1,1789360360.5039718,real,recon_multi_07,port_scan,generator_ground_truth,docker_multihost,420,1,421,8.7129,459,0.0512,0.4045
recon_multi_07__recon_3,1,1789360360.653972,real,recon_multi_07,port_scan,generator_ground_truth,docker_multihost,420,1,421,8.7129,459,0.0512,0.4045
recon_multi_07__recon_3,1,1789360360.803972,real,recon_multi_07,port_scan,generator_ground_truth,docker_multihost,420,1,421,8.7129,459,0.0512,0.4045
recon_multi_07__recon_3,1,1789360360.953972,real,recon_multi_07,port_scan,generator_ground_truth,docker_multihost,420,1,421,8.7129,459,0.0512,0.4045
recon_multi_07__recon_3,1,1789360361.1039722,real,recon_multi_07,port_scan,generator_ground_truth,docker_multihost,420,1,421,8.7129,459,0.0512,0.4045
recon_multi_07__recon_3,1,1789360361.2539723,real,recon_multi_07,port_scan,generator_ground_truth,docker_multihost,420,1,421,8.7129,459,0.0512,0.4045
recon_multi_07__recon_3,1,1789360361.4039724,real,recon_multi_07,port_scan,generator_ground_truth,docker_multihost,420,1,421,8.7129,459,0.0512,0.4045
recon_multi_07__recon_3,1,1789360361.5539725,real,recon_multi_07,port_scan,generator_ground_truth,docker_multihost,420,1,421,8.7129,459,0.0512,0.4045
recon_multi_07__recon_3,1,1789360361.7039726,real,recon_multi_07,port_scan,generator_ground_truth,docker_multihost,420,1,421,8.7129,459,0.0512,0.4045
recon_multi_07__recon_3,1,1789360361.8539727,real,recon_multi_07,port_scan,generator_ground_truth,docker_multihost,420,1,421,8.7129,459,0.0512,0.4045
recon_multi_07__recon_3,1,1789360362.0039728,real,recon_multi_07,port_scan,generator_ground_truth,docker_multihost,420,1,421,8.7129,459,0.0512,0.4045
recon_multi_07__recon_3,1,1789360362.1539729,real,recon_multi_07,port_scan,generator_ground_truth,docker_multihost,420,1,421,8.7129,459,0.0512,0.4045
recon_multi_07__recon_3,1,1789360362.303973,real,recon_multi_07,port_scan,generator_ground_truth,docker_multihost,420,1,421,8.7129,459,0.0512,0.4045
recon_multi_07__recon_3,1,1789360362.453973,real,recon_multi_07,port_scan,generator_ground_truth,docker_multihost,420,1,421,8.7129,459,0.0512,0.4045
recon_multi_07__recon_3,1,1789360362.6039732,real,recon_multi_07,port_scan,generator_ground_truth,docker_multihost,420,1,421,8.7129,459,0.0512,0.4045
recon_multi_07__recon_3,1,1789360362.7539732,real,recon_multi_07,port_scan,generator_ground_truth,docker_multihost,420,1,421,8.7129,459,0.0512,0.4045
recon_multi_07__recon_3,1,1789360362.9039733,real,recon_multi_07,port_scan,generator_ground_truth,docker_multihost,420,1,421,8.7129,459,0.0512,0.4045
recon_multi_07__recon_3,1,1789360363.0539734,real,recon_multi_07,port_scan,generator_ground_truth,docker_multihost,420,1,421,8.7129,459,0.0512,0.4045
recon_multi_07__recon_3,1,1789360363.2039735,real,recon_multi_07,port_scan,generator_ground_truth,docker_multihost,420,1,421,8.7129,459,0.0512,0.4045
recon_multi_07__recon_3,1,1789360363.3539736,real,recon_multi_07,port_scan,generator_ground_truth,docker_multihost,420,1,421,8.7129,459,0.0512,0.4045
recon_multi_07__recon_3,1,1789360363.5039737,real,recon_multi_07,port_scan,generator_ground_truth,docker_multihost,420,1,421,8.7129,459,0.0512,0.4045
recon_multi_07__recon_3,1,1789360363.6539738,real,recon_multi_07,port_scan,generator_ground_truth,docker_multihost,420,1,421,8.7129,459,0.0512,0.4045
recon_multi_07__recon_3,1,1789360363.803974,real,recon_multi_07,port_scan,generator_ground_truth,docker_multihost,420,1,421,8.7129,459,0.0512,0.4045
recon_multi_07__recon_3,1,1789360363.953974,real,recon_multi_07,port_scan,generator_ground_truth,docker_multihost,420,1,421,8.7129,459,0.0512,0.4045
recon_multi_07__recon_3,1,1789360364.103974,real,recon_multi_07,port_scan,generator_ground_truth,docker_multihost,420,1,421,8.7129,459,0.0512,0.4045
recon_multi_07__recon_3,1,1789360364.2539742,real,recon_multi_07,port_scan,generator_ground_truth,docker_multihost,420,1,421,8.7129,459,0.0512,0.4045
recon_multi_07__recon_3,1,1789360364.4039743,real,recon_multi_07,port_scan,generator_ground_truth,docker_multihost,420,1,421,8.7129,459,0.0512,0.4045
recon_multi_07__recon_3,1,1789360364.5539744,real,recon_multi_07,port_scan,generator_ground_truth,docker_multihost,420,1,421,8.7129,459,0.0512,0.4045
recon_multi_07__recon_3,1,1789360364.7039745,real,recon_multi_07,port_scan,generator_ground_truth,docker_multihost,426,1,427,8.7334,610,0.0693,0.5527
recon_multi_07__recon_3,1,1789360364.8539746,real,recon_multi_07,port_scan,generator_ground_truth,docker_multihost,433,1,434,8.7569,610,0.0686,0.5483
recon_multi_07__recon_3,1,1789360365.0039747,real,recon_multi_07,port_scan,generator_ground_truth,docker_multihost,439,1,440,8.7768,610,0.0679,0.5446
recon_multi_07__recon_3,1,1789360365.1539748,real,recon_multi_07,port_scan,generator_ground_truth,docker_multihost,446,1,447,8.7997,610,0.0672,0.5403
recon_multi_07__recon_3,1,1789360365.3039749,real,recon_multi_07,port_scan,generator_ground_truth,docker_multihost,451,1,453,8.8145,610,0.0667,0.5367
recon_multi_07__recon_3,1,1789360365.453975,real,recon_multi_07,port_scan,generator_ground_truth,docker_multihost,458,1,460,8.8368,610,0.066,0.5326
recon_multi_07__recon_3,1,1789360365.603975,real,recon_multi_07,port_scan,generator_ground_truth,docker_multihost,464,1,466,8.8556,612,0.0655,0.5292
recon_multi_07__recon_3,1,1789360365.7539752,real,recon_multi_07,port_scan,generator_ground_truth,docker_multihost,471,1,473,8.8772,612,0.0648,0.5253
recon_multi_07__recon_3,1,1789360365.9039752,real,recon_multi_07,port_scan,generator_ground_truth,docker_multihost,477,1,479,8.8955,612,0.0643,0.522
recon_multi_07__recon_3,1,1789360366.0539753,real,recon_multi_07,port_scan,generator_ground_truth,docker_multihost,483,1,485,8.9136,612,0.0638,0.5188
recon_multi_07__recon_3,1,1789360366.2039754,real,recon_multi_07,port_scan,generator_ground_truth,docker_multihost,490,1,492,8.9344,612,0.0632,0.5151
recon_multi_07__recon_3,1,1789360366.3539755,real,recon_multi_07,port_scan,generator_ground_truth,docker_multihost,496,1,498,8.952,612,0.0627,0.512
recon_multi_07__recon_3,1,1789360366.5039756,real,recon_multi_07,port_scan,generator_ground_truth,docker_multihost,503,1,505,8.9722,612,0.0622,0.5085
recon_multi_07__recon_3,1,1789360366.6539757,real,recon_multi_07,port_scan,generator_ground_truth,docker_multihost,509,1,511,8.9894,612,0.0617,0.5055
recon_multi_07__recon_3,1,1789360366.8039758,real,recon_multi_07,port_scan,generator_ground_truth,docker_multihost,516,1,518,9.0091,612,0.0612,0.5021
recon_multi_07__recon_3,1,1789360366.953976,real,recon_multi_07,port_scan,generator_ground_truth,docker_multihost,522,1,524,9.0258,612,0.0608,0.4992
recon_multi_07__recon_3,1,1789360367.103976,real,recon_multi_07,port_scan,generator_ground_truth,docker_multihost,529,1,531,9.045,612,0.0603,0.4959
recon_multi_07__benign_4,0,1789360369.8964765,real,recon_multi_07,,generator_ground_truth,docker_multihost,1,1,1,-0.0,0,0.0,0.0
recon_multi_07__benign_4,0,1789360370.0464766,real,recon_multi_07,,generator_ground_truth,docker_multihost,1,1,1,-0.0,0,0.0,0.0
recon_multi_07__benign_4,0,1789360370.1964767,real,recon_multi_07,,generator_ground_truth,docker_multihost,1,1,1,-0.0,0,0.0,0.0
recon_multi_07__benign_4,0,1789360370.3464768,real,recon_multi_07,,generator_ground_truth,docker_multihost,1,1,1,-0.0,0,0.0,0.0
recon_multi_07__benign_4,0,1789360370.496477,real,recon_multi_07,,generator_ground_truth,docker_multihost,1,1,1,-0.0,0,0.0,0.0
recon_multi_07__benign_4,0,1789360370.646477,real,recon_multi_07,,generator_ground_truth,docker_multihost,2,1,2,1.0,1,0.8254,0.0
recon_multi_07__benign_4,0,1789360370.796477,real,recon_multi_07,,generator_ground_truth,docker_multihost,2,1,2,1.0,1,0.8254,0.0
recon_multi_07__benign_4,0,1789360370.9464772,real,recon_multi_07,,generator_ground_truth,docker_multihost,2,1,2,1.0,1,0.8254,0.0
recon_multi_07__benign_4,0,1789360371.0964773,real,recon_multi_07,,generator_ground_truth,docker_multihost,2,1,2,1.0,1,0.8254,0.0
recon_multi_07__benign_4,0,1789360371.2464774,real,recon_multi_07,,generator_ground_truth,docker_multihost,2,1,2,1.0,1,0.8254,0.0
recon_multi_07__benign_4,0,1789360371.3964775,real,recon_multi_07,,generator_ground_truth,docker_multihost,3,1,3,1.585,33,0.7725,0.0529
recon_multi_07__benign_4,0,1789360371.5464776,real,recon_multi_07,,generator_ground_truth,docker_multihost,3,1,3,1.585,33,0.7725,0.0529
recon_multi_07__benign_4,0,1789360371.6964777,real,recon_multi_07,,generator_ground_truth,docker_multihost,3,1,3,1.585,33,0.7725,0.0529
recon_multi_07__benign_4,0,1789360371.8464777,real,recon_multi_07,,generator_ground_truth,docker_multihost,3,1,3,1.585,33,0.7725,0.0529
recon_multi_07__benign_4,0,1789360371.9964778,real,recon_multi_07,,generator_ground_truth,docker_multihost,3,1,3,1.585,33,0.7725,0.0529
recon_multi_07__benign_4,0,1789360372.146478,real,recon_multi_07,,generator_ground_truth,docker_multihost,3,1,4,1.5,33,0.7682,0.0436
recon_multi_07__benign_4,0,1789360372.296478,real,recon_multi_07,,generator_ground_truth,docker_multihost,3,1,4,1.5,33,0.7682,0.0436
recon_multi_07__benign_4,0,1789360372.4464781,real,recon_multi_07,,generator_ground_truth,docker_multihost,3,1,4,1.5,33,0.7682,0.0436
recon_multi_07__benign_4,0,1789360372.5964782,real,recon_multi_07,,generator_ground_truth,docker_multihost,3,1,4,1.5,33,0.7682,0.0436
recon_multi_07__benign_4,0,1789360372.7464783,real,recon_multi_07,,generator_ground_truth,docker_multihost,3,1,5,1.5219,33,0.7164,0.0973
recon_multi_07__benign_4,0,1789360372.8964784,real,recon_multi_07,,generator_ground_truth,docker_multihost,3,1,5,1.5219,33,0.7164,0.0973
recon_multi_07__benign_4,0,1789360373.0464785,real,recon_multi_07,,generator_ground_truth,docker_multihost,3,1,5,1.5219,33,0.7164,0.0973
recon_multi_07__benign_4,0,1789360373.1964786,real,recon_multi_07,,generator_ground_truth,docker_multihost,3,1,5,1.5219,33,0.7164,0.0973
recon_multi_07__benign_4,0,1789360373.3464787,real,recon_multi_07,,generator_ground_truth,docker_multihost,3,1,6,1.585,33,0.6957,0.0964
recon_multi_07__benign_4,0,1789360373.4964788,real,recon_multi_07,,generator_ground_truth,docker_multihost,3,1,6,1.585,33,0.6957,0.0964
recon_multi_07__benign_4,0,1789360373.646479,real,recon_multi_07,,generator_ground_truth,docker_multihost,3,1,6,1.585,33,0.6957,0.0964
recon_multi_07__benign_4,0,1789360373.796479,real,recon_multi_07,,generator_ground_truth,docker_multihost,3,1,6,1.585,33,0.6957,0.0964
recon_multi_07__benign_4,0,1789360373.946479,real,recon_multi_07,,generator_ground_truth,docker_multihost,3,1,6,1.585,33,0.6957,0.0964
recon_multi_07__benign_4,0,1789360374.0964792,real,recon_multi_07,,generator_ground_truth,docker_multihost,3,1,7,1.5567,33,0.6914,0.0885
recon_multi_07__benign_4,0,1789360374.2464793,real,recon_multi_07,,generator_ground_truth,docker_multihost,3,1,7,1.5567,33,0.6914,0.0885
recon_multi_07__benign_4,0,1789360374.3964794,real,recon_multi_07,,generator_ground_truth,docker_multihost,3,1,7,1.5567,33,0.6914,0.0885
recon_multi_07__benign_4,0,1789360374.5464795,real,recon_multi_07,,generator_ground_truth,docker_multihost,3,1,7,1.5567,33,0.6914,0.0885
recon_multi_07__benign_4,0,1789360374.6964796,real,recon_multi_07,,generator_ground_truth,docker_multihost,3,1,7,1.5567,33,0.6914,0.0885
recon_multi_07__benign_4,0,1789360374.8464797,real,recon_multi_07,,generator_ground_truth,docker_multihost,3,1,8,1.5613,33,0.7061,0.0896
recon_multi_07__benign_4,0,1789360374.9964797,real,recon_multi_07,,generator_ground_truth,docker_multihost,3,1,8,1.5613,33,0.7061,0.0896
recon_multi_07__benign_4,0,1789360375.1464798,real,recon_multi_07,,generator_ground_truth,docker_multihost,3,1,8,1.5613,33,0.7061,0.0896
recon_multi_07__benign_4,0,1789360375.29648,real,recon_multi_07,,generator_ground_truth,docker_multihost,3,1,8,1.5613,33,0.7061,0.0896
recon_multi_07__benign_4,0,1789360375.44648,real,recon_multi_07,,generator_ground_truth,docker_multihost,3,1,9,1.585,33,0.6948,0.089
recon_multi_07__benign_4,0,1789360375.5964801,real,recon_multi_07,,generator_ground_truth,docker_multihost,3,1,9,1.585,33,0.6948,0.089
recon_multi_07__benign_4,0,1789360375.7464802,real,recon_multi_07,,generator_ground_truth,docker_multihost,3,1,9,1.585,33,0.6948,0.089
recon_multi_07__benign_4,0,1789360375.8964803,real,recon_multi_07,,generator_ground_truth,docker_multihost,3,1,9,1.585,33,0.6948,0.089
recon_multi_07__benign_4,0,1789360376.0464804,real,recon_multi_07,,generator_ground_truth,docker_multihost,3,1,10,1.571,33,0.6855,0.0879
recon_multi_07__benign_4,0,1789360376.1964805,real,recon_multi_07,,generator_ground_truth,docker_multihost,3,1,10,1.571,33,0.6855,0.0879
recon_multi_07__benign_4,0,1789360376.3464806,real,recon_multi_07,,generator_ground_truth,docker_multihost,3,1,10,1.571,33,0.6855,0.0879
recon_multi_07__benign_4,0,1789360376.4964807,real,recon_multi_07,,generator_ground_truth,docker_multihost,3,1,10,1.571,33,0.6855,0.0879
recon_multi_07__benign_4,0,1789360376.6464808,real,recon_multi_07,,generator_ground_truth,docker_multihost,3,1,11,1.5726,33,0.6706,0.0947
recon_multi_07__benign_4,0,1789360376.796481,real,recon_multi_07,,generator_ground_truth,docker_multihost,3,1,11,1.5726,33,0.6706,0.0947
recon_multi_07__benign_4,0,1789360376.946481,real,recon_multi_07,,generator_ground_truth,docker_multihost,3,1,11,1.5726,33,0.6706,0.0947
recon_multi_07__benign_4,0,1789360377.096481,real,recon_multi_07,,generator_ground_truth,docker_multihost,3,1,11,1.5726,33,0.6706,0.0947
recon_multi_07__benign_4,0,1789360377.2464812,real,recon_multi_07,,generator_ground_truth,docker_multihost,3,1,11,1.5726,33,0.6706,0.0947
recon_multi_07__benign_4,0,1789360377.3964813,real,recon_multi_07,,generator_ground_truth,docker_multihost,3,1,12,1.585,33,0.6838,0.0995
recon_multi_07__benign_4,0,1789360377.5464814,real,recon_multi_07,,generator_ground_truth,docker_multihost,3,1,12,1.585,33,0.6838,0.0995
recon_multi_07__benign_4,0,1789360377.6964815,real,recon_multi_07,,generator_ground_truth,docker_multihost,3,1,12,1.585,33,0.6838,0.0995
recon_multi_07__benign_4,0,1789360377.8464816,real,recon_multi_07,,generator_ground_truth,docker_multihost,3,1,12,1.585,33,0.6838,0.0995
recon_multi_07__benign_4,0,1789360377.9964817,real,recon_multi_07,,generator_ground_truth,docker_multihost,3,1,13,1.5766,33,0.6781,0.0971
recon_multi_07__benign_4,0,1789360378.1464818,real,recon_multi_07,,generator_ground_truth,docker_multihost,3,1,13,1.5766,33,0.6781,0.0971
recon_multi_07__benign_4,0,1789360378.2964818,real,recon_multi_07,,generator_ground_truth,docker_multihost,3,1,13,1.5766,33,0.6781,0.0971
recon_multi_07__benign_4,0,1789360378.446482,real,recon_multi_07,,generator_ground_truth,docker_multihost,3,1,13,1.5766,33,0.6781,0.0971
recon_multi_07__benign_4,0,1789360378.596482,real,recon_multi_07,,generator_ground_truth,docker_multihost,3,1,13,1.5766,33,0.6781,0.0971
recon_multi_07__benign_4,0,1789360378.7464821,real,recon_multi_07,,generator_ground_truth,docker_multihost,3,1,13,1.5766,33,0.6781,0.0971
recon_multi_07__benign_4,0,1789360378.8964822,real,recon_multi_07,,generator_ground_truth,docker_multihost,3,1,14,1.5774,33,0.6992,0.1187
recon_multi_07__benign_4,0,1789360379.0464823,real,recon_multi_07,,generator_ground_truth,docker_multihost,3,1,14,1.5774,33,0.6992,0.1187
recon_multi_07__benign_4,0,1789360379.1964824,real,recon_multi_07,,generator_ground_truth,docker_multihost,3,1,14,1.5774,33,0.6992,0.1187
recon_multi_07__benign_4,0,1789360379.3464825,real,recon_multi_07,,generator_ground_truth,docker_multihost,3,1,14,1.5774,33,0.6992,0.1187
recon_multi_07__benign_4,0,1789360379.4964826,real,recon_multi_07,,generator_ground_truth,docker_multihost,3,1,14,1.5774,33,0.6992,0.1187
recon_multi_07__benign_4,0,1789360379.6464827,real,recon_multi_07,,generator_ground_truth,docker_multihost,3,1,14,1.5774,33,0.6992,0.1187
recon_multi_07__benign_4,0,1789360379.7964828,real,recon_multi_07,,generator_ground_truth,docker_multihost,3,1,14,1.5774,33,0.6992,0.1187
recon_multi_07__benign_4,0,1789360379.946483,real,recon_multi_07,,generator_ground_truth,docker_multihost,3,1,15,1.585,33,0.7157,0.1289
recon_multi_07__benign_4,0,1789360380.096483,real,recon_multi_07,,generator_ground_truth,docker_multihost,3,1,15,1.585,33,0.7157,0.1289
recon_multi_07__benign_4,0,1789360380.246483,real,recon_multi_07,,generator_ground_truth,docker_multihost,3,1,15,1.585,33,0.7157,0.1289
recon_multi_07__benign_4,0,1789360380.3964832,real,recon_multi_07,,generator_ground_truth,docker_multihost,3,1,16,1.5794,33,0.7038,0.1324
recon_multi_07__benign_4,0,1789360380.5464833,real,recon_multi_07,,generator_ground_truth,docker_multihost,3,1,16,1.5794,33,0.7038,0.1324
recon_multi_07__benign_4,0,1789360380.6964834,real,recon_multi_07,,generator_ground_truth,docker_multihost,3,1,16,1.5794,33,0.7038,0.1324
recon_multi_07__benign_4,0,1789360380.8464835,real,recon_multi_07,,generator_ground_truth,docker_multihost,3,1,16,1.5794,33,0.7038,0.1324
recon_multi_07__benign_4,0,1789360380.9964836,real,recon_multi_07,,generator_ground_truth,docker_multihost,3,1,17,1.5799,33,0.6985,0.1298
recon_multi_07__benign_4,0,1789360381.1464837,real,recon_multi_07,,generator_ground_truth,docker_multihost,3,1,17,1.5799,33,0.6985,0.1298
recon_multi_07__benign_4,0,1789360381.2964838,real,recon_multi_07,,generator_ground_truth,docker_multihost,3,1,17,1.5799,33,0.6985,0.1298
recon_multi_07__benign_4,0,1789360381.4464839,real,recon_multi_07,,generator_ground_truth,docker_multihost,3,1,17,1.5799,33,0.6985,0.1298
recon_multi_07__benign_4,0,1789360381.596484,real,recon_multi_07,,generator_ground_truth,docker_multihost,3,1,17,1.5799,33,0.6985,0.1298
recon_multi_07__benign_4,0,1789360381.746484,real,recon_multi_07,,generator_ground_truth,docker_multihost,3,1,17,1.5799,33,0.6985,0.1298
recon_multi_07__benign_4,0,1789360381.8964841,real,recon_multi_07,,generator_ground_truth,docker_multihost,3,1,18,1.585,33,0.7066,0.1299
recon_multi_07__benign_4,0,1789360382.0464842,real,recon_multi_07,,generator_ground_truth,docker_multihost,3,1,18,1.585,33,0.7066,0.1299
recon_multi_07__benign_4,0,1789360382.1964843,real,recon_multi_07,,generator_ground_truth,docker_multihost,3,1,18,1.585,33,0.7066,0.1299
recon_multi_07__benign_4,0,1789360382.3464844,real,recon_multi_07,,generator_ground_truth,docker_multihost,3,1,18,1.585,33,0.7066,0.1299
recon_multi_07__benign_4,0,1789360382.4964845,real,recon_multi_07,,generator_ground_truth,docker_multihost,3,1,19,1.581,33,0.7011,0.1283
recon_multi_07__benign_4,0,1789360382.6464846,real,recon_multi_07,,generator_ground_truth,docker_multihost,3,1,19,1.581,33,0.7011,0.1283
recon_multi_07__benign_4,0,1789360382.7964847,real,recon_multi_07,,generator_ground_truth,docker_multihost,3,1,19,1.581,33,0.7011,0.1283
recon_multi_07__benign_4,0,1789360382.9464848,real,recon_multi_07,,generator_ground_truth,docker_multihost,3,1,19,1.581,33,0.7011,0.1283
recon_multi_07__benign_4,0,1789360383.096485,real,recon_multi_07,,generator_ground_truth,docker_multihost,3,1,20,1.5813,33,0.694,0.1284
recon_multi_07__benign_4,0,1789360383.246485,real,recon_multi_07,,generator_ground_truth,docker_multihost,3,1,20,1.5813,33,0.694,0.1284
recon_multi_07__benign_4,0,1789360383.396485,real,recon_multi_07,,generator_ground_truth,docker_multihost,3,1,20,1.5813,33,0.694,0.1284
recon_multi_07__benign_4,0,1789360383.5464852,real,recon_multi_07,,generator_ground_truth,docker_multihost,3,1,20,1.5813,33,0.694,0.1284
recon_multi_07__benign_4,0,1789360383.6964853,real,recon_multi_07,,generator_ground_truth,docker_multihost,3,1,20,1.5813,33,0.694,0.1284
recon_multi_07__benign_4,0,1789360383.8464854,real,recon_multi_07,,generator_ground_truth,docker_multihost,3,1,20,1.5813,33,0.694,0.1284
recon_multi_07__benign_4,0,1789360383.9964855,real,recon_multi_07,,generator_ground_truth,docker_multihost,3,1,21,1.585,33,0.7077,0.1387
recon_multi_07__benign_4,0,1789360384.1464856,real,recon_multi_07,,generator_ground_truth,docker_multihost,3,1,21,1.585,33,0.7077,0.1387
recon_multi_07__benign_4,0,1789360384.2964857,real,recon_multi_07,,generator_ground_truth,docker_multihost,3,1,21,1.585,33,0.7077,0.1387
recon_multi_07__benign_4,0,1789360384.4464858,real,recon_multi_07,,generator_ground_truth,docker_multihost,3,1,21,1.585,33,0.7077,0.1387
recon_multi_07__benign_4,0,1789360384.5964859,real,recon_multi_07,,generator_ground_truth,docker_multihost,3,1,21,1.585,33,0.7077,0.1387
recon_multi_07__benign_4,0,1789360384.746486,real,recon_multi_07,,generator_ground_truth,docker_multihost,3,1,22,1.582,33,0.7114,0.1364
recon_multi_07__benign_4,0,1789360384.896486,real,recon_multi_07,,generator_ground_truth,docker_multihost,3,1,22,1.582,33,0.7114,0.1364
recon_multi_07__benign_4,0,1789360385.0464861,real,recon_multi_07,,generator_ground_truth,docker_multihost,3,1,22,1.582,33,0.7114,0.1364
recon_multi_07__benign_4,0,1789360385.1964862,real,recon_multi_07,,generator_ground_truth,docker_multihost,3,1,22,1.582,33,0.7114,0.1364
recon_multi_07__benign_4,0,1789360385.3464863,real,recon_multi_07,,generator_ground_truth,docker_multihost,3,1,22,1.582,33,0.7114,0.1364
recon_multi_07__benign_4,0,1789360385.4964864,real,recon_multi_07,,generator_ground_truth,docker_multihost,3,1,23,1.5822,33,0.7126,0.1334
recon_multi_07__benign_4,0,1789360385.6464865,real,recon_multi_07,,generator_ground_truth,docker_multihost,3,1,23,1.5822,33,0.7126,0.1334
recon_multi_07__benign_4,0,1789360385.7964866,real,recon_multi_07,,generator_ground_truth,docker_multihost,3,1,23,1.5822,33,0.7126,0.1334
recon_multi_07__benign_4,0,1789360385.9464867,real,recon_multi_07,,generator_ground_truth,docker_multihost,3,1,23,1.5822,33,0.7126,0.1334
recon_multi_07__benign_4,0,1789360386.0964868,real,recon_multi_07,,generator_ground_truth,docker_multihost,3,1,23,1.5822,33,0.7126,0.1334
recon_multi_07__benign_4,0,1789360386.246487,real,recon_multi_07,,generator_ground_truth,docker_multihost,3,1,23,1.5822,33,0.7126,0.1334
recon_multi_07__benign_4,0,1789360386.396487,real,recon_multi_07,,generator_ground_truth,docker_multihost,3,1,24,1.585,33,0.7204,0.1355
recon_multi_07__benign_4,0,1789360386.546487,real,recon_multi_07,,generator_ground_truth,docker_multihost,3,1,24,1.585,33,0.7204,0.1355
recon_multi_07__benign_4,0,1789360386.6964872,real,recon_multi_07,,generator_ground_truth,docker_multihost,3,1,24,1.585,33,0.7204,0.1355
recon_multi_07__benign_4,0,1789360386.8464873,real,recon_multi_07,,generator_ground_truth,docker_multihost,3,1,24,1.585,33,0.7204,0.1355
recon_multi_07__benign_4,0,1789360386.9964874,real,recon_multi_07,,generator_ground_truth,docker_multihost,3,1,24,1.585,33,0.7204,0.1355
recon_multi_07__benign_4,0,1789360387.1464875,real,recon_multi_07,,generator_ground_truth,docker_multihost,3,1,24,1.585,33,0.7204,0.1355
recon_multi_07__benign_4,0,1789360387.2964876,real,recon_multi_07,,generator_ground_truth,docker_multihost,3,1,25,1.5827,33,0.7281,0.1377
recon_multi_07__benign_4,0,1789360387.4464877,real,recon_multi_07,,generator_ground_truth,docker_multihost,3,1,25,1.5827,33,0.7281,0.1377
recon_multi_07__benign_4,0,1789360387.5964878,real,recon_multi_07,,generator_ground_truth,docker_multihost,3,1,25,1.5827,33,0.7281,0.1377
recon_multi_07__benign_4,0,1789360387.7464879,real,recon_multi_07,,generator_ground_truth,docker_multihost,3,1,25,1.5827,33,0.7281,0.1377
recon_multi_07__benign_4,0,1789360387.896488,real,recon_multi_07,,generator_ground_truth,docker_multihost,3,1,26,1.5828,33,0.7228,0.1373
recon_multi_07__benign_4,0,1789360388.046488,real,recon_multi_07,,generator_ground_truth,docker_multihost,3,1,26,1.5828,33,0.7228,0.1373
recon_multi_07__benign_4,0,1789360388.1964881,real,recon_multi_07,,generator_ground_truth,docker_multihost,3,1,26,1.5828,33,0.7228,0.1373
recon_multi_07__benign_4,0,1789360388.3464882,real,recon_multi_07,,generator_ground_truth,docker_multihost,3,1,26,1.5828,33,0.7228,0.1373
recon_multi_07__benign_4,0,1789360388.4964883,real,recon_multi_07,,generator_ground_truth,docker_multihost,3,1,27,1.585,33,0.7161,0.1388
recon_multi_07__benign_4,0,1789360388.6464884,real,recon_multi_07,,generator_ground_truth,docker_multihost,3,1,27,1.585,33,0.7161,0.1388
recon_multi_07__benign_4,0,1789360388.7964885,real,recon_multi_07,,generator_ground_truth,docker_multihost,3,1,27,1.585,33,0.7161,0.1388
recon_multi_07__benign_4,0,1789360388.9464886,real,recon_multi_07,,generator_ground_truth,docker_multihost,3,1,27,1.585,33,0.7161,0.1388
recon_multi_07__benign_4,0,1789360389.0964887,real,recon_multi_07,,generator_ground_truth,docker_multihost,3,1,27,1.585,33,0.7161,0.1388
recon_multi_07__benign_4,0,1789360389.2464888,real,recon_multi_07,,generator_ground_truth,docker_multihost,3,1,28,1.5831,33,0.7161,0.1362
recon_multi_07__benign_4,0,1789360389.396489,real,recon_multi_07,,generator_ground_truth,docker_multihost,3,1,28,1.5831,33,0.7161,0.1362
recon_multi_07__benign_4,0,1789360389.546489,real,recon_multi_07,,generator_ground_truth,docker_multihost,3,1,28,1.5831,33,0.7161,0.1362
recon_multi_07__benign_4,0,1789360389.696489,real,recon_multi_07,,generator_ground_truth,docker_multihost,3,1,28,1.5831,33,0.7161,0.1362
recon_multi_07__benign_4,0,1789360389.8464892,real,recon_multi_07,,generator_ground_truth,docker_multihost,3,1,28,1.5831,33,0.7161,0.1362
recon_multi_07__benign_4,0,1789360389.9964893,real,recon_multi_07,,generator_ground_truth,docker_multihost,3,1,29,1.5832,33,0.7159,0.1337
recon_multi_07__benign_4,0,1789360390.1464894,real,recon_multi_07,,generator_ground_truth,docker_multihost,3,1,29,1.5832,33,0.7159,0.1337
recon_multi_07__benign_4,0,1789360390.2964895,real,recon_multi_07,,generator_ground_truth,docker_multihost,3,1,29,1.5832,33,0.7159,0.1337
recon_multi_07__benign_4,0,1789360390.4464896,real,recon_multi_07,,generator_ground_truth,docker_multihost,3,1,29,1.5832,33,0.7159,0.1337
recon_multi_07__benign_4,0,1789360390.5964897,real,recon_multi_07,,generator_ground_truth,docker_multihost,3,1,30,1.585,33,0.7166,0.1314
recon_multi_07__benign_4,0,1789360390.7464898,real,recon_multi_07,,generator_ground_truth,docker_multihost,3,1,30,1.585,33,0.7166,0.1314
recon_multi_07__benign_4,0,1789360390.8964899,real,recon_multi_07,,generator_ground_truth,docker_multihost,3,1,30,1.585,33,0.7166,0.1314
recon_multi_07__benign_4,0,1789360391.04649,real,recon_multi_07,,generator_ground_truth,docker_multihost,3,1,30,1.585,33,0.7166,0.1314
recon_multi_07__benign_4,0,1789360391.19649,real,recon_multi_07,,generator_ground_truth,docker_multihost,3,1,30,1.585,33,0.7166,0.1314
recon_multi_07__benign_4,0,1789360391.3464901,real,recon_multi_07,,generator_ground_truth,docker_multihost,3,1,30,1.585,33,0.7166,0.1314
recon_multi_07__benign_4,0,1789360391.4964902,real,recon_multi_07,,generator_ground_truth,docker_multihost,3,1,31,1.5835,33,0.7215,0.1319
recon_multi_07__benign_4,0,1789360391.6464903,real,recon_multi_07,,generator_ground_truth,docker_multihost,3,1,31,1.5835,33,0.7215,0.1319
recon_multi_07__benign_4,0,1789360391.7964904,real,recon_multi_07,,generator_ground_truth,docker_multihost,3,1,31,1.5835,33,0.7215,0.1319
recon_multi_07__benign_4,0,1789360391.9464905,real,recon_multi_07,,generator_ground_truth,docker_multihost,3,1,31,1.5835,33,0.7215,0.1319
recon_multi_07__benign_4,0,1789360392.0964906,real,recon_multi_07,,generator_ground_truth,docker_multihost,3,1,31,1.5835,33,0.7215,0.1319
recon_multi_07__benign_4,0,1789360392.2464907,real,recon_multi_07,,generator_ground_truth,docker_multihost,3,1,31,1.5835,33,0.7215,0.1319
recon_multi_07__benign_4,0,1789360392.3964908,real,recon_multi_07,,generator_ground_truth,docker_multihost,3,1,32,1.5835,33,0.7253,0.1314
recon_multi_07__benign_4,0,1789360392.546491,real,recon_multi_07,,generator_ground_truth,docker_multihost,3,1,32,1.5835,33,0.7253,0.1314
recon_multi_07__benign_4,0,1789360392.696491,real,recon_multi_07,,generator_ground_truth,docker_multihost,3,1,32,1.5835,33,0.7253,0.1314
recon_multi_07__benign_4,0,1789360392.846491,real,recon_multi_07,,generator_ground_truth,docker_multihost,3,1,32,1.5835,33,0.7253,0.1314
recon_multi_07__benign_4,0,1789360392.9964912,real,recon_multi_07,,generator_ground_truth,docker_multihost,3,1,32,1.5835,33,0.7253,0.1314
recon_multi_07__benign_4,0,1789360393.1464913,real,recon_multi_07,,generator_ground_truth,docker_multihost,3,1,32,1.5835,33,0.7253,0.1314
recon_multi_07__benign_4,0,1789360393.2964914,real,recon_multi_07,,generator_ground_truth,docker_multihost,3,1,33,1.585,33,0.7336,0.1375
recon_multi_07__benign_4,0,1789360393.4464915,real,recon_multi_07,,generator_ground_truth,docker_multihost,3,1,33,1.585,33,0.7336,0.1375
recon_multi_07__benign_4,0,1789360393.5964916,real,recon_multi_07,,generator_ground_truth,docker_multihost,3,1,33,1.585,33,0.7336,0.1375
recon_multi_07__benign_4,0,1789360393.7464917,real,recon_multi_07,,generator_ground_truth,docker_multihost,3,1,33,1.585,33,0.7336,0.1375
recon_multi_07__benign_4,0,1789360393.8964918,real,recon_multi_07,,generator_ground_truth,docker_multihost,3,1,34,1.5837,33,0.728,0.139
recon_multi_07__benign_4,0,1789360394.0464919,real,recon_multi_07,,generator_ground_truth,docker_multihost,3,1,34,1.5837,33,0.728,0.139
recon_multi_07__benign_4,0,1789360394.196492,real,recon_multi_07,,generator_ground_truth,docker_multihost,3,1,34,1.5837,33,0.728,0.139
recon_multi_07__benign_4,0,1789360394.346492,real,recon_multi_07,,generator_ground_truth,docker_multihost,3,1,34,1.5837,33,0.728,0.139
recon_multi_07__benign_4,0,1789360394.4964921,real,recon_multi_07,,generator_ground_truth,docker_multihost,3,1,34,1.5837,33,0.728,0.139
recon_multi_07__benign_4,0,1789360394.6464922,real,recon_multi_07,,generator_ground_truth,docker_multihost,3,1,35,1.5838,33,0.7273,0.137
recon_multi_07__benign_4,0,1789360394.7964923,real,recon_multi_07,,generator_ground_truth,docker_multihost,3,1,35,1.5838,33,0.7273,0.137
recon_multi_07__benign_4,0,1789360394.9464924,real,recon_multi_07,,generator_ground_truth,docker_multihost,3,1,35,1.5838,33,0.7273,0.137
recon_multi_07__benign_4,0,1789360395.0964925,real,recon_multi_07,,generator_ground_truth,docker_multihost,3,1,35,1.5838,33,0.7273,0.137
recon_multi_07__benign_4,0,1789360395.2464926,real,recon_multi_07,,generator_ground_truth,docker_multihost,3,1,36,1.585,33,0.7256,0.1353
recon_multi_07__benign_4,0,1789360395.3964927,real,recon_multi_07,,generator_ground_truth,docker_multihost,3,1,36,1.585,33,0.7256,0.1353
recon_multi_07__benign_4,0,1789360395.5464928,real,recon_multi_07,,generator_ground_truth,docker_multihost,3,1,36,1.585,33,0.7256,0.1353
recon_multi_07__benign_4,0,1789360395.696493,real,recon_multi_07,,generator_ground_truth,docker_multihost,3,1,36,1.585,33,0.7256,0.1353
recon_multi_07__benign_4,0,1789360395.846493,real,recon_multi_07,,generator_ground_truth,docker_multihost,3,1,36,1.585,33,0.7256,0.1353
recon_multi_07__benign_4,0,1789360395.996493,real,recon_multi_07,,generator_ground_truth,docker_multihost,3,1,36,1.585,33,0.7256,0.1353
recon_multi_07__benign_4,0,1789360396.1464932,real,recon_multi_07,,generator_ground_truth,docker_multihost,3,1,37,1.5839,33,0.7314,0.1377
recon_multi_07__benign_4,0,1789360396.2964933,real,recon_multi_07,,generator_ground_truth,docker_multihost,3,1,37,1.5839,33,0.7314,0.1377
recon_multi_07__recon_4,1,1789360398.5005352,real,recon_multi_07,port_scan,generator_ground_truth,docker_multihost,10,1,10,3.3219,110,0.0156,0.0
recon_multi_07__recon_4,1,1789360398.6505353,real,recon_multi_07,port_scan,generator_ground_truth,docker_multihost,19,1,19,4.2479,126,0.0156,0.0
recon_multi_07__recon_4,1,1789360398.8005354,real,recon_multi_07,port_scan,generator_ground_truth,docker_multihost,29,1,29,4.858,126,0.0156,0.0
recon_multi_07__recon_4,1,1789360398.9505355,real,recon_multi_07,port_scan,generator_ground_truth,docker_multihost,39,1,39,5.2854,126,0.0156,0.0
recon_multi_07__recon_4,1,1789360399.1005356,real,recon_multi_07,port_scan,generator_ground_truth,docker_multihost,48,1,48,5.585,126,0.0156,0.0001
recon_multi_07__recon_4,1,1789360399.2505357,real,recon_multi_07,port_scan,generator_ground_truth,docker_multihost,58,1,58,5.858,126,0.0156,0.0001
recon_multi_07__recon_4,1,1789360399.4005358,real,recon_multi_07,port_scan,generator_ground_truth,docker_multihost,67,1,67,6.0661,126,0.0156,0.0001
recon_multi_07__recon_4,1,1789360399.550536,real,recon_multi_07,port_scan,generator_ground_truth,docker_multihost,67,1,67,6.0661,126,0.0156,0.0001
recon_multi_07__recon_4,1,1789360399.700536,real,recon_multi_07,port_scan,generator_ground_truth,docker_multihost,67,1,67,6.0661,126,0.0156,0.0001
recon_multi_07__recon_4,1,1789360399.850536,real,recon_multi_07,port_scan,generator_ground_truth,docker_multihost,67,1,67,6.0661,126,0.0156,0.0001
recon_multi_07__recon_4,1,1789360400.0005362,real,recon_multi_07,port_scan,generator_ground_truth,docker_multihost,67,1,67,6.0661,126,0.0156,0.0001
recon_multi_07__recon_4,1,1789360400.1505363,real,recon_multi_07,port_scan,generator_ground_truth,docker_multihost,67,1,67,6.0661,126,0.0156,0.0001
recon_multi_07__recon_4,1,1789360400.3005364,real,recon_multi_07,port_scan,generator_ground_truth,docker_multihost,67,1,67,6.0661,126,0.0156,0.0001
recon_multi_07__recon_4,1,1789360400.4505365,real,recon_multi_07,port_scan,generator_ground_truth,docker_multihost,67,1,67,6.0661,126,0.0156,0.0001
recon_multi_07__recon_4,1,1789360400.6005366,real,recon_multi_07,port_scan,generator_ground_truth,docker_multihost,67,1,67,6.0661,126,0.0156,0.0001
recon_multi_07__recon_4,1,1789360400.7505367,real,recon_multi_07,port_scan,generator_ground_truth,docker_multihost,67,1,67,6.0661,126,0.0156,0.0001
recon_multi_07__recon_4,1,1789360400.9005368,real,recon_multi_07,port_scan,generator_ground_truth,docker_multihost,67,1,67,6.0661,126,0.0156,0.0001
recon_multi_07__recon_4,1,1789360401.0505369,real,recon_multi_07,port_scan,generator_ground_truth,docker_multihost,67,1,67,6.0661,126,0.0156,0.0001
recon_multi_07__recon_4,1,1789360401.200537,real,recon_multi_07,port_scan,generator_ground_truth,docker_multihost,67,1,67,6.0661,126,0.0156,0.0001
recon_multi_07__recon_4,1,1789360401.350537,real,recon_multi_07,port_scan,generator_ground_truth,docker_multihost,67,1,67,6.0661,126,0.0156,0.0001
recon_multi_07__recon_4,1,1789360401.5005372,real,recon_multi_07,port_scan,generator_ground_truth,docker_multihost,67,1,67,6.0661,126,0.0156,0.0001
recon_multi_07__recon_4,1,1789360401.6505373,real,recon_multi_07,port_scan,generator_ground_truth,docker_multihost,67,1,67,6.0661,126,0.0156,0.0001
recon_multi_07__recon_4,1,1789360401.8005373,real,recon_multi_07,port_scan,generator_ground_truth,docker_multihost,67,1,67,6.0661,126,0.0156,0.0001
recon_multi_07__recon_4,1,1789360401.9505374,real,recon_multi_07,port_scan,generator_ground_truth,docker_multihost,67,1,67,6.0661,126,0.0156,0.0001
recon_multi_07__recon_4,1,1789360402.1005375,real,recon_multi_07,port_scan,generator_ground_truth,docker_multihost,67,1,67,6.0661,126,0.0156,0.0001
recon_multi_07__recon_4,1,1789360402.2505376,real,recon_multi_07,port_scan,generator_ground_truth,docker_multihost,67,1,67,6.0661,126,0.0156,0.0001
recon_multi_07__recon_4,1,1789360402.4005377,real,recon_multi_07,port_scan,generator_ground_truth,docker_multihost,67,1,67,6.0661,126,0.0156,0.0001
recon_multi_07__recon_4,1,1789360402.5505378,real,recon_multi_07,port_scan,generator_ground_truth,docker_multihost,67,1,67,6.0661,126,0.0156,0.0001
recon_multi_07__recon_4,1,1789360402.700538,real,recon_multi_07,port_scan,generator_ground_truth,docker_multihost,67,1,67,6.0661,126,0.0156,0.0001
recon_multi_07__recon_4,1,1789360402.850538,real,recon_multi_07,port_scan,generator_ground_truth,docker_multihost,67,1,67,6.0661,126,0.0156,0.0001
recon_multi_07__recon_4,1,1789360403.000538,real,recon_multi_07,port_scan,generator_ground_truth,docker_multihost,67,1,67,6.0661,126,0.0156,0.0001
recon_multi_07__recon_4,1,1789360403.1505382,real,recon_multi_07,port_scan,generator_ground_truth,docker_multihost,67,1,67,6.0661,126,0.0156,0.0001
recon_multi_07__recon_4,1,1789360403.3005383,real,recon_multi_07,port_scan,generator_ground_truth,docker_multihost,67,1,67,6.0661,126,0.0156,0.0001
recon_multi_07__recon_4,1,1789360403.4505384,real,recon_multi_07,port_scan,generator_ground_truth,docker_multihost,72,1,72,6.1699,236,0.0715,0.4679
recon_multi_07__recon_4,1,1789360403.6005385,real,recon_multi_07,port_scan,generator_ground_truth,docker_multihost,81,1,82,6.3332,236,0.0646,0.4384
recon_multi_07__recon_4,1,1789360403.7505386,real,recon_multi_07,port_scan,generator_ground_truth,docker_multihost,91,1,92,6.5018,251,0.0593,0.4139
recon_multi_07__recon_4,1,1789360403.9005387,real,recon_multi_07,port_scan,generator_ground_truth,docker_multihost,100,1,101,6.6384,251,0.0553,0.395
recon_multi_07__recon_4,1,1789360404.0505388,real,recon_multi_07,port_scan,generator_ground_truth,docker_multihost,110,1,111,6.7764,251,0.0517,0.3768
recon_multi_07__recon_4,1,1789360404.2005389,real,recon_multi_07,port_scan,generator_ground_truth,docker_multihost,119,1,120,6.8902,251,0.049,0.3624
recon_multi_07__recon_4,1,1789360404.350539,real,recon_multi_07,port_scan,generator_ground_truth,docker_multihost,129,1,130,7.007,251,0.0464,0.3482
recon_multi_07__recon_4,1,1789360404.500539,real,recon_multi_07,port_scan,generator_ground_truth,docker_multihost,139,1,140,7.115,251,0.0442,0.3355
recon_multi_07__recon_4,1,1789360404.6505392,real,recon_multi_07,port_scan,generator_ground_truth,docker_multihost,148,1,149,7.2057,251,0.0425,0.3252
recon_multi_07__recon_4,1,1789360404.8005393,real,recon_multi_07,port_scan,generator_ground_truth,docker_multihost,158,1,159,7.3003,251,0.0408,0.3149
recon_multi_07__recon_4,1,1789360404.9505394,real,recon_multi_07,port_scan,generator_ground_truth,docker_multihost,167,1,168,7.3804,253,0.0394,0.3063
recon_multi_07__recon_4,1,1789360405.1005394,real,recon_multi_07,port_scan,generator_ground_truth,docker_multihost,177,1,178,7.4645,253,0.0381,0.2976
recon_multi_07__recon_4,1,1789360405.2505395,real,recon_multi_07,port_scan,generator_ground_truth,docker_multihost,187,1,188,7.544,253,0.0369,0.2896
recon_multi_07__recon_4,1,1789360405.4005396,real,recon_multi_07,port_scan,generator_ground_truth,docker_multihost,194,1,195,7.5971,253,0.0361,0.2843
recon_multi_07__recon_4,1,1789360405.5505397,real,recon_multi_07,port_scan,generator_ground_truth,docker_multihost,194,1,195,7.5971,253,0.0361,0.2843
recon_multi_07__recon_4,1,1789360405.7005398,real,recon_multi_07,port_scan,generator_ground_truth,docker_multihost,194,1,195,7.5971,253,0.0361,0.2843
recon_multi_07__recon_4,1,1789360405.85054,real,recon_multi_07,port_scan,generator_ground_truth,docker_multihost,194,1,195,7.5971,253,0.0361,0.2843
recon_multi_07__recon_4,1,1789360406.00054,real,recon_multi_07,port_scan,generator_ground_truth,docker_multihost,194,1,195,7.5971,253,0.0361,0.2843
recon_multi_07__recon_4,1,1789360406.15054,real,recon_multi_07,port_scan,generator_ground_truth,docker_multihost,194,1,195,7.5971,253,0.0361,0.2843
recon_multi_07__recon_4,1,1789360406.3005402,real,recon_multi_07,port_scan,generator_ground_truth,docker_multihost,194,1,195,7.5971,253,0.0361,0.2843
recon_multi_07__recon_4,1,1789360406.4505403,real,recon_multi_07,port_scan,generator_ground_truth,docker_multihost,194,1,195,7.5971,253,0.0361,0.2843
recon_multi_07__recon_4,1,1789360406.6005404,real,recon_multi_07,port_scan,generator_ground_truth,docker_multihost,194,1,195,7.5971,253,0.0361,0.2843
recon_multi_07__recon_4,1,1789360406.7505405,real,recon_multi_07,port_scan,generator_ground_truth,docker_multihost,194,1,195,7.5971,253,0.0361,0.2843
recon_multi_07__recon_4,1,1789360406.9005406,real,recon_multi_07,port_scan,generator_ground_truth,docker_multihost,194,1,195,7.5971,253,0.0361,0.2843
recon_multi_07__recon_4,1,1789360407.0505407,real,recon_multi_07,port_scan,generator_ground_truth,docker_multihost,194,1,195,7.5971,253,0.0361,0.2843
recon_multi_07__recon_4,1,1789360407.2005408,real,recon_multi_07,port_scan,generator_ground_truth,docker_multihost,194,1,195,7.5971,253,0.0361,0.2843
recon_multi_07__recon_4,1,1789360407.3505409,real,recon_multi_07,port_scan,generator_ground_truth,docker_multihost,194,1,195,7.5971,253,0.0361,0.2843
recon_multi_07__recon_4,1,1789360407.500541,real,recon_multi_07,port_scan,generator_ground_truth,docker_multihost,194,1,195,7.5971,253,0.0361,0.2843
recon_multi_07__recon_4,1,1789360407.650541,real,recon_multi_07,port_scan,generator_ground_truth,docker_multihost,194,1,195,7.5971,253,0.0361,0.2843
recon_multi_07__recon_4,1,1789360407.8005412,real,recon_multi_07,port_scan,generator_ground_truth,docker_multihost,194,1,195,7.5971,253,0.0361,0.2843
recon_multi_07__recon_4,1,1789360407.9505413,real,recon_multi_07,port_scan,generator_ground_truth,docker_multihost,194,1,195,7.5971,253,0.0361,0.2843
recon_multi_07__recon_4,1,1789360408.1005414,real,recon_multi_07,port_scan,generator_ground_truth,docker_multihost,194,1,195,7.5971,253,0.0361,0.2843
recon_multi_07__recon_4,1,1789360408.2505414,real,recon_multi_07,port_scan,generator_ground_truth,docker_multihost,194,1,195,7.5971,253,0.0361,0.2843
recon_multi_07__recon_4,1,1789360408.4005415,real,recon_multi_07,port_scan,generator_ground_truth,docker_multihost,194,1,195,7.5971,253,0.0361,0.2843
recon_multi_07__recon_4,1,1789360408.5505416,real,recon_multi_07,port_scan,generator_ground_truth,docker_multihost,194,1,195,7.5971,253,0.0361,0.2843
recon_multi_07__recon_4,1,1789360408.7005417,real,recon_multi_07,port_scan,generator_ground_truth,docker_multihost,194,1,195,7.5971,253,0.0361,0.2843
recon_multi_07__recon_4,1,1789360408.8505418,real,recon_multi_07,port_scan,generator_ground_truth,docker_multihost,194,1,195,7.5971,253,0.0361,0.2843
recon_multi_07__recon_4,1,1789360409.000542,real,recon_multi_07,port_scan,generator_ground_truth,docker_multihost,194,1,195,7.5971,253,0.0361,0.2843
recon_multi_07__recon_4,1,1789360409.150542,real,recon_multi_07,port_scan,generator_ground_truth,docker_multihost,194,1,195,7.5971,253,0.0361,0.2843
recon_multi_07__recon_4,1,1789360409.300542,real,recon_multi_07,port_scan,generator_ground_truth,docker_multihost,194,1,195,7.5971,253,0.0361,0.2843
recon_multi_07__recon_4,1,1789360409.4505422,real,recon_multi_07,port_scan,generator_ground_truth,docker_multihost,194,1,195,7.5971,253,0.0361,0.2843
recon_multi_07__recon_4,1,1789360409.6005423,real,recon_multi_07,port_scan,generator_ground_truth,docker_multihost,194,1,195,7.5971,253,0.0361,0.2843
recon_multi_07__recon_4,1,1789360409.7505424,real,recon_multi_07,port_scan,generator_ground_truth,docker_multihost,194,1,195,7.5971,253,0.0361,0.2843
recon_multi_07__recon_4,1,1789360409.9005425,real,recon_multi_07,port_scan,generator_ground_truth,docker_multihost,194,1,195,7.5971,253,0.0361,0.2843
recon_multi_07__recon_4,1,1789360410.0505426,real,recon_multi_07,port_scan,generator_ground_truth,docker_multihost,194,1,195,7.5971,253,0.0361,0.2843
recon_multi_07__recon_4,1,1789360410.2005427,real,recon_multi_07,port_scan,generator_ground_truth,docker_multihost,194,1,195,7.5971,253,0.0361,0.2843
recon_multi_07__recon_4,1,1789360410.3505428,real,recon_multi_07,port_scan,generator_ground_truth,docker_multihost,194,1,195,7.5971,253,0.0361,0.2843
recon_multi_07__recon_4,1,1789360410.5005429,real,recon_multi_07,port_scan,generator_ground_truth,docker_multihost,194,1,195,7.5971,253,0.0361,0.2843
recon_multi_07__recon_4,1,1789360410.650543,real,recon_multi_07,port_scan,generator_ground_truth,docker_multihost,194,1,195,7.5971,253,0.0361,0.2843
recon_multi_07__recon_4,1,1789360410.800543,real,recon_multi_07,port_scan,generator_ground_truth,docker_multihost,199,1,200,7.6339,373,0.0625,0.4702
recon_multi_07__recon_4,1,1789360410.9505432,real,recon_multi_07,port_scan,generator_ground_truth,docker_multihost,209,1,210,7.7047,378,0.0602,0.4589
recon_multi_07__recon_4,1,1789360411.1005433,real,recon_multi_07,port_scan,generator_ground_truth,docker_multihost,218,1,219,7.7657,378,0.0584,0.4494
recon_multi_07__recon_4,1,1789360411.2505434,real,recon_multi_07,port_scan,generator_ground_truth,docker_multihost,228,1,229,7.8305,378,0.0565,0.4395
recon_multi_07__recon_4,1,1789360411.4005435,real,recon_multi_07,port_scan,generator_ground_truth,docker_multihost,238,1,239,7.8925,378,0.0548,0.4303
recon_multi_07__recon_4,1,1789360411.5505435,real,recon_multi_07,port_scan,generator_ground_truth,docker_multihost,247,1,248,7.9461,378,0.0534,0.4224
recon_multi_07__recon_4,1,1789360411.7005436,real,recon_multi_07,port_scan,generator_ground_truth,docker_multihost,257,1,258,8.0035,380,0.0519,0.4142
recon_multi_07__recon_4,1,1789360411.8505437,real,recon_multi_07,port_scan,generator_ground_truth,docker_multihost,266,1,267,8.0532,380,0.0507,0.4072
recon_multi_07__recon_4,1,1789360412.0005438,real,recon_multi_07,port_scan,generator_ground_truth,docker_multihost,276,1,277,8.1065,380,0.0494,0.3998
recon_multi_07__recon_4,1,1789360412.150544,real,recon_multi_07,port_scan,generator_ground_truth,docker_multihost,285,1,287,8.151,380,0.0482,0.3928
recon_multi_07__recon_4,1,1789360412.300544,real,recon_multi_07,port_scan,generator_ground_truth,docker_multihost,294,1,296,8.1959,380,0.0472,0.3868
recon_multi_07__recon_4,1,1789360412.450544,real,recon_multi_07,port_scan,generator_ground_truth,docker_multihost,304,1,306,8.2443,380,0.0462,0.3804
recon_multi_07__recon_4,1,1789360412.6005442,real,recon_multi_07,port_scan,generator_ground_truth,docker_multihost,313,1,315,8.2865,380,0.0453,0.375
recon_multi_07__recon_4,1,1789360412.7505443,real,recon_multi_07,port_scan,generator_ground_truth,docker_multihost,321,1,323,8.323,380,0.0446,0.3703
recon_multi_07__recon_4,1,1789360412.9005444,real,recon_multi_07,port_scan,generator_ground_truth,docker_multihost,321,1,323,8.323,380,0.0446,0.3703
recon_multi_07__recon_4,1,1789360413.0505445,real,recon_multi_07,port_scan,generator_ground_truth,docker_multihost,321,1,323,8.323,380,0.0446,0.3703
recon_multi_07__recon_4,1,1789360413.2005446,real,recon_multi_07,port_scan,generator_ground_truth,docker_multihost,321,1,323,8.323,380,0.0446,0.3703
recon_multi_07__recon_4,1,1789360413.3505447,real,recon_multi_07,port_scan,generator_ground_truth,docker_multihost,321,1,323,8.323,380,0.0446,0.3703
recon_multi_07__recon_4,1,1789360413.5005448,real,recon_multi_07,port_scan,generator_ground_truth,docker_multihost,321,1,323,8.323,380,0.0446,0.3703
recon_multi_07__recon_4,1,1789360413.650545,real,recon_multi_07,port_scan,generator_ground_truth,docker_multihost,321,1,323,8.323,380,0.0446,0.3703
recon_multi_07__recon_4,1,1789360413.800545,real,recon_multi_07,port_scan,generator_ground_truth,docker_multihost,321,1,323,8.323,380,0.0446,0.3703
recon_multi_07__recon_4,1,1789360413.950545,real,recon_multi_07,port_scan,generator_ground_truth,docker_multihost,321,1,323,8.323,380,0.0446,0.3703
recon_multi_07__recon_4,1,1789360414.1005452,real,recon_multi_07,port_scan,generator_ground_truth,docker_multihost,321,1,323,8.323,380,0.0446,0.3703
recon_multi_07__recon_4,1,1789360414.2505453,real,recon_multi_07,port_scan,generator_ground_truth,docker_multihost,321,1,323,8.323,380,0.0446,0.3703
recon_multi_07__recon_4,1,1789360414.4005454,real,recon_multi_07,port_scan,generator_ground_truth,docker_multihost,321,1,323,8.323,380,0.0446,0.3703
recon_multi_07__recon_4,1,1789360414.5505455,real,recon_multi_07,port_scan,generator_ground_truth,docker_multihost,321,1,323,8.323,380,0.0446,0.3703
recon_multi_07__recon_4,1,1789360414.7005455,real,recon_multi_07,port_scan,generator_ground_truth,docker_multihost,321,1,323,8.323,380,0.0446,0.3703
recon_multi_07__recon_4,1,1789360414.8505456,real,recon_multi_07,port_scan,generator_ground_truth,docker_multihost,321,1,323,8.323,380,0.0446,0.3703
recon_multi_07__recon_4,1,1789360415.0005457,real,recon_multi_07,port_scan,generator_ground_truth,docker_multihost,321,1,323,8.323,380,0.0446,0.3703
recon_multi_07__recon_4,1,1789360415.1505458,real,recon_multi_07,port_scan,generator_ground_truth,docker_multihost,321,1,323,8.323,380,0.0446,0.3703
recon_multi_07__recon_4,1,1789360415.300546,real,recon_multi_07,port_scan,generator_ground_truth,docker_multihost,321,1,323,8.323,380,0.0446,0.3703
recon_multi_07__recon_4,1,1789360415.450546,real,recon_multi_07,port_scan,generator_ground_truth,docker_multihost,321,1,323,8.323,380,0.0446,0.3703
recon_multi_07__recon_4,1,1789360415.6005461,real,recon_multi_07,port_scan,generator_ground_truth,docker_multihost,321,1,323,8.323,380,0.0446,0.3703
recon_multi_07__recon_4,1,1789360415.7505462,real,recon_multi_07,port_scan,generator_ground_truth,docker_multihost,321,1,323,8.323,380,0.0446,0.3703
recon_multi_07__recon_4,1,1789360415.9005463,real,recon_multi_07,port_scan,generator_ground_truth,docker_multihost,321,1,323,8.323,380,0.0446,0.3703
recon_multi_07__recon_4,1,1789360416.0505464,real,recon_multi_07,port_scan,generator_ground_truth,docker_multihost,321,1,323,8.323,380,0.0446,0.3703
recon_multi_07__recon_4,1,1789360416.2005465,real,recon_multi_07,port_scan,generator_ground_truth,docker_multihost,321,1,323,8.323,380,0.0446,0.3703
recon_multi_07__recon_4,1,1789360416.3505466,real,recon_multi_07,port_scan,generator_ground_truth,docker_multihost,321,1,323,8.323,380,0.0446,0.3703
recon_multi_07__recon_4,1,1789360416.5005467,real,recon_multi_07,port_scan,generator_ground_truth,docker_multihost,321,1,323,8.323,380,0.0446,0.3703
recon_multi_07__recon_4,1,1789360416.6505468,real,recon_multi_07,port_scan,generator_ground_truth,docker_multihost,321,1,323,8.323,380,0.0446,0.3703
recon_multi_07__recon_4,1,1789360416.800547,real,recon_multi_07,port_scan,generator_ground_truth,docker_multihost,321,1,323,8.323,380,0.0446,0.3703
recon_multi_07__recon_4,1,1789360416.950547,real,recon_multi_07,port_scan,generator_ground_truth,docker_multihost,321,1,323,8.323,380,0.0446,0.3703
recon_multi_07__recon_4,1,1789360417.100547,real,recon_multi_07,port_scan,generator_ground_truth,docker_multihost,321,1,323,8.323,380,0.0446,0.3703
recon_multi_07__recon_4,1,1789360417.2505472,real,recon_multi_07,port_scan,generator_ground_truth,docker_multihost,321,1,323,8.323,380,0.0446,0.3703
recon_multi_07__recon_4,1,1789360417.4005473,real,recon_multi_07,port_scan,generator_ground_truth,docker_multihost,321,1,323,8.323,380,0.0446,0.3703
recon_multi_07__recon_4,1,1789360417.5505474,real,recon_multi_07,port_scan,generator_ground_truth,docker_multihost,321,1,323,8.323,380,0.0446,0.3703
recon_multi_07__recon_4,1,1789360417.7005475,real,recon_multi_07,port_scan,generator_ground_truth,docker_multihost,321,1,323,8.323,380,0.0446,0.3703
recon_multi_07__recon_4,1,1789360417.8505476,real,recon_multi_07,port_scan,generator_ground_truth,docker_multihost,321,1,323,8.323,380,0.0446,0.3703
recon_multi_07__recon_4,1,1789360418.0005476,real,recon_multi_07,port_scan,generator_ground_truth,docker_multihost,321,1,323,8.323,380,0.0446,0.3703
recon_multi_07__recon_4,1,1789360418.1505477,real,recon_multi_07,port_scan,generator_ground_truth,docker_multihost,321,1,323,8.323,380,0.0446,0.3703
recon_multi_07__recon_4,1,1789360418.3005478,real,recon_multi_07,port_scan,generator_ground_truth,docker_multihost,321,1,323,8.323,380,0.0446,0.3703
recon_multi_07__recon_4,1,1789360418.450548,real,recon_multi_07,port_scan,generator_ground_truth,docker_multihost,321,1,323,8.323,380,0.0446,0.3703
recon_multi_07__recon_4,1,1789360418.600548,real,recon_multi_07,port_scan,generator_ground_truth,docker_multihost,321,1,323,8.323,380,0.0446,0.3703
recon_multi_07__recon_4,1,1789360418.7505481,real,recon_multi_07,port_scan,generator_ground_truth,docker_multihost,321,1,323,8.323,380,0.0446,0.3703
recon_multi_07__recon_4,1,1789360418.9005482,real,recon_multi_07,port_scan,generator_ground_truth,docker_multihost,321,1,323,8.323,380,0.0446,0.3703
recon_multi_07__recon_4,1,1789360419.0505483,real,recon_multi_07,port_scan,generator_ground_truth,docker_multihost,321,1,323,8.323,380,0.0446,0.3703
recon_multi_07__recon_4,1,1789360419.2005484,real,recon_multi_07,port_scan,generator_ground_truth,docker_multihost,321,1,323,8.323,380,0.0446,0.3703
recon_multi_07__recon_4,1,1789360419.3505485,real,recon_multi_07,port_scan,generator_ground_truth,docker_multihost,321,1,323,8.323,380,0.0446,0.3703
recon_multi_07__recon_4,1,1789360419.5005486,real,recon_multi_07,port_scan,generator_ground_truth,docker_multihost,321,1,323,8.323,380,0.0446,0.3703
recon_multi_07__recon_4,1,1789360419.6505487,real,recon_multi_07,port_scan,generator_ground_truth,docker_multihost,321,1,323,8.323,380,0.0446,0.3703
recon_multi_07__recon_4,1,1789360419.8005488,real,recon_multi_07,port_scan,generator_ground_truth,docker_multihost,321,1,323,8.323,380,0.0446,0.3703
recon_multi_07__recon_4,1,1789360419.950549,real,recon_multi_07,port_scan,generator_ground_truth,docker_multihost,321,1,323,8.323,380,0.0446,0.3703
recon_multi_07__recon_4,1,1789360420.100549,real,recon_multi_07,port_scan,generator_ground_truth,docker_multihost,321,1,323,8.323,380,0.0446,0.3703
recon_multi_07__recon_4,1,1789360420.250549,real,recon_multi_07,port_scan,generator_ground_truth,docker_multihost,328,1,330,8.3542,483,0.0665,0.5474
recon_multi_07__recon_4,1,1789360420.4005492,real,recon_multi_07,port_scan,generator_ground_truth,docker_multihost,338,1,340,8.3976,505,0.065,0.5394
recon_multi_07__recon_4,1,1789360420.5505493,real,recon_multi_07,port_scan,generator_ground_truth,docker_multihost,347,1,349,8.4356,505,0.0637,0.5324
recon_multi_07__recon_4,1,1789360420.7005494,real,recon_multi_07,port_scan,generator_ground_truth,docker_multihost,357,1,359,8.4767,505,0.0624,0.525
recon_multi_07__recon_4,1,1789360420.8505495,real,recon_multi_07,port_scan,generator_ground_truth,docker_multihost,367,1,369,8.5166,507,0.0611,0.5179
recon_multi_07__recon_4,1,1789360421.0005496,real,recon_multi_07,port_scan,generator_ground_truth,docker_multihost,376,1,378,8.5517,507,0.06,0.5117
recon_multi_07__benign_5,0,1789360423.287188,real,recon_multi_07,,generator_ground_truth,docker_multihost,1,1,1,-0.0,0,0.0,0.0
recon_multi_07__benign_5,0,1789360423.4371881,real,recon_multi_07,,generator_ground_truth,docker_multihost,1,1,1,-0.0,0,0.0,0.0
recon_multi_07__benign_5,0,1789360423.5871882,real,recon_multi_07,,generator_ground_truth,docker_multihost,1,1,1,-0.0,0,0.0,0.0
recon_multi_07__benign_5,0,1789360423.7371883,real,recon_multi_07,,generator_ground_truth,docker_multihost,1,1,1,-0.0,0,0.0,0.0
recon_multi_07__benign_5,0,1789360423.8871884,real,recon_multi_07,,generator_ground_truth,docker_multihost,1,1,1,-0.0,0,0.0,0.0
recon_multi_07__benign_5,0,1789360424.0371885,real,recon_multi_07,,generator_ground_truth,docker_multihost,1,1,1,-0.0,0,0.0,0.0
recon_multi_07__benign_5,0,1789360424.1871886,real,recon_multi_07,,generator_ground_truth,docker_multihost,2,1,2,1.0,38,0.9184,0.0
recon_multi_07__benign_5,0,1789360424.3371887,real,recon_multi_07,,generator_ground_truth,docker_multihost,2,1,2,1.0,38,0.9184,0.0
recon_multi_07__benign_5,0,1789360424.4871888,real,recon_multi_07,,generator_ground_truth,docker_multihost,2,1,2,1.0,38,0.9184,0.0
recon_multi_07__benign_5,0,1789360424.637189,real,recon_multi_07,,generator_ground_truth,docker_multihost,2,1,2,1.0,38,0.9184,0.0
recon_multi_07__benign_5,0,1789360424.787189,real,recon_multi_07,,generator_ground_truth,docker_multihost,2,1,2,1.0,38,0.9184,0.0
recon_multi_07__benign_5,0,1789360424.937189,real,recon_multi_07,,generator_ground_truth,docker_multihost,2,1,2,1.0,38,0.9184,0.0
recon_multi_07__benign_5,0,1789360425.0871892,real,recon_multi_07,,generator_ground_truth,docker_multihost,3,1,3,1.585,38,0.9516,0.0332
recon_multi_07__benign_5,0,1789360425.2371893,real,recon_multi_07,,generator_ground_truth,docker_multihost,3,1,3,1.585,38,0.9516,0.0332
recon_multi_07__benign_5,0,1789360425.3871894,real,recon_multi_07,,generator_ground_truth,docker_multihost,3,1,3,1.585,38,0.9516,0.0332
recon_multi_07__benign_5,0,1789360425.5371895,real,recon_multi_07,,generator_ground_truth,docker_multihost,3,1,3,1.585,38,0.9516,0.0332
recon_multi_07__benign_5,0,1789360425.6871896,real,recon_multi_07,,generator_ground_truth,docker_multihost,3,1,3,1.585,38,0.9516,0.0332
recon_multi_07__benign_5,0,1789360425.8371897,real,recon_multi_07,,generator_ground_truth,docker_multihost,3,1,3,1.585,38,0.9516,0.0332
recon_multi_07__benign_5,0,1789360425.9871898,real,recon_multi_07,,generator_ground_truth,docker_multihost,3,1,3,1.585,38,0.9516,0.0332
recon_multi_07__benign_5,0,1789360426.1371899,real,recon_multi_07,,generator_ground_truth,docker_multihost,3,1,4,1.5,38,0.9556,0.0277
recon_multi_07__benign_5,0,1789360426.28719,real,recon_multi_07,,generator_ground_truth,docker_multihost,3,1,4,1.5,38,0.9556,0.0277
recon_multi_07__benign_5,0,1789360426.43719,real,recon_multi_07,,generator_ground_truth,docker_multihost,3,1,4,1.5,38,0.9556,0.0277
recon_multi_07__benign_5,0,1789360426.5871902,real,recon_multi_07,,generator_ground_truth,docker_multihost,3,1,4,1.5,38,0.9556,0.0277
recon_multi_07__benign_5,0,1789360426.7371902,real,recon_multi_07,,generator_ground_truth,docker_multihost,3,1,4,1.5,38,0.9556,0.0277
recon_multi_07__benign_5,0,1789360426.8871903,real,recon_multi_07,,generator_ground_truth,docker_multihost,3,1,4,1.5,38,0.9556,0.0277
recon_multi_07__benign_5,0,1789360427.0371904,real,recon_multi_07,,generator_ground_truth,docker_multihost,3,1,5,1.5219,38,0.9479,0.0274
recon_multi_07__benign_5,0,1789360427.1871905,real,recon_multi_07,,generator_ground_truth,docker_multihost,3,1,5,1.5219,38,0.9479,0.0274
recon_multi_07__benign_5,0,1789360427.3371906,real,recon_multi_07,,generator_ground_truth,docker_multihost,3,1,5,1.5219,38,0.9479,0.0274
recon_multi_07__benign_5,0,1789360427.4871907,real,recon_multi_07,,generator_ground_truth,docker_multihost,3,1,5,1.5219,38,0.9479,0.0274
recon_multi_07__benign_5,0,1789360427.6371908,real,recon_multi_07,,generator_ground_truth,docker_multihost,3,1,6,1.585,38,0.8751,0.1477
recon_multi_07__benign_5,0,1789360427.787191,real,recon_multi_07,,generator_ground_truth,docker_multihost,3,1,6,1.585,38,0.8751,0.1477
recon_multi_07__benign_5,0,1789360427.937191,real,recon_multi_07,,generator_ground_truth,docker_multihost,3,1,6,1.585,38,0.8751,0.1477
recon_multi_07__benign_5,0,1789360428.087191,real,recon_multi_07,,generator_ground_truth,docker_multihost,3,1,6,1.585,38,0.8751,0.1477
recon_multi_07__benign_5,0,1789360428.2371912,real,recon_multi_07,,generator_ground_truth,docker_multihost,3,1,6,1.585,38,0.8751,0.1477
recon_multi_07__benign_5,0,1789360428.3871913,real,recon_multi_07,,generator_ground_truth,docker_multihost,3,1,7,1.5567,38,0.8531,0.1435
recon_multi_07__benign_5,0,1789360428.5371914,real,recon_multi_07,,generator_ground_truth,docker_multihost,3,1,7,1.5567,38,0.8531,0.1435
recon_multi_07__benign_5,0,1789360428.6871915,real,recon_multi_07,,generator_ground_truth,docker_multihost,3,1,7,1.5567,38,0.8531,0.1435
recon_multi_07__benign_5,0,1789360428.8371916,real,recon_multi_07,,generator_ground_truth,docker_multihost,3,1,7,1.5567,38,0.8531,0.1435
recon_multi_07__benign_5,0,1789360428.9871917,real,recon_multi_07,,generator_ground_truth,docker_multihost,3,1,8,1.5613,38,0.8181,0.1582
recon_multi_07__benign_5,0,1789360429.1371918,real,recon_multi_07,,generator_ground_truth,docker_multihost,3,1,8,1.5613,38,0.8181,0.1582
recon_multi_07__benign_5,0,1789360429.2871919,real,recon_multi_07,,generator_ground_truth,docker_multihost,3,1,8,1.5613,38,0.8181,0.1582
recon_multi_07__benign_5,0,1789360429.437192,real,recon_multi_07,,generator_ground_truth,docker_multihost,3,1,8,1.5613,38,0.8181,0.1582
recon_multi_07__benign_5,0,1789360429.587192,real,recon_multi_07,,generator_ground_truth,docker_multihost,3,1,9,1.585,38,0.8035,0.153
recon_multi_07__benign_5,0,1789360429.7371922,real,recon_multi_07,,generator_ground_truth,docker_multihost,3,1,9,1.585,38,0.8035,0.153
recon_multi_07__benign_5,0,1789360429.8871922,real,recon_multi_07,,generator_ground_truth,docker_multihost,3,1,9,1.585,38,0.8035,0.153
recon_multi_07__benign_5,0,1789360430.0371923,real,recon_multi_07,,generator_ground_truth,docker_multihost,3,1,9,1.585,38,0.8035,0.153
recon_multi_07__benign_5,0,1789360430.1871924,real,recon_multi_07,,generator_ground_truth,docker_multihost,3,1,10,1.571,38,0.773,0.1679
recon_multi_07__benign_5,0,1789360430.3371925,real,recon_multi_07,,generator_ground_truth,docker_multihost,3,1,10,1.571,38,0.773,0.1679
recon_multi_07__benign_5,0,1789360430.4871926,real,recon_multi_07,,generator_ground_truth,docker_multihost,3,1,10,1.571,38,0.773,0.1679
recon_multi_07__benign_5,0,1789360430.6371927,real,recon_multi_07,,generator_ground_truth,docker_multihost,3,1,10,1.571,38,0.773,0.1679
recon_multi_07__benign_5,0,1789360430.7871928,real,recon_multi_07,,generator_ground_truth,docker_multihost,3,1,11,1.5726,38,0.7647,0.1613
recon_multi_07__benign_5,0,1789360430.937193,real,recon_multi_07,,generator_ground_truth,docker_multihost,3,1,11,1.5726,38,0.7647,0.1613
recon_multi_07__benign_5,0,1789360431.087193,real,recon_multi_07,,generator_ground_truth,docker_multihost,3,1,11,1.5726,38,0.7647,0.1613
recon_multi_07__benign_5,0,1789360431.237193,real,recon_multi_07,,generator_ground_truth,docker_multihost,3,1,11,1.5726,38,0.7647,0.1613
recon_multi_07__benign_5,0,1789360431.3871932,real,recon_multi_07,,generator_ground_truth,docker_multihost,3,1,11,1.5726,38,0.7647,0.1613
recon_multi_07__benign_5,0,1789360431.5371933,real,recon_multi_07,,generator_ground_truth,docker_multihost,3,1,11,1.5726,38,0.7647,0.1613
recon_multi_07__benign_5,0,1789360431.6871934,real,recon_multi_07,,generator_ground_truth,docker_multihost,3,1,11,1.5726,38,0.7647,0.1613
recon_multi_07__benign_5,0,1789360431.8371935,real,recon_multi_07,,generator_ground_truth,docker_multihost,3,1,12,1.585,38,0.7855,0.1672
recon_multi_07__benign_5,0,1789360431.9871936,real,recon_multi_07,,generator_ground_truth,docker_multihost,3,1,12,1.585,38,0.7855,0.1672
recon_multi_07__benign_5,0,1789360432.1371937,real,recon_multi_07,,generator_ground_truth,docker_multihost,3,1,12,1.585,38,0.7855,0.1672
recon_multi_07__benign_5,0,1789360432.2871938,real,recon_multi_07,,generator_ground_truth,docker_multihost,3,1,12,1.585,38,0.7855,0.1672
recon_multi_07__benign_5,0,1789360432.4371939,real,recon_multi_07,,generator_ground_truth,docker_multihost,3,1,13,1.5766,38,0.7728,0.1655
recon_multi_07__benign_5,0,1789360432.587194,real,recon_multi_07,,generator_ground_truth,docker_multihost,3,1,13,1.5766,38,0.7728,0.1655
recon_multi_07__benign_5,0,1789360432.737194,real,recon_multi_07,,generator_ground_truth,docker_multihost,3,1,13,1.5766,38,0.7728,0.1655
recon_multi_07__benign_5,0,1789360432.8871942,real,recon_multi_07,,generator_ground_truth,docker_multihost,3,1,13,1.5766,38,0.7728,0.1655
recon_multi_07__benign_5,0,1789360433.0371943,real,recon_multi_07,,generator_ground_truth,docker_multihost,3,1,13,1.5766,38,0.7728,0.1655
recon_multi_07__benign_5,0,1789360433.1871943,real,recon_multi_07,,generator_ground_truth,docker_multihost,3,1,13,1.5766,38,0.7728,0.1655
recon_multi_07__benign_5,0,1789360433.3371944,real,recon_multi_07,,generator_ground_truth,docker_multihost,3,1,14,1.5774,38,0.782,0.1622
recon_multi_07__benign_5,0,1789360433.4871945,real,recon_multi_07,,generator_ground_truth,docker_multihost,3,1,14,1.5774,38,0.782,0.1622
recon_multi_07__benign_5,0,1789360433.6371946,real,recon_multi_07,,generator_ground_truth,docker_multihost,3,1,14,1.5774,38,0.782,0.1622
recon_multi_07__benign_5,0,1789360433.7871947,real,recon_multi_07,,generator_ground_truth,docker_multihost,3,1,14,1.5774,38,0.782,0.1622
recon_multi_07__benign_5,0,1789360433.9371948,real,recon_multi_07,,generator_ground_truth,docker_multihost,3,1,14,1.5774,38,0.782,0.1622
recon_multi_07__benign_5,0,1789360434.087195,real,recon_multi_07,,generator_ground_truth,docker_multihost,3,1,15,1.585,38,0.7781,0.1569
recon_multi_07__benign_5,0,1789360434.237195,real,recon_multi_07,,generator_ground_truth,docker_multihost,3,1,15,1.585,38,0.7781,0.1569
recon_multi_07__benign_5,0,1789360434.387195,real,recon_multi_07,,generator_ground_truth,docker_multihost,3,1,15,1.585,38,0.7781,0.1569
recon_multi_07__benign_5,0,1789360434.5371952,real,recon_multi_07,,generator_ground_truth,docker_multihost,3,1,15,1.585,38,0.7781,0.1569
recon_multi_07__benign_5,0,1789360434.6871953,real,recon_multi_07,,generator_ground_truth,docker_multihost,3,1,15,1.585,38,0.7781,0.1569
recon_multi_07__benign_5,0,1789360434.8371954,real,recon_multi_07,,generator_ground_truth,docker_multihost,3,1,16,1.5794,38,0.7737,0.1525
recon_multi_07__benign_5,0,1789360434.9871955,real,recon_multi_07,,generator_ground_truth,docker_multihost,3,1,16,1.5794,38,0.7737,0.1525
recon_multi_07__benign_5,0,1789360435.1371956,real,recon_multi_07,,generator_ground_truth,docker_multihost,3,1,16,1.5794,38,0.7737,0.1525
recon_multi_07__benign_5,0,1789360435.2871957,real,recon_multi_07,,generator_ground_truth,docker_multihost,3,1,16,1.5794,38,0.7737,0.1525
recon_multi_07__benign_5,0,1789360435.4371958,real,recon_multi_07,,generator_ground_truth,docker_multihost,3,1,16,1.5794,38,0.7737,0.1525
recon_multi_07__benign_5,0,1789360435.5871959,real,recon_multi_07,,generator_ground_truth,docker_multihost,3,1,16,1.5794,38,0.7737,0.1525
recon_multi_07__benign_5,0,1789360435.737196,real,recon_multi_07,,generator_ground_truth,docker_multihost,3,1,17,1.5799,38,0.7866,0.1558
recon_multi_07__benign_5,0,1789360435.887196,real,recon_multi_07,,generator_ground_truth,docker_multihost,3,1,17,1.5799,38,0.7866,0.1558
recon_multi_07__benign_5,0,1789360436.0371962,real,recon_multi_07,,generator_ground_truth,docker_multihost,3,1,17,1.5799,38,0.7866,0.1558
recon_multi_07__benign_5,0,1789360436.1871963,real,recon_multi_07,,generator_ground_truth,docker_multihost,3,1,17,1.5799,38,0.7866,0.1558
recon_multi_07__benign_5,0,1789360436.3371964,real,recon_multi_07,,generator_ground_truth,docker_multihost,3,1,17,1.5799,38,0.7866,0.1558
recon_multi_07__benign_5,0,1789360436.4871964,real,recon_multi_07,,generator_ground_truth,docker_multihost,3,1,17,1.5799,38,0.7866,0.1558
recon_multi_07__benign_5,0,1789360436.6371965,real,recon_multi_07,,generator_ground_truth,docker_multihost,3,1,17,1.5799,38,0.7866,0.1558
recon_multi_07__benign_5,0,1789360436.7871966,real,recon_multi_07,,generator_ground_truth,docker_multihost,3,1,18,1.585,38,0.799,0.1591
recon_multi_07__benign_5,0,1789360436.9371967,real,recon_multi_07,,generator_ground_truth,docker_multihost,3,1,18,1.585,38,0.799,0.1591
recon_multi_07__benign_5,0,1789360437.0871968,real,recon_multi_07,,generator_ground_truth,docker_multihost,3,1,18,1.585,38,0.799,0.1591
recon_multi_07__benign_5,0,1789360437.237197,real,recon_multi_07,,generator_ground_truth,docker_multihost,3,1,18,1.585,38,0.799,0.1591
recon_multi_07__recon_5,1,1789360439.508508,real,recon_multi_07,port_scan,generator_ground_truth,docker_multihost,7,1,7,2.8074,41,0.0213,0.0
recon_multi_07__recon_5,1,1789360439.658508,real,recon_multi_07,port_scan,generator_ground_truth,docker_multihost,8,1,8,3.0,41,0.0213,0.0001
recon_multi_07__recon_5,1,1789360439.8085082,real,recon_multi_07,port_scan,generator_ground_truth,docker_multihost,8,1,8,3.0,41,0.0213,0.0001
recon_multi_07__recon_5,1,1789360439.9585083,real,recon_multi_07,port_scan,generator_ground_truth,docker_multihost,8,1,8,3.0,41,0.0213,0.0001
recon_multi_07__recon_5,1,1789360440.1085083,real,recon_multi_07,port_scan,generator_ground_truth,docker_multihost,8,1,8,3.0,41,0.0213,0.0001
recon_multi_07__recon_5,1,1789360440.2585084,real,recon_multi_07,port_scan,generator_ground_truth,docker_multihost,8,1,8,3.0,41,0.0213,0.0001
recon_multi_07__recon_5,1,1789360440.4085085,real,recon_multi_07,port_scan,generator_ground_truth,docker_multihost,8,1,8,3.0,41,0.0213,0.0001
recon_multi_07__recon_5,1,1789360440.5585086,real,recon_multi_07,port_scan,generator_ground_truth,docker_multihost,8,1,8,3.0,41,0.0213,0.0001
recon_multi_07__recon_5,1,1789360440.7085087,real,recon_multi_07,port_scan,generator_ground_truth,docker_multihost,8,1,8,3.0,41,0.0213,0.0001
recon_multi_07__recon_5,1,1789360440.8585088,real,recon_multi_07,port_scan,generator_ground_truth,docker_multihost,8,1,8,3.0,41,0.0213,0.0001
recon_multi_07__recon_5,1,1789360441.008509,real,recon_multi_07,port_scan,generator_ground_truth,docker_multihost,8,1,8,3.0,41,0.0213,0.0001
recon_multi_07__recon_5,1,1789360441.158509,real,recon_multi_07,port_scan,generator_ground_truth,docker_multihost,8,1,8,3.0,41,0.0213,0.0001
recon_multi_07__recon_5,1,1789360441.308509,real,recon_multi_07,port_scan,generator_ground_truth,docker_multihost,8,1,8,3.0,41,0.0213,0.0001
recon_multi_07__recon_5,1,1789360441.4585092,real,recon_multi_07,port_scan,generator_ground_truth,docker_multihost,8,1,8,3.0,41,0.0213,0.0001
recon_multi_07__recon_5,1,1789360441.6085093,real,recon_multi_07,port_scan,generator_ground_truth,docker_multihost,8,1,8,3.0,41,0.0213,0.0001
recon_multi_07__recon_5,1,1789360441.7585094,real,recon_multi_07,port_scan,generator_ground_truth,docker_multihost,8,1,8,3.0,41,0.0213,0.0001
recon_multi_07__recon_5,1,1789360441.9085095,real,recon_multi_07,port_scan,generator_ground_truth,docker_multihost,8,1,8,3.0,41,0.0213,0.0001
recon_multi_07__recon_5,1,1789360442.0585096,real,recon_multi_07,port_scan,generator_ground_truth,docker_multihost,8,1,8,3.0,41,0.0213,0.0001
recon_multi_07__recon_5,1,1789360442.2085097,real,recon_multi_07,port_scan,generator_ground_truth,docker_multihost,8,1,8,3.0,41,0.0213,0.0001
recon_multi_07__recon_5,1,1789360442.3585098,real,recon_multi_07,port_scan,generator_ground_truth,docker_multihost,8,1,8,3.0,41,0.0213,0.0001
recon_multi_07__recon_5,1,1789360442.5085099,real,recon_multi_07,port_scan,generator_ground_truth,docker_multihost,8,1,8,3.0,41,0.0213,0.0001
recon_multi_07__recon_5,1,1789360442.65851,real,recon_multi_07,port_scan,generator_ground_truth,docker_multihost,8,1,8,3.0,41,0.0213,0.0001
recon_multi_07__recon_5,1,1789360442.80851,real,recon_multi_07,port_scan,generator_ground_truth,docker_multihost,8,1,8,3.0,41,0.0213,0.0001
recon_multi_07__recon_5,1,1789360442.9585102,real,recon_multi_07,port_scan,generator_ground_truth,docker_multihost,8,1,8,3.0,41,0.0213,0.0001
recon_multi_07__recon_5,1,1789360443.1085103,real,recon_multi_07,port_scan,generator_ground_truth,docker_multihost,8,1,8,3.0,41,0.0213,0.0001
recon_multi_07__recon_5,1,1789360443.2585104,real,recon_multi_07,port_scan,generator_ground_truth,docker_multihost,8,1,8,3.0,41,0.0213,0.0001
recon_multi_07__recon_5,1,1789360443.4085104,real,recon_multi_07,port_scan,generator_ground_truth,docker_multihost,8,1,8,3.0,41,0.0213,0.0001
recon_multi_07__recon_5,1,1789360443.5585105,real,recon_multi_07,port_scan,generator_ground_truth,docker_multihost,8,1,8,3.0,41,0.0213,0.0001
recon_multi_07__recon_5,1,1789360443.7085106,real,recon_multi_07,port_scan,generator_ground_truth,docker_multihost,10,1,10,3.3219,50,0.48,1.2974
recon_multi_07__recon_5,1,1789360443.8585107,real,recon_multi_07,port_scan,generator_ground_truth,docker_multihost,17,1,17,4.0875,96,0.2793,0.9993
recon_multi_07__recon_5,1,1789360444.0085108,real,recon_multi_07,port_scan,generator_ground_truth,docker_multihost,24,1,24,4.585,96,0.2008,0.8419
recon_multi_07__recon_5,1,1789360444.158511,real,recon_multi_07,port_scan,generator_ground_truth,docker_multihost,32,1,32,5.0,98,0.1545,0.7294
recon_multi_07__recon_5,1,1789360444.308511,real,recon_multi_07,port_scan,generator_ground_truth,docker_multihost,39,1,39,5.2854,98,0.1299,0.6608
recon_multi_07__recon_5,1,1789360444.458511,real,recon_multi_07,port_scan,generator_ground_truth,docker_multihost,46,1,46,5.5236,98,0.113,0.6085
recon_multi_07__recon_5,1,1789360444.6085112,real,recon_multi_07,port_scan,generator_ground_truth,docker_multihost,53,1,53,5.7279,98,0.1007,0.567
recon_multi_07__recon_5,1,1789360444.7585113,real,recon_multi_07,port_scan,generator_ground_truth,docker_multihost,60,1,60,5.9069,98,0.0913,0.5329
recon_multi_07__recon_5,1,1789360444.9085114,real,recon_multi_07,port_scan,generator_ground_truth,docker_multihost,61,1,61,5.9307,98,0.0901,0.5285
recon_multi_07__recon_5,1,1789360445.0585115,real,recon_multi_07,port_scan,generator_ground_truth,docker_multihost,61,1,61,5.9307,98,0.0901,0.5285
recon_multi_07__recon_5,1,1789360445.2085116,real,recon_multi_07,port_scan,generator_ground_truth,docker_multihost,61,1,61,5.9307,98,0.0901,0.5285
recon_multi_07__recon_5,1,1789360445.3585117,real,recon_multi_07,port_scan,generator_ground_truth,docker_multihost,61,1,61,5.9307,98,0.0901,0.5285
recon_multi_07__recon_5,1,1789360445.5085118,real,recon_multi_07,port_scan,generator_ground_truth,docker_multihost,61,1,61,5.9307,98,0.0901,0.5285
recon_multi_07__recon_5,1,1789360445.6585119,real,recon_multi_07,port_scan,generator_ground_truth,docker_multihost,61,1,61,5.9307,98,0.0901,0.5285
recon_multi_07__recon_5,1,1789360445.808512,real,recon_multi_07,port_scan,generator_ground_truth,docker_multihost,61,1,61,5.9307,98,0.0901,0.5285
recon_multi_07__recon_5,1,1789360445.958512,real,recon_multi_07,port_scan,generator_ground_truth,docker_multihost,61,1,61,5.9307,98,0.0901,0.5285
recon_multi_07__recon_5,1,1789360446.1085122,real,recon_multi_07,port_scan,generator_ground_truth,docker_multihost,61,1,61,5.9307,98,0.0901,0.5285
recon_multi_07__recon_5,1,1789360446.2585123,real,recon_multi_07,port_scan,generator_ground_truth,docker_multihost,61,1,61,5.9307,98,0.0901,0.5285
recon_multi_07__recon_5,1,1789360446.4085124,real,recon_multi_07,port_scan,generator_ground_truth,docker_multihost,61,1,61,5.9307,98,0.0901,0.5285
recon_multi_07__recon_5,1,1789360446.5585124,real,recon_multi_07,port_scan,generator_ground_truth,docker_multihost,61,1,61,5.9307,98,0.0901,0.5285
recon_multi_07__recon_5,1,1789360446.7085125,real,recon_multi_07,port_scan,generator_ground_truth,docker_multihost,61,1,61,5.9307,98,0.0901,0.5285
recon_multi_07__recon_5,1,1789360446.8585126,real,recon_multi_07,port_scan,generator_ground_truth,docker_multihost,61,1,61,5.9307,98,0.0901,0.5285
recon_multi_07__recon_5,1,1789360447.0085127,real,recon_multi_07,port_scan,generator_ground_truth,docker_multihost,61,1,61,5.9307,98,0.0901,0.5285
recon_multi_07__recon_5,1,1789360447.1585128,real,recon_multi_07,port_scan,generator_ground_truth,docker_multihost,61,1,61,5.9307,98,0.0901,0.5285
recon_multi_07__recon_5,1,1789360447.308513,real,recon_multi_07,port_scan,generator_ground_truth,docker_multihost,61,1,61,5.9307,98,0.0901,0.5285
recon_multi_07__recon_5,1,1789360447.458513,real,recon_multi_07,port_scan,generator_ground_truth,docker_multihost,61,1,61,5.9307,98,0.0901,0.5285
recon_multi_07__recon_5,1,1789360447.608513,real,recon_multi_07,port_scan,generator_ground_truth,docker_multihost,61,1,61,5.9307,98,0.0901,0.5285
recon_multi_07__recon_5,1,1789360447.7585132,real,recon_multi_07,port_scan,generator_ground_truth,docker_multihost,61,1,61,5.9307,98,0.0901,0.5285
recon_multi_07__recon_5,1,1789360447.9085133,real,recon_multi_07,port_scan,generator_ground_truth,docker_multihost,61,1,61,5.9307,98,0.0901,0.5285
recon_multi_07__recon_5,1,1789360448.0585134,real,recon_multi_07,port_scan,generator_ground_truth,docker_multihost,61,1,61,5.9307,98,0.0901,0.5285
recon_multi_07__recon_5,1,1789360448.2085135,real,recon_multi_07,port_scan,generator_ground_truth,docker_multihost,65,1,65,6.0224,150,0.1379,0.6531
recon_multi_07__recon_5,1,1789360448.3585136,real,recon_multi_07,port_scan,generator_ground_truth,docker_multihost,72,1,72,6.1699,150,0.1264,0.621
recon_multi_07__recon_5,1,1789360448.5085137,real,recon_multi_07,port_scan,generator_ground_truth,docker_multihost,79,1,79,6.3038,150,0.117,0.5933
recon_multi_07__recon_5,1,1789360448.6585138,real,recon_multi_07,port_scan,generator_ground_truth,docker_multihost,86,1,86,6.4263,150,0.1091,0.5689
recon_multi_07__recon_5,1,1789360448.8085139,real,recon_multi_07,port_scan,generator_ground_truth,docker_multihost,93,1,93,6.5392,150,0.1024,0.5473
recon_multi_07__recon_5,1,1789360448.958514,real,recon_multi_07,port_scan,generator_ground_truth,docker_multihost,100,1,100,6.6439,150,0.0967,0.528
recon_multi_07__recon_5,1,1789360449.108514,real,recon_multi_07,port_scan,generator_ground_truth,docker_multihost,106,1,107,6.7228,150,0.0917,0.5106
recon_multi_07__recon_5,1,1789360449.2585142,real,recon_multi_07,port_scan,generator_ground_truth,docker_multihost,113,1,114,6.8153,150,0.0873,0.4949
recon_multi_07__recon_5,1,1789360449.4085143,real,recon_multi_07,port_scan,generator_ground_truth,docker_multihost,113,1,114,6.8153,150,0.0873,0.4949
recon_multi_07__recon_5,1,1789360449.5585144,real,recon_multi_07,port_scan,generator_ground_truth,docker_multihost,113,1,114,6.8153,150,0.0873,0.4949
recon_multi_07__recon_5,1,1789360449.7085145,real,recon_multi_07,port_scan,generator_ground_truth,docker_multihost,113,1,114,6.8153,150,0.0873,0.4949
recon_multi_07__recon_5,1,1789360449.8585145,real,recon_multi_07,port_scan,generator_ground_truth,docker_multihost,113,1,114,6.8153,150,0.0873,0.4949
recon_multi_07__recon_5,1,1789360450.0085146,real,recon_multi_07,port_scan,generator_ground_truth,docker_multihost,113,1,114,6.8153,150,0.0873,0.4949
recon_multi_07__recon_5,1,1789360450.1585147,real,recon_multi_07,port_scan,generator_ground_truth,docker_multihost,113,1,114,6.8153,150,0.0873,0.4949
recon_multi_07__recon_5,1,1789360450.3085148,real,recon_multi_07,port_scan,generator_ground_truth,docker_multihost,113,1,114,6.8153,150,0.0873,0.4949
recon_multi_07__recon_5,1,1789360450.458515,real,recon_multi_07,port_scan,generator_ground_truth,docker_multihost,113,1,114,6.8153,150,0.0873,0.4949
recon_multi_07__recon_5,1,1789360450.608515,real,recon_multi_07,port_scan,generator_ground_truth,docker_multihost,113,1,114,6.8153,150,0.0873,0.4949
recon_multi_07__recon_5,1,1789360450.7585151,real,recon_multi_07,port_scan,generator_ground_truth,docker_multihost,113,1,114,6.8153,150,0.0873,0.4949
recon_multi_07__recon_5,1,1789360450.9085152,real,recon_multi_07,port_scan,generator_ground_truth,docker_multihost,113,1,114,6.8153,150,0.0873,0.4949
recon_multi_07__recon_5,1,1789360451.0585153,real,recon_multi_07,port_scan,generator_ground_truth,docker_multihost,113,1,114,6.8153,150,0.0873,0.4949
recon_multi_07__recon_5,1,1789360451.2085154,real,recon_multi_07,port_scan,generator_ground_truth,docker_multihost,113,1,114,6.8153,150,0.0873,0.4949
recon_multi_07__recon_5,1,1789360451.3585155,real,recon_multi_07,port_scan,generator_ground_truth,docker_multihost,113,1,114,6.8153,150,0.0873,0.4949
recon_multi_07__recon_5,1,1789360451.5085156,real,recon_multi_07,port_scan,generator_ground_truth,docker_multihost,113,1,114,6.8153,150,0.0873,0.4949
recon_multi_07__recon_5,1,1789360451.6585157,real,recon_multi_07,port_scan,generator_ground_truth,docker_multihost,113,1,114,6.8153,150,0.0873,0.4949
recon_multi_07__recon_5,1,1789360451.8085158,real,recon_multi_07,port_scan,generator_ground_truth,docker_multihost,113,1,114,6.8153,150,0.0873,0.4949
recon_multi_07__recon_5,1,1789360451.958516,real,recon_multi_07,port_scan,generator_ground_truth,docker_multihost,113,1,114,6.8153,150,0.0873,0.4949
recon_multi_07__recon_5,1,1789360452.108516,real,recon_multi_07,port_scan,generator_ground_truth,docker_multihost,113,1,114,6.8153,150,0.0873,0.4949
recon_multi_07__recon_5,1,1789360452.258516,real,recon_multi_07,port_scan,generator_ground_truth,docker_multihost,113,1,114,6.8153,150,0.0873,0.4949
recon_multi_07__recon_5,1,1789360452.4085162,real,recon_multi_07,port_scan,generator_ground_truth,docker_multihost,113,1,114,6.8153,150,0.0873,0.4949
recon_multi_07__recon_5,1,1789360452.5585163,real,recon_multi_07,port_scan,generator_ground_truth,docker_multihost,113,1,114,6.8153,150,0.0873,0.4949
recon_multi_07__recon_5,1,1789360452.7085164,real,recon_multi_07,port_scan,generator_ground_truth,docker_multihost,113,1,114,6.8153,150,0.0873,0.4949
recon_multi_07__recon_5,1,1789360452.8585165,real,recon_multi_07,port_scan,generator_ground_truth,docker_multihost,113,1,114,6.8153,150,0.0873,0.4949
recon_multi_07__recon_5,1,1789360453.0085166,real,recon_multi_07,port_scan,generator_ground_truth,docker_multihost,113,1,114,6.8153,150,0.0873,0.4949
recon_multi_07__recon_5,1,1789360453.1585166,real,recon_multi_07,port_scan,generator_ground_truth,docker_multihost,113,1,114,6.8153,150,0.0873,0.4949
recon_multi_07__recon_5,1,1789360453.3085167,real,recon_multi_07,port_scan,generator_ground_truth,docker_multihost,113,1,114,6.8153,150,0.0873,0.4949
recon_multi_07__recon_5,1,1789360453.4585168,real,recon_multi_07,port_scan,generator_ground_truth,docker_multihost,113,1,114,6.8153,150,0.0873,0.4949
recon_multi_07__recon_5,1,1789360453.608517,real,recon_multi_07,port_scan,generator_ground_truth,docker_multihost,113,1,114,6.8153,150,0.0873,0.4949
recon_multi_07__recon_5,1,1789360453.758517,real,recon_multi_07,port_scan,generator_ground_truth,docker_multihost,113,1,114,6.8153,150,0.0873,0.4949
recon_multi_07__recon_5,1,1789360453.9085171,real,recon_multi_07,port_scan,generator_ground_truth,docker_multihost,113,1,114,6.8153,150,0.0873,0.4949
recon_multi_07__recon_5,1,1789360454.0585172,real,recon_multi_07,port_scan,generator_ground_truth,docker_multihost,113,1,114,6.8153,150,0.0873,0.4949
recon_multi_07__recon_5,1,1789360454.2085173,real,recon_multi_07,port_scan,generator_ground_truth,docker_multihost,113,1,114,6.8153,150,0.0873,0.4949
recon_multi_07__recon_5,1,1789360454.3585174,real,recon_multi_07,port_scan,generator_ground_truth,docker_multihost,113,1,114,6.8153,150,0.0873,0.4949
recon_multi_07__recon_5,1,1789360454.5085175,real,recon_multi_07,port_scan,generator_ground_truth,docker_multihost,113,1,114,6.8153,150,0.0873,0.4949
recon_multi_07__recon_5,1,1789360454.6585176,real,recon_multi_07,port_scan,generator_ground_truth,docker_multihost,113,1,114,6.8153,150,0.0873,0.4949
recon_multi_07__recon_5,1,1789360454.8085177,real,recon_multi_07,port_scan,generator_ground_truth,docker_multihost,113,1,114,6.8153,150,0.0873,0.4949
recon_multi_07__recon_5,1,1789360454.9585178,real,recon_multi_07,port_scan,generator_ground_truth,docker_multihost,113,1,114,6.8153,150,0.0873,0.4949
recon_multi_07__recon_5,1,1789360455.108518,real,recon_multi_07,port_scan,generator_ground_truth,docker_multihost,113,1,114,6.8153,150,0.0873,0.4949
recon_multi_07__recon_5,1,1789360455.258518,real,recon_multi_07,port_scan,generator_ground_truth,docker_multihost,113,1,114,6.8153,150,0.0873,0.4949
recon_multi_07__recon_5,1,1789360455.408518,real,recon_multi_07,port_scan,generator_ground_truth,docker_multihost,113,1,114,6.8153,150,0.0873,0.4949
recon_multi_07__recon_5,1,1789360455.5585182,real,recon_multi_07,port_scan,generator_ground_truth,docker_multihost,113,1,114,6.8153,150,0.0873,0.4949
recon_multi_07__recon_5,1,1789360455.7085183,real,recon_multi_07,port_scan,generator_ground_truth,docker_multihost,113,1,114,6.8153,150,0.0873,0.4949
recon_multi_07__recon_5,1,1789360455.8585184,real,recon_multi_07,port_scan,generator_ground_truth,docker_multihost,113,1,114,6.8153,150,0.0873,0.4949
recon_multi_07__recon_5,1,1789360456.0085185,real,recon_multi_07,port_scan,generator_ground_truth,docker_multihost,114,1,115,6.8281,159,0.1458,0.7935
recon_multi_07__benign_6,0,1789360458.8594573,real,recon_multi_07,,generator_ground_truth,docker_multihost,1,1,1,-0.0,0,0.0,0.0
recon_multi_07__benign_6,0,1789360459.0094573,real,recon_multi_07,,generator_ground_truth,docker_multihost,1,1,1,-0.0,0,0.0,0.0
recon_multi_07__benign_6,0,1789360459.1594574,real,recon_multi_07,,generator_ground_truth,docker_multihost,1,1,1,-0.0,0,0.0,0.0
recon_multi_07__benign_6,0,1789360459.3094575,real,recon_multi_07,,generator_ground_truth,docker_multihost,1,1,1,-0.0,0,0.0,0.0
recon_multi_07__benign_6,0,1789360459.4594576,real,recon_multi_07,,generator_ground_truth,docker_multihost,1,1,1,-0.0,0,0.0,0.0
recon_multi_07__benign_6,0,1789360459.6094577,real,recon_multi_07,,generator_ground_truth,docker_multihost,2,1,2,1.0,34,0.7661,0.0
recon_multi_07__benign_6,0,1789360459.7594578,real,recon_multi_07,,generator_ground_truth,docker_multihost,2,1,2,1.0,34,0.7661,0.0
recon_multi_07__benign_6,0,1789360459.909458,real,recon_multi_07,,generator_ground_truth,docker_multihost,2,1,2,1.0,34,0.7661,0.0
recon_multi_07__benign_6,0,1789360460.059458,real,recon_multi_07,,generator_ground_truth,docker_multihost,2,1,2,1.0,34,0.7661,0.0
recon_multi_07__benign_6,0,1789360460.209458,real,recon_multi_07,,generator_ground_truth,docker_multihost,2,1,3,0.9183,34,0.6476,0.1185
recon_multi_07__benign_6,0,1789360460.3594582,real,recon_multi_07,,generator_ground_truth,docker_multihost,2,1,3,0.9183,34,0.6476,0.1185
recon_multi_07__benign_6,0,1789360460.5094583,real,recon_multi_07,,generator_ground_truth,docker_multihost,2,1,3,0.9183,34,0.6476,0.1185
recon_multi_07__benign_6,0,1789360460.6594584,real,recon_multi_07,,generator_ground_truth,docker_multihost,2,1,3,0.9183,34,0.6476,0.1185
recon_multi_07__benign_6,0,1789360460.8094585,real,recon_multi_07,,generator_ground_truth,docker_multihost,2,1,3,0.9183,34,0.6476,0.1185
recon_multi_07__benign_6,0,1789360460.9594586,real,recon_multi_07,,generator_ground_truth,docker_multihost,2,1,4,1.0,34,0.6833,0.1091
recon_multi_07__benign_6,0,1789360461.1094587,real,recon_multi_07,,generator_ground_truth,docker_multihost,2,1,4,1.0,34,0.6833,0.1091
recon_multi_07__benign_6,0,1789360461.2594588,real,recon_multi_07,,generator_ground_truth,docker_multihost,2,1,4,1.0,34,0.6833,0.1091
recon_multi_07__benign_6,0,1789360461.4094589,real,recon_multi_07,,generator_ground_truth,docker_multihost,2,1,4,1.0,34,0.6833,0.1091
recon_multi_07__benign_6,0,1789360461.559459,real,recon_multi_07,,generator_ground_truth,docker_multihost,2,1,4,1.0,34,0.6833,0.1091
recon_multi_07__benign_6,0,1789360461.709459,real,recon_multi_07,,generator_ground_truth,docker_multihost,2,1,4,1.0,34,0.6833,0.1091
recon_multi_07__benign_6,0,1789360461.8594592,real,recon_multi_07,,generator_ground_truth,docker_multihost,2,1,5,0.971,34,0.744,0.1414
recon_multi_07__benign_6,0,1789360462.0094593,real,recon_multi_07,,generator_ground_truth,docker_multihost,2,1,5,0.971,34,0.744,0.1414
recon_multi_07__benign_6,0,1789360462.1594594,real,recon_multi_07,,generator_ground_truth,docker_multihost,2,1,5,0.971,34,0.744,0.1414
recon_multi_07__benign_6,0,1789360462.3094594,real,recon_multi_07,,generator_ground_truth,docker_multihost,2,1,5,0.971,34,0.744,0.1414
recon_multi_07__benign_6,0,1789360462.4594595,real,recon_multi_07,,generator_ground_truth,docker_multihost,2,1,6,1.0,34,0.7021,0.1517
recon_multi_07__benign_6,0,1789360462.6094596,real,recon_multi_07,,generator_ground_truth,docker_multihost,2,1,6,1.0,34,0.7021,0.1517
recon_multi_07__benign_6,0,1789360462.7594597,real,recon_multi_07,,generator_ground_truth,docker_multihost,2,1,6,1.0,34,0.7021,0.1517
recon_multi_07__benign_6,0,1789360462.9094598,real,recon_multi_07,,generator_ground_truth,docker_multihost,2,1,7,0.9852,34,0.6742,0.1519
recon_multi_07__benign_6,0,1789360463.05946,real,recon_multi_07,,generator_ground_truth,docker_multihost,2,1,7,0.9852,34,0.6742,0.1519
recon_multi_07__benign_6,0,1789360463.20946,real,recon_multi_07,,generator_ground_truth,docker_multihost,2,1,7,0.9852,34,0.6742,0.1519
recon_multi_07__benign_6,0,1789360463.35946,real,recon_multi_07,,generator_ground_truth,docker_multihost,2,1,7,0.9852,34,0.6742,0.1519
recon_multi_07__benign_6,0,1789360463.5094602,real,recon_multi_07,,generator_ground_truth,docker_multihost,2,1,7,0.9852,34,0.6742,0.1519
recon_multi_07__benign_6,0,1789360463.6594603,real,recon_multi_07,,generator_ground_truth,docker_multihost,2,1,7,0.9852,34,0.6742,0.1519
recon_multi_07__benign_6,0,1789360463.8094604,real,recon_multi_07,,generator_ground_truth,docker_multihost,2,1,8,1.0,34,0.7109,0.167
recon_multi_07__benign_6,0,1789360463.9594605,real,recon_multi_07,,generator_ground_truth,docker_multihost,2,1,8,1.0,34,0.7109,0.167
recon_multi_07__benign_6,0,1789360464.1094606,real,recon_multi_07,,generator_ground_truth,docker_multihost,2,1,8,1.0,34,0.7109,0.167
recon_multi_07__benign_6,0,1789360464.2594607,real,recon_multi_07,,generator_ground_truth,docker_multihost,2,1,8,1.0,34,0.7109,0.167
recon_multi_07__benign_6,0,1789360464.4094608,real,recon_multi_07,,generator_ground_truth,docker_multihost,2,1,8,1.0,34,0.7109,0.167
recon_multi_07__benign_6,0,1789360464.5594609,real,recon_multi_07,,generator_ground_truth,docker_multihost,2,1,9,0.9911,34,0.7099,0.1562
recon_multi_07__benign_6,0,1789360464.709461,real,recon_multi_07,,generator_ground_truth,docker_multihost,2,1,9,0.9911,34,0.7099,0.1562
recon_multi_07__benign_6,0,1789360464.859461,real,recon_multi_07,,generator_ground_truth,docker_multihost,2,1,9,0.9911,34,0.7099,0.1562
recon_multi_07__benign_6,0,1789360465.0094612,real,recon_multi_07,,generator_ground_truth,docker_multihost,2,1,9,0.9911,34,0.7099,0.1562
recon_multi_07__benign_6,0,1789360465.1594613,real,recon_multi_07,,generator_ground_truth,docker_multihost,2,1,9,0.9911,34,0.7099,0.1562
recon_multi_07__benign_6,0,1789360465.3094614,real,recon_multi_07,,generator_ground_truth,docker_multihost,2,1,9,0.9911,34,0.7099,0.1562
recon_multi_07__benign_6,0,1789360465.4594615,real,recon_multi_07,,generator_ground_truth,docker_multihost,2,1,10,1.0,34,0.7389,0.1686
recon_multi_07__benign_6,0,1789360465.6094615,real,recon_multi_07,,generator_ground_truth,docker_multihost,2,1,10,1.0,34,0.7389,0.1686
recon_multi_07__benign_6,0,1789360465.7594616,real,recon_multi_07,,generator_ground_truth,docker_multihost,2,1,10,1.0,34,0.7389,0.1686
recon_multi_07__benign_6,0,1789360465.9094617,real,recon_multi_07,,generator_ground_truth,docker_multihost,2,1,10,1.0,34,0.7389,0.1686
recon_multi_07__benign_6,0,1789360466.0594618,real,recon_multi_07,,generator_ground_truth,docker_multihost,2,1,10,1.0,34,0.7389,0.1686
recon_multi_07__benign_6,0,1789360466.209462,real,recon_multi_07,,generator_ground_truth,docker_multihost,2,1,10,1.0,34,0.7389,0.1686
recon_multi_07__benign_6,0,1789360466.359462,real,recon_multi_07,,generator_ground_truth,docker_multihost,2,1,11,0.994,34,0.7436,0.1606
recon_multi_07__benign_6,0,1789360466.509462,real,recon_multi_07,,generator_ground_truth,docker_multihost,2,1,11,0.994,34,0.7436,0.1606
recon_multi_07__benign_6,0,1789360466.6594622,real,recon_multi_07,,generator_ground_truth,docker_multihost,2,1,11,0.994,34,0.7436,0.1606
recon_multi_07__benign_6,0,1789360466.8094623,real,recon_multi_07,,generator_ground_truth,docker_multihost,2,1,11,0.994,34,0.7436,0.1606
recon_multi_07__benign_6,0,1789360466.9594624,real,recon_multi_07,,generator_ground_truth,docker_multihost,2,1,11,0.994,34,0.7436,0.1606
recon_multi_07__benign_6,0,1789360467.1094625,real,recon_multi_07,,generator_ground_truth,docker_multihost,2,1,12,1.0,34,0.7478,0.1537
recon_multi_07__benign_6,0,1789360467.2594626,real,recon_multi_07,,generator_ground_truth,docker_multihost,2,1,12,1.0,34,0.7478,0.1537
recon_multi_07__benign_6,0,1789360467.4094627,real,recon_multi_07,,generator_ground_truth,docker_multihost,2,1,12,1.0,34,0.7478,0.1537
recon_multi_07__benign_6,0,1789360467.5594628,real,recon_multi_07,,generator_ground_truth,docker_multihost,2,1,13,0.9957,34,0.7289,0.16
recon_multi_07__benign_6,0,1789360467.709463,real,recon_multi_07,,generator_ground_truth,docker_multihost,2,1,13,0.9957,34,0.7289,0.16
recon_multi_07__benign_6,0,1789360467.859463,real,recon_multi_07,,generator_ground_truth,docker_multihost,2,1,13,0.9957,34,0.7289,0.16
recon_multi_07__benign_6,0,1789360468.009463,real,recon_multi_07,,generator_ground_truth,docker_multihost,2,1,13,0.9957,34,0.7289,0.16
recon_multi_07__benign_6,0,1789360468.1594632,real,recon_multi_07,,generator_ground_truth,docker_multihost,2,1,14,1.0,34,0.7145,0.1616
recon_multi_07__benign_6,0,1789360468.3094633,real,recon_multi_07,,generator_ground_truth,docker_multihost,2,1,14,1.0,34,0.7145,0.1616
recon_multi_07__benign_6,0,1789360468.4594634,real,recon_multi_07,,generator_ground_truth,docker_multihost,2,1,14,1.0,34,0.7145,0.1616
recon_multi_07__benign_6,0,1789360468.6094635,real,recon_multi_07,,generator_ground_truth,docker_multihost,2,1,14,1.0,34,0.7145,0.1616
recon_multi_07__benign_6,0,1789360468.7594635,real,recon_multi_07,,generator_ground_truth,docker_multihost,2,1,14,1.0,34,0.7145,0.1616
recon_multi_07__benign_6,0,1789360468.9094636,real,recon_multi_07,,generator_ground_truth,docker_multihost,2,1,14,1.0,34,0.7145,0.1616
recon_multi_07__benign_6,0,1789360469.0594637,real,recon_multi_07,,generator_ground_truth,docker_multihost,2,1,15,0.9968,34,0.7226,0.1585
recon_multi_07__benign_6,0,1789360469.2094638,real,recon_multi_07,,generator_ground_truth,docker_multihost,2,1,15,0.9968,34,0.7226,0.1585
recon_multi_07__benign_6,0,1789360469.359464,real,recon_multi_07,,generator_ground_truth,docker_multihost,2,1,15,0.9968,34,0.7226,0.1585
recon_multi_07__benign_6,0,1789360469.509464,real,recon_multi_07,,generator_ground_truth,docker_multihost,2,1,15,0.9968,34,0.7226,0.1585
recon_multi_07__benign_6,0,1789360469.6594641,real,recon_multi_07,,generator_ground_truth,docker_multihost,2,1,15,0.9968,34,0.7226,0.1585
recon_multi_07__benign_6,0,1789360469.8094642,real,recon_multi_07,,generator_ground_truth,docker_multihost,2,1,16,1.0,34,0.7267,0.1539
recon_multi_07__benign_6,0,1789360469.9594643,real,recon_multi_07,,generator_ground_truth,docker_multihost,2,1,16,1.0,34,0.7267,0.1539
recon_multi_07__benign_6,0,1789360470.1094644,real,recon_multi_07,,generator_ground_truth,docker_multihost,2,1,16,1.0,34,0.7267,0.1539
recon_multi_07__benign_6,0,1789360470.2594645,real,recon_multi_07,,generator_ground_truth,docker_multihost,2,1,16,1.0,34,0.7267,0.1539
recon_multi_07__benign_6,0,1789360470.4094646,real,recon_multi_07,,generator_ground_truth,docker_multihost,2,1,17,0.9975,34,0.7224,0.1499
recon_multi_07__benign_6,0,1789360470.5594647,real,recon_multi_07,,generator_ground_truth,docker_multihost,2,1,17,0.9975,34,0.7224,0.1499
recon_multi_07__benign_6,0,1789360470.7094648,real,recon_multi_07,,generator_ground_truth,docker_multihost,2,1,17,0.9975,34,0.7224,0.1499
recon_multi_07__benign_6,0,1789360470.859465,real,recon_multi_07,,generator_ground_truth,docker_multihost,2,1,17,0.9975,34,0.7224,0.1499
recon_multi_07__benign_6,0,1789360471.009465,real,recon_multi_07,,generator_ground_truth,docker_multihost,2,1,18,1.0,34,0.7171,0.147
recon_multi_07__benign_6,0,1789360471.159465,real,recon_multi_07,,generator_ground_truth,docker_multihost,2,1,18,1.0,34,0.7171,0.147
recon_multi_07__benign_6,0,1789360471.3094652,real,recon_multi_07,,generator_ground_truth,docker_multihost,2,1,18,1.0,34,0.7171,0.147
recon_multi_07__benign_6,0,1789360471.4594653,real,recon_multi_07,,generator_ground_truth,docker_multihost,2,1,18,1.0,34,0.7171,0.147
recon_multi_07__benign_6,0,1789360471.6094654,real,recon_multi_07,,generator_ground_truth,docker_multihost,2,1,18,1.0,34,0.7171,0.147
recon_multi_07__benign_6,0,1789360471.7594655,real,recon_multi_07,,generator_ground_truth,docker_multihost,2,1,18,1.0,34,0.7171,0.147
recon_multi_07__benign_6,0,1789360471.9094656,real,recon_multi_07,,generator_ground_truth,docker_multihost,2,1,19,0.998,34,0.7236,0.1454
recon_multi_07__benign_6,0,1789360472.0594656,real,recon_multi_07,,generator_ground_truth,docker_multihost,2,1,19,0.998,34,0.7236,0.1454
recon_multi_07__recon_6,1,1789360478.3251376,real,recon_multi_07,port_scan,generator_ground_truth,docker_multihost,9,1,9,3.1699,35,0.0109,0.0001
recon_multi_07__recon_6,1,1789360478.4751377,real,recon_multi_07,port_scan,generator_ground_truth,docker_multihost,23,1,23,4.5236,45,0.0109,0.0001
recon_multi_07__recon_6,1,1789360478.6251378,real,recon_multi_07,port_scan,generator_ground_truth,docker_multihost,37,1,37,5.2095,46,0.0109,0.0001
recon_multi_07__recon_6,1,1789360478.775138,real,recon_multi_07,port_scan,generator_ground_truth,docker_multihost,47,1,47,5.5546,46,0.0109,0.0001
recon_multi_07__recon_6,1,1789360478.925138,real,recon_multi_07,port_scan,generator_ground_truth,docker_multihost,47,1,47,5.5546,46,0.0109,0.0001
recon_multi_07__recon_6,1,1789360479.075138,real,recon_multi_07,port_scan,generator_ground_truth,docker_multihost,47,1,47,5.5546,46,0.0109,0.0001
recon_multi_07__recon_6,1,1789360479.2251382,real,recon_multi_07,port_scan,generator_ground_truth,docker_multihost,47,1,47,5.5546,46,0.0109,0.0001
recon_multi_07__recon_6,1,1789360479.3751383,real,recon_multi_07,port_scan,generator_ground_truth,docker_multihost,47,1,47,5.5546,46,0.0109,0.0001
recon_multi_07__recon_6,1,1789360479.5251384,real,recon_multi_07,port_scan,generator_ground_truth,docker_multihost,47,1,47,5.5546,46,0.0109,0.0001
recon_multi_07__recon_6,1,1789360479.6751385,real,recon_multi_07,port_scan,generator_ground_truth,docker_multihost,47,1,47,5.5546,46,0.0109,0.0001
recon_multi_07__recon_6,1,1789360479.8251386,real,recon_multi_07,port_scan,generator_ground_truth,docker_multihost,47,1,47,5.5546,46,0.0109,0.0001
recon_multi_07__recon_6,1,1789360479.9751387,real,recon_multi_07,port_scan,generator_ground_truth,docker_multihost,47,1,47,5.5546,46,0.0109,0.0001
recon_multi_07__recon_6,1,1789360480.1251388,real,recon_multi_07,port_scan,generator_ground_truth,docker_multihost,47,1,47,5.5546,46,0.0109,0.0001
recon_multi_07__recon_6,1,1789360480.2751389,real,recon_multi_07,port_scan,generator_ground_truth,docker_multihost,47,1,47,5.5546,46,0.0109,0.0001
recon_multi_07__recon_6,1,1789360480.425139,real,recon_multi_07,port_scan,generator_ground_truth,docker_multihost,47,1,47,5.5546,46,0.0109,0.0001
recon_multi_07__recon_6,1,1789360480.575139,real,recon_multi_07,port_scan,generator_ground_truth,docker_multihost,47,1,47,5.5546,46,0.0109,0.0001
recon_multi_07__recon_6,1,1789360480.7251391,real,recon_multi_07,port_scan,generator_ground_truth,docker_multihost,47,1,47,5.5546,46,0.0109,0.0001
recon_multi_07__recon_6,1,1789360480.8751392,real,recon_multi_07,port_scan,generator_ground_truth,docker_multihost,47,1,47,5.5546,46,0.0109,0.0001
recon_multi_07__recon_6,1,1789360481.0251393,real,recon_multi_07,port_scan,generator_ground_truth,docker_multihost,47,1,47,5.5546,46,0.0109,0.0001
recon_multi_07__recon_6,1,1789360481.1751394,real,recon_multi_07,port_scan,generator_ground_truth,docker_multihost,47,1,47,5.5546,46,0.0109,0.0001
recon_multi_07__recon_6,1,1789360481.3251395,real,recon_multi_07,port_scan,generator_ground_truth,docker_multihost,47,1,47,5.5546,46,0.0109,0.0001
recon_multi_07__recon_6,1,1789360481.4751396,real,recon_multi_07,port_scan,generator_ground_truth,docker_multihost,47,1,47,5.5546,46,0.0109,0.0001
recon_multi_07__recon_6,1,1789360481.6251397,real,recon_multi_07,port_scan,generator_ground_truth,docker_multihost,47,1,47,5.5546,46,0.0109,0.0001
recon_multi_07__recon_6,1,1789360481.7751398,real,recon_multi_07,port_scan,generator_ground_truth,docker_multihost,47,1,47,5.5546,46,0.0109,0.0001
recon_multi_07__recon_6,1,1789360481.92514,real,recon_multi_07,port_scan,generator_ground_truth,docker_multihost,47,1,47,5.5546,46,0.0109,0.0001
recon_multi_07__recon_6,1,1789360482.07514,real,recon_multi_07,port_scan,generator_ground_truth,docker_multihost,47,1,47,5.5546,46,0.0109,0.0001
recon_multi_07__recon_6,1,1789360482.22514,real,recon_multi_07,port_scan,generator_ground_truth,docker_multihost,47,1,47,5.5546,46,0.0109,0.0001
recon_multi_07__recon_6,1,1789360482.3751402,real,recon_multi_07,port_scan,generator_ground_truth,docker_multihost,47,1,47,5.5546,46,0.0109,0.0001
recon_multi_07__recon_6,1,1789360482.5251403,real,recon_multi_07,port_scan,generator_ground_truth,docker_multihost,47,1,47,5.5546,46,0.0109,0.0001
recon_multi_07__recon_6,1,1789360482.6751404,real,recon_multi_07,port_scan,generator_ground_truth,docker_multihost,47,1,47,5.5546,46,0.0109,0.0001
recon_multi_07__recon_6,1,1789360482.8251405,real,recon_multi_07,port_scan,generator_ground_truth,docker_multihost,47,1,47,5.5546,46,0.0109,0.0001
recon_multi_07__recon_6,1,1789360482.9751406,real,recon_multi_07,port_scan,generator_ground_truth,docker_multihost,47,1,47,5.5546,46,0.0109,0.0001
recon_multi_07__recon_6,1,1789360483.1251407,real,recon_multi_07,port_scan,generator_ground_truth,docker_multihost,47,1,47,5.5546,46,0.0109,0.0001
recon_multi_07__recon_6,1,1789360483.2751408,real,recon_multi_07,port_scan,generator_ground_truth,docker_multihost,47,1,47,5.5546,46,0.0109,0.0001
recon_multi_07__recon_6,1,1789360483.4251409,real,recon_multi_07,port_scan,generator_ground_truth,docker_multihost,53,1,53,5.7279,91,0.0998,0.6352
recon_multi_07__recon_6,1,1789360483.575141,real,recon_multi_07,port_scan,generator_ground_truth,docker_multihost,66,1,67,6.0362,91,0.0809,0.565
recon_multi_07__recon_6,1,1789360483.725141,real,recon_multi_07,port_scan,generator_ground_truth,docker_multihost,79,1,80,6.2969,92,0.0694,0.5171
recon_multi_07__recon_6,1,1789360483.8751411,real,recon_multi_07,port_scan,generator_ground_truth,docker_multihost,93,1,94,6.5333,92,0.0606,0.477
recon_multi_07__recon_6,1,1789360484.0251412,real,recon_multi_07,port_scan,generator_ground_truth,docker_multihost,93,1,94,6.5333,92,0.0606,0.477
recon_multi_07__recon_6,1,1789360484.1751413,real,recon_multi_07,port_scan,generator_ground_truth,docker_multihost,93,1,94,6.5333,92,0.0606,0.477
recon_multi_07__recon_6,1,1789360484.3251414,real,recon_multi_07,port_scan,generator_ground_truth,docker_multihost,93,1,94,6.5333,92,0.0606,0.477
recon_multi_07__recon_6,1,1789360484.4751415,real,recon_multi_07,port_scan,generator_ground_truth,docker_multihost,93,1,94,6.5333,92,0.0606,0.477
recon_multi_07__recon_6,1,1789360484.6251416,real,recon_multi_07,port_scan,generator_ground_truth,docker_multihost,93,1,94,6.5333,92,0.0606,0.477
recon_multi_07__recon_6,1,1789360484.7751417,real,recon_multi_07,port_scan,generator_ground_truth,docker_multihost,93,1,94,6.5333,92,0.0606,0.477
recon_multi_07__recon_6,1,1789360484.9251418,real,recon_multi_07,port_scan,generator_ground_truth,docker_multihost,93,1,94,6.5333,92,0.0606,0.477
recon_multi_07__recon_6,1,1789360485.075142,real,recon_multi_07,port_scan,generator_ground_truth,docker_multihost,93,1,94,6.5333,92,0.0606,0.477
recon_multi_07__recon_6,1,1789360485.225142,real,recon_multi_07,port_scan,generator_ground_truth,docker_multihost,93,1,94,6.5333,92,0.0606,0.477
recon_multi_07__recon_6,1,1789360485.375142,real,recon_multi_07,port_scan,generator_ground_truth,docker_multihost,93,1,94,6.5333,92,0.0606,0.477
recon_multi_07__recon_6,1,1789360485.5251422,real,recon_multi_07,port_scan,generator_ground_truth,docker_multihost,93,1,94,6.5333,92,0.0606,0.477
recon_multi_07__recon_6,1,1789360485.6751423,real,recon_multi_07,port_scan,generator_ground_truth,docker_multihost,93,1,94,6.5333,92,0.0606,0.477
recon_multi_07__recon_6,1,1789360485.8251424,real,recon_multi_07,port_scan,generator_ground_truth,docker_multihost,93,1,94,6.5333,92,0.0606,0.477
recon_multi_07__recon_6,1,1789360485.9751425,real,recon_multi_07,port_scan,generator_ground_truth,docker_multihost,93,1,94,6.5333,92,0.0606,0.477
recon_multi_07__recon_6,1,1789360486.1251426,real,recon_multi_07,port_scan,generator_ground_truth,docker_multihost,93,1,94,6.5333,92,0.0606,0.477
recon_multi_07__recon_6,1,1789360486.2751427,real,recon_multi_07,port_scan,generator_ground_truth,docker_multihost,93,1,94,6.5333,92,0.0606,0.477
recon_multi_07__recon_6,1,1789360486.4251428,real,recon_multi_07,port_scan,generator_ground_truth,docker_multihost,93,1,94,6.5333,92,0.0606,0.477
recon_multi_07__recon_6,1,1789360486.5751429,real,recon_multi_07,port_scan,generator_ground_truth,docker_multihost,93,1,94,6.5333,92,0.0606,0.477
recon_multi_07__recon_6,1,1789360486.725143,real,recon_multi_07,port_scan,generator_ground_truth,docker_multihost,93,1,94,6.5333,92,0.0606,0.477
recon_multi_07__recon_6,1,1789360486.875143,real,recon_multi_07,port_scan,generator_ground_truth,docker_multihost,93,1,94,6.5333,92,0.0606,0.477
recon_multi_07__recon_6,1,1789360487.0251431,real,recon_multi_07,port_scan,generator_ground_truth,docker_multihost,93,1,94,6.5333,92,0.0606,0.477
recon_multi_07__recon_6,1,1789360487.1751432,real,recon_multi_07,port_scan,generator_ground_truth,docker_multihost,93,1,94,6.5333,92,0.0606,0.477
recon_multi_07__recon_6,1,1789360487.3251433,real,recon_multi_07,port_scan,generator_ground_truth,docker_multihost,93,1,94,6.5333,92,0.0606,0.477
recon_multi_07__recon_6,1,1789360487.4751434,real,recon_multi_07,port_scan,generator_ground_truth,docker_multihost,93,1,94,6.5333,92,0.0606,0.477
recon_multi_07__recon_6,1,1789360487.6251435,real,recon_multi_07,port_scan,generator_ground_truth,docker_multihost,93,1,94,6.5333,92,0.0606,0.477
recon_multi_07__recon_6,1,1789360487.7751436,real,recon_multi_07,port_scan,generator_ground_truth,docker_multihost,93,1,94,6.5333,92,0.0606,0.477
recon_multi_07__recon_6,1,1789360487.9251437,real,recon_multi_07,port_scan,generator_ground_truth,docker_multihost,93,1,94,6.5333,92,0.0606,0.477
recon_multi_07__recon_6,1,1789360488.0751438,real,recon_multi_07,port_scan,generator_ground_truth,docker_multihost,93,1,94,6.5333,92,0.0606,0.477
recon_multi_07__recon_6,1,1789360488.225144,real,recon_multi_07,port_scan,generator_ground_truth,docker_multihost,93,1,94,6.5333,92,0.0606,0.477
recon_multi_07__recon_6,1,1789360488.375144,real,recon_multi_07,port_scan,generator_ground_truth,docker_multihost,93,1,94,6.5333,92,0.0606,0.477
recon_multi_07__recon_6,1,1789360488.525144,real,recon_multi_07,port_scan,generator_ground_truth,docker_multihost,93,1,94,6.5333,92,0.0606,0.477
recon_multi_07__recon_6,1,1789360488.6751442,real,recon_multi_07,port_scan,generator_ground_truth,docker_multihost,93,1,94,6.5333,92,0.0606,0.477
recon_multi_07__recon_6,1,1789360488.8251443,real,recon_multi_07,port_scan,generator_ground_truth,docker_multihost,93,1,94,6.5333,92,0.0606,0.477
recon_multi_07__recon_6,1,1789360488.9751444,real,recon_multi_07,port_scan,generator_ground_truth,docker_multihost,93,1,94,6.5333,92,0.0606,0.477
recon_multi_07__recon_6,1,1789360489.1251445,real,recon_multi_07,port_scan,generator_ground_truth,docker_multihost,93,1,94,6.5333,92,0.0606,0.477
recon_multi_07__recon_6,1,1789360489.2751446,real,recon_multi_07,port_scan,generator_ground_truth,docker_multihost,93,1,94,6.5333,92,0.0606,0.477
recon_multi_07__recon_6,1,1789360489.4251447,real,recon_multi_07,port_scan,generator_ground_truth,docker_multihost,93,1,94,6.5333,92,0.0606,0.477
recon_multi_07__recon_6,1,1789360489.5751448,real,recon_multi_07,port_scan,generator_ground_truth,docker_multihost,93,1,94,6.5333,92,0.0606,0.477
recon_multi_07__recon_6,1,1789360489.7251449,real,recon_multi_07,port_scan,generator_ground_truth,docker_multihost,93,1,94,6.5333,92,0.0606,0.477
recon_multi_07__recon_6,1,1789360489.875145,real,recon_multi_07,port_scan,generator_ground_truth,docker_multihost,93,1,94,6.5333,92,0.0606,0.477
recon_multi_07__recon_6,1,1789360490.025145,real,recon_multi_07,port_scan,generator_ground_truth,docker_multihost,93,1,94,6.5333,92,0.0606,0.477
recon_multi_07__recon_6,1,1789360490.1751451,real,recon_multi_07,port_scan,generator_ground_truth,docker_multihost,93,1,94,6.5333,92,0.0606,0.477
recon_multi_07__benign_7,0,1789360492.8037977,real,recon_multi_07,,generator_ground_truth,docker_multihost,1,1,1,-0.0,0,0.0,0.0
recon_multi_07__benign_7,0,1789360492.9537978,real,recon_multi_07,,generator_ground_truth,docker_multihost,1,1,1,-0.0,0,0.0,0.0
recon_multi_07__benign_7,0,1789360493.103798,real,recon_multi_07,,generator_ground_truth,docker_multihost,1,1,1,-0.0,0,0.0,0.0
recon_multi_07__benign_7,0,1789360493.253798,real,recon_multi_07,,generator_ground_truth,docker_multihost,1,1,1,-0.0,0,0.0,0.0
recon_multi_07__benign_7,0,1789360493.403798,real,recon_multi_07,,generator_ground_truth,docker_multihost,2,1,2,1.0,3,0.6075,0.0
recon_multi_07__benign_7,0,1789360493.5537982,real,recon_multi_07,,generator_ground_truth,docker_multihost,2,1,2,1.0,3,0.6075,0.0
recon_multi_07__benign_7,0,1789360493.7037983,real,recon_multi_07,,generator_ground_truth,docker_multihost,2,1,2,1.0,3,0.6075,0.0
recon_multi_07__benign_7,0,1789360493.8537984,real,recon_multi_07,,generator_ground_truth,docker_multihost,2,1,2,1.0,3,0.6075,0.0
recon_multi_07__benign_7,0,1789360494.0037985,real,recon_multi_07,,generator_ground_truth,docker_multihost,2,1,3,0.9183,3,0.6204,0.013
recon_multi_07__benign_7,0,1789360494.1537986,real,recon_multi_07,,generator_ground_truth,docker_multihost,2,1,3,0.9183,3,0.6204,0.013
recon_multi_07__benign_7,0,1789360494.3037987,real,recon_multi_07,,generator_ground_truth,docker_multihost,2,1,3,0.9183,3,0.6204,0.013
recon_multi_07__benign_7,0,1789360494.4537988,real,recon_multi_07,,generator_ground_truth,docker_multihost,2,1,3,0.9183,3,0.6204,0.013
recon_multi_07__benign_7,0,1789360494.6037989,real,recon_multi_07,,generator_ground_truth,docker_multihost,2,1,3,0.9183,3,0.6204,0.013
recon_multi_07__benign_7,0,1789360494.753799,real,recon_multi_07,,generator_ground_truth,docker_multihost,2,1,3,0.9183,3,0.6204,0.013
recon_multi_07__benign_7,0,1789360494.903799,real,recon_multi_07,,generator_ground_truth,docker_multihost,2,1,3,0.9183,3,0.6204,0.013
recon_multi_07__benign_7,0,1789360495.0537992,real,recon_multi_07,,generator_ground_truth,docker_multihost,2,1,4,1.0,3,0.736,0.1638
recon_multi_07__benign_7,0,1789360495.2037992,real,recon_multi_07,,generator_ground_truth,docker_multihost,2,1,4,1.0,3,0.736,0.1638
recon_multi_07__benign_7,0,1789360495.3537993,real,recon_multi_07,,generator_ground_truth,docker_multihost,2,1,4,1.0,3,0.736,0.1638
recon_multi_07__benign_7,0,1789360495.5037994,real,recon_multi_07,,generator_ground_truth,docker_multihost,2,1,4,1.0,3,0.736,0.1638
recon_multi_07__benign_7,0,1789360495.6537995,real,recon_multi_07,,generator_ground_truth,docker_multihost,2,1,4,1.0,3,0.736,0.1638
recon_multi_07__benign_7,0,1789360495.8037996,real,recon_multi_07,,generator_ground_truth,docker_multihost,2,1,4,1.0,3,0.736,0.1638
recon_multi_07__benign_7,0,1789360495.9537997,real,recon_multi_07,,generator_ground_truth,docker_multihost,2,1,5,0.971,3,0.7873,0.1674
recon_multi_07__benign_7,0,1789360496.1037998,real,recon_multi_07,,generator_ground_truth,docker_multihost,2,1,5,0.971,3,0.7873,0.1674
recon_multi_07__benign_7,0,1789360496.2538,real,recon_multi_07,,generator_ground_truth,docker_multihost,2,1,5,0.971,3,0.7873,0.1674
recon_multi_07__benign_7,0,1789360496.4038,real,recon_multi_07,,generator_ground_truth,docker_multihost,2,1,5,0.971,3,0.7873,0.1674
recon_multi_07__benign_7,0,1789360496.5538,real,recon_multi_07,,generator_ground_truth,docker_multihost,2,1,5,0.971,3,0.7873,0.1674
recon_multi_07__benign_7,0,1789360496.7038002,real,recon_multi_07,,generator_ground_truth,docker_multihost,2,1,5,0.971,3,0.7873,0.1674
recon_multi_07__benign_7,0,1789360496.8538003,real,recon_multi_07,,generator_ground_truth,docker_multihost,2,1,6,1.0,3,0.8179,0.1618
recon_multi_07__benign_7,0,1789360497.0038004,real,recon_multi_07,,generator_ground_truth,docker_multihost,2,1,6,1.0,3,0.8179,0.1618
recon_multi_07__benign_7,0,1789360497.1538005,real,recon_multi_07,,generator_ground_truth,docker_multihost,2,1,6,1.0,3,0.8179,0.1618
recon_multi_07__benign_7,0,1789360497.3038006,real,recon_multi_07,,generator_ground_truth,docker_multihost,2,1,6,1.0,3,0.8179,0.1618
recon_multi_07__benign_7,0,1789360497.4538007,real,recon_multi_07,,generator_ground_truth,docker_multihost,2,1,6,1.0,3,0.8179,0.1618
recon_multi_07__benign_7,0,1789360497.6038008,real,recon_multi_07,,generator_ground_truth,docker_multihost,2,1,7,0.9852,3,0.7959,0.1557
recon_multi_07__benign_7,0,1789360497.7538009,real,recon_multi_07,,generator_ground_truth,docker_multihost,2,1,7,0.9852,3,0.7959,0.1557
recon_multi_07__benign_7,0,1789360497.903801,real,recon_multi_07,,generator_ground_truth,docker_multihost,2,1,7,0.9852,3,0.7959,0.1557
recon_multi_07__benign_7,0,1789360498.053801,real,recon_multi_07,,generator_ground_truth,docker_multihost,2,1,7,0.9852,3,0.7959,0.1557
recon_multi_07__benign_7,0,1789360498.2038012,real,recon_multi_07,,generator_ground_truth,docker_multihost,2,1,8,1.0,3,0.765,0.1628
recon_multi_07__benign_7,0,1789360498.3538013,real,recon_multi_07,,generator_ground_truth,docker_multihost,2,1,8,1.0,3,0.765,0.1628
recon_multi_07__benign_7,0,1789360498.5038013,real,recon_multi_07,,generator_ground_truth,docker_multihost,2,1,8,1.0,3,0.765,0.1628
recon_multi_07__benign_7,0,1789360498.6538014,real,recon_multi_07,,generator_ground_truth,docker_multihost,2,1,8,1.0,3,0.765,0.1628
recon_multi_07__benign_7,0,1789360498.8038015,real,recon_multi_07,,generator_ground_truth,docker_multihost,2,1,8,1.0,3,0.765,0.1628
recon_multi_07__benign_7,0,1789360498.9538016,real,recon_multi_07,,generator_ground_truth,docker_multihost,2,1,8,1.0,3,0.765,0.1628
recon_multi_07__benign_7,0,1789360499.1038017,real,recon_multi_07,,generator_ground_truth,docker_multihost,2,1,9,0.9911,3,0.7841,0.1605
recon_multi_07__benign_7,0,1789360499.2538018,real,recon_multi_07,,generator_ground_truth,docker_multihost,2,1,9,0.9911,3,0.7841,0.1605
recon_multi_07__benign_7,0,1789360499.403802,real,recon_multi_07,,generator_ground_truth,docker_multihost,2,1,9,0.9911,3,0.7841,0.1605
recon_multi_07__benign_7,0,1789360499.553802,real,recon_multi_07,,generator_ground_truth,docker_multihost,2,1,9,0.9911,3,0.7841,0.1605
recon_multi_07__benign_7,0,1789360499.703802,real,recon_multi_07,,generator_ground_truth,docker_multihost,2,1,9,0.9911,3,0.7841,0.1605
recon_multi_07__benign_7,0,1789360499.8538022,real,recon_multi_07,,generator_ground_truth,docker_multihost,2,1,9,0.9911,3,0.7841,0.1605
recon_multi_07__benign_7,0,1789360500.0038023,real,recon_multi_07,,generator_ground_truth,docker_multihost,2,1,10,1.0,3,0.7916,0.1528
recon_multi_07__benign_7,0,1789360500.1538024,real,recon_multi_07,,generator_ground_truth,docker_multihost,2,1,10,1.0,3,0.7916,0.1528
recon_multi_07__benign_7,0,1789360500.3038025,real,recon_multi_07,,generator_ground_truth,docker_multihost,2,1,10,1.0,3,0.7916,0.1528
recon_multi_07__benign_7,0,1789360500.4538026,real,recon_multi_07,,generator_ground_truth,docker_multihost,2,1,10,1.0,3,0.7916,0.1528
recon_multi_07__benign_7,0,1789360500.6038027,real,recon_multi_07,,generator_ground_truth,docker_multihost,2,1,10,1.0,3,0.7916,0.1528
recon_multi_07__benign_7,0,1789360500.7538028,real,recon_multi_07,,generator_ground_truth,docker_multihost,2,1,11,0.994,3,0.7931,0.145
recon_multi_07__benign_7,0,1789360500.9038029,real,recon_multi_07,,generator_ground_truth,docker_multihost,2,1,11,0.994,3,0.7931,0.145
recon_multi_07__benign_7,0,1789360501.053803,real,recon_multi_07,,generator_ground_truth,docker_multihost,2,1,11,0.994,3,0.7931,0.145
recon_multi_07__benign_7,0,1789360501.203803,real,recon_multi_07,,generator_ground_truth,docker_multihost,2,1,11,0.994,3,0.7931,0.145
recon_multi_07__benign_7,0,1789360501.3538032,real,recon_multi_07,,generator_ground_truth,docker_multihost,2,1,11,0.994,3,0.7931,0.145
recon_multi_07__benign_7,0,1789360501.5038033,real,recon_multi_07,,generator_ground_truth,docker_multihost,2,1,11,0.994,3,0.7931,0.145
recon_multi_07__benign_7,0,1789360501.6538033,real,recon_multi_07,,generator_ground_truth,docker_multihost,2,1,11,0.994,3,0.7931,0.145
recon_multi_07__benign_7,0,1789360501.8038034,real,recon_multi_07,,generator_ground_truth,docker_multihost,2,1,12,1.0,3,0.8114,0.1499
recon_multi_07__benign_7,0,1789360501.9538035,real,recon_multi_07,,generator_ground_truth,docker_multihost,2,1,12,1.0,3,0.8114,0.1499
recon_multi_07__benign_7,0,1789360502.1038036,real,recon_multi_07,,generator_ground_truth,docker_multihost,2,1,12,1.0,3,0.8114,0.1499
recon_multi_07__benign_7,0,1789360502.2538037,real,recon_multi_07,,generator_ground_truth,docker_multihost,2,1,12,1.0,3,0.8114,0.1499
recon_multi_07__benign_7,0,1789360502.4038038,real,recon_multi_07,,generator_ground_truth,docker_multihost,2,1,12,1.0,3,0.8114,0.1499
recon_multi_07__benign_7,0,1789360502.553804,real,recon_multi_07,,generator_ground_truth,docker_multihost,2,1,13,0.9957,3,0.8128,0.1436
recon_multi_07__benign_7,0,1789360502.703804,real,recon_multi_07,,generator_ground_truth,docker_multihost,2,1,13,0.9957,3,0.8128,0.1436
recon_multi_07__benign_7,0,1789360502.853804,real,recon_multi_07,,generator_ground_truth,docker_multihost,2,1,13,0.9957,3,0.8128,0.1436
recon_multi_07__benign_7,0,1789360503.0038042,real,recon_multi_07,,generator_ground_truth,docker_multihost,2,1,14,1.0,3,0.7891,0.1605
recon_multi_07__benign_7,0,1789360503.1538043,real,recon_multi_07,,generator_ground_truth,docker_multihost,2,1,14,1.0,3,0.7891,0.1605
recon_multi_07__benign_7,0,1789360503.3038044,real,recon_multi_07,,generator_ground_truth,docker_multihost,2,1,14,1.0,3,0.7891,0.1605
recon_multi_07__benign_7,0,1789360503.4538045,real,recon_multi_07,,generator_ground_truth,docker_multihost,2,1,14,1.0,3,0.7891,0.1605
recon_multi_07__benign_7,0,1789360503.6038046,real,recon_multi_07,,generator_ground_truth,docker_multihost,2,1,14,1.0,3,0.7891,0.1605
recon_multi_07__benign_7,0,1789360503.7538047,real,recon_multi_07,,generator_ground_truth,docker_multihost,2,1,14,1.0,3,0.7891,0.1605
recon_multi_07__benign_7,0,1789360503.9038048,real,recon_multi_07,,generator_ground_truth,docker_multihost,2,1,14,1.0,3,0.7891,0.1605
recon_multi_07__benign_7,0,1789360504.0538049,real,recon_multi_07,,generator_ground_truth,docker_multihost,2,1,15,0.9968,3,0.7976,0.1577
recon_multi_07__benign_7,0,1789360504.203805,real,recon_multi_07,,generator_ground_truth,docker_multihost,2,1,15,0.9968,3,0.7976,0.1577
recon_multi_07__benign_7,0,1789360504.353805,real,recon_multi_07,,generator_ground_truth,docker_multihost,2,1,15,0.9968,3,0.7976,0.1577
recon_multi_07__benign_7,0,1789360504.5038052,real,recon_multi_07,,generator_ground_truth,docker_multihost,2,1,15,0.9968,3,0.7976,0.1577
recon_multi_07__benign_7,0,1789360504.6538053,real,recon_multi_07,,generator_ground_truth,docker_multihost,2,1,16,1.0,3,0.7878,0.1567
recon_multi_07__benign_7,0,1789360504.8038054,real,recon_multi_07,,generator_ground_truth,docker_multihost,2,1,16,1.0,3,0.7878,0.1567
recon_multi_07__benign_7,0,1789360504.9538054,real,recon_multi_07,,generator_ground_truth,docker_multihost,2,1,16,1.0,3,0.7878,0.1567
recon_multi_07__benign_7,0,1789360505.1038055,real,recon_multi_07,,generator_ground_truth,docker_multihost,2,1,16,1.0,3,0.7878,0.1567
recon_multi_07__benign_7,0,1789360505.2538056,real,recon_multi_07,,generator_ground_truth,docker_multihost,2,1,16,1.0,3,0.7878,0.1567
recon_multi_07__benign_7,0,1789360505.4038057,real,recon_multi_07,,generator_ground_truth,docker_multihost,2,1,17,0.9975,3,0.7906,0.1522
recon_multi_07__benign_7,0,1789360505.5538058,real,recon_multi_07,,generator_ground_truth,docker_multihost,2,1,17,0.9975,3,0.7906,0.1522
recon_multi_07__benign_7,0,1789360505.703806,real,recon_multi_07,,generator_ground_truth,docker_multihost,2,1,17,0.9975,3,0.7906,0.1522
recon_multi_07__benign_7,0,1789360505.853806,real,recon_multi_07,,generator_ground_truth,docker_multihost,2,1,17,0.9975,3,0.7906,0.1522
recon_multi_07__benign_7,0,1789360506.003806,real,recon_multi_07,,generator_ground_truth,docker_multihost,2,1,17,0.9975,3,0.7906,0.1522
recon_multi_07__benign_7,0,1789360506.1538062,real,recon_multi_07,,generator_ground_truth,docker_multihost,2,1,17,0.9975,3,0.7906,0.1522
recon_multi_07__benign_7,0,1789360506.3038063,real,recon_multi_07,,generator_ground_truth,docker_multihost,2,1,17,0.9975,3,0.7906,0.1522
recon_multi_07__benign_7,0,1789360506.4538064,real,recon_multi_07,,generator_ground_truth,docker_multihost,2,1,18,1.0,3,0.8012,0.1535
recon_multi_07__recon_7,1,1789360511.9365783,real,recon_multi_07,port_scan,generator_ground_truth,docker_multihost,7,1,7,2.8074,39,0.0125,0.0001
recon_multi_07__recon_7,1,1789360512.0865784,real,recon_multi_07,port_scan,generator_ground_truth,docker_multihost,19,1,19,4.2479,39,0.0125,0.0001
recon_multi_07__recon_7,1,1789360512.2365785,real,recon_multi_07,port_scan,generator_ground_truth,docker_multihost,31,1,31,4.9542,39,0.0125,0.0001
recon_multi_07__recon_7,1,1789360512.3865786,real,recon_multi_07,port_scan,generator_ground_truth,docker_multihost,40,1,40,5.3219,39,0.0125,0.0001
recon_multi_07__recon_7,1,1789360512.5365787,real,recon_multi_07,port_scan,generator_ground_truth,docker_multihost,40,1,40,5.3219,39,0.0125,0.0001
recon_multi_07__recon_7,1,1789360512.6865788,real,recon_multi_07,port_scan,generator_ground_truth,docker_multihost,40,1,40,5.3219,39,0.0125,0.0001
recon_multi_07__recon_7,1,1789360512.8365788,real,recon_multi_07,port_scan,generator_ground_truth,docker_multihost,40,1,40,5.3219,39,0.0125,0.0001
recon_multi_07__recon_7,1,1789360512.986579,real,recon_multi_07,port_scan,generator_ground_truth,docker_multihost,40,1,40,5.3219,39,0.0125,0.0001
recon_multi_07__recon_7,1,1789360513.136579,real,recon_multi_07,port_scan,generator_ground_truth,docker_multihost,40,1,40,5.3219,39,0.0125,0.0001
recon_multi_07__recon_7,1,1789360513.2865791,real,recon_multi_07,port_scan,generator_ground_truth,docker_multihost,40,1,40,5.3219,39,0.0125,0.0001
recon_multi_07__recon_7,1,1789360513.4365792,real,recon_multi_07,port_scan,generator_ground_truth,docker_multihost,40,1,40,5.3219,39,0.0125,0.0001
recon_multi_07__recon_7,1,1789360513.5865793,real,recon_multi_07,port_scan,generator_ground_truth,docker_multihost,40,1,40,5.3219,39,0.0125,0.0001
recon_multi_07__recon_7,1,1789360513.7365794,real,recon_multi_07,port_scan,generator_ground_truth,docker_multihost,40,1,40,5.3219,39,0.0125,0.0001
recon_multi_07__recon_7,1,1789360513.8865795,real,recon_multi_07,port_scan,generator_ground_truth,docker_multihost,40,1,40,5.3219,39,0.0125,0.0001
recon_multi_07__recon_7,1,1789360514.0365796,real,recon_multi_07,port_scan,generator_ground_truth,docker_multihost,40,1,40,5.3219,39,0.0125,0.0001
recon_multi_07__recon_7,1,1789360514.1865797,real,recon_multi_07,port_scan,generator_ground_truth,docker_multihost,40,1,40,5.3219,39,0.0125,0.0001
recon_multi_07__recon_7,1,1789360514.3365798,real,recon_multi_07,port_scan,generator_ground_truth,docker_multihost,40,1,40,5.3219,39,0.0125,0.0001
recon_multi_07__recon_7,1,1789360514.48658,real,recon_multi_07,port_scan,generator_ground_truth,docker_multihost,40,1,40,5.3219,39,0.0125,0.0001
recon_multi_07__recon_7,1,1789360514.63658,real,recon_multi_07,port_scan,generator_ground_truth,docker_multihost,40,1,40,5.3219,39,0.0125,0.0001
recon_multi_07__recon_7,1,1789360514.78658,real,recon_multi_07,port_scan,generator_ground_truth,docker_multihost,40,1,40,5.3219,39,0.0125,0.0001
recon_multi_07__recon_7,1,1789360514.9365802,real,recon_multi_07,port_scan,generator_ground_truth,docker_multihost,40,1,40,5.3219,39,0.0125,0.0001
recon_multi_07__recon_7,1,1789360515.0865803,real,recon_multi_07,port_scan,generator_ground_truth,docker_multihost,40,1,40,5.3219,39,0.0125,0.0001
recon_multi_07__recon_7,1,1789360515.2365804,real,recon_multi_07,port_scan,generator_ground_truth,docker_multihost,40,1,40,5.3219,39,0.0125,0.0001
recon_multi_07__recon_7,1,1789360515.3865805,real,recon_multi_07,port_scan,generator_ground_truth,docker_multihost,40,1,40,5.3219,39,0.0125,0.0001
recon_multi_07__recon_7,1,1789360515.5365806,real,recon_multi_07,port_scan,generator_ground_truth,docker_multihost,40,1,40,5.3219,39,0.0125,0.0001
recon_multi_07__recon_7,1,1789360515.6865807,real,recon_multi_07,port_scan,generator_ground_truth,docker_multihost,40,1,40,5.3219,39,0.0125,0.0001
recon_multi_07__recon_7,1,1789360515.8365808,real,recon_multi_07,port_scan,generator_ground_truth,docker_multihost,40,1,40,5.3219,39,0.0125,0.0001
recon_multi_07__recon_7,1,1789360515.9865808,real,recon_multi_07,port_scan,generator_ground_truth,docker_multihost,40,1,40,5.3219,39,0.0125,0.0001
recon_multi_07__recon_7,1,1789360516.136581,real,recon_multi_07,port_scan,generator_ground_truth,docker_multihost,40,1,40,5.3219,39,0.0125,0.0001
recon_multi_07__recon_7,1,1789360516.286581,real,recon_multi_07,port_scan,generator_ground_truth,docker_multihost,40,1,40,5.3219,39,0.0125,0.0001
recon_multi_07__recon_7,1,1789360516.4365811,real,recon_multi_07,port_scan,generator_ground_truth,docker_multihost,40,1,40,5.3219,39,0.0125,0.0001
recon_multi_07__recon_7,1,1789360516.5865812,real,recon_multi_07,port_scan,generator_ground_truth,docker_multihost,40,1,40,5.3219,39,0.0125,0.0001
recon_multi_07__recon_7,1,1789360516.7365813,real,recon_multi_07,port_scan,generator_ground_truth,docker_multihost,40,1,40,5.3219,39,0.0125,0.0001
recon_multi_07__recon_7,1,1789360516.8865814,real,recon_multi_07,port_scan,generator_ground_truth,docker_multihost,46,1,46,5.5236,70,0.1117,0.6577
recon_multi_07__recon_7,1,1789360517.0365815,real,recon_multi_07,port_scan,generator_ground_truth,docker_multihost,58,1,58,5.858,78,0.0908,0.5858
recon_multi_07__recon_7,1,1789360517.1865816,real,recon_multi_07,port_scan,generator_ground_truth,docker_multihost,70,1,70,6.1293,78,0.0772,0.5332
recon_multi_07__recon_7,1,1789360517.3365817,real,recon_multi_07,port_scan,generator_ground_truth,docker_multihost,79,1,80,6.2969,78,0.069,0.4988
recon_multi_07__recon_7,1,1789360517.4865818,real,recon_multi_07,port_scan,generator_ground_truth,docker_multihost,79,1,80,6.2969,78,0.069,0.4988
recon_multi_07__recon_7,1,1789360517.636582,real,recon_multi_07,port_scan,generator_ground_truth,docker_multihost,79,1,80,6.2969,78,0.069,0.4988
recon_multi_07__recon_7,1,1789360517.786582,real,recon_multi_07,port_scan,generator_ground_truth,docker_multihost,79,1,80,6.2969,78,0.069,0.4988
recon_multi_07__recon_7,1,1789360517.936582,real,recon_multi_07,port_scan,generator_ground_truth,docker_multihost,79,1,80,6.2969,78,0.069,0.4988
recon_multi_07__recon_7,1,1789360518.0865822,real,recon_multi_07,port_scan,generator_ground_truth,docker_multihost,79,1,80,6.2969,78,0.069,0.4988
recon_multi_07__recon_7,1,1789360518.2365823,real,recon_multi_07,port_scan,generator_ground_truth,docker_multihost,79,1,80,6.2969,78,0.069,0.4988
recon_multi_07__recon_7,1,1789360518.3865824,real,recon_multi_07,port_scan,generator_ground_truth,docker_multihost,79,1,80,6.2969,78,0.069,0.4988
recon_multi_07__recon_7,1,1789360518.5365825,real,recon_multi_07,port_scan,generator_ground_truth,docker_multihost,79,1,80,6.2969,78,0.069,0.4988
recon_multi_07__recon_7,1,1789360518.6865826,real,recon_multi_07,port_scan,generator_ground_truth,docker_multihost,79,1,80,6.2969,78,0.069,0.4988
recon_multi_07__recon_7,1,1789360518.8365827,real,recon_multi_07,port_scan,generator_ground_truth,docker_multihost,79,1,80,6.2969,78,0.069,0.4988
recon_multi_07__recon_7,1,1789360518.9865828,real,recon_multi_07,port_scan,generator_ground_truth,docker_multihost,79,1,80,6.2969,78,0.069,0.4988
recon_multi_07__recon_7,1,1789360519.1365829,real,recon_multi_07,port_scan,generator_ground_truth,docker_multihost,79,1,80,6.2969,78,0.069,0.4988
recon_multi_07__recon_7,1,1789360519.286583,real,recon_multi_07,port_scan,generator_ground_truth,docker_multihost,79,1,80,6.2969,78,0.069,0.4988
recon_multi_07__recon_7,1,1789360519.436583,real,recon_multi_07,port_scan,generator_ground_truth,docker_multihost,79,1,80,6.2969,78,0.069,0.4988
recon_multi_07__recon_7,1,1789360519.5865831,real,recon_multi_07,port_scan,generator_ground_truth,docker_multihost,79,1,80,6.2969,78,0.069,0.4988
recon_multi_07__recon_7,1,1789360519.7365832,real,recon_multi_07,port_scan,generator_ground_truth,docker_multihost,79,1,80,6.2969,78,0.069,0.4988
recon_multi_07__recon_7,1,1789360519.8865833,real,recon_multi_07,port_scan,generator_ground_truth,docker_multihost,79,1,80,6.2969,78,0.069,0.4988
recon_multi_07__recon_7,1,1789360520.0365834,real,recon_multi_07,port_scan,generator_ground_truth,docker_multihost,79,1,80,6.2969,78,0.069,0.4988
recon_multi_07__recon_7,1,1789360520.1865835,real,recon_multi_07,port_scan,generator_ground_truth,docker_multihost,79,1,80,6.2969,78,0.069,0.4988
recon_multi_07__recon_7,1,1789360520.3365836,real,recon_multi_07,port_scan,generator_ground_truth,docker_multihost,79,1,80,6.2969,78,0.069,0.4988
recon_multi_07__recon_7,1,1789360520.4865837,real,recon_multi_07,port_scan,generator_ground_truth,docker_multihost,79,1,80,6.2969,78,0.069,0.4988
recon_multi_07__recon_7,1,1789360520.6365838,real,recon_multi_07,port_scan,generator_ground_truth,docker_multihost,79,1,80,6.2969,78,0.069,0.4988
recon_multi_07__recon_7,1,1789360520.786584,real,recon_multi_07,port_scan,generator_ground_truth,docker_multihost,79,1,80,6.2969,78,0.069,0.4988
recon_multi_07__benign_8,0,1789360523.6694078,real,recon_multi_07,,generator_ground_truth,docker_multihost,1,1,1,-0.0,0,0.0,0.0
recon_multi_07__benign_8,0,1789360523.819408,real,recon_multi_07,,generator_ground_truth,docker_multihost,1,1,1,-0.0,0,0.0,0.0
recon_multi_07__benign_8,0,1789360523.969408,real,recon_multi_07,,generator_ground_truth,docker_multihost,1,1,1,-0.0,0,0.0,0.0
recon_multi_07__benign_8,0,1789360524.1194081,real,recon_multi_07,,generator_ground_truth,docker_multihost,1,1,1,-0.0,0,0.0,0.0
recon_multi_07__benign_8,0,1789360524.2694082,real,recon_multi_07,,generator_ground_truth,docker_multihost,1,1,1,-0.0,0,0.0,0.0
recon_multi_07__benign_8,0,1789360524.4194083,real,recon_multi_07,,generator_ground_truth,docker_multihost,1,1,1,-0.0,0,0.0,0.0
recon_multi_07__benign_8,0,1789360524.5694084,real,recon_multi_07,,generator_ground_truth,docker_multihost,2,1,2,1.0,8,0.9237,0.0
recon_multi_07__benign_8,0,1789360524.7194085,real,recon_multi_07,,generator_ground_truth,docker_multihost,2,1,2,1.0,8,0.9237,0.0
recon_multi_07__benign_8,0,1789360524.8694086,real,recon_multi_07,,generator_ground_truth,docker_multihost,2,1,2,1.0,8,0.9237,0.0
recon_multi_07__benign_8,0,1789360525.0194087,real,recon_multi_07,,generator_ground_truth,docker_multihost,2,1,2,1.0,8,0.9237,0.0
recon_multi_07__benign_8,0,1789360525.1694088,real,recon_multi_07,,generator_ground_truth,docker_multihost,3,1,3,1.585,24,0.7351,0.1885
recon_multi_07__benign_8,0,1789360525.319409,real,recon_multi_07,,generator_ground_truth,docker_multihost,3,1,3,1.585,24,0.7351,0.1885
recon_multi_07__benign_8,0,1789360525.469409,real,recon_multi_07,,generator_ground_truth,docker_multihost,3,1,3,1.585,24,0.7351,0.1885
recon_multi_07__benign_8,0,1789360525.619409,real,recon_multi_07,,generator_ground_truth,docker_multihost,3,1,3,1.585,24,0.7351,0.1885
recon_multi_07__benign_8,0,1789360525.7694092,real,recon_multi_07,,generator_ground_truth,docker_multihost,3,1,3,1.585,24,0.7351,0.1885
recon_multi_07__benign_8,0,1789360525.9194093,real,recon_multi_07,,generator_ground_truth,docker_multihost,3,1,4,1.5,24,0.7275,0.1543
recon_multi_07__benign_8,0,1789360526.0694094,real,recon_multi_07,,generator_ground_truth,docker_multihost,3,1,4,1.5,24,0.7275,0.1543
recon_multi_07__benign_8,0,1789360526.2194095,real,recon_multi_07,,generator_ground_truth,docker_multihost,3,1,4,1.5,24,0.7275,0.1543
recon_multi_07__benign_8,0,1789360526.3694096,real,recon_multi_07,,generator_ground_truth,docker_multihost,3,1,4,1.5,24,0.7275,0.1543
recon_multi_07__benign_8,0,1789360526.5194097,real,recon_multi_07,,generator_ground_truth,docker_multihost,3,1,5,1.5219,24,0.7054,0.139
recon_multi_07__benign_8,0,1789360526.6694098,real,recon_multi_07,,generator_ground_truth,docker_multihost,3,1,5,1.5219,24,0.7054,0.139
recon_multi_07__benign_8,0,1789360526.8194098,real,recon_multi_07,,generator_ground_truth,docker_multihost,3,1,5,1.5219,24,0.7054,0.139
recon_multi_07__benign_8,0,1789360526.96941,real,recon_multi_07,,generator_ground_truth,docker_multihost,3,1,6,1.585,24,0.6647,0.1486
recon_multi_07__benign_8,0,1789360527.11941,real,recon_multi_07,,generator_ground_truth,docker_multihost,3,1,6,1.585,24,0.6647,0.1486
recon_multi_07__benign_8,0,1789360527.2694101,real,recon_multi_07,,generator_ground_truth,docker_multihost,3,1,6,1.585,24,0.6647,0.1486
recon_multi_07__benign_8,0,1789360527.4194102,real,recon_multi_07,,generator_ground_truth,docker_multihost,3,1,6,1.585,24,0.6647,0.1486
recon_multi_07__benign_8,0,1789360527.5694103,real,recon_multi_07,,generator_ground_truth,docker_multihost,3,1,6,1.585,24,0.6647,0.1486
recon_multi_07__benign_8,0,1789360527.7194104,real,recon_multi_07,,generator_ground_truth,docker_multihost,3,1,6,1.585,24,0.6647,0.1486
recon_multi_07__benign_8,0,1789360527.8694105,real,recon_multi_07,,generator_ground_truth,docker_multihost,3,1,7,1.5567,24,0.7016,0.1587
recon_multi_07__benign_8,0,1789360528.0194106,real,recon_multi_07,,generator_ground_truth,docker_multihost,3,1,7,1.5567,24,0.7016,0.1587
recon_multi_07__benign_8,0,1789360528.1694107,real,recon_multi_07,,generator_ground_truth,docker_multihost,3,1,7,1.5567,24,0.7016,0.1587
recon_multi_07__benign_8,0,1789360528.3194108,real,recon_multi_07,,generator_ground_truth,docker_multihost,3,1,7,1.5567,24,0.7016,0.1587
recon_multi_07__benign_8,0,1789360528.469411,real,recon_multi_07,,generator_ground_truth,docker_multihost,3,1,7,1.5567,24,0.7016,0.1587
recon_multi_07__benign_8,0,1789360528.619411,real,recon_multi_07,,generator_ground_truth,docker_multihost,3,1,7,1.5567,24,0.7016,0.1587
recon_multi_07__benign_8,0,1789360528.769411,real,recon_multi_07,,generator_ground_truth,docker_multihost,3,1,8,1.5613,24,0.7184,0.1526
recon_multi_07__benign_8,0,1789360528.9194112,real,recon_multi_07,,generator_ground_truth,docker_multihost,3,1,8,1.5613,24,0.7184,0.1526
recon_multi_07__benign_8,0,1789360529.0694113,real,recon_multi_07,,generator_ground_truth,docker_multihost,3,1,8,1.5613,24,0.7184,0.1526
recon_multi_07__benign_8,0,1789360529.2194114,real,recon_multi_07,,generator_ground_truth,docker_multihost,3,1,8,1.5613,24,0.7184,0.1526
recon_multi_07__benign_8,0,1789360529.3694115,real,recon_multi_07,,generator_ground_truth,docker_multihost,3,1,9,1.585,24,0.7075,0.1456
recon_multi_07__benign_8,0,1789360529.5194116,real,recon_multi_07,,generator_ground_truth,docker_multihost,3,1,9,1.585,24,0.7075,0.1456
recon_multi_07__benign_8,0,1789360529.6694117,real,recon_multi_07,,generator_ground_truth,docker_multihost,3,1,9,1.585,24,0.7075,0.1456
recon_multi_07__benign_8,0,1789360529.8194118,real,recon_multi_07,,generator_ground_truth,docker_multihost,3,1,9,1.585,24,0.7075,0.1456
recon_multi_07__benign_8,0,1789360529.9694118,real,recon_multi_07,,generator_ground_truth,docker_multihost,3,1,9,1.585,24,0.7075,0.1456
recon_multi_07__benign_8,0,1789360530.119412,real,recon_multi_07,,generator_ground_truth,docker_multihost,3,1,9,1.585,24,0.7075,0.1456
recon_multi_07__benign_8,0,1789360530.269412,real,recon_multi_07,,generator_ground_truth,docker_multihost,3,1,10,1.571,24,0.7257,0.1466
recon_multi_07__benign_8,0,1789360530.4194121,real,recon_multi_07,,generator_ground_truth,docker_multihost,3,1,10,1.571,24,0.7257,0.1466
recon_multi_07__benign_8,0,1789360530.5694122,real,recon_multi_07,,generator_ground_truth,docker_multihost,3,1,10,1.571,24,0.7257,0.1466
recon_multi_07__benign_8,0,1789360530.7194123,real,recon_multi_07,,generator_ground_truth,docker_multihost,3,1,10,1.571,24,0.7257,0.1466
recon_multi_07__benign_8,0,1789360530.8694124,real,recon_multi_07,,generator_ground_truth,docker_multihost,3,1,10,1.571,24,0.7257,0.1466
recon_multi_07__benign_8,0,1789360531.0194125,real,recon_multi_07,,generator_ground_truth,docker_multihost,3,1,11,1.5726,24,0.7308,0.1399
recon_multi_07__benign_8,0,1789360531.1694126,real,recon_multi_07,,generator_ground_truth,docker_multihost,3,1,11,1.5726,24,0.7308,0.1399
recon_multi_07__benign_8,0,1789360531.3194127,real,recon_multi_07,,generator_ground_truth,docker_multihost,3,1,11,1.5726,24,0.7308,0.1399
recon_multi_07__benign_8,0,1789360531.4694128,real,recon_multi_07,,generator_ground_truth,docker_multihost,3,1,11,1.5726,24,0.7308,0.1399
recon_multi_07__benign_8,0,1789360531.619413,real,recon_multi_07,,generator_ground_truth,docker_multihost,3,1,11,1.5726,24,0.7308,0.1399
recon_multi_07__benign_8,0,1789360531.769413,real,recon_multi_07,,generator_ground_truth,docker_multihost,3,1,12,1.585,24,0.7293,0.1335
recon_multi_07__benign_8,0,1789360531.919413,real,recon_multi_07,,generator_ground_truth,docker_multihost,3,1,12,1.585,24,0.7293,0.1335
recon_multi_07__benign_8,0,1789360532.0694132,real,recon_multi_07,,generator_ground_truth,docker_multihost,3,1,12,1.585,24,0.7293,0.1335
recon_multi_07__benign_8,0,1789360532.2194133,real,recon_multi_07,,generator_ground_truth,docker_multihost,3,1,13,1.5766,24,0.7106,0.142
recon_multi_07__benign_8,0,1789360532.3694134,real,recon_multi_07,,generator_ground_truth,docker_multihost,3,1,13,1.5766,24,0.7106,0.142
recon_multi_07__benign_8,0,1789360532.5194135,real,recon_multi_07,,generator_ground_truth,docker_multihost,3,1,13,1.5766,24,0.7106,0.142
recon_multi_07__benign_8,0,1789360532.6694136,real,recon_multi_07,,generator_ground_truth,docker_multihost,3,1,13,1.5766,24,0.7106,0.142
recon_multi_07__benign_8,0,1789360532.8194137,real,recon_multi_07,,generator_ground_truth,docker_multihost,3,1,14,1.5774,24,0.6974,0.144
recon_multi_07__benign_8,0,1789360532.9694138,real,recon_multi_07,,generator_ground_truth,docker_multihost,3,1,14,1.5774,24,0.6974,0.144
recon_multi_07__benign_8,0,1789360533.1194139,real,recon_multi_07,,generator_ground_truth,docker_multihost,3,1,14,1.5774,24,0.6974,0.144
recon_multi_07__benign_8,0,1789360533.269414,real,recon_multi_07,,generator_ground_truth,docker_multihost,3,1,14,1.5774,24,0.6974,0.144
recon_multi_07__benign_8,0,1789360533.419414,real,recon_multi_07,,generator_ground_truth,docker_multihost,3,1,14,1.5774,24,0.6974,0.144
recon_multi_07__benign_8,0,1789360533.5694141,real,recon_multi_07,,generator_ground_truth,docker_multihost,3,1,14,1.5774,24,0.6974,0.144
recon_multi_07__benign_8,0,1789360533.7194142,real,recon_multi_07,,generator_ground_truth,docker_multihost,3,1,15,1.585,24,0.7148,0.1524
recon_multi_07__benign_8,0,1789360533.8694143,real,recon_multi_07,,generator_ground_truth,docker_multihost,3,1,15,1.585,24,0.7148,0.1524
recon_multi_07__benign_8,0,1789360534.0194144,real,recon_multi_07,,generator_ground_truth,docker_multihost,3,1,15,1.585,24,0.7148,0.1524
recon_multi_07__benign_8,0,1789360534.1694145,real,recon_multi_07,,generator_ground_truth,docker_multihost,3,1,15,1.585,24,0.7148,0.1524
recon_multi_07__benign_8,0,1789360534.3194146,real,recon_multi_07,,generator_ground_truth,docker_multihost,3,1,15,1.585,24,0.7148,0.1524
recon_multi_07__benign_8,0,1789360534.4694147,real,recon_multi_07,,generator_ground_truth,docker_multihost,3,1,15,1.585,24,0.7148,0.1524
recon_multi_07__benign_8,0,1789360534.6194148,real,recon_multi_07,,generator_ground_truth,docker_multihost,3,1,16,1.5794,24,0.7307,0.1587
recon_multi_07__benign_8,0,1789360534.769415,real,recon_multi_07,,generator_ground_truth,docker_multihost,3,1,16,1.5794,24,0.7307,0.1587
recon_multi_07__benign_8,0,1789360534.919415,real,recon_multi_07,,generator_ground_truth,docker_multihost,3,1,16,1.5794,24,0.7307,0.1587
recon_multi_07__benign_8,0,1789360535.069415,real,recon_multi_07,,generator_ground_truth,docker_multihost,3,1,16,1.5794,24,0.7307,0.1587
recon_multi_07__benign_8,0,1789360535.2194152,real,recon_multi_07,,generator_ground_truth,docker_multihost,3,1,16,1.5794,24,0.7307,0.1587
recon_multi_07__benign_8,0,1789360535.3694153,real,recon_multi_07,,generator_ground_truth,docker_multihost,3,1,17,1.5799,24,0.7334,0.154
recon_multi_07__benign_8,0,1789360535.5194154,real,recon_multi_07,,generator_ground_truth,docker_multihost,3,1,17,1.5799,24,0.7334,0.154
recon_multi_07__benign_8,0,1789360535.6694155,real,recon_multi_07,,generator_ground_truth,docker_multihost,3,1,17,1.5799,24,0.7334,0.154
recon_multi_07__benign_8,0,1789360535.8194156,real,recon_multi_07,,generator_ground_truth,docker_multihost,3,1,17,1.5799,24,0.7334,0.154
recon_multi_07__benign_8,0,1789360535.9694157,real,recon_multi_07,,generator_ground_truth,docker_multihost,3,1,17,1.5799,24,0.7334,0.154
recon_multi_07__benign_8,0,1789360536.1194158,real,recon_multi_07,,generator_ground_truth,docker_multihost,3,1,17,1.5799,24,0.7334,0.154
recon_multi_07__benign_8,0,1789360536.2694159,real,recon_multi_07,,generator_ground_truth,docker_multihost,3,1,18,1.585,24,0.7442,0.1556
recon_multi_07__benign_8,0,1789360536.419416,real,recon_multi_07,,generator_ground_truth,docker_multihost,3,1,18,1.585,24,0.7442,0.1556
recon_multi_07__benign_8,0,1789360536.569416,real,recon_multi_07,,generator_ground_truth,docker_multihost,3,1,18,1.585,24,0.7442,0.1556
recon_multi_07__benign_8,0,1789360536.7194161,real,recon_multi_07,,generator_ground_truth,docker_multihost,3,1,18,1.585,24,0.7442,0.1556
recon_multi_07__benign_8,0,1789360536.8694162,real,recon_multi_07,,generator_ground_truth,docker_multihost,3,1,18,1.585,24,0.7442,0.1556
recon_multi_07__benign_8,0,1789360537.0194163,real,recon_multi_07,,generator_ground_truth,docker_multihost,3,1,18,1.585,24,0.7442,0.1556
recon_multi_07__benign_8,0,1789360537.1694164,real,recon_multi_07,,generator_ground_truth,docker_multihost,3,1,19,1.581,24,0.7468,0.1516
recon_multi_07__benign_8,0,1789360537.3194165,real,recon_multi_07,,generator_ground_truth,docker_multihost,3,1,19,1.581,24,0.7468,0.1516
recon_multi_07__benign_8,0,1789360537.4694166,real,recon_multi_07,,generator_ground_truth,docker_multihost,3,1,19,1.581,24,0.7468,0.1516
recon_multi_07__benign_8,0,1789360537.6194167,real,recon_multi_07,,generator_ground_truth,docker_multihost,3,1,19,1.581,24,0.7468,0.1516
recon_multi_07__benign_8,0,1789360537.7694168,real,recon_multi_07,,generator_ground_truth,docker_multihost,3,1,20,1.5813,24,0.7378,0.1525
recon_multi_07__benign_8,0,1789360537.919417,real,recon_multi_07,,generator_ground_truth,docker_multihost,3,1,20,1.5813,24,0.7378,0.1525
recon_multi_07__benign_8,0,1789360538.069417,real,recon_multi_07,,generator_ground_truth,docker_multihost,3,1,20,1.5813,24,0.7378,0.1525
recon_multi_07__benign_8,0,1789360538.219417,real,recon_multi_07,,generator_ground_truth,docker_multihost,3,1,21,1.585,24,0.7291,0.1534
recon_multi_07__benign_8,0,1789360538.3694172,real,recon_multi_07,,generator_ground_truth,docker_multihost,3,1,21,1.585,24,0.7291,0.1534
recon_multi_07__benign_8,0,1789360538.5194173,real,recon_multi_07,,generator_ground_truth,docker_multihost,3,1,21,1.585,24,0.7291,0.1534
recon_multi_07__benign_8,0,1789360538.6694174,real,recon_multi_07,,generator_ground_truth,docker_multihost,3,1,21,1.585,24,0.7291,0.1534
recon_multi_07__benign_8,0,1789360538.8194175,real,recon_multi_07,,generator_ground_truth,docker_multihost,3,1,21,1.585,24,0.7291,0.1534
recon_multi_07__benign_8,0,1789360538.9694176,real,recon_multi_07,,generator_ground_truth,docker_multihost,3,1,22,1.582,24,0.7256,0.1505
recon_multi_07__benign_8,0,1789360539.1194177,real,recon_multi_07,,generator_ground_truth,docker_multihost,3,1,22,1.582,24,0.7256,0.1505
recon_multi_07__benign_8,0,1789360539.2694178,real,recon_multi_07,,generator_ground_truth,docker_multihost,3,1,22,1.582,24,0.7256,0.1505
recon_multi_07__benign_8,0,1789360539.4194179,real,recon_multi_07,,generator_ground_truth,docker_multihost,3,1,22,1.582,24,0.7256,0.1505
recon_multi_07__benign_8,0,1789360539.569418,real,recon_multi_07,,generator_ground_truth,docker_multihost,3,1,22,1.582,24,0.7256,0.1505
recon_multi_07__benign_8,0,1789360539.719418,real,recon_multi_07,,generator_ground_truth,docker_multihost,3,1,22,1.582,24,0.7256,0.1505
recon_multi_07__benign_8,0,1789360539.8694181,real,recon_multi_07,,generator_ground_truth,docker_multihost,3,1,23,1.5822,24,0.7358,0.1543
recon_multi_07__benign_8,0,1789360540.0194182,real,recon_multi_07,,generator_ground_truth,docker_multihost,3,1,23,1.5822,24,0.7358,0.1543
recon_multi_07__benign_8,0,1789360540.1694183,real,recon_multi_07,,generator_ground_truth,docker_multihost,3,1,23,1.5822,24,0.7358,0.1543
recon_multi_07__benign_8,0,1789360540.3194184,real,recon_multi_07,,generator_ground_truth,docker_multihost,3,1,23,1.5822,24,0.7358,0.1543
recon_multi_07__benign_8,0,1789360540.4694185,real,recon_multi_07,,generator_ground_truth,docker_multihost,3,1,23,1.5822,24,0.7358,0.1543
recon_multi_07__benign_8,0,1789360540.6194186,real,recon_multi_07,,generator_ground_truth,docker_multihost,3,1,23,1.5822,24,0.7358,0.1543
recon_multi_07__benign_8,0,1789360540.7694187,real,recon_multi_07,,generator_ground_truth,docker_multihost,3,1,24,1.585,24,0.7429,0.1546
recon_multi_07__benign_8,0,1789360540.9194188,real,recon_multi_07,,generator_ground_truth,docker_multihost,3,1,24,1.585,24,0.7429,0.1546
recon_multi_07__benign_8,0,1789360541.069419,real,recon_multi_07,,generator_ground_truth,docker_multihost,3,1,24,1.585,24,0.7429,0.1546
recon_multi_07__benign_8,0,1789360541.219419,real,recon_multi_07,,generator_ground_truth,docker_multihost,3,1,24,1.585,24,0.7429,0.1546
recon_multi_07__benign_8,0,1789360541.369419,real,recon_multi_07,,generator_ground_truth,docker_multihost,3,1,24,1.585,24,0.7429,0.1546
recon_multi_07__benign_8,0,1789360541.5194192,real,recon_multi_07,,generator_ground_truth,docker_multihost,3,1,24,1.585,24,0.7429,0.1546
recon_multi_07__recon_8,1,1789360543.7337842,real,recon_multi_07,port_scan,generator_ground_truth,docker_multihost,6,1,6,2.585,53,0.0244,0.0001
recon_multi_07__recon_8,1,1789360543.8837843,real,recon_multi_07,port_scan,generator_ground_truth,docker_multihost,12,1,12,3.585,53,0.0244,0.0001
recon_multi_07__recon_8,1,1789360544.0337844,real,recon_multi_07,port_scan,generator_ground_truth,docker_multihost,19,1,19,4.2479,64,0.0244,0.0003
recon_multi_07__recon_8,1,1789360544.1837845,real,recon_multi_07,port_scan,generator_ground_truth,docker_multihost,25,1,25,4.6439,64,0.0244,0.0003
recon_multi_07__recon_8,1,1789360544.3337846,real,recon_multi_07,port_scan,generator_ground_truth,docker_multihost,28,1,28,4.8074,64,0.0244,0.0002
recon_multi_07__recon_8,1,1789360544.4837847,real,recon_multi_07,port_scan,generator_ground_truth,docker_multihost,28,1,28,4.8074,64,0.0244,0.0002
recon_multi_07__recon_8,1,1789360544.6337848,real,recon_multi_07,port_scan,generator_ground_truth,docker_multihost,28,1,28,4.8074,64,0.0244,0.0002
recon_multi_07__recon_8,1,1789360544.7837849,real,recon_multi_07,port_scan,generator_ground_truth,docker_multihost,28,1,28,4.8074,64,0.0244,0.0002
recon_multi_07__recon_8,1,1789360544.933785,real,recon_multi_07,port_scan,generator_ground_truth,docker_multihost,28,1,28,4.8074,64,0.0244,0.0002
recon_multi_07__recon_8,1,1789360545.083785,real,recon_multi_07,port_scan,generator_ground_truth,docker_multihost,28,1,28,4.8074,64,0.0244,0.0002
recon_multi_07__recon_8,1,1789360545.2337852,real,recon_multi_07,port_scan,generator_ground_truth,docker_multihost,28,1,28,4.8074,64,0.0244,0.0002
recon_multi_07__recon_8,1,1789360545.3837852,real,recon_multi_07,port_scan,generator_ground_truth,docker_multihost,28,1,28,4.8074,64,0.0244,0.0002
recon_multi_07__recon_8,1,1789360545.5337853,real,recon_multi_07,port_scan,generator_ground_truth,docker_multihost,28,1,28,4.8074,64,0.0244,0.0002
recon_multi_07__recon_8,1,1789360545.6837854,real,recon_multi_07,port_scan,generator_ground_truth,docker_multihost,28,1,28,4.8074,64,0.0244,0.0002
recon_multi_07__recon_8,1,1789360545.8337855,real,recon_multi_07,port_scan,generator_ground_truth,docker_multihost,28,1,28,4.8074,64,0.0244,0.0002
recon_multi_07__recon_8,1,1789360545.9837856,real,recon_multi_07,port_scan,generator_ground_truth,docker_multihost,28,1,28,4.8074,64,0.0244,0.0002
recon_multi_07__recon_8,1,1789360546.1337857,real,recon_multi_07,port_scan,generator_ground_truth,docker_multihost,28,1,28,4.8074,64,0.0244,0.0002
recon_multi_07__recon_8,1,1789360546.2837858,real,recon_multi_07,port_scan,generator_ground_truth,docker_multihost,28,1,28,4.8074,64,0.0244,0.0002
recon_multi_07__recon_8,1,1789360546.433786,real,recon_multi_07,port_scan,generator_ground_truth,docker_multihost,28,1,28,4.8074,64,0.0244,0.0002
recon_multi_07__recon_8,1,1789360546.583786,real,recon_multi_07,port_scan,generator_ground_truth,docker_multihost,28,1,28,4.8074,64,0.0244,0.0002
recon_multi_07__recon_8,1,1789360546.733786,real,recon_multi_07,port_scan,generator_ground_truth,docker_multihost,28,1,28,4.8074,64,0.0244,0.0002
recon_multi_07__recon_8,1,1789360546.8837862,real,recon_multi_07,port_scan,generator_ground_truth,docker_multihost,28,1,28,4.8074,64,0.0244,0.0002
recon_multi_07__recon_8,1,1789360547.0337863,real,recon_multi_07,port_scan,generator_ground_truth,docker_multihost,28,1,28,4.8074,64,0.0244,0.0002
recon_multi_07__recon_8,1,1789360547.1837864,real,recon_multi_07,port_scan,generator_ground_truth,docker_multihost,28,1,28,4.8074,64,0.0244,0.0002
recon_multi_07__recon_8,1,1789360547.3337865,real,recon_multi_07,port_scan,generator_ground_truth,docker_multihost,28,1,28,4.8074,64,0.0244,0.0002
recon_multi_07__recon_8,1,1789360547.4837866,real,recon_multi_07,port_scan,generator_ground_truth,docker_multihost,28,1,28,4.8074,64,0.0244,0.0002
recon_multi_07__recon_8,1,1789360547.6337867,real,recon_multi_07,port_scan,generator_ground_truth,docker_multihost,28,1,28,4.8074,64,0.0244,0.0002
recon_multi_07__recon_8,1,1789360547.7837868,real,recon_multi_07,port_scan,generator_ground_truth,docker_multihost,28,1,28,4.8074,64,0.0244,0.0002
recon_multi_07__recon_8,1,1789360547.9337869,real,recon_multi_07,port_scan,generator_ground_truth,docker_multihost,28,1,28,4.8074,64,0.0244,0.0002
recon_multi_07__recon_8,1,1789360548.083787,real,recon_multi_07,port_scan,generator_ground_truth,docker_multihost,28,1,28,4.8074,64,0.0244,0.0002
recon_multi_07__recon_8,1,1789360548.233787,real,recon_multi_07,port_scan,generator_ground_truth,docker_multihost,28,1,28,4.8074,64,0.0244,0.0002
recon_multi_07__recon_8,1,1789360548.3837872,real,recon_multi_07,port_scan,generator_ground_truth,docker_multihost,28,1,28,4.8074,64,0.0244,0.0002
recon_multi_07__recon_8,1,1789360548.5337873,real,recon_multi_07,port_scan,generator_ground_truth,docker_multihost,28,1,28,4.8074,64,0.0244,0.0002
recon_multi_07__recon_8,1,1789360548.6837873,real,recon_multi_07,port_scan,generator_ground_truth,docker_multihost,28,1,28,4.8074,64,0.0244,0.0002
recon_multi_07__recon_8,1,1789360548.8337874,real,recon_multi_07,port_scan,generator_ground_truth,docker_multihost,28,1,28,4.8074,64,0.0244,0.0002
recon_multi_07__recon_8,1,1789360548.9837875,real,recon_multi_07,port_scan,generator_ground_truth,docker_multihost,28,1,28,4.8074,64,0.0244,0.0002
recon_multi_07__recon_8,1,1789360549.1337876,real,recon_multi_07,port_scan,generator_ground_truth,docker_multihost,28,1,28,4.8074,64,0.0244,0.0002
recon_multi_07__recon_8,1,1789360549.2837877,real,recon_multi_07,port_scan,generator_ground_truth,docker_multihost,28,1,28,4.8074,64,0.0244,0.0002
recon_multi_07__recon_8,1,1789360549.4337878,real,recon_multi_07,port_scan,generator_ground_truth,docker_multihost,28,1,28,4.8074,64,0.0244,0.0002
recon_multi_07__recon_8,1,1789360549.583788,real,recon_multi_07,port_scan,generator_ground_truth,docker_multihost,28,1,28,4.8074,64,0.0244,0.0002
recon_multi_07__recon_8,1,1789360549.733788,real,recon_multi_07,port_scan,generator_ground_truth,docker_multihost,28,1,28,4.8074,64,0.0244,0.0002
recon_multi_07__recon_8,1,1789360549.883788,real,recon_multi_07,port_scan,generator_ground_truth,docker_multihost,28,1,28,4.8074,64,0.0244,0.0002
recon_multi_07__recon_8,1,1789360550.0337882,real,recon_multi_07,port_scan,generator_ground_truth,docker_multihost,28,1,28,4.8074,64,0.0244,0.0002
recon_multi_07__recon_8,1,1789360550.1837883,real,recon_multi_07,port_scan,generator_ground_truth,docker_multihost,28,1,28,4.8074,64,0.0244,0.0002
recon_multi_07__recon_8,1,1789360550.3337884,real,recon_multi_07,port_scan,generator_ground_truth,docker_multihost,28,1,28,4.8074,64,0.0244,0.0002
recon_multi_07__recon_8,1,1789360550.4837885,real,recon_multi_07,port_scan,generator_ground_truth,docker_multihost,28,1,28,4.8074,64,0.0244,0.0002
recon_multi_07__recon_8,1,1789360550.6337886,real,recon_multi_07,port_scan,generator_ground_truth,docker_multihost,28,1,28,4.8074,64,0.0244,0.0002
recon_multi_07__recon_8,1,1789360550.7837887,real,recon_multi_07,port_scan,generator_ground_truth,docker_multihost,34,1,34,5.0875,130,0.2176,1.0931
recon_multi_07__recon_8,1,1789360550.9337888,real,recon_multi_07,port_scan,generator_ground_truth,docker_multihost,40,1,40,5.3219,130,0.1879,1.0079
recon_multi_07__recon_8,1,1789360551.0837889,real,recon_multi_07,port_scan,generator_ground_truth,docker_multihost,46,1,46,5.5236,131,0.1661,0.94
recon_multi_07__recon_8,1,1789360551.233789,real,recon_multi_07,port_scan,generator_ground_truth,docker_multihost,52,1,52,5.7004,131,0.1494,0.8841
recon_multi_07__recon_8,1,1789360551.383789,real,recon_multi_07,port_scan,generator_ground_truth,docker_multihost,59,1,59,5.8826,131,0.1343,0.8301
recon_multi_07__recon_8,1,1789360551.5337892,real,recon_multi_07,port_scan,generator_ground_truth,docker_multihost,65,1,65,6.0224,132,0.124,0.7908
recon_multi_07__recon_8,1,1789360551.6837893,real,recon_multi_07,port_scan,generator_ground_truth,docker_multihost,71,1,71,6.1497,132,0.1155,0.7567
recon_multi_07__recon_8,1,1789360551.8337893,real,recon_multi_07,port_scan,generator_ground_truth,docker_multihost,77,1,77,6.2668,132,0.1083,0.7266
recon_multi_07__recon_8,1,1789360551.9837894,real,recon_multi_07,port_scan,generator_ground_truth,docker_multihost,83,1,83,6.375,132,0.1022,0.6999
recon_multi_07__recon_8,1,1789360552.1337895,real,recon_multi_07,port_scan,generator_ground_truth,docker_multihost,89,1,89,6.4757,132,0.0969,0.6759
recon_multi_07__recon_8,1,1789360552.2837896,real,recon_multi_07,port_scan,generator_ground_truth,docker_multihost,95,1,95,6.5699,132,0.0922,0.6542
recon_multi_07__recon_8,1,1789360552.4337897,real,recon_multi_07,port_scan,generator_ground_truth,docker_multihost,95,1,95,6.5699,132,0.0922,0.6542
recon_multi_07__recon_8,1,1789360552.5837898,real,recon_multi_07,port_scan,generator_ground_truth,docker_multihost,95,1,95,6.5699,132,0.0922,0.6542
recon_multi_07__recon_8,1,1789360552.73379,real,recon_multi_07,port_scan,generator_ground_truth,docker_multihost,95,1,95,6.5699,132,0.0922,0.6542
recon_multi_07__recon_8,1,1789360552.88379,real,recon_multi_07,port_scan,generator_ground_truth,docker_multihost,95,1,95,6.5699,132,0.0922,0.6542
recon_multi_07__recon_8,1,1789360553.03379,real,recon_multi_07,port_scan,generator_ground_truth,docker_multihost,95,1,95,6.5699,132,0.0922,0.6542
recon_multi_07__recon_8,1,1789360553.1837902,real,recon_multi_07,port_scan,generator_ground_truth,docker_multihost,95,1,95,6.5699,132,0.0922,0.6542
recon_multi_07__recon_8,1,1789360553.3337903,real,recon_multi_07,port_scan,generator_ground_truth,docker_multihost,95,1,95,6.5699,132,0.0922,0.6542
recon_multi_07__recon_8,1,1789360553.4837904,real,recon_multi_07,port_scan,generator_ground_truth,docker_multihost,95,1,95,6.5699,132,0.0922,0.6542
recon_multi_07__recon_8,1,1789360553.6337905,real,recon_multi_07,port_scan,generator_ground_truth,docker_multihost,95,1,95,6.5699,132,0.0922,0.6542
recon_multi_07__recon_8,1,1789360553.7837906,real,recon_multi_07,port_scan,generator_ground_truth,docker_multihost,95,1,95,6.5699,132,0.0922,0.6542
recon_multi_07__recon_8,1,1789360553.9337907,real,recon_multi_07,port_scan,generator_ground_truth,docker_multihost,95,1,95,6.5699,132,0.0922,0.6542
recon_multi_07__recon_8,1,1789360554.0837908,real,recon_multi_07,port_scan,generator_ground_truth,docker_multihost,95,1,95,6.5699,132,0.0922,0.6542
recon_multi_07__recon_8,1,1789360554.2337909,real,recon_multi_07,port_scan,generator_ground_truth,docker_multihost,95,1,95,6.5699,132,0.0922,0.6542
recon_multi_07__recon_8,1,1789360554.383791,real,recon_multi_07,port_scan,generator_ground_truth,docker_multihost,95,1,95,6.5699,132,0.0922,0.6542
recon_multi_07__recon_8,1,1789360554.533791,real,recon_multi_07,port_scan,generator_ground_truth,docker_multihost,95,1,95,6.5699,132,0.0922,0.6542
recon_multi_07__recon_8,1,1789360554.6837912,real,recon_multi_07,port_scan,generator_ground_truth,docker_multihost,95,1,95,6.5699,132,0.0922,0.6542
recon_multi_07__recon_8,1,1789360554.8337913,real,recon_multi_07,port_scan,generator_ground_truth,docker_multihost,95,1,95,6.5699,132,0.0922,0.6542
recon_multi_07__recon_8,1,1789360554.9837914,real,recon_multi_07,port_scan,generator_ground_truth,docker_multihost,95,1,95,6.5699,132,0.0922,0.6542
recon_multi_07__recon_8,1,1789360555.1337914,real,recon_multi_07,port_scan,generator_ground_truth,docker_multihost,95,1,95,6.5699,132,0.0922,0.6542
recon_multi_07__recon_8,1,1789360555.2837915,real,recon_multi_07,port_scan,generator_ground_truth,docker_multihost,95,1,95,6.5699,132,0.0922,0.6542
recon_multi_07__recon_8,1,1789360555.4337916,real,recon_multi_07,port_scan,generator_ground_truth,docker_multihost,95,1,95,6.5699,132,0.0922,0.6542
recon_multi_07__recon_8,1,1789360555.5837917,real,recon_multi_07,port_scan,generator_ground_truth,docker_multihost,95,1,95,6.5699,132,0.0922,0.6542
recon_multi_07__recon_8,1,1789360555.7337918,real,recon_multi_07,port_scan,generator_ground_truth,docker_multihost,95,1,95,6.5699,132,0.0922,0.6542
recon_multi_07__recon_8,1,1789360555.883792,real,recon_multi_07,port_scan,generator_ground_truth,docker_multihost,95,1,95,6.5699,132,0.0922,0.6542
recon_multi_07__recon_8,1,1789360556.033792,real,recon_multi_07,port_scan,generator_ground_truth,docker_multihost,95,1,95,6.5699,132,0.0922,0.6542
recon_multi_07__recon_8,1,1789360556.183792,real,recon_multi_07,port_scan,generator_ground_truth,docker_multihost,95,1,95,6.5699,132,0.0922,0.6542
recon_multi_07__recon_8,1,1789360556.3337922,real,recon_multi_07,port_scan,generator_ground_truth,docker_multihost,95,1,95,6.5699,132,0.0922,0.6542
recon_multi_07__recon_8,1,1789360556.4837923,real,recon_multi_07,port_scan,generator_ground_truth,docker_multihost,95,1,95,6.5699,132,0.0922,0.6542
recon_multi_07__recon_8,1,1789360556.6337924,real,recon_multi_07,port_scan,generator_ground_truth,docker_multihost,95,1,95,6.5699,132,0.0922,0.6542
recon_multi_07__recon_8,1,1789360556.7837925,real,recon_multi_07,port_scan,generator_ground_truth,docker_multihost,95,1,95,6.5699,132,0.0922,0.6542
recon_multi_07__recon_8,1,1789360556.9337926,real,recon_multi_07,port_scan,generator_ground_truth,docker_multihost,95,1,95,6.5699,132,0.0922,0.6542
recon_multi_07__recon_8,1,1789360557.0837927,real,recon_multi_07,port_scan,generator_ground_truth,docker_multihost,95,1,95,6.5699,132,0.0922,0.6542
recon_multi_07__recon_8,1,1789360557.2337928,real,recon_multi_07,port_scan,generator_ground_truth,docker_multihost,102,1,102,6.6724,195,0.1351,0.7865
recon_multi_07__recon_8,1,1789360557.3837929,real,recon_multi_07,port_scan,generator_ground_truth,docker_multihost,108,1,108,6.7549,198,0.1289,0.7646
recon_multi_07__recon_8,1,1789360557.533793,real,recon_multi_07,port_scan,generator_ground_truth,docker_multihost,114,1,114,6.8329,198,0.1233,0.7444
recon_multi_07__recon_8,1,1789360557.683793,real,recon_multi_07,port_scan,generator_ground_truth,docker_multihost,119,1,120,6.8902,198,0.1183,0.7257
recon_multi_07__recon_8,1,1789360557.8337932,real,recon_multi_07,port_scan,generator_ground_truth,docker_multihost,125,1,126,6.9614,198,0.1138,0.7084
recon_multi_07__recon_8,1,1789360557.9837933,real,recon_multi_07,port_scan,generator_ground_truth,docker_multihost,131,1,132,7.0292,198,0.1097,0.6922
recon_multi_07__recon_8,1,1789360558.1337934,real,recon_multi_07,port_scan,generator_ground_truth,docker_multihost,137,1,138,7.094,198,0.106,0.6771
recon_multi_07__recon_8,1,1789360558.2837934,real,recon_multi_07,port_scan,generator_ground_truth,docker_multihost,144,1,145,7.1661,198,0.102,0.6607
recon_multi_07__recon_8,1,1789360558.4337935,real,recon_multi_07,port_scan,generator_ground_truth,docker_multihost,150,1,151,7.2252,198,0.0989,0.6475
recon_multi_07__recon_8,1,1789360558.5837936,real,recon_multi_07,port_scan,generator_ground_truth,docker_multihost,156,1,157,7.2819,198,0.096,0.6351
recon_multi_07__recon_8,1,1789360558.7337937,real,recon_multi_07,port_scan,generator_ground_truth,docker_multihost,161,1,162,7.3275,198,0.0938,0.6253
recon_multi_07__recon_8,1,1789360558.8837938,real,recon_multi_07,port_scan,generator_ground_truth,docker_multihost,161,1,162,7.3275,198,0.0938,0.6253
recon_multi_07__recon_8,1,1789360559.033794,real,recon_multi_07,port_scan,generator_ground_truth,docker_multihost,161,1,162,7.3275,198,0.0938,0.6253
recon_multi_07__recon_8,1,1789360559.183794,real,recon_multi_07,port_scan,generator_ground_truth,docker_multihost,161,1,162,7.3275,198,0.0938,0.6253
recon_multi_07__recon_8,1,1789360559.333794,real,recon_multi_07,port_scan,generator_ground_truth,docker_multihost,161,1,162,7.3275,198,0.0938,0.6253
recon_multi_07__recon_8,1,1789360559.4837942,real,recon_multi_07,port_scan,generator_ground_truth,docker_multihost,161,1,162,7.3275,198,0.0938,0.6253
recon_multi_07__recon_8,1,1789360559.6337943,real,recon_multi_07,port_scan,generator_ground_truth,docker_multihost,161,1,162,7.3275,198,0.0938,0.6253
recon_multi_07__recon_8,1,1789360559.7837944,real,recon_multi_07,port_scan,generator_ground_truth,docker_multihost,161,1,162,7.3275,198,0.0938,0.6253
recon_multi_07__recon_8,1,1789360559.9337945,real,recon_multi_07,port_scan,generator_ground_truth,docker_multihost,161,1,162,7.3275,198,0.0938,0.6253
recon_multi_07__recon_8,1,1789360560.0837946,real,recon_multi_07,port_scan,generator_ground_truth,docker_multihost,161,1,162,7.3275,198,0.0938,0.6253
recon_multi_07__recon_8,1,1789360560.2337947,real,recon_multi_07,port_scan,generator_ground_truth,docker_multihost,161,1,162,7.3275,198,0.0938,0.6253
recon_multi_07__recon_8,1,1789360560.3837948,real,recon_multi_07,port_scan,generator_ground_truth,docker_multihost,161,1,162,7.3275,198,0.0938,0.6253
recon_multi_07__recon_8,1,1789360560.5337949,real,recon_multi_07,port_scan,generator_ground_truth,docker_multihost,161,1,162,7.3275,198,0.0938,0.6253
recon_multi_07__recon_8,1,1789360560.683795,real,recon_multi_07,port_scan,generator_ground_truth,docker_multihost,161,1,162,7.3275,198,0.0938,0.6253
recon_multi_07__recon_8,1,1789360560.833795,real,recon_multi_07,port_scan,generator_ground_truth,docker_multihost,161,1,162,7.3275,198,0.0938,0.6253
recon_multi_07__recon_8,1,1789360560.9837952,real,recon_multi_07,port_scan,generator_ground_truth,docker_multihost,161,1,162,7.3275,198,0.0938,0.6253
recon_multi_07__recon_8,1,1789360561.1337953,real,recon_multi_07,port_scan,generator_ground_truth,docker_multihost,161,1,162,7.3275,198,0.0938,0.6253
recon_multi_07__recon_8,1,1789360561.2837954,real,recon_multi_07,port_scan,generator_ground_truth,docker_multihost,161,1,162,7.3275,198,0.0938,0.6253
recon_multi_07__recon_8,1,1789360561.4337955,real,recon_multi_07,port_scan,generator_ground_truth,docker_multihost,161,1,162,7.3275,198,0.0938,0.6253
recon_multi_07__recon_8,1,1789360561.5837955,real,recon_multi_07,port_scan,generator_ground_truth,docker_multihost,161,1,162,7.3275,198,0.0938,0.6253
recon_multi_07__recon_8,1,1789360561.7337956,real,recon_multi_07,port_scan,generator_ground_truth,docker_multihost,161,1,162,7.3275,198,0.0938,0.6253
recon_multi_07__recon_8,1,1789360561.8837957,real,recon_multi_07,port_scan,generator_ground_truth,docker_multihost,161,1,162,7.3275,198,0.0938,0.6253
recon_multi_07__recon_8,1,1789360562.0337958,real,recon_multi_07,port_scan,generator_ground_truth,docker_multihost,161,1,162,7.3275,198,0.0938,0.6253
recon_multi_07__recon_8,1,1789360562.183796,real,recon_multi_07,port_scan,generator_ground_truth,docker_multihost,161,1,162,7.3275,198,0.0938,0.6253
recon_multi_07__recon_8,1,1789360562.333796,real,recon_multi_07,port_scan,generator_ground_truth,docker_multihost,161,1,162,7.3275,198,0.0938,0.6253
recon_multi_07__recon_8,1,1789360562.4837961,real,recon_multi_07,port_scan,generator_ground_truth,docker_multihost,161,1,162,7.3275,198,0.0938,0.6253
recon_multi_07__recon_8,1,1789360562.6337962,real,recon_multi_07,port_scan,generator_ground_truth,docker_multihost,161,1,162,7.3275,198,0.0938,0.6253
recon_multi_07__recon_8,1,1789360562.7837963,real,recon_multi_07,port_scan,generator_ground_truth,docker_multihost,161,1,162,7.3275,198,0.0938,0.6253
recon_multi_07__recon_8,1,1789360562.9337964,real,recon_multi_07,port_scan,generator_ground_truth,docker_multihost,161,1,162,7.3275,198,0.0938,0.6253
recon_multi_07__recon_8,1,1789360563.0837965,real,recon_multi_07,port_scan,generator_ground_truth,docker_multihost,161,1,162,7.3275,198,0.0938,0.6253
recon_multi_07__recon_8,1,1789360563.2337966,real,recon_multi_07,port_scan,generator_ground_truth,docker_multihost,161,1,162,7.3275,198,0.0938,0.6253
recon_multi_07__recon_8,1,1789360563.3837967,real,recon_multi_07,port_scan,generator_ground_truth,docker_multihost,161,1,162,7.3275,198,0.0938,0.6253
recon_multi_07__recon_8,1,1789360563.5337968,real,recon_multi_07,port_scan,generator_ground_truth,docker_multihost,161,1,162,7.3275,198,0.0938,0.6253
recon_multi_07__recon_8,1,1789360563.683797,real,recon_multi_07,port_scan,generator_ground_truth,docker_multihost,161,1,162,7.3275,198,0.0938,0.6253
recon_multi_07__recon_8,1,1789360563.833797,real,recon_multi_07,port_scan,generator_ground_truth,docker_multihost,161,1,162,7.3275,198,0.0938,0.6253
recon_multi_07__recon_8,1,1789360563.983797,real,recon_multi_07,port_scan,generator_ground_truth,docker_multihost,161,1,162,7.3275,198,0.0938,0.6253
recon_multi_07__recon_8,1,1789360564.1337972,real,recon_multi_07,port_scan,generator_ground_truth,docker_multihost,161,1,162,7.3275,198,0.0938,0.6253
recon_multi_07__recon_8,1,1789360564.2837973,real,recon_multi_07,port_scan,generator_ground_truth,docker_multihost,161,1,162,7.3275,198,0.0938,0.6253
recon_multi_07__recon_8,1,1789360564.4337974,real,recon_multi_07,port_scan,generator_ground_truth,docker_multihost,161,1,162,7.3275,198,0.0938,0.6253
recon_multi_07__recon_8,1,1789360564.5837975,real,recon_multi_07,port_scan,generator_ground_truth,docker_multihost,162,1,163,7.3365,237,0.1295,0.7701
recon_multi_07__recon_8,1,1789360564.7337976,real,recon_multi_07,port_scan,generator_ground_truth,docker_multihost,167,1,169,7.3772,251,0.1257,0.7564
recon_multi_07__recon_8,1,1789360564.8837976,real,recon_multi_07,port_scan,generator_ground_truth,docker_multihost,174,1,176,7.4367,251,0.1217,0.7414
recon_multi_07__recon_8,1,1789360565.0337977,real,recon_multi_07,port_scan,generator_ground_truth,docker_multihost,180,1,182,7.4858,258,0.1184,0.7292
recon_multi_07__recon_8,1,1789360565.1837978,real,recon_multi_07,port_scan,generator_ground_truth,docker_multihost,186,1,188,7.5333,262,0.1154,0.7176
recon_multi_07__benign_9,0,1789360568.2341573,real,recon_multi_07,,generator_ground_truth,docker_multihost,1,1,1,-0.0,0,0.0,0.0
recon_multi_07__benign_9,0,1789360568.3841574,real,recon_multi_07,,generator_ground_truth,docker_multihost,1,1,1,-0.0,0,0.0,0.0
recon_multi_07__benign_9,0,1789360568.5341575,real,recon_multi_07,,generator_ground_truth,docker_multihost,1,1,1,-0.0,0,0.0,0.0
recon_multi_07__benign_9,0,1789360568.6841576,real,recon_multi_07,,generator_ground_truth,docker_multihost,1,1,1,-0.0,0,0.0,0.0
recon_multi_07__benign_9,0,1789360568.8341577,real,recon_multi_07,,generator_ground_truth,docker_multihost,1,1,1,-0.0,0,0.0,0.0
recon_multi_07__benign_9,0,1789360568.9841578,real,recon_multi_07,,generator_ground_truth,docker_multihost,1,1,1,-0.0,0,0.0,0.0
recon_multi_07__benign_9,0,1789360569.134158,real,recon_multi_07,,generator_ground_truth,docker_multihost,2,1,2,1.0,32,0.9062,0.0
recon_multi_07__benign_9,0,1789360569.284158,real,recon_multi_07,,generator_ground_truth,docker_multihost,2,1,2,1.0,32,0.9062,0.0
recon_multi_07__benign_9,0,1789360569.434158,real,recon_multi_07,,generator_ground_truth,docker_multihost,2,1,2,1.0,32,0.9062,0.0
recon_multi_07__benign_9,0,1789360569.5841582,real,recon_multi_07,,generator_ground_truth,docker_multihost,2,1,2,1.0,32,0.9062,0.0
recon_multi_07__benign_9,0,1789360569.7341583,real,recon_multi_07,,generator_ground_truth,docker_multihost,2,1,2,1.0,32,0.9062,0.0
recon_multi_07__benign_9,0,1789360569.8841584,real,recon_multi_07,,generator_ground_truth,docker_multihost,2,1,2,1.0,32,0.9062,0.0
recon_multi_07__benign_9,0,1789360570.0341585,real,recon_multi_07,,generator_ground_truth,docker_multihost,3,1,3,1.585,38,0.9239,0.0177
recon_multi_07__benign_9,0,1789360570.1841586,real,recon_multi_07,,generator_ground_truth,docker_multihost,3,1,3,1.585,38,0.9239,0.0177
recon_multi_07__benign_9,0,1789360570.3341587,real,recon_multi_07,,generator_ground_truth,docker_multihost,3,1,3,1.585,38,0.9239,0.0177
recon_multi_07__benign_9,0,1789360570.4841588,real,recon_multi_07,,generator_ground_truth,docker_multihost,3,1,4,1.5,38,0.787,0.1941
recon_multi_07__benign_9,0,1789360570.6341588,real,recon_multi_07,,generator_ground_truth,docker_multihost,3,1,4,1.5,38,0.787,0.1941
recon_multi_07__benign_9,0,1789360570.784159,real,recon_multi_07,,generator_ground_truth,docker_multihost,3,1,4,1.5,38,0.787,0.1941
recon_multi_07__benign_9,0,1789360570.934159,real,recon_multi_07,,generator_ground_truth,docker_multihost,3,1,4,1.5,38,0.787,0.1941
recon_multi_07__benign_9,0,1789360571.0841591,real,recon_multi_07,,generator_ground_truth,docker_multihost,3,1,4,1.5,38,0.787,0.1941
recon_multi_07__benign_9,0,1789360571.2341592,real,recon_multi_07,,generator_ground_truth,docker_multihost,3,1,4,1.5,38,0.787,0.1941
recon_multi_07__benign_9,0,1789360571.3841593,real,recon_multi_07,,generator_ground_truth,docker_multihost,3,1,5,1.5219,38,0.8075,0.1719
recon_multi_07__benign_9,0,1789360571.5341594,real,recon_multi_07,,generator_ground_truth,docker_multihost,3,1,5,1.5219,38,0.8075,0.1719
recon_multi_07__benign_9,0,1789360571.6841595,real,recon_multi_07,,generator_ground_truth,docker_multihost,3,1,5,1.5219,38,0.8075,0.1719
recon_multi_07__benign_9,0,1789360571.8341596,real,recon_multi_07,,generator_ground_truth,docker_multihost,3,1,5,1.5219,38,0.8075,0.1719
recon_multi_07__benign_9,0,1789360571.9841597,real,recon_multi_07,,generator_ground_truth,docker_multihost,3,1,5,1.5219,38,0.8075,0.1719
recon_multi_07__benign_9,0,1789360572.1341598,real,recon_multi_07,,generator_ground_truth,docker_multihost,3,1,6,1.585,38,0.7794,0.1637
recon_multi_07__benign_9,0,1789360572.28416,real,recon_multi_07,,generator_ground_truth,docker_multihost,3,1,6,1.585,38,0.7794,0.1637
recon_multi_07__benign_9,0,1789360572.43416,real,recon_multi_07,,generator_ground_truth,docker_multihost,3,1,6,1.585,38,0.7794,0.1637
recon_multi_07__benign_9,0,1789360572.58416,real,recon_multi_07,,generator_ground_truth,docker_multihost,3,1,6,1.585,38,0.7794,0.1637
recon_multi_07__benign_9,0,1789360572.7341602,real,recon_multi_07,,generator_ground_truth,docker_multihost,3,1,6,1.585,38,0.7794,0.1637
recon_multi_07__benign_9,0,1789360572.8841603,real,recon_multi_07,,generator_ground_truth,docker_multihost,3,1,6,1.585,38,0.7794,0.1637
recon_multi_07__benign_9,0,1789360573.0341604,real,recon_multi_07,,generator_ground_truth,docker_multihost,3,1,7,1.5567,38,0.8105,0.1648
recon_multi_07__benign_9,0,1789360573.1841605,real,recon_multi_07,,generator_ground_truth,docker_multihost,3,1,7,1.5567,38,0.8105,0.1648
recon_multi_07__benign_9,0,1789360573.3341606,real,recon_multi_07,,generator_ground_truth,docker_multihost,3,1,7,1.5567,38,0.8105,0.1648
recon_multi_07__benign_9,0,1789360573.4841607,real,recon_multi_07,,generator_ground_truth,docker_multihost,3,1,7,1.5567,38,0.8105,0.1648
recon_multi_07__benign_9,0,1789360573.6341608,real,recon_multi_07,,generator_ground_truth,docker_multihost,3,1,7,1.5567,38,0.8105,0.1648
recon_multi_07__benign_9,0,1789360573.7841609,real,recon_multi_07,,generator_ground_truth,docker_multihost,3,1,7,1.5567,38,0.8105,0.1648
recon_multi_07__benign_9,0,1789360573.934161,real,recon_multi_07,,generator_ground_truth,docker_multihost,3,1,8,1.5613,38,0.8235,0.1559
recon_multi_07__benign_9,0,1789360574.084161,real,recon_multi_07,,generator_ground_truth,docker_multihost,3,1,8,1.5613,38,0.8235,0.1559
recon_multi_07__benign_9,0,1789360574.2341611,real,recon_multi_07,,generator_ground_truth,docker_multihost,3,1,8,1.5613,38,0.8235,0.1559
recon_multi_07__benign_9,0,1789360574.3841612,real,recon_multi_07,,generator_ground_truth,docker_multihost,3,1,8,1.5613,38,0.8235,0.1559
recon_multi_07__benign_9,0,1789360574.5341613,real,recon_multi_07,,generator_ground_truth,docker_multihost,3,1,8,1.5613,38,0.8235,0.1559
recon_multi_07__benign_9,0,1789360574.6841614,real,recon_multi_07,,generator_ground_truth,docker_multihost,3,1,8,1.5613,38,0.8235,0.1559
recon_multi_07__benign_9,0,1789360574.8341615,real,recon_multi_07,,generator_ground_truth,docker_multihost,3,1,9,1.585,38,0.8372,0.1502
recon_multi_07__benign_9,0,1789360574.9841616,real,recon_multi_07,,generator_ground_truth,docker_multihost,3,1,9,1.585,38,0.8372,0.1502
recon_multi_07__benign_9,0,1789360575.1341617,real,recon_multi_07,,generator_ground_truth,docker_multihost,3,1,9,1.585,38,0.8372,0.1502
recon_multi_07__benign_9,0,1789360575.2841618,real,recon_multi_07,,generator_ground_truth,docker_multihost,3,1,9,1.585,38,0.8372,0.1502
recon_multi_07__benign_9,0,1789360575.434162,real,recon_multi_07,,generator_ground_truth,docker_multihost,3,1,9,1.585,38,0.8372,0.1502
recon_multi_07__benign_9,0,1789360575.584162,real,recon_multi_07,,generator_ground_truth,docker_multihost,3,1,9,1.585,38,0.8372,0.1502
recon_multi_07__benign_9,0,1789360575.734162,real,recon_multi_07,,generator_ground_truth,docker_multihost,3,1,10,1.571,38,0.8448,0.1433
recon_multi_07__benign_9,0,1789360575.8841622,real,recon_multi_07,,generator_ground_truth,docker_multihost,3,1,10,1.571,38,0.8448,0.1433
recon_multi_07__benign_9,0,1789360576.0341623,real,recon_multi_07,,generator_ground_truth,docker_multihost,3,1,10,1.571,38,0.8448,0.1433
recon_multi_07__benign_9,0,1789360576.1841624,real,recon_multi_07,,generator_ground_truth,docker_multihost,3,1,10,1.571,38,0.8448,0.1433
recon_multi_07__benign_9,0,1789360576.3341625,real,recon_multi_07,,generator_ground_truth,docker_multihost,3,1,10,1.571,38,0.8448,0.1433
recon_multi_07__benign_9,0,1789360576.4841626,real,recon_multi_07,,generator_ground_truth,docker_multihost,3,1,11,1.5726,38,0.8238,0.1499
recon_multi_07__benign_9,0,1789360576.6341627,real,recon_multi_07,,generator_ground_truth,docker_multihost,3,1,11,1.5726,38,0.8238,0.1499
recon_multi_07__benign_9,0,1789360576.7841628,real,recon_multi_07,,generator_ground_truth,docker_multihost,3,1,11,1.5726,38,0.8238,0.1499
recon_multi_07__benign_9,0,1789360576.9341629,real,recon_multi_07,,generator_ground_truth,docker_multihost,3,1,11,1.5726,38,0.8238,0.1499
recon_multi_07__benign_9,0,1789360577.084163,real,recon_multi_07,,generator_ground_truth,docker_multihost,3,1,11,1.5726,38,0.8238,0.1499
recon_multi_07__benign_9,0,1789360577.234163,real,recon_multi_07,,generator_ground_truth,docker_multihost,3,1,11,1.5726,38,0.8238,0.1499
recon_multi_07__benign_9,0,1789360577.3841631,real,recon_multi_07,,generator_ground_truth,docker_multihost,3,1,12,1.585,38,0.8302,0.1444
recon_multi_07__benign_9,0,1789360577.5341632,real,recon_multi_07,,generator_ground_truth,docker_multihost,3,1,12,1.585,38,0.8302,0.1444
recon_multi_07__benign_9,0,1789360577.6841633,real,recon_multi_07,,generator_ground_truth,docker_multihost,3,1,12,1.585,38,0.8302,0.1444
recon_multi_07__benign_9,0,1789360577.8341634,real,recon_multi_07,,generator_ground_truth,docker_multihost,3,1,13,1.5766,38,0.8073,0.1578
recon_multi_07__benign_9,0,1789360577.9841635,real,recon_multi_07,,generator_ground_truth,docker_multihost,3,1,13,1.5766,38,0.8073,0.1578
recon_multi_07__benign_9,0,1789360578.1341636,real,recon_multi_07,,generator_ground_truth,docker_multihost,3,1,13,1.5766,38,0.8073,0.1578
recon_multi_07__benign_9,0,1789360578.2841637,real,recon_multi_07,,generator_ground_truth,docker_multihost,3,1,13,1.5766,38,0.8073,0.1578
recon_multi_07__benign_9,0,1789360578.4341638,real,recon_multi_07,,generator_ground_truth,docker_multihost,3,1,13,1.5766,38,0.8073,0.1578
recon_multi_07__benign_9,0,1789360578.584164,real,recon_multi_07,,generator_ground_truth,docker_multihost,3,1,13,1.5766,38,0.8073,0.1578
recon_multi_07__benign_9,0,1789360578.734164,real,recon_multi_07,,generator_ground_truth,docker_multihost,3,1,14,1.5774,38,0.8172,0.1555
recon_multi_07__benign_9,0,1789360578.884164,real,recon_multi_07,,generator_ground_truth,docker_multihost,3,1,14,1.5774,38,0.8172,0.1555
recon_multi_07__benign_9,0,1789360579.0341642,real,recon_multi_07,,generator_ground_truth,docker_multihost,3,1,14,1.5774,38,0.8172,0.1555
recon_multi_07__benign_9,0,1789360579.1841643,real,recon_multi_07,,generator_ground_truth,docker_multihost,3,1,14,1.5774,38,0.8172,0.1555
recon_multi_07__benign_9,0,1789360579.3341644,real,recon_multi_07,,generator_ground_truth,docker_multihost,3,1,14,1.5774,38,0.8172,0.1555
recon_multi_07__benign_9,0,1789360579.4841645,real,recon_multi_07,,generator_ground_truth,docker_multihost,3,1,14,1.5774,38,0.8172,0.1555
recon_multi_07__benign_9,0,1789360579.6341646,real,recon_multi_07,,generator_ground_truth,docker_multihost,3,1,14,1.5774,38,0.8172,0.1555
recon_multi_07__benign_9,0,1789360579.7841647,real,recon_multi_07,,generator_ground_truth,docker_multihost,3,1,15,1.585,38,0.8253,0.1526
recon_multi_07__benign_9,0,1789360579.9341648,real,recon_multi_07,,generator_ground_truth,docker_multihost,3,1,15,1.585,38,0.8253,0.1526
recon_multi_07__benign_9,0,1789360580.0841649,real,recon_multi_07,,generator_ground_truth,docker_multihost,3,1,15,1.585,38,0.8253,0.1526
recon_multi_07__benign_9,0,1789360580.234165,real,recon_multi_07,,generator_ground_truth,docker_multihost,3,1,15,1.585,38,0.8253,0.1526
recon_multi_07__benign_9,0,1789360580.384165,real,recon_multi_07,,generator_ground_truth,docker_multihost,3,1,16,1.5794,38,0.811,0.1567
recon_multi_07__benign_9,0,1789360580.5341651,real,recon_multi_07,,generator_ground_truth,docker_multihost,3,1,16,1.5794,38,0.811,0.1567
recon_multi_07__benign_9,0,1789360580.6841652,real,recon_multi_07,,generator_ground_truth,docker_multihost,3,1,16,1.5794,38,0.811,0.1567
recon_multi_07__benign_9,0,1789360580.8341653,real,recon_multi_07,,generator_ground_truth,docker_multihost,3,1,16,1.5794,38,0.811,0.1567
recon_multi_07__benign_9,0,1789360580.9841654,real,recon_multi_07,,generator_ground_truth,docker_multihost,3,1,16,1.5794,38,0.811,0.1567
recon_multi_07__benign_9,0,1789360581.1341655,real,recon_multi_07,,generator_ground_truth,docker_multihost,3,1,16,1.5794,38,0.811,0.1567
recon_multi_07__benign_9,0,1789360581.2841656,real,recon_multi_07,,generator_ground_truth,docker_multihost,3,1,17,1.5799,38,0.8172,0.1536
recon_multi_07__benign_9,0,1789360581.4341657,real,recon_multi_07,,generator_ground_truth,docker_multihost,3,1,17,1.5799,38,0.8172,0.1536
recon_multi_07__benign_9,0,1789360581.5841658,real,recon_multi_07,,generator_ground_truth,docker_multihost,3,1,17,1.5799,38,0.8172,0.1536
recon_multi_07__benign_9,0,1789360581.734166,real,recon_multi_07,,generator_ground_truth,docker_multihost,3,1,17,1.5799,38,0.8172,0.1536
recon_multi_07__benign_9,0,1789360581.884166,real,recon_multi_07,,generator_ground_truth,docker_multihost,3,1,17,1.5799,38,0.8172,0.1536
recon_multi_07__benign_9,0,1789360582.034166,real,recon_multi_07,,generator_ground_truth,docker_multihost,3,1,18,1.585,38,0.8121,0.1504
recon_multi_07__benign_9,0,1789360582.1841662,real,recon_multi_07,,generator_ground_truth,docker_multihost,3,1,18,1.585,38,0.8121,0.1504
recon_multi_07__benign_9,0,1789360582.3341663,real,recon_multi_07,,generator_ground_truth,docker_multihost,3,1,18,1.585,38,0.8121,0.1504
recon_multi_07__benign_9,0,1789360582.4841664,real,recon_multi_07,,generator_ground_truth,docker_multihost,3,1,18,1.585,38,0.8121,0.1504
recon_multi_07__benign_9,0,1789360582.6341665,real,recon_multi_07,,generator_ground_truth,docker_multihost,3,1,19,1.581,38,0.8033,0.1506
recon_multi_07__benign_9,0,1789360582.7841666,real,recon_multi_07,,generator_ground_truth,docker_multihost,3,1,19,1.581,38,0.8033,0.1506
recon_multi_07__benign_9,0,1789360582.9341667,real,recon_multi_07,,generator_ground_truth,docker_multihost,3,1,19,1.581,38,0.8033,0.1506
recon_multi_07__benign_9,0,1789360583.0841668,real,recon_multi_07,,generator_ground_truth,docker_multihost,3,1,19,1.581,38,0.8033,0.1506
recon_multi_07__benign_9,0,1789360583.2341669,real,recon_multi_07,,generator_ground_truth,docker_multihost,3,1,19,1.581,38,0.8033,0.1506
recon_multi_07__benign_9,0,1789360583.384167,real,recon_multi_07,,generator_ground_truth,docker_multihost,3,1,19,1.581,38,0.8033,0.1506
recon_multi_07__benign_9,0,1789360583.534167,real,recon_multi_07,,generator_ground_truth,docker_multihost,3,1,20,1.5813,38,0.8083,0.1481
recon_multi_07__benign_9,0,1789360583.6841671,real,recon_multi_07,,generator_ground_truth,docker_multihost,3,1,20,1.5813,38,0.8083,0.1481
recon_multi_07__benign_9,0,1789360583.8341672,real,recon_multi_07,,generator_ground_truth,docker_multihost,3,1,20,1.5813,38,0.8083,0.1481
recon_multi_07__benign_9,0,1789360583.9841673,real,recon_multi_07,,generator_ground_truth,docker_multihost,3,1,20,1.5813,38,0.8083,0.1481
recon_multi_07__benign_9,0,1789360584.1341674,real,recon_multi_07,,generator_ground_truth,docker_multihost,3,1,21,1.585,38,0.7986,0.1504
recon_multi_07__benign_9,0,1789360584.2841675,real,recon_multi_07,,generator_ground_truth,docker_multihost,3,1,21,1.585,38,0.7986,0.1504
recon_multi_07__benign_9,0,1789360584.4341676,real,recon_multi_07,,generator_ground_truth,docker_multihost,3,1,21,1.585,38,0.7986,0.1504
recon_multi_07__benign_9,0,1789360584.5841677,real,recon_multi_07,,generator_ground_truth,docker_multihost,3,1,21,1.585,38,0.7986,0.1504
recon_multi_07__benign_9,0,1789360584.7341678,real,recon_multi_07,,generator_ground_truth,docker_multihost,3,1,22,1.582,38,0.785,0.1589
recon_multi_07__benign_9,0,1789360584.884168,real,recon_multi_07,,generator_ground_truth,docker_multihost,3,1,22,1.582,38,0.785,0.1589
recon_multi_07__benign_9,0,1789360585.034168,real,recon_multi_07,,generator_ground_truth,docker_multihost,3,1,22,1.582,38,0.785,0.1589
recon_multi_07__benign_9,0,1789360585.184168,real,recon_multi_07,,generator_ground_truth,docker_multihost,3,1,22,1.582,38,0.785,0.1589
recon_multi_07__benign_9,0,1789360585.3341682,real,recon_multi_07,,generator_ground_truth,docker_multihost,3,1,23,1.5822,38,0.7764,0.1601
recon_multi_07__benign_9,0,1789360585.4841683,real,recon_multi_07,,generator_ground_truth,docker_multihost,3,1,23,1.5822,38,0.7764,0.1601
recon_multi_07__benign_9,0,1789360585.6341684,real,recon_multi_07,,generator_ground_truth,docker_multihost,3,1,23,1.5822,38,0.7764,0.1601
recon_multi_07__benign_9,0,1789360585.7841685,real,recon_multi_07,,generator_ground_truth,docker_multihost,3,1,23,1.5822,38,0.7764,0.1601
recon_multi_07__benign_9,0,1789360585.9341686,real,recon_multi_07,,generator_ground_truth,docker_multihost,3,1,24,1.585,38,0.7716,0.1583
recon_multi_07__benign_9,0,1789360586.0841687,real,recon_multi_07,,generator_ground_truth,docker_multihost,3,1,24,1.585,38,0.7716,0.1583
recon_multi_07__benign_9,0,1789360586.2341688,real,recon_multi_07,,generator_ground_truth,docker_multihost,3,1,24,1.585,38,0.7716,0.1583
recon_multi_07__benign_9,0,1789360586.3841689,real,recon_multi_07,,generator_ground_truth,docker_multihost,3,1,24,1.585,38,0.7716,0.1583
recon_multi_07__benign_9,0,1789360586.534169,real,recon_multi_07,,generator_ground_truth,docker_multihost,3,1,24,1.585,38,0.7716,0.1583
recon_multi_07__benign_9,0,1789360586.684169,real,recon_multi_07,,generator_ground_truth,docker_multihost,3,1,24,1.585,38,0.7716,0.1583
recon_multi_07__benign_9,0,1789360586.8341691,real,recon_multi_07,,generator_ground_truth,docker_multihost,3,1,25,1.5827,38,0.7783,0.1582
recon_multi_07__benign_9,0,1789360586.9841692,real,recon_multi_07,,generator_ground_truth,docker_multihost,3,1,25,1.5827,38,0.7783,0.1582
recon_multi_07__benign_9,0,1789360587.1341693,real,recon_multi_07,,generator_ground_truth,docker_multihost,3,1,25,1.5827,38,0.7783,0.1582
recon_multi_07__benign_9,0,1789360587.2841694,real,recon_multi_07,,generator_ground_truth,docker_multihost,3,1,25,1.5827,38,0.7783,0.1582
recon_multi_07__benign_9,0,1789360587.4341695,real,recon_multi_07,,generator_ground_truth,docker_multihost,3,1,25,1.5827,38,0.7783,0.1582
recon_multi_07__benign_9,0,1789360587.5841696,real,recon_multi_07,,generator_ground_truth,docker_multihost,3,1,25,1.5827,38,0.7783,0.1582
recon_multi_07__benign_9,0,1789360587.7341697,real,recon_multi_07,,generator_ground_truth,docker_multihost,3,1,25,1.5827,38,0.7783,0.1582
recon_multi_07__benign_9,0,1789360587.8841698,real,recon_multi_07,,generator_ground_truth,docker_multihost,3,1,26,1.5828,38,0.7865,0.1602
recon_multi_07__benign_9,0,1789360588.03417,real,recon_multi_07,,generator_ground_truth,docker_multihost,3,1,26,1.5828,38,0.7865,0.1602
recon_multi_07__benign_9,0,1789360588.18417,real,recon_multi_07,,generator_ground_truth,docker_multihost,3,1,26,1.5828,38,0.7865,0.1602
recon_multi_07__benign_9,0,1789360588.33417,real,recon_multi_07,,generator_ground_truth,docker_multihost,3,1,26,1.5828,38,0.7865,0.1602
recon_multi_07__benign_9,0,1789360588.4841702,real,recon_multi_07,,generator_ground_truth,docker_multihost,3,1,27,1.585,38,0.7809,0.1596
recon_multi_07__benign_9,0,1789360588.6341703,real,recon_multi_07,,generator_ground_truth,docker_multihost,3,1,27,1.585,38,0.7809,0.1596
recon_multi_07__benign_9,0,1789360588.7841704,real,recon_multi_07,,generator_ground_truth,docker_multihost,3,1,27,1.585,38,0.7809,0.1596
recon_multi_07__benign_9,0,1789360588.9341705,real,recon_multi_07,,generator_ground_truth,docker_multihost,3,1,27,1.585,38,0.7809,0.1596
recon_multi_07__benign_9,0,1789360589.0841706,real,recon_multi_07,,generator_ground_truth,docker_multihost,3,1,27,1.585,38,0.7809,0.1596
recon_multi_07__benign_9,0,1789360589.2341707,real,recon_multi_07,,generator_ground_truth,docker_multihost,3,1,28,1.5831,38,0.7824,0.1568
recon_multi_07__benign_9,0,1789360589.3841708,real,recon_multi_07,,generator_ground_truth,docker_multihost,3,1,28,1.5831,38,0.7824,0.1568
recon_multi_07__benign_9,0,1789360589.5341709,real,recon_multi_07,,generator_ground_truth,docker_multihost,3,1,28,1.5831,38,0.7824,0.1568
recon_multi_07__benign_9,0,1789360589.684171,real,recon_multi_07,,generator_ground_truth,docker_multihost,3,1,28,1.5831,38,0.7824,0.1568
recon_multi_07__benign_9,0,1789360589.834171,real,recon_multi_07,,generator_ground_truth,docker_multihost,3,1,28,1.5831,38,0.7824,0.1568
recon_multi_07__benign_9,0,1789360589.9841712,real,recon_multi_07,,generator_ground_truth,docker_multihost,3,1,29,1.5832,38,0.7794,0.1547
recon_multi_07__benign_9,0,1789360590.1341712,real,recon_multi_07,,generator_ground_truth,docker_multihost,3,1,29,1.5832,38,0.7794,0.1547
recon_multi_07__benign_9,0,1789360590.2841713,real,recon_multi_07,,generator_ground_truth,docker_multihost,3,1,29,1.5832,38,0.7794,0.1547
recon_multi_07__benign_9,0,1789360590.4341714,real,recon_multi_07,,generator_ground_truth,docker_multihost,3,1,29,1.5832,38,0.7794,0.1547
recon_multi_07__benign_9,0,1789360590.5841715,real,recon_multi_07,,generator_ground_truth,docker_multihost,3,1,29,1.5832,38,0.7794,0.1547
recon_multi_07__benign_9,0,1789360590.7341716,real,recon_multi_07,,generator_ground_truth,docker_multihost,3,1,29,1.5832,38,0.7794,0.1547
recon_multi_07__benign_9,0,1789360590.8841717,real,recon_multi_07,,generator_ground_truth,docker_multihost,3,1,29,1.5832,38,0.7794,0.1547
recon_multi_07__benign_9,0,1789360591.0341718,real,recon_multi_07,,generator_ground_truth,docker_multihost,3,1,30,1.585,38,0.7867,0.1569
recon_multi_07__benign_9,0,1789360591.184172,real,recon_multi_07,,generator_ground_truth,docker_multihost,3,1,30,1.585,38,0.7867,0.1569
recon_multi_07__benign_9,0,1789360591.334172,real,recon_multi_07,,generator_ground_truth,docker_multihost,3,1,30,1.585,38,0.7867,0.1569
recon_multi_07__benign_9,0,1789360591.484172,real,recon_multi_07,,generator_ground_truth,docker_multihost,3,1,30,1.585,38,0.7867,0.1569
recon_multi_07__benign_9,0,1789360591.6341722,real,recon_multi_07,,generator_ground_truth,docker_multihost,3,1,30,1.585,38,0.7867,0.1569
recon_multi_07__benign_9,0,1789360591.7841723,real,recon_multi_07,,generator_ground_truth,docker_multihost,3,1,31,1.5835,38,0.7861,0.1543
recon_multi_07__benign_9,0,1789360591.9341724,real,recon_multi_07,,generator_ground_truth,docker_multihost,3,1,31,1.5835,38,0.7861,0.1543
recon_multi_07__benign_9,0,1789360592.0841725,real,recon_multi_07,,generator_ground_truth,docker_multihost,3,1,31,1.5835,38,0.7861,0.1543
recon_multi_07__benign_9,0,1789360592.2341726,real,recon_multi_07,,generator_ground_truth,docker_multihost,3,1,31,1.5835,38,0.7861,0.1543
recon_multi_07__benign_9,0,1789360592.3841727,real,recon_multi_07,,generator_ground_truth,docker_multihost,3,1,31,1.5835,38,0.7861,0.1543
recon_multi_07__benign_9,0,1789360592.5341728,real,recon_multi_07,,generator_ground_truth,docker_multihost,3,1,31,1.5835,38,0.7861,0.1543
recon_multi_07__benign_9,0,1789360592.6841729,real,recon_multi_07,,generator_ground_truth,docker_multihost,3,1,32,1.5835,38,0.7921,0.1552
recon_multi_07__benign_9,0,1789360592.834173,real,recon_multi_07,,generator_ground_truth,docker_multihost,3,1,32,1.5835,38,0.7921,0.1552
recon_multi_07__benign_9,0,1789360592.984173,real,recon_multi_07,,generator_ground_truth,docker_multihost,3,1,32,1.5835,38,0.7921,0.1552
recon_multi_07__benign_9,0,1789360593.1341732,real,recon_multi_07,,generator_ground_truth,docker_multihost,3,1,32,1.5835,38,0.7921,0.1552
recon_multi_07__benign_9,0,1789360593.2841733,real,recon_multi_07,,generator_ground_truth,docker_multihost,3,1,33,1.585,38,0.7848,0.1581
recon_multi_07__benign_9,0,1789360593.4341733,real,recon_multi_07,,generator_ground_truth,docker_multihost,3,1,33,1.585,38,0.7848,0.1581
recon_multi_07__benign_9,0,1789360593.5841734,real,recon_multi_07,,generator_ground_truth,docker_multihost,3,1,33,1.585,38,0.7848,0.1581
recon_multi_07__benign_9,0,1789360593.7341735,real,recon_multi_07,,generator_ground_truth,docker_multihost,3,1,33,1.585,38,0.7848,0.1581
recon_multi_07__recon_9,1,1789360595.9446392,real,recon_multi_07,port_scan,generator_ground_truth,docker_multihost,4,1,4,2.0,34,0.0434,0.0001
recon_multi_07__recon_9,1,1789360596.0946393,real,recon_multi_07,port_scan,generator_ground_truth,docker_multihost,7,1,7,2.8074,55,0.0435,0.0005
recon_multi_07__recon_9,1,1789360596.2446394,real,recon_multi_07,port_scan,generator_ground_truth,docker_multihost,11,1,11,3.4594,55,0.0435,0.0004
recon_multi_07__recon_9,1,1789360596.3946395,real,recon_multi_07,port_scan,generator_ground_truth,docker_multihost,14,1,14,3.8074,67,0.0435,0.0003
recon_multi_07__recon_9,1,1789360596.5446396,real,recon_multi_07,port_scan,generator_ground_truth,docker_multihost,18,1,18,4.1699,70,0.0435,0.0003
recon_multi_07__recon_9,1,1789360596.6946397,real,recon_multi_07,port_scan,generator_ground_truth,docker_multihost,21,1,21,4.3923,73,0.0435,0.0003
recon_multi_07__recon_9,1,1789360596.8446398,real,recon_multi_07,port_scan,generator_ground_truth,docker_multihost,25,1,25,4.6439,75,0.0435,0.0003
recon_multi_07__recon_9,1,1789360596.9946399,real,recon_multi_07,port_scan,generator_ground_truth,docker_multihost,28,1,28,4.8074,75,0.0435,0.0002
recon_multi_07__recon_9,1,1789360597.14464,real,recon_multi_07,port_scan,generator_ground_truth,docker_multihost,31,1,31,4.9542,78,0.0435,0.0003
recon_multi_07__recon_9,1,1789360597.29464,real,recon_multi_07,port_scan,generator_ground_truth,docker_multihost,35,1,35,5.1293,80,0.0435,0.0003
recon_multi_07__recon_9,1,1789360597.4446402,real,recon_multi_07,port_scan,generator_ground_truth,docker_multihost,38,1,38,5.2479,80,0.0435,0.0003
recon_multi_07__recon_9,1,1789360597.5946403,real,recon_multi_07,port_scan,generator_ground_truth,docker_multihost,42,1,42,5.3923,80,0.0435,0.0003
recon_multi_07__recon_9,1,1789360597.7446404,real,recon_multi_07,port_scan,generator_ground_truth,docker_multihost,45,1,45,5.4919,80,0.0435,0.0003
recon_multi_07__recon_9,1,1789360597.8946404,real,recon_multi_07,port_scan,generator_ground_truth,docker_multihost,49,1,49,5.6147,80,0.0435,0.0003
recon_multi_07__recon_9,1,1789360598.0446405,real,recon_multi_07,port_scan,generator_ground_truth,docker_multihost,52,1,52,5.7004,80,0.0435,0.0003
recon_multi_07__recon_9,1,1789360598.1946406,real,recon_multi_07,port_scan,generator_ground_truth,docker_multihost,56,1,56,5.8074,80,0.0435,0.0003
recon_multi_07__recon_9,1,1789360598.3446407,real,recon_multi_07,port_scan,generator_ground_truth,docker_multihost,59,1,59,5.8826,80,0.0435,0.0003
recon_multi_07__recon_9,1,1789360598.4946408,real,recon_multi_07,port_scan,generator_ground_truth,docker_multihost,59,1,59,5.8826,80,0.0435,0.0003
recon_multi_07__recon_9,1,1789360598.644641,real,recon_multi_07,port_scan,generator_ground_truth,docker_multihost,59,1,59,5.8826,80,0.0435,0.0003
recon_multi_07__recon_9,1,1789360598.794641,real,recon_multi_07,port_scan,generator_ground_truth,docker_multihost,59,1,59,5.8826,80,0.0435,0.0003
recon_multi_07__recon_9,1,1789360598.944641,real,recon_multi_07,port_scan,generator_ground_truth,docker_multihost,59,1,59,5.8826,80,0.0435,0.0003
recon_multi_07__recon_9,1,1789360599.0946412,real,recon_multi_07,port_scan,generator_ground_truth,docker_multihost,59,1,59,5.8826,80,0.0435,0.0003
recon_multi_07__recon_9,1,1789360599.2446413,real,recon_multi_07,port_scan,generator_ground_truth,docker_multihost,59,1,59,5.8826,80,0.0435,0.0003
recon_multi_07__recon_9,1,1789360599.3946414,real,recon_multi_07,port_scan,generator_ground_truth,docker_multihost,59,1,59,5.8826,80,0.0435,0.0003
recon_multi_07__recon_9,1,1789360599.5446415,real,recon_multi_07,port_scan,generator_ground_truth,docker_multihost,59,1,59,5.8826,80,0.0435,0.0003
recon_multi_07__recon_9,1,1789360599.6946416,real,recon_multi_07,port_scan,generator_ground_truth,docker_multihost,59,1,59,5.8826,80,0.0435,0.0003
recon_multi_07__recon_9,1,1789360599.8446417,real,recon_multi_07,port_scan,generator_ground_truth,docker_multihost,59,1,59,5.8826,80,0.0435,0.0003
recon_multi_07__recon_9,1,1789360599.9946418,real,recon_multi_07,port_scan,generator_ground_truth,docker_multihost,59,1,59,5.8826,80,0.0435,0.0003
recon_multi_07__recon_9,1,1789360600.1446419,real,recon_multi_07,port_scan,generator_ground_truth,docker_multihost,59,1,59,5.8826,80,0.0435,0.0003
recon_multi_07__recon_9,1,1789360600.294642,real,recon_multi_07,port_scan,generator_ground_truth,docker_multihost,59,1,59,5.8826,80,0.0435,0.0003
recon_multi_07__recon_9,1,1789360600.444642,real,recon_multi_07,port_scan,generator_ground_truth,docker_multihost,59,1,59,5.8826,80,0.0435,0.0003
recon_multi_07__recon_9,1,1789360600.5946422,real,recon_multi_07,port_scan,generator_ground_truth,docker_multihost,59,1,59,5.8826,80,0.0435,0.0003
recon_multi_07__recon_9,1,1789360600.7446423,real,recon_multi_07,port_scan,generator_ground_truth,docker_multihost,59,1,59,5.8826,80,0.0435,0.0003
recon_multi_07__recon_9,1,1789360600.8946424,real,recon_multi_07,port_scan,generator_ground_truth,docker_multihost,59,1,59,5.8826,80,0.0435,0.0003
recon_multi_07__recon_9,1,1789360601.0446424,real,recon_multi_07,port_scan,generator_ground_truth,docker_multihost,59,1,59,5.8826,80,0.0435,0.0003
recon_multi_07__recon_9,1,1789360601.1946425,real,recon_multi_07,port_scan,generator_ground_truth,docker_multihost,59,1,59,5.8826,80,0.0435,0.0003
recon_multi_07__recon_9,1,1789360601.3446426,real,recon_multi_07,port_scan,generator_ground_truth,docker_multihost,59,1,59,5.8826,80,0.0435,0.0003
recon_multi_07__recon_9,1,1789360601.4946427,real,recon_multi_07,port_scan,generator_ground_truth,docker_multihost,59,1,59,5.8826,80,0.0435,0.0003
recon_multi_07__recon_9,1,1789360601.6446428,real,recon_multi_07,port_scan,generator_ground_truth,docker_multihost,59,1,59,5.8826,80,0.0435,0.0003
recon_multi_07__recon_9,1,1789360601.794643,real,recon_multi_07,port_scan,generator_ground_truth,docker_multihost,59,1,59,5.8826,80,0.0435,0.0003
recon_multi_07__recon_9,1,1789360601.944643,real,recon_multi_07,port_scan,generator_ground_truth,docker_multihost,59,1,59,5.8826,80,0.0435,0.0003
recon_multi_07__recon_9,1,1789360602.094643,real,recon_multi_07,port_scan,generator_ground_truth,docker_multihost,59,1,59,5.8826,80,0.0435,0.0003
recon_multi_07__recon_9,1,1789360602.2446432,real,recon_multi_07,port_scan,generator_ground_truth,docker_multihost,59,1,59,5.8826,80,0.0435,0.0003
recon_multi_07__recon_9,1,1789360602.3946433,real,recon_multi_07,port_scan,generator_ground_truth,docker_multihost,59,1,59,5.8826,80,0.0435,0.0003
recon_multi_07__recon_9,1,1789360602.5446434,real,recon_multi_07,port_scan,generator_ground_truth,docker_multihost,59,1,59,5.8826,80,0.0435,0.0003
recon_multi_07__recon_9,1,1789360602.6946435,real,recon_multi_07,port_scan,generator_ground_truth,docker_multihost,59,1,59,5.8826,80,0.0435,0.0003
recon_multi_07__recon_9,1,1789360602.8446436,real,recon_multi_07,port_scan,generator_ground_truth,docker_multihost,59,1,59,5.8826,80,0.0435,0.0003
recon_multi_07__recon_9,1,1789360602.9946437,real,recon_multi_07,port_scan,generator_ground_truth,docker_multihost,59,1,59,5.8826,80,0.0435,0.0003
recon_multi_07__recon_9,1,1789360603.1446438,real,recon_multi_07,port_scan,generator_ground_truth,docker_multihost,59,1,59,5.8826,80,0.0435,0.0003
recon_multi_07__recon_9,1,1789360603.2946439,real,recon_multi_07,port_scan,generator_ground_truth,docker_multihost,59,1,59,5.8826,80,0.0435,0.0003
recon_multi_07__recon_9,1,1789360603.444644,real,recon_multi_07,port_scan,generator_ground_truth,docker_multihost,59,1,59,5.8826,80,0.0435,0.0003
recon_multi_07__recon_9,1,1789360603.594644,real,recon_multi_07,port_scan,generator_ground_truth,docker_multihost,59,1,59,5.8826,80,0.0435,0.0003
recon_multi_07__recon_9,1,1789360603.7446442,real,recon_multi_07,port_scan,generator_ground_truth,docker_multihost,59,1,59,5.8826,80,0.0435,0.0003
recon_multi_07__recon_9,1,1789360603.8946443,real,recon_multi_07,port_scan,generator_ground_truth,docker_multihost,59,1,59,5.8826,80,0.0435,0.0003
recon_multi_07__recon_9,1,1789360604.0446444,real,recon_multi_07,port_scan,generator_ground_truth,docker_multihost,59,1,59,5.8826,80,0.0435,0.0003
recon_multi_07__recon_9,1,1789360604.1946445,real,recon_multi_07,port_scan,generator_ground_truth,docker_multihost,59,1,59,5.8826,80,0.0435,0.0003
recon_multi_07__recon_9,1,1789360604.3446445,real,recon_multi_07,port_scan,generator_ground_truth,docker_multihost,59,1,59,5.8826,80,0.0435,0.0003
recon_multi_07__recon_9,1,1789360604.4946446,real,recon_multi_07,port_scan,generator_ground_truth,docker_multihost,63,1,63,5.9773,146,0.1401,0.7548
recon_multi_07__recon_9,1,1789360604.6446447,real,recon_multi_07,port_scan,generator_ground_truth,docker_multihost,66,1,66,6.0444,152,0.1357,0.7375
recon_multi_07__recon_9,1,1789360604.7946448,real,recon_multi_07,port_scan,generator_ground_truth,docker_multihost,70,1,70,6.1293,152,0.1303,0.7161
recon_multi_07__recon_9,1,1789360604.944645,real,recon_multi_07,port_scan,generator_ground_truth,docker_multihost,73,1,73,6.1898,152,0.1267,0.7013
recon_multi_07__recon_9,1,1789360605.094645,real,recon_multi_07,port_scan,generator_ground_truth,docker_multihost,76,1,76,6.2479,152,0.1234,0.6873
recon_multi_07__recon_9,1,1789360605.244645,real,recon_multi_07,port_scan,generator_ground_truth,docker_multihost,80,1,80,6.3219,152,0.1193,0.6699
recon_multi_07__recon_9,1,1789360605.3946452,real,recon_multi_07,port_scan,generator_ground_truth,docker_multihost,83,1,83,6.375,152,0.1166,0.6577
recon_multi_07__recon_9,1,1789360605.5446453,real,recon_multi_07,port_scan,generator_ground_truth,docker_multihost,87,1,87,6.4429,156,0.1132,0.6424
recon_multi_07__recon_9,1,1789360605.6946454,real,recon_multi_07,port_scan,generator_ground_truth,docker_multihost,89,1,90,6.4696,156,0.1108,0.6316
recon_multi_07__recon_9,1,1789360605.8446455,real,recon_multi_07,port_scan,generator_ground_truth,docker_multihost,93,1,94,6.5333,156,0.1079,0.618
recon_multi_07__recon_9,1,1789360605.9946456,real,recon_multi_07,port_scan,generator_ground_truth,docker_multihost,96,1,97,6.5793,158,0.1059,0.6084
recon_multi_07__recon_9,1,1789360606.1446457,real,recon_multi_07,port_scan,generator_ground_truth,docker_multihost,100,1,101,6.6384,158,0.1034,0.5962
recon_multi_07__recon_9,1,1789360606.2946458,real,recon_multi_07,port_scan,generator_ground_truth,docker_multihost,103,1,104,6.6812,158,0.1017,0.5875
recon_multi_07__recon_9,1,1789360606.444646,real,recon_multi_07,port_scan,generator_ground_truth,docker_multihost,107,1,108,6.7364,158,0.0995,0.5766
recon_multi_07__recon_9,1,1789360606.594646,real,recon_multi_07,port_scan,generator_ground_truth,docker_multihost,110,1,111,6.7764,158,0.098,0.5687
recon_multi_07__recon_9,1,1789360606.744646,real,recon_multi_07,port_scan,generator_ground_truth,docker_multihost,113,1,114,6.8153,158,0.0965,0.5612
recon_multi_07__recon_9,1,1789360606.8946462,real,recon_multi_07,port_scan,generator_ground_truth,docker_multihost,117,1,118,6.8657,158,0.0947,0.5516
recon_multi_07__recon_9,1,1789360607.0446463,real,recon_multi_07,port_scan,generator_ground_truth,docker_multihost,120,1,121,6.9023,158,0.0934,0.5447
recon_multi_07__recon_9,1,1789360607.1946464,real,recon_multi_07,port_scan,generator_ground_truth,docker_multihost,124,1,125,6.9498,160,0.0918,0.5359
recon_multi_07__recon_9,1,1789360607.3446465,real,recon_multi_07,port_scan,generator_ground_truth,docker_multihost,127,1,128,6.9844,160,0.0907,0.5296
recon_multi_07__recon_9,1,1789360607.4946465,real,recon_multi_07,port_scan,generator_ground_truth,docker_multihost,131,1,132,7.0292,160,0.0892,0.5215
recon_multi_07__recon_9,1,1789360607.6446466,real,recon_multi_07,port_scan,generator_ground_truth,docker_multihost,134,1,135,7.062,160,0.0882,0.5157
recon_multi_07__recon_9,1,1789360607.7946467,real,recon_multi_07,port_scan,generator_ground_truth,docker_multihost,138,1,139,7.1046,160,0.0869,0.5082
recon_multi_07__recon_9,1,1789360607.9446468,real,recon_multi_07,port_scan,generator_ground_truth,docker_multihost,139,1,140,7.115,160,0.0866,0.5064
recon_multi_07__recon_9,1,1789360608.094647,real,recon_multi_07,port_scan,generator_ground_truth,docker_multihost,139,1,140,7.115,160,0.0866,0.5064
recon_multi_07__recon_9,1,1789360608.244647,real,recon_multi_07,port_scan,generator_ground_truth,docker_multihost,139,1,140,7.115,160,0.0866,0.5064
recon_multi_07__recon_9,1,1789360608.3946471,real,recon_multi_07,port_scan,generator_ground_truth,docker_multihost,139,1,140,7.115,160,0.0866,0.5064
recon_multi_07__recon_9,1,1789360608.5446472,real,recon_multi_07,port_scan,generator_ground_truth,docker_multihost,139,1,140,7.115,160,0.0866,0.5064
recon_multi_07__recon_9,1,1789360608.6946473,real,recon_multi_07,port_scan,generator_ground_truth,docker_multihost,139,1,140,7.115,160,0.0866,0.5064
recon_multi_07__recon_9,1,1789360608.8446474,real,recon_multi_07,port_scan,generator_ground_truth,docker_multihost,139,1,140,7.115,160,0.0866,0.5064
recon_multi_07__recon_9,1,1789360608.9946475,real,recon_multi_07,port_scan,generator_ground_truth,docker_multihost,139,1,140,7.115,160,0.0866,0.5064
recon_multi_07__recon_9,1,1789360609.1446476,real,recon_multi_07,port_scan,generator_ground_truth,docker_multihost,139,1,140,7.115,160,0.0866,0.5064
recon_multi_07__recon_9,1,1789360609.2946477,real,recon_multi_07,port_scan,generator_ground_truth,docker_multihost,139,1,140,7.115,160,0.0866,0.5064
recon_multi_07__recon_9,1,1789360609.4446478,real,recon_multi_07,port_scan,generator_ground_truth,docker_multihost,139,1,140,7.115,160,0.0866,0.5064
recon_multi_07__recon_9,1,1789360609.594648,real,recon_multi_07,port_scan,generator_ground_truth,docker_multihost,139,1,140,7.115,160,0.0866,0.5064
recon_multi_07__recon_9,1,1789360609.744648,real,recon_multi_07,port_scan,generator_ground_truth,docker_multihost,139,1,140,7.115,160,0.0866,0.5064
recon_multi_07__recon_9,1,1789360609.894648,real,recon_multi_07,port_scan,generator_ground_truth,docker_multihost,139,1,140,7.115,160,0.0866,0.5064
recon_multi_07__recon_9,1,1789360610.0446482,real,recon_multi_07,port_scan,generator_ground_truth,docker_multihost,139,1,140,7.115,160,0.0866,0.5064
recon_multi_07__recon_9,1,1789360610.1946483,real,recon_multi_07,port_scan,generator_ground_truth,docker_multihost,139,1,140,7.115,160,0.0866,0.5064
recon_multi_07__recon_9,1,1789360610.3446484,real,recon_multi_07,port_scan,generator_ground_truth,docker_multihost,139,1,140,7.115,160,0.0866,0.5064
recon_multi_07__recon_9,1,1789360610.4946485,real,recon_multi_07,port_scan,generator_ground_truth,docker_multihost,139,1,140,7.115,160,0.0866,0.5064
recon_multi_07__recon_9,1,1789360610.6446486,real,recon_multi_07,port_scan,generator_ground_truth,docker_multihost,139,1,140,7.115,160,0.0866,0.5064
recon_multi_07__recon_9,1,1789360610.7946486,real,recon_multi_07,port_scan,generator_ground_truth,docker_multihost,139,1,140,7.115,160,0.0866,0.5064
recon_multi_07__recon_9,1,1789360610.9446487,real,recon_multi_07,port_scan,generator_ground_truth,docker_multihost,139,1,140,7.115,160,0.0866,0.5064
recon_multi_07__recon_9,1,1789360611.0946488,real,recon_multi_07,port_scan,generator_ground_truth,docker_multihost,139,1,140,7.115,160,0.0866,0.5064
recon_multi_07__recon_9,1,1789360611.244649,real,recon_multi_07,port_scan,generator_ground_truth,docker_multihost,139,1,140,7.115,160,0.0866,0.5064
recon_multi_07__recon_9,1,1789360611.394649,real,recon_multi_07,port_scan,generator_ground_truth,docker_multihost,139,1,140,7.115,160,0.0866,0.5064
recon_multi_07__recon_9,1,1789360611.5446491,real,recon_multi_07,port_scan,generator_ground_truth,docker_multihost,139,1,140,7.115,160,0.0866,0.5064
recon_multi_07__recon_9,1,1789360611.6946492,real,recon_multi_07,port_scan,generator_ground_truth,docker_multihost,139,1,140,7.115,160,0.0866,0.5064
recon_multi_07__recon_9,1,1789360611.8446493,real,recon_multi_07,port_scan,generator_ground_truth,docker_multihost,139,1,140,7.115,160,0.0866,0.5064
recon_multi_07__recon_9,1,1789360611.9946494,real,recon_multi_07,port_scan,generator_ground_truth,docker_multihost,139,1,140,7.115,160,0.0866,0.5064
recon_multi_07__recon_9,1,1789360612.1446495,real,recon_multi_07,port_scan,generator_ground_truth,docker_multihost,139,1,140,7.115,160,0.0866,0.5064
recon_multi_07__recon_9,1,1789360612.2946496,real,recon_multi_07,port_scan,generator_ground_truth,docker_multihost,139,1,140,7.115,160,0.0866,0.5064
recon_multi_07__recon_9,1,1789360612.4446497,real,recon_multi_07,port_scan,generator_ground_truth,docker_multihost,139,1,140,7.115,160,0.0866,0.5064
recon_multi_07__recon_9,1,1789360612.5946498,real,recon_multi_07,port_scan,generator_ground_truth,docker_multihost,139,1,140,7.115,160,0.0866,0.5064
recon_multi_07__recon_9,1,1789360612.74465,real,recon_multi_07,port_scan,generator_ground_truth,docker_multihost,142,1,143,7.1459,228,0.1192,0.6375
recon_multi_07__recon_9,1,1789360612.89465,real,recon_multi_07,port_scan,generator_ground_truth,docker_multihost,145,1,146,7.1761,228,0.1176,0.6309
recon_multi_07__recon_9,1,1789360613.04465,real,recon_multi_07,port_scan,generator_ground_truth,docker_multihost,149,1,150,7.2155,228,0.1156,0.6225
recon_multi_07__recon_9,1,1789360613.1946502,real,recon_multi_07,port_scan,generator_ground_truth,docker_multihost,152,1,153,7.2443,233,0.1142,0.6164
recon_multi_07__recon_9,1,1789360613.3446503,real,recon_multi_07,port_scan,generator_ground_truth,docker_multihost,156,1,157,7.2819,240,0.1124,0.6086
recon_multi_07__recon_9,1,1789360613.4946504,real,recon_multi_07,port_scan,generator_ground_truth,docker_multihost,159,1,160,7.3094,240,0.1111,0.6029
recon_multi_07__recon_9,1,1789360613.6446505,real,recon_multi_07,port_scan,generator_ground_truth,docker_multihost,163,1,164,7.3454,240,0.1094,0.5955
recon_multi_07__recon_9,1,1789360613.7946506,real,recon_multi_07,port_scan,generator_ground_truth,docker_multihost,165,1,167,7.3598,240,0.1082,0.5902
recon_multi_07__recon_9,1,1789360613.9446507,real,recon_multi_07,port_scan,generator_ground_truth,docker_multihost,169,1,171,7.3945,240,0.1067,0.5833
recon_multi_07__recon_9,1,1789360614.0946507,real,recon_multi_07,port_scan,generator_ground_truth,docker_multihost,172,1,174,7.42,240,0.1056,0.5783
recon_multi_07__recon_9,1,1789360614.2446508,real,recon_multi_07,port_scan,generator_ground_truth,docker_multihost,176,1,178,7.4533,240,0.1042,0.5718
recon_multi_07__recon_9,1,1789360614.394651,real,recon_multi_07,port_scan,generator_ground_truth,docker_multihost,179,1,181,7.4777,240,0.1032,0.567
recon_multi_07__recon_9,1,1789360614.544651,real,recon_multi_07,port_scan,generator_ground_truth,docker_multihost,182,1,184,7.5018,240,0.1022,0.5624
recon_multi_07__recon_9,1,1789360614.6946511,real,recon_multi_07,port_scan,generator_ground_truth,docker_multihost,186,1,188,7.5333,240,0.101,0.5564
recon_multi_07__recon_9,1,1789360614.8446512,real,recon_multi_07,port_scan,generator_ground_truth,docker_multihost,189,1,191,7.5565,240,0.1,0.5521
recon_multi_07__recon_9,1,1789360614.9946513,real,recon_multi_07,port_scan,generator_ground_truth,docker_multihost,193,1,195,7.5868,240,0.0989,0.5464
recon_multi_07__recon_9,1,1789360615.1446514,real,recon_multi_07,port_scan,generator_ground_truth,docker_multihost,196,1,198,7.6092,240,0.098,0.5423
recon_multi_07__recon_9,1,1789360615.2946515,real,recon_multi_07,port_scan,generator_ground_truth,docker_multihost,200,1,202,7.6384,240,0.0969,0.5369
recon_multi_07__recon_9,1,1789360615.4446516,real,recon_multi_07,port_scan,generator_ground_truth,docker_multihost,203,1,205,7.66,240,0.0962,0.533
recon_multi_07__recon_9,1,1789360615.5946517,real,recon_multi_07,port_scan,generator_ground_truth,docker_multihost,207,1,209,7.6882,240,0.0951,0.5279
recon_multi_07__recon_9,1,1789360615.7446518,real,recon_multi_07,port_scan,generator_ground_truth,docker_multihost,210,1,212,7.7091,240,0.0944,0.5242
recon_multi_07__recon_9,1,1789360615.894652,real,recon_multi_07,port_scan,generator_ground_truth,docker_multihost,213,1,215,7.7296,240,0.0937,0.5205
recon_multi_07__recon_9,1,1789360616.044652,real,recon_multi_07,port_scan,generator_ground_truth,docker_multihost,217,1,219,7.7565,240,0.0928,0.5157
recon_multi_07__recon_9,1,1789360616.194652,real,recon_multi_07,port_scan,generator_ground_truth,docker_multihost,219,1,221,7.7698,240,0.0923,0.5134
recon_multi_07__recon_9,1,1789360616.3446522,real,recon_multi_07,port_scan,generator_ground_truth,docker_multihost,219,1,221,7.7698,240,0.0923,0.5134
recon_multi_07__recon_9,1,1789360616.4946523,real,recon_multi_07,port_scan,generator_ground_truth,docker_multihost,219,1,221,7.7698,240,0.0923,0.5134
recon_multi_07__recon_9,1,1789360616.6446524,real,recon_multi_07,port_scan,generator_ground_truth,docker_multihost,219,1,221,7.7698,240,0.0923,0.5134
recon_multi_07__recon_9,1,1789360616.7946525,real,recon_multi_07,port_scan,generator_ground_truth,docker_multihost,219,1,221,7.7698,240,0.0923,0.5134
recon_multi_07__recon_9,1,1789360616.9446526,real,recon_multi_07,port_scan,generator_ground_truth,docker_multihost,219,1,221,7.7698,240,0.0923,0.5134
recon_multi_07__recon_9,1,1789360617.0946527,real,recon_multi_07,port_scan,generator_ground_truth,docker_multihost,219,1,221,7.7698,240,0.0923,0.5134
recon_multi_07__recon_9,1,1789360617.2446527,real,recon_multi_07,port_scan,generator_ground_truth,docker_multihost,219,1,221,7.7698,240,0.0923,0.5134
recon_multi_07__recon_9,1,1789360617.3946528,real,recon_multi_07,port_scan,generator_ground_truth,docker_multihost,219,1,221,7.7698,240,0.0923,0.5134
recon_multi_07__recon_9,1,1789360617.544653,real,recon_multi_07,port_scan,generator_ground_truth,docker_multihost,219,1,221,7.7698,240,0.0923,0.5134
recon_multi_07__recon_9,1,1789360617.694653,real,recon_multi_07,port_scan,generator_ground_truth,docker_multihost,219,1,221,7.7698,240,0.0923,0.5134
recon_multi_07__recon_9,1,1789360617.8446531,real,recon_multi_07,port_scan,generator_ground_truth,docker_multihost,219,1,221,7.7698,240,0.0923,0.5134
recon_multi_07__recon_9,1,1789360617.9946532,real,recon_multi_07,port_scan,generator_ground_truth,docker_multihost,219,1,221,7.7698,240,0.0923,0.5134
recon_multi_07__recon_9,1,1789360618.1446533,real,recon_multi_07,port_scan,generator_ground_truth,docker_multihost,219,1,221,7.7698,240,0.0923,0.5134
recon_multi_07__recon_9,1,1789360618.2946534,real,recon_multi_07,port_scan,generator_ground_truth,docker_multihost,219,1,221,7.7698,240,0.0923,0.5134
recon_multi_07__recon_9,1,1789360618.4446535,real,recon_multi_07,port_scan,generator_ground_truth,docker_multihost,219,1,221,7.7698,240,0.0923,0.5134
recon_multi_07__recon_9,1,1789360618.5946536,real,recon_multi_07,port_scan,generator_ground_truth,docker_multihost,219,1,221,7.7698,240,0.0923,0.5134
recon_multi_07__recon_9,1,1789360618.7446537,real,recon_multi_07,port_scan,generator_ground_truth,docker_multihost,219,1,221,7.7698,240,0.0923,0.5134
recon_multi_07__recon_9,1,1789360618.8946538,real,recon_multi_07,port_scan,generator_ground_truth,docker_multihost,219,1,221,7.7698,240,0.0923,0.5134
recon_multi_07__recon_9,1,1789360619.044654,real,recon_multi_07,port_scan,generator_ground_truth,docker_multihost,219,1,221,7.7698,240,0.0923,0.5134
recon_multi_07__recon_9,1,1789360619.194654,real,recon_multi_07,port_scan,generator_ground_truth,docker_multihost,219,1,221,7.7698,240,0.0923,0.5134
recon_multi_07__recon_9,1,1789360619.344654,real,recon_multi_07,port_scan,generator_ground_truth,docker_multihost,219,1,221,7.7698,240,0.0923,0.5134
recon_multi_07__recon_9,1,1789360619.4946542,real,recon_multi_07,port_scan,generator_ground_truth,docker_multihost,219,1,221,7.7698,240,0.0923,0.5134
recon_multi_07__recon_9,1,1789360619.6446543,real,recon_multi_07,port_scan,generator_ground_truth,docker_multihost,219,1,221,7.7698,240,0.0923,0.5134
recon_multi_07__recon_9,1,1789360619.7946544,real,recon_multi_07,port_scan,generator_ground_truth,docker_multihost,219,1,221,7.7698,240,0.0923,0.5134
recon_multi_07__recon_9,1,1789360619.9446545,real,recon_multi_07,port_scan,generator_ground_truth,docker_multihost,219,1,221,7.7698,240,0.0923,0.5134
recon_multi_07__recon_9,1,1789360620.0946546,real,recon_multi_07,port_scan,generator_ground_truth,docker_multihost,219,1,221,7.7698,240,0.0923,0.5134
recon_multi_07__recon_9,1,1789360620.2446547,real,recon_multi_07,port_scan,generator_ground_truth,docker_multihost,219,1,221,7.7698,240,0.0923,0.5134
recon_multi_07__recon_9,1,1789360620.3946548,real,recon_multi_07,port_scan,generator_ground_truth,docker_multihost,219,1,221,7.7698,240,0.0923,0.5134
recon_multi_07__recon_9,1,1789360620.5446548,real,recon_multi_07,port_scan,generator_ground_truth,docker_multihost,219,1,221,7.7698,240,0.0923,0.5134
recon_multi_07__recon_9,1,1789360620.694655,real,recon_multi_07,port_scan,generator_ground_truth,docker_multihost,219,1,221,7.7698,240,0.0923,0.5134
recon_multi_07__recon_9,1,1789360620.844655,real,recon_multi_07,port_scan,generator_ground_truth,docker_multihost,219,1,221,7.7698,240,0.0923,0.5134
recon_multi_07__recon_9,1,1789360620.9946551,real,recon_multi_07,port_scan,generator_ground_truth,docker_multihost,219,1,221,7.7698,240,0.0923,0.5134
recon_multi_07__recon_9,1,1789360621.1446552,real,recon_multi_07,port_scan,generator_ground_truth,docker_multihost,219,1,221,7.7698,240,0.0923,0.5134
recon_multi_07__recon_9,1,1789360621.2946553,real,recon_multi_07,port_scan,generator_ground_truth,docker_multihost,219,1,221,7.7698,240,0.0923,0.5134
recon_multi_07__recon_9,1,1789360621.4446554,real,recon_multi_07,port_scan,generator_ground_truth,docker_multihost,219,1,221,7.7698,240,0.0923,0.5134
recon_multi_07__recon_9,1,1789360621.5946555,real,recon_multi_07,port_scan,generator_ground_truth,docker_multihost,219,1,221,7.7698,240,0.0923,0.5134
recon_multi_07__recon_9,1,1789360621.7446556,real,recon_multi_07,port_scan,generator_ground_truth,docker_multihost,219,1,221,7.7698,240,0.0923,0.5134
recon_multi_07__recon_9,1,1789360621.8946557,real,recon_multi_07,port_scan,generator_ground_truth,docker_multihost,219,1,221,7.7698,240,0.0923,0.5134
recon_multi_07__recon_9,1,1789360622.0446558,real,recon_multi_07,port_scan,generator_ground_truth,docker_multihost,219,1,221,7.7698,240,0.0923,0.5134
recon_multi_07__recon_9,1,1789360622.194656,real,recon_multi_07,port_scan,generator_ground_truth,docker_multihost,219,1,221,7.7698,240,0.0923,0.5134
recon_multi_07__recon_9,1,1789360622.344656,real,recon_multi_07,port_scan,generator_ground_truth,docker_multihost,219,1,221,7.7698,240,0.0923,0.5134
recon_multi_07__recon_9,1,1789360622.494656,real,recon_multi_07,port_scan,generator_ground_truth,docker_multihost,219,1,221,7.7698,240,0.0923,0.5134
recon_multi_07__recon_9,1,1789360622.6446562,real,recon_multi_07,port_scan,generator_ground_truth,docker_multihost,219,1,221,7.7698,240,0.0923,0.5134
recon_multi_07__recon_9,1,1789360622.7946563,real,recon_multi_07,port_scan,generator_ground_truth,docker_multihost,219,1,221,7.7698,240,0.0923,0.5134
recon_multi_07__recon_9,1,1789360622.9446564,real,recon_multi_07,port_scan,generator_ground_truth,docker_multihost,219,1,221,7.7698,240,0.0923,0.5134
recon_multi_07__recon_9,1,1789360623.0946565,real,recon_multi_07,port_scan,generator_ground_truth,docker_multihost,219,1,221,7.7698,240,0.0923,0.5134
recon_multi_07__recon_9,1,1789360623.2446566,real,recon_multi_07,port_scan,generator_ground_truth,docker_multihost,223,1,225,7.796,294,0.1224,0.6856
recon_multi_07__recon_9,1,1789360623.3946567,real,recon_multi_07,port_scan,generator_ground_truth,docker_multihost,226,1,228,7.8153,301,0.1214,0.6811
recon_multi_07__recon_9,1,1789360623.5446568,real,recon_multi_07,port_scan,generator_ground_truth,docker_multihost,230,1,232,7.8407,312,0.12,0.6753
recon_multi_07__recon_9,1,1789360623.6946568,real,recon_multi_07,port_scan,generator_ground_truth,docker_multihost,233,1,235,7.8595,312,0.1191,0.671
recon_multi_07__recon_9,1,1789360623.844657,real,recon_multi_07,port_scan,generator_ground_truth,docker_multihost,237,1,239,7.8841,312,0.1178,0.6654
recon_multi_07__recon_9,1,1789360623.994657,real,recon_multi_07,port_scan,generator_ground_truth,docker_multihost,240,1,242,7.9023,312,0.1169,0.6613
recon_multi_07__recon_9,1,1789360624.1446571,real,recon_multi_07,port_scan,generator_ground_truth,docker_multihost,244,1,246,7.9263,312,0.1157,0.6559
recon_multi_07__recon_9,1,1789360624.2946572,real,recon_multi_07,port_scan,generator_ground_truth,docker_multihost,247,1,249,7.9439,313,0.1148,0.652
recon_multi_07__recon_9,1,1789360624.4446573,real,recon_multi_07,port_scan,generator_ground_truth,docker_multihost,251,1,253,7.9672,313,0.1137,0.6469
recon_multi_07__recon_9,1,1789360624.5946574,real,recon_multi_07,port_scan,generator_ground_truth,docker_multihost,254,1,256,7.9844,313,0.1128,0.6431
recon_multi_07__recon_9,1,1789360624.7446575,real,recon_multi_07,port_scan,generator_ground_truth,docker_multihost,256,1,259,7.9936,313,0.112,0.6394
recon_multi_07__recon_9,1,1789360624.8946576,real,recon_multi_07,port_scan,generator_ground_truth,docker_multihost,260,1,263,8.0161,318,0.111,0.6345
recon_multi_07__recon_9,1,1789360625.0446577,real,recon_multi_07,port_scan,generator_ground_truth,docker_multihost,263,1,266,8.0327,320,0.1102,0.631
recon_multi_07__recon_9,1,1789360625.1946578,real,recon_multi_07,port_scan,generator_ground_truth,docker_multihost,267,1,270,8.0546,320,0.1092,0.6263
recon_multi_07__recon_9,1,1789360625.344658,real,recon_multi_07,port_scan,generator_ground_truth,docker_multihost,270,1,273,8.0708,320,0.1085,0.6229
recon_multi_07__recon_9,1,1789360625.494658,real,recon_multi_07,port_scan,generator_ground_truth,docker_multihost,274,1,277,8.0921,320,0.1076,0.6184
recon_multi_07__benign_10,0,1789360627.7347262,real,recon_multi_07,,generator_ground_truth,docker_multihost,1,1,1,-0.0,0,0.0,0.0
recon_multi_07__benign_10,0,1789360627.8847263,real,recon_multi_07,,generator_ground_truth,docker_multihost,1,1,1,-0.0,0,0.0,0.0
recon_multi_07__benign_10,0,1789360628.0347264,real,recon_multi_07,,generator_ground_truth,docker_multihost,1,1,1,-0.0,0,0.0,0.0
recon_multi_07__benign_10,0,1789360628.1847265,real,recon_multi_07,,generator_ground_truth,docker_multihost,1,1,1,-0.0,0,0.0,0.0
recon_multi_07__benign_10,0,1789360628.3347266,real,recon_multi_07,,generator_ground_truth,docker_multihost,1,1,1,-0.0,0,0.0,0.0
recon_multi_07__benign_10,0,1789360628.4847267,real,recon_multi_07,,generator_ground_truth,docker_multihost,2,1,2,1.0,29,0.7184,0.0
recon_multi_07__benign_10,0,1789360628.6347268,real,recon_multi_07,,generator_ground_truth,docker_multihost,2,1,2,1.0,29,0.7184,0.0
recon_multi_07__benign_10,0,1789360628.7847269,real,recon_multi_07,,generator_ground_truth,docker_multihost,2,1,2,1.0,29,0.7184,0.0
recon_multi_07__benign_10,0,1789360628.934727,real,recon_multi_07,,generator_ground_truth,docker_multihost,2,1,2,1.0,29,0.7184,0.0
recon_multi_07__benign_10,0,1789360629.084727,real,recon_multi_07,,generator_ground_truth,docker_multihost,2,1,2,1.0,29,0.7184,0.0
recon_multi_07__benign_10,0,1789360629.2347271,real,recon_multi_07,,generator_ground_truth,docker_multihost,3,1,3,1.585,29,0.7394,0.021
recon_multi_07__benign_10,0,1789360629.3847272,real,recon_multi_07,,generator_ground_truth,docker_multihost,3,1,3,1.585,29,0.7394,0.021
recon_multi_07__benign_10,0,1789360629.5347273,real,recon_multi_07,,generator_ground_truth,docker_multihost,3,1,3,1.585,29,0.7394,0.021
recon_multi_07__benign_10,0,1789360629.6847274,real,recon_multi_07,,generator_ground_truth,docker_multihost,3,1,3,1.585,29,0.7394,0.021
recon_multi_07__benign_10,0,1789360629.8347275,real,recon_multi_07,,generator_ground_truth,docker_multihost,3,1,3,1.585,29,0.7394,0.021
recon_multi_07__benign_10,0,1789360629.9847276,real,recon_multi_07,,generator_ground_truth,docker_multihost,3,1,3,1.585,29,0.7394,0.021
recon_multi_07__benign_10,0,1789360630.1347277,real,recon_multi_07,,generator_ground_truth,docker_multihost,3,1,4,1.5,29,0.7943,0.0794
recon_multi_07__benign_10,0,1789360630.2847278,real,recon_multi_07,,generator_ground_truth,docker_multihost,3,1,4,1.5,29,0.7943,0.0794
recon_multi_07__benign_10,0,1789360630.434728,real,recon_multi_07,,generator_ground_truth,docker_multihost,3,1,4,1.5,29,0.7943,0.0794
recon_multi_07__benign_10,0,1789360630.584728,real,recon_multi_07,,generator_ground_truth,docker_multihost,3,1,4,1.5,29,0.7943,0.0794
recon_multi_07__benign_10,0,1789360630.734728,real,recon_multi_07,,generator_ground_truth,docker_multihost,3,1,4,1.5,29,0.7943,0.0794
recon_multi_07__benign_10,0,1789360630.8847282,real,recon_multi_07,,generator_ground_truth,docker_multihost,3,1,4,1.5,29,0.7943,0.0794
recon_multi_07__benign_10,0,1789360631.0347283,real,recon_multi_07,,generator_ground_truth,docker_multihost,3,1,5,1.5219,29,0.8067,0.0721
recon_multi_07__benign_10,0,1789360631.1847284,real,recon_multi_07,,generator_ground_truth,docker_multihost,3,1,5,1.5219,29,0.8067,0.0721
recon_multi_07__benign_10,0,1789360631.3347285,real,recon_multi_07,,generator_ground_truth,docker_multihost,3,1,5,1.5219,29,0.8067,0.0721
recon_multi_07__benign_10,0,1789360631.4847286,real,recon_multi_07,,generator_ground_truth,docker_multihost,3,1,5,1.5219,29,0.8067,0.0721
recon_multi_07__benign_10,0,1789360631.6347287,real,recon_multi_07,,generator_ground_truth,docker_multihost,3,1,5,1.5219,29,0.8067,0.0721
recon_multi_07__benign_10,0,1789360631.7847288,real,recon_multi_07,,generator_ground_truth,docker_multihost,3,1,5,1.5219,29,0.8067,0.0721
recon_multi_07__benign_10,0,1789360631.9347289,real,recon_multi_07,,generator_ground_truth,docker_multihost,3,1,6,1.585,29,0.8395,0.092
recon_multi_07__benign_10,0,1789360632.084729,real,recon_multi_07,,generator_ground_truth,docker_multihost,3,1,6,1.585,29,0.8395,0.092
recon_multi_07__benign_10,0,1789360632.234729,real,recon_multi_07,,generator_ground_truth,docker_multihost,3,1,6,1.585,29,0.8395,0.092
recon_multi_07__benign_10,0,1789360632.3847291,real,recon_multi_07,,generator_ground_truth,docker_multihost,3,1,6,1.585,29,0.8395,0.092
recon_multi_07__benign_10,0,1789360632.5347292,real,recon_multi_07,,generator_ground_truth,docker_multihost,3,1,6,1.585,29,0.8395,0.092
recon_multi_07__benign_10,0,1789360632.6847293,real,recon_multi_07,,generator_ground_truth,docker_multihost,3,1,6,1.585,29,0.8395,0.092
recon_multi_07__benign_10,0,1789360632.8347294,real,recon_multi_07,,generator_ground_truth,docker_multihost,3,1,7,1.5567,29,0.8445,0.0847
recon_multi_07__benign_10,0,1789360632.9847295,real,recon_multi_07,,generator_ground_truth,docker_multihost,3,1,7,1.5567,29,0.8445,0.0847
recon_multi_07__benign_10,0,1789360633.1347296,real,recon_multi_07,,generator_ground_truth,docker_multihost,3,1,7,1.5567,29,0.8445,0.0847
recon_multi_07__benign_10,0,1789360633.2847297,real,recon_multi_07,,generator_ground_truth,docker_multihost,3,1,7,1.5567,29,0.8445,0.0847
recon_multi_07__benign_10,0,1789360633.4347298,real,recon_multi_07,,generator_ground_truth,docker_multihost,3,1,8,1.5613,29,0.8094,0.1163
recon_multi_07__benign_10,0,1789360633.58473,real,recon_multi_07,,generator_ground_truth,docker_multihost,3,1,8,1.5613,29,0.8094,0.1163
recon_multi_07__benign_10,0,1789360633.73473,real,recon_multi_07,,generator_ground_truth,docker_multihost,3,1,8,1.5613,29,0.8094,0.1163
recon_multi_07__benign_10,0,1789360633.88473,real,recon_multi_07,,generator_ground_truth,docker_multihost,3,1,8,1.5613,29,0.8094,0.1163
recon_multi_07__benign_10,0,1789360634.0347302,real,recon_multi_07,,generator_ground_truth,docker_multihost,3,1,8,1.5613,29,0.8094,0.1163
recon_multi_07__benign_10,0,1789360634.1847303,real,recon_multi_07,,generator_ground_truth,docker_multihost,3,1,9,1.585,29,0.7977,0.1131
recon_multi_07__benign_10,0,1789360634.3347304,real,recon_multi_07,,generator_ground_truth,docker_multihost,3,1,9,1.585,29,0.7977,0.1131
recon_multi_07__benign_10,0,1789360634.4847305,real,recon_multi_07,,generator_ground_truth,docker_multihost,3,1,9,1.585,29,0.7977,0.1131
recon_multi_07__benign_10,0,1789360634.6347306,real,recon_multi_07,,generator_ground_truth,docker_multihost,3,1,9,1.585,29,0.7977,0.1131
recon_multi_07__benign_10,0,1789360634.7847307,real,recon_multi_07,,generator_ground_truth,docker_multihost,3,1,9,1.585,29,0.7977,0.1131
recon_multi_07__benign_10,0,1789360634.9347308,real,recon_multi_07,,generator_ground_truth,docker_multihost,3,1,9,1.585,29,0.7977,0.1131
recon_multi_07__benign_10,0,1789360635.0847309,real,recon_multi_07,,generator_ground_truth,docker_multihost,3,1,10,1.571,29,0.8174,0.1203
recon_multi_07__benign_10,0,1789360635.234731,real,recon_multi_07,,generator_ground_truth,docker_multihost,3,1,10,1.571,29,0.8174,0.1203
recon_multi_07__benign_10,0,1789360635.384731,real,recon_multi_07,,generator_ground_truth,docker_multihost,3,1,10,1.571,29,0.8174,0.1203
recon_multi_07__benign_10,0,1789360635.5347311,real,recon_multi_07,,generator_ground_truth,docker_multihost,3,1,10,1.571,29,0.8174,0.1203
recon_multi_07__benign_10,0,1789360635.6847312,real,recon_multi_07,,generator_ground_truth,docker_multihost,3,1,10,1.571,29,0.8174,0.1203
recon_multi_07__benign_10,0,1789360635.8347313,real,recon_multi_07,,generator_ground_truth,docker_multihost,3,1,10,1.571,29,0.8174,0.1203
recon_multi_07__benign_10,0,1789360635.9847314,real,recon_multi_07,,generator_ground_truth,docker_multihost,3,1,10,1.571,29,0.8174,0.1203
recon_multi_07__benign_10,0,1789360636.1347315,real,recon_multi_07,,generator_ground_truth,docker_multihost,3,1,11,1.5726,29,0.8318,0.122
recon_multi_07__benign_10,0,1789360636.2847316,real,recon_multi_07,,generator_ground_truth,docker_multihost,3,1,11,1.5726,29,0.8318,0.122
recon_multi_07__benign_10,0,1789360636.4347317,real,recon_multi_07,,generator_ground_truth,docker_multihost,3,1,11,1.5726,29,0.8318,0.122
recon_multi_07__benign_10,0,1789360636.5847318,real,recon_multi_07,,generator_ground_truth,docker_multihost,3,1,11,1.5726,29,0.8318,0.122
recon_multi_07__benign_10,0,1789360636.734732,real,recon_multi_07,,generator_ground_truth,docker_multihost,3,1,11,1.5726,29,0.8318,0.122
recon_multi_07__benign_10,0,1789360636.884732,real,recon_multi_07,,generator_ground_truth,docker_multihost,3,1,12,1.585,29,0.83,0.1164
recon_multi_07__benign_10,0,1789360637.034732,real,recon_multi_07,,generator_ground_truth,docker_multihost,3,1,12,1.585,29,0.83,0.1164
recon_multi_07__benign_10,0,1789360637.1847322,real,recon_multi_07,,generator_ground_truth,docker_multihost,3,1,12,1.585,29,0.83,0.1164
recon_multi_07__benign_10,0,1789360637.3347323,real,recon_multi_07,,generator_ground_truth,docker_multihost,3,1,12,1.585,29,0.83,0.1164
recon_multi_07__benign_10,0,1789360637.4847324,real,recon_multi_07,,generator_ground_truth,docker_multihost,3,1,12,1.585,29,0.83,0.1164
recon_multi_07__benign_10,0,1789360637.6347325,real,recon_multi_07,,generator_ground_truth,docker_multihost,3,1,12,1.585,29,0.83,0.1164
recon_multi_07__benign_10,0,1789360637.7847326,real,recon_multi_07,,generator_ground_truth,docker_multihost,3,1,13,1.5766,29,0.8302,0.1115
recon_multi_07__benign_10,0,1789360637.9347327,real,recon_multi_07,,generator_ground_truth,docker_multihost,3,1,13,1.5766,29,0.8302,0.1115
recon_multi_07__benign_10,0,1789360638.0847328,real,recon_multi_07,,generator_ground_truth,docker_multihost,3,1,13,1.5766,29,0.8302,0.1115
recon_multi_07__benign_10,0,1789360638.2347329,real,recon_multi_07,,generator_ground_truth,docker_multihost,3,1,14,1.5774,29,0.8096,0.1286
recon_multi_07__benign_10,0,1789360638.384733,real,recon_multi_07,,generator_ground_truth,docker_multihost,3,1,14,1.5774,29,0.8096,0.1286
recon_multi_07__benign_10,0,1789360638.534733,real,recon_multi_07,,generator_ground_truth,docker_multihost,3,1,14,1.5774,29,0.8096,0.1286
recon_multi_07__benign_10,0,1789360638.6847332,real,recon_multi_07,,generator_ground_truth,docker_multihost,3,1,14,1.5774,29,0.8096,0.1286
recon_multi_07__benign_10,0,1789360638.8347332,real,recon_multi_07,,generator_ground_truth,docker_multihost,3,1,14,1.5774,29,0.8096,0.1286
recon_multi_07__benign_10,0,1789360638.9847333,real,recon_multi_07,,generator_ground_truth,docker_multihost,3,1,14,1.5774,29,0.8096,0.1286
recon_multi_07__benign_10,0,1789360639.1347334,real,recon_multi_07,,generator_ground_truth,docker_multihost,3,1,14,1.5774,29,0.8096,0.1286
recon_multi_07__benign_10,0,1789360639.2847335,real,recon_multi_07,,generator_ground_truth,docker_multihost,3,1,15,1.585,29,0.8197,0.1292
recon_multi_07__benign_10,0,1789360639.4347336,real,recon_multi_07,,generator_ground_truth,docker_multihost,3,1,15,1.585,29,0.8197,0.1292
recon_multi_07__benign_10,0,1789360639.5847337,real,recon_multi_07,,generator_ground_truth,docker_multihost,3,1,15,1.585,29,0.8197,0.1292
recon_multi_07__benign_10,0,1789360639.7347338,real,recon_multi_07,,generator_ground_truth,docker_multihost,3,1,15,1.585,29,0.8197,0.1292
recon_multi_07__benign_10,0,1789360639.884734,real,recon_multi_07,,generator_ground_truth,docker_multihost,3,1,15,1.585,29,0.8197,0.1292
recon_multi_07__benign_10,0,1789360640.034734,real,recon_multi_07,,generator_ground_truth,docker_multihost,3,1,16,1.5794,29,0.8153,0.1258
recon_multi_07__benign_10,0,1789360640.184734,real,recon_multi_07,,generator_ground_truth,docker_multihost,3,1,16,1.5794,29,0.8153,0.1258
recon_multi_07__benign_10,0,1789360640.3347342,real,recon_multi_07,,generator_ground_truth,docker_multihost,3,1,16,1.5794,29,0.8153,0.1258
recon_multi_07__benign_10,0,1789360640.4847343,real,recon_multi_07,,generator_ground_truth,docker_multihost,3,1,16,1.5794,29,0.8153,0.1258
recon_multi_07__benign_10,0,1789360640.6347344,real,recon_multi_07,,generator_ground_truth,docker_multihost,3,1,16,1.5794,29,0.8153,0.1258
recon_multi_07__benign_10,0,1789360640.7847345,real,recon_multi_07,,generator_ground_truth,docker_multihost,3,1,17,1.5799,29,0.8165,0.1219
recon_multi_07__benign_10,0,1789360640.9347346,real,recon_multi_07,,generator_ground_truth,docker_multihost,3,1,17,1.5799,29,0.8165,0.1219
recon_multi_07__benign_10,0,1789360641.0847347,real,recon_multi_07,,generator_ground_truth,docker_multihost,3,1,17,1.5799,29,0.8165,0.1219
recon_multi_07__benign_10,0,1789360641.2347348,real,recon_multi_07,,generator_ground_truth,docker_multihost,3,1,17,1.5799,29,0.8165,0.1219
recon_multi_07__benign_10,0,1789360641.3847349,real,recon_multi_07,,generator_ground_truth,docker_multihost,3,1,17,1.5799,29,0.8165,0.1219
recon_multi_07__benign_10,0,1789360641.534735,real,recon_multi_07,,generator_ground_truth,docker_multihost,3,1,18,1.585,29,0.8075,0.1237
recon_multi_07__benign_10,0,1789360641.684735,real,recon_multi_07,,generator_ground_truth,docker_multihost,3,1,18,1.585,29,0.8075,0.1237
recon_multi_07__benign_10,0,1789360641.8347352,real,recon_multi_07,,generator_ground_truth,docker_multihost,3,1,18,1.585,29,0.8075,0.1237
recon_multi_07__benign_10,0,1789360641.9847353,real,recon_multi_07,,generator_ground_truth,docker_multihost,3,1,18,1.585,29,0.8075,0.1237
recon_multi_07__benign_10,0,1789360642.1347353,real,recon_multi_07,,generator_ground_truth,docker_multihost,3,1,18,1.585,29,0.8075,0.1237
recon_multi_07__benign_10,0,1789360642.2847354,real,recon_multi_07,,generator_ground_truth,docker_multihost,3,1,19,1.581,29,0.8098,0.1205
recon_multi_07__benign_10,0,1789360642.4347355,real,recon_multi_07,,generator_ground_truth,docker_multihost,3,1,19,1.581,29,0.8098,0.1205
recon_multi_07__benign_10,0,1789360642.5847356,real,recon_multi_07,,generator_ground_truth,docker_multihost,3,1,19,1.581,29,0.8098,0.1205
recon_multi_07__benign_10,0,1789360642.7347357,real,recon_multi_07,,generator_ground_truth,docker_multihost,3,1,19,1.581,29,0.8098,0.1205
recon_multi_07__benign_10,0,1789360642.8847358,real,recon_multi_07,,generator_ground_truth,docker_multihost,3,1,19,1.581,29,0.8098,0.1205
recon_multi_07__benign_10,0,1789360643.034736,real,recon_multi_07,,generator_ground_truth,docker_multihost,3,1,19,1.581,29,0.8098,0.1205
recon_multi_07__benign_10,0,1789360643.184736,real,recon_multi_07,,generator_ground_truth,docker_multihost,3,1,20,1.5813,29,0.8081,0.1175
recon_multi_07__benign_10,0,1789360643.334736,real,recon_multi_07,,generator_ground_truth,docker_multihost,3,1,20,1.5813,29,0.8081,0.1175
recon_multi_07__benign_10,0,1789360643.4847362,real,recon_multi_07,,generator_ground_truth,docker_multihost,3,1,20,1.5813,29,0.8081,0.1175
recon_multi_07__benign_10,0,1789360643.6347363,real,recon_multi_07,,generator_ground_truth,docker_multihost,3,1,20,1.5813,29,0.8081,0.1175
recon_multi_07__benign_10,0,1789360643.7847364,real,recon_multi_07,,generator_ground_truth,docker_multihost,3,1,21,1.585,29,0.7976,0.1235
recon_multi_07__benign_10,0,1789360643.9347365,real,recon_multi_07,,generator_ground_truth,docker_multihost,3,1,21,1.585,29,0.7976,0.1235
recon_multi_07__benign_10,0,1789360644.0847366,real,recon_multi_07,,generator_ground_truth,docker_multihost,3,1,21,1.585,29,0.7976,0.1235
recon_multi_07__benign_10,0,1789360644.2347367,real,recon_multi_07,,generator_ground_truth,docker_multihost,3,1,21,1.585,29,0.7976,0.1235
recon_multi_07__benign_10,0,1789360644.3847368,real,recon_multi_07,,generator_ground_truth,docker_multihost,3,1,21,1.585,29,0.7976,0.1235
recon_multi_07__benign_10,0,1789360644.5347369,real,recon_multi_07,,generator_ground_truth,docker_multihost,3,1,22,1.582,29,0.7993,0.1208
recon_multi_07__benign_10,0,1789360644.684737,real,recon_multi_07,,generator_ground_truth,docker_multihost,3,1,22,1.582,29,0.7993,0.1208
recon_multi_07__benign_10,0,1789360644.834737,real,recon_multi_07,,generator_ground_truth,docker_multihost,3,1,22,1.582,29,0.7993,0.1208
recon_multi_07__benign_10,0,1789360644.9847372,real,recon_multi_07,,generator_ground_truth,docker_multihost,3,1,22,1.582,29,0.7993,0.1208
recon_multi_07__benign_10,0,1789360645.1347373,real,recon_multi_07,,generator_ground_truth,docker_multihost,3,1,22,1.582,29,0.7993,0.1208
recon_multi_07__benign_10,0,1789360645.2847373,real,recon_multi_07,,generator_ground_truth,docker_multihost,3,1,23,1.5822,29,0.7943,0.1201
recon_multi_07__benign_10,0,1789360645.4347374,real,recon_multi_07,,generator_ground_truth,docker_multihost,3,1,23,1.5822,29,0.7943,0.1201
recon_multi_07__benign_10,0,1789360645.5847375,real,recon_multi_07,,generator_ground_truth,docker_multihost,3,1,23,1.5822,29,0.7943,0.1201
recon_multi_07__benign_10,0,1789360645.7347376,real,recon_multi_07,,generator_ground_truth,docker_multihost,3,1,23,1.5822,29,0.7943,0.1201
recon_multi_07__benign_10,0,1789360645.8847377,real,recon_multi_07,,generator_ground_truth,docker_multihost,3,1,23,1.5822,29,0.7943,0.1201
recon_multi_07__benign_10,0,1789360646.0347378,real,recon_multi_07,,generator_ground_truth,docker_multihost,3,1,23,1.5822,29,0.7943,0.1201
recon_multi_07__benign_10,0,1789360646.184738,real,recon_multi_07,,generator_ground_truth,docker_multihost,3,1,24,1.585,29,0.7978,0.1186
recon_multi_07__benign_10,0,1789360646.334738,real,recon_multi_07,,generator_ground_truth,docker_multihost,3,1,24,1.585,29,0.7978,0.1186
recon_multi_07__benign_10,0,1789360646.484738,real,recon_multi_07,,generator_ground_truth,docker_multihost,3,1,24,1.585,29,0.7978,0.1186
recon_multi_07__benign_10,0,1789360646.6347382,real,recon_multi_07,,generator_ground_truth,docker_multihost,3,1,24,1.585,29,0.7978,0.1186
recon_multi_07__benign_10,0,1789360646.7847383,real,recon_multi_07,,generator_ground_truth,docker_multihost,3,1,25,1.5827,29,0.789,0.1235
recon_multi_07__benign_10,0,1789360646.9347384,real,recon_multi_07,,generator_ground_truth,docker_multihost,3,1,25,1.5827,29,0.789,0.1235
recon_multi_07__benign_10,0,1789360647.0847385,real,recon_multi_07,,generator_ground_truth,docker_multihost,3,1,25,1.5827,29,0.789,0.1235
recon_multi_07__benign_10,0,1789360647.2347386,real,recon_multi_07,,generator_ground_truth,docker_multihost,3,1,25,1.5827,29,0.789,0.1235
recon_multi_07__benign_10,0,1789360647.3847387,real,recon_multi_07,,generator_ground_truth,docker_multihost,3,1,25,1.5827,29,0.789,0.1235
recon_multi_07__benign_10,0,1789360647.5347388,real,recon_multi_07,,generator_ground_truth,docker_multihost,3,1,26,1.5828,29,0.7889,0.121
recon_multi_07__benign_10,0,1789360647.6847389,real,recon_multi_07,,generator_ground_truth,docker_multihost,3,1,26,1.5828,29,0.7889,0.121
recon_multi_07__benign_10,0,1789360647.834739,real,recon_multi_07,,generator_ground_truth,docker_multihost,3,1,26,1.5828,29,0.7889,0.121
recon_multi_07__benign_10,0,1789360647.984739,real,recon_multi_07,,generator_ground_truth,docker_multihost,3,1,26,1.5828,29,0.7889,0.121
recon_multi_07__recon_10,1,1789360650.196159,real,recon_multi_07,port_scan,generator_ground_truth,docker_multihost,5,1,5,2.3219,74,0.0278,0.0
recon_multi_07__recon_10,1,1789360650.346159,real,recon_multi_07,port_scan,generator_ground_truth,docker_multihost,10,1,10,3.3219,80,0.0278,0.0
recon_multi_07__recon_10,1,1789360650.496159,real,recon_multi_07,port_scan,generator_ground_truth,docker_multihost,16,1,16,4.0,80,0.0278,0.0001
recon_multi_07__recon_10,1,1789360650.6461592,real,recon_multi_07,port_scan,generator_ground_truth,docker_multihost,21,1,21,4.3923,87,0.0278,0.0
recon_multi_07__recon_10,1,1789360650.7961593,real,recon_multi_07,port_scan,generator_ground_truth,docker_multihost,27,1,27,4.7549,87,0.0278,0.0001
recon_multi_07__recon_10,1,1789360650.9461594,real,recon_multi_07,port_scan,generator_ground_truth,docker_multihost,32,1,32,5.0,87,0.0278,0.0001
recon_multi_07__recon_10,1,1789360651.0961595,real,recon_multi_07,port_scan,generator_ground_truth,docker_multihost,37,1,37,5.2095,88,0.0278,0.0002
recon_multi_07__recon_10,1,1789360651.2461596,real,recon_multi_07,port_scan,generator_ground_truth,docker_multihost,43,1,43,5.4263,88,0.0278,0.0001
recon_multi_07__recon_10,1,1789360651.3961596,real,recon_multi_07,port_scan,generator_ground_truth,docker_multihost,48,1,48,5.585,88,0.0278,0.0001
recon_multi_07__recon_10,1,1789360651.5461597,real,recon_multi_07,port_scan,generator_ground_truth,docker_multihost,54,1,54,5.7549,88,0.0278,0.0001
recon_multi_07__recon_10,1,1789360651.6961598,real,recon_multi_07,port_scan,generator_ground_truth,docker_multihost,56,1,56,5.8074,88,0.0278,0.0001
recon_multi_07__recon_10,1,1789360651.84616,real,recon_multi_07,port_scan,generator_ground_truth,docker_multihost,56,1,56,5.8074,88,0.0278,0.0001
recon_multi_07__recon_10,1,1789360651.99616,real,recon_multi_07,port_scan,generator_ground_truth,docker_multihost,56,1,56,5.8074,88,0.0278,0.0001
recon_multi_07__recon_10,1,1789360652.1461601,real,recon_multi_07,port_scan,generator_ground_truth,docker_multihost,56,1,56,5.8074,88,0.0278,0.0001
recon_multi_07__recon_10,1,1789360652.2961602,real,recon_multi_07,port_scan,generator_ground_truth,docker_multihost,56,1,56,5.8074,88,0.0278,0.0001
recon_multi_07__recon_10,1,1789360652.4461603,real,recon_multi_07,port_scan,generator_ground_truth,docker_multihost,56,1,56,5.8074,88,0.0278,0.0001
recon_multi_07__recon_10,1,1789360652.5961604,real,recon_multi_07,port_scan,generator_ground_truth,docker_multihost,56,1,56,5.8074,88,0.0278,0.0001
recon_multi_07__recon_10,1,1789360652.7461605,real,recon_multi_07,port_scan,generator_ground_truth,docker_multihost,56,1,56,5.8074,88,0.0278,0.0001
recon_multi_07__recon_10,1,1789360652.8961606,real,recon_multi_07,port_scan,generator_ground_truth,docker_multihost,56,1,56,5.8074,88,0.0278,0.0001
recon_multi_07__recon_10,1,1789360653.0461607,real,recon_multi_07,port_scan,generator_ground_truth,docker_multihost,56,1,56,5.8074,88,0.0278,0.0001
recon_multi_07__recon_10,1,1789360653.1961608,real,recon_multi_07,port_scan,generator_ground_truth,docker_multihost,56,1,56,5.8074,88,0.0278,0.0001
recon_multi_07__recon_10,1,1789360653.346161,real,recon_multi_07,port_scan,generator_ground_truth,docker_multihost,56,1,56,5.8074,88,0.0278,0.0001
recon_multi_07__recon_10,1,1789360653.496161,real,recon_multi_07,port_scan,generator_ground_truth,docker_multihost,56,1,56,5.8074,88,0.0278,0.0001
recon_multi_07__recon_10,1,1789360653.646161,real,recon_multi_07,port_scan,generator_ground_truth,docker_multihost,56,1,56,5.8074,88,0.0278,0.0001
recon_multi_07__recon_10,1,1789360653.7961612,real,recon_multi_07,port_scan,generator_ground_truth,docker_multihost,56,1,56,5.8074,88,0.0278,0.0001
recon_multi_07__recon_10,1,1789360653.9461613,real,recon_multi_07,port_scan,generator_ground_truth,docker_multihost,56,1,56,5.8074,88,0.0278,0.0001
recon_multi_07__recon_10,1,1789360654.0961614,real,recon_multi_07,port_scan,generator_ground_truth,docker_multihost,56,1,56,5.8074,88,0.0278,0.0001
recon_multi_07__recon_10,1,1789360654.2461615,real,recon_multi_07,port_scan,generator_ground_truth,docker_multihost,56,1,56,5.8074,88,0.0278,0.0001
recon_multi_07__recon_10,1,1789360654.3961616,real,recon_multi_07,port_scan,generator_ground_truth,docker_multihost,56,1,56,5.8074,88,0.0278,0.0001
recon_multi_07__recon_10,1,1789360654.5461617,real,recon_multi_07,port_scan,generator_ground_truth,docker_multihost,56,1,56,5.8074,88,0.0278,0.0001
recon_multi_07__recon_10,1,1789360654.6961617,real,recon_multi_07,port_scan,generator_ground_truth,docker_multihost,56,1,56,5.8074,88,0.0278,0.0001
recon_multi_07__recon_10,1,1789360654.8461618,real,recon_multi_07,port_scan,generator_ground_truth,docker_multihost,56,1,56,5.8074,88,0.0278,0.0001
recon_multi_07__recon_10,1,1789360654.996162,real,recon_multi_07,port_scan,generator_ground_truth,docker_multihost,56,1,56,5.8074,88,0.0278,0.0001
recon_multi_07__recon_10,1,1789360655.146162,real,recon_multi_07,port_scan,generator_ground_truth,docker_multihost,56,1,56,5.8074,88,0.0278,0.0001
recon_multi_07__recon_10,1,1789360655.2961621,real,recon_multi_07,port_scan,generator_ground_truth,docker_multihost,56,1,56,5.8074,88,0.0278,0.0001
recon_multi_07__recon_10,1,1789360655.4461622,real,recon_multi_07,port_scan,generator_ground_truth,docker_multihost,56,1,56,5.8074,88,0.0278,0.0001
recon_multi_07__recon_10,1,1789360655.5961623,real,recon_multi_07,port_scan,generator_ground_truth,docker_multihost,56,1,56,5.8074,88,0.0278,0.0001
recon_multi_07__recon_10,1,1789360655.7461624,real,recon_multi_07,port_scan,generator_ground_truth,docker_multihost,56,1,56,5.8074,88,0.0278,0.0001
recon_multi_07__recon_10,1,1789360655.8961625,real,recon_multi_07,port_scan,generator_ground_truth,docker_multihost,56,1,56,5.8074,88,0.0278,0.0001
recon_multi_07__recon_10,1,1789360656.0461626,real,recon_multi_07,port_scan,generator_ground_truth,docker_multihost,56,1,56,5.8074,88,0.0278,0.0001
recon_multi_07__recon_10,1,1789360656.1961627,real,recon_multi_07,port_scan,generator_ground_truth,docker_multihost,56,1,56,5.8074,88,0.0278,0.0001
recon_multi_07__recon_10,1,1789360656.3461628,real,recon_multi_07,port_scan,generator_ground_truth,docker_multihost,56,1,56,5.8074,88,0.0278,0.0001
recon_multi_07__recon_10,1,1789360656.496163,real,recon_multi_07,port_scan,generator_ground_truth,docker_multihost,56,1,56,5.8074,88,0.0278,0.0001
recon_multi_07__recon_10,1,1789360656.646163,real,recon_multi_07,port_scan,generator_ground_truth,docker_multihost,56,1,56,5.8074,88,0.0278,0.0001
recon_multi_07__recon_10,1,1789360656.796163,real,recon_multi_07,port_scan,generator_ground_truth,docker_multihost,56,1,56,5.8074,88,0.0278,0.0001
recon_multi_07__recon_10,1,1789360656.9461632,real,recon_multi_07,port_scan,generator_ground_truth,docker_multihost,61,1,61,5.9307,154,0.1142,0.6638
recon_multi_07__recon_10,1,1789360657.0961633,real,recon_multi_07,port_scan,generator_ground_truth,docker_multihost,67,1,67,6.0661,167,0.1063,0.6334
recon_multi_07__recon_10,1,1789360657.2461634,real,recon_multi_07,port_scan,generator_ground_truth,docker_multihost,72,1,72,6.1699,167,0.1008,0.611
recon_multi_07__recon_10,1,1789360657.3961635,real,recon_multi_07,port_scan,generator_ground_truth,docker_multihost,78,1,78,6.2854,169,0.0951,0.5871
recon_multi_07__recon_10,1,1789360657.5461636,real,recon_multi_07,port_scan,generator_ground_truth,docker_multihost,83,1,83,6.375,169,0.091,0.5691
recon_multi_07__recon_10,1,1789360657.6961637,real,recon_multi_07,port_scan,generator_ground_truth,docker_multihost,88,1,88,6.4594,169,0.0874,0.5527
recon_multi_07__recon_10,1,1789360657.8461637,real,recon_multi_07,port_scan,generator_ground_truth,docker_multihost,94,1,94,6.5546,175,0.0835,0.5348
recon_multi_07__recon_10,1,1789360657.9961638,real,recon_multi_07,port_scan,generator_ground_truth,docker_multihost,99,1,99,6.6294,175,0.0807,0.5211
recon_multi_07__recon_10,1,1789360658.146164,real,recon_multi_07,port_scan,generator_ground_truth,docker_multihost,105,1,105,6.7142,178,0.0776,0.506
recon_multi_07__recon_10,1,1789360658.296164,real,recon_multi_07,port_scan,generator_ground_truth,docker_multihost,110,1,110,6.7814,178,0.0753,0.4944
recon_multi_07__recon_10,1,1789360658.4461641,real,recon_multi_07,port_scan,generator_ground_truth,docker_multihost,115,1,115,6.8455,178,0.0733,0.4835
recon_multi_07__recon_10,1,1789360658.5961642,real,recon_multi_07,port_scan,generator_ground_truth,docker_multihost,121,1,121,6.9189,178,0.071,0.4714
recon_multi_07__recon_10,1,1789360658.7461643,real,recon_multi_07,port_scan,generator_ground_truth,docker_multihost,126,1,126,6.9773,179,0.0693,0.4619
recon_multi_07__recon_10,1,1789360658.8961644,real,recon_multi_07,port_scan,generator_ground_truth,docker_multihost,132,1,132,7.0444,179,0.0674,0.4513
recon_multi_07__recon_10,1,1789360659.0461645,real,recon_multi_07,port_scan,generator_ground_truth,docker_multihost,137,1,137,7.098,179,0.0659,0.443
recon_multi_07__recon_10,1,1789360659.1961646,real,recon_multi_07,port_scan,generator_ground_truth,docker_multihost,142,1,142,7.1497,179,0.0646,0.4351
recon_multi_07__recon_10,1,1789360659.3461647,real,recon_multi_07,port_scan,generator_ground_truth,docker_multihost,147,1,147,7.1997,179,0.0633,0.4277
recon_multi_07__recon_10,1,1789360659.4961648,real,recon_multi_07,port_scan,generator_ground_truth,docker_multihost,147,1,147,7.1997,179,0.0633,0.4277
recon_multi_07__recon_10,1,1789360659.646165,real,recon_multi_07,port_scan,generator_ground_truth,docker_multihost,147,1,147,7.1997,179,0.0633,0.4277
recon_multi_07__recon_10,1,1789360659.796165,real,recon_multi_07,port_scan,generator_ground_truth,docker_multihost,147,1,147,7.1997,179,0.0633,0.4277
recon_multi_07__recon_10,1,1789360659.946165,real,recon_multi_07,port_scan,generator_ground_truth,docker_multihost,147,1,147,7.1997,179,0.0633,0.4277
recon_multi_07__recon_10,1,1789360660.0961652,real,recon_multi_07,port_scan,generator_ground_truth,docker_multihost,147,1,147,7.1997,179,0.0633,0.4277
recon_multi_07__recon_10,1,1789360660.2461653,real,recon_multi_07,port_scan,generator_ground_truth,docker_multihost,147,1,147,7.1997,179,0.0633,0.4277
recon_multi_07__recon_10,1,1789360660.3961654,real,recon_multi_07,port_scan,generator_ground_truth,docker_multihost,147,1,147,7.1997,179,0.0633,0.4277
recon_multi_07__recon_10,1,1789360660.5461655,real,recon_multi_07,port_scan,generator_ground_truth,docker_multihost,147,1,147,7.1997,179,0.0633,0.4277
recon_multi_07__recon_10,1,1789360660.6961656,real,recon_multi_07,port_scan,generator_ground_truth,docker_multihost,147,1,147,7.1997,179,0.0633,0.4277
recon_multi_07__recon_10,1,1789360660.8461657,real,recon_multi_07,port_scan,generator_ground_truth,docker_multihost,147,1,147,7.1997,179,0.0633,0.4277
recon_multi_07__recon_10,1,1789360660.9961658,real,recon_multi_07,port_scan,generator_ground_truth,docker_multihost,147,1,147,7.1997,179,0.0633,0.4277
recon_multi_07__recon_10,1,1789360661.1461658,real,recon_multi_07,port_scan,generator_ground_truth,docker_multihost,147,1,147,7.1997,179,0.0633,0.4277
recon_multi_07__recon_10,1,1789360661.296166,real,recon_multi_07,port_scan,generator_ground_truth,docker_multihost,147,1,147,7.1997,179,0.0633,0.4277
recon_multi_07__recon_10,1,1789360661.446166,real,recon_multi_07,port_scan,generator_ground_truth,docker_multihost,147,1,147,7.1997,179,0.0633,0.4277
recon_multi_07__recon_10,1,1789360661.5961661,real,recon_multi_07,port_scan,generator_ground_truth,docker_multihost,147,1,147,7.1997,179,0.0633,0.4277
recon_multi_07__recon_10,1,1789360661.7461662,real,recon_multi_07,port_scan,generator_ground_truth,docker_multihost,147,1,147,7.1997,179,0.0633,0.4277
recon_multi_07__recon_10,1,1789360661.8961663,real,recon_multi_07,port_scan,generator_ground_truth,docker_multihost,147,1,147,7.1997,179,0.0633,0.4277
recon_multi_07__recon_10,1,1789360662.0461664,real,recon_multi_07,port_scan,generator_ground_truth,docker_multihost,147,1,147,7.1997,179,0.0633,0.4277
recon_multi_07__recon_10,1,1789360662.1961665,real,recon_multi_07,port_scan,generator_ground_truth,docker_multihost,147,1,147,7.1997,179,0.0633,0.4277
recon_multi_07__recon_10,1,1789360662.3461666,real,recon_multi_07,port_scan,generator_ground_truth,docker_multihost,147,1,147,7.1997,179,0.0633,0.4277
recon_multi_07__recon_10,1,1789360662.4961667,real,recon_multi_07,port_scan,generator_ground_truth,docker_multihost,147,1,147,7.1997,179,0.0633,0.4277
recon_multi_07__recon_10,1,1789360662.6461668,real,recon_multi_07,port_scan,generator_ground_truth,docker_multihost,147,1,147,7.1997,179,0.0633,0.4277
recon_multi_07__recon_10,1,1789360662.796167,real,recon_multi_07,port_scan,generator_ground_truth,docker_multihost,147,1,147,7.1997,179,0.0633,0.4277
recon_multi_07__recon_10,1,1789360662.946167,real,recon_multi_07,port_scan,generator_ground_truth,docker_multihost,147,1,147,7.1997,179,0.0633,0.4277
recon_multi_07__recon_10,1,1789360663.096167,real,recon_multi_07,port_scan,generator_ground_truth,docker_multihost,147,1,147,7.1997,179,0.0633,0.4277
recon_multi_07__recon_10,1,1789360663.2461672,real,recon_multi_07,port_scan,generator_ground_truth,docker_multihost,147,1,147,7.1997,179,0.0633,0.4277
recon_multi_07__recon_10,1,1789360663.3961673,real,recon_multi_07,port_scan,generator_ground_truth,docker_multihost,147,1,147,7.1997,179,0.0633,0.4277
recon_multi_07__recon_10,1,1789360663.5461674,real,recon_multi_07,port_scan,generator_ground_truth,docker_multihost,147,1,147,7.1997,179,0.0633,0.4277
recon_multi_07__recon_10,1,1789360663.6961675,real,recon_multi_07,port_scan,generator_ground_truth,docker_multihost,147,1,147,7.1997,179,0.0633,0.4277
recon_multi_07__recon_10,1,1789360663.8461676,real,recon_multi_07,port_scan,generator_ground_truth,docker_multihost,147,1,147,7.1997,179,0.0633,0.4277
recon_multi_07__recon_10,1,1789360663.9961677,real,recon_multi_07,port_scan,generator_ground_truth,docker_multihost,147,1,147,7.1997,179,0.0633,0.4277
recon_multi_07__recon_10,1,1789360664.1461678,real,recon_multi_07,port_scan,generator_ground_truth,docker_multihost,147,1,147,7.1997,179,0.0633,0.4277
recon_multi_07__recon_10,1,1789360664.2961679,real,recon_multi_07,port_scan,generator_ground_truth,docker_multihost,147,1,147,7.1997,179,0.0633,0.4277
recon_multi_07__recon_10,1,1789360664.446168,real,recon_multi_07,port_scan,generator_ground_truth,docker_multihost,147,1,147,7.1997,179,0.0633,0.4277
recon_multi_07__recon_10,1,1789360664.596168,real,recon_multi_07,port_scan,generator_ground_truth,docker_multihost,147,1,147,7.1997,179,0.0633,0.4277
recon_multi_07__recon_10,1,1789360664.7461681,real,recon_multi_07,port_scan,generator_ground_truth,docker_multihost,147,1,147,7.1997,179,0.0633,0.4277
recon_multi_07__recon_10,1,1789360664.8961682,real,recon_multi_07,port_scan,generator_ground_truth,docker_multihost,147,1,147,7.1997,179,0.0633,0.4277
recon_multi_07__recon_10,1,1789360665.0461683,real,recon_multi_07,port_scan,generator_ground_truth,docker_multihost,147,1,147,7.1997,179,0.0633,0.4277
recon_multi_07__recon_10,1,1789360665.1961684,real,recon_multi_07,port_scan,generator_ground_truth,docker_multihost,147,1,147,7.1997,179,0.0633,0.4277
recon_multi_07__recon_10,1,1789360665.3461685,real,recon_multi_07,port_scan,generator_ground_truth,docker_multihost,150,1,150,7.2288,230,0.1024,0.6409
recon_multi_07__recon_10,1,1789360665.4961686,real,recon_multi_07,port_scan,generator_ground_truth,docker_multihost,156,1,156,7.2854,263,0.0995,0.6285
recon_multi_07__recon_10,1,1789360665.6461687,real,recon_multi_07,port_scan,generator_ground_truth,docker_multihost,161,1,161,7.3309,263,0.0972,0.6188
recon_multi_07__recon_10,1,1789360665.7961688,real,recon_multi_07,port_scan,generator_ground_truth,docker_multihost,167,1,167,7.3837,263,0.0947,0.6076
recon_multi_07__recon_10,1,1789360665.946169,real,recon_multi_07,port_scan,generator_ground_truth,docker_multihost,171,1,172,7.4146,263,0.0928,0.5988
recon_multi_07__recon_10,1,1789360666.096169,real,recon_multi_07,port_scan,generator_ground_truth,docker_multihost,176,1,177,7.4563,265,0.0909,0.5903
recon_multi_07__recon_10,1,1789360666.246169,real,recon_multi_07,port_scan,generator_ground_truth,docker_multihost,182,1,183,7.5048,268,0.0888,0.5806
recon_multi_07__recon_10,1,1789360666.3961692,real,recon_multi_07,port_scan,generator_ground_truth,docker_multihost,187,1,188,7.544,268,0.0872,0.5729
recon_multi_07__recon_10,1,1789360666.5461693,real,recon_multi_07,port_scan,generator_ground_truth,docker_multihost,193,1,194,7.5896,268,0.0854,0.564
recon_multi_07__recon_10,1,1789360666.6961694,real,recon_multi_07,port_scan,generator_ground_truth,docker_multihost,198,1,199,7.6266,268,0.0839,0.5569
recon_multi_07__recon_10,1,1789360666.8461695,real,recon_multi_07,port_scan,generator_ground_truth,docker_multihost,203,1,204,7.6626,268,0.0825,0.5501
recon_multi_07__recon_10,1,1789360666.9961696,real,recon_multi_07,port_scan,generator_ground_truth,docker_multihost,209,1,210,7.7047,268,0.081,0.5422
recon_multi_07__recon_10,1,1789360667.1461697,real,recon_multi_07,port_scan,generator_ground_truth,docker_multihost,214,1,215,7.7389,268,0.0797,0.5359
recon_multi_07__recon_10,1,1789360667.2961698,real,recon_multi_07,port_scan,generator_ground_truth,docker_multihost,220,1,221,7.7789,268,0.0783,0.5286
recon_multi_07__recon_10,1,1789360667.4461699,real,recon_multi_07,port_scan,generator_ground_truth,docker_multihost,225,1,226,7.8113,268,0.0772,0.5227
recon_multi_07__recon_10,1,1789360667.59617,real,recon_multi_07,port_scan,generator_ground_truth,docker_multihost,230,1,231,7.8431,269,0.0761,0.5171
recon_multi_07__recon_10,1,1789360667.74617,real,recon_multi_07,port_scan,generator_ground_truth,docker_multihost,236,1,237,7.8803,269,0.0749,0.5105
recon_multi_07__recon_10,1,1789360667.8961701,real,recon_multi_07,port_scan,generator_ground_truth,docker_multihost,237,1,238,7.8864,269,0.0747,0.5094
recon_multi_07__recon_10,1,1789360668.0461702,real,recon_multi_07,port_scan,generator_ground_truth,docker_multihost,237,1,238,7.8864,269,0.0747,0.5094
recon_multi_07__recon_10,1,1789360668.1961703,real,recon_multi_07,port_scan,generator_ground_truth,docker_multihost,237,1,238,7.8864,269,0.0747,0.5094
recon_multi_07__recon_10,1,1789360668.3461704,real,recon_multi_07,port_scan,generator_ground_truth,docker_multihost,237,1,238,7.8864,269,0.0747,0.5094
recon_multi_07__recon_10,1,1789360668.4961705,real,recon_multi_07,port_scan,generator_ground_truth,docker_multihost,237,1,238,7.8864,269,0.0747,0.5094
recon_multi_07__recon_10,1,1789360668.6461706,real,recon_multi_07,port_scan,generator_ground_truth,docker_multihost,237,1,238,7.8864,269,0.0747,0.5094
recon_multi_07__recon_10,1,1789360668.7961707,real,recon_multi_07,port_scan,generator_ground_truth,docker_multihost,237,1,238,7.8864,269,0.0747,0.5094
recon_multi_07__recon_10,1,1789360668.9461708,real,recon_multi_07,port_scan,generator_ground_truth,docker_multihost,237,1,238,7.8864,269,0.0747,0.5094
recon_multi_07__recon_10,1,1789360669.096171,real,recon_multi_07,port_scan,generator_ground_truth,docker_multihost,237,1,238,7.8864,269,0.0747,0.5094
recon_multi_07__recon_10,1,1789360669.246171,real,recon_multi_07,port_scan,generator_ground_truth,docker_multihost,237,1,238,7.8864,269,0.0747,0.5094
recon_multi_07__recon_10,1,1789360669.396171,real,recon_multi_07,port_scan,generator_ground_truth,docker_multihost,237,1,238,7.8864,269,0.0747,0.5094
recon_multi_07__recon_10,1,1789360669.5461712,real,recon_multi_07,port_scan,generator_ground_truth,docker_multihost,237,1,238,7.8864,269,0.0747,0.5094
recon_multi_07__recon_10,1,1789360669.6961713,real,recon_multi_07,port_scan,generator_ground_truth,docker_multihost,237,1,238,7.8864,269,0.0747,0.5094
recon_multi_07__recon_10,1,1789360669.8461714,real,recon_multi_07,port_scan,generator_ground_truth,docker_multihost,237,1,238,7.8864,269,0.0747,0.5094
recon_multi_07__recon_10,1,1789360669.9961715,real,recon_multi_07,port_scan,generator_ground_truth,docker_multihost,237,1,238,7.8864,269,0.0747,0.5094
recon_multi_07__recon_10,1,1789360670.1461716,real,recon_multi_07,port_scan,generator_ground_truth,docker_multihost,237,1,238,7.8864,269,0.0747,0.5094
recon_multi_07__recon_10,1,1789360670.2961717,real,recon_multi_07,port_scan,generator_ground_truth,docker_multihost,237,1,238,7.8864,269,0.0747,0.5094
recon_multi_07__recon_10,1,1789360670.4461718,real,recon_multi_07,port_scan,generator_ground_truth,docker_multihost,237,1,238,7.8864,269,0.0747,0.5094
recon_multi_07__recon_10,1,1789360670.5961719,real,recon_multi_07,port_scan,generator_ground_truth,docker_multihost,237,1,238,7.8864,269,0.0747,0.5094
recon_multi_07__recon_10,1,1789360670.746172,real,recon_multi_07,port_scan,generator_ground_truth,docker_multihost,237,1,238,7.8864,269,0.0747,0.5094
recon_multi_07__recon_10,1,1789360670.896172,real,recon_multi_07,port_scan,generator_ground_truth,docker_multihost,237,1,238,7.8864,269,0.0747,0.5094
recon_multi_07__recon_10,1,1789360671.0461721,real,recon_multi_07,port_scan,generator_ground_truth,docker_multihost,237,1,238,7.8864,269,0.0747,0.5094
recon_multi_07__recon_10,1,1789360671.1961722,real,recon_multi_07,port_scan,generator_ground_truth,docker_multihost,237,1,238,7.8864,269,0.0747,0.5094
recon_multi_07__recon_10,1,1789360671.3461723,real,recon_multi_07,port_scan,generator_ground_truth,docker_multihost,237,1,238,7.8864,269,0.0747,0.5094
recon_multi_07__recon_10,1,1789360671.4961724,real,recon_multi_07,port_scan,generator_ground_truth,docker_multihost,237,1,238,7.8864,269,0.0747,0.5094
recon_multi_07__recon_10,1,1789360671.6461725,real,recon_multi_07,port_scan,generator_ground_truth,docker_multihost,237,1,238,7.8864,269,0.0747,0.5094
recon_multi_07__recon_10,1,1789360671.7961726,real,recon_multi_07,port_scan,generator_ground_truth,docker_multihost,237,1,238,7.8864,269,0.0747,0.5094
recon_multi_07__recon_10,1,1789360671.9461727,real,recon_multi_07,port_scan,generator_ground_truth,docker_multihost,237,1,238,7.8864,269,0.0747,0.5094
recon_multi_07__recon_10,1,1789360672.0961728,real,recon_multi_07,port_scan,generator_ground_truth,docker_multihost,237,1,238,7.8864,269,0.0747,0.5094
recon_multi_07__recon_10,1,1789360672.246173,real,recon_multi_07,port_scan,generator_ground_truth,docker_multihost,237,1,238,7.8864,269,0.0747,0.5094
recon_multi_07__recon_10,1,1789360672.396173,real,recon_multi_07,port_scan,generator_ground_truth,docker_multihost,237,1,238,7.8864,269,0.0747,0.5094
recon_multi_07__recon_10,1,1789360672.546173,real,recon_multi_07,port_scan,generator_ground_truth,docker_multihost,237,1,238,7.8864,269,0.0747,0.5094
recon_multi_07__recon_10,1,1789360672.6961732,real,recon_multi_07,port_scan,generator_ground_truth,docker_multihost,237,1,238,7.8864,269,0.0747,0.5094
recon_multi_07__recon_10,1,1789360672.8461733,real,recon_multi_07,port_scan,generator_ground_truth,docker_multihost,237,1,238,7.8864,269,0.0747,0.5094
recon_multi_07__recon_10,1,1789360672.9961734,real,recon_multi_07,port_scan,generator_ground_truth,docker_multihost,237,1,238,7.8864,269,0.0747,0.5094
recon_multi_07__recon_10,1,1789360673.1461735,real,recon_multi_07,port_scan,generator_ground_truth,docker_multihost,237,1,238,7.8864,269,0.0747,0.5094
recon_multi_07__recon_10,1,1789360673.2961736,real,recon_multi_07,port_scan,generator_ground_truth,docker_multihost,237,1,238,7.8864,269,0.0747,0.5094
recon_multi_07__recon_10,1,1789360673.4461737,real,recon_multi_07,port_scan,generator_ground_truth,docker_multihost,237,1,238,7.8864,269,0.0747,0.5094
recon_multi_07__recon_10,1,1789360673.5961738,real,recon_multi_07,port_scan,generator_ground_truth,docker_multihost,237,1,238,7.8864,269,0.0747,0.5094
recon_multi_07__recon_10,1,1789360673.7461739,real,recon_multi_07,port_scan,generator_ground_truth,docker_multihost,237,1,238,7.8864,269,0.0747,0.5094
recon_multi_07__recon_10,1,1789360673.896174,real,recon_multi_07,port_scan,generator_ground_truth,docker_multihost,237,1,238,7.8864,269,0.0747,0.5094
recon_multi_07__recon_10,1,1789360674.046174,real,recon_multi_07,port_scan,generator_ground_truth,docker_multihost,237,1,238,7.8864,269,0.0747,0.5094
recon_multi_07__recon_10,1,1789360674.1961741,real,recon_multi_07,port_scan,generator_ground_truth,docker_multihost,241,1,242,7.9106,353,0.1001,0.6461
recon_multi_07__recon_10,1,1789360674.3461742,real,recon_multi_07,port_scan,generator_ground_truth,docker_multihost,246,1,247,7.9403,353,0.0986,0.6396
recon_multi_07__recon_10,1,1789360674.4961743,real,recon_multi_07,port_scan,generator_ground_truth,docker_multihost,252,1,253,7.9751,353,0.0969,0.632
recon_multi_07__recon_10,1,1789360674.6461744,real,recon_multi_07,port_scan,generator_ground_truth,docker_multihost,257,1,258,8.0035,357,0.0956,0.6259
recon_multi_07__recon_10,1,1789360674.7961745,real,recon_multi_07,port_scan,generator_ground_truth,docker_multihost,262,1,263,8.0313,357,0.0943,0.62
recon_multi_07__recon_10,1,1789360674.9461746,real,recon_multi_07,port_scan,generator_ground_truth,docker_multihost,268,1,269,8.064,357,0.0928,0.6131
recon_multi_07__recon_10,1,1789360675.0961747,real,recon_multi_07,port_scan,generator_ground_truth,docker_multihost,273,1,274,8.0907,357,0.0916,0.6075
recon_multi_07__recon_10,1,1789360675.2461748,real,recon_multi_07,port_scan,generator_ground_truth,docker_multihost,279,1,280,8.1221,357,0.0902,0.601
recon_multi_07__recon_10,1,1789360675.396175,real,recon_multi_07,port_scan,generator_ground_truth,docker_multihost,284,1,285,8.1478,357,0.0891,0.5957
recon_multi_07__recon_10,1,1789360675.546175,real,recon_multi_07,port_scan,generator_ground_truth,docker_multihost,289,1,290,8.173,357,0.0881,0.5906
recon_multi_07__benign_11,0,1789360678.3682892,real,recon_multi_07,,generator_ground_truth,docker_multihost,1,1,1,-0.0,0,0.0,0.0
recon_multi_07__benign_11,0,1789360678.5182893,real,recon_multi_07,,generator_ground_truth,docker_multihost,1,1,1,-0.0,0,0.0,0.0
recon_multi_07__benign_11,0,1789360678.6682894,real,recon_multi_07,,generator_ground_truth,docker_multihost,1,1,1,-0.0,0,0.0,0.0
recon_multi_07__benign_11,0,1789360678.8182895,real,recon_multi_07,,generator_ground_truth,docker_multihost,1,1,1,-0.0,0,0.0,0.0
recon_multi_07__benign_11,0,1789360678.9682896,real,recon_multi_07,,generator_ground_truth,docker_multihost,1,1,1,-0.0,0,0.0,0.0
recon_multi_07__benign_11,0,1789360679.1182897,real,recon_multi_07,,generator_ground_truth,docker_multihost,1,1,1,-0.0,0,0.0,0.0
recon_multi_07__benign_11,0,1789360679.2682898,real,recon_multi_07,,generator_ground_truth,docker_multihost,2,1,2,1.0,30,0.9806,0.0
recon_multi_07__benign_11,0,1789360679.41829,real,recon_multi_07,,generator_ground_truth,docker_multihost,2,1,2,1.0,30,0.9806,0.0
recon_multi_07__benign_11,0,1789360679.56829,real,recon_multi_07,,generator_ground_truth,docker_multihost,2,1,2,1.0,30,0.9806,0.0
recon_multi_07__benign_11,0,1789360679.71829,real,recon_multi_07,,generator_ground_truth,docker_multihost,2,1,2,1.0,30,0.9806,0.0
recon_multi_07__benign_11,0,1789360679.8682902,real,recon_multi_07,,generator_ground_truth,docker_multihost,2,1,2,1.0,30,0.9806,0.0
recon_multi_07__benign_11,0,1789360680.0182903,real,recon_multi_07,,generator_ground_truth,docker_multihost,2,1,2,1.0,30,0.9806,0.0
recon_multi_07__benign_11,0,1789360680.1682904,real,recon_multi_07,,generator_ground_truth,docker_multihost,2,1,3,0.9183,30,0.9247,0.0559
recon_multi_07__benign_11,0,1789360680.3182905,real,recon_multi_07,,generator_ground_truth,docker_multihost,2,1,3,0.9183,30,0.9247,0.0559
recon_multi_07__benign_11,0,1789360680.4682906,real,recon_multi_07,,generator_ground_truth,docker_multihost,2,1,3,0.9183,30,0.9247,0.0559
recon_multi_07__benign_11,0,1789360680.6182907,real,recon_multi_07,,generator_ground_truth,docker_multihost,2,1,3,0.9183,30,0.9247,0.0559
recon_multi_07__benign_11,0,1789360680.7682908,real,recon_multi_07,,generator_ground_truth,docker_multihost,2,1,3,0.9183,30,0.9247,0.0559
recon_multi_07__benign_11,0,1789360680.9182909,real,recon_multi_07,,generator_ground_truth,docker_multihost,2,1,3,0.9183,30,0.9247,0.0559
recon_multi_07__benign_11,0,1789360681.068291,real,recon_multi_07,,generator_ground_truth,docker_multihost,2,1,4,1.0,30,0.8932,0.0639
recon_multi_07__benign_11,0,1789360681.218291,real,recon_multi_07,,generator_ground_truth,docker_multihost,2,1,4,1.0,30,0.8932,0.0639
recon_multi_07__benign_11,0,1789360681.3682911,real,recon_multi_07,,generator_ground_truth,docker_multihost,2,1,4,1.0,30,0.8932,0.0639
recon_multi_07__benign_11,0,1789360681.5182912,real,recon_multi_07,,generator_ground_truth,docker_multihost,2,1,4,1.0,30,0.8932,0.0639
recon_multi_07__benign_11,0,1789360681.6682913,real,recon_multi_07,,generator_ground_truth,docker_multihost,2,1,5,0.971,30,0.8305,0.1218
recon_multi_07__benign_11,0,1789360681.8182914,real,recon_multi_07,,generator_ground_truth,docker_multihost,2,1,5,0.971,30,0.8305,0.1218
recon_multi_07__benign_11,0,1789360681.9682915,real,recon_multi_07,,generator_ground_truth,docker_multihost,2,1,5,0.971,30,0.8305,0.1218
recon_multi_07__benign_11,0,1789360682.1182916,real,recon_multi_07,,generator_ground_truth,docker_multihost,2,1,5,0.971,30,0.8305,0.1218
recon_multi_07__benign_11,0,1789360682.2682917,real,recon_multi_07,,generator_ground_truth,docker_multihost,2,1,5,0.971,30,0.8305,0.1218
recon_multi_07__benign_11,0,1789360682.4182918,real,recon_multi_07,,generator_ground_truth,docker_multihost,2,1,5,0.971,30,0.8305,0.1218
recon_multi_07__benign_11,0,1789360682.568292,real,recon_multi_07,,generator_ground_truth,docker_multihost,2,1,6,1.0,30,0.8309,0.1089
recon_multi_07__benign_11,0,1789360682.718292,real,recon_multi_07,,generator_ground_truth,docker_multihost,2,1,6,1.0,30,0.8309,0.1089
recon_multi_07__benign_11,0,1789360682.868292,real,recon_multi_07,,generator_ground_truth,docker_multihost,2,1,6,1.0,30,0.8309,0.1089
recon_multi_07__benign_11,0,1789360683.0182922,real,recon_multi_07,,generator_ground_truth,docker_multihost,2,1,6,1.0,30,0.8309,0.1089
recon_multi_07__benign_11,0,1789360683.1682923,real,recon_multi_07,,generator_ground_truth,docker_multihost,2,1,6,1.0,30,0.8309,0.1089
recon_multi_07__benign_11,0,1789360683.3182924,real,recon_multi_07,,generator_ground_truth,docker_multihost,2,1,7,0.9852,30,0.8274,0.0997
recon_multi_07__benign_11,0,1789360683.4682925,real,recon_multi_07,,generator_ground_truth,docker_multihost,2,1,7,0.9852,30,0.8274,0.0997
recon_multi_07__benign_11,0,1789360683.6182926,real,recon_multi_07,,generator_ground_truth,docker_multihost,2,1,7,0.9852,30,0.8274,0.0997
recon_multi_07__benign_11,0,1789360683.7682927,real,recon_multi_07,,generator_ground_truth,docker_multihost,2,1,7,0.9852,30,0.8274,0.0997
recon_multi_07__benign_11,0,1789360683.9182928,real,recon_multi_07,,generator_ground_truth,docker_multihost,2,1,8,1.0,30,0.7874,0.1347
recon_multi_07__benign_11,0,1789360684.0682929,real,recon_multi_07,,generator_ground_truth,docker_multihost,2,1,8,1.0,30,0.7874,0.1347
recon_multi_07__benign_11,0,1789360684.218293,real,recon_multi_07,,generator_ground_truth,docker_multihost,2,1,8,1.0,30,0.7874,0.1347
recon_multi_07__benign_11,0,1789360684.368293,real,recon_multi_07,,generator_ground_truth,docker_multihost,2,1,8,1.0,30,0.7874,0.1347
recon_multi_07__benign_11,0,1789360684.5182931,real,recon_multi_07,,generator_ground_truth,docker_multihost,2,1,8,1.0,30,0.7874,0.1347
recon_multi_07__benign_11,0,1789360684.6682932,real,recon_multi_07,,generator_ground_truth,docker_multihost,2,1,8,1.0,30,0.7874,0.1347
recon_multi_07__benign_11,0,1789360684.8182933,real,recon_multi_07,,generator_ground_truth,docker_multihost,2,1,9,0.9911,30,0.8111,0.1407
recon_multi_07__benign_11,0,1789360684.9682934,real,recon_multi_07,,generator_ground_truth,docker_multihost,2,1,9,0.9911,30,0.8111,0.1407
recon_multi_07__benign_11,0,1789360685.1182935,real,recon_multi_07,,generator_ground_truth,docker_multihost,2,1,9,0.9911,30,0.8111,0.1407
recon_multi_07__benign_11,0,1789360685.2682936,real,recon_multi_07,,generator_ground_truth,docker_multihost,2,1,9,0.9911,30,0.8111,0.1407
recon_multi_07__benign_11,0,1789360685.4182937,real,recon_multi_07,,generator_ground_truth,docker_multihost,2,1,10,1.0,30,0.7897,0.1458
recon_multi_07__benign_11,0,1789360685.5682938,real,recon_multi_07,,generator_ground_truth,docker_multihost,2,1,10,1.0,30,0.7897,0.1458
recon_multi_07__benign_11,0,1789360685.718294,real,recon_multi_07,,generator_ground_truth,docker_multihost,2,1,10,1.0,30,0.7897,0.1458
recon_multi_07__benign_11,0,1789360685.868294,real,recon_multi_07,,generator_ground_truth,docker_multihost,2,1,10,1.0,30,0.7897,0.1458
recon_multi_07__benign_11,0,1789360686.018294,real,recon_multi_07,,generator_ground_truth,docker_multihost,2,1,10,1.0,30,0.7897,0.1458
recon_multi_07__benign_11,0,1789360686.1682942,real,recon_multi_07,,generator_ground_truth,docker_multihost,2,1,11,0.994,30,0.7763,0.144
recon_multi_07__benign_11,0,1789360686.3182943,real,recon_multi_07,,generator_ground_truth,docker_multihost,2,1,11,0.994,30,0.7763,0.144
recon_multi_07__benign_11,0,1789360686.4682944,real,recon_multi_07,,generator_ground_truth,docker_multihost,2,1,11,0.994,30,0.7763,0.144
recon_multi_07__benign_11,0,1789360686.6182945,real,recon_multi_07,,generator_ground_truth,docker_multihost,2,1,11,0.994,30,0.7763,0.144
recon_multi_07__benign_11,0,1789360686.7682946,real,recon_multi_07,,generator_ground_truth,docker_multihost,2,1,11,0.994,30,0.7763,0.144
recon_multi_07__benign_11,0,1789360686.9182947,real,recon_multi_07,,generator_ground_truth,docker_multihost,2,1,11,0.994,30,0.7763,0.144
recon_multi_07__benign_11,0,1789360687.0682948,real,recon_multi_07,,generator_ground_truth,docker_multihost,2,1,12,1.0,30,0.7879,0.1422
recon_multi_07__benign_11,0,1789360687.2182949,real,recon_multi_07,,generator_ground_truth,docker_multihost,2,1,12,1.0,30,0.7879,0.1422
recon_multi_07__benign_11,0,1789360687.368295,real,recon_multi_07,,generator_ground_truth,docker_multihost,2,1,12,1.0,30,0.7879,0.1422
recon_multi_07__benign_11,0,1789360687.518295,real,recon_multi_07,,generator_ground_truth,docker_multihost,2,1,13,0.9957,30,0.7701,0.1484
recon_multi_07__benign_11,0,1789360687.6682951,real,recon_multi_07,,generator_ground_truth,docker_multihost,2,1,13,0.9957,30,0.7701,0.1484
recon_multi_07__benign_11,0,1789360687.8182952,real,recon_multi_07,,generator_ground_truth,docker_multihost,2,1,13,0.9957,30,0.7701,0.1484
recon_multi_07__benign_11,0,1789360687.9682953,real,recon_multi_07,,generator_ground_truth,docker_multihost,2,1,13,0.9957,30,0.7701,0.1484
recon_multi_07__benign_11,0,1789360688.1182954,real,recon_multi_07,,generator_ground_truth,docker_multihost,2,1,14,1.0,30,0.7511,0.157
recon_multi_07__benign_11,0,1789360688.2682955,real,recon_multi_07,,generator_ground_truth,docker_multihost,2,1,14,1.0,30,0.7511,0.157
recon_multi_07__benign_11,0,1789360688.4182956,real,recon_multi_07,,generator_ground_truth,docker_multihost,2,1,14,1.0,30,0.7511,0.157
recon_multi_07__benign_11,0,1789360688.5682957,real,recon_multi_07,,generator_ground_truth,docker_multihost,2,1,14,1.0,30,0.7511,0.157
recon_multi_07__benign_11,0,1789360688.7182958,real,recon_multi_07,,generator_ground_truth,docker_multihost,2,1,14,1.0,30,0.7511,0.157
recon_multi_07__benign_11,0,1789360688.868296,real,recon_multi_07,,generator_ground_truth,docker_multihost,2,1,14,1.0,30,0.7511,0.157
recon_multi_07__benign_11,0,1789360689.018296,real,recon_multi_07,,generator_ground_truth,docker_multihost,2,1,14,1.0,30,0.7511,0.157
recon_multi_07__benign_11,0,1789360689.168296,real,recon_multi_07,,generator_ground_truth,docker_multihost,2,1,15,0.9968,30,0.7684,0.1635
recon_multi_07__benign_11,0,1789360689.3182962,real,recon_multi_07,,generator_ground_truth,docker_multihost,2,1,15,0.9968,30,0.7684,0.1635
recon_multi_07__benign_11,0,1789360689.4682963,real,recon_multi_07,,generator_ground_truth,docker_multihost,2,1,15,0.9968,30,0.7684,0.1635
recon_multi_07__benign_11,0,1789360689.6182964,real,recon_multi_07,,generator_ground_truth,docker_multihost,2,1,15,0.9968,30,0.7684,0.1635
recon_multi_07__benign_11,0,1789360689.7682965,real,recon_multi_07,,generator_ground_truth,docker_multihost,2,1,15,0.9968,30,0.7684,0.1635
recon_multi_07__benign_11,0,1789360689.9182966,real,recon_multi_07,,generator_ground_truth,docker_multihost,2,1,16,1.0,30,0.7709,0.1583
recon_multi_07__benign_11,0,1789360690.0682967,real,recon_multi_07,,generator_ground_truth,docker_multihost,2,1,16,1.0,30,0.7709,0.1583
recon_multi_07__benign_11,0,1789360690.2182968,real,recon_multi_07,,generator_ground_truth,docker_multihost,2,1,16,1.0,30,0.7709,0.1583
recon_multi_07__benign_11,0,1789360690.3682969,real,recon_multi_07,,generator_ground_truth,docker_multihost,2,1,16,1.0,30,0.7709,0.1583
recon_multi_07__benign_11,0,1789360690.518297,real,recon_multi_07,,generator_ground_truth,docker_multihost,2,1,16,1.0,30,0.7709,0.1583
recon_multi_07__benign_11,0,1789360690.668297,real,recon_multi_07,,generator_ground_truth,docker_multihost,2,1,16,1.0,30,0.7709,0.1583
recon_multi_07__benign_11,0,1789360690.8182971,real,recon_multi_07,,generator_ground_truth,docker_multihost,2,1,17,0.9975,30,0.778,0.1557
recon_multi_07__benign_11,0,1789360690.9682972,real,recon_multi_07,,generator_ground_truth,docker_multihost,2,1,17,0.9975,30,0.778,0.1557
recon_multi_07__benign_11,0,1789360691.1182973,real,recon_multi_07,,generator_ground_truth,docker_multihost,2,1,17,0.9975,30,0.778,0.1557
recon_multi_07__benign_11,0,1789360691.2682974,real,recon_multi_07,,generator_ground_truth,docker_multihost,2,1,17,0.9975,30,0.778,0.1557
recon_multi_07__benign_11,0,1789360691.4182975,real,recon_multi_07,,generator_ground_truth,docker_multihost,2,1,17,0.9975,30,0.778,0.1557
recon_multi_07__benign_11,0,1789360691.5682976,real,recon_multi_07,,generator_ground_truth,docker_multihost,2,1,18,1.0,30,0.7751,0.1515
recon_multi_07__benign_11,0,1789360691.7182977,real,recon_multi_07,,generator_ground_truth,docker_multihost,2,1,18,1.0,30,0.7751,0.1515
recon_multi_07__benign_11,0,1789360691.8682978,real,recon_multi_07,,generator_ground_truth,docker_multihost,2,1,18,1.0,30,0.7751,0.1515
recon_multi_07__benign_11,0,1789360692.018298,real,recon_multi_07,,generator_ground_truth,docker_multihost,2,1,18,1.0,30,0.7751,0.1515
recon_multi_07__benign_11,0,1789360692.168298,real,recon_multi_07,,generator_ground_truth,docker_multihost,2,1,18,1.0,30,0.7751,0.1515
recon_multi_07__benign_11,0,1789360692.318298,real,recon_multi_07,,generator_ground_truth,docker_multihost,2,1,18,1.0,30,0.7751,0.1515
recon_multi_07__benign_11,0,1789360692.4682982,real,recon_multi_07,,generator_ground_truth,docker_multihost,2,1,19,0.998,30,0.7845,0.1522
recon_multi_07__benign_11,0,1789360692.6182983,real,recon_multi_07,,generator_ground_truth,docker_multihost,2,1,19,0.998,30,0.7845,0.1522
recon_multi_07__benign_11,0,1789360692.7682984,real,recon_multi_07,,generator_ground_truth,docker_multihost,2,1,19,0.998,30,0.7845,0.1522
recon_multi_07__benign_11,0,1789360692.9182985,real,recon_multi_07,,generator_ground_truth,docker_multihost,2,1,19,0.998,30,0.7845,0.1522
recon_multi_07__benign_11,0,1789360693.0682986,real,recon_multi_07,,generator_ground_truth,docker_multihost,2,1,19,0.998,30,0.7845,0.1522
recon_multi_07__benign_11,0,1789360693.2182987,real,recon_multi_07,,generator_ground_truth,docker_multihost,2,1,20,1.0,30,0.7847,0.1482
recon_multi_07__benign_11,0,1789360693.3682988,real,recon_multi_07,,generator_ground_truth,docker_multihost,2,1,20,1.0,30,0.7847,0.1482
recon_multi_07__benign_11,0,1789360693.5182989,real,recon_multi_07,,generator_ground_truth,docker_multihost,2,1,20,1.0,30,0.7847,0.1482
recon_multi_07__benign_11,0,1789360693.668299,real,recon_multi_07,,generator_ground_truth,docker_multihost,2,1,20,1.0,30,0.7847,0.1482
recon_multi_07__benign_11,0,1789360693.818299,real,recon_multi_07,,generator_ground_truth,docker_multihost,2,1,20,1.0,30,0.7847,0.1482
recon_multi_07__benign_11,0,1789360693.9682992,real,recon_multi_07,,generator_ground_truth,docker_multihost,2,1,20,1.0,30,0.7847,0.1482
recon_multi_07__benign_11,0,1789360694.1182992,real,recon_multi_07,,generator_ground_truth,docker_multihost,2,1,21,0.9984,30,0.7885,0.1454
recon_multi_07__benign_11,0,1789360694.2682993,real,recon_multi_07,,generator_ground_truth,docker_multihost,2,1,21,0.9984,30,0.7885,0.1454
recon_multi_07__benign_11,0,1789360694.4182994,real,recon_multi_07,,generator_ground_truth,docker_multihost,2,1,21,0.9984,30,0.7885,0.1454
recon_multi_07__benign_11,0,1789360694.5682995,real,recon_multi_07,,generator_ground_truth,docker_multihost,2,1,21,0.9984,30,0.7885,0.1454
recon_multi_07__benign_11,0,1789360694.7182996,real,recon_multi_07,,generator_ground_truth,docker_multihost,2,1,21,0.9984,30,0.7885,0.1454
recon_multi_07__benign_11,0,1789360694.8682997,real,recon_multi_07,,generator_ground_truth,docker_multihost,2,1,22,1.0,30,0.7839,0.1433
recon_multi_07__benign_11,0,1789360695.0182998,real,recon_multi_07,,generator_ground_truth,docker_multihost,2,1,22,1.0,30,0.7839,0.1433
recon_multi_07__benign_11,0,1789360695.1683,real,recon_multi_07,,generator_ground_truth,docker_multihost,2,1,22,1.0,30,0.7839,0.1433
recon_multi_07__benign_11,0,1789360695.3183,real,recon_multi_07,,generator_ground_truth,docker_multihost,2,1,22,1.0,30,0.7839,0.1433
recon_multi_07__benign_11,0,1789360695.4683,real,recon_multi_07,,generator_ground_truth,docker_multihost,2,1,23,0.9986,30,0.7801,0.1411
recon_multi_07__benign_11,0,1789360695.6183002,real,recon_multi_07,,generator_ground_truth,docker_multihost,2,1,23,0.9986,30,0.7801,0.1411
recon_multi_07__benign_11,0,1789360695.7683003,real,recon_multi_07,,generator_ground_truth,docker_multihost,2,1,23,0.9986,30,0.7801,0.1411
recon_multi_07__benign_11,0,1789360695.9183004,real,recon_multi_07,,generator_ground_truth,docker_multihost,2,1,23,0.9986,30,0.7801,0.1411
recon_multi_07__benign_11,0,1789360696.0683005,real,recon_multi_07,,generator_ground_truth,docker_multihost,2,1,24,1.0,30,0.7712,0.1442
recon_multi_07__benign_11,0,1789360696.2183006,real,recon_multi_07,,generator_ground_truth,docker_multihost,2,1,24,1.0,30,0.7712,0.1442
recon_multi_07__benign_11,0,1789360696.3683007,real,recon_multi_07,,generator_ground_truth,docker_multihost,2,1,24,1.0,30,0.7712,0.1442
recon_multi_07__benign_11,0,1789360696.5183008,real,recon_multi_07,,generator_ground_truth,docker_multihost,2,1,24,1.0,30,0.7712,0.1442
recon_multi_07__benign_11,0,1789360696.6683009,real,recon_multi_07,,generator_ground_truth,docker_multihost,2,1,24,1.0,30,0.7712,0.1442
recon_multi_07__benign_11,0,1789360696.818301,real,recon_multi_07,,generator_ground_truth,docker_multihost,2,1,24,1.0,30,0.7712,0.1442
recon_multi_07__benign_11,0,1789360696.968301,real,recon_multi_07,,generator_ground_truth,docker_multihost,2,1,25,0.9988,30,0.7742,0.142
recon_multi_07__benign_11,0,1789360697.1183012,real,recon_multi_07,,generator_ground_truth,docker_multihost,2,1,25,0.9988,30,0.7742,0.142
recon_multi_07__benign_11,0,1789360697.2683012,real,recon_multi_07,,generator_ground_truth,docker_multihost,2,1,25,0.9988,30,0.7742,0.142
recon_multi_07__benign_11,0,1789360697.4183013,real,recon_multi_07,,generator_ground_truth,docker_multihost,2,1,25,0.9988,30,0.7742,0.142
recon_multi_07__benign_11,0,1789360697.5683014,real,recon_multi_07,,generator_ground_truth,docker_multihost,2,1,25,0.9988,30,0.7742,0.142
recon_multi_07__benign_11,0,1789360697.7183015,real,recon_multi_07,,generator_ground_truth,docker_multihost,2,1,25,0.9988,30,0.7742,0.142
recon_multi_07__recon_11,1,1789360703.6312134,real,recon_multi_07,port_scan,generator_ground_truth,docker_multihost,5,1,5,2.3219,23,0.0156,0.0001
recon_multi_07__recon_11,1,1789360703.7812135,real,recon_multi_07,port_scan,generator_ground_truth,docker_multihost,15,1,15,3.9069,38,0.0156,0.0001
recon_multi_07__recon_11,1,1789360703.9312136,real,recon_multi_07,port_scan,generator_ground_truth,docker_multihost,24,1,24,4.585,38,0.0156,0.0001
recon_multi_07__recon_11,1,1789360704.0812137,real,recon_multi_07,port_scan,generator_ground_truth,docker_multihost,34,1,34,5.0875,39,0.0156,0.0003
recon_multi_07__recon_11,1,1789360704.2312138,real,recon_multi_07,port_scan,generator_ground_truth,docker_multihost,40,1,40,5.3219,39,0.0156,0.0003
recon_multi_07__recon_11,1,1789360704.381214,real,recon_multi_07,port_scan,generator_ground_truth,docker_multihost,40,1,40,5.3219,39,0.0156,0.0003
recon_multi_07__recon_11,1,1789360704.531214,real,recon_multi_07,port_scan,generator_ground_truth,docker_multihost,40,1,40,5.3219,39,0.0156,0.0003
recon_multi_07__recon_11,1,1789360704.681214,real,recon_multi_07,port_scan,generator_ground_truth,docker_multihost,40,1,40,5.3219,39,0.0156,0.0003
recon_multi_07__recon_11,1,1789360704.8312142,real,recon_multi_07,port_scan,generator_ground_truth,docker_multihost,40,1,40,5.3219,39,0.0156,0.0003
recon_multi_07__recon_11,1,1789360704.9812143,real,recon_multi_07,port_scan,generator_ground_truth,docker_multihost,40,1,40,5.3219,39,0.0156,0.0003
recon_multi_07__recon_11,1,1789360705.1312144,real,recon_multi_07,port_scan,generator_ground_truth,docker_multihost,40,1,40,5.3219,39,0.0156,0.0003
recon_multi_07__recon_11,1,1789360705.2812145,real,recon_multi_07,port_scan,generator_ground_truth,docker_multihost,40,1,40,5.3219,39,0.0156,0.0003
recon_multi_07__recon_11,1,1789360705.4312146,real,recon_multi_07,port_scan,generator_ground_truth,docker_multihost,40,1,40,5.3219,39,0.0156,0.0003
recon_multi_07__recon_11,1,1789360705.5812147,real,recon_multi_07,port_scan,generator_ground_truth,docker_multihost,40,1,40,5.3219,39,0.0156,0.0003
recon_multi_07__recon_11,1,1789360705.7312148,real,recon_multi_07,port_scan,generator_ground_truth,docker_multihost,40,1,40,5.3219,39,0.0156,0.0003
recon_multi_07__recon_11,1,1789360705.8812149,real,recon_multi_07,port_scan,generator_ground_truth,docker_multihost,40,1,40,5.3219,39,0.0156,0.0003
recon_multi_07__recon_11,1,1789360706.031215,real,recon_multi_07,port_scan,generator_ground_truth,docker_multihost,40,1,40,5.3219,39,0.0156,0.0003
recon_multi_07__recon_11,1,1789360706.181215,real,recon_multi_07,port_scan,generator_ground_truth,docker_multihost,40,1,40,5.3219,39,0.0156,0.0003
recon_multi_07__recon_11,1,1789360706.3312151,real,recon_multi_07,port_scan,generator_ground_truth,docker_multihost,40,1,40,5.3219,39,0.0156,0.0003
recon_multi_07__recon_11,1,1789360706.4812152,real,recon_multi_07,port_scan,generator_ground_truth,docker_multihost,40,1,40,5.3219,39,0.0156,0.0003
recon_multi_07__recon_11,1,1789360706.6312153,real,recon_multi_07,port_scan,generator_ground_truth,docker_multihost,40,1,40,5.3219,39,0.0156,0.0003
recon_multi_07__recon_11,1,1789360706.7812154,real,recon_multi_07,port_scan,generator_ground_truth,docker_multihost,40,1,40,5.3219,39,0.0156,0.0003
recon_multi_07__recon_11,1,1789360706.9312155,real,recon_multi_07,port_scan,generator_ground_truth,docker_multihost,40,1,40,5.3219,39,0.0156,0.0003
recon_multi_07__recon_11,1,1789360707.0812156,real,recon_multi_07,port_scan,generator_ground_truth,docker_multihost,40,1,40,5.3219,39,0.0156,0.0003
recon_multi_07__recon_11,1,1789360707.2312157,real,recon_multi_07,port_scan,generator_ground_truth,docker_multihost,40,1,40,5.3219,39,0.0156,0.0003
recon_multi_07__recon_11,1,1789360707.3812158,real,recon_multi_07,port_scan,generator_ground_truth,docker_multihost,40,1,40,5.3219,39,0.0156,0.0003
recon_multi_07__recon_11,1,1789360707.531216,real,recon_multi_07,port_scan,generator_ground_truth,docker_multihost,40,1,40,5.3219,39,0.0156,0.0003
recon_multi_07__recon_11,1,1789360707.681216,real,recon_multi_07,port_scan,generator_ground_truth,docker_multihost,40,1,40,5.3219,39,0.0156,0.0003
recon_multi_07__recon_11,1,1789360707.831216,real,recon_multi_07,port_scan,generator_ground_truth,docker_multihost,40,1,40,5.3219,39,0.0156,0.0003
recon_multi_07__recon_11,1,1789360707.9812162,real,recon_multi_07,port_scan,generator_ground_truth,docker_multihost,40,1,40,5.3219,39,0.0156,0.0003
recon_multi_07__recon_11,1,1789360708.1312163,real,recon_multi_07,port_scan,generator_ground_truth,docker_multihost,40,1,40,5.3219,39,0.0156,0.0003
recon_multi_07__recon_11,1,1789360708.2812164,real,recon_multi_07,port_scan,generator_ground_truth,docker_multihost,40,1,40,5.3219,39,0.0156,0.0003
recon_multi_07__recon_11,1,1789360708.4312165,real,recon_multi_07,port_scan,generator_ground_truth,docker_multihost,40,1,40,5.3219,39,0.0156,0.0003
recon_multi_07__recon_11,1,1789360708.5812166,real,recon_multi_07,port_scan,generator_ground_truth,docker_multihost,40,1,40,5.3219,39,0.0156,0.0003
recon_multi_07__recon_11,1,1789360708.7312167,real,recon_multi_07,port_scan,generator_ground_truth,docker_multihost,40,1,40,5.3219,39,0.0156,0.0003
recon_multi_07__recon_11,1,1789360708.8812168,real,recon_multi_07,port_scan,generator_ground_truth,docker_multihost,40,1,40,5.3219,39,0.0156,0.0003
recon_multi_07__recon_11,1,1789360709.0312169,real,recon_multi_07,port_scan,generator_ground_truth,docker_multihost,40,1,40,5.3219,39,0.0156,0.0003
recon_multi_07__recon_11,1,1789360709.181217,real,recon_multi_07,port_scan,generator_ground_truth,docker_multihost,40,1,40,5.3219,39,0.0156,0.0003
recon_multi_07__recon_11,1,1789360709.331217,real,recon_multi_07,port_scan,generator_ground_truth,docker_multihost,40,1,40,5.3219,39,0.0156,0.0003
recon_multi_07__recon_11,1,1789360709.4812171,real,recon_multi_07,port_scan,generator_ground_truth,docker_multihost,40,1,40,5.3219,39,0.0156,0.0003
recon_multi_07__recon_11,1,1789360709.6312172,real,recon_multi_07,port_scan,generator_ground_truth,docker_multihost,40,1,40,5.3219,39,0.0156,0.0003
recon_multi_07__recon_11,1,1789360709.7812173,real,recon_multi_07,port_scan,generator_ground_truth,docker_multihost,40,1,40,5.3219,39,0.0156,0.0003
recon_multi_07__recon_11,1,1789360709.9312174,real,recon_multi_07,port_scan,generator_ground_truth,docker_multihost,40,1,40,5.3219,39,0.0156,0.0003
recon_multi_07__recon_11,1,1789360710.0812175,real,recon_multi_07,port_scan,generator_ground_truth,docker_multihost,40,1,40,5.3219,39,0.0156,0.0003
recon_multi_07__recon_11,1,1789360710.2312176,real,recon_multi_07,port_scan,generator_ground_truth,docker_multihost,40,1,40,5.3219,39,0.0156,0.0003
recon_multi_07__recon_11,1,1789360710.3812177,real,recon_multi_07,port_scan,generator_ground_truth,docker_multihost,40,1,40,5.3219,39,0.0156,0.0003
recon_multi_07__recon_11,1,1789360710.5312178,real,recon_multi_07,port_scan,generator_ground_truth,docker_multihost,40,1,40,5.3219,39,0.0156,0.0003
recon_multi_07__recon_11,1,1789360710.681218,real,recon_multi_07,port_scan,generator_ground_truth,docker_multihost,40,1,40,5.3219,39,0.0156,0.0003
recon_multi_07__recon_11,1,1789360710.831218,real,recon_multi_07,port_scan,generator_ground_truth,docker_multihost,40,1,40,5.3219,39,0.0156,0.0003
recon_multi_07__recon_11,1,1789360710.981218,real,recon_multi_07,port_scan,generator_ground_truth,docker_multihost,40,1,40,5.3219,39,0.0156,0.0003
recon_multi_07__recon_11,1,1789360711.1312182,real,recon_multi_07,port_scan,generator_ground_truth,docker_multihost,40,1,40,5.3219,39,0.0156,0.0003
recon_multi_07__recon_11,1,1789360711.2812183,real,recon_multi_07,port_scan,generator_ground_truth,docker_multihost,42,1,42,5.3923,64,0.1881,1.0909
recon_multi_07__recon_11,1,1789360711.4312184,real,recon_multi_07,port_scan,generator_ground_truth,docker_multihost,52,1,52,5.7004,77,0.1543,0.9805
recon_multi_07__recon_11,1,1789360711.5812185,real,recon_multi_07,port_scan,generator_ground_truth,docker_multihost,61,1,61,5.9307,78,0.1335,0.9053
recon_multi_07__recon_11,1,1789360711.7312186,real,recon_multi_07,port_scan,generator_ground_truth,docker_multihost,71,1,71,6.1497,78,0.1167,0.8392
recon_multi_07__recon_11,1,1789360711.8812187,real,recon_multi_07,port_scan,generator_ground_truth,docker_multihost,79,1,80,6.2969,78,0.1051,0.7906
recon_multi_07__recon_11,1,1789360712.0312188,real,recon_multi_07,port_scan,generator_ground_truth,docker_multihost,79,1,80,6.2969,78,0.1051,0.7906
recon_multi_07__recon_11,1,1789360712.1812189,real,recon_multi_07,port_scan,generator_ground_truth,docker_multihost,79,1,80,6.2969,78,0.1051,0.7906
recon_multi_07__recon_11,1,1789360712.331219,real,recon_multi_07,port_scan,generator_ground_truth,docker_multihost,79,1,80,6.2969,78,0.1051,0.7906
recon_multi_07__recon_11,1,1789360712.481219,real,recon_multi_07,port_scan,generator_ground_truth,docker_multihost,79,1,80,6.2969,78,0.1051,0.7906
recon_multi_07__recon_11,1,1789360712.6312191,real,recon_multi_07,port_scan,generator_ground_truth,docker_multihost,79,1,80,6.2969,78,0.1051,0.7906
recon_multi_07__recon_11,1,1789360712.7812192,real,recon_multi_07,port_scan,generator_ground_truth,docker_multihost,79,1,80,6.2969,78,0.1051,0.7906
recon_multi_07__recon_11,1,1789360712.9312193,real,recon_multi_07,port_scan,generator_ground_truth,docker_multihost,79,1,80,6.2969,78,0.1051,0.7906
recon_multi_07__recon_11,1,1789360713.0812194,real,recon_multi_07,port_scan,generator_ground_truth,docker_multihost,79,1,80,6.2969,78,0.1051,0.7906
recon_multi_07__recon_11,1,1789360713.2312195,real,recon_multi_07,port_scan,generator_ground_truth,docker_multihost,79,1,80,6.2969,78,0.1051,0.7906
recon_multi_07__recon_11,1,1789360713.3812196,real,recon_multi_07,port_scan,generator_ground_truth,docker_multihost,79,1,80,6.2969,78,0.1051,0.7906
recon_multi_07__recon_11,1,1789360713.5312197,real,recon_multi_07,port_scan,generator_ground_truth,docker_multihost,79,1,80,6.2969,78,0.1051,0.7906
recon_multi_07__recon_11,1,1789360713.6812198,real,recon_multi_07,port_scan,generator_ground_truth,docker_multihost,79,1,80,6.2969,78,0.1051,0.7906
recon_multi_07__recon_11,1,1789360713.83122,real,recon_multi_07,port_scan,generator_ground_truth,docker_multihost,79,1,80,6.2969,78,0.1051,0.7906
recon_multi_07__recon_11,1,1789360713.98122,real,recon_multi_07,port_scan,generator_ground_truth,docker_multihost,79,1,80,6.2969,78,0.1051,0.7906
recon_multi_07__recon_11,1,1789360714.13122,real,recon_multi_07,port_scan,generator_ground_truth,docker_multihost,79,1,80,6.2969,78,0.1051,0.7906
recon_multi_07__recon_11,1,1789360714.2812202,real,recon_multi_07,port_scan,generator_ground_truth,docker_multihost,79,1,80,6.2969,78,0.1051,0.7906
recon_multi_07__recon_11,1,1789360714.4312203,real,recon_multi_07,port_scan,generator_ground_truth,docker_multihost,79,1,80,6.2969,78,0.1051,0.7906
recon_multi_07__recon_11,1,1789360714.5812204,real,recon_multi_07,port_scan,generator_ground_truth,docker_multihost,79,1,80,6.2969,78,0.1051,0.7906
recon_multi_07__recon_11,1,1789360714.7312205,real,recon_multi_07,port_scan,generator_ground_truth,docker_multihost,79,1,80,6.2969,78,0.1051,0.7906
recon_multi_07__recon_11,1,1789360714.8812206,real,recon_multi_07,port_scan,generator_ground_truth,docker_multihost,79,1,80,6.2969,78,0.1051,0.7906
recon_multi_07__recon_11,1,1789360715.0312207,real,recon_multi_07,port_scan,generator_ground_truth,docker_multihost,79,1,80,6.2969,78,0.1051,0.7906
recon_multi_07__recon_11,1,1789360715.1812208,real,recon_multi_07,port_scan,generator_ground_truth,docker_multihost,79,1,80,6.2969,78,0.1051,0.7906
recon_multi_07__recon_11,1,1789360715.3312209,real,recon_multi_07,port_scan,generator_ground_truth,docker_multihost,79,1,80,6.2969,78,0.1051,0.7906
recon_multi_07__recon_11,1,1789360715.481221,real,recon_multi_07,port_scan,generator_ground_truth,docker_multihost,79,1,80,6.2969,78,0.1051,0.7906
recon_multi_07__recon_11,1,1789360715.631221,real,recon_multi_07,port_scan,generator_ground_truth,docker_multihost,79,1,80,6.2969,78,0.1051,0.7906
recon_multi_07__recon_11,1,1789360715.7812212,real,recon_multi_07,port_scan,generator_ground_truth,docker_multihost,79,1,80,6.2969,78,0.1051,0.7906
recon_multi_07__recon_11,1,1789360715.9312212,real,recon_multi_07,port_scan,generator_ground_truth,docker_multihost,79,1,80,6.2969,78,0.1051,0.7906
recon_multi_07__recon_11,1,1789360716.0812213,real,recon_multi_07,port_scan,generator_ground_truth,docker_multihost,79,1,80,6.2969,78,0.1051,0.7906
recon_multi_07__recon_11,1,1789360716.2312214,real,recon_multi_07,port_scan,generator_ground_truth,docker_multihost,79,1,80,6.2969,78,0.1051,0.7906
recon_multi_07__recon_11,1,1789360716.3812215,real,recon_multi_07,port_scan,generator_ground_truth,docker_multihost,79,1,80,6.2969,78,0.1051,0.7906
recon_multi_07__recon_11,1,1789360716.5312216,real,recon_multi_07,port_scan,generator_ground_truth,docker_multihost,79,1,80,6.2969,78,0.1051,0.7906
recon_multi_07__recon_11,1,1789360716.6812217,real,recon_multi_07,port_scan,generator_ground_truth,docker_multihost,79,1,80,6.2969,78,0.1051,0.7906
recon_multi_07__recon_11,1,1789360716.8312218,real,recon_multi_07,port_scan,generator_ground_truth,docker_multihost,79,1,80,6.2969,78,0.1051,0.7906
recon_multi_07__recon_11,1,1789360716.981222,real,recon_multi_07,port_scan,generator_ground_truth,docker_multihost,79,1,80,6.2969,78,0.1051,0.7906
recon_multi_07__recon_11,1,1789360717.131222,real,recon_multi_07,port_scan,generator_ground_truth,docker_multihost,79,1,80,6.2969,78,0.1051,0.7906
recon_multi_07__recon_11,1,1789360717.281222,real,recon_multi_07,port_scan,generator_ground_truth,docker_multihost,79,1,80,6.2969,78,0.1051,0.7906
recon_multi_07__recon_11,1,1789360717.4312222,real,recon_multi_07,port_scan,generator_ground_truth,docker_multihost,79,1,80,6.2969,78,0.1051,0.7906
recon_multi_07__recon_11,1,1789360717.5812223,real,recon_multi_07,port_scan,generator_ground_truth,docker_multihost,79,1,80,6.2969,78,0.1051,0.7906
recon_multi_07__recon_11,1,1789360717.7312224,real,recon_multi_07,port_scan,generator_ground_truth,docker_multihost,79,1,80,6.2969,78,0.1051,0.7906
recon_multi_07__recon_11,1,1789360717.8812225,real,recon_multi_07,port_scan,generator_ground_truth,docker_multihost,79,1,80,6.2969,78,0.1051,0.7906
recon_multi_07__benign_12,0,1789360720.4756546,real,recon_multi_07,,generator_ground_truth,docker_multihost,1,1,1,-0.0,0,0.0,0.0
recon_multi_07__benign_12,0,1789360720.6256547,real,recon_multi_07,,generator_ground_truth,docker_multihost,1,1,1,-0.0,0,0.0,0.0
recon_multi_07__benign_12,0,1789360720.7756548,real,recon_multi_07,,generator_ground_truth,docker_multihost,1,1,1,-0.0,0,0.0,0.0
recon_multi_07__benign_12,0,1789360720.925655,real,recon_multi_07,,generator_ground_truth,docker_multihost,1,1,1,-0.0,0,0.0,0.0
recon_multi_07__benign_12,0,1789360721.075655,real,recon_multi_07,,generator_ground_truth,docker_multihost,1,1,1,-0.0,0,0.0,0.0
recon_multi_07__benign_12,0,1789360721.225655,real,recon_multi_07,,generator_ground_truth,docker_multihost,2,1,2,1.0,14,0.7661,0.0
recon_multi_07__benign_12,0,1789360721.3756552,real,recon_multi_07,,generator_ground_truth,docker_multihost,2,1,2,1.0,14,0.7661,0.0
recon_multi_07__benign_12,0,1789360721.5256553,real,recon_multi_07,,generator_ground_truth,docker_multihost,2,1,2,1.0,14,0.7661,0.0
recon_multi_07__benign_12,0,1789360721.6756554,real,recon_multi_07,,generator_ground_truth,docker_multihost,2,1,2,1.0,14,0.7661,0.0
recon_multi_07__benign_12,0,1789360721.8256555,real,recon_multi_07,,generator_ground_truth,docker_multihost,2,1,2,1.0,14,0.7661,0.0
recon_multi_07__benign_12,0,1789360721.9756556,real,recon_multi_07,,generator_ground_truth,docker_multihost,3,1,3,1.585,22,0.7731,0.0069
recon_multi_07__benign_12,0,1789360722.1256557,real,recon_multi_07,,generator_ground_truth,docker_multihost,3,1,3,1.585,22,0.7731,0.0069
recon_multi_07__benign_12,0,1789360722.2756557,real,recon_multi_07,,generator_ground_truth,docker_multihost,3,1,3,1.585,22,0.7731,0.0069
recon_multi_07__benign_12,0,1789360722.4256558,real,recon_multi_07,,generator_ground_truth,docker_multihost,3,1,3,1.585,22,0.7731,0.0069
recon_multi_07__benign_12,0,1789360722.575656,real,recon_multi_07,,generator_ground_truth,docker_multihost,3,1,4,1.5,22,0.735,0.0541
recon_multi_07__benign_12,0,1789360722.725656,real,recon_multi_07,,generator_ground_truth,docker_multihost,3,1,4,1.5,22,0.735,0.0541
recon_multi_07__benign_12,0,1789360722.8756561,real,recon_multi_07,,generator_ground_truth,docker_multihost,3,1,4,1.5,22,0.735,0.0541
recon_multi_07__benign_12,0,1789360723.0256562,real,recon_multi_07,,generator_ground_truth,docker_multihost,3,1,4,1.5,22,0.735,0.0541
recon_multi_07__benign_12,0,1789360723.1756563,real,recon_multi_07,,generator_ground_truth,docker_multihost,3,1,4,1.5,22,0.735,0.0541
recon_multi_07__benign_12,0,1789360723.3256564,real,recon_multi_07,,generator_ground_truth,docker_multihost,3,1,4,1.5,22,0.735,0.0541
recon_multi_07__benign_12,0,1789360723.4756565,real,recon_multi_07,,generator_ground_truth,docker_multihost,3,1,5,1.5219,22,0.7708,0.0777
recon_multi_07__benign_12,0,1789360723.6256566,real,recon_multi_07,,generator_ground_truth,docker_multihost,3,1,5,1.5219,22,0.7708,0.0777
recon_multi_07__benign_12,0,1789360723.7756567,real,recon_multi_07,,generator_ground_truth,docker_multihost,3,1,5,1.5219,22,0.7708,0.0777
recon_multi_07__benign_12,0,1789360723.9256568,real,recon_multi_07,,generator_ground_truth,docker_multihost,3,1,5,1.5219,22,0.7708,0.0777
recon_multi_07__benign_12,0,1789360724.075657,real,recon_multi_07,,generator_ground_truth,docker_multihost,3,1,5,1.5219,22,0.7708,0.0777
recon_multi_07__benign_12,0,1789360724.225657,real,recon_multi_07,,generator_ground_truth,docker_multihost,3,1,6,1.585,22,0.761,0.0722
recon_multi_07__benign_12,0,1789360724.375657,real,recon_multi_07,,generator_ground_truth,docker_multihost,3,1,6,1.585,22,0.761,0.0722
recon_multi_07__benign_12,0,1789360724.5256572,real,recon_multi_07,,generator_ground_truth,docker_multihost,3,1,6,1.585,22,0.761,0.0722
recon_multi_07__benign_12,0,1789360724.6756573,real,recon_multi_07,,generator_ground_truth,docker_multihost,3,1,6,1.585,22,0.761,0.0722
recon_multi_07__benign_12,0,1789360724.8256574,real,recon_multi_07,,generator_ground_truth,docker_multihost,3,1,6,1.585,22,0.761,0.0722
recon_multi_07__benign_12,0,1789360724.9756575,real,recon_multi_07,,generator_ground_truth,docker_multihost,3,1,6,1.585,22,0.761,0.0722
recon_multi_07__benign_12,0,1789360725.1256576,real,recon_multi_07,,generator_ground_truth,docker_multihost,3,1,7,1.5567,22,0.7855,0.0857
recon_multi_07__benign_12,0,1789360725.2756577,real,recon_multi_07,,generator_ground_truth,docker_multihost,3,1,7,1.5567,22,0.7855,0.0857
recon_multi_07__benign_12,0,1789360725.4256577,real,recon_multi_07,,generator_ground_truth,docker_multihost,3,1,7,1.5567,22,0.7855,0.0857
recon_multi_07__benign_12,0,1789360725.5756578,real,recon_multi_07,,generator_ground_truth,docker_multihost,3,1,7,1.5567,22,0.7855,0.0857
recon_multi_07__benign_12,0,1789360725.725658,real,recon_multi_07,,generator_ground_truth,docker_multihost,3,1,7,1.5567,22,0.7855,0.0857
recon_multi_07__benign_12,0,1789360725.875658,real,recon_multi_07,,generator_ground_truth,docker_multihost,3,1,7,1.5567,22,0.7855,0.0857
recon_multi_07__benign_12,0,1789360726.0256581,real,recon_multi_07,,generator_ground_truth,docker_multihost,3,1,8,1.5613,22,0.8085,0.0973
recon_multi_07__benign_12,0,1789360726.1756582,real,recon_multi_07,,generator_ground_truth,docker_multihost,3,1,8,1.5613,22,0.8085,0.0973
recon_multi_07__benign_12,0,1789360726.3256583,real,recon_multi_07,,generator_ground_truth,docker_multihost,3,1,8,1.5613,22,0.8085,0.0973
recon_multi_07__benign_12,0,1789360726.4756584,real,recon_multi_07,,generator_ground_truth,docker_multihost,3,1,8,1.5613,22,0.8085,0.0973
recon_multi_07__benign_12,0,1789360726.6256585,real,recon_multi_07,,generator_ground_truth,docker_multihost,3,1,8,1.5613,22,0.8085,0.0973
recon_multi_07__benign_12,0,1789360726.7756586,real,recon_multi_07,,generator_ground_truth,docker_multihost,3,1,9,1.585,22,0.7967,0.0963
recon_multi_07__benign_12,0,1789360726.9256587,real,recon_multi_07,,generator_ground_truth,docker_multihost,3,1,9,1.585,22,0.7967,0.0963
recon_multi_07__benign_12,0,1789360727.0756588,real,recon_multi_07,,generator_ground_truth,docker_multihost,3,1,9,1.585,22,0.7967,0.0963
recon_multi_07__benign_12,0,1789360727.225659,real,recon_multi_07,,generator_ground_truth,docker_multihost,3,1,9,1.585,22,0.7967,0.0963
recon_multi_07__benign_12,0,1789360727.375659,real,recon_multi_07,,generator_ground_truth,docker_multihost,3,1,9,1.585,22,0.7967,0.0963
recon_multi_07__benign_12,0,1789360727.525659,real,recon_multi_07,,generator_ground_truth,docker_multihost,3,1,9,1.585,22,0.7967,0.0963
recon_multi_07__benign_12,0,1789360727.6756592,real,recon_multi_07,,generator_ground_truth,docker_multihost,3,1,10,1.571,22,0.8142,0.1033
recon_multi_07__benign_12,0,1789360727.8256593,real,recon_multi_07,,generator_ground_truth,docker_multihost,3,1,10,1.571,22,0.8142,0.1033
recon_multi_07__benign_12,0,1789360727.9756594,real,recon_multi_07,,generator_ground_truth,docker_multihost,3,1,10,1.571,22,0.8142,0.1033
recon_multi_07__benign_12,0,1789360728.1256595,real,recon_multi_07,,generator_ground_truth,docker_multihost,3,1,10,1.571,22,0.8142,0.1033
recon_multi_07__benign_12,0,1789360728.2756596,real,recon_multi_07,,generator_ground_truth,docker_multihost,3,1,10,1.571,22,0.8142,0.1033
recon_multi_07__benign_12,0,1789360728.4256597,real,recon_multi_07,,generator_ground_truth,docker_multihost,3,1,11,1.5726,22,0.8051,0.1018
recon_multi_07__benign_12,0,1789360728.5756598,real,recon_multi_07,,generator_ground_truth,docker_multihost,3,1,11,1.5726,22,0.8051,0.1018
recon_multi_07__benign_12,0,1789360728.7256598,real,recon_multi_07,,generator_ground_truth,docker_multihost,3,1,11,1.5726,22,0.8051,0.1018
recon_multi_07__benign_12,0,1789360728.87566,real,recon_multi_07,,generator_ground_truth,docker_multihost,3,1,11,1.5726,22,0.8051,0.1018
recon_multi_07__benign_12,0,1789360729.02566,real,recon_multi_07,,generator_ground_truth,docker_multihost,3,1,12,1.585,22,0.7846,0.1166
recon_multi_07__benign_12,0,1789360729.1756601,real,recon_multi_07,,generator_ground_truth,docker_multihost,3,1,12,1.585,22,0.7846,0.1166
recon_multi_07__benign_12,0,1789360729.3256602,real,recon_multi_07,,generator_ground_truth,docker_multihost,3,1,12,1.585,22,0.7846,0.1166
recon_multi_07__benign_12,0,1789360729.4756603,real,recon_multi_07,,generator_ground_truth,docker_multihost,3,1,12,1.585,22,0.7846,0.1166
recon_multi_07__benign_12,0,1789360729.6256604,real,recon_multi_07,,generator_ground_truth,docker_multihost,3,1,12,1.585,22,0.7846,0.1166
recon_multi_07__benign_12,0,1789360729.7756605,real,recon_multi_07,,generator_ground_truth,docker_multihost,3,1,12,1.585,22,0.7846,0.1166
recon_multi_07__benign_12,0,1789360729.9256606,real,recon_multi_07,,generator_ground_truth,docker_multihost,3,1,13,1.5766,22,0.7969,0.1188
recon_multi_07__benign_12,0,1789360730.0756607,real,recon_multi_07,,generator_ground_truth,docker_multihost,3,1,13,1.5766,22,0.7969,0.1188
recon_multi_07__benign_12,0,1789360730.2256608,real,recon_multi_07,,generator_ground_truth,docker_multihost,3,1,13,1.5766,22,0.7969,0.1188
recon_multi_07__benign_12,0,1789360730.375661,real,recon_multi_07,,generator_ground_truth,docker_multihost,3,1,13,1.5766,22,0.7969,0.1188
recon_multi_07__benign_12,0,1789360730.525661,real,recon_multi_07,,generator_ground_truth,docker_multihost,3,1,13,1.5766,22,0.7969,0.1188
recon_multi_07__benign_12,0,1789360730.675661,real,recon_multi_07,,generator_ground_truth,docker_multihost,3,1,14,1.5774,22,0.7914,0.1157
recon_multi_07__benign_12,0,1789360730.8256612,real,recon_multi_07,,generator_ground_truth,docker_multihost,3,1,14,1.5774,22,0.7914,0.1157
recon_multi_07__benign_12,0,1789360730.9756613,real,recon_multi_07,,generator_ground_truth,docker_multihost,3,1,14,1.5774,22,0.7914,0.1157
recon_multi_07__benign_12,0,1789360731.1256614,real,recon_multi_07,,generator_ground_truth,docker_multihost,3,1,14,1.5774,22,0.7914,0.1157
recon_multi_07__benign_12,0,1789360731.2756615,real,recon_multi_07,,generator_ground_truth,docker_multihost,3,1,14,1.5774,22,0.7914,0.1157
recon_multi_07__benign_12,0,1789360731.4256616,real,recon_multi_07,,generator_ground_truth,docker_multihost,3,1,14,1.5774,22,0.7914,0.1157
recon_multi_07__benign_12,0,1789360731.5756617,real,recon_multi_07,,generator_ground_truth,docker_multihost,3,1,15,1.585,22,0.7974,0.1136
recon_multi_07__benign_12,0,1789360731.7256618,real,recon_multi_07,,generator_ground_truth,docker_multihost,3,1,15,1.585,22,0.7974,0.1136
recon_multi_07__benign_12,0,1789360731.8756618,real,recon_multi_07,,generator_ground_truth,docker_multihost,3,1,15,1.585,22,0.7974,0.1136
recon_multi_07__benign_12,0,1789360732.025662,real,recon_multi_07,,generator_ground_truth,docker_multihost,3,1,15,1.585,22,0.7974,0.1136
recon_multi_07__benign_12,0,1789360732.175662,real,recon_multi_07,,generator_ground_truth,docker_multihost,3,1,15,1.585,22,0.7974,0.1136
recon_multi_07__benign_12,0,1789360732.3256621,real,recon_multi_07,,generator_ground_truth,docker_multihost,3,1,15,1.585,22,0.7974,0.1136
recon_multi_07__benign_12,0,1789360732.4756622,real,recon_multi_07,,generator_ground_truth,docker_multihost,3,1,16,1.5794,22,0.8056,0.114
recon_multi_07__benign_12,0,1789360732.6256623,real,recon_multi_07,,generator_ground_truth,docker_multihost,3,1,16,1.5794,22,0.8056,0.114
recon_multi_07__benign_12,0,1789360732.7756624,real,recon_multi_07,,generator_ground_truth,docker_multihost,3,1,16,1.5794,22,0.8056,0.114
recon_multi_07__benign_12,0,1789360732.9256625,real,recon_multi_07,,generator_ground_truth,docker_multihost,3,1,16,1.5794,22,0.8056,0.114
recon_multi_07__benign_12,0,1789360733.0756626,real,recon_multi_07,,generator_ground_truth,docker_multihost,3,1,17,1.5799,22,0.7952,0.1175
recon_multi_07__benign_12,0,1789360733.2256627,real,recon_multi_07,,generator_ground_truth,docker_multihost,3,1,17,1.5799,22,0.7952,0.1175
recon_multi_07__benign_12,0,1789360733.3756628,real,recon_multi_07,,generator_ground_truth,docker_multihost,3,1,17,1.5799,22,0.7952,0.1175
recon_multi_07__benign_12,0,1789360733.525663,real,recon_multi_07,,generator_ground_truth,docker_multihost,3,1,17,1.5799,22,0.7952,0.1175
recon_multi_07__benign_12,0,1789360733.675663,real,recon_multi_07,,generator_ground_truth,docker_multihost,3,1,17,1.5799,22,0.7952,0.1175
recon_multi_07__benign_12,0,1789360733.825663,real,recon_multi_07,,generator_ground_truth,docker_multihost,3,1,17,1.5799,22,0.7952,0.1175
recon_multi_07__benign_12,0,1789360733.9756632,real,recon_multi_07,,generator_ground_truth,docker_multihost,3,1,18,1.585,22,0.8008,0.1161
recon_multi_07__benign_12,0,1789360734.1256633,real,recon_multi_07,,generator_ground_truth,docker_multihost,3,1,18,1.585,22,0.8008,0.1161
recon_multi_07__benign_12,0,1789360734.2756634,real,recon_multi_07,,generator_ground_truth,docker_multihost,3,1,18,1.585,22,0.8008,0.1161
recon_multi_07__benign_12,0,1789360734.4256635,real,recon_multi_07,,generator_ground_truth,docker_multihost,3,1,18,1.585,22,0.8008,0.1161
recon_multi_07__benign_12,0,1789360734.5756636,real,recon_multi_07,,generator_ground_truth,docker_multihost,3,1,18,1.585,22,0.8008,0.1161
recon_multi_07__benign_12,0,1789360734.7256637,real,recon_multi_07,,generator_ground_truth,docker_multihost,3,1,19,1.581,22,0.7976,0.1136
recon_multi_07__benign_12,0,1789360734.8756638,real,recon_multi_07,,generator_ground_truth,docker_multihost,3,1,19,1.581,22,0.7976,0.1136
recon_multi_07__benign_12,0,1789360735.0256639,real,recon_multi_07,,generator_ground_truth,docker_multihost,3,1,19,1.581,22,0.7976,0.1136
recon_multi_07__benign_12,0,1789360735.175664,real,recon_multi_07,,generator_ground_truth,docker_multihost,3,1,19,1.581,22,0.7976,0.1136
recon_multi_07__benign_12,0,1789360735.325664,real,recon_multi_07,,generator_ground_truth,docker_multihost,3,1,20,1.5813,22,0.7882,0.1175
recon_multi_07__benign_12,0,1789360735.4756641,real,recon_multi_07,,generator_ground_truth,docker_multihost,3,1,20,1.5813,22,0.7882,0.1175
recon_multi_07__benign_12,0,1789360735.6256642,real,recon_multi_07,,generator_ground_truth,docker_multihost,3,1,20,1.5813,22,0.7882,0.1175
recon_multi_07__benign_12,0,1789360735.7756643,real,recon_multi_07,,generator_ground_truth,docker_multihost,3,1,20,1.5813,22,0.7882,0.1175
recon_multi_07__benign_12,0,1789360735.9256644,real,recon_multi_07,,generator_ground_truth,docker_multihost,3,1,20,1.5813,22,0.7882,0.1175
recon_multi_07__benign_12,0,1789360736.0756645,real,recon_multi_07,,generator_ground_truth,docker_multihost,3,1,21,1.585,22,0.7849,0.1154
recon_multi_07__benign_12,0,1789360736.2256646,real,recon_multi_07,,generator_ground_truth,docker_multihost,3,1,21,1.585,22,0.7849,0.1154
recon_multi_07__benign_12,0,1789360736.3756647,real,recon_multi_07,,generator_ground_truth,docker_multihost,3,1,21,1.585,22,0.7849,0.1154
recon_multi_07__benign_12,0,1789360736.5256648,real,recon_multi_07,,generator_ground_truth,docker_multihost,3,1,21,1.585,22,0.7849,0.1154
recon_multi_07__benign_12,0,1789360736.675665,real,recon_multi_07,,generator_ground_truth,docker_multihost,3,1,21,1.585,22,0.7849,0.1154
recon_multi_07__benign_12,0,1789360736.825665,real,recon_multi_07,,generator_ground_truth,docker_multihost,3,1,21,1.585,22,0.7849,0.1154
recon_multi_07__benign_12,0,1789360736.975665,real,recon_multi_07,,generator_ground_truth,docker_multihost,3,1,22,1.582,22,0.7883,0.1137
recon_multi_07__benign_12,0,1789360737.1256652,real,recon_multi_07,,generator_ground_truth,docker_multihost,3,1,22,1.582,22,0.7883,0.1137
recon_multi_07__benign_12,0,1789360737.2756653,real,recon_multi_07,,generator_ground_truth,docker_multihost,3,1,22,1.582,22,0.7883,0.1137
recon_multi_07__benign_12,0,1789360737.4256654,real,recon_multi_07,,generator_ground_truth,docker_multihost,3,1,22,1.582,22,0.7883,0.1137
recon_multi_07__benign_12,0,1789360737.5756655,real,recon_multi_07,,generator_ground_truth,docker_multihost,3,1,23,1.5822,22,0.7806,0.1166
recon_multi_07__benign_12,0,1789360737.7256656,real,recon_multi_07,,generator_ground_truth,docker_multihost,3,1,23,1.5822,22,0.7806,0.1166
recon_multi_07__benign_12,0,1789360737.8756657,real,recon_multi_07,,generator_ground_truth,docker_multihost,3,1,23,1.5822,22,0.7806,0.1166
recon_multi_07__benign_12,0,1789360738.0256658,real,recon_multi_07,,generator_ground_truth,docker_multihost,3,1,23,1.5822,22,0.7806,0.1166
recon_multi_07__benign_12,0,1789360738.1756659,real,recon_multi_07,,generator_ground_truth,docker_multihost,3,1,24,1.585,22,0.7757,0.1163
recon_multi_07__benign_12,0,1789360738.325666,real,recon_multi_07,,generator_ground_truth,docker_multihost,3,1,24,1.585,22,0.7757,0.1163
recon_multi_07__benign_12,0,1789360738.475666,real,recon_multi_07,,generator_ground_truth,docker_multihost,3,1,24,1.585,22,0.7757,0.1163
recon_multi_07__benign_12,0,1789360738.6256661,real,recon_multi_07,,generator_ground_truth,docker_multihost,3,1,24,1.585,22,0.7757,0.1163
recon_multi_07__benign_12,0,1789360738.7756662,real,recon_multi_07,,generator_ground_truth,docker_multihost,3,1,24,1.585,22,0.7757,0.1163
recon_multi_07__benign_12,0,1789360738.9256663,real,recon_multi_07,,generator_ground_truth,docker_multihost,3,1,24,1.585,22,0.7757,0.1163
recon_multi_07__benign_12,0,1789360739.0756664,real,recon_multi_07,,generator_ground_truth,docker_multihost,3,1,24,1.585,22,0.7757,0.1163
recon_multi_07__benign_12,0,1789360739.2256665,real,recon_multi_07,,generator_ground_truth,docker_multihost,3,1,25,1.5827,22,0.7829,0.1189
recon_multi_07__benign_12,0,1789360739.3756666,real,recon_multi_07,,generator_ground_truth,docker_multihost,3,1,25,1.5827,22,0.7829,0.1189
recon_multi_07__benign_12,0,1789360739.5256667,real,recon_multi_07,,generator_ground_truth,docker_multihost,3,1,25,1.5827,22,0.7829,0.1189
recon_multi_07__benign_12,0,1789360739.6756668,real,recon_multi_07,,generator_ground_truth,docker_multihost,3,1,26,1.5828,22,0.7732,0.1258
recon_multi_07__benign_12,0,1789360739.825667,real,recon_multi_07,,generator_ground_truth,docker_multihost,3,1,26,1.5828,22,0.7732,0.1258
recon_multi_07__benign_12,0,1789360739.975667,real,recon_multi_07,,generator_ground_truth,docker_multihost,3,1,26,1.5828,22,0.7732,0.1258
recon_multi_07__benign_12,0,1789360740.125667,real,recon_multi_07,,generator_ground_truth,docker_multihost,3,1,26,1.5828,22,0.7732,0.1258
recon_multi_07__benign_12,0,1789360740.2756672,real,recon_multi_07,,generator_ground_truth,docker_multihost,3,1,27,1.585,22,0.7656,0.129
recon_multi_07__benign_12,0,1789360740.4256673,real,recon_multi_07,,generator_ground_truth,docker_multihost,3,1,27,1.585,22,0.7656,0.129
recon_multi_07__recon_12,1,1789360742.6506832,real,recon_multi_07,port_scan,generator_ground_truth,docker_multihost,8,1,8,3.0,32,0.0159,0.0
recon_multi_07__recon_12,1,1789360742.8006833,real,recon_multi_07,port_scan,generator_ground_truth,docker_multihost,8,1,8,3.0,32,0.0159,0.0
recon_multi_07__recon_12,1,1789360742.9506834,real,recon_multi_07,port_scan,generator_ground_truth,docker_multihost,8,1,8,3.0,32,0.0159,0.0
recon_multi_07__recon_12,1,1789360743.1006835,real,recon_multi_07,port_scan,generator_ground_truth,docker_multihost,8,1,8,3.0,32,0.0159,0.0
recon_multi_07__recon_12,1,1789360743.2506835,real,recon_multi_07,port_scan,generator_ground_truth,docker_multihost,8,1,8,3.0,32,0.0159,0.0
recon_multi_07__recon_12,1,1789360743.4006836,real,recon_multi_07,port_scan,generator_ground_truth,docker_multihost,8,1,8,3.0,32,0.0159,0.0
recon_multi_07__recon_12,1,1789360743.5506837,real,recon_multi_07,port_scan,generator_ground_truth,docker_multihost,8,1,8,3.0,32,0.0159,0.0
recon_multi_07__recon_12,1,1789360743.7006838,real,recon_multi_07,port_scan,generator_ground_truth,docker_multihost,8,1,8,3.0,32,0.0159,0.0
recon_multi_07__recon_12,1,1789360743.850684,real,recon_multi_07,port_scan,generator_ground_truth,docker_multihost,8,1,8,3.0,32,0.0159,0.0
recon_multi_07__recon_12,1,1789360744.000684,real,recon_multi_07,port_scan,generator_ground_truth,docker_multihost,8,1,8,3.0,32,0.0159,0.0
recon_multi_07__recon_12,1,1789360744.150684,real,recon_multi_07,port_scan,generator_ground_truth,docker_multihost,8,1,8,3.0,32,0.0159,0.0
recon_multi_07__recon_12,1,1789360744.3006842,real,recon_multi_07,port_scan,generator_ground_truth,docker_multihost,8,1,8,3.0,32,0.0159,0.0
recon_multi_07__recon_12,1,1789360744.4506843,real,recon_multi_07,port_scan,generator_ground_truth,docker_multihost,8,1,8,3.0,32,0.0159,0.0
recon_multi_07__recon_12,1,1789360744.6006844,real,recon_multi_07,port_scan,generator_ground_truth,docker_multihost,8,1,8,3.0,32,0.0159,0.0
recon_multi_07__recon_12,1,1789360744.7506845,real,recon_multi_07,port_scan,generator_ground_truth,docker_multihost,8,1,8,3.0,32,0.0159,0.0
recon_multi_07__recon_12,1,1789360744.9006846,real,recon_multi_07,port_scan,generator_ground_truth,docker_multihost,8,1,8,3.0,32,0.0159,0.0
recon_multi_07__recon_12,1,1789360745.0506847,real,recon_multi_07,port_scan,generator_ground_truth,docker_multihost,8,1,8,3.0,32,0.0159,0.0
recon_multi_07__recon_12,1,1789360745.2006848,real,recon_multi_07,port_scan,generator_ground_truth,docker_multihost,8,1,8,3.0,32,0.0159,0.0
recon_multi_07__recon_12,1,1789360745.350685,real,recon_multi_07,port_scan,generator_ground_truth,docker_multihost,8,1,8,3.0,32,0.0159,0.0
recon_multi_07__recon_12,1,1789360745.500685,real,recon_multi_07,port_scan,generator_ground_truth,docker_multihost,8,1,8,3.0,32,0.0159,0.0
recon_multi_07__recon_12,1,1789360745.650685,real,recon_multi_07,port_scan,generator_ground_truth,docker_multihost,8,1,8,3.0,32,0.0159,0.0
recon_multi_07__recon_12,1,1789360745.8006852,real,recon_multi_07,port_scan,generator_ground_truth,docker_multihost,8,1,8,3.0,32,0.0159,0.0
recon_multi_07__recon_12,1,1789360745.9506853,real,recon_multi_07,port_scan,generator_ground_truth,docker_multihost,8,1,8,3.0,32,0.0159,0.0
recon_multi_07__recon_12,1,1789360746.1006854,real,recon_multi_07,port_scan,generator_ground_truth,docker_multihost,8,1,8,3.0,32,0.0159,0.0
recon_multi_07__recon_12,1,1789360746.2506855,real,recon_multi_07,port_scan,generator_ground_truth,docker_multihost,8,1,8,3.0,32,0.0159,0.0
recon_multi_07__recon_12,1,1789360746.4006855,real,recon_multi_07,port_scan,generator_ground_truth,docker_multihost,8,1,8,3.0,32,0.0159,0.0
recon_multi_07__recon_12,1,1789360746.5506856,real,recon_multi_07,port_scan,generator_ground_truth,docker_multihost,8,1,8,3.0,32,0.0159,0.0
recon_multi_07__recon_12,1,1789360746.7006857,real,recon_multi_07,port_scan,generator_ground_truth,docker_multihost,8,1,8,3.0,32,0.0159,0.0
recon_multi_07__recon_12,1,1789360746.8506858,real,recon_multi_07,port_scan,generator_ground_truth,docker_multihost,8,1,8,3.0,32,0.0159,0.0
recon_multi_07__recon_12,1,1789360747.000686,real,recon_multi_07,port_scan,generator_ground_truth,docker_multihost,8,1,8,3.0,32,0.0159,0.0
recon_multi_07__recon_12,1,1789360747.150686,real,recon_multi_07,port_scan,generator_ground_truth,docker_multihost,8,1,8,3.0,32,0.0159,0.0
recon_multi_07__recon_12,1,1789360747.3006861,real,recon_multi_07,port_scan,generator_ground_truth,docker_multihost,8,1,8,3.0,32,0.0159,0.0
recon_multi_07__recon_12,1,1789360747.4506862,real,recon_multi_07,port_scan,generator_ground_truth,docker_multihost,8,1,8,3.0,32,0.0159,0.0
recon_multi_07__recon_12,1,1789360747.6006863,real,recon_multi_07,port_scan,generator_ground_truth,docker_multihost,8,1,8,3.0,32,0.0159,0.0
recon_multi_07__recon_12,1,1789360747.7506864,real,recon_multi_07,port_scan,generator_ground_truth,docker_multihost,11,1,11,3.4594,115,0.5239,1.5239
recon_multi_07__recon_12,1,1789360747.9006865,real,recon_multi_07,port_scan,generator_ground_truth,docker_multihost,21,1,21,4.3923,115,0.2699,1.1071
recon_multi_07__recon_12,1,1789360748.0506866,real,recon_multi_07,port_scan,generator_ground_truth,docker_multihost,30,1,30,4.9069,123,0.191,0.9269
recon_multi_07__recon_12,1,1789360748.2006867,real,recon_multi_07,port_scan,generator_ground_truth,docker_multihost,39,1,39,5.2854,123,0.1496,0.8131
recon_multi_07__recon_12,1,1789360748.3506868,real,recon_multi_07,port_scan,generator_ground_truth,docker_multihost,49,1,49,5.6147,123,0.1217,0.7255
recon_multi_07__recon_12,1,1789360748.500687,real,recon_multi_07,port_scan,generator_ground_truth,docker_multihost,58,1,58,5.858,123,0.105,0.6669
recon_multi_07__recon_12,1,1789360748.650687,real,recon_multi_07,port_scan,generator_ground_truth,docker_multihost,68,1,68,6.0875,125,0.0917,0.6159
recon_multi_07__recon_12,1,1789360748.800687,real,recon_multi_07,port_scan,generator_ground_truth,docker_multihost,76,1,76,6.2479,125,0.0836,0.5826
recon_multi_07__recon_12,1,1789360748.9506872,real,recon_multi_07,port_scan,generator_ground_truth,docker_multihost,76,1,76,6.2479,125,0.0836,0.5826
recon_multi_07__recon_12,1,1789360749.1006873,real,recon_multi_07,port_scan,generator_ground_truth,docker_multihost,76,1,76,6.2479,125,0.0836,0.5826
recon_multi_07__recon_12,1,1789360749.2506874,real,recon_multi_07,port_scan,generator_ground_truth,docker_multihost,76,1,76,6.2479,125,0.0836,0.5826
recon_multi_07__recon_12,1,1789360749.4006875,real,recon_multi_07,port_scan,generator_ground_truth,docker_multihost,76,1,76,6.2479,125,0.0836,0.5826
recon_multi_07__recon_12,1,1789360749.5506876,real,recon_multi_07,port_scan,generator_ground_truth,docker_multihost,76,1,76,6.2479,125,0.0836,0.5826
recon_multi_07__recon_12,1,1789360749.7006876,real,recon_multi_07,port_scan,generator_ground_truth,docker_multihost,76,1,76,6.2479,125,0.0836,0.5826
recon_multi_07__recon_12,1,1789360749.8506877,real,recon_multi_07,port_scan,generator_ground_truth,docker_multihost,76,1,76,6.2479,125,0.0836,0.5826
recon_multi_07__recon_12,1,1789360750.0006878,real,recon_multi_07,port_scan,generator_ground_truth,docker_multihost,76,1,76,6.2479,125,0.0836,0.5826
recon_multi_07__recon_12,1,1789360750.150688,real,recon_multi_07,port_scan,generator_ground_truth,docker_multihost,76,1,76,6.2479,125,0.0836,0.5826
recon_multi_07__recon_12,1,1789360750.300688,real,recon_multi_07,port_scan,generator_ground_truth,docker_multihost,76,1,76,6.2479,125,0.0836,0.5826
recon_multi_07__recon_12,1,1789360750.4506881,real,recon_multi_07,port_scan,generator_ground_truth,docker_multihost,76,1,76,6.2479,125,0.0836,0.5826
recon_multi_07__recon_12,1,1789360750.6006882,real,recon_multi_07,port_scan,generator_ground_truth,docker_multihost,76,1,76,6.2479,125,0.0836,0.5826
recon_multi_07__recon_12,1,1789360750.7506883,real,recon_multi_07,port_scan,generator_ground_truth,docker_multihost,76,1,76,6.2479,125,0.0836,0.5826
recon_multi_07__recon_12,1,1789360750.9006884,real,recon_multi_07,port_scan,generator_ground_truth,docker_multihost,76,1,76,6.2479,125,0.0836,0.5826
recon_multi_07__recon_12,1,1789360751.0506885,real,recon_multi_07,port_scan,generator_ground_truth,docker_multihost,76,1,76,6.2479,125,0.0836,0.5826
recon_multi_07__recon_12,1,1789360751.2006886,real,recon_multi_07,port_scan,generator_ground_truth,docker_multihost,76,1,76,6.2479,125,0.0836,0.5826
recon_multi_07__recon_12,1,1789360751.3506887,real,recon_multi_07,port_scan,generator_ground_truth,docker_multihost,76,1,76,6.2479,125,0.0836,0.5826
recon_multi_07__recon_12,1,1789360751.5006888,real,recon_multi_07,port_scan,generator_ground_truth,docker_multihost,76,1,76,6.2479,125,0.0836,0.5826
recon_multi_07__recon_12,1,1789360751.650689,real,recon_multi_07,port_scan,generator_ground_truth,docker_multihost,76,1,76,6.2479,125,0.0836,0.5826
recon_multi_07__recon_12,1,1789360751.800689,real,recon_multi_07,port_scan,generator_ground_truth,docker_multihost,76,1,76,6.2479,125,0.0836,0.5826
recon_multi_07__recon_12,1,1789360751.950689,real,recon_multi_07,port_scan,generator_ground_truth,docker_multihost,76,1,76,6.2479,125,0.0836,0.5826
recon_multi_07__recon_12,1,1789360752.1006892,real,recon_multi_07,port_scan,generator_ground_truth,docker_multihost,76,1,76,6.2479,125,0.0836,0.5826
recon_multi_07__recon_12,1,1789360752.2506893,real,recon_multi_07,port_scan,generator_ground_truth,docker_multihost,76,1,76,6.2479,125,0.0836,0.5826
recon_multi_07__recon_12,1,1789360752.4006894,real,recon_multi_07,port_scan,generator_ground_truth,docker_multihost,76,1,76,6.2479,125,0.0836,0.5826
recon_multi_07__recon_12,1,1789360752.5506895,real,recon_multi_07,port_scan,generator_ground_truth,docker_multihost,76,1,76,6.2479,125,0.0836,0.5826
recon_multi_07__recon_12,1,1789360752.7006896,real,recon_multi_07,port_scan,generator_ground_truth,docker_multihost,76,1,76,6.2479,125,0.0836,0.5826
recon_multi_07__recon_12,1,1789360752.8506896,real,recon_multi_07,port_scan,generator_ground_truth,docker_multihost,76,1,76,6.2479,125,0.0836,0.5826
recon_multi_07__recon_12,1,1789360753.0006897,real,recon_multi_07,port_scan,generator_ground_truth,docker_multihost,76,1,76,6.2479,125,0.0836,0.5826
recon_multi_07__recon_12,1,1789360753.1506898,real,recon_multi_07,port_scan,generator_ground_truth,docker_multihost,76,1,76,6.2479,125,0.0836,0.5826
recon_multi_07__recon_12,1,1789360753.30069,real,recon_multi_07,port_scan,generator_ground_truth,docker_multihost,76,1,76,6.2479,125,0.0836,0.5826
recon_multi_07__recon_12,1,1789360753.45069,real,recon_multi_07,port_scan,generator_ground_truth,docker_multihost,76,1,76,6.2479,125,0.0836,0.5826
recon_multi_07__recon_12,1,1789360753.6006901,real,recon_multi_07,port_scan,generator_ground_truth,docker_multihost,76,1,76,6.2479,125,0.0836,0.5826
recon_multi_07__recon_12,1,1789360753.7506902,real,recon_multi_07,port_scan,generator_ground_truth,docker_multihost,76,1,76,6.2479,125,0.0836,0.5826
recon_multi_07__recon_12,1,1789360753.9006903,real,recon_multi_07,port_scan,generator_ground_truth,docker_multihost,76,1,76,6.2479,125,0.0836,0.5826
recon_multi_07__recon_12,1,1789360754.0506904,real,recon_multi_07,port_scan,generator_ground_truth,docker_multihost,76,1,76,6.2479,125,0.0836,0.5826
recon_multi_07__recon_12,1,1789360754.2006905,real,recon_multi_07,port_scan,generator_ground_truth,docker_multihost,76,1,76,6.2479,125,0.0836,0.5826
recon_multi_07__recon_12,1,1789360754.3506906,real,recon_multi_07,port_scan,generator_ground_truth,docker_multihost,76,1,76,6.2479,125,0.0836,0.5826
recon_multi_07__recon_12,1,1789360754.5006907,real,recon_multi_07,port_scan,generator_ground_truth,docker_multihost,76,1,76,6.2479,125,0.0836,0.5826
recon_multi_07__recon_12,1,1789360754.6506908,real,recon_multi_07,port_scan,generator_ground_truth,docker_multihost,83,1,83,6.375,186,0.1481,0.8378
recon_multi_07__recon_12,1,1789360754.800691,real,recon_multi_07,port_scan,generator_ground_truth,docker_multihost,92,1,92,6.5236,186,0.135,0.7963
recon_multi_07__recon_12,1,1789360754.950691,real,recon_multi_07,port_scan,generator_ground_truth,docker_multihost,101,1,102,6.6528,187,0.1232,0.7567
recon_multi_07__recon_12,1,1789360755.100691,real,recon_multi_07,port_scan,generator_ground_truth,docker_multihost,110,1,111,6.7764,187,0.1144,0.7257
recon_multi_07__recon_12,1,1789360755.2506912,real,recon_multi_07,port_scan,generator_ground_truth,docker_multihost,120,1,121,6.9023,192,0.1062,0.6953
recon_multi_07__recon_12,1,1789360755.4006913,real,recon_multi_07,port_scan,generator_ground_truth,docker_multihost,129,1,130,7.007,192,0.0999,0.671
recon_multi_07__recon_12,1,1789360755.5506914,real,recon_multi_07,port_scan,generator_ground_truth,docker_multihost,139,1,140,7.115,192,0.0939,0.6468
recon_multi_07__recon_12,1,1789360755.7006915,real,recon_multi_07,port_scan,generator_ground_truth,docker_multihost,143,1,144,7.156,192,0.0917,0.6378
recon_multi_07__recon_12,1,1789360755.8506916,real,recon_multi_07,port_scan,generator_ground_truth,docker_multihost,143,1,144,7.156,192,0.0917,0.6378
recon_multi_07__recon_12,1,1789360756.0006917,real,recon_multi_07,port_scan,generator_ground_truth,docker_multihost,143,1,144,7.156,192,0.0917,0.6378
recon_multi_07__recon_12,1,1789360756.1506917,real,recon_multi_07,port_scan,generator_ground_truth,docker_multihost,143,1,144,7.156,192,0.0917,0.6378
recon_multi_07__recon_12,1,1789360756.3006918,real,recon_multi_07,port_scan,generator_ground_truth,docker_multihost,143,1,144,7.156,192,0.0917,0.6378
recon_multi_07__recon_12,1,1789360756.450692,real,recon_multi_07,port_scan,generator_ground_truth,docker_multihost,143,1,144,7.156,192,0.0917,0.6378
recon_multi_07__recon_12,1,1789360756.600692,real,recon_multi_07,port_scan,generator_ground_truth,docker_multihost,143,1,144,7.156,192,0.0917,0.6378
recon_multi_07__recon_12,1,1789360756.7506921,real,recon_multi_07,port_scan,generator_ground_truth,docker_multihost,143,1,144,7.156,192,0.0917,0.6378
recon_multi_07__recon_12,1,1789360756.9006922,real,recon_multi_07,port_scan,generator_ground_truth,docker_multihost,143,1,144,7.156,192,0.0917,0.6378
recon_multi_07__recon_12,1,1789360757.0506923,real,recon_multi_07,port_scan,generator_ground_truth,docker_multihost,143,1,144,7.156,192,0.0917,0.6378
recon_multi_07__recon_12,1,1789360757.2006924,real,recon_multi_07,port_scan,generator_ground_truth,docker_multihost,143,1,144,7.156,192,0.0917,0.6378
recon_multi_07__recon_12,1,1789360757.3506925,real,recon_multi_07,port_scan,generator_ground_truth,docker_multihost,143,1,144,7.156,192,0.0917,0.6378
recon_multi_07__recon_12,1,1789360757.5006926,real,recon_multi_07,port_scan,generator_ground_truth,docker_multihost,143,1,144,7.156,192,0.0917,0.6378
recon_multi_07__recon_12,1,1789360757.6506927,real,recon_multi_07,port_scan,generator_ground_truth,docker_multihost,143,1,144,7.156,192,0.0917,0.6378
recon_multi_07__recon_12,1,1789360757.8006928,real,recon_multi_07,port_scan,generator_ground_truth,docker_multihost,143,1,144,7.156,192,0.0917,0.6378
recon_multi_07__recon_12,1,1789360757.950693,real,recon_multi_07,port_scan,generator_ground_truth,docker_multihost,143,1,144,7.156,192,0.0917,0.6378
recon_multi_07__recon_12,1,1789360758.100693,real,recon_multi_07,port_scan,generator_ground_truth,docker_multihost,143,1,144,7.156,192,0.0917,0.6378
recon_multi_07__recon_12,1,1789360758.250693,real,recon_multi_07,port_scan,generator_ground_truth,docker_multihost,143,1,144,7.156,192,0.0917,0.6378
recon_multi_07__recon_12,1,1789360758.4006932,real,recon_multi_07,port_scan,generator_ground_truth,docker_multihost,143,1,144,7.156,192,0.0917,0.6378
recon_multi_07__recon_12,1,1789360758.5506933,real,recon_multi_07,port_scan,generator_ground_truth,docker_multihost,143,1,144,7.156,192,0.0917,0.6378
recon_multi_07__recon_12,1,1789360758.7006934,real,recon_multi_07,port_scan,generator_ground_truth,docker_multihost,143,1,144,7.156,192,0.0917,0.6378
recon_multi_07__recon_12,1,1789360758.8506935,real,recon_multi_07,port_scan,generator_ground_truth,docker_multihost,143,1,144,7.156,192,0.0917,0.6378
recon_multi_07__recon_12,1,1789360759.0006936,real,recon_multi_07,port_scan,generator_ground_truth,docker_multihost,143,1,144,7.156,192,0.0917,0.6378
recon_multi_07__recon_12,1,1789360759.1506937,real,recon_multi_07,port_scan,generator_ground_truth,docker_multihost,143,1,144,7.156,192,0.0917,0.6378
recon_multi_07__recon_12,1,1789360759.3006938,real,recon_multi_07,port_scan,generator_ground_truth,docker_multihost,143,1,144,7.156,192,0.0917,0.6378
recon_multi_07__recon_12,1,1789360759.4506938,real,recon_multi_07,port_scan,generator_ground_truth,docker_multihost,143,1,144,7.156,192,0.0917,0.6378
recon_multi_07__recon_12,1,1789360759.600694,real,recon_multi_07,port_scan,generator_ground_truth,docker_multihost,143,1,144,7.156,192,0.0917,0.6378
recon_multi_07__recon_12,1,1789360759.750694,real,recon_multi_07,port_scan,generator_ground_truth,docker_multihost,143,1,144,7.156,192,0.0917,0.6378
recon_multi_07__recon_12,1,1789360759.9006941,real,recon_multi_07,port_scan,generator_ground_truth,docker_multihost,143,1,144,7.156,192,0.0917,0.6378
recon_multi_07__recon_12,1,1789360760.0506942,real,recon_multi_07,port_scan,generator_ground_truth,docker_multihost,143,1,144,7.156,192,0.0917,0.6378
recon_multi_07__recon_12,1,1789360760.2006943,real,recon_multi_07,port_scan,generator_ground_truth,docker_multihost,143,1,144,7.156,192,0.0917,0.6378
recon_multi_07__recon_12,1,1789360760.3506944,real,recon_multi_07,port_scan,generator_ground_truth,docker_multihost,143,1,144,7.156,192,0.0917,0.6378
recon_multi_07__recon_12,1,1789360760.5006945,real,recon_multi_07,port_scan,generator_ground_truth,docker_multihost,143,1,144,7.156,192,0.0917,0.6378
recon_multi_07__recon_12,1,1789360760.6506946,real,recon_multi_07,port_scan,generator_ground_truth,docker_multihost,143,1,144,7.156,192,0.0917,0.6378
recon_multi_07__recon_12,1,1789360760.8006947,real,recon_multi_07,port_scan,generator_ground_truth,docker_multihost,146,1,147,7.1861,250,0.1252,0.7563
recon_multi_07__benign_13,0,1789360763.586596,real,recon_multi_07,,generator_ground_truth,docker_multihost,1,1,1,-0.0,0,0.0,0.0
recon_multi_07__benign_13,0,1789360763.736596,real,recon_multi_07,,generator_ground_truth,docker_multihost,1,1,1,-0.0,0,0.0,0.0
recon_multi_07__benign_13,0,1789360763.8865962,real,recon_multi_07,,generator_ground_truth,docker_multihost,1,1,1,-0.0,0,0.0,0.0
recon_multi_07__benign_13,0,1789360764.0365963,real,recon_multi_07,,generator_ground_truth,docker_multihost,1,1,1,-0.0,0,0.0,0.0
recon_multi_07__benign_13,0,1789360764.1865964,real,recon_multi_07,,generator_ground_truth,docker_multihost,1,1,1,-0.0,0,0.0,0.0
recon_multi_07__benign_13,0,1789360764.3365965,real,recon_multi_07,,generator_ground_truth,docker_multihost,1,1,1,-0.0,0,0.0,0.0
recon_multi_07__benign_13,0,1789360764.4865966,real,recon_multi_07,,generator_ground_truth,docker_multihost,2,1,2,1.0,25,0.9289,0.0
recon_multi_07__benign_13,0,1789360764.6365967,real,recon_multi_07,,generator_ground_truth,docker_multihost,2,1,2,1.0,25,0.9289,0.0
recon_multi_07__benign_13,0,1789360764.7865968,real,recon_multi_07,,generator_ground_truth,docker_multihost,2,1,2,1.0,25,0.9289,0.0
recon_multi_07__benign_13,0,1789360764.9365969,real,recon_multi_07,,generator_ground_truth,docker_multihost,2,1,2,1.0,25,0.9289,0.0
recon_multi_07__benign_13,0,1789360765.086597,real,recon_multi_07,,generator_ground_truth,docker_multihost,2,1,2,1.0,25,0.9289,0.0
recon_multi_07__benign_13,0,1789360765.236597,real,recon_multi_07,,generator_ground_truth,docker_multihost,2,1,2,1.0,25,0.9289,0.0
recon_multi_07__benign_13,0,1789360765.3865972,real,recon_multi_07,,generator_ground_truth,docker_multihost,2,1,3,0.9183,25,0.9062,0.0227
recon_multi_07__benign_13,0,1789360765.5365973,real,recon_multi_07,,generator_ground_truth,docker_multihost,2,1,3,0.9183,25,0.9062,0.0227
recon_multi_07__benign_13,0,1789360765.6865973,real,recon_multi_07,,generator_ground_truth,docker_multihost,2,1,3,0.9183,25,0.9062,0.0227
recon_multi_07__benign_13,0,1789360765.8365974,real,recon_multi_07,,generator_ground_truth,docker_multihost,2,1,3,0.9183,25,0.9062,0.0227
recon_multi_07__benign_13,0,1789360765.9865975,real,recon_multi_07,,generator_ground_truth,docker_multihost,2,1,4,1.0,25,0.8345,0.1032
recon_multi_07__benign_13,0,1789360766.1365976,real,recon_multi_07,,generator_ground_truth,docker_multihost,2,1,4,1.0,25,0.8345,0.1032
recon_multi_07__benign_13,0,1789360766.2865977,real,recon_multi_07,,generator_ground_truth,docker_multihost,2,1,4,1.0,25,0.8345,0.1032
recon_multi_07__benign_13,0,1789360766.4365978,real,recon_multi_07,,generator_ground_truth,docker_multihost,2,1,4,1.0,25,0.8345,0.1032
recon_multi_07__benign_13,0,1789360766.586598,real,recon_multi_07,,generator_ground_truth,docker_multihost,2,1,5,0.971,25,0.7518,0.1688
recon_multi_07__benign_13,0,1789360766.736598,real,recon_multi_07,,generator_ground_truth,docker_multihost,2,1,5,0.971,25,0.7518,0.1688
recon_multi_07__benign_13,0,1789360766.886598,real,recon_multi_07,,generator_ground_truth,docker_multihost,2,1,5,0.971,25,0.7518,0.1688
recon_multi_07__benign_13,0,1789360767.0365982,real,recon_multi_07,,generator_ground_truth,docker_multihost,2,1,5,0.971,25,0.7518,0.1688
recon_multi_07__benign_13,0,1789360767.1865983,real,recon_multi_07,,generator_ground_truth,docker_multihost,2,1,6,1.0,25,0.7367,0.1539
recon_multi_07__benign_13,0,1789360767.3365984,real,recon_multi_07,,generator_ground_truth,docker_multihost,2,1,6,1.0,25,0.7367,0.1539
recon_multi_07__benign_13,0,1789360767.4865985,real,recon_multi_07,,generator_ground_truth,docker_multihost,2,1,6,1.0,25,0.7367,0.1539
recon_multi_07__benign_13,0,1789360767.6365986,real,recon_multi_07,,generator_ground_truth,docker_multihost,2,1,6,1.0,25,0.7367,0.1539
recon_multi_07__benign_13,0,1789360767.7865987,real,recon_multi_07,,generator_ground_truth,docker_multihost,2,1,6,1.0,25,0.7367,0.1539
recon_multi_07__benign_13,0,1789360767.9365988,real,recon_multi_07,,generator_ground_truth,docker_multihost,2,1,6,1.0,25,0.7367,0.1539
recon_multi_07__benign_13,0,1789360768.0865989,real,recon_multi_07,,generator_ground_truth,docker_multihost,2,1,7,0.9852,25,0.7601,0.15
recon_multi_07__benign_13,0,1789360768.236599,real,recon_multi_07,,generator_ground_truth,docker_multihost,2,1,7,0.9852,25,0.7601,0.15
recon_multi_07__benign_13,0,1789360768.386599,real,recon_multi_07,,generator_ground_truth,docker_multihost,2,1,7,0.9852,25,0.7601,0.15
recon_multi_07__benign_13,0,1789360768.5365992,real,recon_multi_07,,generator_ground_truth,docker_multihost,2,1,7,0.9852,25,0.7601,0.15
recon_multi_07__benign_13,0,1789360768.6865993,real,recon_multi_07,,generator_ground_truth,docker_multihost,2,1,7,0.9852,25,0.7601,0.15
recon_multi_07__benign_13,0,1789360768.8365993,real,recon_multi_07,,generator_ground_truth,docker_multihost,2,1,7,0.9852,25,0.7601,0.15
recon_multi_07__benign_13,0,1789360768.9865994,real,recon_multi_07,,generator_ground_truth,docker_multihost,2,1,8,1.0,25,0.784,0.1507
recon_multi_07__benign_13,0,1789360769.1365995,real,recon_multi_07,,generator_ground_truth,docker_multihost,2,1,8,1.0,25,0.784,0.1507
recon_multi_07__benign_13,0,1789360769.2865996,real,recon_multi_07,,generator_ground_truth,docker_multihost,2,1,8,1.0,25,0.784,0.1507
recon_multi_07__benign_13,0,1789360769.4365997,real,recon_multi_07,,generator_ground_truth,docker_multihost,2,1,8,1.0,25,0.784,0.1507
recon_multi_07__benign_13,0,1789360769.5865998,real,recon_multi_07,,generator_ground_truth,docker_multihost,2,1,8,1.0,25,0.784,0.1507
recon_multi_07__benign_13,0,1789360769.7366,real,recon_multi_07,,generator_ground_truth,docker_multihost,2,1,8,1.0,25,0.784,0.1507
recon_multi_07__benign_13,0,1789360769.8866,real,recon_multi_07,,generator_ground_truth,docker_multihost,2,1,8,1.0,25,0.784,0.1507
recon_multi_07__benign_13,0,1789360770.0366,real,recon_multi_07,,generator_ground_truth,docker_multihost,2,1,9,0.9911,25,0.8081,0.1547
recon_multi_07__benign_13,0,1789360770.1866002,real,recon_multi_07,,generator_ground_truth,docker_multihost,2,1,9,0.9911,25,0.8081,0.1547
recon_multi_07__benign_13,0,1789360770.3366003,real,recon_multi_07,,generator_ground_truth,docker_multihost,2,1,9,0.9911,25,0.8081,0.1547
recon_multi_07__benign_13,0,1789360770.4866004,real,recon_multi_07,,generator_ground_truth,docker_multihost,2,1,9,0.9911,25,0.8081,0.1547
recon_multi_07__benign_13,0,1789360770.6366005,real,recon_multi_07,,generator_ground_truth,docker_multihost,2,1,9,0.9911,25,0.8081,0.1547
recon_multi_07__benign_13,0,1789360770.7866006,real,recon_multi_07,,generator_ground_truth,docker_multihost,2,1,10,1.0,25,0.7972,0.1491
recon_multi_07__benign_13,0,1789360770.9366007,real,recon_multi_07,,generator_ground_truth,docker_multihost,2,1,10,1.0,25,0.7972,0.1491
recon_multi_07__benign_13,0,1789360771.0866008,real,recon_multi_07,,generator_ground_truth,docker_multihost,2,1,10,1.0,25,0.7972,0.1491
recon_multi_07__benign_13,0,1789360771.2366009,real,recon_multi_07,,generator_ground_truth,docker_multihost,2,1,10,1.0,25,0.7972,0.1491
recon_multi_07__benign_13,0,1789360771.386601,real,recon_multi_07,,generator_ground_truth,docker_multihost,2,1,10,1.0,25,0.7972,0.1491
recon_multi_07__benign_13,0,1789360771.536601,real,recon_multi_07,,generator_ground_truth,docker_multihost,2,1,11,0.994,25,0.8049,0.1433
recon_multi_07__benign_13,0,1789360771.6866012,real,recon_multi_07,,generator_ground_truth,docker_multihost,2,1,11,0.994,25,0.8049,0.1433
recon_multi_07__benign_13,0,1789360771.8366013,real,recon_multi_07,,generator_ground_truth,docker_multihost,2,1,11,0.994,25,0.8049,0.1433
recon_multi_07__benign_13,0,1789360771.9866014,real,recon_multi_07,,generator_ground_truth,docker_multihost,2,1,11,0.994,25,0.8049,0.1433
recon_multi_07__benign_13,0,1789360772.1366014,real,recon_multi_07,,generator_ground_truth,docker_multihost,2,1,11,0.994,25,0.8049,0.1433
recon_multi_07__benign_13,0,1789360772.2866015,real,recon_multi_07,,generator_ground_truth,docker_multihost,2,1,11,0.994,25,0.8049,0.1433
recon_multi_07__benign_13,0,1789360772.4366016,real,recon_multi_07,,generator_ground_truth,docker_multihost,2,1,12,1.0,25,0.8021,0.137
recon_multi_07__benign_13,0,1789360772.5866017,real,recon_multi_07,,generator_ground_truth,docker_multihost,2,1,12,1.0,25,0.8021,0.137
recon_multi_07__benign_13,0,1789360772.7366018,real,recon_multi_07,,generator_ground_truth,docker_multihost,2,1,12,1.0,25,0.8021,0.137
recon_multi_07__benign_13,0,1789360772.886602,real,recon_multi_07,,generator_ground_truth,docker_multihost,2,1,12,1.0,25,0.8021,0.137
recon_multi_07__benign_13,0,1789360773.036602,real,recon_multi_07,,generator_ground_truth,docker_multihost,2,1,12,1.0,25,0.8021,0.137
recon_multi_07__benign_13,0,1789360773.186602,real,recon_multi_07,,generator_ground_truth,docker_multihost,2,1,13,0.9957,25,0.8021,0.1311
recon_multi_07__benign_13,0,1789360773.3366022,real,recon_multi_07,,generator_ground_truth,docker_multihost,2,1,13,0.9957,25,0.8021,0.1311
recon_multi_07__benign_13,0,1789360773.4866023,real,recon_multi_07,,generator_ground_truth,docker_multihost,2,1,13,0.9957,25,0.8021,0.1311
recon_multi_07__benign_13,0,1789360773.6366024,real,recon_multi_07,,generator_ground_truth,docker_multihost,2,1,13,0.9957,25,0.8021,0.1311
recon_multi_07__benign_13,0,1789360773.7866025,real,recon_multi_07,,generator_ground_truth,docker_multihost,2,1,14,1.0,25,0.7874,0.1359
recon_multi_07__benign_13,0,1789360773.9366026,real,recon_multi_07,,generator_ground_truth,docker_multihost,2,1,14,1.0,25,0.7874,0.1359
recon_multi_07__benign_13,0,1789360774.0866027,real,recon_multi_07,,generator_ground_truth,docker_multihost,2,1,14,1.0,25,0.7874,0.1359
recon_multi_07__benign_13,0,1789360774.2366028,real,recon_multi_07,,generator_ground_truth,docker_multihost,2,1,14,1.0,25,0.7874,0.1359
recon_multi_07__benign_13,0,1789360774.3866029,real,recon_multi_07,,generator_ground_truth,docker_multihost,2,1,15,0.9968,25,0.7747,0.1387
recon_multi_07__benign_13,0,1789360774.536603,real,recon_multi_07,,generator_ground_truth,docker_multihost,2,1,15,0.9968,25,0.7747,0.1387
recon_multi_07__benign_13,0,1789360774.686603,real,recon_multi_07,,generator_ground_truth,docker_multihost,2,1,15,0.9968,25,0.7747,0.1387
recon_multi_07__benign_13,0,1789360774.8366032,real,recon_multi_07,,generator_ground_truth,docker_multihost,2,1,15,0.9968,25,0.7747,0.1387
recon_multi_07__benign_13,0,1789360774.9866033,real,recon_multi_07,,generator_ground_truth,docker_multihost,2,1,15,0.9968,25,0.7747,0.1387
recon_multi_07__benign_13,0,1789360775.1366034,real,recon_multi_07,,generator_ground_truth,docker_multihost,2,1,16,1.0,25,0.771,0.1347
recon_multi_07__benign_13,0,1789360775.2866035,real,recon_multi_07,,generator_ground_truth,docker_multihost,2,1,16,1.0,25,0.771,0.1347
recon_multi_07__benign_13,0,1789360775.4366035,real,recon_multi_07,,generator_ground_truth,docker_multihost,2,1,16,1.0,25,0.771,0.1347
recon_multi_07__benign_13,0,1789360775.5866036,real,recon_multi_07,,generator_ground_truth,docker_multihost,2,1,17,0.9975,25,0.755,0.1444
recon_multi_07__benign_13,0,1789360775.7366037,real,recon_multi_07,,generator_ground_truth,docker_multihost,2,1,17,0.9975,25,0.755,0.1444
recon_multi_07__benign_13,0,1789360775.8866038,real,recon_multi_07,,generator_ground_truth,docker_multihost,2,1,17,0.9975,25,0.755,0.1444
recon_multi_07__benign_13,0,1789360776.036604,real,recon_multi_07,,generator_ground_truth,docker_multihost,2,1,17,0.9975,25,0.755,0.1444
recon_multi_07__benign_13,0,1789360776.186604,real,recon_multi_07,,generator_ground_truth,docker_multihost,2,1,17,0.9975,25,0.755,0.1444
recon_multi_07__benign_13,0,1789360776.336604,real,recon_multi_07,,generator_ground_truth,docker_multihost,2,1,18,1.0,25,0.7499,0.1416
recon_multi_07__benign_13,0,1789360776.4866042,real,recon_multi_07,,generator_ground_truth,docker_multihost,2,1,18,1.0,25,0.7499,0.1416
recon_multi_07__benign_13,0,1789360776.6366043,real,recon_multi_07,,generator_ground_truth,docker_multihost,2,1,18,1.0,25,0.7499,0.1416
recon_multi_07__benign_13,0,1789360776.7866044,real,recon_multi_07,,generator_ground_truth,docker_multihost,2,1,18,1.0,25,0.7499,0.1416
recon_multi_07__benign_13,0,1789360776.9366045,real,recon_multi_07,,generator_ground_truth,docker_multihost,2,1,18,1.0,25,0.7499,0.1416
recon_multi_07__benign_13,0,1789360777.0866046,real,recon_multi_07,,generator_ground_truth,docker_multihost,2,1,19,0.998,25,0.7549,0.1391
recon_multi_07__benign_13,0,1789360777.2366047,real,recon_multi_07,,generator_ground_truth,docker_multihost,2,1,19,0.998,25,0.7549,0.1391
recon_multi_07__benign_13,0,1789360777.3866048,real,recon_multi_07,,generator_ground_truth,docker_multihost,2,1,19,0.998,25,0.7549,0.1391
recon_multi_07__benign_13,0,1789360777.536605,real,recon_multi_07,,generator_ground_truth,docker_multihost,2,1,19,0.998,25,0.7549,0.1391
recon_multi_07__benign_13,0,1789360777.686605,real,recon_multi_07,,generator_ground_truth,docker_multihost,2,1,19,0.998,25,0.7549,0.1391
recon_multi_07__benign_13,0,1789360777.836605,real,recon_multi_07,,generator_ground_truth,docker_multihost,2,1,20,1.0,25,0.7522,0.1359
recon_multi_07__benign_13,0,1789360777.9866052,real,recon_multi_07,,generator_ground_truth,docker_multihost,2,1,20,1.0,25,0.7522,0.1359
recon_multi_07__benign_13,0,1789360778.1366053,real,recon_multi_07,,generator_ground_truth,docker_multihost,2,1,20,1.0,25,0.7522,0.1359
recon_multi_07__benign_13,0,1789360778.2866054,real,recon_multi_07,,generator_ground_truth,docker_multihost,2,1,20,1.0,25,0.7522,0.1359
recon_multi_07__benign_13,0,1789360778.4366055,real,recon_multi_07,,generator_ground_truth,docker_multihost,2,1,21,0.9984,25,0.7437,0.1375
recon_multi_07__benign_13,0,1789360778.5866055,real,recon_multi_07,,generator_ground_truth,docker_multihost,2,1,21,0.9984,25,0.7437,0.1375
recon_multi_07__benign_13,0,1789360778.7366056,real,recon_multi_07,,generator_ground_truth,docker_multihost,2,1,21,0.9984,25,0.7437,0.1375
recon_multi_07__benign_13,0,1789360778.8866057,real,recon_multi_07,,generator_ground_truth,docker_multihost,2,1,21,0.9984,25,0.7437,0.1375
recon_multi_07__benign_13,0,1789360779.0366058,real,recon_multi_07,,generator_ground_truth,docker_multihost,2,1,21,0.9984,25,0.7437,0.1375
recon_multi_07__benign_13,0,1789360779.186606,real,recon_multi_07,,generator_ground_truth,docker_multihost,2,1,22,1.0,25,0.7432,0.1342
recon_multi_07__benign_13,0,1789360779.336606,real,recon_multi_07,,generator_ground_truth,docker_multihost,2,1,22,1.0,25,0.7432,0.1342
recon_multi_07__recon_13,1,1789360786.8621733,real,recon_multi_07,port_scan,generator_ground_truth,docker_multihost,2,1,2,1.0,7,0.0168,0.0
recon_multi_07__recon_13,1,1789360787.0121734,real,recon_multi_07,port_scan,generator_ground_truth,docker_multihost,10,1,10,3.3219,18,0.0167,0.0001
recon_multi_07__recon_13,1,1789360787.1621735,real,recon_multi_07,port_scan,generator_ground_truth,docker_multihost,20,1,20,4.3219,19,0.0167,0.0003
recon_multi_07__recon_13,1,1789360787.3121736,real,recon_multi_07,port_scan,generator_ground_truth,docker_multihost,20,1,20,4.3219,19,0.0167,0.0003
recon_multi_07__recon_13,1,1789360787.4621737,real,recon_multi_07,port_scan,generator_ground_truth,docker_multihost,20,1,20,4.3219,19,0.0167,0.0003
recon_multi_07__recon_13,1,1789360787.6121738,real,recon_multi_07,port_scan,generator_ground_truth,docker_multihost,20,1,20,4.3219,19,0.0167,0.0003
recon_multi_07__recon_13,1,1789360787.762174,real,recon_multi_07,port_scan,generator_ground_truth,docker_multihost,20,1,20,4.3219,19,0.0167,0.0003
recon_multi_07__recon_13,1,1789360787.912174,real,recon_multi_07,port_scan,generator_ground_truth,docker_multihost,20,1,20,4.3219,19,0.0167,0.0003
recon_multi_07__recon_13,1,1789360788.062174,real,recon_multi_07,port_scan,generator_ground_truth,docker_multihost,20,1,20,4.3219,19,0.0167,0.0003
recon_multi_07__recon_13,1,1789360788.2121742,real,recon_multi_07,port_scan,generator_ground_truth,docker_multihost,20,1,20,4.3219,19,0.0167,0.0003
recon_multi_07__recon_13,1,1789360788.3621743,real,recon_multi_07,port_scan,generator_ground_truth,docker_multihost,20,1,20,4.3219,19,0.0167,0.0003
recon_multi_07__recon_13,1,1789360788.5121744,real,recon_multi_07,port_scan,generator_ground_truth,docker_multihost,20,1,20,4.3219,19,0.0167,0.0003
recon_multi_07__recon_13,1,1789360788.6621745,real,recon_multi_07,port_scan,generator_ground_truth,docker_multihost,20,1,20,4.3219,19,0.0167,0.0003
recon_multi_07__recon_13,1,1789360788.8121746,real,recon_multi_07,port_scan,generator_ground_truth,docker_multihost,20,1,20,4.3219,19,0.0167,0.0003
recon_multi_07__recon_13,1,1789360788.9621747,real,recon_multi_07,port_scan,generator_ground_truth,docker_multihost,20,1,20,4.3219,19,0.0167,0.0003
recon_multi_07__recon_13,1,1789360789.1121747,real,recon_multi_07,port_scan,generator_ground_truth,docker_multihost,20,1,20,4.3219,19,0.0167,0.0003
recon_multi_07__recon_13,1,1789360789.2621748,real,recon_multi_07,port_scan,generator_ground_truth,docker_multihost,20,1,20,4.3219,19,0.0167,0.0003
recon_multi_07__recon_13,1,1789360789.412175,real,recon_multi_07,port_scan,generator_ground_truth,docker_multihost,20,1,20,4.3219,19,0.0167,0.0003
recon_multi_07__recon_13,1,1789360789.562175,real,recon_multi_07,port_scan,generator_ground_truth,docker_multihost,20,1,20,4.3219,19,0.0167,0.0003
recon_multi_07__recon_13,1,1789360789.7121751,real,recon_multi_07,port_scan,generator_ground_truth,docker_multihost,20,1,20,4.3219,19,0.0167,0.0003
recon_multi_07__recon_13,1,1789360789.8621752,real,recon_multi_07,port_scan,generator_ground_truth,docker_multihost,20,1,20,4.3219,19,0.0167,0.0003
recon_multi_07__recon_13,1,1789360790.0121753,real,recon_multi_07,port_scan,generator_ground_truth,docker_multihost,20,1,20,4.3219,19,0.0167,0.0003
recon_multi_07__recon_13,1,1789360790.1621754,real,recon_multi_07,port_scan,generator_ground_truth,docker_multihost,20,1,20,4.3219,19,0.0167,0.0003
recon_multi_07__recon_13,1,1789360790.3121755,real,recon_multi_07,port_scan,generator_ground_truth,docker_multihost,20,1,20,4.3219,19,0.0167,0.0003
recon_multi_07__recon_13,1,1789360790.4621756,real,recon_multi_07,port_scan,generator_ground_truth,docker_multihost,20,1,20,4.3219,19,0.0167,0.0003
recon_multi_07__recon_13,1,1789360790.6121757,real,recon_multi_07,port_scan,generator_ground_truth,docker_multihost,20,1,20,4.3219,19,0.0167,0.0003
recon_multi_07__recon_13,1,1789360790.7621758,real,recon_multi_07,port_scan,generator_ground_truth,docker_multihost,20,1,20,4.3219,19,0.0167,0.0003
recon_multi_07__recon_13,1,1789360790.912176,real,recon_multi_07,port_scan,generator_ground_truth,docker_multihost,20,1,20,4.3219,19,0.0167,0.0003
recon_multi_07__recon_13,1,1789360791.062176,real,recon_multi_07,port_scan,generator_ground_truth,docker_multihost,20,1,20,4.3219,19,0.0167,0.0003
recon_multi_07__recon_13,1,1789360791.212176,real,recon_multi_07,port_scan,generator_ground_truth,docker_multihost,20,1,20,4.3219,19,0.0167,0.0003
recon_multi_07__recon_13,1,1789360791.3621762,real,recon_multi_07,port_scan,generator_ground_truth,docker_multihost,20,1,20,4.3219,19,0.0167,0.0003
recon_multi_07__recon_13,1,1789360791.5121763,real,recon_multi_07,port_scan,generator_ground_truth,docker_multihost,20,1,20,4.3219,19,0.0167,0.0003
recon_multi_07__recon_13,1,1789360791.6621764,real,recon_multi_07,port_scan,generator_ground_truth,docker_multihost,20,1,20,4.3219,19,0.0167,0.0003
recon_multi_07__recon_13,1,1789360791.8121765,real,recon_multi_07,port_scan,generator_ground_truth,docker_multihost,20,1,20,4.3219,19,0.0167,0.0003
recon_multi_07__recon_13,1,1789360791.9621766,real,recon_multi_07,port_scan,generator_ground_truth,docker_multihost,20,1,20,4.3219,19,0.0167,0.0003
recon_multi_07__recon_13,1,1789360792.1121767,real,recon_multi_07,port_scan,generator_ground_truth,docker_multihost,20,1,20,4.3219,19,0.0167,0.0003
recon_multi_07__recon_13,1,1789360792.2621768,real,recon_multi_07,port_scan,generator_ground_truth,docker_multihost,20,1,20,4.3219,19,0.0167,0.0003
recon_multi_07__recon_13,1,1789360792.4121768,real,recon_multi_07,port_scan,generator_ground_truth,docker_multihost,20,1,20,4.3219,19,0.0167,0.0003
recon_multi_07__recon_13,1,1789360792.562177,real,recon_multi_07,port_scan,generator_ground_truth,docker_multihost,20,1,20,4.3219,19,0.0167,0.0003
recon_multi_07__recon_13,1,1789360792.712177,real,recon_multi_07,port_scan,generator_ground_truth,docker_multihost,20,1,20,4.3219,19,0.0167,0.0003
recon_multi_07__recon_13,1,1789360792.8621771,real,recon_multi_07,port_scan,generator_ground_truth,docker_multihost,20,1,20,4.3219,19,0.0167,0.0003
recon_multi_07__recon_13,1,1789360793.0121772,real,recon_multi_07,port_scan,generator_ground_truth,docker_multihost,20,1,20,4.3219,19,0.0167,0.0003
recon_multi_07__recon_13,1,1789360793.1621773,real,recon_multi_07,port_scan,generator_ground_truth,docker_multihost,20,1,20,4.3219,19,0.0167,0.0003
recon_multi_07__recon_13,1,1789360793.3121774,real,recon_multi_07,port_scan,generator_ground_truth,docker_multihost,20,1,20,4.3219,19,0.0167,0.0003
recon_multi_07__recon_13,1,1789360793.4621775,real,recon_multi_07,port_scan,generator_ground_truth,docker_multihost,20,1,20,4.3219,19,0.0167,0.0003
recon_multi_07__recon_13,1,1789360793.6121776,real,recon_multi_07,port_scan,generator_ground_truth,docker_multihost,24,1,24,4.585,34,0.2935,1.2986
recon_multi_07__recon_13,1,1789360793.7621777,real,recon_multi_07,port_scan,generator_ground_truth,docker_multihost,32,1,33,4.9838,34,0.2157,1.108
recon_multi_07__recon_13,1,1789360793.9121778,real,recon_multi_07,port_scan,generator_ground_truth,docker_multihost,39,1,40,5.2719,38,0.1799,1.0065
recon_multi_07__recon_13,1,1789360794.062178,real,recon_multi_07,port_scan,generator_ground_truth,docker_multihost,39,1,40,5.2719,38,0.1799,1.0065
recon_multi_07__recon_13,1,1789360794.212178,real,recon_multi_07,port_scan,generator_ground_truth,docker_multihost,39,1,40,5.2719,38,0.1799,1.0065
recon_multi_07__recon_13,1,1789360794.362178,real,recon_multi_07,port_scan,generator_ground_truth,docker_multihost,39,1,40,5.2719,38,0.1799,1.0065
recon_multi_07__recon_13,1,1789360794.5121782,real,recon_multi_07,port_scan,generator_ground_truth,docker_multihost,39,1,40,5.2719,38,0.1799,1.0065
recon_multi_07__recon_13,1,1789360794.6621783,real,recon_multi_07,port_scan,generator_ground_truth,docker_multihost,39,1,40,5.2719,38,0.1799,1.0065
recon_multi_07__recon_13,1,1789360794.8121784,real,recon_multi_07,port_scan,generator_ground_truth,docker_multihost,39,1,40,5.2719,38,0.1799,1.0065
recon_multi_07__recon_13,1,1789360794.9621785,real,recon_multi_07,port_scan,generator_ground_truth,docker_multihost,39,1,40,5.2719,38,0.1799,1.0065
recon_multi_07__recon_13,1,1789360795.1121786,real,recon_multi_07,port_scan,generator_ground_truth,docker_multihost,39,1,40,5.2719,38,0.1799,1.0065
recon_multi_07__recon_13,1,1789360795.2621787,real,recon_multi_07,port_scan,generator_ground_truth,docker_multihost,39,1,40,5.2719,38,0.1799,1.0065
recon_multi_07__recon_13,1,1789360795.4121788,real,recon_multi_07,port_scan,generator_ground_truth,docker_multihost,39,1,40,5.2719,38,0.1799,1.0065
recon_multi_07__recon_13,1,1789360795.5621789,real,recon_multi_07,port_scan,generator_ground_truth,docker_multihost,39,1,40,5.2719,38,0.1799,1.0065
recon_multi_07__recon_13,1,1789360795.712179,real,recon_multi_07,port_scan,generator_ground_truth,docker_multihost,39,1,40,5.2719,38,0.1799,1.0065
recon_multi_07__recon_13,1,1789360795.862179,real,recon_multi_07,port_scan,generator_ground_truth,docker_multihost,39,1,40,5.2719,38,0.1799,1.0065
recon_multi_07__recon_13,1,1789360796.0121791,real,recon_multi_07,port_scan,generator_ground_truth,docker_multihost,39,1,40,5.2719,38,0.1799,1.0065
recon_multi_07__recon_13,1,1789360796.1621792,real,recon_multi_07,port_scan,generator_ground_truth,docker_multihost,39,1,40,5.2719,38,0.1799,1.0065
recon_multi_07__recon_13,1,1789360796.3121793,real,recon_multi_07,port_scan,generator_ground_truth,docker_multihost,39,1,40,5.2719,38,0.1799,1.0065
recon_multi_07__recon_13,1,1789360796.4621794,real,recon_multi_07,port_scan,generator_ground_truth,docker_multihost,39,1,40,5.2719,38,0.1799,1.0065
recon_multi_07__recon_13,1,1789360796.6121795,real,recon_multi_07,port_scan,generator_ground_truth,docker_multihost,39,1,40,5.2719,38,0.1799,1.0065
