session_id,label,ts,source,scenario_id,attack_subtype,label_method,environment,packet_rate,unique_dst_ports,dst_port_entropy,mean_inter_arrival,std_inter_arrival,unique_src_ips,src_ip_entropy
ddos_multi_04__benign_udpspoof_0,0,1789389378.5507715,real,ddos_multi_04,,generator_ground_truth,docker_multihost,1,1,-0.0,0.0,0.0,1,-0.0
ddos_multi_04__benign_udpspoof_0,0,1789389378.6907716,real,ddos_multi_04,,generator_ground_truth,docker_multihost,1,1,-0.0,0.0,0.0,1,-0.0
ddos_multi_04__benign_udpspoof_0,0,1789389378.8307717,real,ddos_multi_04,,generator_ground_truth,docker_multihost,1,1,-0.0,0.0,0.0,1,-0.0
ddos_multi_04__benign_udpspoof_0,0,1789389378.9707718,real,ddos_multi_04,,generator_ground_truth,docker_multihost,1,1,-0.0,0.0,0.0,1,-0.0
ddos_multi_04__benign_udpspoof_0,0,1789389379.110772,real,ddos_multi_04,,generator_ground_truth,docker_multihost,1,1,-0.0,0.0,0.0,1,-0.0
ddos_multi_04__benign_udpspoof_0,0,1789389379.250772,real,ddos_multi_04,,generator_ground_truth,docker_multihost,1,1,-0.0,0.0,0.0,1,-0.0
ddos_multi_04__benign_udpspoof_0,0,1789389379.390772,real,ddos_multi_04,,generator_ground_truth,docker_multihost,1,1,-0.0,0.0,0.0,1,-0.0
ddos_multi_04__benign_udpspoof_0,0,1789389379.5307722,real,ddos_multi_04,,generator_ground_truth,docker_multihost,2,1,-0.0,0.9833,0.0,1,-0.0
ddos_multi_04__benign_udpspoof_0,0,1789389379.6707723,real,ddos_multi_04,,generator_ground_truth,docker_multihost,2,1,-0.0,0.9833,0.0,1,-0.0
ddos_multi_04__benign_udpspoof_0,0,1789389379.8107724,real,ddos_multi_04,,generator_ground_truth,docker_multihost,2,1,-0.0,0.9833,0.0,1,-0.0
ddos_multi_04__benign_udpspoof_0,0,1789389379.9507725,real,ddos_multi_04,,generator_ground_truth,docker_multihost,2,1,-0.0,0.9833,0.0,1,-0.0
ddos_multi_04__benign_udpspoof_0,0,1789389380.0907726,real,ddos_multi_04,,generator_ground_truth,docker_multihost,2,1,-0.0,0.9833,0.0,1,-0.0
ddos_multi_04__benign_udpspoof_0,0,1789389380.2307727,real,ddos_multi_04,,generator_ground_truth,docker_multihost,2,1,-0.0,0.9833,0.0,1,-0.0
ddos_multi_04__benign_udpspoof_0,0,1789389380.3707728,real,ddos_multi_04,,generator_ground_truth,docker_multihost,2,1,-0.0,0.9833,0.0,1,-0.0
ddos_multi_04__benign_udpspoof_0,0,1789389380.510773,real,ddos_multi_04,,generator_ground_truth,docker_multihost,2,1,-0.0,0.9833,0.0,1,-0.0
ddos_multi_04__benign_udpspoof_0,0,1789389380.650773,real,ddos_multi_04,,generator_ground_truth,docker_multihost,2,1,-0.0,0.9833,0.0,1,-0.0
ddos_multi_04__benign_udpspoof_0,0,1789389380.7907732,real,ddos_multi_04,,generator_ground_truth,docker_multihost,3,1,-0.0,1.1009,0.1176,1,-0.0
ddos_multi_04__benign_udpspoof_0,0,1789389380.9307733,real,ddos_multi_04,,generator_ground_truth,docker_multihost,3,1,-0.0,1.1009,0.1176,1,-0.0
ddos_multi_04__benign_udpspoof_0,0,1789389381.0707734,real,ddos_multi_04,,generator_ground_truth,docker_multihost,3,1,-0.0,1.1009,0.1176,1,-0.0
ddos_multi_04__benign_udpspoof_0,0,1789389381.2107735,real,ddos_multi_04,,generator_ground_truth,docker_multihost,3,1,-0.0,1.1009,0.1176,1,-0.0
ddos_multi_04__benign_udpspoof_0,0,1789389381.3507736,real,ddos_multi_04,,generator_ground_truth,docker_multihost,3,1,-0.0,1.1009,0.1176,1,-0.0
ddos_multi_04__benign_udpspoof_0,0,1789389381.4907737,real,ddos_multi_04,,generator_ground_truth,docker_multihost,3,1,-0.0,1.1009,0.1176,1,-0.0
ddos_multi_04__benign_udpspoof_0,0,1789389381.6307738,real,ddos_multi_04,,generator_ground_truth,docker_multihost,4,1,-0.0,1.021,0.1483,1,-0.0
ddos_multi_04__benign_udpspoof_0,0,1789389381.770774,real,ddos_multi_04,,generator_ground_truth,docker_multihost,4,1,-0.0,1.021,0.1483,1,-0.0
ddos_multi_04__benign_udpspoof_0,0,1789389381.910774,real,ddos_multi_04,,generator_ground_truth,docker_multihost,4,1,-0.0,1.021,0.1483,1,-0.0
ddos_multi_04__benign_udpspoof_0,0,1789389382.050774,real,ddos_multi_04,,generator_ground_truth,docker_multihost,4,1,-0.0,1.021,0.1483,1,-0.0
ddos_multi_04__benign_udpspoof_0,0,1789389382.1907742,real,ddos_multi_04,,generator_ground_truth,docker_multihost,4,1,-0.0,1.021,0.1483,1,-0.0
ddos_multi_04__benign_udpspoof_0,0,1789389382.3307743,real,ddos_multi_04,,generator_ground_truth,docker_multihost,4,1,-0.0,1.021,0.1483,1,-0.0
ddos_multi_04__benign_udpspoof_0,0,1789389382.4707744,real,ddos_multi_04,,generator_ground_truth,docker_multihost,4,1,-0.0,1.021,0.1483,1,-0.0
ddos_multi_04__benign_udpspoof_0,0,1789389382.6107745,real,ddos_multi_04,,generator_ground_truth,docker_multihost,5,1,-0.0,1.0045,0.1315,1,-0.0
ddos_multi_04__benign_udpspoof_0,0,1789389382.7507746,real,ddos_multi_04,,generator_ground_truth,docker_multihost,5,1,-0.0,1.0045,0.1315,1,-0.0
ddos_multi_04__benign_udpspoof_0,0,1789389382.8907747,real,ddos_multi_04,,generator_ground_truth,docker_multihost,5,1,-0.0,1.0045,0.1315,1,-0.0
ddos_multi_04__benign_udpspoof_0,0,1789389383.0307748,real,ddos_multi_04,,generator_ground_truth,docker_multihost,5,1,-0.0,1.0045,0.1315,1,-0.0
ddos_multi_04__benign_udpspoof_0,0,1789389383.170775,real,ddos_multi_04,,generator_ground_truth,docker_multihost,6,1,-0.0,0.91,0.2227,1,-0.0
ddos_multi_04__benign_udpspoof_0,0,1789389383.310775,real,ddos_multi_04,,generator_ground_truth,docker_multihost,6,1,-0.0,0.91,0.2227,1,-0.0
ddos_multi_04__benign_udpspoof_0,0,1789389383.4507751,real,ddos_multi_04,,generator_ground_truth,docker_multihost,6,1,-0.0,0.91,0.2227,1,-0.0
ddos_multi_04__benign_udpspoof_0,0,1789389383.5907753,real,ddos_multi_04,,generator_ground_truth,docker_multihost,6,1,-0.0,0.91,0.2227,1,-0.0
ddos_multi_04__benign_udpspoof_0,0,1789389383.7307754,real,ddos_multi_04,,generator_ground_truth,docker_multihost,6,1,-0.0,0.91,0.2227,1,-0.0
ddos_multi_04__benign_udpspoof_0,0,1789389383.8707755,real,ddos_multi_04,,generator_ground_truth,docker_multihost,6,1,-0.0,0.91,0.2227,1,-0.0
ddos_multi_04__benign_udpspoof_0,0,1789389384.0107756,real,ddos_multi_04,,generator_ground_truth,docker_multihost,6,1,-0.0,0.91,0.2227,1,-0.0
ddos_multi_04__benign_udpspoof_0,0,1789389384.1507757,real,ddos_multi_04,,generator_ground_truth,docker_multihost,6,1,-0.0,0.91,0.2227,1,-0.0
ddos_multi_04__benign_udpspoof_0,0,1789389384.2907758,real,ddos_multi_04,,generator_ground_truth,docker_multihost,6,1,-0.0,0.91,0.2227,1,-0.0
ddos_multi_04__benign_udpspoof_0,0,1789389384.430776,real,ddos_multi_04,,generator_ground_truth,docker_multihost,6,1,-0.0,0.91,0.2227,1,-0.0
ddos_multi_04__benign_udpspoof_0,0,1789389384.570776,real,ddos_multi_04,,generator_ground_truth,docker_multihost,7,1,-0.0,0.9966,0.2808,1,-0.0
ddos_multi_04__benign_udpspoof_0,0,1789389384.710776,real,ddos_multi_04,,generator_ground_truth,docker_multihost,7,1,-0.0,0.9966,0.2808,1,-0.0
ddos_multi_04__benign_udpspoof_0,0,1789389384.8507762,real,ddos_multi_04,,generator_ground_truth,docker_multihost,7,1,-0.0,0.9966,0.2808,1,-0.0
ddos_multi_04__benign_udpspoof_0,0,1789389384.9907763,real,ddos_multi_04,,generator_ground_truth,docker_multihost,7,1,-0.0,0.9966,0.2808,1,-0.0
ddos_multi_04__benign_udpspoof_0,0,1789389385.1307764,real,ddos_multi_04,,generator_ground_truth,docker_multihost,7,1,-0.0,0.9966,0.2808,1,-0.0
ddos_multi_04__benign_udpspoof_0,0,1789389385.2707765,real,ddos_multi_04,,generator_ground_truth,docker_multihost,7,1,-0.0,0.9966,0.2808,1,-0.0
ddos_multi_04__benign_udpspoof_0,0,1789389385.4107766,real,ddos_multi_04,,generator_ground_truth,docker_multihost,7,1,-0.0,0.9966,0.2808,1,-0.0
ddos_multi_04__benign_udpspoof_0,0,1789389385.5507767,real,ddos_multi_04,,generator_ground_truth,docker_multihost,7,1,-0.0,0.9966,0.2808,1,-0.0
ddos_multi_04__benign_udpspoof_0,0,1789389385.6907768,real,ddos_multi_04,,generator_ground_truth,docker_multihost,7,1,-0.0,0.9966,0.2808,1,-0.0
ddos_multi_04__benign_udpspoof_0,0,1789389385.830777,real,ddos_multi_04,,generator_ground_truth,docker_multihost,7,1,-0.0,0.9966,0.2808,1,-0.0
ddos_multi_04__benign_udpspoof_0,0,1789389385.970777,real,ddos_multi_04,,generator_ground_truth,docker_multihost,8,1,-0.0,1.056,0.2979,1,-0.0
ddos_multi_04__benign_udpspoof_0,0,1789389386.1107771,real,ddos_multi_04,,generator_ground_truth,docker_multihost,8,1,-0.0,1.056,0.2979,1,-0.0
ddos_multi_04__benign_udpspoof_0,0,1789389386.2507772,real,ddos_multi_04,,generator_ground_truth,docker_multihost,8,1,-0.0,1.056,0.2979,1,-0.0
ddos_multi_04__benign_udpspoof_0,0,1789389386.3907773,real,ddos_multi_04,,generator_ground_truth,docker_multihost,8,1,-0.0,1.056,0.2979,1,-0.0
ddos_multi_04__benign_udpspoof_0,0,1789389386.5307775,real,ddos_multi_04,,generator_ground_truth,docker_multihost,8,1,-0.0,1.056,0.2979,1,-0.0
ddos_multi_04__benign_udpspoof_0,0,1789389386.6707776,real,ddos_multi_04,,generator_ground_truth,docker_multihost,8,1,-0.0,1.056,0.2979,1,-0.0
ddos_multi_04__benign_udpspoof_0,0,1789389386.8107777,real,ddos_multi_04,,generator_ground_truth,docker_multihost,8,1,-0.0,1.056,0.2979,1,-0.0
ddos_multi_04__benign_udpspoof_0,0,1789389386.9507778,real,ddos_multi_04,,generator_ground_truth,docker_multihost,8,1,-0.0,1.056,0.2979,1,-0.0
ddos_multi_04__benign_udpspoof_0,0,1789389387.0907779,real,ddos_multi_04,,generator_ground_truth,docker_multihost,8,1,-0.0,1.056,0.2979,1,-0.0
ddos_multi_04__benign_udpspoof_0,0,1789389387.230778,real,ddos_multi_04,,generator_ground_truth,docker_multihost,8,1,-0.0,1.056,0.2979,1,-0.0
ddos_multi_04__benign_udpspoof_0,0,1789389387.370778,real,ddos_multi_04,,generator_ground_truth,docker_multihost,9,1,-0.0,1.1088,0.3117,1,-0.0
ddos_multi_04__benign_udpspoof_0,0,1789389387.5107782,real,ddos_multi_04,,generator_ground_truth,docker_multihost,9,1,-0.0,1.1088,0.3117,1,-0.0
ddos_multi_04__benign_udpspoof_0,0,1789389387.6507783,real,ddos_multi_04,,generator_ground_truth,docker_multihost,9,1,-0.0,1.1088,0.3117,1,-0.0
ddos_multi_04__benign_udpspoof_0,0,1789389387.7907784,real,ddos_multi_04,,generator_ground_truth,docker_multihost,9,1,-0.0,1.1088,0.3117,1,-0.0
ddos_multi_04__benign_udpspoof_0,0,1789389387.9307785,real,ddos_multi_04,,generator_ground_truth,docker_multihost,9,1,-0.0,1.1088,0.3117,1,-0.0
ddos_multi_04__benign_udpspoof_0,0,1789389388.0707786,real,ddos_multi_04,,generator_ground_truth,docker_multihost,9,1,-0.0,1.1088,0.3117,1,-0.0
ddos_multi_04__benign_udpspoof_0,0,1789389388.2107787,real,ddos_multi_04,,generator_ground_truth,docker_multihost,10,1,-0.0,1.0794,0.3053,1,-0.0
ddos_multi_04__benign_udpspoof_0,0,1789389388.3507788,real,ddos_multi_04,,generator_ground_truth,docker_multihost,10,1,-0.0,1.0794,0.3053,1,-0.0
ddos_multi_04__benign_udpspoof_0,0,1789389388.490779,real,ddos_multi_04,,generator_ground_truth,docker_multihost,10,1,-0.0,1.0794,0.3053,1,-0.0
ddos_multi_04__benign_udpspoof_0,0,1789389388.630779,real,ddos_multi_04,,generator_ground_truth,docker_multihost,9,1,-0.0,1.0914,0.3219,1,-0.0
ddos_multi_04__benign_udpspoof_0,0,1789389388.7707791,real,ddos_multi_04,,generator_ground_truth,docker_multihost,9,1,-0.0,1.0914,0.3219,1,-0.0
ddos_multi_04__benign_udpspoof_0,0,1789389388.9107792,real,ddos_multi_04,,generator_ground_truth,docker_multihost,10,1,-0.0,1.0405,0.3359,1,-0.0
ddos_multi_04__benign_udpspoof_0,0,1789389389.0507793,real,ddos_multi_04,,generator_ground_truth,docker_multihost,10,1,-0.0,1.0405,0.3359,1,-0.0
ddos_multi_04__benign_udpspoof_0,0,1789389389.1907794,real,ddos_multi_04,,generator_ground_truth,docker_multihost,10,1,-0.0,1.0405,0.3359,1,-0.0
ddos_multi_04__benign_udpspoof_0,0,1789389389.3307796,real,ddos_multi_04,,generator_ground_truth,docker_multihost,10,1,-0.0,1.0405,0.3359,1,-0.0
ddos_multi_04__benign_udpspoof_0,0,1789389389.4707797,real,ddos_multi_04,,generator_ground_truth,docker_multihost,10,1,-0.0,1.0405,0.3359,1,-0.0
ddos_multi_04__benign_udpspoof_0,0,1789389389.6107798,real,ddos_multi_04,,generator_ground_truth,docker_multihost,9,1,-0.0,1.0183,0.3499,1,-0.0
ddos_multi_04__benign_udpspoof_0,0,1789389389.7507799,real,ddos_multi_04,,generator_ground_truth,docker_multihost,9,1,-0.0,1.0183,0.3499,1,-0.0
ddos_multi_04__benign_udpspoof_0,0,1789389389.89078,real,ddos_multi_04,,generator_ground_truth,docker_multihost,9,1,-0.0,1.0183,0.3499,1,-0.0
ddos_multi_04__benign_udpspoof_0,0,1789389390.03078,real,ddos_multi_04,,generator_ground_truth,docker_multihost,9,1,-0.0,1.0183,0.3499,1,-0.0
ddos_multi_04__benign_udpspoof_0,0,1789389390.1707802,real,ddos_multi_04,,generator_ground_truth,docker_multihost,9,1,-0.0,1.0183,0.3499,1,-0.0
ddos_multi_04__benign_udpspoof_0,0,1789389390.3107803,real,ddos_multi_04,,generator_ground_truth,docker_multihost,10,1,-0.0,1.0586,0.3491,1,-0.0
ddos_multi_04__benign_udpspoof_0,0,1789389390.4507804,real,ddos_multi_04,,generator_ground_truth,docker_multihost,10,1,-0.0,1.0586,0.3491,1,-0.0
ddos_multi_04__benign_udpspoof_0,0,1789389390.5907805,real,ddos_multi_04,,generator_ground_truth,docker_multihost,10,1,-0.0,1.0586,0.3491,1,-0.0
ddos_multi_04__benign_udpspoof_0,0,1789389390.7307806,real,ddos_multi_04,,generator_ground_truth,docker_multihost,9,1,-0.0,1.0833,0.3628,1,-0.0
ddos_multi_04__benign_udpspoof_0,0,1789389390.8707807,real,ddos_multi_04,,generator_ground_truth,docker_multihost,10,1,-0.0,1.0248,0.38,1,-0.0
ddos_multi_04__benign_udpspoof_0,0,1789389391.0107808,real,ddos_multi_04,,generator_ground_truth,docker_multihost,10,1,-0.0,1.0248,0.38,1,-0.0
ddos_multi_04__benign_udpspoof_0,0,1789389391.150781,real,ddos_multi_04,,generator_ground_truth,docker_multihost,10,1,-0.0,1.0248,0.38,1,-0.0
ddos_multi_04__benign_udpspoof_0,0,1789389391.290781,real,ddos_multi_04,,generator_ground_truth,docker_multihost,10,1,-0.0,1.0248,0.38,1,-0.0
ddos_multi_04__benign_udpspoof_0,0,1789389391.4307811,real,ddos_multi_04,,generator_ground_truth,docker_multihost,11,1,-0.0,0.977,0.388,1,-0.0
ddos_multi_04__benign_udpspoof_0,0,1789389391.5707812,real,ddos_multi_04,,generator_ground_truth,docker_multihost,10,1,-0.0,0.9794,0.4089,1,-0.0
ddos_multi_04__benign_udpspoof_0,0,1789389391.7107813,real,ddos_multi_04,,generator_ground_truth,docker_multihost,10,1,-0.0,0.9794,0.4089,1,-0.0
ddos_multi_04__benign_udpspoof_0,0,1789389391.8507814,real,ddos_multi_04,,generator_ground_truth,docker_multihost,10,1,-0.0,0.9794,0.4089,1,-0.0
ddos_multi_04__benign_udpspoof_0,0,1789389391.9907815,real,ddos_multi_04,,generator_ground_truth,docker_multihost,10,1,-0.0,0.9794,0.4089,1,-0.0
ddos_multi_04__benign_udpspoof_0,0,1789389392.1307817,real,ddos_multi_04,,generator_ground_truth,docker_multihost,11,1,-0.0,0.9544,0.3951,1,-0.0
ddos_multi_04__benign_udpspoof_0,0,1789389392.2707818,real,ddos_multi_04,,generator_ground_truth,docker_multihost,11,1,-0.0,0.9544,0.3951,1,-0.0
ddos_multi_04__benign_udpspoof_0,0,1789389392.4107819,real,ddos_multi_04,,generator_ground_truth,docker_multihost,11,1,-0.0,0.9544,0.3951,1,-0.0
ddos_multi_04__benign_udpspoof_0,0,1789389392.550782,real,ddos_multi_04,,generator_ground_truth,docker_multihost,10,1,-0.0,1.0014,0.3891,1,-0.0
ddos_multi_04__benign_udpspoof_0,0,1789389392.690782,real,ddos_multi_04,,generator_ground_truth,docker_multihost,10,1,-0.0,1.0014,0.3891,1,-0.0
ddos_multi_04__benign_udpspoof_0,0,1789389392.8307822,real,ddos_multi_04,,generator_ground_truth,docker_multihost,11,1,-0.0,0.9711,0.3801,1,-0.0
ddos_multi_04__benign_udpspoof_0,0,1789389392.9707823,real,ddos_multi_04,,generator_ground_truth,docker_multihost,11,1,-0.0,0.9711,0.3801,1,-0.0
ddos_multi_04__benign_udpspoof_0,0,1789389393.1107824,real,ddos_multi_04,,generator_ground_truth,docker_multihost,10,1,-0.0,0.9201,0.3669,1,-0.0
ddos_multi_04__benign_udpspoof_0,0,1789389393.2507825,real,ddos_multi_04,,generator_ground_truth,docker_multihost,10,1,-0.0,0.9201,0.3669,1,-0.0
ddos_multi_04__benign_udpspoof_0,0,1789389393.3907826,real,ddos_multi_04,,generator_ground_truth,docker_multihost,11,1,-0.0,0.8908,0.359,1,-0.0
ddos_multi_04__benign_udpspoof_0,0,1789389393.5307827,real,ddos_multi_04,,generator_ground_truth,docker_multihost,11,1,-0.0,0.8908,0.359,1,-0.0
ddos_multi_04__benign_udpspoof_0,0,1789389393.6707828,real,ddos_multi_04,,generator_ground_truth,docker_multihost,11,1,-0.0,0.8908,0.359,1,-0.0
ddos_multi_04__benign_udpspoof_0,0,1789389393.810783,real,ddos_multi_04,,generator_ground_truth,docker_multihost,11,1,-0.0,0.8908,0.359,1,-0.0
ddos_multi_04__benign_udpspoof_0,0,1789389393.950783,real,ddos_multi_04,,generator_ground_truth,docker_multihost,11,1,-0.0,0.8908,0.359,1,-0.0
ddos_multi_04__benign_udpspoof_0,0,1789389394.090783,real,ddos_multi_04,,generator_ground_truth,docker_multihost,11,1,-0.0,0.8908,0.359,1,-0.0
ddos_multi_04__benign_udpspoof_0,0,1789389394.2307832,real,ddos_multi_04,,generator_ground_truth,docker_multihost,11,1,-0.0,0.8908,0.359,1,-0.0
ddos_multi_04__benign_udpspoof_0,0,1789389394.3707833,real,ddos_multi_04,,generator_ground_truth,docker_multihost,12,1,-0.0,0.8873,0.3424,1,-0.0
ddos_multi_04__benign_udpspoof_0,0,1789389394.5107834,real,ddos_multi_04,,generator_ground_truth,docker_multihost,11,1,-0.0,0.8348,0.3142,1,-0.0
ddos_multi_04__benign_udpspoof_0,0,1789389394.6507835,real,ddos_multi_04,,generator_ground_truth,docker_multihost,11,1,-0.0,0.8348,0.3142,1,-0.0
ddos_multi_04__benign_udpspoof_0,0,1789389394.7907836,real,ddos_multi_04,,generator_ground_truth,docker_multihost,11,1,-0.0,0.8348,0.3142,1,-0.0
ddos_multi_04__benign_udpspoof_0,0,1789389394.9307837,real,ddos_multi_04,,generator_ground_truth,docker_multihost,11,1,-0.0,0.8348,0.3142,1,-0.0
ddos_multi_04__benign_udpspoof_0,0,1789389395.0707839,real,ddos_multi_04,,generator_ground_truth,docker_multihost,11,1,-0.0,0.8348,0.3142,1,-0.0
ddos_multi_04__benign_udpspoof_0,0,1789389395.210784,real,ddos_multi_04,,generator_ground_truth,docker_multihost,11,1,-0.0,0.8348,0.3142,1,-0.0
ddos_multi_04__benign_udpspoof_0,0,1789389395.350784,real,ddos_multi_04,,generator_ground_truth,docker_multihost,11,1,-0.0,0.8348,0.3142,1,-0.0
ddos_multi_04__benign_udpspoof_0,0,1789389395.4907842,real,ddos_multi_04,,generator_ground_truth,docker_multihost,11,1,-0.0,0.8348,0.3142,1,-0.0
ddos_multi_04__benign_udpspoof_0,0,1789389395.6307843,real,ddos_multi_04,,generator_ground_truth,docker_multihost,12,1,-0.0,0.874,0.3242,1,-0.0
ddos_multi_04__benign_udpspoof_0,0,1789389395.7707844,real,ddos_multi_04,,generator_ground_truth,docker_multihost,12,1,-0.0,0.874,0.3242,1,-0.0
ddos_multi_04__benign_udpspoof_0,0,1789389395.9107845,real,ddos_multi_04,,generator_ground_truth,docker_multihost,11,1,-0.0,0.8135,0.2747,1,-0.0
ddos_multi_04__benign_udpspoof_0,0,1789389396.0507846,real,ddos_multi_04,,generator_ground_truth,docker_multihost,11,1,-0.0,0.8135,0.2747,1,-0.0
ddos_multi_04__benign_udpspoof_0,0,1789389396.1907847,real,ddos_multi_04,,generator_ground_truth,docker_multihost,11,1,-0.0,0.8135,0.2747,1,-0.0
ddos_multi_04__benign_udpspoof_0,0,1789389396.3307848,real,ddos_multi_04,,generator_ground_truth,docker_multihost,11,1,-0.0,0.8135,0.2747,1,-0.0
ddos_multi_04__benign_udpspoof_0,0,1789389396.470785,real,ddos_multi_04,,generator_ground_truth,docker_multihost,11,1,-0.0,0.8135,0.2747,1,-0.0
ddos_multi_04__benign_udpspoof_0,0,1789389396.610785,real,ddos_multi_04,,generator_ground_truth,docker_multihost,11,1,-0.0,0.8135,0.2747,1,-0.0
ddos_multi_04__benign_udpspoof_0,0,1789389396.750785,real,ddos_multi_04,,generator_ground_truth,docker_multihost,11,1,-0.0,0.8135,0.2747,1,-0.0
ddos_multi_04__benign_udpspoof_0,0,1789389396.8907852,real,ddos_multi_04,,generator_ground_truth,docker_multihost,12,1,-0.0,0.8625,0.3043,1,-0.0
ddos_multi_04__benign_udpspoof_0,0,1789389397.0307853,real,ddos_multi_04,,generator_ground_truth,docker_multihost,12,1,-0.0,0.8625,0.3043,1,-0.0
ddos_multi_04__benign_udpspoof_0,0,1789389397.1707854,real,ddos_multi_04,,generator_ground_truth,docker_multihost,12,1,-0.0,0.8625,0.3043,1,-0.0
ddos_multi_04__benign_udpspoof_0,0,1789389397.3107855,real,ddos_multi_04,,generator_ground_truth,docker_multihost,12,1,-0.0,0.8625,0.3043,1,-0.0
ddos_multi_04__benign_udpspoof_0,0,1789389397.4507856,real,ddos_multi_04,,generator_ground_truth,docker_multihost,11,1,-0.0,0.8644,0.3191,1,-0.0
ddos_multi_04__benign_udpspoof_0,0,1789389397.5907857,real,ddos_multi_04,,generator_ground_truth,docker_multihost,11,1,-0.0,0.8644,0.3191,1,-0.0
ddos_multi_04__benign_udpspoof_0,0,1789389397.7307858,real,ddos_multi_04,,generator_ground_truth,docker_multihost,11,1,-0.0,0.8644,0.3191,1,-0.0
ddos_multi_04__benign_udpspoof_0,0,1789389397.870786,real,ddos_multi_04,,generator_ground_truth,docker_multihost,12,1,-0.0,0.8778,0.3072,1,-0.0
ddos_multi_04__benign_udpspoof_0,0,1789389398.010786,real,ddos_multi_04,,generator_ground_truth,docker_multihost,12,1,-0.0,0.8778,0.3072,1,-0.0
ddos_multi_04__benign_udpspoof_0,0,1789389398.1507862,real,ddos_multi_04,,generator_ground_truth,docker_multihost,12,1,-0.0,0.8778,0.3072,1,-0.0
ddos_multi_04__benign_udpspoof_0,0,1789389398.2907863,real,ddos_multi_04,,generator_ground_truth,docker_multihost,11,1,-0.0,0.9022,0.3118,1,-0.0
ddos_multi_04__benign_udpspoof_0,0,1789389398.4307864,real,ddos_multi_04,,generator_ground_truth,docker_multihost,11,1,-0.0,0.9022,0.3118,1,-0.0
ddos_multi_04__benign_udpspoof_0,0,1789389398.5707865,real,ddos_multi_04,,generator_ground_truth,docker_multihost,11,1,-0.0,0.9022,0.3118,1,-0.0
ddos_multi_04__benign_udpspoof_0,0,1789389398.7107866,real,ddos_multi_04,,generator_ground_truth,docker_multihost,11,1,-0.0,0.9022,0.3118,1,-0.0
ddos_multi_04__benign_udpspoof_0,0,1789389398.8507867,real,ddos_multi_04,,generator_ground_truth,docker_multihost,11,1,-0.0,0.8544,0.2683,1,-0.0
ddos_multi_04__benign_udpspoof_0,0,1789389398.9907868,real,ddos_multi_04,,generator_ground_truth,docker_multihost,11,1,-0.0,0.8544,0.2683,1,-0.0
ddos_multi_04__benign_udpspoof_0,0,1789389399.130787,real,ddos_multi_04,,generator_ground_truth,docker_multihost,11,1,-0.0,0.8544,0.2683,1,-0.0
ddos_multi_04__benign_udpspoof_0,0,1789389399.270787,real,ddos_multi_04,,generator_ground_truth,docker_multihost,11,1,-0.0,0.8544,0.2683,1,-0.0
ddos_multi_04__benign_udpspoof_0,0,1789389399.410787,real,ddos_multi_04,,generator_ground_truth,docker_multihost,11,1,-0.0,0.8544,0.2683,1,-0.0
ddos_multi_04__benign_udpspoof_0,0,1789389399.5507872,real,ddos_multi_04,,generator_ground_truth,docker_multihost,11,1,-0.0,0.8544,0.2683,1,-0.0
ddos_multi_04__benign_udpspoof_0,0,1789389399.6907873,real,ddos_multi_04,,generator_ground_truth,docker_multihost,11,1,-0.0,0.8544,0.2683,1,-0.0
ddos_multi_04__benign_udpspoof_0,0,1789389399.8307874,real,ddos_multi_04,,generator_ground_truth,docker_multihost,11,1,-0.0,0.8544,0.2683,1,-0.0
ddos_multi_04__benign_udpspoof_0,0,1789389399.9707875,real,ddos_multi_04,,generator_ground_truth,docker_multihost,11,1,-0.0,0.8544,0.2683,1,-0.0
ddos_multi_04__benign_udpspoof_0,0,1789389400.1107876,real,ddos_multi_04,,generator_ground_truth,docker_multihost,11,1,-0.0,0.8544,0.2683,1,-0.0
ddos_multi_04__benign_udpspoof_0,0,1789389400.2507877,real,ddos_multi_04,,generator_ground_truth,docker_multihost,11,1,-0.0,0.943,0.2996,1,-0.0
ddos_multi_04__benign_udpspoof_0,0,1789389400.3907878,real,ddos_multi_04,,generator_ground_truth,docker_multihost,11,1,-0.0,0.943,0.2996,1,-0.0
ddos_multi_04__benign_udpspoof_0,0,1789389400.530788,real,ddos_multi_04,,generator_ground_truth,docker_multihost,11,1,-0.0,0.943,0.2996,1,-0.0
ddos_multi_04__benign_udpspoof_0,0,1789389400.670788,real,ddos_multi_04,,generator_ground_truth,docker_multihost,11,1,-0.0,0.943,0.2996,1,-0.0
ddos_multi_04__benign_udpspoof_0,0,1789389400.8107882,real,ddos_multi_04,,generator_ground_truth,docker_multihost,10,1,-0.0,0.987,0.2835,1,-0.0
ddos_multi_04__benign_udpspoof_0,0,1789389400.9507883,real,ddos_multi_04,,generator_ground_truth,docker_multihost,10,1,-0.0,0.987,0.2835,1,-0.0
ddos_multi_04__benign_udpspoof_0,0,1789389401.0907884,real,ddos_multi_04,,generator_ground_truth,docker_multihost,11,1,-0.0,0.9716,0.2729,1,-0.0
ddos_multi_04__benign_udpspoof_0,0,1789389401.2307885,real,ddos_multi_04,,generator_ground_truth,docker_multihost,11,1,-0.0,0.9716,0.2729,1,-0.0
ddos_multi_04__benign_udpspoof_0,0,1789389401.3707886,real,ddos_multi_04,,generator_ground_truth,docker_multihost,10,1,-0.0,0.9985,0.2748,1,-0.0
ddos_multi_04__benign_udpspoof_0,0,1789389401.5107887,real,ddos_multi_04,,generator_ground_truth,docker_multihost,10,1,-0.0,0.9985,0.2748,1,-0.0
ddos_multi_04__benign_udpspoof_0,0,1789389401.6507888,real,ddos_multi_04,,generator_ground_truth,docker_multihost,10,1,-0.0,0.9985,0.2748,1,-0.0
ddos_multi_04__benign_udpspoof_0,0,1789389401.790789,real,ddos_multi_04,,generator_ground_truth,docker_multihost,11,1,-0.0,0.964,0.2804,1,-0.0
ddos_multi_04__benign_udpspoof_0,0,1789389401.930789,real,ddos_multi_04,,generator_ground_truth,docker_multihost,11,1,-0.0,0.964,0.2804,1,-0.0
ddos_multi_04__benign_udpspoof_0,0,1789389402.070789,real,ddos_multi_04,,generator_ground_truth,docker_multihost,10,1,-0.0,0.9935,0.2805,1,-0.0
ddos_multi_04__benign_udpspoof_0,0,1789389402.2107892,real,ddos_multi_04,,generator_ground_truth,docker_multihost,10,1,-0.0,0.9935,0.2805,1,-0.0
ddos_multi_04__benign_udpspoof_0,0,1789389402.3507893,real,ddos_multi_04,,generator_ground_truth,docker_multihost,10,1,-0.0,0.9935,0.2805,1,-0.0
ddos_multi_04__ddos_spoofed_0,1,1789389403.6220381,real,ddos_multi_04,spoofed_flood,generator_ground_truth,docker_multihost,36,1,-0.0,0.004,0.0001,36,5.1699
ddos_multi_04__ddos_spoofed_0,1,1789389403.7620382,real,ddos_multi_04,spoofed_flood,generator_ground_truth,docker_multihost,71,1,-0.0,0.0039,0.0001,71,6.1497
ddos_multi_04__ddos_spoofed_0,1,1789389403.9020383,real,ddos_multi_04,spoofed_flood,generator_ground_truth,docker_multihost,107,1,-0.0,0.0039,0.0001,107,6.7415
ddos_multi_04__ddos_spoofed_0,1,1789389404.0420384,real,ddos_multi_04,spoofed_flood,generator_ground_truth,docker_multihost,143,1,-0.0,0.0039,0.0001,143,7.1599
ddos_multi_04__ddos_spoofed_0,1,1789389404.1820385,real,ddos_multi_04,spoofed_flood,generator_ground_truth,docker_multihost,180,1,-0.0,0.0039,0.0001,180,7.4919
ddos_multi_04__ddos_spoofed_0,1,1789389404.3220387,real,ddos_multi_04,spoofed_flood,generator_ground_truth,docker_multihost,215,1,-0.0,0.0039,0.0001,215,7.7482
ddos_multi_04__ddos_spoofed_0,1,1789389404.4620388,real,ddos_multi_04,spoofed_flood,generator_ground_truth,docker_multihost,250,1,-0.0,0.0039,0.0001,250,7.9658
ddos_multi_04__ddos_spoofed_0,1,1789389404.6020389,real,ddos_multi_04,spoofed_flood,generator_ground_truth,docker_multihost,285,1,-0.0,0.0039,0.0001,285,8.1548
ddos_multi_04__ddos_spoofed_0,1,1789389404.742039,real,ddos_multi_04,spoofed_flood,generator_ground_truth,docker_multihost,321,1,-0.0,0.0039,0.0001,321,8.3264
ddos_multi_04__ddos_spoofed_0,1,1789389404.882039,real,ddos_multi_04,spoofed_flood,generator_ground_truth,docker_multihost,357,1,-0.0,0.0039,0.0001,357,8.4798
ddos_multi_04__ddos_spoofed_0,1,1789389405.0220392,real,ddos_multi_04,spoofed_flood,generator_ground_truth,docker_multihost,392,1,-0.0,0.0039,0.0001,392,8.6147
ddos_multi_04__ddos_spoofed_0,1,1789389405.1620393,real,ddos_multi_04,spoofed_flood,generator_ground_truth,docker_multihost,428,1,-0.0,0.0039,0.0001,428,8.7415
ddos_multi_04__ddos_spoofed_0,1,1789389405.3020394,real,ddos_multi_04,spoofed_flood,generator_ground_truth,docker_multihost,464,1,-0.0,0.0039,0.0001,464,8.858
ddos_multi_04__ddos_spoofed_0,1,1789389405.4420395,real,ddos_multi_04,spoofed_flood,generator_ground_truth,docker_multihost,500,1,-0.0,0.0039,0.0001,500,8.9658
ddos_multi_04__ddos_spoofed_0,1,1789389405.5820396,real,ddos_multi_04,spoofed_flood,generator_ground_truth,docker_multihost,536,1,-0.0,0.0039,0.0001,536,9.0661
ddos_multi_04__ddos_spoofed_0,1,1789389405.7220397,real,ddos_multi_04,spoofed_flood,generator_ground_truth,docker_multihost,572,1,-0.0,0.0039,0.0001,572,9.1599
ddos_multi_04__ddos_spoofed_0,1,1789389405.8620398,real,ddos_multi_04,spoofed_flood,generator_ground_truth,docker_multihost,607,1,-0.0,0.0039,0.0001,607,9.2456
ddos_multi_04__ddos_spoofed_0,1,1789389406.00204,real,ddos_multi_04,spoofed_flood,generator_ground_truth,docker_multihost,642,1,-0.0,0.0039,0.0002,642,9.3264
ddos_multi_04__ddos_spoofed_0,1,1789389406.14204,real,ddos_multi_04,spoofed_flood,generator_ground_truth,docker_multihost,678,1,-0.0,0.0039,0.0002,678,9.4051
ddos_multi_04__ddos_spoofed_0,1,1789389406.28204,real,ddos_multi_04,spoofed_flood,generator_ground_truth,docker_multihost,714,1,-0.0,0.0039,0.0002,714,9.4798
ddos_multi_04__ddos_spoofed_0,1,1789389406.4220402,real,ddos_multi_04,spoofed_flood,generator_ground_truth,docker_multihost,750,1,-0.0,0.0039,0.0002,750,9.5507
ddos_multi_04__ddos_spoofed_0,1,1789389406.5620403,real,ddos_multi_04,spoofed_flood,generator_ground_truth,docker_multihost,786,1,-0.0,0.0039,0.0001,786,9.6184
ddos_multi_04__ddos_spoofed_0,1,1789389406.7020404,real,ddos_multi_04,spoofed_flood,generator_ground_truth,docker_multihost,821,1,-0.0,0.0039,0.0001,821,9.6812
ddos_multi_04__ddos_spoofed_0,1,1789389406.8420405,real,ddos_multi_04,spoofed_flood,generator_ground_truth,docker_multihost,857,1,-0.0,0.0039,0.0001,857,9.7432
ddos_multi_04__ddos_spoofed_0,1,1789389406.9820406,real,ddos_multi_04,spoofed_flood,generator_ground_truth,docker_multihost,892,1,-0.0,0.0039,0.0001,892,9.8009
ddos_multi_04__ddos_spoofed_0,1,1789389407.1220407,real,ddos_multi_04,spoofed_flood,generator_ground_truth,docker_multihost,928,1,-0.0,0.0039,0.0001,928,9.858
ddos_multi_04__ddos_spoofed_0,1,1789389407.2620409,real,ddos_multi_04,spoofed_flood,generator_ground_truth,docker_multihost,963,1,-0.0,0.0039,0.0002,963,9.9114
ddos_multi_04__ddos_spoofed_0,1,1789389407.402041,real,ddos_multi_04,spoofed_flood,generator_ground_truth,docker_multihost,997,1,-0.0,0.0039,0.0002,997,9.9614
ddos_multi_04__ddos_spoofed_0,1,1789389407.542041,real,ddos_multi_04,spoofed_flood,generator_ground_truth,docker_multihost,1032,1,-0.0,0.0039,0.0002,1032,10.0112
ddos_multi_04__ddos_spoofed_0,1,1789389407.6820412,real,ddos_multi_04,spoofed_flood,generator_ground_truth,docker_multihost,1069,1,-0.0,0.0039,0.0002,1069,10.062
ddos_multi_04__ddos_spoofed_0,1,1789389407.8220413,real,ddos_multi_04,spoofed_flood,generator_ground_truth,docker_multihost,1105,1,-0.0,0.0039,0.0002,1105,10.1098
ddos_multi_04__ddos_spoofed_0,1,1789389407.9620414,real,ddos_multi_04,spoofed_flood,generator_ground_truth,docker_multihost,1141,1,-0.0,0.0039,0.0002,1141,10.1561
ddos_multi_04__ddos_spoofed_0,1,1789389408.1020415,real,ddos_multi_04,spoofed_flood,generator_ground_truth,docker_multihost,1176,1,-0.0,0.0039,0.0002,1176,10.1997
ddos_multi_04__ddos_spoofed_0,1,1789389408.2420416,real,ddos_multi_04,spoofed_flood,generator_ground_truth,docker_multihost,1211,1,-0.0,0.0039,0.0002,1211,10.242
ddos_multi_04__ddos_spoofed_0,1,1789389408.3820417,real,ddos_multi_04,spoofed_flood,generator_ground_truth,docker_multihost,1246,1,-0.0,0.0039,0.0002,1246,10.2831
ddos_multi_04__ddos_spoofed_0,1,1789389408.5220418,real,ddos_multi_04,spoofed_flood,generator_ground_truth,docker_multihost,1281,1,-0.0,0.0039,0.0002,1281,10.3231
ddos_multi_04__ddos_spoofed_0,1,1789389408.662042,real,ddos_multi_04,spoofed_flood,generator_ground_truth,docker_multihost,1317,1,-0.0,0.0039,0.0002,1317,10.363
ddos_multi_04__ddos_spoofed_0,1,1789389408.802042,real,ddos_multi_04,spoofed_flood,generator_ground_truth,docker_multihost,1352,1,-0.0,0.0039,0.0002,1352,10.4009
ddos_multi_04__ddos_spoofed_0,1,1789389408.942042,real,ddos_multi_04,spoofed_flood,generator_ground_truth,docker_multihost,1387,1,-0.0,0.0039,0.0002,1387,10.4378
ddos_multi_04__ddos_spoofed_0,1,1789389409.0820422,real,ddos_multi_04,spoofed_flood,generator_ground_truth,docker_multihost,1423,1,-0.0,0.0039,0.0002,1423,10.4747
ddos_multi_04__ddos_spoofed_0,1,1789389409.2220423,real,ddos_multi_04,spoofed_flood,generator_ground_truth,docker_multihost,1459,1,-0.0,0.0039,0.0002,1459,10.5108
ddos_multi_04__ddos_spoofed_0,1,1789389409.3620424,real,ddos_multi_04,spoofed_flood,generator_ground_truth,docker_multihost,1495,1,-0.0,0.0039,0.0002,1495,10.5459
ddos_multi_04__ddos_spoofed_0,1,1789389409.5020425,real,ddos_multi_04,spoofed_flood,generator_ground_truth,docker_multihost,1531,1,-0.0,0.0039,0.0002,1531,10.5803
ddos_multi_04__ddos_spoofed_0,1,1789389409.6420426,real,ddos_multi_04,spoofed_flood,generator_ground_truth,docker_multihost,1566,1,-0.0,0.0039,0.0002,1566,10.6129
ddos_multi_04__ddos_spoofed_0,1,1789389409.7820427,real,ddos_multi_04,spoofed_flood,generator_ground_truth,docker_multihost,1602,1,-0.0,0.0039,0.0002,1602,10.6457
ddos_multi_04__ddos_spoofed_0,1,1789389409.9220428,real,ddos_multi_04,spoofed_flood,generator_ground_truth,docker_multihost,1638,1,-0.0,0.0039,0.0002,1638,10.6777
ddos_multi_04__ddos_spoofed_0,1,1789389410.062043,real,ddos_multi_04,spoofed_flood,generator_ground_truth,docker_multihost,1673,1,-0.0,0.0039,0.0002,1673,10.7082
ddos_multi_04__ddos_spoofed_0,1,1789389410.202043,real,ddos_multi_04,spoofed_flood,generator_ground_truth,docker_multihost,1708,1,-0.0,0.0039,0.0002,1708,10.7381
ddos_multi_04__ddos_spoofed_0,1,1789389410.3420432,real,ddos_multi_04,spoofed_flood,generator_ground_truth,docker_multihost,1744,1,-0.0,0.0039,0.0002,1744,10.7682
ddos_multi_04__ddos_spoofed_0,1,1789389410.4820433,real,ddos_multi_04,spoofed_flood,generator_ground_truth,docker_multihost,1779,1,-0.0,0.0039,0.0002,1779,10.7969
ddos_multi_04__ddos_spoofed_0,1,1789389410.6220434,real,ddos_multi_04,spoofed_flood,generator_ground_truth,docker_multihost,1815,1,-0.0,0.0039,0.0002,1815,10.8258
ddos_multi_04__ddos_spoofed_0,1,1789389410.7620435,real,ddos_multi_04,spoofed_flood,generator_ground_truth,docker_multihost,1851,1,-0.0,0.0039,0.0002,1851,10.8541
ddos_multi_04__ddos_spoofed_0,1,1789389410.9020436,real,ddos_multi_04,spoofed_flood,generator_ground_truth,docker_multihost,1887,1,-0.0,0.0039,0.0002,1887,10.8819
ddos_multi_04__ddos_spoofed_0,1,1789389411.0420437,real,ddos_multi_04,spoofed_flood,generator_ground_truth,docker_multihost,1922,1,-0.0,0.0039,0.0002,1922,10.9084
ddos_multi_04__ddos_spoofed_0,1,1789389411.1820438,real,ddos_multi_04,spoofed_flood,generator_ground_truth,docker_multihost,1957,1,-0.0,0.0039,0.0002,1957,10.9344
ddos_multi_04__ddos_spoofed_0,1,1789389411.322044,real,ddos_multi_04,spoofed_flood,generator_ground_truth,docker_multihost,1993,1,-0.0,0.0039,0.0002,1993,10.9607
ddos_multi_04__ddos_spoofed_0,1,1789389411.462044,real,ddos_multi_04,spoofed_flood,generator_ground_truth,docker_multihost,2028,1,-0.0,0.0039,0.0002,2028,10.9858
ddos_multi_04__ddos_spoofed_0,1,1789389411.602044,real,ddos_multi_04,spoofed_flood,generator_ground_truth,docker_multihost,2063,1,-0.0,0.0039,0.0002,2063,11.0105
ddos_multi_04__ddos_spoofed_0,1,1789389411.7420442,real,ddos_multi_04,spoofed_flood,generator_ground_truth,docker_multihost,2099,1,-0.0,0.0039,0.0002,2099,11.0355
ddos_multi_04__ddos_spoofed_0,1,1789389411.8820443,real,ddos_multi_04,spoofed_flood,generator_ground_truth,docker_multihost,2135,1,-0.0,0.0039,0.0002,2135,11.06
ddos_multi_04__ddos_spoofed_0,1,1789389412.0220444,real,ddos_multi_04,spoofed_flood,generator_ground_truth,docker_multihost,2171,1,-0.0,0.0039,0.0002,2171,11.0841
ddos_multi_04__ddos_spoofed_0,1,1789389412.1620445,real,ddos_multi_04,spoofed_flood,generator_ground_truth,docker_multihost,2205,1,-0.0,0.0039,0.0002,2205,11.1066
ddos_multi_04__ddos_spoofed_0,1,1789389412.3020446,real,ddos_multi_04,spoofed_flood,generator_ground_truth,docker_multihost,2241,1,-0.0,0.0039,0.0002,2241,11.1299
ddos_multi_04__ddos_spoofed_0,1,1789389412.4420447,real,ddos_multi_04,spoofed_flood,generator_ground_truth,docker_multihost,2276,1,-0.0,0.0039,0.0002,2276,11.1523
ddos_multi_04__ddos_spoofed_0,1,1789389412.5820448,real,ddos_multi_04,spoofed_flood,generator_ground_truth,docker_multihost,2311,1,-0.0,0.0039,0.0002,2311,11.1743
ddos_multi_04__ddos_spoofed_0,1,1789389412.722045,real,ddos_multi_04,spoofed_flood,generator_ground_truth,docker_multihost,2347,1,-0.0,0.0039,0.0002,2347,11.1966
ddos_multi_04__ddos_spoofed_0,1,1789389412.862045,real,ddos_multi_04,spoofed_flood,generator_ground_truth,docker_multihost,2381,1,-0.0,0.0039,0.0002,2381,11.2174
ddos_multi_04__ddos_spoofed_0,1,1789389413.0020452,real,ddos_multi_04,spoofed_flood,generator_ground_truth,docker_multihost,2416,1,-0.0,0.0039,0.0002,2416,11.2384
ddos_multi_04__ddos_spoofed_0,1,1789389413.1420453,real,ddos_multi_04,spoofed_flood,generator_ground_truth,docker_multihost,2452,1,-0.0,0.0039,0.0002,2452,11.2597
ddos_multi_04__ddos_spoofed_0,1,1789389413.2820454,real,ddos_multi_04,spoofed_flood,generator_ground_truth,docker_multihost,2488,1,-0.0,0.0039,0.0002,2488,11.2808
ddos_multi_04__ddos_spoofed_0,1,1789389413.4220455,real,ddos_multi_04,spoofed_flood,generator_ground_truth,docker_multihost,2523,1,-0.0,0.0039,0.0002,2523,11.3009
ddos_multi_04__ddos_spoofed_0,1,1789389413.5620456,real,ddos_multi_04,spoofed_flood,generator_ground_truth,docker_multihost,2537,1,-0.0,0.0039,0.0002,2537,11.3089
ddos_multi_04__ddos_spoofed_0,1,1789389413.7020457,real,ddos_multi_04,spoofed_flood,generator_ground_truth,docker_multihost,2538,1,-0.0,0.0039,0.0002,2538,11.3095
ddos_multi_04__ddos_spoofed_0,1,1789389413.8420458,real,ddos_multi_04,spoofed_flood,generator_ground_truth,docker_multihost,2538,1,-0.0,0.0039,0.0002,2538,11.3095
ddos_multi_04__ddos_spoofed_0,1,1789389413.982046,real,ddos_multi_04,spoofed_flood,generator_ground_truth,docker_multihost,2538,1,-0.0,0.0039,0.0002,2538,11.3095
ddos_multi_04__ddos_spoofed_0,1,1789389414.122046,real,ddos_multi_04,spoofed_flood,generator_ground_truth,docker_multihost,2538,1,-0.0,0.0039,0.0002,2538,11.3095
ddos_multi_04__ddos_spoofed_0,1,1789389414.262046,real,ddos_multi_04,spoofed_flood,generator_ground_truth,docker_multihost,2539,1,-0.0,0.0039,0.0002,2539,11.31
ddos_multi_04__ddos_spoofed_0,1,1789389414.4020462,real,ddos_multi_04,spoofed_flood,generator_ground_truth,docker_multihost,2539,1,-0.0,0.0039,0.0002,2539,11.31
ddos_multi_04__ddos_spoofed_0,1,1789389414.5420463,real,ddos_multi_04,spoofed_flood,generator_ground_truth,docker_multihost,2539,1,-0.0,0.0039,0.0002,2539,11.31
ddos_multi_04__ddos_spoofed_0,1,1789389414.6820464,real,ddos_multi_04,spoofed_flood,generator_ground_truth,docker_multihost,2537,1,-0.0,0.0039,0.0002,2537,11.3089
ddos_multi_04__ddos_spoofed_0,1,1789389414.8220465,real,ddos_multi_04,spoofed_flood,generator_ground_truth,docker_multihost,2538,1,-0.0,0.0039,0.0002,2538,11.3095
ddos_multi_04__ddos_spoofed_0,1,1789389414.9620466,real,ddos_multi_04,spoofed_flood,generator_ground_truth,docker_multihost,2537,1,-0.0,0.0039,0.0002,2537,11.3089
ddos_multi_04__ddos_spoofed_0,1,1789389415.1020467,real,ddos_multi_04,spoofed_flood,generator_ground_truth,docker_multihost,2536,1,-0.0,0.0039,0.0002,2536,11.3083
ddos_multi_04__ddos_spoofed_0,1,1789389415.2420468,real,ddos_multi_04,spoofed_flood,generator_ground_truth,docker_multihost,2538,1,-0.0,0.0039,0.0002,2538,11.3095
ddos_multi_04__ddos_spoofed_0,1,1789389415.382047,real,ddos_multi_04,spoofed_flood,generator_ground_truth,docker_multihost,2537,1,-0.0,0.0039,0.0002,2537,11.3089
ddos_multi_04__ddos_spoofed_0,1,1789389415.522047,real,ddos_multi_04,spoofed_flood,generator_ground_truth,docker_multihost,2536,1,-0.0,0.0039,0.0002,2536,11.3083
ddos_multi_04__ddos_spoofed_0,1,1789389415.6620471,real,ddos_multi_04,spoofed_flood,generator_ground_truth,docker_multihost,2536,1,-0.0,0.0039,0.0002,2536,11.3083
ddos_multi_04__ddos_spoofed_0,1,1789389415.8020473,real,ddos_multi_04,spoofed_flood,generator_ground_truth,docker_multihost,2536,1,-0.0,0.0039,0.0002,2536,11.3083
ddos_multi_04__ddos_spoofed_0,1,1789389415.9420474,real,ddos_multi_04,spoofed_flood,generator_ground_truth,docker_multihost,2537,1,-0.0,0.0039,0.0002,2537,11.3089
ddos_multi_04__ddos_spoofed_0,1,1789389416.0820475,real,ddos_multi_04,spoofed_flood,generator_ground_truth,docker_multihost,2536,1,-0.0,0.0039,0.0002,2536,11.3083
ddos_multi_04__ddos_spoofed_0,1,1789389416.2220476,real,ddos_multi_04,spoofed_flood,generator_ground_truth,docker_multihost,2535,1,-0.0,0.0039,0.0002,2535,11.3078
ddos_multi_04__ddos_spoofed_0,1,1789389416.3620477,real,ddos_multi_04,spoofed_flood,generator_ground_truth,docker_multihost,2537,1,-0.0,0.0039,0.0002,2537,11.3089
ddos_multi_04__ddos_spoofed_0,1,1789389416.5020478,real,ddos_multi_04,spoofed_flood,generator_ground_truth,docker_multihost,2537,1,-0.0,0.0039,0.0002,2537,11.3089
ddos_multi_04__ddos_spoofed_0,1,1789389416.642048,real,ddos_multi_04,spoofed_flood,generator_ground_truth,docker_multihost,2536,1,-0.0,0.0039,0.0002,2536,11.3083
ddos_multi_04__ddos_spoofed_0,1,1789389416.782048,real,ddos_multi_04,spoofed_flood,generator_ground_truth,docker_multihost,2536,1,-0.0,0.0039,0.0002,2536,11.3083
ddos_multi_04__ddos_spoofed_0,1,1789389416.922048,real,ddos_multi_04,spoofed_flood,generator_ground_truth,docker_multihost,2536,1,-0.0,0.0039,0.0002,2536,11.3083
ddos_multi_04__ddos_spoofed_0,1,1789389417.0620482,real,ddos_multi_04,spoofed_flood,generator_ground_truth,docker_multihost,2537,1,-0.0,0.0039,0.0002,2537,11.3089
ddos_multi_04__ddos_spoofed_0,1,1789389417.2020483,real,ddos_multi_04,spoofed_flood,generator_ground_truth,docker_multihost,2539,1,-0.0,0.0039,0.0002,2539,11.31
ddos_multi_04__ddos_spoofed_0,1,1789389417.3420484,real,ddos_multi_04,spoofed_flood,generator_ground_truth,docker_multihost,2540,1,-0.0,0.0039,0.0002,2540,11.3106
ddos_multi_04__ddos_spoofed_0,1,1789389417.4820485,real,ddos_multi_04,spoofed_flood,generator_ground_truth,docker_multihost,2540,1,-0.0,0.0039,0.0002,2540,11.3106
ddos_multi_04__ddos_spoofed_0,1,1789389417.6220486,real,ddos_multi_04,spoofed_flood,generator_ground_truth,docker_multihost,2538,1,-0.0,0.0039,0.0002,2538,11.3095
ddos_multi_04__ddos_spoofed_0,1,1789389417.7620487,real,ddos_multi_04,spoofed_flood,generator_ground_truth,docker_multihost,2536,1,-0.0,0.0039,0.0002,2536,11.3083
ddos_multi_04__ddos_spoofed_0,1,1789389417.9020488,real,ddos_multi_04,spoofed_flood,generator_ground_truth,docker_multihost,2536,1,-0.0,0.0039,0.0002,2536,11.3083
ddos_multi_04__ddos_spoofed_0,1,1789389418.042049,real,ddos_multi_04,spoofed_flood,generator_ground_truth,docker_multihost,2537,1,-0.0,0.0039,0.0002,2537,11.3089
ddos_multi_04__ddos_spoofed_0,1,1789389418.182049,real,ddos_multi_04,spoofed_flood,generator_ground_truth,docker_multihost,2519,1,-0.0,0.0039,0.0002,2519,11.2986
ddos_multi_04__ddos_spoofed_0,1,1789389418.3220491,real,ddos_multi_04,spoofed_flood,generator_ground_truth,docker_multihost,2484,1,-0.0,0.0039,0.0002,2484,11.2784
ddos_multi_04__ddos_spoofed_0,1,1789389418.4620492,real,ddos_multi_04,spoofed_flood,generator_ground_truth,docker_multihost,2449,1,-0.0,0.0039,0.0002,2449,11.258
ddos_multi_04__ddos_spoofed_0,1,1789389418.6020494,real,ddos_multi_04,spoofed_flood,generator_ground_truth,docker_multihost,2413,1,-0.0,0.0039,0.0002,2413,11.2366
ddos_multi_04__benign_udpspoof_1,0,1789389419.77617,real,ddos_multi_04,,generator_ground_truth,docker_multihost,1,1,-0.0,0.0,0.0,1,-0.0
ddos_multi_04__benign_udpspoof_1,0,1789389419.9161701,real,ddos_multi_04,,generator_ground_truth,docker_multihost,1,1,-0.0,0.0,0.0,1,-0.0
ddos_multi_04__benign_udpspoof_1,0,1789389420.0561702,real,ddos_multi_04,,generator_ground_truth,docker_multihost,1,1,-0.0,0.0,0.0,1,-0.0
ddos_multi_04__benign_udpspoof_1,0,1789389420.1961703,real,ddos_multi_04,,generator_ground_truth,docker_multihost,1,1,-0.0,0.0,0.0,1,-0.0
ddos_multi_04__benign_udpspoof_1,0,1789389420.3361704,real,ddos_multi_04,,generator_ground_truth,docker_multihost,1,1,-0.0,0.0,0.0,1,-0.0
ddos_multi_04__benign_udpspoof_1,0,1789389420.4761705,real,ddos_multi_04,,generator_ground_truth,docker_multihost,1,1,-0.0,0.0,0.0,1,-0.0
ddos_multi_04__benign_udpspoof_1,0,1789389420.6161706,real,ddos_multi_04,,generator_ground_truth,docker_multihost,1,1,-0.0,0.0,0.0,1,-0.0
ddos_multi_04__benign_udpspoof_1,0,1789389420.7561707,real,ddos_multi_04,,generator_ground_truth,docker_multihost,1,1,-0.0,0.0,0.0,1,-0.0
ddos_multi_04__benign_udpspoof_1,0,1789389420.8961709,real,ddos_multi_04,,generator_ground_truth,docker_multihost,2,1,-0.0,1.1469,0.0,1,-0.0
ddos_multi_04__benign_udpspoof_1,0,1789389421.036171,real,ddos_multi_04,,generator_ground_truth,docker_multihost,2,1,-0.0,1.1469,0.0,1,-0.0
ddos_multi_04__benign_udpspoof_1,0,1789389421.176171,real,ddos_multi_04,,generator_ground_truth,docker_multihost,2,1,-0.0,1.1469,0.0,1,-0.0
ddos_multi_04__benign_udpspoof_1,0,1789389421.3161712,real,ddos_multi_04,,generator_ground_truth,docker_multihost,2,1,-0.0,1.1469,0.0,1,-0.0
ddos_multi_04__benign_udpspoof_1,0,1789389421.4561713,real,ddos_multi_04,,generator_ground_truth,docker_multihost,2,1,-0.0,1.1469,0.0,1,-0.0
ddos_multi_04__benign_udpspoof_1,0,1789389421.5961714,real,ddos_multi_04,,generator_ground_truth,docker_multihost,2,1,-0.0,1.1469,0.0,1,-0.0
ddos_multi_04__benign_udpspoof_1,0,1789389421.7361715,real,ddos_multi_04,,generator_ground_truth,docker_multihost,2,1,-0.0,1.1469,0.0,1,-0.0
ddos_multi_04__benign_udpspoof_1,0,1789389421.8761716,real,ddos_multi_04,,generator_ground_truth,docker_multihost,3,1,-0.0,1.0638,0.0831,1,-0.0
ddos_multi_04__benign_udpspoof_1,0,1789389422.0161717,real,ddos_multi_04,,generator_ground_truth,docker_multihost,3,1,-0.0,1.0638,0.0831,1,-0.0
ddos_multi_04__benign_udpspoof_1,0,1789389422.1561718,real,ddos_multi_04,,generator_ground_truth,docker_multihost,3,1,-0.0,1.0638,0.0831,1,-0.0
ddos_multi_04__benign_udpspoof_1,0,1789389422.296172,real,ddos_multi_04,,generator_ground_truth,docker_multihost,3,1,-0.0,1.0638,0.0831,1,-0.0
ddos_multi_04__benign_udpspoof_1,0,1789389422.436172,real,ddos_multi_04,,generator_ground_truth,docker_multihost,3,1,-0.0,1.0638,0.0831,1,-0.0
ddos_multi_04__benign_udpspoof_1,0,1789389422.576172,real,ddos_multi_04,,generator_ground_truth,docker_multihost,3,1,-0.0,1.0638,0.0831,1,-0.0
ddos_multi_04__benign_udpspoof_1,0,1789389422.7161722,real,ddos_multi_04,,generator_ground_truth,docker_multihost,3,1,-0.0,1.0638,0.0831,1,-0.0
ddos_multi_04__benign_udpspoof_1,0,1789389422.8561723,real,ddos_multi_04,,generator_ground_truth,docker_multihost,3,1,-0.0,1.0638,0.0831,1,-0.0
ddos_multi_04__benign_udpspoof_1,0,1789389422.9961724,real,ddos_multi_04,,generator_ground_truth,docker_multihost,3,1,-0.0,1.0638,0.0831,1,-0.0
ddos_multi_04__benign_udpspoof_1,0,1789389423.1361725,real,ddos_multi_04,,generator_ground_truth,docker_multihost,3,1,-0.0,1.0638,0.0831,1,-0.0
ddos_multi_04__benign_udpspoof_1,0,1789389423.2761726,real,ddos_multi_04,,generator_ground_truth,docker_multihost,4,1,-0.0,1.1803,0.1781,1,-0.0
ddos_multi_04__benign_udpspoof_1,0,1789389423.4161727,real,ddos_multi_04,,generator_ground_truth,docker_multihost,4,1,-0.0,1.1803,0.1781,1,-0.0
ddos_multi_04__benign_udpspoof_1,0,1789389423.5561728,real,ddos_multi_04,,generator_ground_truth,docker_multihost,4,1,-0.0,1.1803,0.1781,1,-0.0
ddos_multi_04__benign_udpspoof_1,0,1789389423.696173,real,ddos_multi_04,,generator_ground_truth,docker_multihost,4,1,-0.0,1.1803,0.1781,1,-0.0
ddos_multi_04__benign_udpspoof_1,0,1789389423.836173,real,ddos_multi_04,,generator_ground_truth,docker_multihost,4,1,-0.0,1.1803,0.1781,1,-0.0
ddos_multi_04__benign_udpspoof_1,0,1789389423.9761732,real,ddos_multi_04,,generator_ground_truth,docker_multihost,4,1,-0.0,1.1803,0.1781,1,-0.0
ddos_multi_04__benign_udpspoof_1,0,1789389424.1161733,real,ddos_multi_04,,generator_ground_truth,docker_multihost,4,1,-0.0,1.1803,0.1781,1,-0.0
ddos_multi_04__benign_udpspoof_1,0,1789389424.2561734,real,ddos_multi_04,,generator_ground_truth,docker_multihost,4,1,-0.0,1.1803,0.1781,1,-0.0
ddos_multi_04__benign_udpspoof_1,0,1789389424.3961735,real,ddos_multi_04,,generator_ground_truth,docker_multihost,5,1,-0.0,1.1584,0.1588,1,-0.0
ddos_multi_04__benign_udpspoof_1,0,1789389424.5361736,real,ddos_multi_04,,generator_ground_truth,docker_multihost,5,1,-0.0,1.1584,0.1588,1,-0.0
ddos_multi_04__benign_udpspoof_1,0,1789389424.6761737,real,ddos_multi_04,,generator_ground_truth,docker_multihost,5,1,-0.0,1.1584,0.1588,1,-0.0
ddos_multi_04__benign_udpspoof_1,0,1789389424.8161738,real,ddos_multi_04,,generator_ground_truth,docker_multihost,5,1,-0.0,1.1584,0.1588,1,-0.0
ddos_multi_04__benign_udpspoof_1,0,1789389424.956174,real,ddos_multi_04,,generator_ground_truth,docker_multihost,5,1,-0.0,1.1584,0.1588,1,-0.0
ddos_multi_04__benign_udpspoof_1,0,1789389425.096174,real,ddos_multi_04,,generator_ground_truth,docker_multihost,5,1,-0.0,1.1584,0.1588,1,-0.0
ddos_multi_04__benign_udpspoof_1,0,1789389425.236174,real,ddos_multi_04,,generator_ground_truth,docker_multihost,5,1,-0.0,1.1584,0.1588,1,-0.0
ddos_multi_04__benign_udpspoof_1,0,1789389425.3761742,real,ddos_multi_04,,generator_ground_truth,docker_multihost,5,1,-0.0,1.1584,0.1588,1,-0.0
ddos_multi_04__benign_udpspoof_1,0,1789389425.5161743,real,ddos_multi_04,,generator_ground_truth,docker_multihost,5,1,-0.0,1.1584,0.1588,1,-0.0
ddos_multi_04__benign_udpspoof_1,0,1789389425.6561744,real,ddos_multi_04,,generator_ground_truth,docker_multihost,5,1,-0.0,1.1584,0.1588,1,-0.0
ddos_multi_04__benign_udpspoof_1,0,1789389425.7961745,real,ddos_multi_04,,generator_ground_truth,docker_multihost,6,1,-0.0,1.1947,0.1595,1,-0.0
ddos_multi_04__benign_udpspoof_1,0,1789389425.9361746,real,ddos_multi_04,,generator_ground_truth,docker_multihost,6,1,-0.0,1.1947,0.1595,1,-0.0
ddos_multi_04__benign_udpspoof_1,0,1789389426.0761747,real,ddos_multi_04,,generator_ground_truth,docker_multihost,6,1,-0.0,1.1947,0.1595,1,-0.0
ddos_multi_04__benign_udpspoof_1,0,1789389426.2161748,real,ddos_multi_04,,generator_ground_truth,docker_multihost,6,1,-0.0,1.1947,0.1595,1,-0.0
ddos_multi_04__benign_udpspoof_1,0,1789389426.356175,real,ddos_multi_04,,generator_ground_truth,docker_multihost,6,1,-0.0,1.1947,0.1595,1,-0.0
ddos_multi_04__benign_udpspoof_1,0,1789389426.496175,real,ddos_multi_04,,generator_ground_truth,docker_multihost,6,1,-0.0,1.1947,0.1595,1,-0.0
ddos_multi_04__benign_udpspoof_1,0,1789389426.6361752,real,ddos_multi_04,,generator_ground_truth,docker_multihost,6,1,-0.0,1.1947,0.1595,1,-0.0
ddos_multi_04__benign_udpspoof_1,0,1789389426.7761753,real,ddos_multi_04,,generator_ground_truth,docker_multihost,6,1,-0.0,1.1947,0.1595,1,-0.0
ddos_multi_04__benign_udpspoof_1,0,1789389426.9161754,real,ddos_multi_04,,generator_ground_truth,docker_multihost,6,1,-0.0,1.1947,0.1595,1,-0.0
ddos_multi_04__benign_udpspoof_1,0,1789389427.0561755,real,ddos_multi_04,,generator_ground_truth,docker_multihost,6,1,-0.0,1.1947,0.1595,1,-0.0
ddos_multi_04__benign_udpspoof_1,0,1789389427.1961756,real,ddos_multi_04,,generator_ground_truth,docker_multihost,7,1,-0.0,1.2279,0.1634,1,-0.0
ddos_multi_04__benign_udpspoof_1,0,1789389427.3361757,real,ddos_multi_04,,generator_ground_truth,docker_multihost,7,1,-0.0,1.2279,0.1634,1,-0.0
ddos_multi_04__benign_udpspoof_1,0,1789389427.4761758,real,ddos_multi_04,,generator_ground_truth,docker_multihost,7,1,-0.0,1.2279,0.1634,1,-0.0
ddos_multi_04__benign_udpspoof_1,0,1789389427.616176,real,ddos_multi_04,,generator_ground_truth,docker_multihost,7,1,-0.0,1.2279,0.1634,1,-0.0
ddos_multi_04__benign_udpspoof_1,0,1789389427.756176,real,ddos_multi_04,,generator_ground_truth,docker_multihost,8,1,-0.0,1.1353,0.2726,1,-0.0
ddos_multi_04__benign_udpspoof_1,0,1789389427.896176,real,ddos_multi_04,,generator_ground_truth,docker_multihost,8,1,-0.0,1.1353,0.2726,1,-0.0
ddos_multi_04__benign_udpspoof_1,0,1789389428.0361762,real,ddos_multi_04,,generator_ground_truth,docker_multihost,8,1,-0.0,1.1353,0.2726,1,-0.0
ddos_multi_04__benign_udpspoof_1,0,1789389428.1761763,real,ddos_multi_04,,generator_ground_truth,docker_multihost,8,1,-0.0,1.1353,0.2726,1,-0.0
ddos_multi_04__benign_udpspoof_1,0,1789389428.3161764,real,ddos_multi_04,,generator_ground_truth,docker_multihost,8,1,-0.0,1.1353,0.2726,1,-0.0
ddos_multi_04__benign_udpspoof_1,0,1789389428.4561765,real,ddos_multi_04,,generator_ground_truth,docker_multihost,8,1,-0.0,1.1353,0.2726,1,-0.0
ddos_multi_04__benign_udpspoof_1,0,1789389428.5961766,real,ddos_multi_04,,generator_ground_truth,docker_multihost,8,1,-0.0,1.1353,0.2726,1,-0.0
ddos_multi_04__benign_udpspoof_1,0,1789389428.7361767,real,ddos_multi_04,,generator_ground_truth,docker_multihost,8,1,-0.0,1.1353,0.2726,1,-0.0
ddos_multi_04__benign_udpspoof_1,0,1789389428.8761768,real,ddos_multi_04,,generator_ground_truth,docker_multihost,8,1,-0.0,1.1353,0.2726,1,-0.0
ddos_multi_04__benign_udpspoof_1,0,1789389429.016177,real,ddos_multi_04,,generator_ground_truth,docker_multihost,9,1,-0.0,1.1501,0.258,1,-0.0
ddos_multi_04__benign_udpspoof_1,0,1789389429.156177,real,ddos_multi_04,,generator_ground_truth,docker_multihost,9,1,-0.0,1.1501,0.258,1,-0.0
ddos_multi_04__benign_udpspoof_1,0,1789389429.2961771,real,ddos_multi_04,,generator_ground_truth,docker_multihost,9,1,-0.0,1.1501,0.258,1,-0.0
ddos_multi_04__benign_udpspoof_1,0,1789389429.4361773,real,ddos_multi_04,,generator_ground_truth,docker_multihost,9,1,-0.0,1.1501,0.258,1,-0.0
ddos_multi_04__benign_udpspoof_1,0,1789389429.5761774,real,ddos_multi_04,,generator_ground_truth,docker_multihost,10,1,-0.0,1.0885,0.2991,1,-0.0
ddos_multi_04__benign_udpspoof_1,0,1789389429.7161775,real,ddos_multi_04,,generator_ground_truth,docker_multihost,9,1,-0.0,1.0812,0.3165,1,-0.0
ddos_multi_04__benign_udpspoof_1,0,1789389429.8561776,real,ddos_multi_04,,generator_ground_truth,docker_multihost,9,1,-0.0,1.0812,0.3165,1,-0.0
ddos_multi_04__benign_udpspoof_1,0,1789389429.9961777,real,ddos_multi_04,,generator_ground_truth,docker_multihost,9,1,-0.0,1.0812,0.3165,1,-0.0
ddos_multi_04__benign_udpspoof_1,0,1789389430.1361778,real,ddos_multi_04,,generator_ground_truth,docker_multihost,9,1,-0.0,1.0812,0.3165,1,-0.0
ddos_multi_04__benign_udpspoof_1,0,1789389430.276178,real,ddos_multi_04,,generator_ground_truth,docker_multihost,9,1,-0.0,1.0812,0.3165,1,-0.0
ddos_multi_04__benign_udpspoof_1,0,1789389430.416178,real,ddos_multi_04,,generator_ground_truth,docker_multihost,9,1,-0.0,1.0812,0.3165,1,-0.0
ddos_multi_04__benign_udpspoof_1,0,1789389430.556178,real,ddos_multi_04,,generator_ground_truth,docker_multihost,9,1,-0.0,1.0812,0.3165,1,-0.0
ddos_multi_04__benign_udpspoof_1,0,1789389430.6961782,real,ddos_multi_04,,generator_ground_truth,docker_multihost,9,1,-0.0,1.0812,0.3165,1,-0.0
ddos_multi_04__benign_udpspoof_1,0,1789389430.8361783,real,ddos_multi_04,,generator_ground_truth,docker_multihost,8,1,-0.0,1.0956,0.3359,1,-0.0
ddos_multi_04__benign_udpspoof_1,0,1789389430.9761784,real,ddos_multi_04,,generator_ground_truth,docker_multihost,9,1,-0.0,1.1371,0.3329,1,-0.0
ddos_multi_04__benign_udpspoof_1,0,1789389431.1161785,real,ddos_multi_04,,generator_ground_truth,docker_multihost,9,1,-0.0,1.1371,0.3329,1,-0.0
ddos_multi_04__benign_udpspoof_1,0,1789389431.2561786,real,ddos_multi_04,,generator_ground_truth,docker_multihost,9,1,-0.0,1.1371,0.3329,1,-0.0
ddos_multi_04__benign_udpspoof_1,0,1789389431.3961787,real,ddos_multi_04,,generator_ground_truth,docker_multihost,9,1,-0.0,1.1371,0.3329,1,-0.0
ddos_multi_04__benign_udpspoof_1,0,1789389431.5361788,real,ddos_multi_04,,generator_ground_truth,docker_multihost,9,1,-0.0,1.1371,0.3329,1,-0.0
ddos_multi_04__benign_udpspoof_1,0,1789389431.676179,real,ddos_multi_04,,generator_ground_truth,docker_multihost,9,1,-0.0,1.1371,0.3329,1,-0.0
ddos_multi_04__benign_udpspoof_1,0,1789389431.816179,real,ddos_multi_04,,generator_ground_truth,docker_multihost,9,1,-0.0,1.1371,0.3329,1,-0.0
ddos_multi_04__benign_udpspoof_1,0,1789389431.9561791,real,ddos_multi_04,,generator_ground_truth,docker_multihost,8,1,-0.0,1.0977,0.3379,1,-0.0
ddos_multi_04__benign_udpspoof_1,0,1789389432.0961792,real,ddos_multi_04,,generator_ground_truth,docker_multihost,8,1,-0.0,1.0977,0.3379,1,-0.0
ddos_multi_04__benign_udpspoof_1,0,1789389432.2361794,real,ddos_multi_04,,generator_ground_truth,docker_multihost,9,1,-0.0,1.1197,0.3214,1,-0.0
ddos_multi_04__benign_udpspoof_1,0,1789389432.3761795,real,ddos_multi_04,,generator_ground_truth,docker_multihost,9,1,-0.0,1.1197,0.3214,1,-0.0
ddos_multi_04__benign_udpspoof_1,0,1789389432.5161796,real,ddos_multi_04,,generator_ground_truth,docker_multihost,9,1,-0.0,1.1197,0.3214,1,-0.0
ddos_multi_04__benign_udpspoof_1,0,1789389432.6561797,real,ddos_multi_04,,generator_ground_truth,docker_multihost,9,1,-0.0,1.1197,0.3214,1,-0.0
ddos_multi_04__benign_udpspoof_1,0,1789389432.7961798,real,ddos_multi_04,,generator_ground_truth,docker_multihost,9,1,-0.0,1.1197,0.3214,1,-0.0
ddos_multi_04__benign_udpspoof_1,0,1789389432.9361799,real,ddos_multi_04,,generator_ground_truth,docker_multihost,9,1,-0.0,1.1197,0.3214,1,-0.0
ddos_multi_04__benign_udpspoof_1,0,1789389433.07618,real,ddos_multi_04,,generator_ground_truth,docker_multihost,9,1,-0.0,1.1197,0.3214,1,-0.0
ddos_multi_04__benign_udpspoof_1,0,1789389433.21618,real,ddos_multi_04,,generator_ground_truth,docker_multihost,9,1,-0.0,1.1197,0.3214,1,-0.0
ddos_multi_04__benign_udpspoof_1,0,1789389433.3561802,real,ddos_multi_04,,generator_ground_truth,docker_multihost,8,1,-0.0,1.1235,0.3434,1,-0.0
ddos_multi_04__benign_udpspoof_1,0,1789389433.4961803,real,ddos_multi_04,,generator_ground_truth,docker_multihost,8,1,-0.0,1.1235,0.3434,1,-0.0
ddos_multi_04__benign_udpspoof_1,0,1789389433.6361804,real,ddos_multi_04,,generator_ground_truth,docker_multihost,9,1,-0.0,1.1604,0.3357,1,-0.0
ddos_multi_04__benign_udpspoof_1,0,1789389433.7761805,real,ddos_multi_04,,generator_ground_truth,docker_multihost,9,1,-0.0,1.1604,0.3357,1,-0.0
ddos_multi_04__benign_udpspoof_1,0,1789389433.9161806,real,ddos_multi_04,,generator_ground_truth,docker_multihost,9,1,-0.0,1.1604,0.3357,1,-0.0
ddos_multi_04__benign_udpspoof_1,0,1789389434.0561807,real,ddos_multi_04,,generator_ground_truth,docker_multihost,9,1,-0.0,1.1604,0.3357,1,-0.0
ddos_multi_04__benign_udpspoof_1,0,1789389434.1961808,real,ddos_multi_04,,generator_ground_truth,docker_multihost,9,1,-0.0,1.1604,0.3357,1,-0.0
ddos_multi_04__benign_udpspoof_1,0,1789389434.336181,real,ddos_multi_04,,generator_ground_truth,docker_multihost,8,1,-0.0,1.1348,0.3516,1,-0.0
ddos_multi_04__benign_udpspoof_1,0,1789389434.476181,real,ddos_multi_04,,generator_ground_truth,docker_multihost,8,1,-0.0,1.1348,0.3516,1,-0.0
ddos_multi_04__benign_udpspoof_1,0,1789389434.6161811,real,ddos_multi_04,,generator_ground_truth,docker_multihost,8,1,-0.0,1.1348,0.3516,1,-0.0
ddos_multi_04__benign_udpspoof_1,0,1789389434.7561812,real,ddos_multi_04,,generator_ground_truth,docker_multihost,9,1,-0.0,1.124,0.3301,1,-0.0
ddos_multi_04__benign_udpspoof_1,0,1789389434.8961813,real,ddos_multi_04,,generator_ground_truth,docker_multihost,9,1,-0.0,1.124,0.3301,1,-0.0
ddos_multi_04__benign_udpspoof_1,0,1789389435.0361814,real,ddos_multi_04,,generator_ground_truth,docker_multihost,9,1,-0.0,1.124,0.3301,1,-0.0
ddos_multi_04__benign_udpspoof_1,0,1789389435.1761816,real,ddos_multi_04,,generator_ground_truth,docker_multihost,9,1,-0.0,1.124,0.3301,1,-0.0
ddos_multi_04__benign_udpspoof_1,0,1789389435.3161817,real,ddos_multi_04,,generator_ground_truth,docker_multihost,9,1,-0.0,1.124,0.3301,1,-0.0
ddos_multi_04__benign_udpspoof_1,0,1789389435.4561818,real,ddos_multi_04,,generator_ground_truth,docker_multihost,10,1,-0.0,1.0833,0.3319,1,-0.0
ddos_multi_04__benign_udpspoof_1,0,1789389435.5961819,real,ddos_multi_04,,generator_ground_truth,docker_multihost,10,1,-0.0,1.0833,0.3319,1,-0.0
ddos_multi_04__benign_udpspoof_1,0,1789389435.736182,real,ddos_multi_04,,generator_ground_truth,docker_multihost,9,1,-0.0,1.0444,0.3321,1,-0.0
ddos_multi_04__benign_udpspoof_1,0,1789389435.876182,real,ddos_multi_04,,generator_ground_truth,docker_multihost,9,1,-0.0,1.0444,0.3321,1,-0.0
ddos_multi_04__benign_udpspoof_1,0,1789389436.0161822,real,ddos_multi_04,,generator_ground_truth,docker_multihost,10,1,-0.0,0.9902,0.3487,1,-0.0
ddos_multi_04__benign_udpspoof_1,0,1789389436.1561823,real,ddos_multi_04,,generator_ground_truth,docker_multihost,10,1,-0.0,0.9902,0.3487,1,-0.0
ddos_multi_04__benign_udpspoof_1,0,1789389436.2961824,real,ddos_multi_04,,generator_ground_truth,docker_multihost,10,1,-0.0,0.9902,0.3487,1,-0.0
ddos_multi_04__benign_udpspoof_1,0,1789389436.4361825,real,ddos_multi_04,,generator_ground_truth,docker_multihost,10,1,-0.0,0.9902,0.3487,1,-0.0
ddos_multi_04__benign_udpspoof_1,0,1789389436.5761826,real,ddos_multi_04,,generator_ground_truth,docker_multihost,10,1,-0.0,0.9902,0.3487,1,-0.0
ddos_multi_04__benign_udpspoof_1,0,1789389436.7161827,real,ddos_multi_04,,generator_ground_truth,docker_multihost,10,1,-0.0,0.9902,0.3487,1,-0.0
ddos_multi_04__benign_udpspoof_1,0,1789389436.8561828,real,ddos_multi_04,,generator_ground_truth,docker_multihost,10,1,-0.0,0.9902,0.3487,1,-0.0
ddos_multi_04__benign_udpspoof_1,0,1789389436.996183,real,ddos_multi_04,,generator_ground_truth,docker_multihost,11,1,-0.0,0.9829,0.3315,1,-0.0
ddos_multi_04__benign_udpspoof_1,0,1789389437.136183,real,ddos_multi_04,,generator_ground_truth,docker_multihost,10,1,-0.0,1.0277,0.3194,1,-0.0
ddos_multi_04__benign_udpspoof_1,0,1789389437.2761831,real,ddos_multi_04,,generator_ground_truth,docker_multihost,10,1,-0.0,1.0277,0.3194,1,-0.0
ddos_multi_04__benign_udpspoof_1,0,1789389437.4161832,real,ddos_multi_04,,generator_ground_truth,docker_multihost,10,1,-0.0,1.0277,0.3194,1,-0.0
ddos_multi_04__benign_udpspoof_1,0,1789389437.5561833,real,ddos_multi_04,,generator_ground_truth,docker_multihost,10,1,-0.0,1.0277,0.3194,1,-0.0
ddos_multi_04__benign_udpspoof_1,0,1789389437.6961834,real,ddos_multi_04,,generator_ground_truth,docker_multihost,9,1,-0.0,0.9995,0.3281,1,-0.0
ddos_multi_04__benign_udpspoof_1,0,1789389437.8361835,real,ddos_multi_04,,generator_ground_truth,docker_multihost,9,1,-0.0,0.9995,0.3281,1,-0.0
ddos_multi_04__benign_udpspoof_1,0,1789389437.9761837,real,ddos_multi_04,,generator_ground_truth,docker_multihost,9,1,-0.0,0.9995,0.3281,1,-0.0
ddos_multi_04__benign_udpspoof_1,0,1789389438.1161838,real,ddos_multi_04,,generator_ground_truth,docker_multihost,9,1,-0.0,0.9995,0.3281,1,-0.0
ddos_multi_04__benign_udpspoof_1,0,1789389438.2561839,real,ddos_multi_04,,generator_ground_truth,docker_multihost,10,1,-0.0,1.0353,0.3254,1,-0.0
ddos_multi_04__benign_udpspoof_1,0,1789389438.396184,real,ddos_multi_04,,generator_ground_truth,docker_multihost,10,1,-0.0,1.0353,0.3254,1,-0.0
ddos_multi_04__benign_udpspoof_1,0,1789389438.536184,real,ddos_multi_04,,generator_ground_truth,docker_multihost,10,1,-0.0,1.0353,0.3254,1,-0.0
ddos_multi_04__benign_udpspoof_1,0,1789389438.6761842,real,ddos_multi_04,,generator_ground_truth,docker_multihost,10,1,-0.0,1.0353,0.3254,1,-0.0
ddos_multi_04__benign_udpspoof_1,0,1789389438.8161843,real,ddos_multi_04,,generator_ground_truth,docker_multihost,10,1,-0.0,1.0353,0.3254,1,-0.0
ddos_multi_04__benign_udpspoof_1,0,1789389438.9561844,real,ddos_multi_04,,generator_ground_truth,docker_multihost,10,1,-0.0,1.0453,0.3129,1,-0.0
ddos_multi_04__benign_udpspoof_1,0,1789389439.0961845,real,ddos_multi_04,,generator_ground_truth,docker_multihost,10,1,-0.0,1.0453,0.3129,1,-0.0
ddos_multi_04__benign_udpspoof_1,0,1789389439.2361846,real,ddos_multi_04,,generator_ground_truth,docker_multihost,10,1,-0.0,1.0453,0.3129,1,-0.0
ddos_multi_04__benign_udpspoof_1,0,1789389439.3761847,real,ddos_multi_04,,generator_ground_truth,docker_multihost,10,1,-0.0,1.0453,0.3129,1,-0.0
ddos_multi_04__benign_udpspoof_1,0,1789389439.5161848,real,ddos_multi_04,,generator_ground_truth,docker_multihost,9,1,-0.0,0.9975,0.2992,1,-0.0
ddos_multi_04__benign_udpspoof_1,0,1789389439.656185,real,ddos_multi_04,,generator_ground_truth,docker_multihost,9,1,-0.0,0.9975,0.2992,1,-0.0
ddos_multi_04__benign_udpspoof_1,0,1789389439.796185,real,ddos_multi_04,,generator_ground_truth,docker_multihost,9,1,-0.0,0.9975,0.2992,1,-0.0
ddos_multi_04__benign_udpspoof_1,0,1789389439.9361851,real,ddos_multi_04,,generator_ground_truth,docker_multihost,9,1,-0.0,0.9975,0.2992,1,-0.0
ddos_multi_04__benign_udpspoof_1,0,1789389440.0761852,real,ddos_multi_04,,generator_ground_truth,docker_multihost,9,1,-0.0,0.9975,0.2992,1,-0.0
ddos_multi_04__benign_udpspoof_1,0,1789389440.2161853,real,ddos_multi_04,,generator_ground_truth,docker_multihost,9,1,-0.0,0.9975,0.2992,1,-0.0
ddos_multi_04__benign_udpspoof_1,0,1789389440.3561854,real,ddos_multi_04,,generator_ground_truth,docker_multihost,9,1,-0.0,0.9975,0.2992,1,-0.0
ddos_multi_04__benign_udpspoof_1,0,1789389440.4961855,real,ddos_multi_04,,generator_ground_truth,docker_multihost,10,1,-0.0,1.0512,0.3205,1,-0.0
ddos_multi_04__benign_udpspoof_1,0,1789389440.6361856,real,ddos_multi_04,,generator_ground_truth,docker_multihost,10,1,-0.0,1.0512,0.3205,1,-0.0
ddos_multi_04__benign_udpspoof_1,0,1789389440.7761858,real,ddos_multi_04,,generator_ground_truth,docker_multihost,10,1,-0.0,1.0512,0.3205,1,-0.0
ddos_multi_04__benign_udpspoof_1,0,1789389440.9161859,real,ddos_multi_04,,generator_ground_truth,docker_multihost,9,1,-0.0,1.0235,0.3295,1,-0.0
ddos_multi_04__benign_udpspoof_1,0,1789389441.056186,real,ddos_multi_04,,generator_ground_truth,docker_multihost,9,1,-0.0,1.0235,0.3295,1,-0.0
ddos_multi_04__benign_udpspoof_1,0,1789389441.196186,real,ddos_multi_04,,generator_ground_truth,docker_multihost,9,1,-0.0,1.0235,0.3295,1,-0.0
ddos_multi_04__benign_udpspoof_1,0,1789389441.3361862,real,ddos_multi_04,,generator_ground_truth,docker_multihost,10,1,-0.0,1.0019,0.3166,1,-0.0
ddos_multi_04__benign_udpspoof_1,0,1789389441.4761863,real,ddos_multi_04,,generator_ground_truth,docker_multihost,10,1,-0.0,1.0019,0.3166,1,-0.0
ddos_multi_04__benign_udpspoof_1,0,1789389441.6161864,real,ddos_multi_04,,generator_ground_truth,docker_multihost,10,1,-0.0,1.0019,0.3166,1,-0.0
ddos_multi_04__benign_udpspoof_1,0,1789389441.7561865,real,ddos_multi_04,,generator_ground_truth,docker_multihost,10,1,-0.0,1.0019,0.3166,1,-0.0
ddos_multi_04__benign_udpspoof_1,0,1789389441.8961866,real,ddos_multi_04,,generator_ground_truth,docker_multihost,10,1,-0.0,1.0019,0.3166,1,-0.0
ddos_multi_04__benign_udpspoof_1,0,1789389442.0361867,real,ddos_multi_04,,generator_ground_truth,docker_multihost,10,1,-0.0,1.0019,0.3166,1,-0.0
ddos_multi_04__benign_udpspoof_1,0,1789389442.1761868,real,ddos_multi_04,,generator_ground_truth,docker_multihost,11,1,-0.0,0.9883,0.3031,1,-0.0
ddos_multi_04__benign_udpspoof_1,0,1789389442.316187,real,ddos_multi_04,,generator_ground_truth,docker_multihost,10,1,-0.0,0.9405,0.2815,1,-0.0
ddos_multi_04__benign_udpspoof_1,0,1789389442.456187,real,ddos_multi_04,,generator_ground_truth,docker_multihost,10,1,-0.0,0.9405,0.2815,1,-0.0
ddos_multi_04__benign_udpspoof_1,0,1789389442.596187,real,ddos_multi_04,,generator_ground_truth,docker_multihost,10,1,-0.0,0.9405,0.2815,1,-0.0
ddos_multi_04__benign_udpspoof_1,0,1789389442.7361872,real,ddos_multi_04,,generator_ground_truth,docker_multihost,10,1,-0.0,0.9405,0.2815,1,-0.0
ddos_multi_04__benign_udpspoof_1,0,1789389442.8761873,real,ddos_multi_04,,generator_ground_truth,docker_multihost,11,1,-0.0,0.9156,0.2773,1,-0.0
ddos_multi_04__benign_udpspoof_1,0,1789389443.0161874,real,ddos_multi_04,,generator_ground_truth,docker_multihost,11,1,-0.0,0.9156,0.2773,1,-0.0
ddos_multi_04__benign_udpspoof_1,0,1789389443.1561875,real,ddos_multi_04,,generator_ground_truth,docker_multihost,11,1,-0.0,0.9156,0.2773,1,-0.0
ddos_multi_04__benign_udpspoof_1,0,1789389443.2961876,real,ddos_multi_04,,generator_ground_truth,docker_multihost,11,1,-0.0,0.9156,0.2773,1,-0.0
ddos_multi_04__benign_udpspoof_1,0,1789389443.4361877,real,ddos_multi_04,,generator_ground_truth,docker_multihost,11,1,-0.0,0.9156,0.2773,1,-0.0
ddos_multi_04__benign_udpspoof_1,0,1789389443.5761878,real,ddos_multi_04,,generator_ground_truth,docker_multihost,12,1,-0.0,0.898,0.2702,1,-0.0
ddos_multi_04__benign_udpspoof_1,0,1789389443.716188,real,ddos_multi_04,,generator_ground_truth,docker_multihost,11,1,-0.0,0.8829,0.2789,1,-0.0
ddos_multi_04__benign_udpspoof_1,0,1789389443.856188,real,ddos_multi_04,,generator_ground_truth,docker_multihost,11,1,-0.0,0.8829,0.2789,1,-0.0
ddos_multi_04__ddos_spoofed_1,1,1789389445.1042814,real,ddos_multi_04,spoofed_flood,generator_ground_truth,docker_multihost,42,1,-0.0,0.0033,0.0001,42,5.3923
ddos_multi_04__ddos_spoofed_1,1,1789389445.2442815,real,ddos_multi_04,spoofed_flood,generator_ground_truth,docker_multihost,85,1,-0.0,0.0033,0.0001,85,6.4094
ddos_multi_04__ddos_spoofed_1,1,1789389445.3842816,real,ddos_multi_04,spoofed_flood,generator_ground_truth,docker_multihost,127,1,-0.0,0.0033,0.0001,127,6.9887
ddos_multi_04__ddos_spoofed_1,1,1789389445.5242817,real,ddos_multi_04,spoofed_flood,generator_ground_truth,docker_multihost,169,1,-0.0,0.0033,0.0001,169,7.4009
ddos_multi_04__ddos_spoofed_1,1,1789389445.6642818,real,ddos_multi_04,spoofed_flood,generator_ground_truth,docker_multihost,212,1,-0.0,0.0033,0.0001,212,7.7279
ddos_multi_04__ddos_spoofed_1,1,1789389445.804282,real,ddos_multi_04,spoofed_flood,generator_ground_truth,docker_multihost,254,1,-0.0,0.0033,0.0001,254,7.9887
ddos_multi_04__ddos_spoofed_1,1,1789389445.944282,real,ddos_multi_04,spoofed_flood,generator_ground_truth,docker_multihost,295,1,-0.0,0.0033,0.0001,295,8.2046
ddos_multi_04__ddos_spoofed_1,1,1789389446.0842822,real,ddos_multi_04,spoofed_flood,generator_ground_truth,docker_multihost,337,1,-0.0,0.0033,0.0001,337,8.3966
ddos_multi_04__ddos_spoofed_1,1,1789389446.2242823,real,ddos_multi_04,spoofed_flood,generator_ground_truth,docker_multihost,379,1,-0.0,0.0033,0.0001,379,8.5661
ddos_multi_04__ddos_spoofed_1,1,1789389446.3642824,real,ddos_multi_04,spoofed_flood,generator_ground_truth,docker_multihost,421,1,-0.0,0.0033,0.0001,421,8.7177
ddos_multi_04__ddos_spoofed_1,1,1789389446.5042825,real,ddos_multi_04,spoofed_flood,generator_ground_truth,docker_multihost,463,1,-0.0,0.0033,0.0001,463,8.8549
ddos_multi_04__ddos_spoofed_1,1,1789389446.6442826,real,ddos_multi_04,spoofed_flood,generator_ground_truth,docker_multihost,505,1,-0.0,0.0033,0.0002,505,8.9801
ddos_multi_04__ddos_spoofed_1,1,1789389446.7842827,real,ddos_multi_04,spoofed_flood,generator_ground_truth,docker_multihost,547,1,-0.0,0.0033,0.0002,547,9.0954
ddos_multi_04__ddos_spoofed_1,1,1789389446.9242828,real,ddos_multi_04,spoofed_flood,generator_ground_truth,docker_multihost,589,1,-0.0,0.0033,0.0001,589,9.2021
ddos_multi_04__ddos_spoofed_1,1,1789389447.064283,real,ddos_multi_04,spoofed_flood,generator_ground_truth,docker_multihost,631,1,-0.0,0.0033,0.0001,631,9.3015
ddos_multi_04__ddos_spoofed_1,1,1789389447.204283,real,ddos_multi_04,spoofed_flood,generator_ground_truth,docker_multihost,671,1,-0.0,0.0033,0.0002,671,9.3902
ddos_multi_04__ddos_spoofed_1,1,1789389447.344283,real,ddos_multi_04,spoofed_flood,generator_ground_truth,docker_multihost,713,1,-0.0,0.0033,0.0002,713,9.4778
ddos_multi_04__ddos_spoofed_1,1,1789389447.4842832,real,ddos_multi_04,spoofed_flood,generator_ground_truth,docker_multihost,756,1,-0.0,0.0033,0.0002,756,9.5622
ddos_multi_04__ddos_spoofed_1,1,1789389447.6242833,real,ddos_multi_04,spoofed_flood,generator_ground_truth,docker_multihost,799,1,-0.0,0.0033,0.0002,799,9.6421
ddos_multi_04__ddos_spoofed_1,1,1789389447.7642834,real,ddos_multi_04,spoofed_flood,generator_ground_truth,docker_multihost,842,1,-0.0,0.0033,0.0002,842,9.7177
ddos_multi_04__ddos_spoofed_1,1,1789389447.9042835,real,ddos_multi_04,spoofed_flood,generator_ground_truth,docker_multihost,884,1,-0.0,0.0033,0.0002,884,9.7879
ddos_multi_04__ddos_spoofed_1,1,1789389448.0442836,real,ddos_multi_04,spoofed_flood,generator_ground_truth,docker_multihost,926,1,-0.0,0.0033,0.0002,926,9.8549
ddos_multi_04__ddos_spoofed_1,1,1789389448.1842837,real,ddos_multi_04,spoofed_flood,generator_ground_truth,docker_multihost,968,1,-0.0,0.0033,0.0002,968,9.9189
ddos_multi_04__ddos_spoofed_1,1,1789389448.3242838,real,ddos_multi_04,spoofed_flood,generator_ground_truth,docker_multihost,1011,1,-0.0,0.0033,0.0002,1011,9.9816
ddos_multi_04__ddos_spoofed_1,1,1789389448.464284,real,ddos_multi_04,spoofed_flood,generator_ground_truth,docker_multihost,1054,1,-0.0,0.0033,0.0002,1054,10.0417
ddos_multi_04__ddos_spoofed_1,1,1789389448.604284,real,ddos_multi_04,spoofed_flood,generator_ground_truth,docker_multihost,1097,1,-0.0,0.0033,0.0002,1097,10.0993
ddos_multi_04__ddos_spoofed_1,1,1789389448.7442842,real,ddos_multi_04,spoofed_flood,generator_ground_truth,docker_multihost,1139,1,-0.0,0.0033,0.0002,1139,10.1536
ddos_multi_04__ddos_spoofed_1,1,1789389448.8842843,real,ddos_multi_04,spoofed_flood,generator_ground_truth,docker_multihost,1181,1,-0.0,0.0033,0.0002,1181,10.2058
ddos_multi_04__ddos_spoofed_1,1,1789389449.0242844,real,ddos_multi_04,spoofed_flood,generator_ground_truth,docker_multihost,1223,1,-0.0,0.0033,0.0002,1223,10.2562
ddos_multi_04__ddos_spoofed_1,1,1789389449.1642845,real,ddos_multi_04,spoofed_flood,generator_ground_truth,docker_multihost,1266,1,-0.0,0.0033,0.0002,1266,10.3061
ddos_multi_04__ddos_spoofed_1,1,1789389449.3042846,real,ddos_multi_04,spoofed_flood,generator_ground_truth,docker_multihost,1308,1,-0.0,0.0033,0.0002,1308,10.3531
ddos_multi_04__ddos_spoofed_1,1,1789389449.4442847,real,ddos_multi_04,spoofed_flood,generator_ground_truth,docker_multihost,1349,1,-0.0,0.0033,0.0002,1349,10.3977
ddos_multi_04__ddos_spoofed_1,1,1789389449.5842848,real,ddos_multi_04,spoofed_flood,generator_ground_truth,docker_multihost,1391,1,-0.0,0.0033,0.0002,1391,10.4419
ddos_multi_04__ddos_spoofed_1,1,1789389449.724285,real,ddos_multi_04,spoofed_flood,generator_ground_truth,docker_multihost,1434,1,-0.0,0.0033,0.0002,1434,10.4858
ddos_multi_04__ddos_spoofed_1,1,1789389449.864285,real,ddos_multi_04,spoofed_flood,generator_ground_truth,docker_multihost,1476,1,-0.0,0.0033,0.0002,1476,10.5275
ddos_multi_04__ddos_spoofed_1,1,1789389450.004285,real,ddos_multi_04,spoofed_flood,generator_ground_truth,docker_multihost,1518,1,-0.0,0.0033,0.0002,1518,10.568
ddos_multi_04__ddos_spoofed_1,1,1789389450.1442852,real,ddos_multi_04,spoofed_flood,generator_ground_truth,docker_multihost,1561,1,-0.0,0.0033,0.0002,1561,10.6083
ddos_multi_04__ddos_spoofed_1,1,1789389450.2842853,real,ddos_multi_04,spoofed_flood,generator_ground_truth,docker_multihost,1603,1,-0.0,0.0033,0.0002,1603,10.6466
ddos_multi_04__ddos_spoofed_1,1,1789389450.4242854,real,ddos_multi_04,spoofed_flood,generator_ground_truth,docker_multihost,1646,1,-0.0,0.0033,0.0002,1646,10.6847
ddos_multi_04__ddos_spoofed_1,1,1789389450.5642855,real,ddos_multi_04,spoofed_flood,generator_ground_truth,docker_multihost,1688,1,-0.0,0.0033,0.0002,1688,10.7211
ddos_multi_04__ddos_spoofed_1,1,1789389450.7042856,real,ddos_multi_04,spoofed_flood,generator_ground_truth,docker_multihost,1730,1,-0.0,0.0033,0.0002,1730,10.7566
ddos_multi_04__ddos_spoofed_1,1,1789389450.8442857,real,ddos_multi_04,spoofed_flood,generator_ground_truth,docker_multihost,1773,1,-0.0,0.0033,0.0002,1773,10.792
ddos_multi_04__ddos_spoofed_1,1,1789389450.9842858,real,ddos_multi_04,spoofed_flood,generator_ground_truth,docker_multihost,1815,1,-0.0,0.0033,0.0001,1815,10.8258
ddos_multi_04__ddos_spoofed_1,1,1789389451.124286,real,ddos_multi_04,spoofed_flood,generator_ground_truth,docker_multihost,1856,1,-0.0,0.0033,0.0002,1856,10.858
ddos_multi_04__ddos_spoofed_1,1,1789389451.264286,real,ddos_multi_04,spoofed_flood,generator_ground_truth,docker_multihost,1897,1,-0.0,0.0033,0.0002,1897,10.8895
ddos_multi_04__ddos_spoofed_1,1,1789389451.4042861,real,ddos_multi_04,spoofed_flood,generator_ground_truth,docker_multihost,1940,1,-0.0,0.0033,0.0002,1940,10.9218
ddos_multi_04__ddos_spoofed_1,1,1789389451.5442863,real,ddos_multi_04,spoofed_flood,generator_ground_truth,docker_multihost,1983,1,-0.0,0.0033,0.0002,1983,10.9535
ddos_multi_04__ddos_spoofed_1,1,1789389451.6842864,real,ddos_multi_04,spoofed_flood,generator_ground_truth,docker_multihost,2026,1,-0.0,0.0033,0.0002,2026,10.9844
ddos_multi_04__ddos_spoofed_1,1,1789389451.8242865,real,ddos_multi_04,spoofed_flood,generator_ground_truth,docker_multihost,2069,1,-0.0,0.0033,0.0002,2069,11.0147
ddos_multi_04__ddos_spoofed_1,1,1789389451.9642866,real,ddos_multi_04,spoofed_flood,generator_ground_truth,docker_multihost,2111,1,-0.0,0.0033,0.0002,2111,11.0437
ddos_multi_04__ddos_spoofed_1,1,1789389452.1042867,real,ddos_multi_04,spoofed_flood,generator_ground_truth,docker_multihost,2152,1,-0.0,0.0033,0.0002,2152,11.0715
ddos_multi_04__ddos_spoofed_1,1,1789389452.2442868,real,ddos_multi_04,spoofed_flood,generator_ground_truth,docker_multihost,2193,1,-0.0,0.0033,0.0002,2193,11.0987
ddos_multi_04__ddos_spoofed_1,1,1789389452.3842869,real,ddos_multi_04,spoofed_flood,generator_ground_truth,docker_multihost,2235,1,-0.0,0.0033,0.0002,2235,11.1261
ddos_multi_04__ddos_spoofed_1,1,1789389452.524287,real,ddos_multi_04,spoofed_flood,generator_ground_truth,docker_multihost,2277,1,-0.0,0.0033,0.0002,2277,11.1529
ddos_multi_04__ddos_spoofed_1,1,1789389452.664287,real,ddos_multi_04,spoofed_flood,generator_ground_truth,docker_multihost,2320,1,-0.0,0.0033,0.0002,2320,11.1799
ddos_multi_04__ddos_spoofed_1,1,1789389452.8042872,real,ddos_multi_04,spoofed_flood,generator_ground_truth,docker_multihost,2361,1,-0.0,0.0033,0.0002,2361,11.2052
ddos_multi_04__ddos_spoofed_1,1,1789389452.9442873,real,ddos_multi_04,spoofed_flood,generator_ground_truth,docker_multihost,2403,1,-0.0,0.0033,0.0002,2403,11.2306
ddos_multi_04__ddos_spoofed_1,1,1789389453.0842874,real,ddos_multi_04,spoofed_flood,generator_ground_truth,docker_multihost,2443,1,-0.0,0.0033,0.0002,2443,11.2544
ddos_multi_04__ddos_spoofed_1,1,1789389453.2242875,real,ddos_multi_04,spoofed_flood,generator_ground_truth,docker_multihost,2485,1,-0.0,0.0033,0.0002,2485,11.279
ddos_multi_04__ddos_spoofed_1,1,1789389453.3642876,real,ddos_multi_04,spoofed_flood,generator_ground_truth,docker_multihost,2527,1,-0.0,0.0033,0.0002,2527,11.3032
ddos_multi_04__ddos_spoofed_1,1,1789389453.5042877,real,ddos_multi_04,spoofed_flood,generator_ground_truth,docker_multihost,2569,1,-0.0,0.0033,0.0002,2569,11.327
ddos_multi_04__ddos_spoofed_1,1,1789389453.6442878,real,ddos_multi_04,spoofed_flood,generator_ground_truth,docker_multihost,2612,1,-0.0,0.0033,0.0002,2612,11.3509
ddos_multi_04__ddos_spoofed_1,1,1789389453.784288,real,ddos_multi_04,spoofed_flood,generator_ground_truth,docker_multihost,2655,1,-0.0,0.0033,0.0002,2655,11.3745
ddos_multi_04__ddos_spoofed_1,1,1789389453.924288,real,ddos_multi_04,spoofed_flood,generator_ground_truth,docker_multihost,2698,1,-0.0,0.0033,0.0002,2698,11.3977
ddos_multi_04__ddos_spoofed_1,1,1789389454.0642881,real,ddos_multi_04,spoofed_flood,generator_ground_truth,docker_multihost,2741,1,-0.0,0.0033,0.0002,2741,11.4205
ddos_multi_04__ddos_spoofed_1,1,1789389454.2042882,real,ddos_multi_04,spoofed_flood,generator_ground_truth,docker_multihost,2783,1,-0.0,0.0033,0.0002,2783,11.4424
ddos_multi_04__ddos_spoofed_1,1,1789389454.3442883,real,ddos_multi_04,spoofed_flood,generator_ground_truth,docker_multihost,2825,1,-0.0,0.0033,0.0002,2825,11.464
ddos_multi_04__ddos_spoofed_1,1,1789389454.4842885,real,ddos_multi_04,spoofed_flood,generator_ground_truth,docker_multihost,2868,1,-0.0,0.0033,0.0002,2868,11.4858
ddos_multi_04__ddos_spoofed_1,1,1789389454.6242886,real,ddos_multi_04,spoofed_flood,generator_ground_truth,docker_multihost,2910,1,-0.0,0.0033,0.0002,2910,11.5068
ddos_multi_04__ddos_spoofed_1,1,1789389454.7642887,real,ddos_multi_04,spoofed_flood,generator_ground_truth,docker_multihost,2952,1,-0.0,0.0033,0.0002,2952,11.5275
ddos_multi_04__ddos_spoofed_1,1,1789389454.9042888,real,ddos_multi_04,spoofed_flood,generator_ground_truth,docker_multihost,2994,1,-0.0,0.0033,0.0002,2994,11.5479
ddos_multi_04__ddos_spoofed_1,1,1789389455.0442889,real,ddos_multi_04,spoofed_flood,generator_ground_truth,docker_multihost,3012,1,-0.0,0.0033,0.0002,3012,11.5565
ddos_multi_04__ddos_spoofed_1,1,1789389455.184289,real,ddos_multi_04,spoofed_flood,generator_ground_truth,docker_multihost,3012,1,-0.0,0.0033,0.0002,3012,11.5565
ddos_multi_04__ddos_spoofed_1,1,1789389455.324289,real,ddos_multi_04,spoofed_flood,generator_ground_truth,docker_multihost,3010,1,-0.0,0.0033,0.0002,3010,11.5555
ddos_multi_04__ddos_spoofed_1,1,1789389455.4642892,real,ddos_multi_04,spoofed_flood,generator_ground_truth,docker_multihost,3010,1,-0.0,0.0033,0.0002,3010,11.5555
ddos_multi_04__ddos_spoofed_1,1,1789389455.6042893,real,ddos_multi_04,spoofed_flood,generator_ground_truth,docker_multihost,3009,1,-0.0,0.0033,0.0002,3009,11.5551
ddos_multi_04__ddos_spoofed_1,1,1789389455.7442894,real,ddos_multi_04,spoofed_flood,generator_ground_truth,docker_multihost,3010,1,-0.0,0.0033,0.0002,3010,11.5555
ddos_multi_04__ddos_spoofed_1,1,1789389455.8842895,real,ddos_multi_04,spoofed_flood,generator_ground_truth,docker_multihost,3010,1,-0.0,0.0033,0.0002,3010,11.5555
ddos_multi_04__ddos_spoofed_1,1,1789389456.0242896,real,ddos_multi_04,spoofed_flood,generator_ground_truth,docker_multihost,3011,1,-0.0,0.0033,0.0002,3011,11.556
ddos_multi_04__ddos_spoofed_1,1,1789389456.1642897,real,ddos_multi_04,spoofed_flood,generator_ground_truth,docker_multihost,3011,1,-0.0,0.0033,0.0002,3011,11.556
ddos_multi_04__ddos_spoofed_1,1,1789389456.3042898,real,ddos_multi_04,spoofed_flood,generator_ground_truth,docker_multihost,3011,1,-0.0,0.0033,0.0002,3011,11.556
ddos_multi_04__ddos_spoofed_1,1,1789389456.44429,real,ddos_multi_04,spoofed_flood,generator_ground_truth,docker_multihost,3011,1,-0.0,0.0033,0.0002,3011,11.556
ddos_multi_04__ddos_spoofed_1,1,1789389456.58429,real,ddos_multi_04,spoofed_flood,generator_ground_truth,docker_multihost,3012,1,-0.0,0.0033,0.0002,3012,11.5565
ddos_multi_04__ddos_spoofed_1,1,1789389456.7242901,real,ddos_multi_04,spoofed_flood,generator_ground_truth,docker_multihost,3012,1,-0.0,0.0033,0.0002,3012,11.5565
ddos_multi_04__ddos_spoofed_1,1,1789389456.8642902,real,ddos_multi_04,spoofed_flood,generator_ground_truth,docker_multihost,3012,1,-0.0,0.0033,0.0002,3012,11.5565
ddos_multi_04__ddos_spoofed_1,1,1789389457.0042903,real,ddos_multi_04,spoofed_flood,generator_ground_truth,docker_multihost,3013,1,-0.0,0.0033,0.0002,3013,11.557
ddos_multi_04__ddos_spoofed_1,1,1789389457.1442904,real,ddos_multi_04,spoofed_flood,generator_ground_truth,docker_multihost,3013,1,-0.0,0.0033,0.0002,3013,11.557
ddos_multi_04__ddos_spoofed_1,1,1789389457.2842906,real,ddos_multi_04,spoofed_flood,generator_ground_truth,docker_multihost,3014,1,-0.0,0.0033,0.0002,3014,11.5575
ddos_multi_04__ddos_spoofed_1,1,1789389457.4242907,real,ddos_multi_04,spoofed_flood,generator_ground_truth,docker_multihost,2972,1,-0.0,0.0033,0.0002,2972,11.5372
ddos_multi_04__ddos_spoofed_1,1,1789389457.5642908,real,ddos_multi_04,spoofed_flood,generator_ground_truth,docker_multihost,2929,1,-0.0,0.0033,0.0002,2929,11.5162
ddos_multi_04__ddos_spoofed_1,1,1789389457.7042909,real,ddos_multi_04,spoofed_flood,generator_ground_truth,docker_multihost,2885,1,-0.0,0.0033,0.0002,2885,11.4944
ddos_multi_04__benign_udpspoof_2,0,1789389459.25024,real,ddos_multi_04,,generator_ground_truth,docker_multihost,1,1,-0.0,0.0,0.0,1,-0.0
ddos_multi_04__benign_udpspoof_2,0,1789389459.3902402,real,ddos_multi_04,,generator_ground_truth,docker_multihost,1,1,-0.0,0.0,0.0,1,-0.0
ddos_multi_04__benign_udpspoof_2,0,1789389459.5302403,real,ddos_multi_04,,generator_ground_truth,docker_multihost,1,1,-0.0,0.0,0.0,1,-0.0
ddos_multi_04__benign_udpspoof_2,0,1789389459.6702404,real,ddos_multi_04,,generator_ground_truth,docker_multihost,1,1,-0.0,0.0,0.0,1,-0.0
ddos_multi_04__benign_udpspoof_2,0,1789389459.8102405,real,ddos_multi_04,,generator_ground_truth,docker_multihost,2,2,1.0,0.5783,0.0,1,-0.0
ddos_multi_04__benign_udpspoof_2,0,1789389459.9502406,real,ddos_multi_04,,generator_ground_truth,docker_multihost,2,2,1.0,0.5783,0.0,1,-0.0
ddos_multi_04__benign_udpspoof_2,0,1789389460.0902407,real,ddos_multi_04,,generator_ground_truth,docker_multihost,2,2,1.0,0.5783,0.0,1,-0.0
ddos_multi_04__benign_udpspoof_2,0,1789389460.2302408,real,ddos_multi_04,,generator_ground_truth,docker_multihost,2,2,1.0,0.5783,0.0,1,-0.0
ddos_multi_04__benign_udpspoof_2,0,1789389460.370241,real,ddos_multi_04,,generator_ground_truth,docker_multihost,2,2,1.0,0.5783,0.0,1,-0.0
ddos_multi_04__benign_udpspoof_2,0,1789389460.510241,real,ddos_multi_04,,generator_ground_truth,docker_multihost,3,3,1.585,0.6027,0.0244,1,-0.0
ddos_multi_04__benign_udpspoof_2,0,1789389460.6502411,real,ddos_multi_04,,generator_ground_truth,docker_multihost,3,3,1.585,0.6027,0.0244,1,-0.0
ddos_multi_04__benign_udpspoof_2,0,1789389460.7902412,real,ddos_multi_04,,generator_ground_truth,docker_multihost,3,3,1.585,0.6027,0.0244,1,-0.0
ddos_multi_04__benign_udpspoof_2,0,1789389460.9302413,real,ddos_multi_04,,generator_ground_truth,docker_multihost,3,3,1.585,0.6027,0.0244,1,-0.0
ddos_multi_04__benign_udpspoof_2,0,1789389461.0702415,real,ddos_multi_04,,generator_ground_truth,docker_multihost,3,3,1.585,0.6027,0.0244,1,-0.0
ddos_multi_04__benign_udpspoof_2,0,1789389461.2102416,real,ddos_multi_04,,generator_ground_truth,docker_multihost,3,3,1.585,0.6027,0.0244,1,-0.0
ddos_multi_04__benign_udpspoof_2,0,1789389461.3502417,real,ddos_multi_04,,generator_ground_truth,docker_multihost,3,3,1.585,0.6027,0.0244,1,-0.0
ddos_multi_04__benign_udpspoof_2,0,1789389461.4902418,real,ddos_multi_04,,generator_ground_truth,docker_multihost,3,3,1.585,0.6027,0.0244,1,-0.0
ddos_multi_04__benign_udpspoof_2,0,1789389461.6302419,real,ddos_multi_04,,generator_ground_truth,docker_multihost,4,3,1.5,0.7859,0.2599,1,-0.0
ddos_multi_04__benign_udpspoof_2,0,1789389461.770242,real,ddos_multi_04,,generator_ground_truth,docker_multihost,4,3,1.5,0.7859,0.2599,1,-0.0
ddos_multi_04__benign_udpspoof_2,0,1789389461.910242,real,ddos_multi_04,,generator_ground_truth,docker_multihost,4,3,1.5,0.7859,0.2599,1,-0.0
ddos_multi_04__benign_udpspoof_2,0,1789389462.0502422,real,ddos_multi_04,,generator_ground_truth,docker_multihost,4,3,1.5,0.7859,0.2599,1,-0.0
ddos_multi_04__benign_udpspoof_2,0,1789389462.1902423,real,ddos_multi_04,,generator_ground_truth,docker_multihost,4,3,1.5,0.7859,0.2599,1,-0.0
ddos_multi_04__benign_udpspoof_2,0,1789389462.3302424,real,ddos_multi_04,,generator_ground_truth,docker_multihost,5,3,1.5219,0.7718,0.2264,1,-0.0
ddos_multi_04__benign_udpspoof_2,0,1789389462.4702425,real,ddos_multi_04,,generator_ground_truth,docker_multihost,5,3,1.5219,0.7718,0.2264,1,-0.0
ddos_multi_04__benign_udpspoof_2,0,1789389462.6102426,real,ddos_multi_04,,generator_ground_truth,docker_multihost,5,3,1.5219,0.7718,0.2264,1,-0.0
ddos_multi_04__benign_udpspoof_2,0,1789389462.7502427,real,ddos_multi_04,,generator_ground_truth,docker_multihost,5,3,1.5219,0.7718,0.2264,1,-0.0
ddos_multi_04__benign_udpspoof_2,0,1789389462.8902428,real,ddos_multi_04,,generator_ground_truth,docker_multihost,5,3,1.5219,0.7718,0.2264,1,-0.0
ddos_multi_04__benign_udpspoof_2,0,1789389463.030243,real,ddos_multi_04,,generator_ground_truth,docker_multihost,5,3,1.5219,0.7718,0.2264,1,-0.0
ddos_multi_04__benign_udpspoof_2,0,1789389463.170243,real,ddos_multi_04,,generator_ground_truth,docker_multihost,5,3,1.5219,0.7718,0.2264,1,-0.0
ddos_multi_04__benign_udpspoof_2,0,1789389463.3102431,real,ddos_multi_04,,generator_ground_truth,docker_multihost,6,3,1.585,0.8097,0.2162,1,-0.0
ddos_multi_04__benign_udpspoof_2,0,1789389463.4502432,real,ddos_multi_04,,generator_ground_truth,docker_multihost,6,3,1.585,0.8097,0.2162,1,-0.0
ddos_multi_04__benign_udpspoof_2,0,1789389463.5902433,real,ddos_multi_04,,generator_ground_truth,docker_multihost,6,3,1.585,0.8097,0.2162,1,-0.0
ddos_multi_04__benign_udpspoof_2,0,1789389463.7302434,real,ddos_multi_04,,generator_ground_truth,docker_multihost,6,3,1.585,0.8097,0.2162,1,-0.0
ddos_multi_04__benign_udpspoof_2,0,1789389463.8702435,real,ddos_multi_04,,generator_ground_truth,docker_multihost,6,3,1.585,0.8097,0.2162,1,-0.0
ddos_multi_04__benign_udpspoof_2,0,1789389464.0102437,real,ddos_multi_04,,generator_ground_truth,docker_multihost,7,3,1.5567,0.7978,0.1991,1,-0.0
ddos_multi_04__benign_udpspoof_2,0,1789389464.1502438,real,ddos_multi_04,,generator_ground_truth,docker_multihost,7,3,1.5567,0.7978,0.1991,1,-0.0
ddos_multi_04__benign_udpspoof_2,0,1789389464.2902439,real,ddos_multi_04,,generator_ground_truth,docker_multihost,7,3,1.5567,0.7978,0.1991,1,-0.0
ddos_multi_04__benign_udpspoof_2,0,1789389464.430244,real,ddos_multi_04,,generator_ground_truth,docker_multihost,7,3,1.5567,0.7978,0.1991,1,-0.0
ddos_multi_04__benign_udpspoof_2,0,1789389464.570244,real,ddos_multi_04,,generator_ground_truth,docker_multihost,7,3,1.5567,0.7978,0.1991,1,-0.0
ddos_multi_04__benign_udpspoof_2,0,1789389464.7102442,real,ddos_multi_04,,generator_ground_truth,docker_multihost,7,3,1.5567,0.7978,0.1991,1,-0.0
ddos_multi_04__benign_udpspoof_2,0,1789389464.8502443,real,ddos_multi_04,,generator_ground_truth,docker_multihost,8,3,1.5613,0.7998,0.1844,1,-0.0
ddos_multi_04__benign_udpspoof_2,0,1789389464.9902444,real,ddos_multi_04,,generator_ground_truth,docker_multihost,8,3,1.5613,0.7998,0.1844,1,-0.0
ddos_multi_04__benign_udpspoof_2,0,1789389465.1302445,real,ddos_multi_04,,generator_ground_truth,docker_multihost,8,3,1.5613,0.7998,0.1844,1,-0.0
ddos_multi_04__benign_udpspoof_2,0,1789389465.2702446,real,ddos_multi_04,,generator_ground_truth,docker_multihost,8,3,1.5613,0.7998,0.1844,1,-0.0
ddos_multi_04__benign_udpspoof_2,0,1789389465.4102447,real,ddos_multi_04,,generator_ground_truth,docker_multihost,8,3,1.5613,0.7998,0.1844,1,-0.0
ddos_multi_04__benign_udpspoof_2,0,1789389465.5502448,real,ddos_multi_04,,generator_ground_truth,docker_multihost,9,3,1.585,0.7863,0.1762,1,-0.0
ddos_multi_04__benign_udpspoof_2,0,1789389465.690245,real,ddos_multi_04,,generator_ground_truth,docker_multihost,9,3,1.585,0.7863,0.1762,1,-0.0
ddos_multi_04__benign_udpspoof_2,0,1789389465.830245,real,ddos_multi_04,,generator_ground_truth,docker_multihost,9,3,1.585,0.7863,0.1762,1,-0.0
ddos_multi_04__benign_udpspoof_2,0,1789389465.9702451,real,ddos_multi_04,,generator_ground_truth,docker_multihost,9,3,1.585,0.7863,0.1762,1,-0.0
ddos_multi_04__benign_udpspoof_2,0,1789389466.1102452,real,ddos_multi_04,,generator_ground_truth,docker_multihost,9,3,1.585,0.7863,0.1762,1,-0.0
ddos_multi_04__benign_udpspoof_2,0,1789389466.2502453,real,ddos_multi_04,,generator_ground_truth,docker_multihost,9,3,1.585,0.7863,0.1762,1,-0.0
ddos_multi_04__benign_udpspoof_2,0,1789389466.3902454,real,ddos_multi_04,,generator_ground_truth,docker_multihost,9,3,1.585,0.7863,0.1762,1,-0.0
ddos_multi_04__benign_udpspoof_2,0,1789389466.5302455,real,ddos_multi_04,,generator_ground_truth,docker_multihost,9,3,1.585,0.7863,0.1762,1,-0.0
ddos_multi_04__benign_udpspoof_2,0,1789389466.6702456,real,ddos_multi_04,,generator_ground_truth,docker_multihost,9,3,1.585,0.7863,0.1762,1,-0.0
ddos_multi_04__benign_udpspoof_2,0,1789389466.8102458,real,ddos_multi_04,,generator_ground_truth,docker_multihost,9,3,1.585,0.7863,0.1762,1,-0.0
ddos_multi_04__benign_udpspoof_2,0,1789389466.9502459,real,ddos_multi_04,,generator_ground_truth,docker_multihost,10,3,1.571,0.8555,0.2566,1,-0.0
ddos_multi_04__benign_udpspoof_2,0,1789389467.090246,real,ddos_multi_04,,generator_ground_truth,docker_multihost,10,3,1.571,0.8555,0.2566,1,-0.0
ddos_multi_04__benign_udpspoof_2,0,1789389467.230246,real,ddos_multi_04,,generator_ground_truth,docker_multihost,10,3,1.571,0.8555,0.2566,1,-0.0
ddos_multi_04__benign_udpspoof_2,0,1789389467.3702462,real,ddos_multi_04,,generator_ground_truth,docker_multihost,10,3,1.571,0.8555,0.2566,1,-0.0
ddos_multi_04__benign_udpspoof_2,0,1789389467.5102463,real,ddos_multi_04,,generator_ground_truth,docker_multihost,10,3,1.571,0.8555,0.2566,1,-0.0
ddos_multi_04__benign_udpspoof_2,0,1789389467.6502464,real,ddos_multi_04,,generator_ground_truth,docker_multihost,10,3,1.571,0.8555,0.2566,1,-0.0
ddos_multi_04__benign_udpspoof_2,0,1789389467.7902465,real,ddos_multi_04,,generator_ground_truth,docker_multihost,10,3,1.571,0.8555,0.2566,1,-0.0
ddos_multi_04__benign_udpspoof_2,0,1789389467.9302466,real,ddos_multi_04,,generator_ground_truth,docker_multihost,10,3,1.571,0.8555,0.2566,1,-0.0
ddos_multi_04__benign_udpspoof_2,0,1789389468.0702467,real,ddos_multi_04,,generator_ground_truth,docker_multihost,11,3,1.5726,0.8824,0.2565,1,-0.0
ddos_multi_04__benign_udpspoof_2,0,1789389468.2102468,real,ddos_multi_04,,generator_ground_truth,docker_multihost,11,3,1.5726,0.8824,0.2565,1,-0.0
ddos_multi_04__benign_udpspoof_2,0,1789389468.350247,real,ddos_multi_04,,generator_ground_truth,docker_multihost,11,3,1.5726,0.8824,0.2565,1,-0.0
ddos_multi_04__benign_udpspoof_2,0,1789389468.490247,real,ddos_multi_04,,generator_ground_truth,docker_multihost,11,3,1.5726,0.8824,0.2565,1,-0.0
ddos_multi_04__benign_udpspoof_2,0,1789389468.630247,real,ddos_multi_04,,generator_ground_truth,docker_multihost,11,3,1.5726,0.8824,0.2565,1,-0.0
ddos_multi_04__benign_udpspoof_2,0,1789389468.7702472,real,ddos_multi_04,,generator_ground_truth,docker_multihost,11,3,1.5726,0.8824,0.2565,1,-0.0
ddos_multi_04__benign_udpspoof_2,0,1789389468.9102473,real,ddos_multi_04,,generator_ground_truth,docker_multihost,11,3,1.5726,0.8824,0.2565,1,-0.0
ddos_multi_04__benign_udpspoof_2,0,1789389469.0502474,real,ddos_multi_04,,generator_ground_truth,docker_multihost,12,3,1.585,0.8919,0.2464,1,-0.0
ddos_multi_04__benign_udpspoof_2,0,1789389469.1902475,real,ddos_multi_04,,generator_ground_truth,docker_multihost,12,3,1.585,0.8919,0.2464,1,-0.0
ddos_multi_04__benign_udpspoof_2,0,1789389469.3302476,real,ddos_multi_04,,generator_ground_truth,docker_multihost,11,3,1.5726,0.9233,0.2365,1,-0.0
ddos_multi_04__benign_udpspoof_2,0,1789389469.4702477,real,ddos_multi_04,,generator_ground_truth,docker_multihost,11,3,1.5726,0.9233,0.2365,1,-0.0
ddos_multi_04__benign_udpspoof_2,0,1789389469.6102479,real,ddos_multi_04,,generator_ground_truth,docker_multihost,11,3,1.5726,0.9233,0.2365,1,-0.0
ddos_multi_04__benign_udpspoof_2,0,1789389469.750248,real,ddos_multi_04,,generator_ground_truth,docker_multihost,11,3,1.5726,0.9233,0.2365,1,-0.0
ddos_multi_04__benign_udpspoof_2,0,1789389469.890248,real,ddos_multi_04,,generator_ground_truth,docker_multihost,11,3,1.5726,0.9335,0.2255,1,-0.0
ddos_multi_04__benign_udpspoof_2,0,1789389470.0302482,real,ddos_multi_04,,generator_ground_truth,docker_multihost,11,3,1.5726,0.9335,0.2255,1,-0.0
ddos_multi_04__benign_udpspoof_2,0,1789389470.1702483,real,ddos_multi_04,,generator_ground_truth,docker_multihost,11,3,1.5726,0.9335,0.2255,1,-0.0
ddos_multi_04__benign_udpspoof_2,0,1789389470.3102484,real,ddos_multi_04,,generator_ground_truth,docker_multihost,11,3,1.5726,0.9335,0.2255,1,-0.0
ddos_multi_04__benign_udpspoof_2,0,1789389470.4502485,real,ddos_multi_04,,generator_ground_truth,docker_multihost,10,3,1.571,0.9092,0.2249,1,-0.0
ddos_multi_04__benign_udpspoof_2,0,1789389470.5902486,real,ddos_multi_04,,generator_ground_truth,docker_multihost,10,3,1.571,0.9092,0.2249,1,-0.0
ddos_multi_04__benign_udpspoof_2,0,1789389470.7302487,real,ddos_multi_04,,generator_ground_truth,docker_multihost,10,3,1.571,0.9092,0.2249,1,-0.0
ddos_multi_04__benign_udpspoof_2,0,1789389470.8702488,real,ddos_multi_04,,generator_ground_truth,docker_multihost,10,3,1.571,0.9092,0.2249,1,-0.0
ddos_multi_04__benign_udpspoof_2,0,1789389471.010249,real,ddos_multi_04,,generator_ground_truth,docker_multihost,10,3,1.571,0.9092,0.2249,1,-0.0
ddos_multi_04__benign_udpspoof_2,0,1789389471.150249,real,ddos_multi_04,,generator_ground_truth,docker_multihost,11,3,1.5726,0.952,0.249,1,-0.0
ddos_multi_04__benign_udpspoof_2,0,1789389471.290249,real,ddos_multi_04,,generator_ground_truth,docker_multihost,11,3,1.5726,0.952,0.249,1,-0.0
ddos_multi_04__benign_udpspoof_2,0,1789389471.4302492,real,ddos_multi_04,,generator_ground_truth,docker_multihost,11,3,1.5726,0.952,0.249,1,-0.0
ddos_multi_04__benign_udpspoof_2,0,1789389471.5702493,real,ddos_multi_04,,generator_ground_truth,docker_multihost,11,3,1.5726,0.952,0.249,1,-0.0
ddos_multi_04__benign_udpspoof_2,0,1789389471.7102494,real,ddos_multi_04,,generator_ground_truth,docker_multihost,10,3,1.571,0.9767,0.2505,1,-0.0
ddos_multi_04__benign_udpspoof_2,0,1789389471.8502495,real,ddos_multi_04,,generator_ground_truth,docker_multihost,10,3,1.571,0.9767,0.2505,1,-0.0
ddos_multi_04__benign_udpspoof_2,0,1789389471.9902496,real,ddos_multi_04,,generator_ground_truth,docker_multihost,10,3,1.571,0.9767,0.2505,1,-0.0
ddos_multi_04__benign_udpspoof_2,0,1789389472.1302497,real,ddos_multi_04,,generator_ground_truth,docker_multihost,10,3,1.571,0.9767,0.2505,1,-0.0
ddos_multi_04__benign_udpspoof_2,0,1789389472.2702498,real,ddos_multi_04,,generator_ground_truth,docker_multihost,11,3,1.5726,0.9852,0.239,1,-0.0
ddos_multi_04__benign_udpspoof_2,0,1789389472.41025,real,ddos_multi_04,,generator_ground_truth,docker_multihost,10,3,1.571,0.9879,0.2518,1,-0.0
ddos_multi_04__benign_udpspoof_2,0,1789389472.55025,real,ddos_multi_04,,generator_ground_truth,docker_multihost,10,3,1.571,0.9879,0.2518,1,-0.0
ddos_multi_04__benign_udpspoof_2,0,1789389472.6902502,real,ddos_multi_04,,generator_ground_truth,docker_multihost,10,3,1.571,0.9879,0.2518,1,-0.0
ddos_multi_04__benign_udpspoof_2,0,1789389472.8302503,real,ddos_multi_04,,generator_ground_truth,docker_multihost,11,3,1.5726,0.9525,0.2614,1,-0.0
ddos_multi_04__benign_udpspoof_2,0,1789389472.9702504,real,ddos_multi_04,,generator_ground_truth,docker_multihost,11,3,1.5726,0.9525,0.2614,1,-0.0
ddos_multi_04__benign_udpspoof_2,0,1789389473.1102505,real,ddos_multi_04,,generator_ground_truth,docker_multihost,11,3,1.5726,0.9525,0.2614,1,-0.0
ddos_multi_04__benign_udpspoof_2,0,1789389473.2502506,real,ddos_multi_04,,generator_ground_truth,docker_multihost,11,3,1.5726,0.9525,0.2614,1,-0.0
ddos_multi_04__benign_udpspoof_2,0,1789389473.3902507,real,ddos_multi_04,,generator_ground_truth,docker_multihost,10,3,1.571,0.9763,0.265,1,-0.0
ddos_multi_04__benign_udpspoof_2,0,1789389473.5302508,real,ddos_multi_04,,generator_ground_truth,docker_multihost,11,3,1.5726,0.9468,0.2666,1,-0.0
ddos_multi_04__benign_udpspoof_2,0,1789389473.670251,real,ddos_multi_04,,generator_ground_truth,docker_multihost,11,3,1.5726,0.9468,0.2666,1,-0.0
ddos_multi_04__benign_udpspoof_2,0,1789389473.810251,real,ddos_multi_04,,generator_ground_truth,docker_multihost,11,3,1.5726,0.9468,0.2666,1,-0.0
ddos_multi_04__benign_udpspoof_2,0,1789389473.950251,real,ddos_multi_04,,generator_ground_truth,docker_multihost,11,3,1.5726,0.9468,0.2666,1,-0.0
ddos_multi_04__benign_udpspoof_2,0,1789389474.0902512,real,ddos_multi_04,,generator_ground_truth,docker_multihost,10,3,1.571,0.9618,0.2769,1,-0.0
ddos_multi_04__benign_udpspoof_2,0,1789389474.2302513,real,ddos_multi_04,,generator_ground_truth,docker_multihost,10,3,1.571,0.9618,0.2769,1,-0.0
ddos_multi_04__benign_udpspoof_2,0,1789389474.3702514,real,ddos_multi_04,,generator_ground_truth,docker_multihost,10,3,1.571,0.9618,0.2769,1,-0.0
ddos_multi_04__benign_udpspoof_2,0,1789389474.5102515,real,ddos_multi_04,,generator_ground_truth,docker_multihost,10,3,1.571,0.9618,0.2769,1,-0.0
ddos_multi_04__benign_udpspoof_2,0,1789389474.6502516,real,ddos_multi_04,,generator_ground_truth,docker_multihost,10,3,1.571,0.9618,0.2769,1,-0.0
ddos_multi_04__benign_udpspoof_2,0,1789389474.7902517,real,ddos_multi_04,,generator_ground_truth,docker_multihost,10,3,1.571,0.9618,0.2769,1,-0.0
ddos_multi_04__benign_udpspoof_2,0,1789389474.9302518,real,ddos_multi_04,,generator_ground_truth,docker_multihost,10,3,1.571,1.0461,0.2967,1,-0.0
ddos_multi_04__benign_udpspoof_2,0,1789389475.070252,real,ddos_multi_04,,generator_ground_truth,docker_multihost,10,3,1.571,1.0461,0.2967,1,-0.0
ddos_multi_04__benign_udpspoof_2,0,1789389475.210252,real,ddos_multi_04,,generator_ground_truth,docker_multihost,10,3,1.571,1.0461,0.2967,1,-0.0
ddos_multi_04__benign_udpspoof_2,0,1789389475.3502522,real,ddos_multi_04,,generator_ground_truth,docker_multihost,10,3,1.571,1.0461,0.2967,1,-0.0
ddos_multi_04__benign_udpspoof_2,0,1789389475.4902523,real,ddos_multi_04,,generator_ground_truth,docker_multihost,10,3,1.571,1.0461,0.2967,1,-0.0
ddos_multi_04__benign_udpspoof_2,0,1789389475.6302524,real,ddos_multi_04,,generator_ground_truth,docker_multihost,9,3,1.585,1.0008,0.2838,1,-0.0
ddos_multi_04__benign_udpspoof_2,0,1789389475.7702525,real,ddos_multi_04,,generator_ground_truth,docker_multihost,10,3,1.571,0.9809,0.2734,1,-0.0
ddos_multi_04__benign_udpspoof_2,0,1789389475.9102526,real,ddos_multi_04,,generator_ground_truth,docker_multihost,10,3,1.571,0.9809,0.2734,1,-0.0
ddos_multi_04__benign_udpspoof_2,0,1789389476.0502527,real,ddos_multi_04,,generator_ground_truth,docker_multihost,10,3,1.571,0.9809,0.2734,1,-0.0
ddos_multi_04__benign_udpspoof_2,0,1789389476.1902528,real,ddos_multi_04,,generator_ground_truth,docker_multihost,10,3,1.571,0.9809,0.2734,1,-0.0
ddos_multi_04__benign_udpspoof_2,0,1789389476.330253,real,ddos_multi_04,,generator_ground_truth,docker_multihost,10,3,1.571,0.9809,0.2734,1,-0.0
ddos_multi_04__benign_udpspoof_2,0,1789389476.470253,real,ddos_multi_04,,generator_ground_truth,docker_multihost,10,3,1.571,0.9809,0.2734,1,-0.0
ddos_multi_04__benign_udpspoof_2,0,1789389476.610253,real,ddos_multi_04,,generator_ground_truth,docker_multihost,10,3,1.571,0.9809,0.2734,1,-0.0
ddos_multi_04__benign_udpspoof_2,0,1789389476.7502532,real,ddos_multi_04,,generator_ground_truth,docker_multihost,11,3,1.5726,0.974,0.2602,1,-0.0
ddos_multi_04__benign_udpspoof_2,0,1789389476.8902533,real,ddos_multi_04,,generator_ground_truth,docker_multihost,11,3,1.5726,0.974,0.2602,1,-0.0
ddos_multi_04__benign_udpspoof_2,0,1789389477.0302534,real,ddos_multi_04,,generator_ground_truth,docker_multihost,10,3,1.571,0.9572,0.2691,1,-0.0
ddos_multi_04__benign_udpspoof_2,0,1789389477.1702535,real,ddos_multi_04,,generator_ground_truth,docker_multihost,10,3,1.571,0.9572,0.2691,1,-0.0
ddos_multi_04__benign_udpspoof_2,0,1789389477.3102536,real,ddos_multi_04,,generator_ground_truth,docker_multihost,11,3,1.5726,0.9212,0.2773,1,-0.0
ddos_multi_04__benign_udpspoof_2,0,1789389477.4502537,real,ddos_multi_04,,generator_ground_truth,docker_multihost,11,3,1.5726,0.9212,0.2773,1,-0.0
ddos_multi_04__benign_udpspoof_2,0,1789389477.5902538,real,ddos_multi_04,,generator_ground_truth,docker_multihost,11,3,1.5726,0.9212,0.2773,1,-0.0
ddos_multi_04__benign_udpspoof_2,0,1789389477.730254,real,ddos_multi_04,,generator_ground_truth,docker_multihost,11,3,1.5726,0.9212,0.2773,1,-0.0
ddos_multi_04__benign_udpspoof_2,0,1789389477.870254,real,ddos_multi_04,,generator_ground_truth,docker_multihost,11,3,1.5726,0.9212,0.2773,1,-0.0
ddos_multi_04__benign_udpspoof_2,0,1789389478.0102541,real,ddos_multi_04,,generator_ground_truth,docker_multihost,11,3,1.5726,0.9212,0.2773,1,-0.0
ddos_multi_04__ddos_spoofed_2,1,1789389479.271438,real,ddos_multi_04,spoofed_flood,generator_ground_truth,docker_multihost,48,1,-0.0,0.003,0.0004,48,5.585
ddos_multi_04__ddos_spoofed_2,1,1789389479.411438,real,ddos_multi_04,spoofed_flood,generator_ground_truth,docker_multihost,96,1,-0.0,0.0029,0.0003,96,6.585
ddos_multi_04__ddos_spoofed_2,1,1789389479.551438,real,ddos_multi_04,spoofed_flood,generator_ground_truth,docker_multihost,145,1,-0.0,0.0029,0.0003,145,7.1799
ddos_multi_04__ddos_spoofed_2,1,1789389479.6914382,real,ddos_multi_04,spoofed_flood,generator_ground_truth,docker_multihost,193,1,-0.0,0.0029,0.0002,193,7.5925
ddos_multi_04__ddos_spoofed_2,1,1789389479.8314383,real,ddos_multi_04,spoofed_flood,generator_ground_truth,docker_multihost,242,1,-0.0,0.0029,0.0002,242,7.9189
ddos_multi_04__ddos_spoofed_2,1,1789389479.9714384,real,ddos_multi_04,spoofed_flood,generator_ground_truth,docker_multihost,289,1,-0.0,0.0029,0.0002,289,8.1749
ddos_multi_04__ddos_spoofed_2,1,1789389480.1114385,real,ddos_multi_04,spoofed_flood,generator_ground_truth,docker_multihost,335,1,-0.0,0.0029,0.0002,335,8.388
ddos_multi_04__ddos_spoofed_2,1,1789389480.2514386,real,ddos_multi_04,spoofed_flood,generator_ground_truth,docker_multihost,382,1,-0.0,0.0029,0.0003,382,8.5774
ddos_multi_04__ddos_spoofed_2,1,1789389480.3914387,real,ddos_multi_04,spoofed_flood,generator_ground_truth,docker_multihost,430,1,-0.0,0.0029,0.0003,430,8.7482
ddos_multi_04__ddos_spoofed_2,1,1789389480.5314388,real,ddos_multi_04,spoofed_flood,generator_ground_truth,docker_multihost,478,1,-0.0,0.0029,0.0002,478,8.9009
ddos_multi_04__ddos_spoofed_2,1,1789389480.671439,real,ddos_multi_04,spoofed_flood,generator_ground_truth,docker_multihost,527,1,-0.0,0.0029,0.0002,527,9.0417
ddos_multi_04__ddos_spoofed_2,1,1789389480.811439,real,ddos_multi_04,spoofed_flood,generator_ground_truth,docker_multihost,576,1,-0.0,0.0029,0.0002,576,9.1699
ddos_multi_04__ddos_spoofed_2,1,1789389480.9514391,real,ddos_multi_04,spoofed_flood,generator_ground_truth,docker_multihost,624,1,-0.0,0.0029,0.0002,624,9.2854
ddos_multi_04__ddos_spoofed_2,1,1789389481.0914392,real,ddos_multi_04,spoofed_flood,generator_ground_truth,docker_multihost,672,1,-0.0,0.0029,0.0002,672,9.3923
ddos_multi_04__ddos_spoofed_2,1,1789389481.2314394,real,ddos_multi_04,spoofed_flood,generator_ground_truth,docker_multihost,719,1,-0.0,0.0029,0.0002,719,9.4898
ddos_multi_04__ddos_spoofed_2,1,1789389481.3714395,real,ddos_multi_04,spoofed_flood,generator_ground_truth,docker_multihost,768,1,-0.0,0.0029,0.0002,768,9.585
ddos_multi_04__ddos_spoofed_2,1,1789389481.5114396,real,ddos_multi_04,spoofed_flood,generator_ground_truth,docker_multihost,815,1,-0.0,0.0029,0.0002,815,9.6707
ddos_multi_04__ddos_spoofed_2,1,1789389481.6514397,real,ddos_multi_04,spoofed_flood,generator_ground_truth,docker_multihost,862,1,-0.0,0.0029,0.0002,862,9.7515
ddos_multi_04__ddos_spoofed_2,1,1789389481.7914398,real,ddos_multi_04,spoofed_flood,generator_ground_truth,docker_multihost,912,1,-0.0,0.0029,0.0002,912,9.8329
ddos_multi_04__ddos_spoofed_2,1,1789389481.9314399,real,ddos_multi_04,spoofed_flood,generator_ground_truth,docker_multihost,960,1,-0.0,0.0029,0.0002,960,9.9069
ddos_multi_04__ddos_spoofed_2,1,1789389482.07144,real,ddos_multi_04,spoofed_flood,generator_ground_truth,docker_multihost,1008,1,-0.0,0.0029,0.0002,1008,9.9773
ddos_multi_04__ddos_spoofed_2,1,1789389482.21144,real,ddos_multi_04,spoofed_flood,generator_ground_truth,docker_multihost,1056,1,-0.0,0.0029,0.0002,1056,10.0444
ddos_multi_04__ddos_spoofed_2,1,1789389482.3514402,real,ddos_multi_04,spoofed_flood,generator_ground_truth,docker_multihost,1103,1,-0.0,0.0029,0.0002,1103,10.1072
ddos_multi_04__ddos_spoofed_2,1,1789389482.4914403,real,ddos_multi_04,spoofed_flood,generator_ground_truth,docker_multihost,1151,1,-0.0,0.0029,0.0002,1151,10.1687
ddos_multi_04__ddos_spoofed_2,1,1789389482.6314404,real,ddos_multi_04,spoofed_flood,generator_ground_truth,docker_multihost,1199,1,-0.0,0.0029,0.0002,1199,10.2276
ddos_multi_04__ddos_spoofed_2,1,1789389482.7714405,real,ddos_multi_04,spoofed_flood,generator_ground_truth,docker_multihost,1248,1,-0.0,0.0029,0.0002,1248,10.2854
ddos_multi_04__ddos_spoofed_2,1,1789389482.9114406,real,ddos_multi_04,spoofed_flood,generator_ground_truth,docker_multihost,1297,1,-0.0,0.0029,0.0002,1297,10.341
ddos_multi_04__ddos_spoofed_2,1,1789389483.0514407,real,ddos_multi_04,spoofed_flood,generator_ground_truth,docker_multihost,1345,1,-0.0,0.0029,0.0002,1345,10.3934
ddos_multi_04__ddos_spoofed_2,1,1789389483.1914408,real,ddos_multi_04,spoofed_flood,generator_ground_truth,docker_multihost,1393,1,-0.0,0.0029,0.0002,1393,10.444
ddos_multi_04__ddos_spoofed_2,1,1789389483.331441,real,ddos_multi_04,spoofed_flood,generator_ground_truth,docker_multihost,1441,1,-0.0,0.0029,0.0001,1441,10.4929
ddos_multi_04__ddos_spoofed_2,1,1789389483.471441,real,ddos_multi_04,spoofed_flood,generator_ground_truth,docker_multihost,1489,1,-0.0,0.0029,0.0001,1489,10.5401
ddos_multi_04__ddos_spoofed_2,1,1789389483.6114411,real,ddos_multi_04,spoofed_flood,generator_ground_truth,docker_multihost,1537,1,-0.0,0.0029,0.0001,1537,10.5859
ddos_multi_04__ddos_spoofed_2,1,1789389483.7514412,real,ddos_multi_04,spoofed_flood,generator_ground_truth,docker_multihost,1585,1,-0.0,0.0029,0.0002,1585,10.6303
ddos_multi_04__ddos_spoofed_2,1,1789389483.8914413,real,ddos_multi_04,spoofed_flood,generator_ground_truth,docker_multihost,1634,1,-0.0,0.0029,0.0002,1634,10.6742
ddos_multi_04__ddos_spoofed_2,1,1789389484.0314415,real,ddos_multi_04,spoofed_flood,generator_ground_truth,docker_multihost,1684,1,-0.0,0.0029,0.0002,1684,10.7177
ddos_multi_04__ddos_spoofed_2,1,1789389484.1714416,real,ddos_multi_04,spoofed_flood,generator_ground_truth,docker_multihost,1732,1,-0.0,0.0029,0.0002,1732,10.7582
ddos_multi_04__ddos_spoofed_2,1,1789389484.3114417,real,ddos_multi_04,spoofed_flood,generator_ground_truth,docker_multihost,1778,1,-0.0,0.0029,0.0002,1778,10.796
ddos_multi_04__ddos_spoofed_2,1,1789389484.4514418,real,ddos_multi_04,spoofed_flood,generator_ground_truth,docker_multihost,1826,1,-0.0,0.0029,0.0002,1826,10.8345
ddos_multi_04__ddos_spoofed_2,1,1789389484.5914419,real,ddos_multi_04,spoofed_flood,generator_ground_truth,docker_multihost,1874,1,-0.0,0.0029,0.0002,1874,10.8719
ddos_multi_04__ddos_spoofed_2,1,1789389484.731442,real,ddos_multi_04,spoofed_flood,generator_ground_truth,docker_multihost,1921,1,-0.0,0.0029,0.0002,1921,10.9076
ddos_multi_04__ddos_spoofed_2,1,1789389484.871442,real,ddos_multi_04,spoofed_flood,generator_ground_truth,docker_multihost,1969,1,-0.0,0.0029,0.0002,1969,10.9432
ddos_multi_04__ddos_spoofed_2,1,1789389485.0114422,real,ddos_multi_04,spoofed_flood,generator_ground_truth,docker_multihost,2018,1,-0.0,0.0029,0.0002,2018,10.9787
ddos_multi_04__ddos_spoofed_2,1,1789389485.1514423,real,ddos_multi_04,spoofed_flood,generator_ground_truth,docker_multihost,2067,1,-0.0,0.0029,0.0002,2067,11.0133
ddos_multi_04__ddos_spoofed_2,1,1789389485.2914424,real,ddos_multi_04,spoofed_flood,generator_ground_truth,docker_multihost,2113,1,-0.0,0.0029,0.0002,2113,11.0451
ddos_multi_04__ddos_spoofed_2,1,1789389485.4314425,real,ddos_multi_04,spoofed_flood,generator_ground_truth,docker_multihost,2161,1,-0.0,0.0029,0.0002,2161,11.0775
ddos_multi_04__ddos_spoofed_2,1,1789389485.5714426,real,ddos_multi_04,spoofed_flood,generator_ground_truth,docker_multihost,2208,1,-0.0,0.0029,0.0002,2208,11.1085
ddos_multi_04__ddos_spoofed_2,1,1789389485.7114427,real,ddos_multi_04,spoofed_flood,generator_ground_truth,docker_multihost,2257,1,-0.0,0.0029,0.0002,2257,11.1402
ddos_multi_04__ddos_spoofed_2,1,1789389485.8514428,real,ddos_multi_04,spoofed_flood,generator_ground_truth,docker_multihost,2306,1,-0.0,0.0029,0.0002,2306,11.1712
ddos_multi_04__ddos_spoofed_2,1,1789389485.991443,real,ddos_multi_04,spoofed_flood,generator_ground_truth,docker_multihost,2352,1,-0.0,0.0029,0.0002,2352,11.1997
ddos_multi_04__ddos_spoofed_2,1,1789389486.131443,real,ddos_multi_04,spoofed_flood,generator_ground_truth,docker_multihost,2400,1,-0.0,0.0029,0.0002,2400,11.2288
ddos_multi_04__ddos_spoofed_2,1,1789389486.2714431,real,ddos_multi_04,spoofed_flood,generator_ground_truth,docker_multihost,2448,1,-0.0,0.0029,0.0002,2448,11.2574
ddos_multi_04__ddos_spoofed_2,1,1789389486.4114432,real,ddos_multi_04,spoofed_flood,generator_ground_truth,docker_multihost,2496,1,-0.0,0.0029,0.0002,2496,11.2854
ddos_multi_04__ddos_spoofed_2,1,1789389486.5514433,real,ddos_multi_04,spoofed_flood,generator_ground_truth,docker_multihost,2545,1,-0.0,0.0029,0.0002,2545,11.3134
ddos_multi_04__ddos_spoofed_2,1,1789389486.6914434,real,ddos_multi_04,spoofed_flood,generator_ground_truth,docker_multihost,2592,1,-0.0,0.0029,0.0002,2592,11.3399
ddos_multi_04__ddos_spoofed_2,1,1789389486.8314435,real,ddos_multi_04,spoofed_flood,generator_ground_truth,docker_multihost,2640,1,-0.0,0.0029,0.0002,2640,11.3663
ddos_multi_04__ddos_spoofed_2,1,1789389486.9714437,real,ddos_multi_04,spoofed_flood,generator_ground_truth,docker_multihost,2687,1,-0.0,0.0029,0.0002,2687,11.3918
ddos_multi_04__ddos_spoofed_2,1,1789389487.1114438,real,ddos_multi_04,spoofed_flood,generator_ground_truth,docker_multihost,2735,1,-0.0,0.0029,0.0002,2735,11.4173
ddos_multi_04__ddos_spoofed_2,1,1789389487.2514439,real,ddos_multi_04,spoofed_flood,generator_ground_truth,docker_multihost,2782,1,-0.0,0.0029,0.0002,2782,11.4419
ddos_multi_04__ddos_spoofed_2,1,1789389487.391444,real,ddos_multi_04,spoofed_flood,generator_ground_truth,docker_multihost,2831,1,-0.0,0.0029,0.0002,2831,11.4671
ddos_multi_04__ddos_spoofed_2,1,1789389487.531444,real,ddos_multi_04,spoofed_flood,generator_ground_truth,docker_multihost,2879,1,-0.0,0.0029,0.0002,2879,11.4914
ddos_multi_04__ddos_spoofed_2,1,1789389487.6714442,real,ddos_multi_04,spoofed_flood,generator_ground_truth,docker_multihost,2928,1,-0.0,0.0029,0.0001,2928,11.5157
ddos_multi_04__ddos_spoofed_2,1,1789389487.8114443,real,ddos_multi_04,spoofed_flood,generator_ground_truth,docker_multihost,2975,1,-0.0,0.0029,0.0002,2975,11.5387
ddos_multi_04__ddos_spoofed_2,1,1789389487.9514444,real,ddos_multi_04,spoofed_flood,generator_ground_truth,docker_multihost,3022,1,-0.0,0.0029,0.0002,3022,11.5613
ddos_multi_04__ddos_spoofed_2,1,1789389488.0914445,real,ddos_multi_04,spoofed_flood,generator_ground_truth,docker_multihost,3071,1,-0.0,0.0029,0.0002,3071,11.5845
ddos_multi_04__ddos_spoofed_2,1,1789389488.2314446,real,ddos_multi_04,spoofed_flood,generator_ground_truth,docker_multihost,3118,1,-0.0,0.0029,0.0002,3118,11.6064
ddos_multi_04__ddos_spoofed_2,1,1789389488.3714447,real,ddos_multi_04,spoofed_flood,generator_ground_truth,docker_multihost,3165,1,-0.0,0.0029,0.0002,3165,11.628
ddos_multi_04__ddos_spoofed_2,1,1789389488.5114448,real,ddos_multi_04,spoofed_flood,generator_ground_truth,docker_multihost,3213,1,-0.0,0.0029,0.0002,3213,11.6497
ddos_multi_04__ddos_spoofed_2,1,1789389488.651445,real,ddos_multi_04,spoofed_flood,generator_ground_truth,docker_multihost,3260,1,-0.0,0.0029,0.0002,3260,11.6707
ddos_multi_04__ddos_spoofed_2,1,1789389488.791445,real,ddos_multi_04,spoofed_flood,generator_ground_truth,docker_multihost,3307,1,-0.0,0.0029,0.0002,3307,11.6913
ddos_multi_04__ddos_spoofed_2,1,1789389488.9314451,real,ddos_multi_04,spoofed_flood,generator_ground_truth,docker_multihost,3355,1,-0.0,0.0029,0.0002,3355,11.7121
ddos_multi_04__ddos_spoofed_2,1,1789389489.0714452,real,ddos_multi_04,spoofed_flood,generator_ground_truth,docker_multihost,3402,1,-0.0,0.0029,0.0002,3402,11.7322
ddos_multi_04__ddos_spoofed_2,1,1789389489.2114453,real,ddos_multi_04,spoofed_flood,generator_ground_truth,docker_multihost,3424,1,-0.0,0.0029,0.0002,3424,11.7415
ddos_multi_04__ddos_spoofed_2,1,1789389489.3514454,real,ddos_multi_04,spoofed_flood,generator_ground_truth,docker_multihost,3422,1,-0.0,0.0029,0.0002,3422,11.7406
ddos_multi_04__ddos_spoofed_2,1,1789389489.4914455,real,ddos_multi_04,spoofed_flood,generator_ground_truth,docker_multihost,3420,1,-0.0,0.0029,0.0002,3420,11.7398
ddos_multi_04__ddos_spoofed_2,1,1789389489.6314456,real,ddos_multi_04,spoofed_flood,generator_ground_truth,docker_multihost,3420,1,-0.0,0.0029,0.0002,3420,11.7398
ddos_multi_04__ddos_spoofed_2,1,1789389489.7714458,real,ddos_multi_04,spoofed_flood,generator_ground_truth,docker_multihost,3421,1,-0.0,0.0029,0.0002,3421,11.7402
ddos_multi_04__ddos_spoofed_2,1,1789389489.9114459,real,ddos_multi_04,spoofed_flood,generator_ground_truth,docker_multihost,3421,1,-0.0,0.0029,0.0002,3421,11.7402
ddos_multi_04__ddos_spoofed_2,1,1789389490.051446,real,ddos_multi_04,spoofed_flood,generator_ground_truth,docker_multihost,3421,1,-0.0,0.0029,0.0002,3421,11.7402
ddos_multi_04__ddos_spoofed_2,1,1789389490.191446,real,ddos_multi_04,spoofed_flood,generator_ground_truth,docker_multihost,3398,1,-0.0,0.0029,0.0002,3398,11.7305
ddos_multi_04__ddos_spoofed_2,1,1789389490.3314462,real,ddos_multi_04,spoofed_flood,generator_ground_truth,docker_multihost,3351,1,-0.0,0.0029,0.0002,3351,11.7104
ddos_multi_04__ddos_spoofed_2,1,1789389490.4714463,real,ddos_multi_04,spoofed_flood,generator_ground_truth,docker_multihost,3302,1,-0.0,0.0029,0.0002,3302,11.6891
ddos_multi_04__ddos_spoofed_2,1,1789389490.6114464,real,ddos_multi_04,spoofed_flood,generator_ground_truth,docker_multihost,3254,1,-0.0,0.0029,0.0002,3254,11.668
ddos_multi_04__benign_udpspoof_3,0,1789389491.9144387,real,ddos_multi_04,,generator_ground_truth,docker_multihost,1,1,-0.0,0.0,0.0,1,-0.0
ddos_multi_04__benign_udpspoof_3,0,1789389492.0544388,real,ddos_multi_04,,generator_ground_truth,docker_multihost,1,1,-0.0,0.0,0.0,1,-0.0
ddos_multi_04__benign_udpspoof_3,0,1789389492.194439,real,ddos_multi_04,,generator_ground_truth,docker_multihost,1,1,-0.0,0.0,0.0,1,-0.0
ddos_multi_04__benign_udpspoof_3,0,1789389492.334439,real,ddos_multi_04,,generator_ground_truth,docker_multihost,1,1,-0.0,0.0,0.0,1,-0.0
ddos_multi_04__benign_udpspoof_3,0,1789389492.4744391,real,ddos_multi_04,,generator_ground_truth,docker_multihost,1,1,-0.0,0.0,0.0,1,-0.0
ddos_multi_04__benign_udpspoof_3,0,1789389492.6144392,real,ddos_multi_04,,generator_ground_truth,docker_multihost,1,1,-0.0,0.0,0.0,1,-0.0
ddos_multi_04__benign_udpspoof_3,0,1789389492.7544394,real,ddos_multi_04,,generator_ground_truth,docker_multihost,1,1,-0.0,0.0,0.0,1,-0.0
ddos_multi_04__benign_udpspoof_3,0,1789389492.8944395,real,ddos_multi_04,,generator_ground_truth,docker_multihost,1,1,-0.0,0.0,0.0,1,-0.0
ddos_multi_04__benign_udpspoof_3,0,1789389493.0344396,real,ddos_multi_04,,generator_ground_truth,docker_multihost,1,1,-0.0,0.0,0.0,1,-0.0
ddos_multi_04__benign_udpspoof_3,0,1789389493.1744397,real,ddos_multi_04,,generator_ground_truth,docker_multihost,2,2,1.0,1.2933,0.0,1,-0.0
ddos_multi_04__benign_udpspoof_3,0,1789389493.3144398,real,ddos_multi_04,,generator_ground_truth,docker_multihost,2,2,1.0,1.2933,0.0,1,-0.0
ddos_multi_04__benign_udpspoof_3,0,1789389493.4544399,real,ddos_multi_04,,generator_ground_truth,docker_multihost,2,2,1.0,1.2933,0.0,1,-0.0
ddos_multi_04__benign_udpspoof_3,0,1789389493.59444,real,ddos_multi_04,,generator_ground_truth,docker_multihost,2,2,1.0,1.2933,0.0,1,-0.0
ddos_multi_04__benign_udpspoof_3,0,1789389493.73444,real,ddos_multi_04,,generator_ground_truth,docker_multihost,2,2,1.0,1.2933,0.0,1,-0.0
ddos_multi_04__benign_udpspoof_3,0,1789389493.8744402,real,ddos_multi_04,,generator_ground_truth,docker_multihost,2,2,1.0,1.2933,0.0,1,-0.0
ddos_multi_04__benign_udpspoof_3,0,1789389494.0144403,real,ddos_multi_04,,generator_ground_truth,docker_multihost,2,2,1.0,1.2933,0.0,1,-0.0
ddos_multi_04__benign_udpspoof_3,0,1789389494.1544404,real,ddos_multi_04,,generator_ground_truth,docker_multihost,2,2,1.0,1.2933,0.0,1,-0.0
ddos_multi_04__benign_udpspoof_3,0,1789389494.2944405,real,ddos_multi_04,,generator_ground_truth,docker_multihost,3,2,0.9183,1.1819,0.1113,1,-0.0
ddos_multi_04__benign_udpspoof_3,0,1789389494.4344406,real,ddos_multi_04,,generator_ground_truth,docker_multihost,3,2,0.9183,1.1819,0.1113,1,-0.0
ddos_multi_04__benign_udpspoof_3,0,1789389494.5744407,real,ddos_multi_04,,generator_ground_truth,docker_multihost,3,2,0.9183,1.1819,0.1113,1,-0.0
ddos_multi_04__benign_udpspoof_3,0,1789389494.7144408,real,ddos_multi_04,,generator_ground_truth,docker_multihost,3,2,0.9183,1.1819,0.1113,1,-0.0
ddos_multi_04__benign_udpspoof_3,0,1789389494.854441,real,ddos_multi_04,,generator_ground_truth,docker_multihost,3,2,0.9183,1.1819,0.1113,1,-0.0
ddos_multi_04__benign_udpspoof_3,0,1789389494.994441,real,ddos_multi_04,,generator_ground_truth,docker_multihost,3,2,0.9183,1.1819,0.1113,1,-0.0
ddos_multi_04__benign_udpspoof_3,0,1789389495.1344411,real,ddos_multi_04,,generator_ground_truth,docker_multihost,3,2,0.9183,1.1819,0.1113,1,-0.0
ddos_multi_04__benign_udpspoof_3,0,1789389495.2744412,real,ddos_multi_04,,generator_ground_truth,docker_multihost,4,2,1.0,1.1124,0.1339,1,-0.0
ddos_multi_04__benign_udpspoof_3,0,1789389495.4144413,real,ddos_multi_04,,generator_ground_truth,docker_multihost,4,2,1.0,1.1124,0.1339,1,-0.0
ddos_multi_04__benign_udpspoof_3,0,1789389495.5544415,real,ddos_multi_04,,generator_ground_truth,docker_multihost,4,2,1.0,1.1124,0.1339,1,-0.0
ddos_multi_04__benign_udpspoof_3,0,1789389495.6944416,real,ddos_multi_04,,generator_ground_truth,docker_multihost,4,2,1.0,1.1124,0.1339,1,-0.0
ddos_multi_04__benign_udpspoof_3,0,1789389495.8344417,real,ddos_multi_04,,generator_ground_truth,docker_multihost,4,2,1.0,1.1124,0.1339,1,-0.0
ddos_multi_04__benign_udpspoof_3,0,1789389495.9744418,real,ddos_multi_04,,generator_ground_truth,docker_multihost,4,2,1.0,1.1124,0.1339,1,-0.0
ddos_multi_04__benign_udpspoof_3,0,1789389496.1144419,real,ddos_multi_04,,generator_ground_truth,docker_multihost,4,2,1.0,1.1124,0.1339,1,-0.0
ddos_multi_04__benign_udpspoof_3,0,1789389496.254442,real,ddos_multi_04,,generator_ground_truth,docker_multihost,4,2,1.0,1.1124,0.1339,1,-0.0
ddos_multi_04__benign_udpspoof_3,0,1789389496.394442,real,ddos_multi_04,,generator_ground_truth,docker_multihost,4,2,1.0,1.1124,0.1339,1,-0.0
ddos_multi_04__benign_udpspoof_3,0,1789389496.5344422,real,ddos_multi_04,,generator_ground_truth,docker_multihost,5,2,0.971,1.1626,0.1449,1,-0.0
ddos_multi_04__benign_udpspoof_3,0,1789389496.6744423,real,ddos_multi_04,,generator_ground_truth,docker_multihost,5,2,0.971,1.1626,0.1449,1,-0.0
ddos_multi_04__benign_udpspoof_3,0,1789389496.8144424,real,ddos_multi_04,,generator_ground_truth,docker_multihost,5,2,0.971,1.1626,0.1449,1,-0.0
ddos_multi_04__benign_udpspoof_3,0,1789389496.9544425,real,ddos_multi_04,,generator_ground_truth,docker_multihost,5,2,0.971,1.1626,0.1449,1,-0.0
ddos_multi_04__benign_udpspoof_3,0,1789389497.0944426,real,ddos_multi_04,,generator_ground_truth,docker_multihost,5,2,0.971,1.1626,0.1449,1,-0.0
ddos_multi_04__benign_udpspoof_3,0,1789389497.2344427,real,ddos_multi_04,,generator_ground_truth,docker_multihost,5,2,0.971,1.1626,0.1449,1,-0.0
ddos_multi_04__benign_udpspoof_3,0,1789389497.3744428,real,ddos_multi_04,,generator_ground_truth,docker_multihost,5,2,0.971,1.1626,0.1449,1,-0.0
ddos_multi_04__benign_udpspoof_3,0,1789389497.514443,real,ddos_multi_04,,generator_ground_truth,docker_multihost,5,2,0.971,1.1626,0.1449,1,-0.0
ddos_multi_04__benign_udpspoof_3,0,1789389497.654443,real,ddos_multi_04,,generator_ground_truth,docker_multihost,5,2,0.971,1.1626,0.1449,1,-0.0
ddos_multi_04__benign_udpspoof_3,0,1789389497.7944431,real,ddos_multi_04,,generator_ground_truth,docker_multihost,5,2,0.971,1.1626,0.1449,1,-0.0
ddos_multi_04__benign_udpspoof_3,0,1789389497.9344432,real,ddos_multi_04,,generator_ground_truth,docker_multihost,6,2,1.0,1.2043,0.1542,1,-0.0
ddos_multi_04__benign_udpspoof_3,0,1789389498.0744433,real,ddos_multi_04,,generator_ground_truth,docker_multihost,6,2,1.0,1.2043,0.1542,1,-0.0
ddos_multi_04__benign_udpspoof_3,0,1789389498.2144434,real,ddos_multi_04,,generator_ground_truth,docker_multihost,6,2,1.0,1.2043,0.1542,1,-0.0
ddos_multi_04__benign_udpspoof_3,0,1789389498.3544436,real,ddos_multi_04,,generator_ground_truth,docker_multihost,6,2,1.0,1.2043,0.1542,1,-0.0
ddos_multi_04__benign_udpspoof_3,0,1789389498.4944437,real,ddos_multi_04,,generator_ground_truth,docker_multihost,6,2,1.0,1.2043,0.1542,1,-0.0
ddos_multi_04__benign_udpspoof_3,0,1789389498.6344438,real,ddos_multi_04,,generator_ground_truth,docker_multihost,6,2,1.0,1.2043,0.1542,1,-0.0
ddos_multi_04__benign_udpspoof_3,0,1789389498.7744439,real,ddos_multi_04,,generator_ground_truth,docker_multihost,7,2,0.9852,1.1427,0.197,1,-0.0
ddos_multi_04__benign_udpspoof_3,0,1789389498.914444,real,ddos_multi_04,,generator_ground_truth,docker_multihost,7,2,0.9852,1.1427,0.197,1,-0.0
ddos_multi_04__benign_udpspoof_3,0,1789389499.054444,real,ddos_multi_04,,generator_ground_truth,docker_multihost,7,2,0.9852,1.1427,0.197,1,-0.0
ddos_multi_04__benign_udpspoof_3,0,1789389499.1944442,real,ddos_multi_04,,generator_ground_truth,docker_multihost,7,2,0.9852,1.1427,0.197,1,-0.0
ddos_multi_04__benign_udpspoof_3,0,1789389499.3344443,real,ddos_multi_04,,generator_ground_truth,docker_multihost,7,2,0.9852,1.1427,0.197,1,-0.0
ddos_multi_04__benign_udpspoof_3,0,1789389499.4744444,real,ddos_multi_04,,generator_ground_truth,docker_multihost,7,2,0.9852,1.1427,0.197,1,-0.0
ddos_multi_04__benign_udpspoof_3,0,1789389499.6144445,real,ddos_multi_04,,generator_ground_truth,docker_multihost,7,2,0.9852,1.1427,0.197,1,-0.0
ddos_multi_04__benign_udpspoof_3,0,1789389499.7544446,real,ddos_multi_04,,generator_ground_truth,docker_multihost,7,2,0.9852,1.1427,0.197,1,-0.0
ddos_multi_04__benign_udpspoof_3,0,1789389499.8944447,real,ddos_multi_04,,generator_ground_truth,docker_multihost,7,2,0.9852,1.1427,0.197,1,-0.0
ddos_multi_04__benign_udpspoof_3,0,1789389500.0344448,real,ddos_multi_04,,generator_ground_truth,docker_multihost,7,2,0.9852,1.1427,0.197,1,-0.0
ddos_multi_04__benign_udpspoof_3,0,1789389500.174445,real,ddos_multi_04,,generator_ground_truth,docker_multihost,8,2,1.0,1.1896,0.2155,1,-0.0
ddos_multi_04__benign_udpspoof_3,0,1789389500.314445,real,ddos_multi_04,,generator_ground_truth,docker_multihost,8,2,1.0,1.1896,0.2155,1,-0.0
ddos_multi_04__benign_udpspoof_3,0,1789389500.4544451,real,ddos_multi_04,,generator_ground_truth,docker_multihost,8,2,1.0,1.1896,0.2155,1,-0.0
ddos_multi_04__benign_udpspoof_3,0,1789389500.5944452,real,ddos_multi_04,,generator_ground_truth,docker_multihost,8,2,1.0,1.1896,0.2155,1,-0.0
ddos_multi_04__benign_udpspoof_3,0,1789389500.7344453,real,ddos_multi_04,,generator_ground_truth,docker_multihost,8,2,1.0,1.1896,0.2155,1,-0.0
ddos_multi_04__benign_udpspoof_3,0,1789389500.8744454,real,ddos_multi_04,,generator_ground_truth,docker_multihost,9,2,0.9911,1.1262,0.2622,1,-0.0
ddos_multi_04__benign_udpspoof_3,0,1789389501.0144455,real,ddos_multi_04,,generator_ground_truth,docker_multihost,9,2,0.9911,1.1262,0.2622,1,-0.0
ddos_multi_04__benign_udpspoof_3,0,1789389501.1544456,real,ddos_multi_04,,generator_ground_truth,docker_multihost,9,2,0.9911,1.1262,0.2622,1,-0.0
ddos_multi_04__benign_udpspoof_3,0,1789389501.2944458,real,ddos_multi_04,,generator_ground_truth,docker_multihost,9,2,0.9911,1.1262,0.2622,1,-0.0
ddos_multi_04__benign_udpspoof_3,0,1789389501.4344459,real,ddos_multi_04,,generator_ground_truth,docker_multihost,9,2,0.9911,1.1262,0.2622,1,-0.0
ddos_multi_04__benign_udpspoof_3,0,1789389501.574446,real,ddos_multi_04,,generator_ground_truth,docker_multihost,9,2,0.9911,1.1262,0.2622,1,-0.0
ddos_multi_04__benign_udpspoof_3,0,1789389501.714446,real,ddos_multi_04,,generator_ground_truth,docker_multihost,9,2,0.9911,1.1262,0.2622,1,-0.0
ddos_multi_04__benign_udpspoof_3,0,1789389501.8544462,real,ddos_multi_04,,generator_ground_truth,docker_multihost,8,2,1.0,1.1023,0.2721,1,-0.0
ddos_multi_04__benign_udpspoof_3,0,1789389501.9944463,real,ddos_multi_04,,generator_ground_truth,docker_multihost,9,2,0.9911,1.0963,0.255,1,-0.0
ddos_multi_04__benign_udpspoof_3,0,1789389502.1344464,real,ddos_multi_04,,generator_ground_truth,docker_multihost,9,2,0.9911,1.0963,0.255,1,-0.0
ddos_multi_04__benign_udpspoof_3,0,1789389502.2744465,real,ddos_multi_04,,generator_ground_truth,docker_multihost,9,2,0.9911,1.0963,0.255,1,-0.0
ddos_multi_04__benign_udpspoof_3,0,1789389502.4144466,real,ddos_multi_04,,generator_ground_truth,docker_multihost,9,2,0.9911,1.0963,0.255,1,-0.0
ddos_multi_04__benign_udpspoof_3,0,1789389502.5544467,real,ddos_multi_04,,generator_ground_truth,docker_multihost,9,2,0.9911,1.0963,0.255,1,-0.0
ddos_multi_04__benign_udpspoof_3,0,1789389502.6944468,real,ddos_multi_04,,generator_ground_truth,docker_multihost,9,2,0.9911,1.0963,0.255,1,-0.0
ddos_multi_04__benign_udpspoof_3,0,1789389502.834447,real,ddos_multi_04,,generator_ground_truth,docker_multihost,9,2,0.9911,1.0963,0.255,1,-0.0
ddos_multi_04__benign_udpspoof_3,0,1789389502.974447,real,ddos_multi_04,,generator_ground_truth,docker_multihost,9,2,0.9911,1.0963,0.255,1,-0.0
ddos_multi_04__benign_udpspoof_3,0,1789389503.114447,real,ddos_multi_04,,generator_ground_truth,docker_multihost,9,2,0.9911,1.0963,0.255,1,-0.0
ddos_multi_04__benign_udpspoof_3,0,1789389503.2544472,real,ddos_multi_04,,generator_ground_truth,docker_multihost,9,2,0.9911,1.118,0.2592,1,-0.0
ddos_multi_04__benign_udpspoof_3,0,1789389503.3944473,real,ddos_multi_04,,generator_ground_truth,docker_multihost,9,2,0.9911,1.118,0.2592,1,-0.0
ddos_multi_04__benign_udpspoof_3,0,1789389503.5344474,real,ddos_multi_04,,generator_ground_truth,docker_multihost,9,2,0.9911,1.118,0.2592,1,-0.0
ddos_multi_04__benign_udpspoof_3,0,1789389503.6744475,real,ddos_multi_04,,generator_ground_truth,docker_multihost,9,2,0.9911,1.118,0.2592,1,-0.0
ddos_multi_04__benign_udpspoof_3,0,1789389503.8144476,real,ddos_multi_04,,generator_ground_truth,docker_multihost,10,2,1.0,1.0592,0.2955,1,-0.0
ddos_multi_04__benign_udpspoof_3,0,1789389503.9544477,real,ddos_multi_04,,generator_ground_truth,docker_multihost,10,2,1.0,1.0592,0.2955,1,-0.0
ddos_multi_04__benign_udpspoof_3,0,1789389504.0944479,real,ddos_multi_04,,generator_ground_truth,docker_multihost,10,2,1.0,1.0592,0.2955,1,-0.0
ddos_multi_04__benign_udpspoof_3,0,1789389504.234448,real,ddos_multi_04,,generator_ground_truth,docker_multihost,9,2,0.9911,1.07,0.3118,1,-0.0
ddos_multi_04__benign_udpspoof_3,0,1789389504.374448,real,ddos_multi_04,,generator_ground_truth,docker_multihost,9,2,0.9911,1.07,0.3118,1,-0.0
ddos_multi_04__benign_udpspoof_3,0,1789389504.5144482,real,ddos_multi_04,,generator_ground_truth,docker_multihost,9,2,0.9911,1.07,0.3118,1,-0.0
ddos_multi_04__benign_udpspoof_3,0,1789389504.6544483,real,ddos_multi_04,,generator_ground_truth,docker_multihost,9,2,0.9911,1.07,0.3118,1,-0.0
ddos_multi_04__benign_udpspoof_3,0,1789389504.7944484,real,ddos_multi_04,,generator_ground_truth,docker_multihost,9,2,0.9911,1.07,0.3118,1,-0.0
ddos_multi_04__benign_udpspoof_3,0,1789389504.9344485,real,ddos_multi_04,,generator_ground_truth,docker_multihost,10,2,1.0,1.0781,0.2949,1,-0.0
ddos_multi_04__benign_udpspoof_3,0,1789389505.0744486,real,ddos_multi_04,,generator_ground_truth,docker_multihost,10,2,1.0,1.0781,0.2949,1,-0.0
ddos_multi_04__benign_udpspoof_3,0,1789389505.2144487,real,ddos_multi_04,,generator_ground_truth,docker_multihost,9,2,0.9911,1.0487,0.3001,1,-0.0
ddos_multi_04__benign_udpspoof_3,0,1789389505.3544488,real,ddos_multi_04,,generator_ground_truth,docker_multihost,9,2,0.9911,1.0487,0.3001,1,-0.0
ddos_multi_04__benign_udpspoof_3,0,1789389505.494449,real,ddos_multi_04,,generator_ground_truth,docker_multihost,9,2,0.9911,1.0487,0.3001,1,-0.0
ddos_multi_04__benign_udpspoof_3,0,1789389505.634449,real,ddos_multi_04,,generator_ground_truth,docker_multihost,9,2,0.9911,1.0487,0.3001,1,-0.0
ddos_multi_04__benign_udpspoof_3,0,1789389505.774449,real,ddos_multi_04,,generator_ground_truth,docker_multihost,10,2,1.0,1.0299,0.2879,1,-0.0
ddos_multi_04__benign_udpspoof_3,0,1789389505.9144492,real,ddos_multi_04,,generator_ground_truth,docker_multihost,10,2,1.0,1.0299,0.2879,1,-0.0
ddos_multi_04__benign_udpspoof_3,0,1789389506.0544493,real,ddos_multi_04,,generator_ground_truth,docker_multihost,10,2,1.0,1.0299,0.2879,1,-0.0
ddos_multi_04__benign_udpspoof_3,0,1789389506.1944494,real,ddos_multi_04,,generator_ground_truth,docker_multihost,10,2,1.0,1.0299,0.2879,1,-0.0
ddos_multi_04__benign_udpspoof_3,0,1789389506.3344495,real,ddos_multi_04,,generator_ground_truth,docker_multihost,10,2,1.0,1.0299,0.2879,1,-0.0
ddos_multi_04__benign_udpspoof_3,0,1789389506.4744496,real,ddos_multi_04,,generator_ground_truth,docker_multihost,10,2,1.0,1.0299,0.2879,1,-0.0
ddos_multi_04__benign_udpspoof_3,0,1789389506.6144497,real,ddos_multi_04,,generator_ground_truth,docker_multihost,9,2,0.9911,0.9872,0.2772,1,-0.0
ddos_multi_04__benign_udpspoof_3,0,1789389506.7544498,real,ddos_multi_04,,generator_ground_truth,docker_multihost,9,2,0.9911,0.9872,0.2772,1,-0.0
ddos_multi_04__benign_udpspoof_3,0,1789389506.89445,real,ddos_multi_04,,generator_ground_truth,docker_multihost,9,2,0.9911,0.9872,0.2772,1,-0.0
ddos_multi_04__benign_udpspoof_3,0,1789389507.03445,real,ddos_multi_04,,generator_ground_truth,docker_multihost,10,2,1.0,1.0193,0.2767,1,-0.0
ddos_multi_04__benign_udpspoof_3,0,1789389507.1744502,real,ddos_multi_04,,generator_ground_truth,docker_multihost,10,2,1.0,1.0193,0.2767,1,-0.0
ddos_multi_04__benign_udpspoof_3,0,1789389507.3144503,real,ddos_multi_04,,generator_ground_truth,docker_multihost,10,2,1.0,1.0193,0.2767,1,-0.0
ddos_multi_04__benign_udpspoof_3,0,1789389507.4544504,real,ddos_multi_04,,generator_ground_truth,docker_multihost,10,2,1.0,1.0193,0.2767,1,-0.0
ddos_multi_04__benign_udpspoof_3,0,1789389507.5944505,real,ddos_multi_04,,generator_ground_truth,docker_multihost,11,2,0.994,0.9695,0.3021,1,-0.0
ddos_multi_04__benign_udpspoof_3,0,1789389507.7344506,real,ddos_multi_04,,generator_ground_truth,docker_multihost,11,2,0.994,0.9695,0.3021,1,-0.0
ddos_multi_04__benign_udpspoof_3,0,1789389507.8744507,real,ddos_multi_04,,generator_ground_truth,docker_multihost,10,2,1.0,0.9845,0.3149,1,-0.0
ddos_multi_04__benign_udpspoof_3,0,1789389508.0144508,real,ddos_multi_04,,generator_ground_truth,docker_multihost,10,2,1.0,0.9845,0.3149,1,-0.0
ddos_multi_04__benign_udpspoof_3,0,1789389508.154451,real,ddos_multi_04,,generator_ground_truth,docker_multihost,10,2,1.0,0.9845,0.3149,1,-0.0
ddos_multi_04__benign_udpspoof_3,0,1789389508.294451,real,ddos_multi_04,,generator_ground_truth,docker_multihost,10,2,1.0,0.9845,0.3149,1,-0.0
ddos_multi_04__benign_udpspoof_3,0,1789389508.434451,real,ddos_multi_04,,generator_ground_truth,docker_multihost,10,2,1.0,0.9845,0.3149,1,-0.0
ddos_multi_04__benign_udpspoof_3,0,1789389508.5744512,real,ddos_multi_04,,generator_ground_truth,docker_multihost,10,2,1.0,0.9845,0.3149,1,-0.0
ddos_multi_04__benign_udpspoof_3,0,1789389508.7144513,real,ddos_multi_04,,generator_ground_truth,docker_multihost,10,2,1.0,0.9506,0.2746,1,-0.0
ddos_multi_04__benign_udpspoof_3,0,1789389508.8544514,real,ddos_multi_04,,generator_ground_truth,docker_multihost,10,2,1.0,0.9506,0.2746,1,-0.0
ddos_multi_04__benign_udpspoof_3,0,1789389508.9944515,real,ddos_multi_04,,generator_ground_truth,docker_multihost,10,2,1.0,0.9506,0.2746,1,-0.0
ddos_multi_04__benign_udpspoof_3,0,1789389509.1344516,real,ddos_multi_04,,generator_ground_truth,docker_multihost,10,2,1.0,0.9506,0.2746,1,-0.0
ddos_multi_04__benign_udpspoof_3,0,1789389509.2744517,real,ddos_multi_04,,generator_ground_truth,docker_multihost,10,2,1.0,0.9506,0.2746,1,-0.0
ddos_multi_04__benign_udpspoof_3,0,1789389509.4144518,real,ddos_multi_04,,generator_ground_truth,docker_multihost,10,2,1.0,0.9506,0.2746,1,-0.0
ddos_multi_04__benign_udpspoof_3,0,1789389509.554452,real,ddos_multi_04,,generator_ground_truth,docker_multihost,10,2,1.0,0.9506,0.2746,1,-0.0
ddos_multi_04__benign_udpspoof_3,0,1789389509.694452,real,ddos_multi_04,,generator_ground_truth,docker_multihost,10,2,1.0,0.9506,0.2746,1,-0.0
ddos_multi_04__benign_udpspoof_3,0,1789389509.8344522,real,ddos_multi_04,,generator_ground_truth,docker_multihost,10,2,1.0,0.9506,0.2746,1,-0.0
ddos_multi_04__benign_udpspoof_3,0,1789389509.9744523,real,ddos_multi_04,,generator_ground_truth,docker_multihost,10,2,1.0,0.9506,0.2746,1,-0.0
ddos_multi_04__benign_udpspoof_3,0,1789389510.1144524,real,ddos_multi_04,,generator_ground_truth,docker_multihost,10,2,1.0,0.9506,0.2746,1,-0.0
ddos_multi_04__benign_udpspoof_3,0,1789389510.2544525,real,ddos_multi_04,,generator_ground_truth,docker_multihost,10,2,1.0,1.0361,0.2966,1,-0.0
ddos_multi_04__benign_udpspoof_3,0,1789389510.3944526,real,ddos_multi_04,,generator_ground_truth,docker_multihost,10,2,1.0,1.0361,0.2966,1,-0.0
ddos_multi_04__benign_udpspoof_3,0,1789389510.5344527,real,ddos_multi_04,,generator_ground_truth,docker_multihost,10,2,1.0,1.0361,0.2966,1,-0.0
ddos_multi_04__benign_udpspoof_3,0,1789389510.6744528,real,ddos_multi_04,,generator_ground_truth,docker_multihost,10,2,1.0,1.0361,0.2966,1,-0.0
ddos_multi_04__benign_udpspoof_3,0,1789389510.814453,real,ddos_multi_04,,generator_ground_truth,docker_multihost,10,2,1.0,1.0361,0.2966,1,-0.0
ddos_multi_04__benign_udpspoof_3,0,1789389510.954453,real,ddos_multi_04,,generator_ground_truth,docker_multihost,9,2,0.9911,1.0338,0.3145,1,-0.0
ddos_multi_04__benign_udpspoof_3,0,1789389511.094453,real,ddos_multi_04,,generator_ground_truth,docker_multihost,9,2,0.9911,1.0338,0.3145,1,-0.0
ddos_multi_04__benign_udpspoof_3,0,1789389511.2344532,real,ddos_multi_04,,generator_ground_truth,docker_multihost,10,2,1.0,1.0259,0.2974,1,-0.0
ddos_multi_04__benign_udpspoof_3,0,1789389511.3744533,real,ddos_multi_04,,generator_ground_truth,docker_multihost,10,2,1.0,1.0259,0.2974,1,-0.0
ddos_multi_04__benign_udpspoof_3,0,1789389511.5144534,real,ddos_multi_04,,generator_ground_truth,docker_multihost,10,2,1.0,1.0259,0.2974,1,-0.0
ddos_multi_04__benign_udpspoof_3,0,1789389511.6544535,real,ddos_multi_04,,generator_ground_truth,docker_multihost,10,2,1.0,1.0259,0.2974,1,-0.0
ddos_multi_04__benign_udpspoof_3,0,1789389511.7944536,real,ddos_multi_04,,generator_ground_truth,docker_multihost,11,2,0.994,0.988,0.3042,1,-0.0
ddos_multi_04__benign_udpspoof_3,0,1789389511.9344537,real,ddos_multi_04,,generator_ground_truth,docker_multihost,10,2,1.0,0.9595,0.3078,1,-0.0
ddos_multi_04__benign_udpspoof_3,0,1789389512.0744538,real,ddos_multi_04,,generator_ground_truth,docker_multihost,10,2,1.0,0.9595,0.3078,1,-0.0
ddos_multi_04__benign_udpspoof_3,0,1789389512.214454,real,ddos_multi_04,,generator_ground_truth,docker_multihost,10,2,1.0,0.9595,0.3078,1,-0.0
ddos_multi_04__benign_udpspoof_3,0,1789389512.354454,real,ddos_multi_04,,generator_ground_truth,docker_multihost,10,2,1.0,0.9595,0.3078,1,-0.0
ddos_multi_04__benign_udpspoof_3,0,1789389512.4944541,real,ddos_multi_04,,generator_ground_truth,docker_multihost,10,2,1.0,0.9595,0.3078,1,-0.0
ddos_multi_04__benign_udpspoof_3,0,1789389512.6344543,real,ddos_multi_04,,generator_ground_truth,docker_multihost,10,2,1.0,0.9595,0.3078,1,-0.0
ddos_multi_04__benign_udpspoof_3,0,1789389512.7744544,real,ddos_multi_04,,generator_ground_truth,docker_multihost,10,2,1.0,0.9595,0.3078,1,-0.0
ddos_multi_04__benign_udpspoof_3,0,1789389512.9144545,real,ddos_multi_04,,generator_ground_truth,docker_multihost,10,2,1.0,0.9595,0.3078,1,-0.0
ddos_multi_04__benign_udpspoof_3,0,1789389513.0544546,real,ddos_multi_04,,generator_ground_truth,docker_multihost,11,2,0.994,0.9817,0.2995,1,-0.0
ddos_multi_04__benign_udpspoof_3,0,1789389513.1944547,real,ddos_multi_04,,generator_ground_truth,docker_multihost,10,2,1.0,1.0253,0.284,1,-0.0
ddos_multi_04__benign_udpspoof_3,0,1789389513.3344548,real,ddos_multi_04,,generator_ground_truth,docker_multihost,10,2,1.0,1.0253,0.284,1,-0.0
ddos_multi_04__benign_udpspoof_3,0,1789389513.4744549,real,ddos_multi_04,,generator_ground_truth,docker_multihost,10,2,1.0,1.0253,0.284,1,-0.0
ddos_multi_04__benign_udpspoof_3,0,1789389513.614455,real,ddos_multi_04,,generator_ground_truth,docker_multihost,10,2,1.0,1.0253,0.284,1,-0.0
ddos_multi_04__benign_udpspoof_3,0,1789389513.754455,real,ddos_multi_04,,generator_ground_truth,docker_multihost,9,2,0.9911,1.0106,0.298,1,-0.0
ddos_multi_04__benign_udpspoof_3,0,1789389513.8944552,real,ddos_multi_04,,generator_ground_truth,docker_multihost,10,2,1.0,0.9983,0.2831,1,-0.0
ddos_multi_04__benign_udpspoof_3,0,1789389514.0344553,real,ddos_multi_04,,generator_ground_truth,docker_multihost,10,2,1.0,0.9983,0.2831,1,-0.0
ddos_multi_04__benign_udpspoof_3,0,1789389514.1744554,real,ddos_multi_04,,generator_ground_truth,docker_multihost,10,2,1.0,0.9983,0.2831,1,-0.0
ddos_multi_04__benign_udpspoof_3,0,1789389514.3144555,real,ddos_multi_04,,generator_ground_truth,docker_multihost,10,2,1.0,0.9983,0.2831,1,-0.0
ddos_multi_04__benign_udpspoof_3,0,1789389514.4544556,real,ddos_multi_04,,generator_ground_truth,docker_multihost,10,2,1.0,0.9983,0.2831,1,-0.0
ddos_multi_04__benign_udpspoof_3,0,1789389514.5944557,real,ddos_multi_04,,generator_ground_truth,docker_multihost,10,2,1.0,0.9983,0.2831,1,-0.0
ddos_multi_04__benign_udpspoof_3,0,1789389514.7344558,real,ddos_multi_04,,generator_ground_truth,docker_multihost,10,2,1.0,0.9983,0.2831,1,-0.0
ddos_multi_04__benign_udpspoof_3,0,1789389514.874456,real,ddos_multi_04,,generator_ground_truth,docker_multihost,9,2,0.9911,1.0132,0.2969,1,-0.0
ddos_multi_04__benign_udpspoof_3,0,1789389515.014456,real,ddos_multi_04,,generator_ground_truth,docker_multihost,9,2,0.9911,1.0132,0.2969,1,-0.0
ddos_multi_04__benign_udpspoof_3,0,1789389515.1544561,real,ddos_multi_04,,generator_ground_truth,docker_multihost,9,2,0.9911,1.0132,0.2969,1,-0.0
ddos_multi_04__benign_udpspoof_3,0,1789389515.2944562,real,ddos_multi_04,,generator_ground_truth,docker_multihost,10,2,1.0,1.0505,0.2992,1,-0.0
ddos_multi_04__benign_udpspoof_3,0,1789389515.4344563,real,ddos_multi_04,,generator_ground_truth,docker_multihost,10,2,1.0,1.0505,0.2992,1,-0.0
ddos_multi_04__benign_udpspoof_3,0,1789389515.5744565,real,ddos_multi_04,,generator_ground_truth,docker_multihost,10,2,1.0,1.0505,0.2992,1,-0.0
ddos_multi_04__benign_udpspoof_3,0,1789389515.7144566,real,ddos_multi_04,,generator_ground_truth,docker_multihost,10,2,1.0,1.0505,0.2992,1,-0.0
ddos_multi_04__ddos_spoofed_3,1,1789389516.9428332,real,ddos_multi_04,spoofed_flood,generator_ground_truth,docker_multihost,25,1,-0.0,0.0056,0.0001,25,4.6439
ddos_multi_04__ddos_spoofed_3,1,1789389517.0828333,real,ddos_multi_04,spoofed_flood,generator_ground_truth,docker_multihost,50,1,-0.0,0.0056,0.0001,50,5.6439
ddos_multi_04__ddos_spoofed_3,1,1789389517.2228334,real,ddos_multi_04,spoofed_flood,generator_ground_truth,docker_multihost,75,1,-0.0,0.0056,0.0001,75,6.2288
ddos_multi_04__ddos_spoofed_3,1,1789389517.3628335,real,ddos_multi_04,spoofed_flood,generator_ground_truth,docker_multihost,100,1,-0.0,0.0056,0.0005,100,6.6439
ddos_multi_04__ddos_spoofed_3,1,1789389517.5028336,real,ddos_multi_04,spoofed_flood,generator_ground_truth,docker_multihost,125,1,-0.0,0.0056,0.0005,125,6.9658
ddos_multi_04__ddos_spoofed_3,1,1789389517.6428337,real,ddos_multi_04,spoofed_flood,generator_ground_truth,docker_multihost,150,1,-0.0,0.0056,0.0004,150,7.2288
ddos_multi_04__ddos_spoofed_3,1,1789389517.7828338,real,ddos_multi_04,spoofed_flood,generator_ground_truth,docker_multihost,176,1,-0.0,0.0056,0.0004,176,7.4594
ddos_multi_04__ddos_spoofed_3,1,1789389517.922834,real,ddos_multi_04,spoofed_flood,generator_ground_truth,docker_multihost,201,1,-0.0,0.0056,0.0004,201,7.6511
ddos_multi_04__ddos_spoofed_3,1,1789389518.062834,real,ddos_multi_04,spoofed_flood,generator_ground_truth,docker_multihost,226,1,-0.0,0.0056,0.0004,226,7.8202
ddos_multi_04__ddos_spoofed_3,1,1789389518.2028341,real,ddos_multi_04,spoofed_flood,generator_ground_truth,docker_multihost,252,1,-0.0,0.0056,0.0003,252,7.9773
ddos_multi_04__ddos_spoofed_3,1,1789389518.3428342,real,ddos_multi_04,spoofed_flood,generator_ground_truth,docker_multihost,277,1,-0.0,0.0055,0.0003,277,8.1137
ddos_multi_04__ddos_spoofed_3,1,1789389518.4828343,real,ddos_multi_04,spoofed_flood,generator_ground_truth,docker_multihost,303,1,-0.0,0.0055,0.0003,303,8.2432
ddos_multi_04__ddos_spoofed_3,1,1789389518.6228344,real,ddos_multi_04,spoofed_flood,generator_ground_truth,docker_multihost,328,1,-0.0,0.0055,0.0003,328,8.3576
ddos_multi_04__ddos_spoofed_3,1,1789389518.7628345,real,ddos_multi_04,spoofed_flood,generator_ground_truth,docker_multihost,354,1,-0.0,0.0055,0.0003,354,8.4676
ddos_multi_04__ddos_spoofed_3,1,1789389518.9028347,real,ddos_multi_04,spoofed_flood,generator_ground_truth,docker_multihost,380,1,-0.0,0.0055,0.0003,380,8.5699
ddos_multi_04__ddos_spoofed_3,1,1789389519.0428348,real,ddos_multi_04,spoofed_flood,generator_ground_truth,docker_multihost,404,1,-0.0,0.0055,0.0003,404,8.6582
ddos_multi_04__ddos_spoofed_3,1,1789389519.1828349,real,ddos_multi_04,spoofed_flood,generator_ground_truth,docker_multihost,429,1,-0.0,0.0055,0.0004,429,8.7448
ddos_multi_04__ddos_spoofed_3,1,1789389519.322835,real,ddos_multi_04,spoofed_flood,generator_ground_truth,docker_multihost,453,1,-0.0,0.0056,0.0005,453,8.8234
ddos_multi_04__ddos_spoofed_3,1,1789389519.462835,real,ddos_multi_04,spoofed_flood,generator_ground_truth,docker_multihost,479,1,-0.0,0.0056,0.0004,479,8.9039
ddos_multi_04__ddos_spoofed_3,1,1789389519.6028352,real,ddos_multi_04,spoofed_flood,generator_ground_truth,docker_multihost,504,1,-0.0,0.0056,0.0004,504,8.9773
ddos_multi_04__ddos_spoofed_3,1,1789389519.7428353,real,ddos_multi_04,spoofed_flood,generator_ground_truth,docker_multihost,529,1,-0.0,0.0055,0.0004,529,9.0471
ddos_multi_04__ddos_spoofed_3,1,1789389519.8828354,real,ddos_multi_04,spoofed_flood,generator_ground_truth,docker_multihost,555,1,-0.0,0.0055,0.0004,555,9.1163
ddos_multi_04__ddos_spoofed_3,1,1789389520.0228355,real,ddos_multi_04,spoofed_flood,generator_ground_truth,docker_multihost,581,1,-0.0,0.0055,0.0004,581,9.1824
ddos_multi_04__ddos_spoofed_3,1,1789389520.1628356,real,ddos_multi_04,spoofed_flood,generator_ground_truth,docker_multihost,606,1,-0.0,0.0055,0.0004,606,9.2432
ddos_multi_04__ddos_spoofed_3,1,1789389520.3028357,real,ddos_multi_04,spoofed_flood,generator_ground_truth,docker_multihost,631,1,-0.0,0.0055,0.0004,631,9.3015
ddos_multi_04__ddos_spoofed_3,1,1789389520.4428358,real,ddos_multi_04,spoofed_flood,generator_ground_truth,docker_multihost,656,1,-0.0,0.0055,0.0004,656,9.3576
ddos_multi_04__ddos_spoofed_3,1,1789389520.582836,real,ddos_multi_04,spoofed_flood,generator_ground_truth,docker_multihost,681,1,-0.0,0.0055,0.0004,681,9.4115
ddos_multi_04__ddos_spoofed_3,1,1789389520.722836,real,ddos_multi_04,spoofed_flood,generator_ground_truth,docker_multihost,707,1,-0.0,0.0055,0.0004,707,9.4656
ddos_multi_04__ddos_spoofed_3,1,1789389520.8628361,real,ddos_multi_04,spoofed_flood,generator_ground_truth,docker_multihost,733,1,-0.0,0.0055,0.0004,733,9.5177
ddos_multi_04__ddos_spoofed_3,1,1789389521.0028362,real,ddos_multi_04,spoofed_flood,generator_ground_truth,docker_multihost,759,1,-0.0,0.0055,0.0004,759,9.568
ddos_multi_04__ddos_spoofed_3,1,1789389521.1428363,real,ddos_multi_04,spoofed_flood,generator_ground_truth,docker_multihost,785,1,-0.0,0.0055,0.0004,785,9.6165
ddos_multi_04__ddos_spoofed_3,1,1789389521.2828364,real,ddos_multi_04,spoofed_flood,generator_ground_truth,docker_multihost,810,1,-0.0,0.0055,0.0003,810,9.6618
ddos_multi_04__ddos_spoofed_3,1,1789389521.4228365,real,ddos_multi_04,spoofed_flood,generator_ground_truth,docker_multihost,836,1,-0.0,0.0055,0.0003,836,9.7074
ddos_multi_04__ddos_spoofed_3,1,1789389521.5628366,real,ddos_multi_04,spoofed_flood,generator_ground_truth,docker_multihost,861,1,-0.0,0.0055,0.0003,861,9.7499
ddos_multi_04__ddos_spoofed_3,1,1789389521.7028368,real,ddos_multi_04,spoofed_flood,generator_ground_truth,docker_multihost,886,1,-0.0,0.0055,0.0003,886,9.7912
ddos_multi_04__ddos_spoofed_3,1,1789389521.8428369,real,ddos_multi_04,spoofed_flood,generator_ground_truth,docker_multihost,911,1,-0.0,0.0055,0.0003,911,9.8313
ddos_multi_04__ddos_spoofed_3,1,1789389521.982837,real,ddos_multi_04,spoofed_flood,generator_ground_truth,docker_multihost,937,1,-0.0,0.0055,0.0003,937,9.8719
ddos_multi_04__ddos_spoofed_3,1,1789389522.122837,real,ddos_multi_04,spoofed_flood,generator_ground_truth,docker_multihost,963,1,-0.0,0.0055,0.0003,963,9.9114
ddos_multi_04__ddos_spoofed_3,1,1789389522.2628372,real,ddos_multi_04,spoofed_flood,generator_ground_truth,docker_multihost,988,1,-0.0,0.0055,0.0003,988,9.9484
ddos_multi_04__ddos_spoofed_3,1,1789389522.4028373,real,ddos_multi_04,spoofed_flood,generator_ground_truth,docker_multihost,1013,1,-0.0,0.0055,0.0003,1013,9.9844
ddos_multi_04__ddos_spoofed_3,1,1789389522.5428374,real,ddos_multi_04,spoofed_flood,generator_ground_truth,docker_multihost,1038,1,-0.0,0.0055,0.0003,1038,10.0196
ddos_multi_04__ddos_spoofed_3,1,1789389522.6828375,real,ddos_multi_04,spoofed_flood,generator_ground_truth,docker_multihost,1064,1,-0.0,0.0055,0.0003,1064,10.0553
ddos_multi_04__ddos_spoofed_3,1,1789389522.8228376,real,ddos_multi_04,spoofed_flood,generator_ground_truth,docker_multihost,1089,1,-0.0,0.0055,0.0003,1089,10.0888
ddos_multi_04__ddos_spoofed_3,1,1789389522.9628377,real,ddos_multi_04,spoofed_flood,generator_ground_truth,docker_multihost,1114,1,-0.0,0.0055,0.0003,1114,10.1215
ddos_multi_04__ddos_spoofed_3,1,1789389523.1028378,real,ddos_multi_04,spoofed_flood,generator_ground_truth,docker_multihost,1140,1,-0.0,0.0055,0.0003,1140,10.1548
ddos_multi_04__ddos_spoofed_3,1,1789389523.242838,real,ddos_multi_04,spoofed_flood,generator_ground_truth,docker_multihost,1165,1,-0.0,0.0055,0.0003,1165,10.1861
ddos_multi_04__ddos_spoofed_3,1,1789389523.382838,real,ddos_multi_04,spoofed_flood,generator_ground_truth,docker_multihost,1190,1,-0.0,0.0055,0.0003,1190,10.2167
ddos_multi_04__ddos_spoofed_3,1,1789389523.522838,real,ddos_multi_04,spoofed_flood,generator_ground_truth,docker_multihost,1216,1,-0.0,0.0055,0.0003,1216,10.2479
ddos_multi_04__ddos_spoofed_3,1,1789389523.6628382,real,ddos_multi_04,spoofed_flood,generator_ground_truth,docker_multihost,1241,1,-0.0,0.0055,0.0003,1241,10.2773
ddos_multi_04__ddos_spoofed_3,1,1789389523.8028383,real,ddos_multi_04,spoofed_flood,generator_ground_truth,docker_multihost,1266,1,-0.0,0.0055,0.0003,1266,10.3061
ddos_multi_04__ddos_spoofed_3,1,1789389523.9428384,real,ddos_multi_04,spoofed_flood,generator_ground_truth,docker_multihost,1292,1,-0.0,0.0055,0.0003,1292,10.3354
ddos_multi_04__ddos_spoofed_3,1,1789389524.0828385,real,ddos_multi_04,spoofed_flood,generator_ground_truth,docker_multihost,1318,1,-0.0,0.0055,0.0003,1318,10.3641
ddos_multi_04__ddos_spoofed_3,1,1789389524.2228386,real,ddos_multi_04,spoofed_flood,generator_ground_truth,docker_multihost,1344,1,-0.0,0.0055,0.0003,1344,10.3923
ddos_multi_04__ddos_spoofed_3,1,1789389524.3628387,real,ddos_multi_04,spoofed_flood,generator_ground_truth,docker_multihost,1369,1,-0.0,0.0055,0.0003,1369,10.4189
ddos_multi_04__ddos_spoofed_3,1,1789389524.5028389,real,ddos_multi_04,spoofed_flood,generator_ground_truth,docker_multihost,1395,1,-0.0,0.0055,0.0003,1395,10.446
ddos_multi_04__ddos_spoofed_3,1,1789389524.642839,real,ddos_multi_04,spoofed_flood,generator_ground_truth,docker_multihost,1421,1,-0.0,0.0055,0.0003,1421,10.4727
ddos_multi_04__ddos_spoofed_3,1,1789389524.782839,real,ddos_multi_04,spoofed_flood,generator_ground_truth,docker_multihost,1446,1,-0.0,0.0055,0.0003,1446,10.4979
ddos_multi_04__ddos_spoofed_3,1,1789389524.9228392,real,ddos_multi_04,spoofed_flood,generator_ground_truth,docker_multihost,1471,1,-0.0,0.0055,0.0003,1471,10.5226
ddos_multi_04__ddos_spoofed_3,1,1789389525.0628393,real,ddos_multi_04,spoofed_flood,generator_ground_truth,docker_multihost,1496,1,-0.0,0.0055,0.0003,1496,10.5469
ddos_multi_04__ddos_spoofed_3,1,1789389525.2028394,real,ddos_multi_04,spoofed_flood,generator_ground_truth,docker_multihost,1521,1,-0.0,0.0055,0.0003,1521,10.5708
ddos_multi_04__ddos_spoofed_3,1,1789389525.3428395,real,ddos_multi_04,spoofed_flood,generator_ground_truth,docker_multihost,1547,1,-0.0,0.0055,0.0003,1547,10.5953
ddos_multi_04__ddos_spoofed_3,1,1789389525.4828396,real,ddos_multi_04,spoofed_flood,generator_ground_truth,docker_multihost,1572,1,-0.0,0.0055,0.0003,1572,10.6184
ddos_multi_04__ddos_spoofed_3,1,1789389525.6228397,real,ddos_multi_04,spoofed_flood,generator_ground_truth,docker_multihost,1598,1,-0.0,0.0055,0.0003,1598,10.6421
ddos_multi_04__ddos_spoofed_3,1,1789389525.7628398,real,ddos_multi_04,spoofed_flood,generator_ground_truth,docker_multihost,1623,1,-0.0,0.0055,0.0002,1623,10.6644
ddos_multi_04__ddos_spoofed_3,1,1789389525.90284,real,ddos_multi_04,spoofed_flood,generator_ground_truth,docker_multihost,1648,1,-0.0,0.0055,0.0002,1648,10.6865
ddos_multi_04__ddos_spoofed_3,1,1789389526.04284,real,ddos_multi_04,spoofed_flood,generator_ground_truth,docker_multihost,1672,1,-0.0,0.0055,0.0003,1672,10.7074
ddos_multi_04__ddos_spoofed_3,1,1789389526.18284,real,ddos_multi_04,spoofed_flood,generator_ground_truth,docker_multihost,1698,1,-0.0,0.0055,0.0003,1698,10.7296
ddos_multi_04__ddos_spoofed_3,1,1789389526.3228402,real,ddos_multi_04,spoofed_flood,generator_ground_truth,docker_multihost,1723,1,-0.0,0.0055,0.0003,1723,10.7507
ddos_multi_04__ddos_spoofed_3,1,1789389526.4628403,real,ddos_multi_04,spoofed_flood,generator_ground_truth,docker_multihost,1749,1,-0.0,0.0055,0.0003,1749,10.7723
ddos_multi_04__ddos_spoofed_3,1,1789389526.6028404,real,ddos_multi_04,spoofed_flood,generator_ground_truth,docker_multihost,1774,1,-0.0,0.0055,0.0003,1774,10.7928
ddos_multi_04__ddos_spoofed_3,1,1789389526.7428405,real,ddos_multi_04,spoofed_flood,generator_ground_truth,docker_multihost,1799,1,-0.0,0.0055,0.0003,1799,10.813
ddos_multi_04__ddos_spoofed_3,1,1789389526.8828406,real,ddos_multi_04,spoofed_flood,generator_ground_truth,docker_multihost,1810,1,-0.0,0.0055,0.0003,1810,10.8218
ddos_multi_04__ddos_spoofed_3,1,1789389527.0228407,real,ddos_multi_04,spoofed_flood,generator_ground_truth,docker_multihost,1810,1,-0.0,0.0055,0.0003,1810,10.8218
ddos_multi_04__ddos_spoofed_3,1,1789389527.1628408,real,ddos_multi_04,spoofed_flood,generator_ground_truth,docker_multihost,1810,1,-0.0,0.0055,0.0003,1810,10.8218
ddos_multi_04__ddos_spoofed_3,1,1789389527.302841,real,ddos_multi_04,spoofed_flood,generator_ground_truth,docker_multihost,1809,1,-0.0,0.0055,0.0003,1809,10.821
ddos_multi_04__ddos_spoofed_3,1,1789389527.442841,real,ddos_multi_04,spoofed_flood,generator_ground_truth,docker_multihost,1810,1,-0.0,0.0055,0.0003,1810,10.8218
ddos_multi_04__ddos_spoofed_3,1,1789389527.5828412,real,ddos_multi_04,spoofed_flood,generator_ground_truth,docker_multihost,1810,1,-0.0,0.0055,0.0003,1810,10.8218
ddos_multi_04__ddos_spoofed_3,1,1789389527.7228413,real,ddos_multi_04,spoofed_flood,generator_ground_truth,docker_multihost,1810,1,-0.0,0.0055,0.0003,1810,10.8218
ddos_multi_04__ddos_spoofed_3,1,1789389527.8628414,real,ddos_multi_04,spoofed_flood,generator_ground_truth,docker_multihost,1810,1,-0.0,0.0055,0.0003,1810,10.8218
ddos_multi_04__ddos_spoofed_3,1,1789389528.0028415,real,ddos_multi_04,spoofed_flood,generator_ground_truth,docker_multihost,1811,1,-0.0,0.0055,0.0003,1811,10.8226
ddos_multi_04__ddos_spoofed_3,1,1789389528.1428416,real,ddos_multi_04,spoofed_flood,generator_ground_truth,docker_multihost,1810,1,-0.0,0.0055,0.0003,1810,10.8218
ddos_multi_04__ddos_spoofed_3,1,1789389528.2828417,real,ddos_multi_04,spoofed_flood,generator_ground_truth,docker_multihost,1810,1,-0.0,0.0055,0.0003,1810,10.8218
ddos_multi_04__ddos_spoofed_3,1,1789389528.4228418,real,ddos_multi_04,spoofed_flood,generator_ground_truth,docker_multihost,1810,1,-0.0,0.0055,0.0003,1810,10.8218
ddos_multi_04__ddos_spoofed_3,1,1789389528.562842,real,ddos_multi_04,spoofed_flood,generator_ground_truth,docker_multihost,1809,1,-0.0,0.0055,0.0003,1809,10.821
ddos_multi_04__ddos_spoofed_3,1,1789389528.702842,real,ddos_multi_04,spoofed_flood,generator_ground_truth,docker_multihost,1810,1,-0.0,0.0055,0.0003,1810,10.8218
ddos_multi_04__ddos_spoofed_3,1,1789389528.842842,real,ddos_multi_04,spoofed_flood,generator_ground_truth,docker_multihost,1809,1,-0.0,0.0055,0.0003,1809,10.821
ddos_multi_04__ddos_spoofed_3,1,1789389528.9828422,real,ddos_multi_04,spoofed_flood,generator_ground_truth,docker_multihost,1809,1,-0.0,0.0055,0.0003,1809,10.821
ddos_multi_04__ddos_spoofed_3,1,1789389529.1228423,real,ddos_multi_04,spoofed_flood,generator_ground_truth,docker_multihost,1797,1,-0.0,0.0055,0.0002,1797,10.8114
ddos_multi_04__ddos_spoofed_3,1,1789389529.2628424,real,ddos_multi_04,spoofed_flood,generator_ground_truth,docker_multihost,1773,1,-0.0,0.0055,0.0002,1773,10.792
ddos_multi_04__ddos_spoofed_3,1,1789389529.4028425,real,ddos_multi_04,spoofed_flood,generator_ground_truth,docker_multihost,1747,1,-0.0,0.0055,0.0002,1747,10.7707
ddos_multi_04__ddos_spoofed_3,1,1789389529.5428426,real,ddos_multi_04,spoofed_flood,generator_ground_truth,docker_multihost,1722,1,-0.0,0.0055,0.0002,1722,10.7499
ddos_multi_04__benign_udpspoof_4,0,1789389531.3224685,real,ddos_multi_04,,generator_ground_truth,docker_multihost,1,1,-0.0,0.0,0.0,1,-0.0
ddos_multi_04__benign_udpspoof_4,0,1789389531.4624686,real,ddos_multi_04,,generator_ground_truth,docker_multihost,1,1,-0.0,0.0,0.0,1,-0.0
ddos_multi_04__benign_udpspoof_4,0,1789389531.6024687,real,ddos_multi_04,,generator_ground_truth,docker_multihost,1,1,-0.0,0.0,0.0,1,-0.0
ddos_multi_04__benign_udpspoof_4,0,1789389531.7424688,real,ddos_multi_04,,generator_ground_truth,docker_multihost,1,1,-0.0,0.0,0.0,1,-0.0
ddos_multi_04__benign_udpspoof_4,0,1789389531.882469,real,ddos_multi_04,,generator_ground_truth,docker_multihost,1,1,-0.0,0.0,0.0,1,-0.0
ddos_multi_04__benign_udpspoof_4,0,1789389532.022469,real,ddos_multi_04,,generator_ground_truth,docker_multihost,1,1,-0.0,0.0,0.0,1,-0.0
ddos_multi_04__benign_udpspoof_4,0,1789389532.1624691,real,ddos_multi_04,,generator_ground_truth,docker_multihost,2,1,-0.0,0.8219,0.0,1,-0.0
ddos_multi_04__benign_udpspoof_4,0,1789389532.3024693,real,ddos_multi_04,,generator_ground_truth,docker_multihost,2,1,-0.0,0.8219,0.0,1,-0.0
ddos_multi_04__benign_udpspoof_4,0,1789389532.4424694,real,ddos_multi_04,,generator_ground_truth,docker_multihost,2,1,-0.0,0.8219,0.0,1,-0.0
ddos_multi_04__benign_udpspoof_4,0,1789389532.5824695,real,ddos_multi_04,,generator_ground_truth,docker_multihost,2,1,-0.0,0.8219,0.0,1,-0.0
ddos_multi_04__benign_udpspoof_4,0,1789389532.7224696,real,ddos_multi_04,,generator_ground_truth,docker_multihost,2,1,-0.0,0.8219,0.0,1,-0.0
ddos_multi_04__benign_udpspoof_4,0,1789389532.8624697,real,ddos_multi_04,,generator_ground_truth,docker_multihost,2,1,-0.0,0.8219,0.0,1,-0.0
ddos_multi_04__benign_udpspoof_4,0,1789389533.0024698,real,ddos_multi_04,,generator_ground_truth,docker_multihost,3,1,-0.0,0.8296,0.0078,1,-0.0
ddos_multi_04__benign_udpspoof_4,0,1789389533.14247,real,ddos_multi_04,,generator_ground_truth,docker_multihost,3,1,-0.0,0.8296,0.0078,1,-0.0
ddos_multi_04__benign_udpspoof_4,0,1789389533.28247,real,ddos_multi_04,,generator_ground_truth,docker_multihost,3,1,-0.0,0.8296,0.0078,1,-0.0
ddos_multi_04__benign_udpspoof_4,0,1789389533.42247,real,ddos_multi_04,,generator_ground_truth,docker_multihost,3,1,-0.0,0.8296,0.0078,1,-0.0
ddos_multi_04__benign_udpspoof_4,0,1789389533.5624702,real,ddos_multi_04,,generator_ground_truth,docker_multihost,4,1,-0.0,0.7468,0.1174,1,-0.0
ddos_multi_04__benign_udpspoof_4,0,1789389533.7024703,real,ddos_multi_04,,generator_ground_truth,docker_multihost,4,1,-0.0,0.7468,0.1174,1,-0.0
ddos_multi_04__benign_udpspoof_4,0,1789389533.8424704,real,ddos_multi_04,,generator_ground_truth,docker_multihost,4,1,-0.0,0.7468,0.1174,1,-0.0
ddos_multi_04__benign_udpspoof_4,0,1789389533.9824705,real,ddos_multi_04,,generator_ground_truth,docker_multihost,4,1,-0.0,0.7468,0.1174,1,-0.0
ddos_multi_04__benign_udpspoof_4,0,1789389534.1224706,real,ddos_multi_04,,generator_ground_truth,docker_multihost,4,1,-0.0,0.7468,0.1174,1,-0.0
ddos_multi_04__benign_udpspoof_4,0,1789389534.2624707,real,ddos_multi_04,,generator_ground_truth,docker_multihost,4,1,-0.0,0.7468,0.1174,1,-0.0
ddos_multi_04__benign_udpspoof_4,0,1789389534.4024708,real,ddos_multi_04,,generator_ground_truth,docker_multihost,5,1,-0.0,0.7802,0.1169,1,-0.0
ddos_multi_04__benign_udpspoof_4,0,1789389534.542471,real,ddos_multi_04,,generator_ground_truth,docker_multihost,5,1,-0.0,0.7802,0.1169,1,-0.0
ddos_multi_04__benign_udpspoof_4,0,1789389534.682471,real,ddos_multi_04,,generator_ground_truth,docker_multihost,5,1,-0.0,0.7802,0.1169,1,-0.0
ddos_multi_04__benign_udpspoof_4,0,1789389534.8224711,real,ddos_multi_04,,generator_ground_truth,docker_multihost,5,1,-0.0,0.7802,0.1169,1,-0.0
ddos_multi_04__benign_udpspoof_4,0,1789389534.9624712,real,ddos_multi_04,,generator_ground_truth,docker_multihost,5,1,-0.0,0.7802,0.1169,1,-0.0
ddos_multi_04__benign_udpspoof_4,0,1789389535.1024714,real,ddos_multi_04,,generator_ground_truth,docker_multihost,5,1,-0.0,0.7802,0.1169,1,-0.0
ddos_multi_04__benign_udpspoof_4,0,1789389535.2424715,real,ddos_multi_04,,generator_ground_truth,docker_multihost,5,1,-0.0,0.7802,0.1169,1,-0.0
ddos_multi_04__benign_udpspoof_4,0,1789389535.3824716,real,ddos_multi_04,,generator_ground_truth,docker_multihost,5,1,-0.0,0.7802,0.1169,1,-0.0
ddos_multi_04__benign_udpspoof_4,0,1789389535.5224717,real,ddos_multi_04,,generator_ground_truth,docker_multihost,6,1,-0.0,0.8397,0.1585,1,-0.0
ddos_multi_04__benign_udpspoof_4,0,1789389535.6624718,real,ddos_multi_04,,generator_ground_truth,docker_multihost,6,1,-0.0,0.8397,0.1585,1,-0.0
ddos_multi_04__benign_udpspoof_4,0,1789389535.8024719,real,ddos_multi_04,,generator_ground_truth,docker_multihost,6,1,-0.0,0.8397,0.1585,1,-0.0
ddos_multi_04__benign_udpspoof_4,0,1789389535.942472,real,ddos_multi_04,,generator_ground_truth,docker_multihost,6,1,-0.0,0.8397,0.1585,1,-0.0
ddos_multi_04__benign_udpspoof_4,0,1789389536.082472,real,ddos_multi_04,,generator_ground_truth,docker_multihost,7,1,-0.0,0.7913,0.1807,1,-0.0
ddos_multi_04__benign_udpspoof_4,0,1789389536.2224722,real,ddos_multi_04,,generator_ground_truth,docker_multihost,7,1,-0.0,0.7913,0.1807,1,-0.0
ddos_multi_04__benign_udpspoof_4,0,1789389536.3624723,real,ddos_multi_04,,generator_ground_truth,docker_multihost,7,1,-0.0,0.7913,0.1807,1,-0.0
ddos_multi_04__benign_udpspoof_4,0,1789389536.5024724,real,ddos_multi_04,,generator_ground_truth,docker_multihost,7,1,-0.0,0.7913,0.1807,1,-0.0
ddos_multi_04__benign_udpspoof_4,0,1789389536.6424725,real,ddos_multi_04,,generator_ground_truth,docker_multihost,7,1,-0.0,0.7913,0.1807,1,-0.0
ddos_multi_04__benign_udpspoof_4,0,1789389536.7824726,real,ddos_multi_04,,generator_ground_truth,docker_multihost,7,1,-0.0,0.7913,0.1807,1,-0.0
ddos_multi_04__benign_udpspoof_4,0,1789389536.9224727,real,ddos_multi_04,,generator_ground_truth,docker_multihost,7,1,-0.0,0.7913,0.1807,1,-0.0
ddos_multi_04__benign_udpspoof_4,0,1789389537.0624728,real,ddos_multi_04,,generator_ground_truth,docker_multihost,7,1,-0.0,0.7913,0.1807,1,-0.0
ddos_multi_04__benign_udpspoof_4,0,1789389537.202473,real,ddos_multi_04,,generator_ground_truth,docker_multihost,7,1,-0.0,0.7913,0.1807,1,-0.0
ddos_multi_04__benign_udpspoof_4,0,1789389537.342473,real,ddos_multi_04,,generator_ground_truth,docker_multihost,8,1,-0.0,0.8692,0.2538,1,-0.0
ddos_multi_04__benign_udpspoof_4,0,1789389537.4824731,real,ddos_multi_04,,generator_ground_truth,docker_multihost,8,1,-0.0,0.8692,0.2538,1,-0.0
ddos_multi_04__benign_udpspoof_4,0,1789389537.6224732,real,ddos_multi_04,,generator_ground_truth,docker_multihost,8,1,-0.0,0.8692,0.2538,1,-0.0
ddos_multi_04__benign_udpspoof_4,0,1789389537.7624733,real,ddos_multi_04,,generator_ground_truth,docker_multihost,8,1,-0.0,0.8692,0.2538,1,-0.0
ddos_multi_04__benign_udpspoof_4,0,1789389537.9024734,real,ddos_multi_04,,generator_ground_truth,docker_multihost,8,1,-0.0,0.8692,0.2538,1,-0.0
ddos_multi_04__benign_udpspoof_4,0,1789389538.0424736,real,ddos_multi_04,,generator_ground_truth,docker_multihost,8,1,-0.0,0.8692,0.2538,1,-0.0
ddos_multi_04__benign_udpspoof_4,0,1789389538.1824737,real,ddos_multi_04,,generator_ground_truth,docker_multihost,8,1,-0.0,0.8692,0.2538,1,-0.0
ddos_multi_04__benign_udpspoof_4,0,1789389538.3224738,real,ddos_multi_04,,generator_ground_truth,docker_multihost,8,1,-0.0,0.8692,0.2538,1,-0.0
ddos_multi_04__benign_udpspoof_4,0,1789389538.4624739,real,ddos_multi_04,,generator_ground_truth,docker_multihost,8,1,-0.0,0.8692,0.2538,1,-0.0
ddos_multi_04__benign_udpspoof_4,0,1789389538.602474,real,ddos_multi_04,,generator_ground_truth,docker_multihost,8,1,-0.0,0.8692,0.2538,1,-0.0
ddos_multi_04__benign_udpspoof_4,0,1789389538.742474,real,ddos_multi_04,,generator_ground_truth,docker_multihost,8,1,-0.0,0.8692,0.2538,1,-0.0
ddos_multi_04__benign_udpspoof_4,0,1789389538.8824742,real,ddos_multi_04,,generator_ground_truth,docker_multihost,9,1,-0.0,0.946,0.3124,1,-0.0
ddos_multi_04__benign_udpspoof_4,0,1789389539.0224743,real,ddos_multi_04,,generator_ground_truth,docker_multihost,9,1,-0.0,0.946,0.3124,1,-0.0
ddos_multi_04__benign_udpspoof_4,0,1789389539.1624744,real,ddos_multi_04,,generator_ground_truth,docker_multihost,9,1,-0.0,0.946,0.3124,1,-0.0
ddos_multi_04__benign_udpspoof_4,0,1789389539.3024745,real,ddos_multi_04,,generator_ground_truth,docker_multihost,9,1,-0.0,0.946,0.3124,1,-0.0
ddos_multi_04__benign_udpspoof_4,0,1789389539.4424746,real,ddos_multi_04,,generator_ground_truth,docker_multihost,9,1,-0.0,0.946,0.3124,1,-0.0
ddos_multi_04__benign_udpspoof_4,0,1789389539.5824747,real,ddos_multi_04,,generator_ground_truth,docker_multihost,9,1,-0.0,0.946,0.3124,1,-0.0
ddos_multi_04__benign_udpspoof_4,0,1789389539.7224748,real,ddos_multi_04,,generator_ground_truth,docker_multihost,9,1,-0.0,0.946,0.3124,1,-0.0
ddos_multi_04__benign_udpspoof_4,0,1789389539.862475,real,ddos_multi_04,,generator_ground_truth,docker_multihost,10,1,-0.0,0.9544,0.2955,1,-0.0
ddos_multi_04__benign_udpspoof_4,0,1789389540.002475,real,ddos_multi_04,,generator_ground_truth,docker_multihost,10,1,-0.0,0.9544,0.2955,1,-0.0
ddos_multi_04__benign_udpspoof_4,0,1789389540.1424751,real,ddos_multi_04,,generator_ground_truth,docker_multihost,10,1,-0.0,0.9544,0.2955,1,-0.0
ddos_multi_04__benign_udpspoof_4,0,1789389540.2824752,real,ddos_multi_04,,generator_ground_truth,docker_multihost,10,1,-0.0,0.9544,0.2955,1,-0.0
ddos_multi_04__benign_udpspoof_4,0,1789389540.4224753,real,ddos_multi_04,,generator_ground_truth,docker_multihost,10,1,-0.0,0.9544,0.2955,1,-0.0
ddos_multi_04__benign_udpspoof_4,0,1789389540.5624754,real,ddos_multi_04,,generator_ground_truth,docker_multihost,10,1,-0.0,0.9544,0.2955,1,-0.0
ddos_multi_04__benign_udpspoof_4,0,1789389540.7024755,real,ddos_multi_04,,generator_ground_truth,docker_multihost,10,1,-0.0,0.9544,0.2955,1,-0.0
ddos_multi_04__benign_udpspoof_4,0,1789389540.8424757,real,ddos_multi_04,,generator_ground_truth,docker_multihost,10,1,-0.0,0.9544,0.2955,1,-0.0
ddos_multi_04__benign_udpspoof_4,0,1789389540.9824758,real,ddos_multi_04,,generator_ground_truth,docker_multihost,11,1,-0.0,0.9642,0.2819,1,-0.0
ddos_multi_04__benign_udpspoof_4,0,1789389541.1224759,real,ddos_multi_04,,generator_ground_truth,docker_multihost,11,1,-0.0,0.9642,0.2819,1,-0.0
ddos_multi_04__benign_udpspoof_4,0,1789389541.262476,real,ddos_multi_04,,generator_ground_truth,docker_multihost,10,1,-0.0,0.98,0.2929,1,-0.0
ddos_multi_04__benign_udpspoof_4,0,1789389541.402476,real,ddos_multi_04,,generator_ground_truth,docker_multihost,10,1,-0.0,0.98,0.2929,1,-0.0
ddos_multi_04__benign_udpspoof_4,0,1789389541.5424762,real,ddos_multi_04,,generator_ground_truth,docker_multihost,10,1,-0.0,0.98,0.2929,1,-0.0
ddos_multi_04__benign_udpspoof_4,0,1789389541.6824763,real,ddos_multi_04,,generator_ground_truth,docker_multihost,10,1,-0.0,0.98,0.2929,1,-0.0
ddos_multi_04__benign_udpspoof_4,0,1789389541.8224764,real,ddos_multi_04,,generator_ground_truth,docker_multihost,10,1,-0.0,0.98,0.2929,1,-0.0
ddos_multi_04__benign_udpspoof_4,0,1789389541.9624765,real,ddos_multi_04,,generator_ground_truth,docker_multihost,10,1,-0.0,0.98,0.2929,1,-0.0
ddos_multi_04__benign_udpspoof_4,0,1789389542.1024766,real,ddos_multi_04,,generator_ground_truth,docker_multihost,9,1,-0.0,0.9978,0.306,1,-0.0
ddos_multi_04__benign_udpspoof_4,0,1789389542.2424767,real,ddos_multi_04,,generator_ground_truth,docker_multihost,10,1,-0.0,1.0335,0.3057,1,-0.0
ddos_multi_04__benign_udpspoof_4,0,1789389542.3824768,real,ddos_multi_04,,generator_ground_truth,docker_multihost,10,1,-0.0,1.0335,0.3057,1,-0.0
ddos_multi_04__benign_udpspoof_4,0,1789389542.522477,real,ddos_multi_04,,generator_ground_truth,docker_multihost,10,1,-0.0,1.0335,0.3057,1,-0.0
ddos_multi_04__benign_udpspoof_4,0,1789389542.662477,real,ddos_multi_04,,generator_ground_truth,docker_multihost,10,1,-0.0,1.0335,0.3057,1,-0.0
ddos_multi_04__benign_udpspoof_4,0,1789389542.8024771,real,ddos_multi_04,,generator_ground_truth,docker_multihost,10,1,-0.0,1.0335,0.3057,1,-0.0
ddos_multi_04__benign_udpspoof_4,0,1789389542.9424772,real,ddos_multi_04,,generator_ground_truth,docker_multihost,9,1,-0.0,1.0901,0.2763,1,-0.0
ddos_multi_04__benign_udpspoof_4,0,1789389543.0824773,real,ddos_multi_04,,generator_ground_truth,docker_multihost,9,1,-0.0,1.0901,0.2763,1,-0.0
ddos_multi_04__benign_udpspoof_4,0,1789389543.2224774,real,ddos_multi_04,,generator_ground_truth,docker_multihost,9,1,-0.0,1.0901,0.2763,1,-0.0
ddos_multi_04__benign_udpspoof_4,0,1789389543.3624775,real,ddos_multi_04,,generator_ground_truth,docker_multihost,10,1,-0.0,1.0972,0.2613,1,-0.0
ddos_multi_04__benign_udpspoof_4,0,1789389543.5024776,real,ddos_multi_04,,generator_ground_truth,docker_multihost,9,1,-0.0,1.1243,0.2649,1,-0.0
ddos_multi_04__benign_udpspoof_4,0,1789389543.6424778,real,ddos_multi_04,,generator_ground_truth,docker_multihost,9,1,-0.0,1.1243,0.2649,1,-0.0
ddos_multi_04__benign_udpspoof_4,0,1789389543.7824779,real,ddos_multi_04,,generator_ground_truth,docker_multihost,9,1,-0.0,1.1243,0.2649,1,-0.0
ddos_multi_04__benign_udpspoof_4,0,1789389543.922478,real,ddos_multi_04,,generator_ground_truth,docker_multihost,9,1,-0.0,1.1243,0.2649,1,-0.0
ddos_multi_04__benign_udpspoof_4,0,1789389544.062478,real,ddos_multi_04,,generator_ground_truth,docker_multihost,9,1,-0.0,1.1243,0.2649,1,-0.0
ddos_multi_04__benign_udpspoof_4,0,1789389544.2024782,real,ddos_multi_04,,generator_ground_truth,docker_multihost,9,1,-0.0,1.1243,0.2649,1,-0.0
ddos_multi_04__benign_udpspoof_4,0,1789389544.3424783,real,ddos_multi_04,,generator_ground_truth,docker_multihost,9,1,-0.0,1.1243,0.2649,1,-0.0
ddos_multi_04__benign_udpspoof_4,0,1789389544.4824784,real,ddos_multi_04,,generator_ground_truth,docker_multihost,8,1,-0.0,1.1309,0.2826,1,-0.0
ddos_multi_04__benign_udpspoof_4,0,1789389544.6224785,real,ddos_multi_04,,generator_ground_truth,docker_multihost,9,1,-0.0,1.1353,0.2646,1,-0.0
ddos_multi_04__benign_udpspoof_4,0,1789389544.7624786,real,ddos_multi_04,,generator_ground_truth,docker_multihost,9,1,-0.0,1.1353,0.2646,1,-0.0
ddos_multi_04__benign_udpspoof_4,0,1789389544.9024787,real,ddos_multi_04,,generator_ground_truth,docker_multihost,9,1,-0.0,1.1353,0.2646,1,-0.0
ddos_multi_04__benign_udpspoof_4,0,1789389545.0424788,real,ddos_multi_04,,generator_ground_truth,docker_multihost,9,1,-0.0,1.1353,0.2646,1,-0.0
ddos_multi_04__benign_udpspoof_4,0,1789389545.182479,real,ddos_multi_04,,generator_ground_truth,docker_multihost,9,1,-0.0,1.1353,0.2646,1,-0.0
ddos_multi_04__benign_udpspoof_4,0,1789389545.322479,real,ddos_multi_04,,generator_ground_truth,docker_multihost,9,1,-0.0,1.1353,0.2646,1,-0.0
ddos_multi_04__benign_udpspoof_4,0,1789389545.462479,real,ddos_multi_04,,generator_ground_truth,docker_multihost,8,1,-0.0,1.219,0.1548,1,-0.0
ddos_multi_04__benign_udpspoof_4,0,1789389545.6024792,real,ddos_multi_04,,generator_ground_truth,docker_multihost,9,1,-0.0,1.1886,0.1657,1,-0.0
ddos_multi_04__benign_udpspoof_4,0,1789389545.7424793,real,ddos_multi_04,,generator_ground_truth,docker_multihost,9,1,-0.0,1.1886,0.1657,1,-0.0
ddos_multi_04__benign_udpspoof_4,0,1789389545.8824794,real,ddos_multi_04,,generator_ground_truth,docker_multihost,9,1,-0.0,1.1886,0.1657,1,-0.0
ddos_multi_04__benign_udpspoof_4,0,1789389546.0224795,real,ddos_multi_04,,generator_ground_truth,docker_multihost,8,1,-0.0,1.1674,0.1667,1,-0.0
ddos_multi_04__benign_udpspoof_4,0,1789389546.1624796,real,ddos_multi_04,,generator_ground_truth,docker_multihost,8,1,-0.0,1.1674,0.1667,1,-0.0
ddos_multi_04__benign_udpspoof_4,0,1789389546.3024797,real,ddos_multi_04,,generator_ground_truth,docker_multihost,8,1,-0.0,1.1674,0.1667,1,-0.0
ddos_multi_04__benign_udpspoof_4,0,1789389546.4424798,real,ddos_multi_04,,generator_ground_truth,docker_multihost,8,1,-0.0,1.1674,0.1667,1,-0.0
ddos_multi_04__benign_udpspoof_4,0,1789389546.58248,real,ddos_multi_04,,generator_ground_truth,docker_multihost,9,1,-0.0,1.1492,0.1632,1,-0.0
ddos_multi_04__benign_udpspoof_4,0,1789389546.72248,real,ddos_multi_04,,generator_ground_truth,docker_multihost,9,1,-0.0,1.1492,0.1632,1,-0.0
ddos_multi_04__benign_udpspoof_4,0,1789389546.8624802,real,ddos_multi_04,,generator_ground_truth,docker_multihost,9,1,-0.0,1.1492,0.1632,1,-0.0
ddos_multi_04__benign_udpspoof_4,0,1789389547.0024803,real,ddos_multi_04,,generator_ground_truth,docker_multihost,9,1,-0.0,1.1492,0.1632,1,-0.0
ddos_multi_04__benign_udpspoof_4,0,1789389547.1424804,real,ddos_multi_04,,generator_ground_truth,docker_multihost,9,1,-0.0,1.1492,0.1632,1,-0.0
ddos_multi_04__benign_udpspoof_4,0,1789389547.2824805,real,ddos_multi_04,,generator_ground_truth,docker_multihost,9,1,-0.0,1.1492,0.1632,1,-0.0
ddos_multi_04__benign_udpspoof_4,0,1789389547.4224806,real,ddos_multi_04,,generator_ground_truth,docker_multihost,9,1,-0.0,1.0718,0.1297,1,-0.0
ddos_multi_04__benign_udpspoof_4,0,1789389547.5624807,real,ddos_multi_04,,generator_ground_truth,docker_multihost,9,1,-0.0,1.0718,0.1297,1,-0.0
ddos_multi_04__benign_udpspoof_4,0,1789389547.7024808,real,ddos_multi_04,,generator_ground_truth,docker_multihost,9,1,-0.0,1.0718,0.1297,1,-0.0
ddos_multi_04__benign_udpspoof_4,0,1789389547.842481,real,ddos_multi_04,,generator_ground_truth,docker_multihost,9,1,-0.0,1.0718,0.1297,1,-0.0
ddos_multi_04__benign_udpspoof_4,0,1789389547.982481,real,ddos_multi_04,,generator_ground_truth,docker_multihost,10,1,-0.0,1.0199,0.1909,1,-0.0
ddos_multi_04__benign_udpspoof_4,0,1789389548.122481,real,ddos_multi_04,,generator_ground_truth,docker_multihost,10,1,-0.0,1.0199,0.1909,1,-0.0
ddos_multi_04__benign_udpspoof_4,0,1789389548.2624812,real,ddos_multi_04,,generator_ground_truth,docker_multihost,10,1,-0.0,1.0199,0.1909,1,-0.0
ddos_multi_04__benign_udpspoof_4,0,1789389548.4024813,real,ddos_multi_04,,generator_ground_truth,docker_multihost,10,1,-0.0,1.0199,0.1909,1,-0.0
ddos_multi_04__benign_udpspoof_4,0,1789389548.5424814,real,ddos_multi_04,,generator_ground_truth,docker_multihost,10,1,-0.0,1.0199,0.1909,1,-0.0
ddos_multi_04__benign_udpspoof_4,0,1789389548.6824815,real,ddos_multi_04,,generator_ground_truth,docker_multihost,10,1,-0.0,1.0199,0.1909,1,-0.0
ddos_multi_04__benign_udpspoof_4,0,1789389548.8224816,real,ddos_multi_04,,generator_ground_truth,docker_multihost,9,1,-0.0,1.0198,0.2025,1,-0.0
ddos_multi_04__benign_udpspoof_4,0,1789389548.9624817,real,ddos_multi_04,,generator_ground_truth,docker_multihost,9,1,-0.0,1.0198,0.2025,1,-0.0
ddos_multi_04__benign_udpspoof_4,0,1789389549.1024818,real,ddos_multi_04,,generator_ground_truth,docker_multihost,9,1,-0.0,1.0198,0.2025,1,-0.0
ddos_multi_04__benign_udpspoof_4,0,1789389549.242482,real,ddos_multi_04,,generator_ground_truth,docker_multihost,9,1,-0.0,1.0198,0.2025,1,-0.0
ddos_multi_04__benign_udpspoof_4,0,1789389549.382482,real,ddos_multi_04,,generator_ground_truth,docker_multihost,10,1,-0.0,1.0485,0.2075,1,-0.0
ddos_multi_04__benign_udpspoof_4,0,1789389549.5224822,real,ddos_multi_04,,generator_ground_truth,docker_multihost,10,1,-0.0,1.0485,0.2075,1,-0.0
ddos_multi_04__benign_udpspoof_4,0,1789389549.6624823,real,ddos_multi_04,,generator_ground_truth,docker_multihost,10,1,-0.0,1.0485,0.2075,1,-0.0
ddos_multi_04__benign_udpspoof_4,0,1789389549.8024824,real,ddos_multi_04,,generator_ground_truth,docker_multihost,10,1,-0.0,1.0485,0.2075,1,-0.0
ddos_multi_04__benign_udpspoof_4,0,1789389549.9424825,real,ddos_multi_04,,generator_ground_truth,docker_multihost,9,1,-0.0,1.048,0.2201,1,-0.0
ddos_multi_04__benign_udpspoof_4,0,1789389550.0824826,real,ddos_multi_04,,generator_ground_truth,docker_multihost,9,1,-0.0,1.048,0.2201,1,-0.0
ddos_multi_04__benign_udpspoof_4,0,1789389550.2224827,real,ddos_multi_04,,generator_ground_truth,docker_multihost,9,1,-0.0,1.048,0.2201,1,-0.0
ddos_multi_04__benign_udpspoof_4,0,1789389550.3624828,real,ddos_multi_04,,generator_ground_truth,docker_multihost,9,1,-0.0,1.048,0.2201,1,-0.0
ddos_multi_04__benign_udpspoof_4,0,1789389550.502483,real,ddos_multi_04,,generator_ground_truth,docker_multihost,10,1,-0.0,1.0612,0.2108,1,-0.0
ddos_multi_04__benign_udpspoof_4,0,1789389550.642483,real,ddos_multi_04,,generator_ground_truth,docker_multihost,10,1,-0.0,1.0612,0.2108,1,-0.0
ddos_multi_04__benign_udpspoof_4,0,1789389550.782483,real,ddos_multi_04,,generator_ground_truth,docker_multihost,10,1,-0.0,1.0612,0.2108,1,-0.0
ddos_multi_04__benign_udpspoof_4,0,1789389550.9224832,real,ddos_multi_04,,generator_ground_truth,docker_multihost,9,1,-0.0,1.029,0.2016,1,-0.0
ddos_multi_04__benign_udpspoof_4,0,1789389551.0624833,real,ddos_multi_04,,generator_ground_truth,docker_multihost,10,1,-0.0,0.9707,0.2515,1,-0.0
ddos_multi_04__benign_udpspoof_4,0,1789389551.2024834,real,ddos_multi_04,,generator_ground_truth,docker_multihost,10,1,-0.0,0.9707,0.2515,1,-0.0
ddos_multi_04__benign_udpspoof_4,0,1789389551.3424835,real,ddos_multi_04,,generator_ground_truth,docker_multihost,10,1,-0.0,0.9707,0.2515,1,-0.0
ddos_multi_04__benign_udpspoof_4,0,1789389551.4824836,real,ddos_multi_04,,generator_ground_truth,docker_multihost,10,1,-0.0,0.9707,0.2515,1,-0.0
ddos_multi_04__benign_udpspoof_4,0,1789389551.6224837,real,ddos_multi_04,,generator_ground_truth,docker_multihost,10,1,-0.0,0.9707,0.2515,1,-0.0
ddos_multi_04__benign_udpspoof_4,0,1789389551.7624838,real,ddos_multi_04,,generator_ground_truth,docker_multihost,10,1,-0.0,0.9707,0.2515,1,-0.0
ddos_multi_04__benign_udpspoof_4,0,1789389551.902484,real,ddos_multi_04,,generator_ground_truth,docker_multihost,10,1,-0.0,0.9707,0.2515,1,-0.0
ddos_multi_04__benign_udpspoof_4,0,1789389552.042484,real,ddos_multi_04,,generator_ground_truth,docker_multihost,10,1,-0.0,0.9707,0.2515,1,-0.0
ddos_multi_04__benign_udpspoof_4,0,1789389552.1824841,real,ddos_multi_04,,generator_ground_truth,docker_multihost,10,1,-0.0,0.9707,0.2515,1,-0.0
ddos_multi_04__benign_udpspoof_4,0,1789389552.3224843,real,ddos_multi_04,,generator_ground_truth,docker_multihost,10,1,-0.0,0.9846,0.2644,1,-0.0
ddos_multi_04__benign_udpspoof_4,0,1789389552.4624844,real,ddos_multi_04,,generator_ground_truth,docker_multihost,10,1,-0.0,0.9846,0.2644,1,-0.0
ddos_multi_04__benign_udpspoof_4,0,1789389552.6024845,real,ddos_multi_04,,generator_ground_truth,docker_multihost,10,1,-0.0,0.9846,0.2644,1,-0.0
ddos_multi_04__benign_udpspoof_4,0,1789389552.7424846,real,ddos_multi_04,,generator_ground_truth,docker_multihost,10,1,-0.0,0.9846,0.2644,1,-0.0
ddos_multi_04__benign_udpspoof_4,0,1789389552.8824847,real,ddos_multi_04,,generator_ground_truth,docker_multihost,10,1,-0.0,0.9846,0.2644,1,-0.0
ddos_multi_04__benign_udpspoof_4,0,1789389553.0224848,real,ddos_multi_04,,generator_ground_truth,docker_multihost,10,1,-0.0,0.9846,0.2644,1,-0.0
ddos_multi_04__benign_udpspoof_4,0,1789389553.162485,real,ddos_multi_04,,generator_ground_truth,docker_multihost,10,1,-0.0,0.9846,0.2644,1,-0.0
ddos_multi_04__ddos_spoofed_4,1,1789389554.3280413,real,ddos_multi_04,spoofed_flood,generator_ground_truth,docker_multihost,70,1,-0.0,0.002,0.0,70,6.1293
ddos_multi_04__ddos_spoofed_4,1,1789389554.4680414,real,ddos_multi_04,spoofed_flood,generator_ground_truth,docker_multihost,142,1,-0.0,0.002,0.0001,142,7.1497
ddos_multi_04__ddos_spoofed_4,1,1789389554.6080415,real,ddos_multi_04,spoofed_flood,generator_ground_truth,docker_multihost,214,1,-0.0,0.002,0.0001,214,7.7415
ddos_multi_04__ddos_spoofed_4,1,1789389554.7480416,real,ddos_multi_04,spoofed_flood,generator_ground_truth,docker_multihost,287,1,-0.0,0.0019,0.0001,287,8.1649
ddos_multi_04__ddos_spoofed_4,1,1789389554.8880417,real,ddos_multi_04,spoofed_flood,generator_ground_truth,docker_multihost,358,1,-0.0,0.002,0.0001,358,8.4838
ddos_multi_04__ddos_spoofed_4,1,1789389555.0280418,real,ddos_multi_04,spoofed_flood,generator_ground_truth,docker_multihost,432,1,-0.0,0.0019,0.0001,432,8.7549
ddos_multi_04__ddos_spoofed_4,1,1789389555.168042,real,ddos_multi_04,spoofed_flood,generator_ground_truth,docker_multihost,504,1,-0.0,0.0019,0.0001,504,8.9773
ddos_multi_04__ddos_spoofed_4,1,1789389555.308042,real,ddos_multi_04,spoofed_flood,generator_ground_truth,docker_multihost,575,1,-0.0,0.0019,0.0001,575,9.1674
ddos_multi_04__ddos_spoofed_4,1,1789389555.4480422,real,ddos_multi_04,spoofed_flood,generator_ground_truth,docker_multihost,650,1,-0.0,0.0019,0.0001,650,9.3443
ddos_multi_04__ddos_spoofed_4,1,1789389555.5880423,real,ddos_multi_04,spoofed_flood,generator_ground_truth,docker_multihost,723,1,-0.0,0.0019,0.0001,723,9.4979
ddos_multi_04__ddos_spoofed_4,1,1789389555.7280424,real,ddos_multi_04,spoofed_flood,generator_ground_truth,docker_multihost,796,1,-0.0,0.0019,0.0001,796,9.6366
ddos_multi_04__ddos_spoofed_4,1,1789389555.8680425,real,ddos_multi_04,spoofed_flood,generator_ground_truth,docker_multihost,869,1,-0.0,0.0019,0.0001,869,9.7632
ddos_multi_04__ddos_spoofed_4,1,1789389556.0080426,real,ddos_multi_04,spoofed_flood,generator_ground_truth,docker_multihost,943,1,-0.0,0.0019,0.0001,943,9.8811
ddos_multi_04__ddos_spoofed_4,1,1789389556.1480427,real,ddos_multi_04,spoofed_flood,generator_ground_truth,docker_multihost,1017,1,-0.0,0.0019,0.0001,1017,9.9901
ddos_multi_04__ddos_spoofed_4,1,1789389556.2880428,real,ddos_multi_04,spoofed_flood,generator_ground_truth,docker_multihost,1092,1,-0.0,0.0019,0.0001,1092,10.0928
ddos_multi_04__ddos_spoofed_4,1,1789389556.428043,real,ddos_multi_04,spoofed_flood,generator_ground_truth,docker_multihost,1165,1,-0.0,0.0019,0.0001,1165,10.1861
ddos_multi_04__ddos_spoofed_4,1,1789389556.568043,real,ddos_multi_04,spoofed_flood,generator_ground_truth,docker_multihost,1236,1,-0.0,0.0019,0.0001,1236,10.2715
ddos_multi_04__ddos_spoofed_4,1,1789389556.708043,real,ddos_multi_04,spoofed_flood,generator_ground_truth,docker_multihost,1307,1,-0.0,0.0019,0.0001,1307,10.352
ddos_multi_04__ddos_spoofed_4,1,1789389556.8480432,real,ddos_multi_04,spoofed_flood,generator_ground_truth,docker_multihost,1380,1,-0.0,0.0019,0.0001,1380,10.4305
ddos_multi_04__ddos_spoofed_4,1,1789389556.9880433,real,ddos_multi_04,spoofed_flood,generator_ground_truth,docker_multihost,1454,1,-0.0,0.0019,0.0001,1454,10.5058
ddos_multi_04__ddos_spoofed_4,1,1789389557.1280434,real,ddos_multi_04,spoofed_flood,generator_ground_truth,docker_multihost,1528,1,-0.0,0.0019,0.0001,1528,10.5774
ddos_multi_04__ddos_spoofed_4,1,1789389557.2680435,real,ddos_multi_04,spoofed_flood,generator_ground_truth,docker_multihost,1600,1,-0.0,0.0019,0.0001,1600,10.6439
ddos_multi_04__ddos_spoofed_4,1,1789389557.4080436,real,ddos_multi_04,spoofed_flood,generator_ground_truth,docker_multihost,1672,1,-0.0,0.0019,0.0001,1672,10.7074
ddos_multi_04__ddos_spoofed_4,1,1789389557.5480437,real,ddos_multi_04,spoofed_flood,generator_ground_truth,docker_multihost,1743,1,-0.0,0.0019,0.0001,1743,10.7674
ddos_multi_04__ddos_spoofed_4,1,1789389557.6880438,real,ddos_multi_04,spoofed_flood,generator_ground_truth,docker_multihost,1813,1,-0.0,0.0019,0.0001,1813,10.8242
ddos_multi_04__ddos_spoofed_4,1,1789389557.828044,real,ddos_multi_04,spoofed_flood,generator_ground_truth,docker_multihost,1885,1,-0.0,0.0019,0.0001,1885,10.8803
ddos_multi_04__ddos_spoofed_4,1,1789389557.968044,real,ddos_multi_04,spoofed_flood,generator_ground_truth,docker_multihost,1958,1,-0.0,0.0019,0.0001,1958,10.9352
ddos_multi_04__ddos_spoofed_4,1,1789389558.1080441,real,ddos_multi_04,spoofed_flood,generator_ground_truth,docker_multihost,2032,1,-0.0,0.0019,0.0001,2032,10.9887
ddos_multi_04__ddos_spoofed_4,1,1789389558.2480443,real,ddos_multi_04,spoofed_flood,generator_ground_truth,docker_multihost,2106,1,-0.0,0.0019,0.0001,2106,11.0403
ddos_multi_04__ddos_spoofed_4,1,1789389558.3880444,real,ddos_multi_04,spoofed_flood,generator_ground_truth,docker_multihost,2182,1,-0.0,0.0019,0.0001,2182,11.0914
ddos_multi_04__ddos_spoofed_4,1,1789389558.5280445,real,ddos_multi_04,spoofed_flood,generator_ground_truth,docker_multihost,2256,1,-0.0,0.0019,0.0001,2256,11.1396
ddos_multi_04__ddos_spoofed_4,1,1789389558.6680446,real,ddos_multi_04,spoofed_flood,generator_ground_truth,docker_multihost,2329,1,-0.0,0.0019,0.0001,2329,11.1855
ddos_multi_04__ddos_spoofed_4,1,1789389558.8080447,real,ddos_multi_04,spoofed_flood,generator_ground_truth,docker_multihost,2402,1,-0.0,0.0019,0.0001,2402,11.23
ddos_multi_04__ddos_spoofed_4,1,1789389558.9480448,real,ddos_multi_04,spoofed_flood,generator_ground_truth,docker_multihost,2471,1,-0.0,0.0019,0.0001,2471,11.2709
ddos_multi_04__ddos_spoofed_4,1,1789389559.088045,real,ddos_multi_04,spoofed_flood,generator_ground_truth,docker_multihost,2541,1,-0.0,0.0019,0.0001,2541,11.3112
ddos_multi_04__ddos_spoofed_4,1,1789389559.228045,real,ddos_multi_04,spoofed_flood,generator_ground_truth,docker_multihost,2615,1,-0.0,0.0019,0.0001,2615,11.3526
ddos_multi_04__ddos_spoofed_4,1,1789389559.368045,real,ddos_multi_04,spoofed_flood,generator_ground_truth,docker_multihost,2689,1,-0.0,0.0019,0.0001,2689,11.3929
ddos_multi_04__ddos_spoofed_4,1,1789389559.5080452,real,ddos_multi_04,spoofed_flood,generator_ground_truth,docker_multihost,2763,1,-0.0,0.0019,0.0001,2763,11.432
ddos_multi_04__ddos_spoofed_4,1,1789389559.6480453,real,ddos_multi_04,spoofed_flood,generator_ground_truth,docker_multihost,2836,1,-0.0,0.0019,0.0001,2836,11.4696
ddos_multi_04__ddos_spoofed_4,1,1789389559.7880454,real,ddos_multi_04,spoofed_flood,generator_ground_truth,docker_multihost,2908,1,-0.0,0.0019,0.0001,2908,11.5058
ddos_multi_04__ddos_spoofed_4,1,1789389559.9280455,real,ddos_multi_04,spoofed_flood,generator_ground_truth,docker_multihost,2978,1,-0.0,0.0019,0.0001,2978,11.5401
ddos_multi_04__ddos_spoofed_4,1,1789389560.0680456,real,ddos_multi_04,spoofed_flood,generator_ground_truth,docker_multihost,3050,1,-0.0,0.0019,0.0001,3050,11.5746
ddos_multi_04__ddos_spoofed_4,1,1789389560.2080457,real,ddos_multi_04,spoofed_flood,generator_ground_truth,docker_multihost,3125,1,-0.0,0.0019,0.0001,3125,11.6096
ddos_multi_04__ddos_spoofed_4,1,1789389560.3480458,real,ddos_multi_04,spoofed_flood,generator_ground_truth,docker_multihost,3197,1,-0.0,0.0019,0.0001,3197,11.6425
ddos_multi_04__ddos_spoofed_4,1,1789389560.488046,real,ddos_multi_04,spoofed_flood,generator_ground_truth,docker_multihost,3269,1,-0.0,0.0019,0.0001,3269,11.6746
ddos_multi_04__ddos_spoofed_4,1,1789389560.628046,real,ddos_multi_04,spoofed_flood,generator_ground_truth,docker_multihost,3342,1,-0.0,0.0019,0.0001,3342,11.7065
ddos_multi_04__ddos_spoofed_4,1,1789389560.7680461,real,ddos_multi_04,spoofed_flood,generator_ground_truth,docker_multihost,3413,1,-0.0,0.0019,0.0001,3413,11.7368
ddos_multi_04__ddos_spoofed_4,1,1789389560.9080462,real,ddos_multi_04,spoofed_flood,generator_ground_truth,docker_multihost,3485,1,-0.0,0.0019,0.0001,3485,11.7669
ddos_multi_04__ddos_spoofed_4,1,1789389561.0480464,real,ddos_multi_04,spoofed_flood,generator_ground_truth,docker_multihost,3556,1,-0.0,0.0019,0.0001,3556,11.796
ddos_multi_04__ddos_spoofed_4,1,1789389561.1880465,real,ddos_multi_04,spoofed_flood,generator_ground_truth,docker_multihost,3627,1,-0.0,0.0019,0.0001,3627,11.8246
ddos_multi_04__ddos_spoofed_4,1,1789389561.3280466,real,ddos_multi_04,spoofed_flood,generator_ground_truth,docker_multihost,3699,1,-0.0,0.0019,0.0001,3699,11.8529
ddos_multi_04__ddos_spoofed_4,1,1789389561.4680467,real,ddos_multi_04,spoofed_flood,generator_ground_truth,docker_multihost,3769,1,-0.0,0.0019,0.0001,3769,11.88
ddos_multi_04__ddos_spoofed_4,1,1789389561.6080468,real,ddos_multi_04,spoofed_flood,generator_ground_truth,docker_multihost,3841,1,-0.0,0.0019,0.0001,3841,11.9073
ddos_multi_04__ddos_spoofed_4,1,1789389561.7480469,real,ddos_multi_04,spoofed_flood,generator_ground_truth,docker_multihost,3914,1,-0.0,0.0019,0.0001,3914,11.9344
ddos_multi_04__ddos_spoofed_4,1,1789389561.888047,real,ddos_multi_04,spoofed_flood,generator_ground_truth,docker_multihost,3985,1,-0.0,0.0019,0.0001,3985,11.9604
ddos_multi_04__ddos_spoofed_4,1,1789389562.028047,real,ddos_multi_04,spoofed_flood,generator_ground_truth,docker_multihost,4058,1,-0.0,0.0019,0.0001,4058,11.9866
ddos_multi_04__ddos_spoofed_4,1,1789389562.1680472,real,ddos_multi_04,spoofed_flood,generator_ground_truth,docker_multihost,4132,1,-0.0,0.0019,0.0001,4132,12.0126
ddos_multi_04__ddos_spoofed_4,1,1789389562.3080473,real,ddos_multi_04,spoofed_flood,generator_ground_truth,docker_multihost,4205,1,-0.0,0.0019,0.0001,4205,12.0379
ddos_multi_04__ddos_spoofed_4,1,1789389562.4480474,real,ddos_multi_04,spoofed_flood,generator_ground_truth,docker_multihost,4278,1,-0.0,0.0019,0.0001,4278,12.0627
ddos_multi_04__ddos_spoofed_4,1,1789389562.5880475,real,ddos_multi_04,spoofed_flood,generator_ground_truth,docker_multihost,4349,1,-0.0,0.0019,0.0001,4349,12.0865
ddos_multi_04__ddos_spoofed_4,1,1789389562.7280476,real,ddos_multi_04,spoofed_flood,generator_ground_truth,docker_multihost,4419,1,-0.0,0.0019,0.0001,4419,12.1095
ddos_multi_04__ddos_spoofed_4,1,1789389562.8680477,real,ddos_multi_04,spoofed_flood,generator_ground_truth,docker_multihost,4492,1,-0.0,0.0019,0.0001,4492,12.1331
ddos_multi_04__ddos_spoofed_4,1,1789389563.0080478,real,ddos_multi_04,spoofed_flood,generator_ground_truth,docker_multihost,4566,1,-0.0,0.0019,0.0001,4566,12.1567
ddos_multi_04__ddos_spoofed_4,1,1789389563.148048,real,ddos_multi_04,spoofed_flood,generator_ground_truth,docker_multihost,4638,1,-0.0,0.0019,0.0001,4638,12.1793
ddos_multi_04__ddos_spoofed_4,1,1789389563.288048,real,ddos_multi_04,spoofed_flood,generator_ground_truth,docker_multihost,4714,1,-0.0,0.0019,0.0001,4714,12.2027
ddos_multi_04__ddos_spoofed_4,1,1789389563.4280481,real,ddos_multi_04,spoofed_flood,generator_ground_truth,docker_multihost,4788,1,-0.0,0.0019,0.0001,4788,12.2252
ddos_multi_04__ddos_spoofed_4,1,1789389563.5680482,real,ddos_multi_04,spoofed_flood,generator_ground_truth,docker_multihost,4860,1,-0.0,0.0019,0.0001,4860,12.2467
ddos_multi_04__ddos_spoofed_4,1,1789389563.7080483,real,ddos_multi_04,spoofed_flood,generator_ground_truth,docker_multihost,4930,1,-0.0,0.0019,0.0001,4930,12.2674
ddos_multi_04__ddos_spoofed_4,1,1789389563.8480484,real,ddos_multi_04,spoofed_flood,generator_ground_truth,docker_multihost,5003,1,-0.0,0.0019,0.0001,5003,12.2886
ddos_multi_04__ddos_spoofed_4,1,1789389563.9880486,real,ddos_multi_04,spoofed_flood,generator_ground_truth,docker_multihost,5075,1,-0.0,0.0019,0.0001,5075,12.3092
ddos_multi_04__ddos_spoofed_4,1,1789389564.1280487,real,ddos_multi_04,spoofed_flood,generator_ground_truth,docker_multihost,5148,1,-0.0,0.0019,0.0001,5148,12.3298
ddos_multi_04__ddos_spoofed_4,1,1789389564.2680488,real,ddos_multi_04,spoofed_flood,generator_ground_truth,docker_multihost,5184,1,-0.0,0.0019,0.0001,5184,12.3399
ddos_multi_04__ddos_spoofed_4,1,1789389564.4080489,real,ddos_multi_04,spoofed_flood,generator_ground_truth,docker_multihost,5187,1,-0.0,0.0019,0.0001,5187,12.3407
ddos_multi_04__ddos_spoofed_4,1,1789389564.548049,real,ddos_multi_04,spoofed_flood,generator_ground_truth,docker_multihost,5191,1,-0.0,0.0019,0.0001,5191,12.3418
ddos_multi_04__ddos_spoofed_4,1,1789389564.688049,real,ddos_multi_04,spoofed_flood,generator_ground_truth,docker_multihost,5192,1,-0.0,0.0019,0.0001,5192,12.3421
ddos_multi_04__ddos_spoofed_4,1,1789389564.8280492,real,ddos_multi_04,spoofed_flood,generator_ground_truth,docker_multihost,5193,1,-0.0,0.0019,0.0001,5193,12.3424
ddos_multi_04__ddos_spoofed_4,1,1789389564.9680493,real,ddos_multi_04,spoofed_flood,generator_ground_truth,docker_multihost,5192,1,-0.0,0.0019,0.0001,5192,12.3421
ddos_multi_04__ddos_spoofed_4,1,1789389565.1080494,real,ddos_multi_04,spoofed_flood,generator_ground_truth,docker_multihost,5195,1,-0.0,0.0019,0.0001,5195,12.3429
ddos_multi_04__ddos_spoofed_4,1,1789389565.2480495,real,ddos_multi_04,spoofed_flood,generator_ground_truth,docker_multihost,5198,1,-0.0,0.0019,0.0001,5198,12.3437
ddos_multi_04__ddos_spoofed_4,1,1789389565.3880496,real,ddos_multi_04,spoofed_flood,generator_ground_truth,docker_multihost,5199,1,-0.0,0.0019,0.0001,5199,12.344
ddos_multi_04__ddos_spoofed_4,1,1789389565.5280497,real,ddos_multi_04,spoofed_flood,generator_ground_truth,docker_multihost,5199,1,-0.0,0.0019,0.0001,5199,12.344
ddos_multi_04__ddos_spoofed_4,1,1789389565.6680498,real,ddos_multi_04,spoofed_flood,generator_ground_truth,docker_multihost,5198,1,-0.0,0.0019,0.0001,5198,12.3437
ddos_multi_04__ddos_spoofed_4,1,1789389565.80805,real,ddos_multi_04,spoofed_flood,generator_ground_truth,docker_multihost,5198,1,-0.0,0.0019,0.0001,5198,12.3437
ddos_multi_04__ddos_spoofed_4,1,1789389565.94805,real,ddos_multi_04,spoofed_flood,generator_ground_truth,docker_multihost,5194,1,-0.0,0.0019,0.0001,5194,12.3426
ddos_multi_04__ddos_spoofed_4,1,1789389566.0880501,real,ddos_multi_04,spoofed_flood,generator_ground_truth,docker_multihost,5192,1,-0.0,0.0019,0.0001,5192,12.3421
ddos_multi_04__ddos_spoofed_4,1,1789389566.2280502,real,ddos_multi_04,spoofed_flood,generator_ground_truth,docker_multihost,5191,1,-0.0,0.0019,0.0001,5191,12.3418
ddos_multi_04__ddos_spoofed_4,1,1789389566.3680503,real,ddos_multi_04,spoofed_flood,generator_ground_truth,docker_multihost,5192,1,-0.0,0.0019,0.0001,5192,12.3421
ddos_multi_04__ddos_spoofed_4,1,1789389566.5080504,real,ddos_multi_04,spoofed_flood,generator_ground_truth,docker_multihost,5193,1,-0.0,0.0019,0.0001,5193,12.3424
ddos_multi_04__ddos_spoofed_4,1,1789389566.6480505,real,ddos_multi_04,spoofed_flood,generator_ground_truth,docker_multihost,5195,1,-0.0,0.0019,0.0001,5195,12.3429
ddos_multi_04__ddos_spoofed_4,1,1789389566.7880507,real,ddos_multi_04,spoofed_flood,generator_ground_truth,docker_multihost,5196,1,-0.0,0.0019,0.0001,5196,12.3432
ddos_multi_04__ddos_spoofed_4,1,1789389566.9280508,real,ddos_multi_04,spoofed_flood,generator_ground_truth,docker_multihost,5195,1,-0.0,0.0019,0.0001,5195,12.3429
ddos_multi_04__ddos_spoofed_4,1,1789389567.0680509,real,ddos_multi_04,spoofed_flood,generator_ground_truth,docker_multihost,5194,1,-0.0,0.0019,0.0001,5194,12.3426
ddos_multi_04__ddos_spoofed_4,1,1789389567.208051,real,ddos_multi_04,spoofed_flood,generator_ground_truth,docker_multihost,5195,1,-0.0,0.0019,0.0001,5195,12.3429
ddos_multi_04__ddos_spoofed_4,1,1789389567.348051,real,ddos_multi_04,spoofed_flood,generator_ground_truth,docker_multihost,5194,1,-0.0,0.0019,0.0001,5194,12.3426
ddos_multi_04__ddos_spoofed_4,1,1789389567.4880512,real,ddos_multi_04,spoofed_flood,generator_ground_truth,docker_multihost,5181,1,-0.0,0.0019,0.0001,5181,12.339
ddos_multi_04__ddos_spoofed_4,1,1789389567.6280513,real,ddos_multi_04,spoofed_flood,generator_ground_truth,docker_multihost,5109,1,-0.0,0.0019,0.0001,5109,12.3188
ddos_multi_04__ddos_spoofed_4,1,1789389567.7680514,real,ddos_multi_04,spoofed_flood,generator_ground_truth,docker_multihost,5039,1,-0.0,0.0019,0.0001,5039,12.2989
ddos_multi_04__ddos_spoofed_4,1,1789389567.9080515,real,ddos_multi_04,spoofed_flood,generator_ground_truth,docker_multihost,4966,1,-0.0,0.0019,0.0001,4966,12.2779
ddos_multi_04__benign_udpspoof_5,0,1789389569.4145262,real,ddos_multi_04,,generator_ground_truth,docker_multihost,1,1,-0.0,0.0,0.0,1,-0.0
ddos_multi_04__benign_udpspoof_5,0,1789389569.5545263,real,ddos_multi_04,,generator_ground_truth,docker_multihost,1,1,-0.0,0.0,0.0,1,-0.0
ddos_multi_04__benign_udpspoof_5,0,1789389569.6945264,real,ddos_multi_04,,generator_ground_truth,docker_multihost,1,1,-0.0,0.0,0.0,1,-0.0
ddos_multi_04__benign_udpspoof_5,0,1789389569.8345265,real,ddos_multi_04,,generator_ground_truth,docker_multihost,1,1,-0.0,0.0,0.0,1,-0.0
ddos_multi_04__benign_udpspoof_5,0,1789389569.9745266,real,ddos_multi_04,,generator_ground_truth,docker_multihost,2,2,1.0,0.6365,0.0,1,-0.0
ddos_multi_04__benign_udpspoof_5,0,1789389570.1145267,real,ddos_multi_04,,generator_ground_truth,docker_multihost,2,2,1.0,0.6365,0.0,1,-0.0
ddos_multi_04__benign_udpspoof_5,0,1789389570.2545269,real,ddos_multi_04,,generator_ground_truth,docker_multihost,2,2,1.0,0.6365,0.0,1,-0.0
ddos_multi_04__benign_udpspoof_5,0,1789389570.394527,real,ddos_multi_04,,generator_ground_truth,docker_multihost,2,2,1.0,0.6365,0.0,1,-0.0
ddos_multi_04__benign_udpspoof_5,0,1789389570.534527,real,ddos_multi_04,,generator_ground_truth,docker_multihost,2,2,1.0,0.6365,0.0,1,-0.0
ddos_multi_04__benign_udpspoof_5,0,1789389570.6745272,real,ddos_multi_04,,generator_ground_truth,docker_multihost,2,2,1.0,0.6365,0.0,1,-0.0
ddos_multi_04__benign_udpspoof_5,0,1789389570.8145273,real,ddos_multi_04,,generator_ground_truth,docker_multihost,2,2,1.0,0.6365,0.0,1,-0.0
ddos_multi_04__benign_udpspoof_5,0,1789389570.9545274,real,ddos_multi_04,,generator_ground_truth,docker_multihost,2,2,1.0,0.6365,0.0,1,-0.0
ddos_multi_04__benign_udpspoof_5,0,1789389571.0945275,real,ddos_multi_04,,generator_ground_truth,docker_multihost,3,3,1.585,0.841,0.2045,1,-0.0
ddos_multi_04__benign_udpspoof_5,0,1789389571.2345276,real,ddos_multi_04,,generator_ground_truth,docker_multihost,3,3,1.585,0.841,0.2045,1,-0.0
ddos_multi_04__benign_udpspoof_5,0,1789389571.3745277,real,ddos_multi_04,,generator_ground_truth,docker_multihost,3,3,1.585,0.841,0.2045,1,-0.0
ddos_multi_04__benign_udpspoof_5,0,1789389571.5145278,real,ddos_multi_04,,generator_ground_truth,docker_multihost,3,3,1.585,0.841,0.2045,1,-0.0
ddos_multi_04__benign_udpspoof_5,0,1789389571.654528,real,ddos_multi_04,,generator_ground_truth,docker_multihost,3,3,1.585,0.841,0.2045,1,-0.0
ddos_multi_04__benign_udpspoof_5,0,1789389571.794528,real,ddos_multi_04,,generator_ground_truth,docker_multihost,4,3,1.5,0.8298,0.1677,1,-0.0
ddos_multi_04__benign_udpspoof_5,0,1789389571.934528,real,ddos_multi_04,,generator_ground_truth,docker_multihost,4,3,1.5,0.8298,0.1677,1,-0.0
ddos_multi_04__benign_udpspoof_5,0,1789389572.0745282,real,ddos_multi_04,,generator_ground_truth,docker_multihost,4,3,1.5,0.8298,0.1677,1,-0.0
ddos_multi_04__benign_udpspoof_5,0,1789389572.2145283,real,ddos_multi_04,,generator_ground_truth,docker_multihost,4,3,1.5,0.8298,0.1677,1,-0.0
ddos_multi_04__benign_udpspoof_5,0,1789389572.3545284,real,ddos_multi_04,,generator_ground_truth,docker_multihost,4,3,1.5,0.8298,0.1677,1,-0.0
ddos_multi_04__benign_udpspoof_5,0,1789389572.4945285,real,ddos_multi_04,,generator_ground_truth,docker_multihost,4,3,1.5,0.8298,0.1677,1,-0.0
ddos_multi_04__benign_udpspoof_5,0,1789389572.6345286,real,ddos_multi_04,,generator_ground_truth,docker_multihost,4,3,1.5,0.8298,0.1677,1,-0.0
ddos_multi_04__benign_udpspoof_5,0,1789389572.7745287,real,ddos_multi_04,,generator_ground_truth,docker_multihost,5,3,1.5219,0.8666,0.1586,1,-0.0
ddos_multi_04__benign_udpspoof_5,0,1789389572.9145288,real,ddos_multi_04,,generator_ground_truth,docker_multihost,5,3,1.5219,0.8666,0.1586,1,-0.0
ddos_multi_04__benign_udpspoof_5,0,1789389573.054529,real,ddos_multi_04,,generator_ground_truth,docker_multihost,5,3,1.5219,0.8666,0.1586,1,-0.0
ddos_multi_04__benign_udpspoof_5,0,1789389573.194529,real,ddos_multi_04,,generator_ground_truth,docker_multihost,5,3,1.5219,0.8666,0.1586,1,-0.0
ddos_multi_04__benign_udpspoof_5,0,1789389573.3345292,real,ddos_multi_04,,generator_ground_truth,docker_multihost,5,3,1.5219,0.8666,0.1586,1,-0.0
ddos_multi_04__benign_udpspoof_5,0,1789389573.4745293,real,ddos_multi_04,,generator_ground_truth,docker_multihost,5,3,1.5219,0.8666,0.1586,1,-0.0
ddos_multi_04__benign_udpspoof_5,0,1789389573.6145294,real,ddos_multi_04,,generator_ground_truth,docker_multihost,5,3,1.5219,0.8666,0.1586,1,-0.0
ddos_multi_04__benign_udpspoof_5,0,1789389573.7545295,real,ddos_multi_04,,generator_ground_truth,docker_multihost,5,3,1.5219,0.8666,0.1586,1,-0.0
ddos_multi_04__benign_udpspoof_5,0,1789389573.8945296,real,ddos_multi_04,,generator_ground_truth,docker_multihost,6,3,1.585,0.9165,0.1735,1,-0.0
ddos_multi_04__benign_udpspoof_5,0,1789389574.0345297,real,ddos_multi_04,,generator_ground_truth,docker_multihost,6,3,1.585,0.9165,0.1735,1,-0.0
ddos_multi_04__benign_udpspoof_5,0,1789389574.1745298,real,ddos_multi_04,,generator_ground_truth,docker_multihost,6,3,1.585,0.9165,0.1735,1,-0.0
ddos_multi_04__benign_udpspoof_5,0,1789389574.31453,real,ddos_multi_04,,generator_ground_truth,docker_multihost,6,3,1.585,0.9165,0.1735,1,-0.0
ddos_multi_04__benign_udpspoof_5,0,1789389574.45453,real,ddos_multi_04,,generator_ground_truth,docker_multihost,6,3,1.585,0.9165,0.1735,1,-0.0
ddos_multi_04__benign_udpspoof_5,0,1789389574.59453,real,ddos_multi_04,,generator_ground_truth,docker_multihost,6,3,1.585,0.9165,0.1735,1,-0.0
ddos_multi_04__benign_udpspoof_5,0,1789389574.7345302,real,ddos_multi_04,,generator_ground_truth,docker_multihost,7,3,1.5567,0.8862,0.1723,1,-0.0
ddos_multi_04__benign_udpspoof_5,0,1789389574.8745303,real,ddos_multi_04,,generator_ground_truth,docker_multihost,7,3,1.5567,0.8862,0.1723,1,-0.0
ddos_multi_04__benign_udpspoof_5,0,1789389575.0145304,real,ddos_multi_04,,generator_ground_truth,docker_multihost,7,3,1.5567,0.8862,0.1723,1,-0.0
ddos_multi_04__benign_udpspoof_5,0,1789389575.1545305,real,ddos_multi_04,,generator_ground_truth,docker_multihost,7,3,1.5567,0.8862,0.1723,1,-0.0
ddos_multi_04__benign_udpspoof_5,0,1789389575.2945306,real,ddos_multi_04,,generator_ground_truth,docker_multihost,7,3,1.5567,0.8862,0.1723,1,-0.0
ddos_multi_04__benign_udpspoof_5,0,1789389575.4345307,real,ddos_multi_04,,generator_ground_truth,docker_multihost,7,3,1.5567,0.8862,0.1723,1,-0.0
ddos_multi_04__benign_udpspoof_5,0,1789389575.5745308,real,ddos_multi_04,,generator_ground_truth,docker_multihost,8,3,1.5613,0.8892,0.1597,1,-0.0
ddos_multi_04__benign_udpspoof_5,0,1789389575.714531,real,ddos_multi_04,,generator_ground_truth,docker_multihost,8,3,1.5613,0.8892,0.1597,1,-0.0
ddos_multi_04__benign_udpspoof_5,0,1789389575.854531,real,ddos_multi_04,,generator_ground_truth,docker_multihost,8,3,1.5613,0.8892,0.1597,1,-0.0
ddos_multi_04__benign_udpspoof_5,0,1789389575.9945312,real,ddos_multi_04,,generator_ground_truth,docker_multihost,8,3,1.5613,0.8892,0.1597,1,-0.0
ddos_multi_04__benign_udpspoof_5,0,1789389576.1345313,real,ddos_multi_04,,generator_ground_truth,docker_multihost,9,3,1.585,0.8458,0.1884,1,-0.0
ddos_multi_04__benign_udpspoof_5,0,1789389576.2745314,real,ddos_multi_04,,generator_ground_truth,docker_multihost,9,3,1.585,0.8458,0.1884,1,-0.0
ddos_multi_04__benign_udpspoof_5,0,1789389576.4145315,real,ddos_multi_04,,generator_ground_truth,docker_multihost,9,3,1.585,0.8458,0.1884,1,-0.0
ddos_multi_04__benign_udpspoof_5,0,1789389576.5545316,real,ddos_multi_04,,generator_ground_truth,docker_multihost,9,3,1.585,0.8458,0.1884,1,-0.0
ddos_multi_04__benign_udpspoof_5,0,1789389576.6945317,real,ddos_multi_04,,generator_ground_truth,docker_multihost,9,3,1.585,0.8458,0.1884,1,-0.0
ddos_multi_04__benign_udpspoof_5,0,1789389576.8345318,real,ddos_multi_04,,generator_ground_truth,docker_multihost,9,3,1.585,0.8458,0.1884,1,-0.0
ddos_multi_04__benign_udpspoof_5,0,1789389576.974532,real,ddos_multi_04,,generator_ground_truth,docker_multihost,9,3,1.585,0.8458,0.1884,1,-0.0
ddos_multi_04__benign_udpspoof_5,0,1789389577.114532,real,ddos_multi_04,,generator_ground_truth,docker_multihost,9,3,1.585,0.8458,0.1884,1,-0.0
ddos_multi_04__benign_udpspoof_5,0,1789389577.254532,real,ddos_multi_04,,generator_ground_truth,docker_multihost,10,3,1.571,0.8811,0.2038,1,-0.0
ddos_multi_04__benign_udpspoof_5,0,1789389577.3945322,real,ddos_multi_04,,generator_ground_truth,docker_multihost,10,3,1.571,0.8811,0.2038,1,-0.0
ddos_multi_04__benign_udpspoof_5,0,1789389577.5345323,real,ddos_multi_04,,generator_ground_truth,docker_multihost,10,3,1.571,0.8811,0.2038,1,-0.0
ddos_multi_04__benign_udpspoof_5,0,1789389577.6745324,real,ddos_multi_04,,generator_ground_truth,docker_multihost,10,3,1.571,0.8811,0.2038,1,-0.0
ddos_multi_04__benign_udpspoof_5,0,1789389577.8145325,real,ddos_multi_04,,generator_ground_truth,docker_multihost,10,3,1.571,0.8811,0.2038,1,-0.0
ddos_multi_04__benign_udpspoof_5,0,1789389577.9545326,real,ddos_multi_04,,generator_ground_truth,docker_multihost,10,3,1.571,0.8811,0.2038,1,-0.0
ddos_multi_04__benign_udpspoof_5,0,1789389578.0945327,real,ddos_multi_04,,generator_ground_truth,docker_multihost,10,3,1.571,0.8811,0.2038,1,-0.0
ddos_multi_04__benign_udpspoof_5,0,1789389578.2345328,real,ddos_multi_04,,generator_ground_truth,docker_multihost,10,3,1.571,0.8811,0.2038,1,-0.0
ddos_multi_04__benign_udpspoof_5,0,1789389578.374533,real,ddos_multi_04,,generator_ground_truth,docker_multihost,10,3,1.571,0.8811,0.2038,1,-0.0
ddos_multi_04__benign_udpspoof_5,0,1789389578.514533,real,ddos_multi_04,,generator_ground_truth,docker_multihost,11,3,1.5726,0.9163,0.2202,1,-0.0
ddos_multi_04__benign_udpspoof_5,0,1789389578.6545331,real,ddos_multi_04,,generator_ground_truth,docker_multihost,11,3,1.5726,0.9163,0.2202,1,-0.0
ddos_multi_04__benign_udpspoof_5,0,1789389578.7945333,real,ddos_multi_04,,generator_ground_truth,docker_multihost,11,3,1.5726,0.9163,0.2202,1,-0.0
ddos_multi_04__benign_udpspoof_5,0,1789389578.9345334,real,ddos_multi_04,,generator_ground_truth,docker_multihost,11,3,1.5726,0.9163,0.2202,1,-0.0
ddos_multi_04__benign_udpspoof_5,0,1789389579.0745335,real,ddos_multi_04,,generator_ground_truth,docker_multihost,11,3,1.5726,0.9163,0.2202,1,-0.0
ddos_multi_04__benign_udpspoof_5,0,1789389579.2145336,real,ddos_multi_04,,generator_ground_truth,docker_multihost,11,3,1.5726,0.9163,0.2202,1,-0.0
ddos_multi_04__benign_udpspoof_5,0,1789389579.3545337,real,ddos_multi_04,,generator_ground_truth,docker_multihost,11,3,1.5726,0.9321,0.2047,1,-0.0
ddos_multi_04__benign_udpspoof_5,0,1789389579.4945338,real,ddos_multi_04,,generator_ground_truth,docker_multihost,11,3,1.5726,0.9321,0.2047,1,-0.0
ddos_multi_04__benign_udpspoof_5,0,1789389579.634534,real,ddos_multi_04,,generator_ground_truth,docker_multihost,11,3,1.5726,0.9321,0.2047,1,-0.0
ddos_multi_04__benign_udpspoof_5,0,1789389579.774534,real,ddos_multi_04,,generator_ground_truth,docker_multihost,11,3,1.5726,0.9321,0.2047,1,-0.0
ddos_multi_04__benign_udpspoof_5,0,1789389579.914534,real,ddos_multi_04,,generator_ground_truth,docker_multihost,11,3,1.5726,0.9321,0.2047,1,-0.0
ddos_multi_04__benign_udpspoof_5,0,1789389580.0545342,real,ddos_multi_04,,generator_ground_truth,docker_multihost,11,3,1.5726,0.8986,0.2107,1,-0.0
ddos_multi_04__benign_udpspoof_5,0,1789389580.1945343,real,ddos_multi_04,,generator_ground_truth,docker_multihost,11,3,1.5726,0.8986,0.2107,1,-0.0
ddos_multi_04__benign_udpspoof_5,0,1789389580.3345344,real,ddos_multi_04,,generator_ground_truth,docker_multihost,11,3,1.5726,0.8986,0.2107,1,-0.0
ddos_multi_04__benign_udpspoof_5,0,1789389580.4745345,real,ddos_multi_04,,generator_ground_truth,docker_multihost,11,3,1.5726,0.8986,0.2107,1,-0.0
ddos_multi_04__benign_udpspoof_5,0,1789389580.6145346,real,ddos_multi_04,,generator_ground_truth,docker_multihost,11,3,1.5726,0.8986,0.2107,1,-0.0
ddos_multi_04__benign_udpspoof_5,0,1789389580.7545347,real,ddos_multi_04,,generator_ground_truth,docker_multihost,11,3,1.5726,0.8986,0.2107,1,-0.0
ddos_multi_04__benign_udpspoof_5,0,1789389580.8945348,real,ddos_multi_04,,generator_ground_truth,docker_multihost,11,3,1.5726,0.8986,0.2107,1,-0.0
ddos_multi_04__benign_udpspoof_5,0,1789389581.034535,real,ddos_multi_04,,generator_ground_truth,docker_multihost,10,3,1.571,0.9087,0.2198,1,-0.0
ddos_multi_04__benign_udpspoof_5,0,1789389581.174535,real,ddos_multi_04,,generator_ground_truth,docker_multihost,11,3,1.5726,0.9315,0.2194,1,-0.0
ddos_multi_04__benign_udpspoof_5,0,1789389581.3145351,real,ddos_multi_04,,generator_ground_truth,docker_multihost,11,3,1.5726,0.9315,0.2194,1,-0.0
ddos_multi_04__benign_udpspoof_5,0,1789389581.4545352,real,ddos_multi_04,,generator_ground_truth,docker_multihost,11,3,1.5726,0.9315,0.2194,1,-0.0
ddos_multi_04__benign_udpspoof_5,0,1789389581.5945354,real,ddos_multi_04,,generator_ground_truth,docker_multihost,11,3,1.5726,0.9315,0.2194,1,-0.0
ddos_multi_04__benign_udpspoof_5,0,1789389581.7345355,real,ddos_multi_04,,generator_ground_truth,docker_multihost,11,3,1.5726,0.9315,0.2194,1,-0.0
ddos_multi_04__benign_udpspoof_5,0,1789389581.8745356,real,ddos_multi_04,,generator_ground_truth,docker_multihost,10,3,1.571,0.9264,0.2307,1,-0.0
ddos_multi_04__benign_udpspoof_5,0,1789389582.0145357,real,ddos_multi_04,,generator_ground_truth,docker_multihost,10,3,1.571,0.9264,0.2307,1,-0.0
ddos_multi_04__benign_udpspoof_5,0,1789389582.1545358,real,ddos_multi_04,,generator_ground_truth,docker_multihost,11,3,1.5726,0.9292,0.219,1,-0.0
ddos_multi_04__benign_udpspoof_5,0,1789389582.2945359,real,ddos_multi_04,,generator_ground_truth,docker_multihost,11,3,1.5726,0.9292,0.219,1,-0.0
ddos_multi_04__benign_udpspoof_5,0,1789389582.434536,real,ddos_multi_04,,generator_ground_truth,docker_multihost,11,3,1.5726,0.9292,0.219,1,-0.0
ddos_multi_04__benign_udpspoof_5,0,1789389582.574536,real,ddos_multi_04,,generator_ground_truth,docker_multihost,11,3,1.5726,0.9292,0.219,1,-0.0
ddos_multi_04__benign_udpspoof_5,0,1789389582.7145362,real,ddos_multi_04,,generator_ground_truth,docker_multihost,11,3,1.5726,0.9292,0.219,1,-0.0
ddos_multi_04__benign_udpspoof_5,0,1789389582.8545363,real,ddos_multi_04,,generator_ground_truth,docker_multihost,10,3,1.571,0.9084,0.2213,1,-0.0
ddos_multi_04__benign_udpspoof_5,0,1789389582.9945364,real,ddos_multi_04,,generator_ground_truth,docker_multihost,10,3,1.571,0.9084,0.2213,1,-0.0
ddos_multi_04__benign_udpspoof_5,0,1789389583.1345365,real,ddos_multi_04,,generator_ground_truth,docker_multihost,10,3,1.571,0.9084,0.2213,1,-0.0
ddos_multi_04__benign_udpspoof_5,0,1789389583.2745366,real,ddos_multi_04,,generator_ground_truth,docker_multihost,10,3,1.571,0.9084,0.2213,1,-0.0
ddos_multi_04__benign_udpspoof_5,0,1789389583.4145367,real,ddos_multi_04,,generator_ground_truth,docker_multihost,11,3,1.5726,0.9493,0.2432,1,-0.0
ddos_multi_04__benign_udpspoof_5,0,1789389583.5545368,real,ddos_multi_04,,generator_ground_truth,docker_multihost,11,3,1.5726,0.9493,0.2432,1,-0.0
ddos_multi_04__benign_udpspoof_5,0,1789389583.694537,real,ddos_multi_04,,generator_ground_truth,docker_multihost,11,3,1.5726,0.9493,0.2432,1,-0.0
ddos_multi_04__benign_udpspoof_5,0,1789389583.834537,real,ddos_multi_04,,generator_ground_truth,docker_multihost,11,3,1.5726,0.9493,0.2432,1,-0.0
ddos_multi_04__benign_udpspoof_5,0,1789389583.9745371,real,ddos_multi_04,,generator_ground_truth,docker_multihost,10,3,1.571,0.9731,0.245,1,-0.0
ddos_multi_04__benign_udpspoof_5,0,1789389584.1145372,real,ddos_multi_04,,generator_ground_truth,docker_multihost,10,3,1.571,0.9731,0.245,1,-0.0
ddos_multi_04__benign_udpspoof_5,0,1789389584.2545373,real,ddos_multi_04,,generator_ground_truth,docker_multihost,10,3,1.571,0.9731,0.245,1,-0.0
ddos_multi_04__benign_udpspoof_5,0,1789389584.3945374,real,ddos_multi_04,,generator_ground_truth,docker_multihost,10,3,1.571,0.9731,0.245,1,-0.0
ddos_multi_04__benign_udpspoof_5,0,1789389584.5345376,real,ddos_multi_04,,generator_ground_truth,docker_multihost,10,3,1.571,0.9731,0.245,1,-0.0
ddos_multi_04__benign_udpspoof_5,0,1789389584.6745377,real,ddos_multi_04,,generator_ground_truth,docker_multihost,10,3,1.571,1.0112,0.2581,1,-0.0
ddos_multi_04__benign_udpspoof_5,0,1789389584.8145378,real,ddos_multi_04,,generator_ground_truth,docker_multihost,10,3,1.571,1.0112,0.2581,1,-0.0
ddos_multi_04__benign_udpspoof_5,0,1789389584.9545379,real,ddos_multi_04,,generator_ground_truth,docker_multihost,10,3,1.571,1.0112,0.2581,1,-0.0
ddos_multi_04__benign_udpspoof_5,0,1789389585.094538,real,ddos_multi_04,,generator_ground_truth,docker_multihost,10,3,1.571,1.0112,0.2581,1,-0.0
ddos_multi_04__benign_udpspoof_5,0,1789389585.234538,real,ddos_multi_04,,generator_ground_truth,docker_multihost,10,3,1.571,1.0112,0.2581,1,-0.0
ddos_multi_04__benign_udpspoof_5,0,1789389585.3745382,real,ddos_multi_04,,generator_ground_truth,docker_multihost,10,3,1.571,1.0112,0.2581,1,-0.0
ddos_multi_04__benign_udpspoof_5,0,1789389585.5145383,real,ddos_multi_04,,generator_ground_truth,docker_multihost,9,3,1.585,1.0698,0.2097,1,-0.0
ddos_multi_04__benign_udpspoof_5,0,1789389585.6545384,real,ddos_multi_04,,generator_ground_truth,docker_multihost,10,3,1.571,1.0568,0.2011,1,-0.0
ddos_multi_04__benign_udpspoof_5,0,1789389585.7945385,real,ddos_multi_04,,generator_ground_truth,docker_multihost,10,3,1.571,1.0568,0.2011,1,-0.0
ddos_multi_04__benign_udpspoof_5,0,1789389585.9345386,real,ddos_multi_04,,generator_ground_truth,docker_multihost,10,3,1.571,1.0568,0.2011,1,-0.0
ddos_multi_04__benign_udpspoof_5,0,1789389586.0745387,real,ddos_multi_04,,generator_ground_truth,docker_multihost,9,3,1.585,1.0434,0.2095,1,-0.0
ddos_multi_04__benign_udpspoof_5,0,1789389586.2145388,real,ddos_multi_04,,generator_ground_truth,docker_multihost,9,3,1.585,1.0434,0.2095,1,-0.0
ddos_multi_04__benign_udpspoof_5,0,1789389586.354539,real,ddos_multi_04,,generator_ground_truth,docker_multihost,9,3,1.585,1.0434,0.2095,1,-0.0
ddos_multi_04__benign_udpspoof_5,0,1789389586.494539,real,ddos_multi_04,,generator_ground_truth,docker_multihost,10,3,1.571,1.0306,0.2008,1,-0.0
ddos_multi_04__benign_udpspoof_5,0,1789389586.6345391,real,ddos_multi_04,,generator_ground_truth,docker_multihost,10,3,1.571,1.0306,0.2008,1,-0.0
ddos_multi_04__benign_udpspoof_5,0,1789389586.7745392,real,ddos_multi_04,,generator_ground_truth,docker_multihost,10,3,1.571,1.0306,0.2008,1,-0.0
ddos_multi_04__benign_udpspoof_5,0,1789389586.9145393,real,ddos_multi_04,,generator_ground_truth,docker_multihost,10,3,1.571,1.0306,0.2008,1,-0.0
ddos_multi_04__benign_udpspoof_5,0,1789389587.0545394,real,ddos_multi_04,,generator_ground_truth,docker_multihost,10,3,1.571,1.0306,0.2008,1,-0.0
ddos_multi_04__benign_udpspoof_5,0,1789389587.1945395,real,ddos_multi_04,,generator_ground_truth,docker_multihost,10,3,1.571,1.0306,0.2008,1,-0.0
ddos_multi_04__benign_udpspoof_5,0,1789389587.3345397,real,ddos_multi_04,,generator_ground_truth,docker_multihost,9,3,1.585,1.0053,0.1991,1,-0.0
ddos_multi_04__benign_udpspoof_5,0,1789389587.4745398,real,ddos_multi_04,,generator_ground_truth,docker_multihost,9,3,1.585,1.0053,0.1991,1,-0.0
ddos_multi_04__benign_udpspoof_5,0,1789389587.6145399,real,ddos_multi_04,,generator_ground_truth,docker_multihost,10,3,1.571,1.0137,0.1892,1,-0.0
ddos_multi_04__benign_udpspoof_5,0,1789389587.75454,real,ddos_multi_04,,generator_ground_truth,docker_multihost,10,3,1.571,1.0137,0.1892,1,-0.0
ddos_multi_04__benign_udpspoof_5,0,1789389587.89454,real,ddos_multi_04,,generator_ground_truth,docker_multihost,10,3,1.571,1.0137,0.1892,1,-0.0
ddos_multi_04__benign_udpspoof_5,0,1789389588.0345402,real,ddos_multi_04,,generator_ground_truth,docker_multihost,10,3,1.571,1.0137,0.1892,1,-0.0
ddos_multi_04__benign_udpspoof_5,0,1789389588.1745403,real,ddos_multi_04,,generator_ground_truth,docker_multihost,10,3,1.571,1.0137,0.1892,1,-0.0
ddos_multi_04__benign_udpspoof_5,0,1789389588.3145404,real,ddos_multi_04,,generator_ground_truth,docker_multihost,10,3,1.571,1.0137,0.1892,1,-0.0
ddos_multi_04__benign_udpspoof_5,0,1789389588.4545405,real,ddos_multi_04,,generator_ground_truth,docker_multihost,9,3,1.585,1.0411,0.1831,1,-0.0
ddos_multi_04__benign_udpspoof_5,0,1789389588.5945406,real,ddos_multi_04,,generator_ground_truth,docker_multihost,9,3,1.585,1.0411,0.1831,1,-0.0
ddos_multi_04__benign_udpspoof_5,0,1789389588.7345407,real,ddos_multi_04,,generator_ground_truth,docker_multihost,10,3,1.571,1.0476,0.1736,1,-0.0
ddos_multi_04__benign_udpspoof_5,0,1789389588.8745408,real,ddos_multi_04,,generator_ground_truth,docker_multihost,10,3,1.571,1.0476,0.1736,1,-0.0
ddos_multi_04__benign_udpspoof_5,0,1789389589.014541,real,ddos_multi_04,,generator_ground_truth,docker_multihost,10,3,1.571,1.0476,0.1736,1,-0.0
ddos_multi_04__benign_udpspoof_5,0,1789389589.154541,real,ddos_multi_04,,generator_ground_truth,docker_multihost,10,3,1.571,1.0476,0.1736,1,-0.0
ddos_multi_04__benign_udpspoof_5,0,1789389589.2945411,real,ddos_multi_04,,generator_ground_truth,docker_multihost,9,3,1.585,1.0898,0.1339,1,-0.0
ddos_multi_04__benign_udpspoof_5,0,1789389589.4345412,real,ddos_multi_04,,generator_ground_truth,docker_multihost,9,3,1.585,1.0898,0.1339,1,-0.0
ddos_multi_04__benign_udpspoof_5,0,1789389589.5745413,real,ddos_multi_04,,generator_ground_truth,docker_multihost,9,3,1.585,1.0898,0.1339,1,-0.0
ddos_multi_04__benign_udpspoof_5,0,1789389589.7145414,real,ddos_multi_04,,generator_ground_truth,docker_multihost,10,3,1.571,1.0772,0.1311,1,-0.0
ddos_multi_04__benign_udpspoof_5,0,1789389589.8545415,real,ddos_multi_04,,generator_ground_truth,docker_multihost,10,3,1.571,1.0772,0.1311,1,-0.0
ddos_multi_04__benign_udpspoof_5,0,1789389589.9945416,real,ddos_multi_04,,generator_ground_truth,docker_multihost,9,3,1.585,1.0698,0.1373,1,-0.0
ddos_multi_04__benign_udpspoof_5,0,1789389590.1345417,real,ddos_multi_04,,generator_ground_truth,docker_multihost,9,3,1.585,1.0698,0.1373,1,-0.0
ddos_multi_04__benign_udpspoof_5,0,1789389590.2745419,real,ddos_multi_04,,generator_ground_truth,docker_multihost,9,3,1.585,1.0698,0.1373,1,-0.0
ddos_multi_04__benign_udpspoof_5,0,1789389590.414542,real,ddos_multi_04,,generator_ground_truth,docker_multihost,9,3,1.585,1.0698,0.1373,1,-0.0
ddos_multi_04__benign_udpspoof_5,0,1789389590.554542,real,ddos_multi_04,,generator_ground_truth,docker_multihost,9,3,1.585,1.0698,0.1373,1,-0.0
ddos_multi_04__benign_udpspoof_5,0,1789389590.6945422,real,ddos_multi_04,,generator_ground_truth,docker_multihost,10,3,1.571,1.0671,0.1297,1,-0.0
ddos_multi_04__benign_udpspoof_5,0,1789389590.8345423,real,ddos_multi_04,,generator_ground_truth,docker_multihost,10,3,1.571,1.0671,0.1297,1,-0.0
ddos_multi_04__benign_udpspoof_5,0,1789389590.9745424,real,ddos_multi_04,,generator_ground_truth,docker_multihost,10,3,1.571,1.0671,0.1297,1,-0.0
ddos_multi_04__ddos_spoofed_5,1,1789389592.205176,real,ddos_multi_04,spoofed_flood,generator_ground_truth,docker_multihost,43,1,-0.0,0.0033,0.0001,43,5.4263
ddos_multi_04__ddos_spoofed_5,1,1789389592.3451762,real,ddos_multi_04,spoofed_flood,generator_ground_truth,docker_multihost,86,1,-0.0,0.0033,0.0001,86,6.4263
ddos_multi_04__ddos_spoofed_5,1,1789389592.4851763,real,ddos_multi_04,spoofed_flood,generator_ground_truth,docker_multihost,128,1,-0.0,0.0033,0.0001,128,7.0
ddos_multi_04__ddos_spoofed_5,1,1789389592.6251764,real,ddos_multi_04,spoofed_flood,generator_ground_truth,docker_multihost,171,1,-0.0,0.0033,0.0001,171,7.4179
ddos_multi_04__ddos_spoofed_5,1,1789389592.7651765,real,ddos_multi_04,spoofed_flood,generator_ground_truth,docker_multihost,213,1,-0.0,0.0033,0.0001,213,7.7347
ddos_multi_04__ddos_spoofed_5,1,1789389592.9051766,real,ddos_multi_04,spoofed_flood,generator_ground_truth,docker_multihost,255,1,-0.0,0.0033,0.0001,255,7.9944
ddos_multi_04__ddos_spoofed_5,1,1789389593.0451767,real,ddos_multi_04,spoofed_flood,generator_ground_truth,docker_multihost,297,1,-0.0,0.0033,0.0001,297,8.2143
ddos_multi_04__ddos_spoofed_5,1,1789389593.1851768,real,ddos_multi_04,spoofed_flood,generator_ground_truth,docker_multihost,340,1,-0.0,0.0033,0.0001,340,8.4094
ddos_multi_04__ddos_spoofed_5,1,1789389593.325177,real,ddos_multi_04,spoofed_flood,generator_ground_truth,docker_multihost,382,1,-0.0,0.0033,0.0001,382,8.5774
ddos_multi_04__ddos_spoofed_5,1,1789389593.465177,real,ddos_multi_04,spoofed_flood,generator_ground_truth,docker_multihost,425,1,-0.0,0.0033,0.0001,425,8.7313
ddos_multi_04__ddos_spoofed_5,1,1789389593.6051772,real,ddos_multi_04,spoofed_flood,generator_ground_truth,docker_multihost,467,1,-0.0,0.0033,0.0001,467,8.8673
ddos_multi_04__ddos_spoofed_5,1,1789389593.7451773,real,ddos_multi_04,spoofed_flood,generator_ground_truth,docker_multihost,510,1,-0.0,0.0033,0.0001,510,8.9944
ddos_multi_04__ddos_spoofed_5,1,1789389593.8851774,real,ddos_multi_04,spoofed_flood,generator_ground_truth,docker_multihost,552,1,-0.0,0.0033,0.0001,552,9.1085
ddos_multi_04__ddos_spoofed_5,1,1789389594.0251775,real,ddos_multi_04,spoofed_flood,generator_ground_truth,docker_multihost,594,1,-0.0,0.0033,0.0001,594,9.2143
ddos_multi_04__ddos_spoofed_5,1,1789389594.1651776,real,ddos_multi_04,spoofed_flood,generator_ground_truth,docker_multihost,637,1,-0.0,0.0033,0.0001,637,9.3151
ddos_multi_04__ddos_spoofed_5,1,1789389594.3051777,real,ddos_multi_04,spoofed_flood,generator_ground_truth,docker_multihost,680,1,-0.0,0.0033,0.0001,680,9.4094
ddos_multi_04__ddos_spoofed_5,1,1789389594.4451778,real,ddos_multi_04,spoofed_flood,generator_ground_truth,docker_multihost,722,1,-0.0,0.0033,0.0001,722,9.4959
ddos_multi_04__ddos_spoofed_5,1,1789389594.585178,real,ddos_multi_04,spoofed_flood,generator_ground_truth,docker_multihost,766,1,-0.0,0.0033,0.0001,766,9.5812
ddos_multi_04__ddos_spoofed_5,1,1789389594.725178,real,ddos_multi_04,spoofed_flood,generator_ground_truth,docker_multihost,809,1,-0.0,0.0033,0.0001,809,9.66
ddos_multi_04__ddos_spoofed_5,1,1789389594.865178,real,ddos_multi_04,spoofed_flood,generator_ground_truth,docker_multihost,852,1,-0.0,0.0033,0.0001,852,9.7347
ddos_multi_04__ddos_spoofed_5,1,1789389595.0051782,real,ddos_multi_04,spoofed_flood,generator_ground_truth,docker_multihost,892,1,-0.0,0.0033,0.0002,892,9.8009
ddos_multi_04__ddos_spoofed_5,1,1789389595.1451783,real,ddos_multi_04,spoofed_flood,generator_ground_truth,docker_multihost,935,1,-0.0,0.0033,0.0002,935,9.8688
ddos_multi_04__ddos_spoofed_5,1,1789389595.2851784,real,ddos_multi_04,spoofed_flood,generator_ground_truth,docker_multihost,977,1,-0.0,0.0033,0.0002,977,9.9322
ddos_multi_04__ddos_spoofed_5,1,1789389595.4251785,real,ddos_multi_04,spoofed_flood,generator_ground_truth,docker_multihost,1019,1,-0.0,0.0033,0.0002,1019,9.9929
ddos_multi_04__ddos_spoofed_5,1,1789389595.5651786,real,ddos_multi_04,spoofed_flood,generator_ground_truth,docker_multihost,1061,1,-0.0,0.0033,0.0002,1061,10.0512
ddos_multi_04__ddos_spoofed_5,1,1789389595.7051787,real,ddos_multi_04,spoofed_flood,generator_ground_truth,docker_multihost,1103,1,-0.0,0.0033,0.0002,1103,10.1072
ddos_multi_04__ddos_spoofed_5,1,1789389595.8451788,real,ddos_multi_04,spoofed_flood,generator_ground_truth,docker_multihost,1145,1,-0.0,0.0033,0.0002,1145,10.1611
ddos_multi_04__ddos_spoofed_5,1,1789389595.985179,real,ddos_multi_04,spoofed_flood,generator_ground_truth,docker_multihost,1188,1,-0.0,0.0033,0.0002,1188,10.2143
ddos_multi_04__ddos_spoofed_5,1,1789389596.125179,real,ddos_multi_04,spoofed_flood,generator_ground_truth,docker_multihost,1230,1,-0.0,0.0033,0.0001,1230,10.2644
ddos_multi_04__ddos_spoofed_5,1,1789389596.2651792,real,ddos_multi_04,spoofed_flood,generator_ground_truth,docker_multihost,1274,1,-0.0,0.0033,0.0001,1274,10.3151
ddos_multi_04__ddos_spoofed_5,1,1789389596.4051793,real,ddos_multi_04,spoofed_flood,generator_ground_truth,docker_multihost,1317,1,-0.0,0.0033,0.0001,1317,10.363
ddos_multi_04__ddos_spoofed_5,1,1789389596.5451794,real,ddos_multi_04,spoofed_flood,generator_ground_truth,docker_multihost,1358,1,-0.0,0.0033,0.0002,1358,10.4073
ddos_multi_04__ddos_spoofed_5,1,1789389596.6851795,real,ddos_multi_04,spoofed_flood,generator_ground_truth,docker_multihost,1400,1,-0.0,0.0033,0.0002,1400,10.4512
ddos_multi_04__ddos_spoofed_5,1,1789389596.8251796,real,ddos_multi_04,spoofed_flood,generator_ground_truth,docker_multihost,1442,1,-0.0,0.0033,0.0002,1442,10.4939
ddos_multi_04__ddos_spoofed_5,1,1789389596.9651797,real,ddos_multi_04,spoofed_flood,generator_ground_truth,docker_multihost,1485,1,-0.0,0.0033,0.0002,1485,10.5362
ddos_multi_04__ddos_spoofed_5,1,1789389597.1051798,real,ddos_multi_04,spoofed_flood,generator_ground_truth,docker_multihost,1527,1,-0.0,0.0033,0.0002,1527,10.5765
ddos_multi_04__ddos_spoofed_5,1,1789389597.24518,real,ddos_multi_04,spoofed_flood,generator_ground_truth,docker_multihost,1570,1,-0.0,0.0033,0.0002,1570,10.6165
ddos_multi_04__ddos_spoofed_5,1,1789389597.38518,real,ddos_multi_04,spoofed_flood,generator_ground_truth,docker_multihost,1613,1,-0.0,0.0033,0.0002,1613,10.6555
ddos_multi_04__ddos_spoofed_5,1,1789389597.52518,real,ddos_multi_04,spoofed_flood,generator_ground_truth,docker_multihost,1656,1,-0.0,0.0033,0.0002,1656,10.6935
ddos_multi_04__ddos_spoofed_5,1,1789389597.6651802,real,ddos_multi_04,spoofed_flood,generator_ground_truth,docker_multihost,1697,1,-0.0,0.0033,0.0002,1697,10.7288
ddos_multi_04__ddos_spoofed_5,1,1789389597.8051803,real,ddos_multi_04,spoofed_flood,generator_ground_truth,docker_multihost,1740,1,-0.0,0.0033,0.0002,1740,10.7649
ddos_multi_04__ddos_spoofed_5,1,1789389597.9451804,real,ddos_multi_04,spoofed_flood,generator_ground_truth,docker_multihost,1783,1,-0.0,0.0033,0.0002,1783,10.8001
ddos_multi_04__ddos_spoofed_5,1,1789389598.0851805,real,ddos_multi_04,spoofed_flood,generator_ground_truth,docker_multihost,1825,1,-0.0,0.0033,0.0002,1825,10.8337
ddos_multi_04__ddos_spoofed_5,1,1789389598.2251806,real,ddos_multi_04,spoofed_flood,generator_ground_truth,docker_multihost,1867,1,-0.0,0.0033,0.0002,1867,10.8665
ddos_multi_04__ddos_spoofed_5,1,1789389598.3651807,real,ddos_multi_04,spoofed_flood,generator_ground_truth,docker_multihost,1910,1,-0.0,0.0033,0.0002,1910,10.8994
ddos_multi_04__ddos_spoofed_5,1,1789389598.5051808,real,ddos_multi_04,spoofed_flood,generator_ground_truth,docker_multihost,1953,1,-0.0,0.0033,0.0001,1953,10.9315
ddos_multi_04__ddos_spoofed_5,1,1789389598.645181,real,ddos_multi_04,spoofed_flood,generator_ground_truth,docker_multihost,1996,1,-0.0,0.0033,0.0001,1996,10.9629
ddos_multi_04__ddos_spoofed_5,1,1789389598.785181,real,ddos_multi_04,spoofed_flood,generator_ground_truth,docker_multihost,2039,1,-0.0,0.0033,0.0001,2039,10.9936
ddos_multi_04__ddos_spoofed_5,1,1789389598.9251812,real,ddos_multi_04,spoofed_flood,generator_ground_truth,docker_multihost,2080,1,-0.0,0.0033,0.0002,2080,11.0224
ddos_multi_04__ddos_spoofed_5,1,1789389599.0651813,real,ddos_multi_04,spoofed_flood,generator_ground_truth,docker_multihost,2121,1,-0.0,0.0033,0.0002,2121,11.0505
ddos_multi_04__ddos_spoofed_5,1,1789389599.2051814,real,ddos_multi_04,spoofed_flood,generator_ground_truth,docker_multihost,2163,1,-0.0,0.0033,0.0002,2163,11.0788
ddos_multi_04__ddos_spoofed_5,1,1789389599.3451815,real,ddos_multi_04,spoofed_flood,generator_ground_truth,docker_multihost,2207,1,-0.0,0.0033,0.0002,2207,11.1079
ddos_multi_04__ddos_spoofed_5,1,1789389599.4851816,real,ddos_multi_04,spoofed_flood,generator_ground_truth,docker_multihost,2249,1,-0.0,0.0033,0.0002,2249,11.1351
ddos_multi_04__ddos_spoofed_5,1,1789389599.6251817,real,ddos_multi_04,spoofed_flood,generator_ground_truth,docker_multihost,2291,1,-0.0,0.0033,0.0002,2291,11.1618
ddos_multi_04__ddos_spoofed_5,1,1789389599.7651818,real,ddos_multi_04,spoofed_flood,generator_ground_truth,docker_multihost,2333,1,-0.0,0.0033,0.0002,2333,11.188
ddos_multi_04__ddos_spoofed_5,1,1789389599.905182,real,ddos_multi_04,spoofed_flood,generator_ground_truth,docker_multihost,2375,1,-0.0,0.0033,0.0002,2375,11.2137
ddos_multi_04__ddos_spoofed_5,1,1789389600.045182,real,ddos_multi_04,spoofed_flood,generator_ground_truth,docker_multihost,2416,1,-0.0,0.0033,0.0002,2416,11.2384
ddos_multi_04__ddos_spoofed_5,1,1789389600.185182,real,ddos_multi_04,spoofed_flood,generator_ground_truth,docker_multihost,2459,1,-0.0,0.0033,0.0002,2459,11.2639
ddos_multi_04__ddos_spoofed_5,1,1789389600.3251822,real,ddos_multi_04,spoofed_flood,generator_ground_truth,docker_multihost,2502,1,-0.0,0.0033,0.0002,2502,11.2889
ddos_multi_04__ddos_spoofed_5,1,1789389600.4651823,real,ddos_multi_04,spoofed_flood,generator_ground_truth,docker_multihost,2544,1,-0.0,0.0033,0.0002,2544,11.3129
ddos_multi_04__ddos_spoofed_5,1,1789389600.6051824,real,ddos_multi_04,spoofed_flood,generator_ground_truth,docker_multihost,2586,1,-0.0,0.0033,0.0002,2586,11.3365
ddos_multi_04__ddos_spoofed_5,1,1789389600.7451825,real,ddos_multi_04,spoofed_flood,generator_ground_truth,docker_multihost,2629,1,-0.0,0.0033,0.0002,2629,11.3603
ddos_multi_04__ddos_spoofed_5,1,1789389600.8851826,real,ddos_multi_04,spoofed_flood,generator_ground_truth,docker_multihost,2670,1,-0.0,0.0033,0.0002,2670,11.3826
ddos_multi_04__ddos_spoofed_5,1,1789389601.0251827,real,ddos_multi_04,spoofed_flood,generator_ground_truth,docker_multihost,2714,1,-0.0,0.0033,0.0002,2714,11.4062
ddos_multi_04__ddos_spoofed_5,1,1789389601.1651828,real,ddos_multi_04,spoofed_flood,generator_ground_truth,docker_multihost,2757,1,-0.0,0.0033,0.0002,2757,11.4289
ddos_multi_04__ddos_spoofed_5,1,1789389601.305183,real,ddos_multi_04,spoofed_flood,generator_ground_truth,docker_multihost,2801,1,-0.0,0.0033,0.0002,2801,11.4517
ddos_multi_04__ddos_spoofed_5,1,1789389601.445183,real,ddos_multi_04,spoofed_flood,generator_ground_truth,docker_multihost,2844,1,-0.0,0.0033,0.0002,2844,11.4737
ddos_multi_04__ddos_spoofed_5,1,1789389601.5851831,real,ddos_multi_04,spoofed_flood,generator_ground_truth,docker_multihost,2886,1,-0.0,0.0033,0.0002,2886,11.4949
ddos_multi_04__ddos_spoofed_5,1,1789389601.7251832,real,ddos_multi_04,spoofed_flood,generator_ground_truth,docker_multihost,2929,1,-0.0,0.0033,0.0002,2929,11.5162
ddos_multi_04__ddos_spoofed_5,1,1789389601.8651834,real,ddos_multi_04,spoofed_flood,generator_ground_truth,docker_multihost,2971,1,-0.0,0.0033,0.0002,2971,11.5367
ddos_multi_04__ddos_spoofed_5,1,1789389602.0051835,real,ddos_multi_04,spoofed_flood,generator_ground_truth,docker_multihost,3014,1,-0.0,0.0033,0.0002,3014,11.5575
ddos_multi_04__ddos_spoofed_5,1,1789389602.1451836,real,ddos_multi_04,spoofed_flood,generator_ground_truth,docker_multihost,3033,1,-0.0,0.0033,0.0002,3033,11.5665
ddos_multi_04__ddos_spoofed_5,1,1789389602.2851837,real,ddos_multi_04,spoofed_flood,generator_ground_truth,docker_multihost,3032,1,-0.0,0.0033,0.0002,3032,11.5661
ddos_multi_04__ddos_spoofed_5,1,1789389602.4251838,real,ddos_multi_04,spoofed_flood,generator_ground_truth,docker_multihost,3032,1,-0.0,0.0033,0.0002,3032,11.5661
ddos_multi_04__ddos_spoofed_5,1,1789389602.5651839,real,ddos_multi_04,spoofed_flood,generator_ground_truth,docker_multihost,3032,1,-0.0,0.0033,0.0002,3032,11.5661
ddos_multi_04__ddos_spoofed_5,1,1789389602.705184,real,ddos_multi_04,spoofed_flood,generator_ground_truth,docker_multihost,3032,1,-0.0,0.0033,0.0002,3032,11.5661
ddos_multi_04__ddos_spoofed_5,1,1789389602.845184,real,ddos_multi_04,spoofed_flood,generator_ground_truth,docker_multihost,3033,1,-0.0,0.0033,0.0002,3033,11.5665
ddos_multi_04__ddos_spoofed_5,1,1789389602.9851842,real,ddos_multi_04,spoofed_flood,generator_ground_truth,docker_multihost,3033,1,-0.0,0.0033,0.0002,3033,11.5665
ddos_multi_04__ddos_spoofed_5,1,1789389603.1251843,real,ddos_multi_04,spoofed_flood,generator_ground_truth,docker_multihost,3032,1,-0.0,0.0033,0.0002,3032,11.5661
ddos_multi_04__ddos_spoofed_5,1,1789389603.2651844,real,ddos_multi_04,spoofed_flood,generator_ground_truth,docker_multihost,3032,1,-0.0,0.0033,0.0002,3032,11.5661
ddos_multi_04__ddos_spoofed_5,1,1789389603.4051845,real,ddos_multi_04,spoofed_flood,generator_ground_truth,docker_multihost,3032,1,-0.0,0.0033,0.0002,3032,11.5661
ddos_multi_04__ddos_spoofed_5,1,1789389603.5451846,real,ddos_multi_04,spoofed_flood,generator_ground_truth,docker_multihost,3034,1,-0.0,0.0033,0.0002,3034,11.567
ddos_multi_04__ddos_spoofed_5,1,1789389603.6851847,real,ddos_multi_04,spoofed_flood,generator_ground_truth,docker_multihost,3034,1,-0.0,0.0033,0.0002,3034,11.567
ddos_multi_04__ddos_spoofed_5,1,1789389603.8251848,real,ddos_multi_04,spoofed_flood,generator_ground_truth,docker_multihost,3034,1,-0.0,0.0033,0.0002,3034,11.567
ddos_multi_04__ddos_spoofed_5,1,1789389603.965185,real,ddos_multi_04,spoofed_flood,generator_ground_truth,docker_multihost,3035,1,-0.0,0.0033,0.0002,3035,11.5675
ddos_multi_04__ddos_spoofed_5,1,1789389604.105185,real,ddos_multi_04,spoofed_flood,generator_ground_truth,docker_multihost,3035,1,-0.0,0.0033,0.0002,3035,11.5675
ddos_multi_04__ddos_spoofed_5,1,1789389604.2451851,real,ddos_multi_04,spoofed_flood,generator_ground_truth,docker_multihost,3036,1,-0.0,0.0033,0.0002,3036,11.568
ddos_multi_04__ddos_spoofed_5,1,1789389604.3851852,real,ddos_multi_04,spoofed_flood,generator_ground_truth,docker_multihost,3036,1,-0.0,0.0033,0.0002,3036,11.568
ddos_multi_04__ddos_spoofed_5,1,1789389604.5251853,real,ddos_multi_04,spoofed_flood,generator_ground_truth,docker_multihost,3036,1,-0.0,0.0033,0.0002,3036,11.568
ddos_multi_04__ddos_spoofed_5,1,1789389604.6651855,real,ddos_multi_04,spoofed_flood,generator_ground_truth,docker_multihost,3034,1,-0.0,0.0033,0.0002,3034,11.567
ddos_multi_04__ddos_spoofed_5,1,1789389604.8051856,real,ddos_multi_04,spoofed_flood,generator_ground_truth,docker_multihost,3034,1,-0.0,0.0033,0.0002,3034,11.567
ddos_multi_04__ddos_spoofed_5,1,1789389604.9451857,real,ddos_multi_04,spoofed_flood,generator_ground_truth,docker_multihost,3036,1,-0.0,0.0033,0.0002,3036,11.568
ddos_multi_04__ddos_spoofed_5,1,1789389605.0851858,real,ddos_multi_04,spoofed_flood,generator_ground_truth,docker_multihost,3037,1,-0.0,0.0033,0.0002,3037,11.5684
ddos_multi_04__ddos_spoofed_5,1,1789389605.2251859,real,ddos_multi_04,spoofed_flood,generator_ground_truth,docker_multihost,3036,1,-0.0,0.0033,0.0002,3036,11.568
ddos_multi_04__ddos_spoofed_5,1,1789389605.365186,real,ddos_multi_04,spoofed_flood,generator_ground_truth,docker_multihost,3037,1,-0.0,0.0033,0.0002,3037,11.5684
ddos_multi_04__ddos_spoofed_5,1,1789389605.505186,real,ddos_multi_04,spoofed_flood,generator_ground_truth,docker_multihost,3037,1,-0.0,0.0033,0.0002,3037,11.5684
ddos_multi_04__ddos_spoofed_5,1,1789389605.6451862,real,ddos_multi_04,spoofed_flood,generator_ground_truth,docker_multihost,3038,1,-0.0,0.0033,0.0002,3038,11.5689
ddos_multi_04__ddos_spoofed_5,1,1789389605.7851863,real,ddos_multi_04,spoofed_flood,generator_ground_truth,docker_multihost,3039,1,-0.0,0.0033,0.0002,3039,11.5694
ddos_multi_04__ddos_spoofed_5,1,1789389605.9251864,real,ddos_multi_04,spoofed_flood,generator_ground_truth,docker_multihost,3041,1,-0.0,0.0033,0.0002,3041,11.5703
ddos_multi_04__ddos_spoofed_5,1,1789389606.0651865,real,ddos_multi_04,spoofed_flood,generator_ground_truth,docker_multihost,3041,1,-0.0,0.0033,0.0002,3041,11.5703
ddos_multi_04__ddos_spoofed_5,1,1789389606.2051866,real,ddos_multi_04,spoofed_flood,generator_ground_truth,docker_multihost,3040,1,-0.0,0.0033,0.0002,3040,11.5699
ddos_multi_04__ddos_spoofed_5,1,1789389606.3451867,real,ddos_multi_04,spoofed_flood,generator_ground_truth,docker_multihost,3039,1,-0.0,0.0033,0.0002,3039,11.5694
ddos_multi_04__ddos_spoofed_5,1,1789389606.4851868,real,ddos_multi_04,spoofed_flood,generator_ground_truth,docker_multihost,3041,1,-0.0,0.0033,0.0002,3041,11.5703
ddos_multi_04__ddos_spoofed_5,1,1789389606.625187,real,ddos_multi_04,spoofed_flood,generator_ground_truth,docker_multihost,3040,1,-0.0,0.0033,0.0002,3040,11.5699
ddos_multi_04__ddos_spoofed_5,1,1789389606.765187,real,ddos_multi_04,spoofed_flood,generator_ground_truth,docker_multihost,3041,1,-0.0,0.0033,0.0002,3041,11.5703
ddos_multi_04__ddos_spoofed_5,1,1789389606.9051871,real,ddos_multi_04,spoofed_flood,generator_ground_truth,docker_multihost,3042,1,-0.0,0.0033,0.0002,3042,11.5708
ddos_multi_04__ddos_spoofed_5,1,1789389607.0451872,real,ddos_multi_04,spoofed_flood,generator_ground_truth,docker_multihost,3041,1,-0.0,0.0033,0.0002,3041,11.5703
ddos_multi_04__ddos_spoofed_5,1,1789389607.1851873,real,ddos_multi_04,spoofed_flood,generator_ground_truth,docker_multihost,3041,1,-0.0,0.0033,0.0002,3041,11.5703
ddos_multi_04__ddos_spoofed_5,1,1789389607.3251874,real,ddos_multi_04,spoofed_flood,generator_ground_truth,docker_multihost,3040,1,-0.0,0.0033,0.0002,3040,11.5699
ddos_multi_04__ddos_spoofed_5,1,1789389607.4651875,real,ddos_multi_04,spoofed_flood,generator_ground_truth,docker_multihost,3040,1,-0.0,0.0033,0.0002,3040,11.5699
ddos_multi_04__ddos_spoofed_5,1,1789389607.6051877,real,ddos_multi_04,spoofed_flood,generator_ground_truth,docker_multihost,3041,1,-0.0,0.0033,0.0002,3041,11.5703
ddos_multi_04__ddos_spoofed_5,1,1789389607.7451878,real,ddos_multi_04,spoofed_flood,generator_ground_truth,docker_multihost,3041,1,-0.0,0.0033,0.0002,3041,11.5703
ddos_multi_04__ddos_spoofed_5,1,1789389607.8851879,real,ddos_multi_04,spoofed_flood,generator_ground_truth,docker_multihost,3041,1,-0.0,0.0033,0.0002,3041,11.5703
ddos_multi_04__ddos_spoofed_5,1,1789389608.025188,real,ddos_multi_04,spoofed_flood,generator_ground_truth,docker_multihost,3041,1,-0.0,0.0033,0.0002,3041,11.5703
ddos_multi_04__ddos_spoofed_5,1,1789389608.165188,real,ddos_multi_04,spoofed_flood,generator_ground_truth,docker_multihost,3042,1,-0.0,0.0033,0.0002,3042,11.5708
ddos_multi_04__ddos_spoofed_5,1,1789389608.3051882,real,ddos_multi_04,spoofed_flood,generator_ground_truth,docker_multihost,3042,1,-0.0,0.0033,0.0002,3042,11.5708
ddos_multi_04__ddos_spoofed_5,1,1789389608.4451883,real,ddos_multi_04,spoofed_flood,generator_ground_truth,docker_multihost,3042,1,-0.0,0.0033,0.0002,3042,11.5708
ddos_multi_04__ddos_spoofed_5,1,1789389608.5851884,real,ddos_multi_04,spoofed_flood,generator_ground_truth,docker_multihost,3034,1,-0.0,0.0033,0.0002,3034,11.567
ddos_multi_04__ddos_spoofed_5,1,1789389608.7251885,real,ddos_multi_04,spoofed_flood,generator_ground_truth,docker_multihost,2991,1,-0.0,0.0033,0.0002,2991,11.5464
ddos_multi_04__ddos_spoofed_5,1,1789389608.8651886,real,ddos_multi_04,spoofed_flood,generator_ground_truth,docker_multihost,2949,1,-0.0,0.0033,0.0002,2949,11.526
ddos_multi_04__ddos_spoofed_5,1,1789389609.0051887,real,ddos_multi_04,spoofed_flood,generator_ground_truth,docker_multihost,2909,1,-0.0,0.0033,0.0002,2909,11.5063
ddos_multi_04__benign_udpspoof_6,0,1789389610.4984,real,ddos_multi_04,,generator_ground_truth,docker_multihost,1,1,-0.0,0.0,0.0,1,-0.0
ddos_multi_04__benign_udpspoof_6,0,1789389610.6384,real,ddos_multi_04,,generator_ground_truth,docker_multihost,1,1,-0.0,0.0,0.0,1,-0.0
ddos_multi_04__benign_udpspoof_6,0,1789389610.7784002,real,ddos_multi_04,,generator_ground_truth,docker_multihost,1,1,-0.0,0.0,0.0,1,-0.0
ddos_multi_04__benign_udpspoof_6,0,1789389610.9184003,real,ddos_multi_04,,generator_ground_truth,docker_multihost,1,1,-0.0,0.0,0.0,1,-0.0
ddos_multi_04__benign_udpspoof_6,0,1789389611.0584004,real,ddos_multi_04,,generator_ground_truth,docker_multihost,1,1,-0.0,0.0,0.0,1,-0.0
ddos_multi_04__benign_udpspoof_6,0,1789389611.1984005,real,ddos_multi_04,,generator_ground_truth,docker_multihost,1,1,-0.0,0.0,0.0,1,-0.0
ddos_multi_04__benign_udpspoof_6,0,1789389611.3384006,real,ddos_multi_04,,generator_ground_truth,docker_multihost,1,1,-0.0,0.0,0.0,1,-0.0
ddos_multi_04__benign_udpspoof_6,0,1789389611.4784007,real,ddos_multi_04,,generator_ground_truth,docker_multihost,1,1,-0.0,0.0,0.0,1,-0.0
ddos_multi_04__benign_udpspoof_6,0,1789389611.6184008,real,ddos_multi_04,,generator_ground_truth,docker_multihost,2,2,1.0,1.0844,0.0,1,-0.0
ddos_multi_04__benign_udpspoof_6,0,1789389611.758401,real,ddos_multi_04,,generator_ground_truth,docker_multihost,2,2,1.0,1.0844,0.0,1,-0.0
ddos_multi_04__benign_udpspoof_6,0,1789389611.898401,real,ddos_multi_04,,generator_ground_truth,docker_multihost,2,2,1.0,1.0844,0.0,1,-0.0
ddos_multi_04__benign_udpspoof_6,0,1789389612.0384011,real,ddos_multi_04,,generator_ground_truth,docker_multihost,2,2,1.0,1.0844,0.0,1,-0.0
ddos_multi_04__benign_udpspoof_6,0,1789389612.1784012,real,ddos_multi_04,,generator_ground_truth,docker_multihost,2,2,1.0,1.0844,0.0,1,-0.0
ddos_multi_04__benign_udpspoof_6,0,1789389612.3184013,real,ddos_multi_04,,generator_ground_truth,docker_multihost,2,2,1.0,1.0844,0.0,1,-0.0
ddos_multi_04__benign_udpspoof_6,0,1789389612.4584014,real,ddos_multi_04,,generator_ground_truth,docker_multihost,2,2,1.0,1.0844,0.0,1,-0.0
ddos_multi_04__benign_udpspoof_6,0,1789389612.5984015,real,ddos_multi_04,,generator_ground_truth,docker_multihost,2,2,1.0,1.0844,0.0,1,-0.0
ddos_multi_04__benign_udpspoof_6,0,1789389612.7384017,real,ddos_multi_04,,generator_ground_truth,docker_multihost,2,2,1.0,1.0844,0.0,1,-0.0
ddos_multi_04__benign_udpspoof_6,0,1789389612.8784018,real,ddos_multi_04,,generator_ground_truth,docker_multihost,3,2,0.9183,1.2279,0.1435,1,-0.0
ddos_multi_04__benign_udpspoof_6,0,1789389613.0184019,real,ddos_multi_04,,generator_ground_truth,docker_multihost,3,2,0.9183,1.2279,0.1435,1,-0.0
ddos_multi_04__benign_udpspoof_6,0,1789389613.158402,real,ddos_multi_04,,generator_ground_truth,docker_multihost,3,2,0.9183,1.2279,0.1435,1,-0.0
ddos_multi_04__benign_udpspoof_6,0,1789389613.298402,real,ddos_multi_04,,generator_ground_truth,docker_multihost,3,2,0.9183,1.2279,0.1435,1,-0.0
ddos_multi_04__benign_udpspoof_6,0,1789389613.4384022,real,ddos_multi_04,,generator_ground_truth,docker_multihost,3,2,0.9183,1.2279,0.1435,1,-0.0
ddos_multi_04__benign_udpspoof_6,0,1789389613.5784023,real,ddos_multi_04,,generator_ground_truth,docker_multihost,3,2,0.9183,1.2279,0.1435,1,-0.0
ddos_multi_04__benign_udpspoof_6,0,1789389613.7184024,real,ddos_multi_04,,generator_ground_truth,docker_multihost,3,2,0.9183,1.2279,0.1435,1,-0.0
ddos_multi_04__benign_udpspoof_6,0,1789389613.8584025,real,ddos_multi_04,,generator_ground_truth,docker_multihost,4,2,1.0,1.1197,0.1928,1,-0.0
ddos_multi_04__benign_udpspoof_6,0,1789389613.9984026,real,ddos_multi_04,,generator_ground_truth,docker_multihost,4,2,1.0,1.1197,0.1928,1,-0.0
ddos_multi_04__benign_udpspoof_6,0,1789389614.1384027,real,ddos_multi_04,,generator_ground_truth,docker_multihost,4,2,1.0,1.1197,0.1928,1,-0.0
ddos_multi_04__benign_udpspoof_6,0,1789389614.2784028,real,ddos_multi_04,,generator_ground_truth,docker_multihost,4,2,1.0,1.1197,0.1928,1,-0.0
ddos_multi_04__benign_udpspoof_6,0,1789389614.418403,real,ddos_multi_04,,generator_ground_truth,docker_multihost,4,2,1.0,1.1197,0.1928,1,-0.0
ddos_multi_04__benign_udpspoof_6,0,1789389614.558403,real,ddos_multi_04,,generator_ground_truth,docker_multihost,4,2,1.0,1.1197,0.1928,1,-0.0
ddos_multi_04__benign_udpspoof_6,0,1789389614.6984031,real,ddos_multi_04,,generator_ground_truth,docker_multihost,5,2,0.971,1.0654,0.1916,1,-0.0
ddos_multi_04__benign_udpspoof_6,0,1789389614.8384032,real,ddos_multi_04,,generator_ground_truth,docker_multihost,5,2,0.971,1.0654,0.1916,1,-0.0
ddos_multi_04__benign_udpspoof_6,0,1789389614.9784033,real,ddos_multi_04,,generator_ground_truth,docker_multihost,5,2,0.971,1.0654,0.1916,1,-0.0
ddos_multi_04__benign_udpspoof_6,0,1789389615.1184034,real,ddos_multi_04,,generator_ground_truth,docker_multihost,5,2,0.971,1.0654,0.1916,1,-0.0
ddos_multi_04__benign_udpspoof_6,0,1789389615.2584035,real,ddos_multi_04,,generator_ground_truth,docker_multihost,5,2,0.971,1.0654,0.1916,1,-0.0
ddos_multi_04__benign_udpspoof_6,0,1789389615.3984036,real,ddos_multi_04,,generator_ground_truth,docker_multihost,5,2,0.971,1.0654,0.1916,1,-0.0
ddos_multi_04__benign_udpspoof_6,0,1789389615.5384037,real,ddos_multi_04,,generator_ground_truth,docker_multihost,5,2,0.971,1.0654,0.1916,1,-0.0
ddos_multi_04__benign_udpspoof_6,0,1789389615.6784039,real,ddos_multi_04,,generator_ground_truth,docker_multihost,5,2,0.971,1.0654,0.1916,1,-0.0
ddos_multi_04__benign_udpspoof_6,0,1789389615.818404,real,ddos_multi_04,,generator_ground_truth,docker_multihost,6,2,1.0,1.0801,0.1739,1,-0.0
ddos_multi_04__benign_udpspoof_6,0,1789389615.958404,real,ddos_multi_04,,generator_ground_truth,docker_multihost,6,2,1.0,1.0801,0.1739,1,-0.0
ddos_multi_04__benign_udpspoof_6,0,1789389616.0984042,real,ddos_multi_04,,generator_ground_truth,docker_multihost,6,2,1.0,1.0801,0.1739,1,-0.0
ddos_multi_04__benign_udpspoof_6,0,1789389616.2384043,real,ddos_multi_04,,generator_ground_truth,docker_multihost,6,2,1.0,1.0801,0.1739,1,-0.0
ddos_multi_04__benign_udpspoof_6,0,1789389616.3784044,real,ddos_multi_04,,generator_ground_truth,docker_multihost,6,2,1.0,1.0801,0.1739,1,-0.0
ddos_multi_04__benign_udpspoof_6,0,1789389616.5184045,real,ddos_multi_04,,generator_ground_truth,docker_multihost,6,2,1.0,1.0801,0.1739,1,-0.0
ddos_multi_04__benign_udpspoof_6,0,1789389616.6584046,real,ddos_multi_04,,generator_ground_truth,docker_multihost,6,2,1.0,1.0801,0.1739,1,-0.0
ddos_multi_04__benign_udpspoof_6,0,1789389616.7984047,real,ddos_multi_04,,generator_ground_truth,docker_multihost,6,2,1.0,1.0801,0.1739,1,-0.0
ddos_multi_04__benign_udpspoof_6,0,1789389616.9384048,real,ddos_multi_04,,generator_ground_truth,docker_multihost,6,2,1.0,1.0801,0.1739,1,-0.0
ddos_multi_04__benign_udpspoof_6,0,1789389617.078405,real,ddos_multi_04,,generator_ground_truth,docker_multihost,6,2,1.0,1.0801,0.1739,1,-0.0
ddos_multi_04__benign_udpspoof_6,0,1789389617.218405,real,ddos_multi_04,,generator_ground_truth,docker_multihost,7,2,0.9852,1.1253,0.1882,1,-0.0
ddos_multi_04__benign_udpspoof_6,0,1789389617.358405,real,ddos_multi_04,,generator_ground_truth,docker_multihost,7,2,0.9852,1.1253,0.1882,1,-0.0
ddos_multi_04__benign_udpspoof_6,0,1789389617.4984052,real,ddos_multi_04,,generator_ground_truth,docker_multihost,7,2,0.9852,1.1253,0.1882,1,-0.0
ddos_multi_04__benign_udpspoof_6,0,1789389617.6384053,real,ddos_multi_04,,generator_ground_truth,docker_multihost,7,2,0.9852,1.1253,0.1882,1,-0.0
ddos_multi_04__benign_udpspoof_6,0,1789389617.7784054,real,ddos_multi_04,,generator_ground_truth,docker_multihost,7,2,0.9852,1.1253,0.1882,1,-0.0
ddos_multi_04__benign_udpspoof_6,0,1789389617.9184055,real,ddos_multi_04,,generator_ground_truth,docker_multihost,7,2,0.9852,1.1253,0.1882,1,-0.0
ddos_multi_04__benign_udpspoof_6,0,1789389618.0584056,real,ddos_multi_04,,generator_ground_truth,docker_multihost,7,2,0.9852,1.1253,0.1882,1,-0.0
ddos_multi_04__benign_udpspoof_6,0,1789389618.1984057,real,ddos_multi_04,,generator_ground_truth,docker_multihost,7,2,0.9852,1.1253,0.1882,1,-0.0
ddos_multi_04__benign_udpspoof_6,0,1789389618.3384058,real,ddos_multi_04,,generator_ground_truth,docker_multihost,7,2,0.9852,1.1253,0.1882,1,-0.0
ddos_multi_04__benign_udpspoof_6,0,1789389618.478406,real,ddos_multi_04,,generator_ground_truth,docker_multihost,8,2,1.0,1.1505,0.1848,1,-0.0
ddos_multi_04__benign_udpspoof_6,0,1789389618.618406,real,ddos_multi_04,,generator_ground_truth,docker_multihost,8,2,1.0,1.1505,0.1848,1,-0.0
ddos_multi_04__benign_udpspoof_6,0,1789389618.7584062,real,ddos_multi_04,,generator_ground_truth,docker_multihost,8,2,1.0,1.1505,0.1848,1,-0.0
ddos_multi_04__benign_udpspoof_6,0,1789389618.8984063,real,ddos_multi_04,,generator_ground_truth,docker_multihost,8,2,1.0,1.1505,0.1848,1,-0.0
ddos_multi_04__benign_udpspoof_6,0,1789389619.0384064,real,ddos_multi_04,,generator_ground_truth,docker_multihost,8,2,1.0,1.1505,0.1848,1,-0.0
ddos_multi_04__benign_udpspoof_6,0,1789389619.1784065,real,ddos_multi_04,,generator_ground_truth,docker_multihost,8,2,1.0,1.1505,0.1848,1,-0.0
ddos_multi_04__benign_udpspoof_6,0,1789389619.3184066,real,ddos_multi_04,,generator_ground_truth,docker_multihost,8,2,1.0,1.1505,0.1848,1,-0.0
ddos_multi_04__benign_udpspoof_6,0,1789389619.4584067,real,ddos_multi_04,,generator_ground_truth,docker_multihost,8,2,1.0,1.1505,0.1848,1,-0.0
ddos_multi_04__benign_udpspoof_6,0,1789389619.5984068,real,ddos_multi_04,,generator_ground_truth,docker_multihost,8,2,1.0,1.1505,0.1848,1,-0.0
ddos_multi_04__benign_udpspoof_6,0,1789389619.738407,real,ddos_multi_04,,generator_ground_truth,docker_multihost,8,2,1.0,1.1505,0.1848,1,-0.0
ddos_multi_04__benign_udpspoof_6,0,1789389619.878407,real,ddos_multi_04,,generator_ground_truth,docker_multihost,8,2,1.0,1.1505,0.1848,1,-0.0
ddos_multi_04__benign_udpspoof_6,0,1789389620.018407,real,ddos_multi_04,,generator_ground_truth,docker_multihost,9,2,0.9911,1.1928,0.206,1,-0.0
ddos_multi_04__benign_udpspoof_6,0,1789389620.1584072,real,ddos_multi_04,,generator_ground_truth,docker_multihost,9,2,0.9911,1.1928,0.206,1,-0.0
ddos_multi_04__benign_udpspoof_6,0,1789389620.2984073,real,ddos_multi_04,,generator_ground_truth,docker_multihost,9,2,0.9911,1.1928,0.206,1,-0.0
ddos_multi_04__benign_udpspoof_6,0,1789389620.4384074,real,ddos_multi_04,,generator_ground_truth,docker_multihost,8,2,1.0,1.2083,0.2158,1,-0.0
ddos_multi_04__benign_udpspoof_6,0,1789389620.5784075,real,ddos_multi_04,,generator_ground_truth,docker_multihost,9,2,0.9911,1.1276,0.2938,1,-0.0
ddos_multi_04__benign_udpspoof_6,0,1789389620.7184076,real,ddos_multi_04,,generator_ground_truth,docker_multihost,9,2,0.9911,1.1276,0.2938,1,-0.0
ddos_multi_04__benign_udpspoof_6,0,1789389620.8584077,real,ddos_multi_04,,generator_ground_truth,docker_multihost,9,2,0.9911,1.1276,0.2938,1,-0.0
ddos_multi_04__benign_udpspoof_6,0,1789389620.9984078,real,ddos_multi_04,,generator_ground_truth,docker_multihost,9,2,0.9911,1.1276,0.2938,1,-0.0
ddos_multi_04__benign_udpspoof_6,0,1789389621.138408,real,ddos_multi_04,,generator_ground_truth,docker_multihost,9,2,0.9911,1.1276,0.2938,1,-0.0
ddos_multi_04__benign_udpspoof_6,0,1789389621.278408,real,ddos_multi_04,,generator_ground_truth,docker_multihost,9,2,0.9911,1.1276,0.2938,1,-0.0
ddos_multi_04__benign_udpspoof_6,0,1789389621.4184082,real,ddos_multi_04,,generator_ground_truth,docker_multihost,9,2,0.9911,1.1276,0.2938,1,-0.0
ddos_multi_04__benign_udpspoof_6,0,1789389621.5584083,real,ddos_multi_04,,generator_ground_truth,docker_multihost,9,2,0.9911,1.0851,0.2797,1,-0.0
ddos_multi_04__benign_udpspoof_6,0,1789389621.6984084,real,ddos_multi_04,,generator_ground_truth,docker_multihost,9,2,0.9911,1.0851,0.2797,1,-0.0
ddos_multi_04__benign_udpspoof_6,0,1789389621.8384085,real,ddos_multi_04,,generator_ground_truth,docker_multihost,9,2,0.9911,1.0851,0.2797,1,-0.0
ddos_multi_04__benign_udpspoof_6,0,1789389621.9784086,real,ddos_multi_04,,generator_ground_truth,docker_multihost,9,2,0.9911,1.0851,0.2797,1,-0.0
ddos_multi_04__benign_udpspoof_6,0,1789389622.1184087,real,ddos_multi_04,,generator_ground_truth,docker_multihost,9,2,0.9911,1.0851,0.2797,1,-0.0
ddos_multi_04__benign_udpspoof_6,0,1789389622.2584088,real,ddos_multi_04,,generator_ground_truth,docker_multihost,9,2,0.9911,1.0851,0.2797,1,-0.0
ddos_multi_04__benign_udpspoof_6,0,1789389622.398409,real,ddos_multi_04,,generator_ground_truth,docker_multihost,9,2,0.9911,1.0851,0.2797,1,-0.0
ddos_multi_04__benign_udpspoof_6,0,1789389622.538409,real,ddos_multi_04,,generator_ground_truth,docker_multihost,10,2,1.0,1.0605,0.2727,1,-0.0
ddos_multi_04__benign_udpspoof_6,0,1789389622.678409,real,ddos_multi_04,,generator_ground_truth,docker_multihost,10,2,1.0,1.0605,0.2727,1,-0.0
ddos_multi_04__benign_udpspoof_6,0,1789389622.8184092,real,ddos_multi_04,,generator_ground_truth,docker_multihost,10,2,1.0,1.0605,0.2727,1,-0.0
ddos_multi_04__benign_udpspoof_6,0,1789389622.9584093,real,ddos_multi_04,,generator_ground_truth,docker_multihost,9,2,0.9911,1.0802,0.2832,1,-0.0
ddos_multi_04__benign_udpspoof_6,0,1789389623.0984094,real,ddos_multi_04,,generator_ground_truth,docker_multihost,9,2,0.9911,1.0802,0.2832,1,-0.0
ddos_multi_04__benign_udpspoof_6,0,1789389623.2384095,real,ddos_multi_04,,generator_ground_truth,docker_multihost,9,2,0.9911,1.0802,0.2832,1,-0.0
ddos_multi_04__benign_udpspoof_6,0,1789389623.3784096,real,ddos_multi_04,,generator_ground_truth,docker_multihost,10,2,1.0,1.0563,0.2754,1,-0.0
ddos_multi_04__benign_udpspoof_6,0,1789389623.5184097,real,ddos_multi_04,,generator_ground_truth,docker_multihost,10,2,1.0,1.0563,0.2754,1,-0.0
ddos_multi_04__benign_udpspoof_6,0,1789389623.6584098,real,ddos_multi_04,,generator_ground_truth,docker_multihost,10,2,1.0,1.0563,0.2754,1,-0.0
ddos_multi_04__benign_udpspoof_6,0,1789389623.79841,real,ddos_multi_04,,generator_ground_truth,docker_multihost,9,2,0.9911,1.0755,0.2864,1,-0.0
ddos_multi_04__benign_udpspoof_6,0,1789389623.93841,real,ddos_multi_04,,generator_ground_truth,docker_multihost,9,2,0.9911,1.0755,0.2864,1,-0.0
ddos_multi_04__benign_udpspoof_6,0,1789389624.0784101,real,ddos_multi_04,,generator_ground_truth,docker_multihost,9,2,0.9911,1.0755,0.2864,1,-0.0
ddos_multi_04__benign_udpspoof_6,0,1789389624.2184103,real,ddos_multi_04,,generator_ground_truth,docker_multihost,10,2,1.0,1.0462,0.2825,1,-0.0
ddos_multi_04__benign_udpspoof_6,0,1789389624.3584104,real,ddos_multi_04,,generator_ground_truth,docker_multihost,10,2,1.0,1.0462,0.2825,1,-0.0
ddos_multi_04__benign_udpspoof_6,0,1789389624.4984105,real,ddos_multi_04,,generator_ground_truth,docker_multihost,10,2,1.0,1.0462,0.2825,1,-0.0
ddos_multi_04__benign_udpspoof_6,0,1789389624.6384106,real,ddos_multi_04,,generator_ground_truth,docker_multihost,10,2,1.0,1.0462,0.2825,1,-0.0
ddos_multi_04__benign_udpspoof_6,0,1789389624.7784107,real,ddos_multi_04,,generator_ground_truth,docker_multihost,9,2,0.9911,1.0345,0.2976,1,-0.0
ddos_multi_04__benign_udpspoof_6,0,1789389624.9184108,real,ddos_multi_04,,generator_ground_truth,docker_multihost,9,2,0.9911,1.0345,0.2976,1,-0.0
ddos_multi_04__benign_udpspoof_6,0,1789389625.058411,real,ddos_multi_04,,generator_ground_truth,docker_multihost,9,2,0.9911,1.0345,0.2976,1,-0.0
ddos_multi_04__benign_udpspoof_6,0,1789389625.198411,real,ddos_multi_04,,generator_ground_truth,docker_multihost,10,2,1.0,1.041,0.2812,1,-0.0
ddos_multi_04__benign_udpspoof_6,0,1789389625.338411,real,ddos_multi_04,,generator_ground_truth,docker_multihost,10,2,1.0,1.041,0.2812,1,-0.0
ddos_multi_04__benign_udpspoof_6,0,1789389625.4784112,real,ddos_multi_04,,generator_ground_truth,docker_multihost,10,2,1.0,1.041,0.2812,1,-0.0
ddos_multi_04__benign_udpspoof_6,0,1789389625.6184113,real,ddos_multi_04,,generator_ground_truth,docker_multihost,10,2,1.0,1.041,0.2812,1,-0.0
ddos_multi_04__benign_udpspoof_6,0,1789389625.7584114,real,ddos_multi_04,,generator_ground_truth,docker_multihost,10,2,1.0,1.041,0.2812,1,-0.0
ddos_multi_04__benign_udpspoof_6,0,1789389625.8984115,real,ddos_multi_04,,generator_ground_truth,docker_multihost,9,2,0.9911,1.0022,0.2746,1,-0.0
ddos_multi_04__benign_udpspoof_6,0,1789389626.0384116,real,ddos_multi_04,,generator_ground_truth,docker_multihost,9,2,0.9911,1.0022,0.2746,1,-0.0
ddos_multi_04__benign_udpspoof_6,0,1789389626.1784117,real,ddos_multi_04,,generator_ground_truth,docker_multihost,9,2,0.9911,1.0022,0.2746,1,-0.0
ddos_multi_04__benign_udpspoof_6,0,1789389626.3184118,real,ddos_multi_04,,generator_ground_truth,docker_multihost,9,2,0.9911,1.0022,0.2746,1,-0.0
ddos_multi_04__benign_udpspoof_6,0,1789389626.458412,real,ddos_multi_04,,generator_ground_truth,docker_multihost,10,2,1.0,1.0308,0.2712,1,-0.0
ddos_multi_04__benign_udpspoof_6,0,1789389626.598412,real,ddos_multi_04,,generator_ground_truth,docker_multihost,10,2,1.0,1.0308,0.2712,1,-0.0
ddos_multi_04__benign_udpspoof_6,0,1789389626.7384121,real,ddos_multi_04,,generator_ground_truth,docker_multihost,10,2,1.0,1.0308,0.2712,1,-0.0
ddos_multi_04__benign_udpspoof_6,0,1789389626.8784122,real,ddos_multi_04,,generator_ground_truth,docker_multihost,10,2,1.0,1.0308,0.2712,1,-0.0
ddos_multi_04__benign_udpspoof_6,0,1789389627.0184124,real,ddos_multi_04,,generator_ground_truth,docker_multihost,10,2,1.0,1.0308,0.2712,1,-0.0
ddos_multi_04__ddos_spoofed_6,1,1789389628.2435205,real,ddos_multi_04,spoofed_flood,generator_ground_truth,docker_multihost,42,1,-0.0,0.0034,0.0,42,5.3923
ddos_multi_04__ddos_spoofed_6,1,1789389628.3835206,real,ddos_multi_04,spoofed_flood,generator_ground_truth,docker_multihost,83,1,-0.0,0.0034,0.0,83,6.375
ddos_multi_04__ddos_spoofed_6,1,1789389628.5235207,real,ddos_multi_04,spoofed_flood,generator_ground_truth,docker_multihost,125,1,-0.0,0.0034,0.0,125,6.9658
ddos_multi_04__ddos_spoofed_6,1,1789389628.6635208,real,ddos_multi_04,spoofed_flood,generator_ground_truth,docker_multihost,166,1,-0.0,0.0034,0.0,166,7.375
ddos_multi_04__ddos_spoofed_6,1,1789389628.803521,real,ddos_multi_04,spoofed_flood,generator_ground_truth,docker_multihost,208,1,-0.0,0.0034,0.0,208,7.7004
ddos_multi_04__ddos_spoofed_6,1,1789389628.943521,real,ddos_multi_04,spoofed_flood,generator_ground_truth,docker_multihost,250,1,-0.0,0.0034,0.0,250,7.9658
ddos_multi_04__ddos_spoofed_6,1,1789389629.0835211,real,ddos_multi_04,spoofed_flood,generator_ground_truth,docker_multihost,291,1,-0.0,0.0034,0.0,291,8.1849
ddos_multi_04__ddos_spoofed_6,1,1789389629.2235212,real,ddos_multi_04,spoofed_flood,generator_ground_truth,docker_multihost,332,1,-0.0,0.0034,0.0001,332,8.375
ddos_multi_04__ddos_spoofed_6,1,1789389629.3635213,real,ddos_multi_04,spoofed_flood,generator_ground_truth,docker_multihost,374,1,-0.0,0.0034,0.0001,374,8.5469
ddos_multi_04__ddos_spoofed_6,1,1789389629.5035214,real,ddos_multi_04,spoofed_flood,generator_ground_truth,docker_multihost,415,1,-0.0,0.0034,0.0001,415,8.697
ddos_multi_04__ddos_spoofed_6,1,1789389629.6435215,real,ddos_multi_04,spoofed_flood,generator_ground_truth,docker_multihost,457,1,-0.0,0.0034,0.0001,457,8.8361
ddos_multi_04__ddos_spoofed_6,1,1789389629.7835217,real,ddos_multi_04,spoofed_flood,generator_ground_truth,docker_multihost,498,1,-0.0,0.0034,0.0,498,8.96
ddos_multi_04__ddos_spoofed_6,1,1789389629.9235218,real,ddos_multi_04,spoofed_flood,generator_ground_truth,docker_multihost,538,1,-0.0,0.0034,0.0002,538,9.0715
ddos_multi_04__ddos_spoofed_6,1,1789389630.0635219,real,ddos_multi_04,spoofed_flood,generator_ground_truth,docker_multihost,579,1,-0.0,0.0034,0.0002,579,9.1774
ddos_multi_04__ddos_spoofed_6,1,1789389630.203522,real,ddos_multi_04,spoofed_flood,generator_ground_truth,docker_multihost,620,1,-0.0,0.0034,0.0002,620,9.2761
ddos_multi_04__ddos_spoofed_6,1,1789389630.343522,real,ddos_multi_04,spoofed_flood,generator_ground_truth,docker_multihost,661,1,-0.0,0.0034,0.0002,661,9.3685
ddos_multi_04__ddos_spoofed_6,1,1789389630.4835222,real,ddos_multi_04,spoofed_flood,generator_ground_truth,docker_multihost,702,1,-0.0,0.0034,0.0001,702,9.4553
ddos_multi_04__ddos_spoofed_6,1,1789389630.6235223,real,ddos_multi_04,spoofed_flood,generator_ground_truth,docker_multihost,743,1,-0.0,0.0034,0.0001,743,9.5372
ddos_multi_04__ddos_spoofed_6,1,1789389630.7635224,real,ddos_multi_04,spoofed_flood,generator_ground_truth,docker_multihost,784,1,-0.0,0.0034,0.0001,784,9.6147
ddos_multi_04__ddos_spoofed_6,1,1789389630.9035225,real,ddos_multi_04,spoofed_flood,generator_ground_truth,docker_multihost,824,1,-0.0,0.0034,0.0002,824,9.6865
ddos_multi_04__ddos_spoofed_6,1,1789389631.0435226,real,ddos_multi_04,spoofed_flood,generator_ground_truth,docker_multihost,864,1,-0.0,0.0034,0.0002,864,9.7549
ddos_multi_04__ddos_spoofed_6,1,1789389631.1835227,real,ddos_multi_04,spoofed_flood,generator_ground_truth,docker_multihost,905,1,-0.0,0.0034,0.0002,905,9.8218
ddos_multi_04__ddos_spoofed_6,1,1789389631.3235228,real,ddos_multi_04,spoofed_flood,generator_ground_truth,docker_multihost,945,1,-0.0,0.0034,0.0002,945,9.8842
ddos_multi_04__ddos_spoofed_6,1,1789389631.463523,real,ddos_multi_04,spoofed_flood,generator_ground_truth,docker_multihost,986,1,-0.0,0.0034,0.0002,986,9.9454
ddos_multi_04__ddos_spoofed_6,1,1789389631.603523,real,ddos_multi_04,spoofed_flood,generator_ground_truth,docker_multihost,1028,1,-0.0,0.0034,0.0002,1028,10.0056
ddos_multi_04__ddos_spoofed_6,1,1789389631.7435231,real,ddos_multi_04,spoofed_flood,generator_ground_truth,docker_multihost,1068,1,-0.0,0.0034,0.0002,1068,10.0607
ddos_multi_04__ddos_spoofed_6,1,1789389631.8835232,real,ddos_multi_04,spoofed_flood,generator_ground_truth,docker_multihost,1110,1,-0.0,0.0034,0.0002,1110,10.1163
ddos_multi_04__ddos_spoofed_6,1,1789389632.0235233,real,ddos_multi_04,spoofed_flood,generator_ground_truth,docker_multihost,1151,1,-0.0,0.0034,0.0002,1151,10.1687
ddos_multi_04__ddos_spoofed_6,1,1789389632.1635234,real,ddos_multi_04,spoofed_flood,generator_ground_truth,docker_multihost,1193,1,-0.0,0.0034,0.0002,1193,10.2204
ddos_multi_04__ddos_spoofed_6,1,1789389632.3035235,real,ddos_multi_04,spoofed_flood,generator_ground_truth,docker_multihost,1234,1,-0.0,0.0034,0.0002,1234,10.2691
ddos_multi_04__ddos_spoofed_6,1,1789389632.4435236,real,ddos_multi_04,spoofed_flood,generator_ground_truth,docker_multihost,1275,1,-0.0,0.0034,0.0002,1275,10.3163
ddos_multi_04__ddos_spoofed_6,1,1789389632.5835238,real,ddos_multi_04,spoofed_flood,generator_ground_truth,docker_multihost,1315,1,-0.0,0.0034,0.0002,1315,10.3608
ddos_multi_04__ddos_spoofed_6,1,1789389632.7235239,real,ddos_multi_04,spoofed_flood,generator_ground_truth,docker_multihost,1356,1,-0.0,0.0034,0.0002,1356,10.4051
ddos_multi_04__ddos_spoofed_6,1,1789389632.863524,real,ddos_multi_04,spoofed_flood,generator_ground_truth,docker_multihost,1397,1,-0.0,0.0034,0.0002,1397,10.4481
ddos_multi_04__ddos_spoofed_6,1,1789389633.003524,real,ddos_multi_04,spoofed_flood,generator_ground_truth,docker_multihost,1439,1,-0.0,0.0034,0.0002,1439,10.4909
ddos_multi_04__ddos_spoofed_6,1,1789389633.1435242,real,ddos_multi_04,spoofed_flood,generator_ground_truth,docker_multihost,1480,1,-0.0,0.0034,0.0002,1480,10.5314
ddos_multi_04__ddos_spoofed_6,1,1789389633.2835243,real,ddos_multi_04,spoofed_flood,generator_ground_truth,docker_multihost,1522,1,-0.0,0.0034,0.0002,1522,10.5718
ddos_multi_04__ddos_spoofed_6,1,1789389633.4235244,real,ddos_multi_04,spoofed_flood,generator_ground_truth,docker_multihost,1564,1,-0.0,0.0034,0.0002,1564,10.611
ddos_multi_04__ddos_spoofed_6,1,1789389633.5635245,real,ddos_multi_04,spoofed_flood,generator_ground_truth,docker_multihost,1605,1,-0.0,0.0034,0.0002,1605,10.6484
ddos_multi_04__ddos_spoofed_6,1,1789389633.7035246,real,ddos_multi_04,spoofed_flood,generator_ground_truth,docker_multihost,1647,1,-0.0,0.0034,0.0002,1647,10.6856
ddos_multi_04__ddos_spoofed_6,1,1789389633.8435247,real,ddos_multi_04,spoofed_flood,generator_ground_truth,docker_multihost,1689,1,-0.0,0.0034,0.0002,1689,10.722
ddos_multi_04__ddos_spoofed_6,1,1789389633.9835248,real,ddos_multi_04,spoofed_flood,generator_ground_truth,docker_multihost,1731,1,-0.0,0.0034,0.0002,1731,10.7574
ddos_multi_04__ddos_spoofed_6,1,1789389634.123525,real,ddos_multi_04,spoofed_flood,generator_ground_truth,docker_multihost,1773,1,-0.0,0.0034,0.0002,1773,10.792
ddos_multi_04__ddos_spoofed_6,1,1789389634.263525,real,ddos_multi_04,spoofed_flood,generator_ground_truth,docker_multihost,1814,1,-0.0,0.0034,0.0002,1814,10.825
ddos_multi_04__ddos_spoofed_6,1,1789389634.403525,real,ddos_multi_04,spoofed_flood,generator_ground_truth,docker_multihost,1855,1,-0.0,0.0034,0.0002,1855,10.8572
ddos_multi_04__ddos_spoofed_6,1,1789389634.5435252,real,ddos_multi_04,spoofed_flood,generator_ground_truth,docker_multihost,1897,1,-0.0,0.0034,0.0002,1897,10.8895
ddos_multi_04__ddos_spoofed_6,1,1789389634.6835253,real,ddos_multi_04,spoofed_flood,generator_ground_truth,docker_multihost,1939,1,-0.0,0.0034,0.0002,1939,10.9211
ddos_multi_04__ddos_spoofed_6,1,1789389634.8235254,real,ddos_multi_04,spoofed_flood,generator_ground_truth,docker_multihost,1980,1,-0.0,0.0034,0.0002,1980,10.9513
ddos_multi_04__ddos_spoofed_6,1,1789389634.9635255,real,ddos_multi_04,spoofed_flood,generator_ground_truth,docker_multihost,2020,1,-0.0,0.0034,0.0002,2020,10.9801
ddos_multi_04__ddos_spoofed_6,1,1789389635.1035256,real,ddos_multi_04,spoofed_flood,generator_ground_truth,docker_multihost,2062,1,-0.0,0.0034,0.0001,2062,11.0098
ddos_multi_04__ddos_spoofed_6,1,1789389635.2435257,real,ddos_multi_04,spoofed_flood,generator_ground_truth,docker_multihost,2102,1,-0.0,0.0034,0.0002,2102,11.0375
ddos_multi_04__ddos_spoofed_6,1,1789389635.3835258,real,ddos_multi_04,spoofed_flood,generator_ground_truth,docker_multihost,2143,1,-0.0,0.0034,0.0002,2143,11.0654
ddos_multi_04__ddos_spoofed_6,1,1789389635.523526,real,ddos_multi_04,spoofed_flood,generator_ground_truth,docker_multihost,2182,1,-0.0,0.0034,0.0002,2182,11.0914
ddos_multi_04__ddos_spoofed_6,1,1789389635.663526,real,ddos_multi_04,spoofed_flood,generator_ground_truth,docker_multihost,2224,1,-0.0,0.0034,0.0002,2224,11.1189
ddos_multi_04__ddos_spoofed_6,1,1789389635.8035262,real,ddos_multi_04,spoofed_flood,generator_ground_truth,docker_multihost,2265,1,-0.0,0.0034,0.0002,2265,11.1453
ddos_multi_04__ddos_spoofed_6,1,1789389635.9435263,real,ddos_multi_04,spoofed_flood,generator_ground_truth,docker_multihost,2307,1,-0.0,0.0034,0.0002,2307,11.1718
ddos_multi_04__ddos_spoofed_6,1,1789389636.0835264,real,ddos_multi_04,spoofed_flood,generator_ground_truth,docker_multihost,2348,1,-0.0,0.0034,0.0002,2348,11.1972
ddos_multi_04__ddos_spoofed_6,1,1789389636.2235265,real,ddos_multi_04,spoofed_flood,generator_ground_truth,docker_multihost,2390,1,-0.0,0.0034,0.0002,2390,11.2228
ddos_multi_04__ddos_spoofed_6,1,1789389636.3635266,real,ddos_multi_04,spoofed_flood,generator_ground_truth,docker_multihost,2431,1,-0.0,0.0034,0.0002,2431,11.2473
ddos_multi_04__ddos_spoofed_6,1,1789389636.5035267,real,ddos_multi_04,spoofed_flood,generator_ground_truth,docker_multihost,2472,1,-0.0,0.0034,0.0002,2472,11.2715
ddos_multi_04__ddos_spoofed_6,1,1789389636.6435268,real,ddos_multi_04,spoofed_flood,generator_ground_truth,docker_multihost,2513,1,-0.0,0.0034,0.0002,2513,11.2952
ddos_multi_04__ddos_spoofed_6,1,1789389636.783527,real,ddos_multi_04,spoofed_flood,generator_ground_truth,docker_multihost,2554,1,-0.0,0.0034,0.0002,2554,11.3185
ddos_multi_04__ddos_spoofed_6,1,1789389636.923527,real,ddos_multi_04,spoofed_flood,generator_ground_truth,docker_multihost,2568,1,-0.0,0.0034,0.0002,2568,11.3264
ddos_multi_04__ddos_spoofed_6,1,1789389637.063527,real,ddos_multi_04,spoofed_flood,generator_ground_truth,docker_multihost,2568,1,-0.0,0.0034,0.0002,2568,11.3264
ddos_multi_04__ddos_spoofed_6,1,1789389637.2035272,real,ddos_multi_04,spoofed_flood,generator_ground_truth,docker_multihost,2568,1,-0.0,0.0034,0.0002,2568,11.3264
ddos_multi_04__ddos_spoofed_6,1,1789389637.3435273,real,ddos_multi_04,spoofed_flood,generator_ground_truth,docker_multihost,2568,1,-0.0,0.0034,0.0002,2568,11.3264
ddos_multi_04__benign_udpspoof_7,0,1789389639.1877673,real,ddos_multi_04,,generator_ground_truth,docker_multihost,1,1,-0.0,0.0,0.0,1,-0.0
ddos_multi_04__benign_udpspoof_7,0,1789389639.3277674,real,ddos_multi_04,,generator_ground_truth,docker_multihost,1,1,-0.0,0.0,0.0,1,-0.0
ddos_multi_04__benign_udpspoof_7,0,1789389639.4677675,real,ddos_multi_04,,generator_ground_truth,docker_multihost,1,1,-0.0,0.0,0.0,1,-0.0
ddos_multi_04__benign_udpspoof_7,0,1789389639.6077676,real,ddos_multi_04,,generator_ground_truth,docker_multihost,1,1,-0.0,0.0,0.0,1,-0.0
ddos_multi_04__benign_udpspoof_7,0,1789389639.7477677,real,ddos_multi_04,,generator_ground_truth,docker_multihost,1,1,-0.0,0.0,0.0,1,-0.0
ddos_multi_04__benign_udpspoof_7,0,1789389639.8877678,real,ddos_multi_04,,generator_ground_truth,docker_multihost,1,1,-0.0,0.0,0.0,1,-0.0
ddos_multi_04__benign_udpspoof_7,0,1789389640.027768,real,ddos_multi_04,,generator_ground_truth,docker_multihost,1,1,-0.0,0.0,0.0,1,-0.0
ddos_multi_04__benign_udpspoof_7,0,1789389640.167768,real,ddos_multi_04,,generator_ground_truth,docker_multihost,1,1,-0.0,0.0,0.0,1,-0.0
ddos_multi_04__benign_udpspoof_7,0,1789389640.307768,real,ddos_multi_04,,generator_ground_truth,docker_multihost,1,1,-0.0,0.0,0.0,1,-0.0
ddos_multi_04__benign_udpspoof_7,0,1789389640.4477682,real,ddos_multi_04,,generator_ground_truth,docker_multihost,1,1,-0.0,0.0,0.0,1,-0.0
ddos_multi_04__benign_udpspoof_7,0,1789389640.5877683,real,ddos_multi_04,,generator_ground_truth,docker_multihost,2,2,1.0,1.4165,0.0,1,-0.0
ddos_multi_04__benign_udpspoof_7,0,1789389640.7277684,real,ddos_multi_04,,generator_ground_truth,docker_multihost,2,2,1.0,1.4165,0.0,1,-0.0
ddos_multi_04__benign_udpspoof_7,0,1789389640.8677685,real,ddos_multi_04,,generator_ground_truth,docker_multihost,2,2,1.0,1.4165,0.0,1,-0.0
ddos_multi_04__benign_udpspoof_7,0,1789389641.0077686,real,ddos_multi_04,,generator_ground_truth,docker_multihost,2,2,1.0,1.4165,0.0,1,-0.0
ddos_multi_04__benign_udpspoof_7,0,1789389641.1477687,real,ddos_multi_04,,generator_ground_truth,docker_multihost,2,2,1.0,1.4165,0.0,1,-0.0
ddos_multi_04__benign_udpspoof_7,0,1789389641.2877688,real,ddos_multi_04,,generator_ground_truth,docker_multihost,2,2,1.0,1.4165,0.0,1,-0.0
ddos_multi_04__benign_udpspoof_7,0,1789389641.427769,real,ddos_multi_04,,generator_ground_truth,docker_multihost,2,2,1.0,1.4165,0.0,1,-0.0
ddos_multi_04__benign_udpspoof_7,0,1789389641.567769,real,ddos_multi_04,,generator_ground_truth,docker_multihost,2,2,1.0,1.4165,0.0,1,-0.0
ddos_multi_04__benign_udpspoof_7,0,1789389641.7077692,real,ddos_multi_04,,generator_ground_truth,docker_multihost,2,2,1.0,1.4165,0.0,1,-0.0
ddos_multi_04__benign_udpspoof_7,0,1789389641.8477693,real,ddos_multi_04,,generator_ground_truth,docker_multihost,2,2,1.0,1.4165,0.0,1,-0.0
ddos_multi_04__benign_udpspoof_7,0,1789389641.9877694,real,ddos_multi_04,,generator_ground_truth,docker_multihost,3,3,1.585,1.357,0.0595,1,-0.0
ddos_multi_04__benign_udpspoof_7,0,1789389642.1277695,real,ddos_multi_04,,generator_ground_truth,docker_multihost,3,3,1.585,1.357,0.0595,1,-0.0
ddos_multi_04__benign_udpspoof_7,0,1789389642.2677696,real,ddos_multi_04,,generator_ground_truth,docker_multihost,3,3,1.585,1.357,0.0595,1,-0.0
ddos_multi_04__benign_udpspoof_7,0,1789389642.4077697,real,ddos_multi_04,,generator_ground_truth,docker_multihost,3,3,1.585,1.357,0.0595,1,-0.0
ddos_multi_04__benign_udpspoof_7,0,1789389642.5477698,real,ddos_multi_04,,generator_ground_truth,docker_multihost,3,3,1.585,1.357,0.0595,1,-0.0
ddos_multi_04__benign_udpspoof_7,0,1789389642.68777,real,ddos_multi_04,,generator_ground_truth,docker_multihost,3,3,1.585,1.357,0.0595,1,-0.0
ddos_multi_04__benign_udpspoof_7,0,1789389642.82777,real,ddos_multi_04,,generator_ground_truth,docker_multihost,3,3,1.585,1.357,0.0595,1,-0.0
ddos_multi_04__benign_udpspoof_7,0,1789389642.96777,real,ddos_multi_04,,generator_ground_truth,docker_multihost,3,3,1.585,1.357,0.0595,1,-0.0
ddos_multi_04__benign_udpspoof_7,0,1789389643.1077702,real,ddos_multi_04,,generator_ground_truth,docker_multihost,3,3,1.585,1.357,0.0595,1,-0.0
ddos_multi_04__benign_udpspoof_7,0,1789389643.2477703,real,ddos_multi_04,,generator_ground_truth,docker_multihost,3,3,1.585,1.357,0.0595,1,-0.0
ddos_multi_04__benign_udpspoof_7,0,1789389643.3877704,real,ddos_multi_04,,generator_ground_truth,docker_multihost,4,3,1.5,1.3797,0.0582,1,-0.0
ddos_multi_04__benign_udpspoof_7,0,1789389643.5277705,real,ddos_multi_04,,generator_ground_truth,docker_multihost,4,3,1.5,1.3797,0.0582,1,-0.0
ddos_multi_04__benign_udpspoof_7,0,1789389643.6677706,real,ddos_multi_04,,generator_ground_truth,docker_multihost,4,3,1.5,1.3797,0.0582,1,-0.0
ddos_multi_04__benign_udpspoof_7,0,1789389643.8077707,real,ddos_multi_04,,generator_ground_truth,docker_multihost,4,3,1.5,1.3797,0.0582,1,-0.0
ddos_multi_04__benign_udpspoof_7,0,1789389643.9477708,real,ddos_multi_04,,generator_ground_truth,docker_multihost,4,3,1.5,1.3797,0.0582,1,-0.0
ddos_multi_04__benign_udpspoof_7,0,1789389644.087771,real,ddos_multi_04,,generator_ground_truth,docker_multihost,4,3,1.5,1.3797,0.0582,1,-0.0
ddos_multi_04__benign_udpspoof_7,0,1789389644.227771,real,ddos_multi_04,,generator_ground_truth,docker_multihost,4,3,1.5,1.3797,0.0582,1,-0.0
ddos_multi_04__benign_udpspoof_7,0,1789389644.3677711,real,ddos_multi_04,,generator_ground_truth,docker_multihost,4,3,1.5,1.3797,0.0582,1,-0.0
ddos_multi_04__benign_udpspoof_7,0,1789389644.5077713,real,ddos_multi_04,,generator_ground_truth,docker_multihost,4,3,1.5,1.3797,0.0582,1,-0.0
ddos_multi_04__benign_udpspoof_7,0,1789389644.6477714,real,ddos_multi_04,,generator_ground_truth,docker_multihost,4,3,1.5,1.3797,0.0582,1,-0.0
ddos_multi_04__benign_udpspoof_7,0,1789389644.7877715,real,ddos_multi_04,,generator_ground_truth,docker_multihost,5,3,1.5219,1.3983,0.0598,1,-0.0
ddos_multi_04__benign_udpspoof_7,0,1789389644.9277716,real,ddos_multi_04,,generator_ground_truth,docker_multihost,5,3,1.5219,1.3983,0.0598,1,-0.0
ddos_multi_04__benign_udpspoof_7,0,1789389645.0677717,real,ddos_multi_04,,generator_ground_truth,docker_multihost,5,3,1.5219,1.3983,0.0598,1,-0.0
ddos_multi_04__benign_udpspoof_7,0,1789389645.2077718,real,ddos_multi_04,,generator_ground_truth,docker_multihost,5,3,1.5219,1.3983,0.0598,1,-0.0
ddos_multi_04__benign_udpspoof_7,0,1789389645.347772,real,ddos_multi_04,,generator_ground_truth,docker_multihost,5,3,1.5219,1.3983,0.0598,1,-0.0
ddos_multi_04__benign_udpspoof_7,0,1789389645.487772,real,ddos_multi_04,,generator_ground_truth,docker_multihost,5,3,1.5219,1.3983,0.0598,1,-0.0
ddos_multi_04__benign_udpspoof_7,0,1789389645.627772,real,ddos_multi_04,,generator_ground_truth,docker_multihost,5,3,1.5219,1.3983,0.0598,1,-0.0
ddos_multi_04__benign_udpspoof_7,0,1789389645.7677722,real,ddos_multi_04,,generator_ground_truth,docker_multihost,5,3,1.5219,1.3983,0.0598,1,-0.0
ddos_multi_04__benign_udpspoof_7,0,1789389645.9077723,real,ddos_multi_04,,generator_ground_truth,docker_multihost,6,3,1.585,1.3486,0.1128,1,-0.0
ddos_multi_04__benign_udpspoof_7,0,1789389646.0477724,real,ddos_multi_04,,generator_ground_truth,docker_multihost,6,3,1.585,1.3486,0.1128,1,-0.0
ddos_multi_04__benign_udpspoof_7,0,1789389646.1877725,real,ddos_multi_04,,generator_ground_truth,docker_multihost,6,3,1.585,1.3486,0.1128,1,-0.0
ddos_multi_04__benign_udpspoof_7,0,1789389646.3277726,real,ddos_multi_04,,generator_ground_truth,docker_multihost,6,3,1.585,1.3486,0.1128,1,-0.0
ddos_multi_04__benign_udpspoof_7,0,1789389646.4677727,real,ddos_multi_04,,generator_ground_truth,docker_multihost,6,3,1.585,1.3486,0.1128,1,-0.0
ddos_multi_04__benign_udpspoof_7,0,1789389646.6077728,real,ddos_multi_04,,generator_ground_truth,docker_multihost,7,3,1.5567,1.2244,0.2962,1,-0.0
ddos_multi_04__benign_udpspoof_7,0,1789389646.747773,real,ddos_multi_04,,generator_ground_truth,docker_multihost,7,3,1.5567,1.2244,0.2962,1,-0.0
ddos_multi_04__benign_udpspoof_7,0,1789389646.887773,real,ddos_multi_04,,generator_ground_truth,docker_multihost,7,3,1.5567,1.2244,0.2962,1,-0.0
ddos_multi_04__benign_udpspoof_7,0,1789389647.0277731,real,ddos_multi_04,,generator_ground_truth,docker_multihost,7,3,1.5567,1.2244,0.2962,1,-0.0
ddos_multi_04__benign_udpspoof_7,0,1789389647.1677732,real,ddos_multi_04,,generator_ground_truth,docker_multihost,7,3,1.5567,1.2244,0.2962,1,-0.0
ddos_multi_04__benign_udpspoof_7,0,1789389647.3077734,real,ddos_multi_04,,generator_ground_truth,docker_multihost,7,3,1.5567,1.2244,0.2962,1,-0.0
ddos_multi_04__benign_udpspoof_7,0,1789389647.4477735,real,ddos_multi_04,,generator_ground_truth,docker_multihost,7,3,1.5567,1.2244,0.2962,1,-0.0
ddos_multi_04__benign_udpspoof_7,0,1789389647.5877736,real,ddos_multi_04,,generator_ground_truth,docker_multihost,7,3,1.5567,1.2244,0.2962,1,-0.0
ddos_multi_04__benign_udpspoof_7,0,1789389647.7277737,real,ddos_multi_04,,generator_ground_truth,docker_multihost,7,3,1.5567,1.2244,0.2962,1,-0.0
ddos_multi_04__benign_udpspoof_7,0,1789389647.8677738,real,ddos_multi_04,,generator_ground_truth,docker_multihost,7,3,1.5567,1.2244,0.2962,1,-0.0
ddos_multi_04__benign_udpspoof_7,0,1789389648.0077739,real,ddos_multi_04,,generator_ground_truth,docker_multihost,8,3,1.5613,1.2621,0.2894,1,-0.0
ddos_multi_04__benign_udpspoof_7,0,1789389648.147774,real,ddos_multi_04,,generator_ground_truth,docker_multihost,8,3,1.5613,1.2621,0.2894,1,-0.0
ddos_multi_04__benign_udpspoof_7,0,1789389648.287774,real,ddos_multi_04,,generator_ground_truth,docker_multihost,8,3,1.5613,1.2621,0.2894,1,-0.0
ddos_multi_04__benign_udpspoof_7,0,1789389648.4277742,real,ddos_multi_04,,generator_ground_truth,docker_multihost,8,3,1.5613,1.2621,0.2894,1,-0.0
ddos_multi_04__benign_udpspoof_7,0,1789389648.5677743,real,ddos_multi_04,,generator_ground_truth,docker_multihost,8,3,1.5613,1.2621,0.2894,1,-0.0
ddos_multi_04__benign_udpspoof_7,0,1789389648.7077744,real,ddos_multi_04,,generator_ground_truth,docker_multihost,8,3,1.5613,1.2621,0.2894,1,-0.0
ddos_multi_04__benign_udpspoof_7,0,1789389648.8477745,real,ddos_multi_04,,generator_ground_truth,docker_multihost,9,3,1.585,1.2043,0.3109,1,-0.0
ddos_multi_04__benign_udpspoof_7,0,1789389648.9877746,real,ddos_multi_04,,generator_ground_truth,docker_multihost,9,3,1.585,1.2043,0.3109,1,-0.0
ddos_multi_04__benign_udpspoof_7,0,1789389649.1277747,real,ddos_multi_04,,generator_ground_truth,docker_multihost,9,3,1.585,1.2043,0.3109,1,-0.0
ddos_multi_04__benign_udpspoof_7,0,1789389649.2677748,real,ddos_multi_04,,generator_ground_truth,docker_multihost,8,3,1.5613,1.174,0.3211,1,-0.0
ddos_multi_04__benign_udpspoof_7,0,1789389649.407775,real,ddos_multi_04,,generator_ground_truth,docker_multihost,8,3,1.5613,1.174,0.3211,1,-0.0
ddos_multi_04__benign_udpspoof_7,0,1789389649.547775,real,ddos_multi_04,,generator_ground_truth,docker_multihost,8,3,1.5613,1.174,0.3211,1,-0.0
ddos_multi_04__benign_udpspoof_7,0,1789389649.6877751,real,ddos_multi_04,,generator_ground_truth,docker_multihost,8,3,1.5613,1.174,0.3211,1,-0.0
ddos_multi_04__benign_udpspoof_7,0,1789389649.8277752,real,ddos_multi_04,,generator_ground_truth,docker_multihost,9,3,1.585,1.1538,0.3051,1,-0.0
ddos_multi_04__benign_udpspoof_7,0,1789389649.9677753,real,ddos_multi_04,,generator_ground_truth,docker_multihost,9,3,1.585,1.1538,0.3051,1,-0.0
ddos_multi_04__benign_udpspoof_7,0,1789389650.1077754,real,ddos_multi_04,,generator_ground_truth,docker_multihost,9,3,1.585,1.1538,0.3051,1,-0.0
ddos_multi_04__benign_udpspoof_7,0,1789389650.2477756,real,ddos_multi_04,,generator_ground_truth,docker_multihost,9,3,1.585,1.1538,0.3051,1,-0.0
ddos_multi_04__benign_udpspoof_7,0,1789389650.3877757,real,ddos_multi_04,,generator_ground_truth,docker_multihost,9,3,1.585,1.1538,0.3051,1,-0.0
ddos_multi_04__benign_udpspoof_7,0,1789389650.5277758,real,ddos_multi_04,,generator_ground_truth,docker_multihost,9,3,1.585,1.1538,0.3051,1,-0.0
ddos_multi_04__benign_udpspoof_7,0,1789389650.6677759,real,ddos_multi_04,,generator_ground_truth,docker_multihost,8,3,1.5613,1.1333,0.321,1,-0.0
ddos_multi_04__benign_udpspoof_7,0,1789389650.807776,real,ddos_multi_04,,generator_ground_truth,docker_multihost,8,3,1.5613,1.1333,0.321,1,-0.0
ddos_multi_04__benign_udpspoof_7,0,1789389650.947776,real,ddos_multi_04,,generator_ground_truth,docker_multihost,9,3,1.585,1.1339,0.3002,1,-0.0
ddos_multi_04__benign_udpspoof_7,0,1789389651.0877762,real,ddos_multi_04,,generator_ground_truth,docker_multihost,9,3,1.585,1.1339,0.3002,1,-0.0
ddos_multi_04__benign_udpspoof_7,0,1789389651.2277763,real,ddos_multi_04,,generator_ground_truth,docker_multihost,9,3,1.585,1.1339,0.3002,1,-0.0
ddos_multi_04__benign_udpspoof_7,0,1789389651.3677764,real,ddos_multi_04,,generator_ground_truth,docker_multihost,9,3,1.585,1.1339,0.3002,1,-0.0
ddos_multi_04__benign_udpspoof_7,0,1789389651.5077765,real,ddos_multi_04,,generator_ground_truth,docker_multihost,9,3,1.585,1.1339,0.3002,1,-0.0
ddos_multi_04__benign_udpspoof_7,0,1789389651.6477766,real,ddos_multi_04,,generator_ground_truth,docker_multihost,9,3,1.585,1.1339,0.3002,1,-0.0
ddos_multi_04__benign_udpspoof_7,0,1789389651.7877767,real,ddos_multi_04,,generator_ground_truth,docker_multihost,9,3,1.585,1.1339,0.3002,1,-0.0
ddos_multi_04__benign_udpspoof_7,0,1789389651.9277768,real,ddos_multi_04,,generator_ground_truth,docker_multihost,8,3,1.5613,1.0923,0.2986,1,-0.0
ddos_multi_04__benign_udpspoof_7,0,1789389652.067777,real,ddos_multi_04,,generator_ground_truth,docker_multihost,8,3,1.5613,1.0923,0.2986,1,-0.0
ddos_multi_04__benign_udpspoof_7,0,1789389652.207777,real,ddos_multi_04,,generator_ground_truth,docker_multihost,9,3,1.585,1.1132,0.2847,1,-0.0
ddos_multi_04__benign_udpspoof_7,0,1789389652.3477771,real,ddos_multi_04,,generator_ground_truth,docker_multihost,9,3,1.585,1.1132,0.2847,1,-0.0
ddos_multi_04__benign_udpspoof_7,0,1789389652.4877772,real,ddos_multi_04,,generator_ground_truth,docker_multihost,9,3,1.585,1.1132,0.2847,1,-0.0
ddos_multi_04__benign_udpspoof_7,0,1789389652.6277773,real,ddos_multi_04,,generator_ground_truth,docker_multihost,9,3,1.585,1.1132,0.2847,1,-0.0
ddos_multi_04__benign_udpspoof_7,0,1789389652.7677774,real,ddos_multi_04,,generator_ground_truth,docker_multihost,10,3,1.571,1.0473,0.3268,1,-0.0
ddos_multi_04__benign_udpspoof_7,0,1789389652.9077775,real,ddos_multi_04,,generator_ground_truth,docker_multihost,10,3,1.571,1.0473,0.3268,1,-0.0
ddos_multi_04__benign_udpspoof_7,0,1789389653.0477777,real,ddos_multi_04,,generator_ground_truth,docker_multihost,10,3,1.571,1.0473,0.3268,1,-0.0
ddos_multi_04__benign_udpspoof_7,0,1789389653.1877778,real,ddos_multi_04,,generator_ground_truth,docker_multihost,10,3,1.571,1.0473,0.3268,1,-0.0
ddos_multi_04__benign_udpspoof_7,0,1789389653.3277779,real,ddos_multi_04,,generator_ground_truth,docker_multihost,9,3,1.585,0.9964,0.3112,1,-0.0
ddos_multi_04__benign_udpspoof_7,0,1789389653.467778,real,ddos_multi_04,,generator_ground_truth,docker_multihost,9,3,1.585,0.9964,0.3112,1,-0.0
ddos_multi_04__benign_udpspoof_7,0,1789389653.607778,real,ddos_multi_04,,generator_ground_truth,docker_multihost,10,3,1.571,0.9697,0.303,1,-0.0
ddos_multi_04__benign_udpspoof_7,0,1789389653.7477782,real,ddos_multi_04,,generator_ground_truth,docker_multihost,10,3,1.571,0.9697,0.303,1,-0.0
ddos_multi_04__benign_udpspoof_7,0,1789389653.8877783,real,ddos_multi_04,,generator_ground_truth,docker_multihost,10,3,1.571,0.9697,0.303,1,-0.0
ddos_multi_04__benign_udpspoof_7,0,1789389654.0277784,real,ddos_multi_04,,generator_ground_truth,docker_multihost,10,3,1.571,0.9697,0.303,1,-0.0
ddos_multi_04__benign_udpspoof_7,0,1789389654.1677785,real,ddos_multi_04,,generator_ground_truth,docker_multihost,10,3,1.571,0.9697,0.303,1,-0.0
ddos_multi_04__benign_udpspoof_7,0,1789389654.3077786,real,ddos_multi_04,,generator_ground_truth,docker_multihost,10,3,1.571,0.9697,0.303,1,-0.0
ddos_multi_04__benign_udpspoof_7,0,1789389654.4477787,real,ddos_multi_04,,generator_ground_truth,docker_multihost,10,3,1.571,0.9697,0.303,1,-0.0
ddos_multi_04__benign_udpspoof_7,0,1789389654.5877788,real,ddos_multi_04,,generator_ground_truth,docker_multihost,11,3,1.5726,0.9813,0.2896,1,-0.0
ddos_multi_04__benign_udpspoof_7,0,1789389654.727779,real,ddos_multi_04,,generator_ground_truth,docker_multihost,11,3,1.5726,0.9813,0.2896,1,-0.0
ddos_multi_04__benign_udpspoof_7,0,1789389654.867779,real,ddos_multi_04,,generator_ground_truth,docker_multihost,10,3,1.571,0.9626,0.2994,1,-0.0
ddos_multi_04__benign_udpspoof_7,0,1789389655.0077791,real,ddos_multi_04,,generator_ground_truth,docker_multihost,10,3,1.571,0.9626,0.2994,1,-0.0
ddos_multi_04__benign_udpspoof_7,0,1789389655.1477792,real,ddos_multi_04,,generator_ground_truth,docker_multihost,10,3,1.571,0.9626,0.2994,1,-0.0
ddos_multi_04__benign_udpspoof_7,0,1789389655.2877793,real,ddos_multi_04,,generator_ground_truth,docker_multihost,10,3,1.571,0.9626,0.2994,1,-0.0
ddos_multi_04__benign_udpspoof_7,0,1789389655.4277794,real,ddos_multi_04,,generator_ground_truth,docker_multihost,10,3,1.571,0.9626,0.2994,1,-0.0
ddos_multi_04__benign_udpspoof_7,0,1789389655.5677795,real,ddos_multi_04,,generator_ground_truth,docker_multihost,11,3,1.5726,0.9559,0.2848,1,-0.0
ddos_multi_04__benign_udpspoof_7,0,1789389655.7077796,real,ddos_multi_04,,generator_ground_truth,docker_multihost,11,3,1.5726,0.9559,0.2848,1,-0.0
ddos_multi_04__benign_udpspoof_7,0,1789389655.8477798,real,ddos_multi_04,,generator_ground_truth,docker_multihost,11,3,1.5726,0.9559,0.2848,1,-0.0
ddos_multi_04__benign_udpspoof_7,0,1789389655.9877799,real,ddos_multi_04,,generator_ground_truth,docker_multihost,10,3,1.571,0.9951,0.2734,1,-0.0
ddos_multi_04__benign_udpspoof_7,0,1789389656.12778,real,ddos_multi_04,,generator_ground_truth,docker_multihost,10,3,1.571,0.9951,0.2734,1,-0.0
ddos_multi_04__benign_udpspoof_7,0,1789389656.26778,real,ddos_multi_04,,generator_ground_truth,docker_multihost,10,3,1.571,0.9951,0.2734,1,-0.0
ddos_multi_04__benign_udpspoof_7,0,1789389656.4077802,real,ddos_multi_04,,generator_ground_truth,docker_multihost,11,3,1.5726,0.99,0.2599,1,-0.0
ddos_multi_04__benign_udpspoof_7,0,1789389656.5477803,real,ddos_multi_04,,generator_ground_truth,docker_multihost,10,3,1.571,0.9346,0.2106,1,-0.0
ddos_multi_04__benign_udpspoof_7,0,1789389656.6877804,real,ddos_multi_04,,generator_ground_truth,docker_multihost,10,3,1.571,0.9346,0.2106,1,-0.0
ddos_multi_04__benign_udpspoof_7,0,1789389656.8277805,real,ddos_multi_04,,generator_ground_truth,docker_multihost,10,3,1.571,0.9346,0.2106,1,-0.0
ddos_multi_04__benign_udpspoof_7,0,1789389656.9677806,real,ddos_multi_04,,generator_ground_truth,docker_multihost,10,3,1.571,0.9346,0.2106,1,-0.0
ddos_multi_04__benign_udpspoof_7,0,1789389657.1077807,real,ddos_multi_04,,generator_ground_truth,docker_multihost,10,3,1.571,0.9346,0.2106,1,-0.0
ddos_multi_04__benign_udpspoof_7,0,1789389657.2477808,real,ddos_multi_04,,generator_ground_truth,docker_multihost,10,3,1.571,0.9346,0.2106,1,-0.0
ddos_multi_04__benign_udpspoof_7,0,1789389657.387781,real,ddos_multi_04,,generator_ground_truth,docker_multihost,10,3,1.571,0.9346,0.2106,1,-0.0
ddos_multi_04__benign_udpspoof_7,0,1789389657.527781,real,ddos_multi_04,,generator_ground_truth,docker_multihost,10,3,1.571,0.9346,0.2106,1,-0.0
ddos_multi_04__benign_udpspoof_7,0,1789389657.667781,real,ddos_multi_04,,generator_ground_truth,docker_multihost,10,3,1.571,0.9346,0.2106,1,-0.0
ddos_multi_04__benign_udpspoof_7,0,1789389657.8077812,real,ddos_multi_04,,generator_ground_truth,docker_multihost,10,3,1.571,0.9346,0.2106,1,-0.0
ddos_multi_04__benign_udpspoof_7,0,1789389657.9477813,real,ddos_multi_04,,generator_ground_truth,docker_multihost,11,3,1.5726,0.9845,0.2497,1,-0.0
ddos_multi_04__benign_udpspoof_7,0,1789389658.0877814,real,ddos_multi_04,,generator_ground_truth,docker_multihost,10,3,1.571,1.0051,0.2551,1,-0.0
ddos_multi_04__benign_udpspoof_7,0,1789389658.2277815,real,ddos_multi_04,,generator_ground_truth,docker_multihost,10,3,1.571,1.0051,0.2551,1,-0.0
ddos_multi_04__benign_udpspoof_7,0,1789389658.3677816,real,ddos_multi_04,,generator_ground_truth,docker_multihost,10,3,1.571,1.0051,0.2551,1,-0.0
ddos_multi_04__benign_udpspoof_7,0,1789389658.5077817,real,ddos_multi_04,,generator_ground_truth,docker_multihost,10,3,1.571,1.0051,0.2551,1,-0.0
ddos_multi_04__benign_udpspoof_7,0,1789389658.6477818,real,ddos_multi_04,,generator_ground_truth,docker_multihost,10,3,1.571,1.0051,0.2551,1,-0.0
ddos_multi_04__benign_udpspoof_7,0,1789389658.787782,real,ddos_multi_04,,generator_ground_truth,docker_multihost,9,3,1.585,1.0042,0.2706,1,-0.0
ddos_multi_04__benign_udpspoof_7,0,1789389658.927782,real,ddos_multi_04,,generator_ground_truth,docker_multihost,9,3,1.585,1.0042,0.2706,1,-0.0
ddos_multi_04__benign_udpspoof_7,0,1789389659.0677822,real,ddos_multi_04,,generator_ground_truth,docker_multihost,10,3,1.571,1.0164,0.2574,1,-0.0
ddos_multi_04__benign_udpspoof_7,0,1789389659.2077823,real,ddos_multi_04,,generator_ground_truth,docker_multihost,10,3,1.571,1.0164,0.2574,1,-0.0
ddos_multi_04__benign_udpspoof_7,0,1789389659.3477824,real,ddos_multi_04,,generator_ground_truth,docker_multihost,10,3,1.571,1.0164,0.2574,1,-0.0
ddos_multi_04__benign_udpspoof_7,0,1789389659.4877825,real,ddos_multi_04,,generator_ground_truth,docker_multihost,10,3,1.571,1.0164,0.2574,1,-0.0
ddos_multi_04__benign_udpspoof_7,0,1789389659.6277826,real,ddos_multi_04,,generator_ground_truth,docker_multihost,10,3,1.571,1.0164,0.2574,1,-0.0
ddos_multi_04__benign_udpspoof_7,0,1789389659.7677827,real,ddos_multi_04,,generator_ground_truth,docker_multihost,10,3,1.571,1.0164,0.2574,1,-0.0
ddos_multi_04__benign_udpspoof_7,0,1789389659.9077828,real,ddos_multi_04,,generator_ground_truth,docker_multihost,9,3,1.585,1.0011,0.2692,1,-0.0
ddos_multi_04__benign_udpspoof_7,0,1789389660.047783,real,ddos_multi_04,,generator_ground_truth,docker_multihost,9,3,1.585,1.0011,0.2692,1,-0.0
ddos_multi_04__benign_udpspoof_7,0,1789389660.187783,real,ddos_multi_04,,generator_ground_truth,docker_multihost,9,3,1.585,1.0011,0.2692,1,-0.0
ddos_multi_04__benign_udpspoof_7,0,1789389660.327783,real,ddos_multi_04,,generator_ground_truth,docker_multihost,9,3,1.585,1.0011,0.2692,1,-0.0
ddos_multi_04__benign_udpspoof_7,0,1789389660.4677832,real,ddos_multi_04,,generator_ground_truth,docker_multihost,10,3,1.571,1.0483,0.2868,1,-0.0
ddos_multi_04__benign_udpspoof_7,0,1789389660.6077833,real,ddos_multi_04,,generator_ground_truth,docker_multihost,10,3,1.571,1.0483,0.2868,1,-0.0
ddos_multi_04__benign_udpspoof_7,0,1789389660.7477834,real,ddos_multi_04,,generator_ground_truth,docker_multihost,10,3,1.571,1.0483,0.2868,1,-0.0
ddos_multi_04__benign_udpspoof_7,0,1789389660.8877835,real,ddos_multi_04,,generator_ground_truth,docker_multihost,10,3,1.571,1.0483,0.2868,1,-0.0
ddos_multi_04__benign_udpspoof_7,0,1789389661.0277836,real,ddos_multi_04,,generator_ground_truth,docker_multihost,9,3,1.585,1.022,0.2937,1,-0.0
ddos_multi_04__benign_udpspoof_7,0,1789389661.1677837,real,ddos_multi_04,,generator_ground_truth,docker_multihost,9,3,1.585,1.022,0.2937,1,-0.0
ddos_multi_04__benign_udpspoof_7,0,1789389661.3077838,real,ddos_multi_04,,generator_ground_truth,docker_multihost,9,3,1.585,1.022,0.2937,1,-0.0
ddos_multi_04__benign_udpspoof_7,0,1789389661.447784,real,ddos_multi_04,,generator_ground_truth,docker_multihost,9,3,1.585,1.022,0.2937,1,-0.0
ddos_multi_04__benign_udpspoof_7,0,1789389661.587784,real,ddos_multi_04,,generator_ground_truth,docker_multihost,10,3,1.571,1.0382,0.2807,1,-0.0
ddos_multi_04__benign_udpspoof_7,0,1789389661.7277842,real,ddos_multi_04,,generator_ground_truth,docker_multihost,10,3,1.571,1.0382,0.2807,1,-0.0
ddos_multi_04__benign_udpspoof_7,0,1789389661.8677843,real,ddos_multi_04,,generator_ground_truth,docker_multihost,10,3,1.571,1.0382,0.2807,1,-0.0
ddos_multi_04__benign_udpspoof_7,0,1789389662.0077844,real,ddos_multi_04,,generator_ground_truth,docker_multihost,10,3,1.571,1.0382,0.2807,1,-0.0
ddos_multi_04__benign_udpspoof_7,0,1789389662.1477845,real,ddos_multi_04,,generator_ground_truth,docker_multihost,10,3,1.571,1.0382,0.2807,1,-0.0
ddos_multi_04__benign_udpspoof_7,0,1789389662.2877846,real,ddos_multi_04,,generator_ground_truth,docker_multihost,9,3,1.585,1.1029,0.2256,1,-0.0
ddos_multi_04__benign_udpspoof_7,0,1789389662.4277847,real,ddos_multi_04,,generator_ground_truth,docker_multihost,9,3,1.585,1.1029,0.2256,1,-0.0
ddos_multi_04__benign_udpspoof_7,0,1789389662.5677848,real,ddos_multi_04,,generator_ground_truth,docker_multihost,10,3,1.571,1.0852,0.2185,1,-0.0
ddos_multi_04__benign_udpspoof_7,0,1789389662.707785,real,ddos_multi_04,,generator_ground_truth,docker_multihost,10,3,1.571,1.0852,0.2185,1,-0.0
ddos_multi_04__benign_udpspoof_7,0,1789389662.847785,real,ddos_multi_04,,generator_ground_truth,docker_multihost,9,3,1.585,1.1264,0.1962,1,-0.0
ddos_multi_04__benign_udpspoof_7,0,1789389662.987785,real,ddos_multi_04,,generator_ground_truth,docker_multihost,9,3,1.585,1.1264,0.1962,1,-0.0
ddos_multi_04__benign_udpspoof_7,0,1789389663.1277852,real,ddos_multi_04,,generator_ground_truth,docker_multihost,9,3,1.585,1.1264,0.1962,1,-0.0
ddos_multi_04__benign_udpspoof_7,0,1789389663.2677853,real,ddos_multi_04,,generator_ground_truth,docker_multihost,9,3,1.585,1.1264,0.1962,1,-0.0
ddos_multi_04__benign_udpspoof_7,0,1789389663.4077854,real,ddos_multi_04,,generator_ground_truth,docker_multihost,9,3,1.585,1.1264,0.1962,1,-0.0
ddos_multi_04__benign_udpspoof_7,0,1789389663.5477855,real,ddos_multi_04,,generator_ground_truth,docker_multihost,8,3,1.5613,1.1322,0.2091,1,-0.0
ddos_multi_04__benign_udpspoof_7,0,1789389663.6877856,real,ddos_multi_04,,generator_ground_truth,docker_multihost,8,3,1.5613,1.1322,0.2091,1,-0.0
ddos_multi_04__benign_udpspoof_7,0,1789389663.8277857,real,ddos_multi_04,,generator_ground_truth,docker_multihost,8,3,1.5613,1.1322,0.2091,1,-0.0
ddos_multi_04__benign_udpspoof_7,0,1789389663.9677858,real,ddos_multi_04,,generator_ground_truth,docker_multihost,8,3,1.5613,1.1322,0.2091,1,-0.0
ddos_multi_04__benign_udpspoof_7,0,1789389664.107786,real,ddos_multi_04,,generator_ground_truth,docker_multihost,9,3,1.585,1.1778,0.2298,1,-0.0
ddos_multi_04__benign_udpspoof_7,0,1789389664.247786,real,ddos_multi_04,,generator_ground_truth,docker_multihost,9,3,1.585,1.1778,0.2298,1,-0.0
ddos_multi_04__benign_udpspoof_7,0,1789389664.3877861,real,ddos_multi_04,,generator_ground_truth,docker_multihost,9,3,1.585,1.1778,0.2298,1,-0.0
ddos_multi_04__benign_udpspoof_7,0,1789389664.5277863,real,ddos_multi_04,,generator_ground_truth,docker_multihost,9,3,1.585,1.1778,0.2298,1,-0.0
ddos_multi_04__benign_udpspoof_7,0,1789389664.6677864,real,ddos_multi_04,,generator_ground_truth,docker_multihost,8,3,1.5613,1.2181,0.2176,1,-0.0
ddos_multi_04__benign_udpspoof_7,0,1789389664.8077865,real,ddos_multi_04,,generator_ground_truth,docker_multihost,8,3,1.5613,1.2181,0.2176,1,-0.0
ddos_multi_04__benign_udpspoof_7,0,1789389664.9477866,real,ddos_multi_04,,generator_ground_truth,docker_multihost,8,3,1.5613,1.2181,0.2176,1,-0.0
ddos_multi_04__ddos_spoofed_7,1,1789389666.1072922,real,ddos_multi_04,spoofed_flood,generator_ground_truth,docker_multihost,52,1,-0.0,0.0027,0.0,52,5.7004
ddos_multi_04__ddos_spoofed_7,1,1789389666.2472923,real,ddos_multi_04,spoofed_flood,generator_ground_truth,docker_multihost,102,1,-0.0,0.0027,0.0004,102,6.6724
ddos_multi_04__ddos_spoofed_7,1,1789389666.3872924,real,ddos_multi_04,spoofed_flood,generator_ground_truth,docker_multihost,153,1,-0.0,0.0027,0.0003,153,7.2574
ddos_multi_04__ddos_spoofed_7,1,1789389666.5272925,real,ddos_multi_04,spoofed_flood,generator_ground_truth,docker_multihost,204,1,-0.0,0.0027,0.0003,204,7.6724
ddos_multi_04__ddos_spoofed_7,1,1789389666.6672926,real,ddos_multi_04,spoofed_flood,generator_ground_truth,docker_multihost,257,1,-0.0,0.0027,0.0002,257,8.0056
ddos_multi_04__ddos_spoofed_7,1,1789389666.8072927,real,ddos_multi_04,spoofed_flood,generator_ground_truth,docker_multihost,308,1,-0.0,0.0027,0.0002,308,8.2668
ddos_multi_04__ddos_spoofed_7,1,1789389666.9472928,real,ddos_multi_04,spoofed_flood,generator_ground_truth,docker_multihost,359,1,-0.0,0.0027,0.0002,359,8.4878
ddos_multi_04__ddos_spoofed_7,1,1789389667.087293,real,ddos_multi_04,spoofed_flood,generator_ground_truth,docker_multihost,411,1,-0.0,0.0027,0.0002,411,8.683
ddos_multi_04__ddos_spoofed_7,1,1789389667.227293,real,ddos_multi_04,spoofed_flood,generator_ground_truth,docker_multihost,462,1,-0.0,0.0027,0.0002,462,8.8517
ddos_multi_04__ddos_spoofed_7,1,1789389667.3672931,real,ddos_multi_04,spoofed_flood,generator_ground_truth,docker_multihost,512,1,-0.0,0.0027,0.0002,512,9.0
ddos_multi_04__ddos_spoofed_7,1,1789389667.5072932,real,ddos_multi_04,spoofed_flood,generator_ground_truth,docker_multihost,563,1,-0.0,0.0027,0.0002,563,9.137
ddos_multi_04__ddos_spoofed_7,1,1789389667.6472933,real,ddos_multi_04,spoofed_flood,generator_ground_truth,docker_multihost,613,1,-0.0,0.0027,0.0002,613,9.2597
ddos_multi_04__ddos_spoofed_7,1,1789389667.7872934,real,ddos_multi_04,spoofed_flood,generator_ground_truth,docker_multihost,664,1,-0.0,0.0027,0.0002,664,9.375
ddos_multi_04__ddos_spoofed_7,1,1789389667.9272935,real,ddos_multi_04,spoofed_flood,generator_ground_truth,docker_multihost,715,1,-0.0,0.0027,0.0001,715,9.4818
ddos_multi_04__ddos_spoofed_7,1,1789389668.0672936,real,ddos_multi_04,spoofed_flood,generator_ground_truth,docker_multihost,766,1,-0.0,0.0027,0.0001,766,9.5812
ddos_multi_04__ddos_spoofed_7,1,1789389668.2072937,real,ddos_multi_04,spoofed_flood,generator_ground_truth,docker_multihost,817,1,-0.0,0.0027,0.0001,817,9.6742
ddos_multi_04__ddos_spoofed_7,1,1789389668.3472939,real,ddos_multi_04,spoofed_flood,generator_ground_truth,docker_multihost,869,1,-0.0,0.0027,0.0001,869,9.7632
ddos_multi_04__ddos_spoofed_7,1,1789389668.487294,real,ddos_multi_04,spoofed_flood,generator_ground_truth,docker_multihost,919,1,-0.0,0.0027,0.0001,919,9.8439
ddos_multi_04__ddos_spoofed_7,1,1789389668.627294,real,ddos_multi_04,spoofed_flood,generator_ground_truth,docker_multihost,971,1,-0.0,0.0027,0.0001,971,9.9233
ddos_multi_04__ddos_spoofed_7,1,1789389668.7672942,real,ddos_multi_04,spoofed_flood,generator_ground_truth,docker_multihost,1021,1,-0.0,0.0027,0.0001,1021,9.9958
ddos_multi_04__ddos_spoofed_7,1,1789389668.9072943,real,ddos_multi_04,spoofed_flood,generator_ground_truth,docker_multihost,1071,1,-0.0,0.0027,0.0001,1071,10.0647
ddos_multi_04__ddos_spoofed_7,1,1789389669.0472944,real,ddos_multi_04,spoofed_flood,generator_ground_truth,docker_multihost,1121,1,-0.0,0.0027,0.0001,1121,10.1306
ddos_multi_04__ddos_spoofed_7,1,1789389669.1872945,real,ddos_multi_04,spoofed_flood,generator_ground_truth,docker_multihost,1172,1,-0.0,0.0027,0.0001,1172,10.1948
ddos_multi_04__ddos_spoofed_7,1,1789389669.3272946,real,ddos_multi_04,spoofed_flood,generator_ground_truth,docker_multihost,1223,1,-0.0,0.0027,0.0001,1223,10.2562
ddos_multi_04__ddos_spoofed_7,1,1789389669.4672947,real,ddos_multi_04,spoofed_flood,generator_ground_truth,docker_multihost,1274,1,-0.0,0.0027,0.0001,1274,10.3151
ddos_multi_04__ddos_spoofed_7,1,1789389669.6072948,real,ddos_multi_04,spoofed_flood,generator_ground_truth,docker_multihost,1324,1,-0.0,0.0027,0.0001,1324,10.3707
ddos_multi_04__ddos_spoofed_7,1,1789389669.747295,real,ddos_multi_04,spoofed_flood,generator_ground_truth,docker_multihost,1374,1,-0.0,0.0028,0.0001,1374,10.4242
ddos_multi_04__ddos_spoofed_7,1,1789389669.887295,real,ddos_multi_04,spoofed_flood,generator_ground_truth,docker_multihost,1424,1,-0.0,0.0028,0.0001,1424,10.4757
ddos_multi_04__ddos_spoofed_7,1,1789389670.027295,real,ddos_multi_04,spoofed_flood,generator_ground_truth,docker_multihost,1474,1,-0.0,0.0028,0.0001,1474,10.5255
ddos_multi_04__ddos_spoofed_7,1,1789389670.1672952,real,ddos_multi_04,spoofed_flood,generator_ground_truth,docker_multihost,1524,1,-0.0,0.0028,0.0002,1524,10.5736
ddos_multi_04__ddos_spoofed_7,1,1789389670.3072953,real,ddos_multi_04,spoofed_flood,generator_ground_truth,docker_multihost,1575,1,-0.0,0.0028,0.0001,1575,10.6211
ddos_multi_04__ddos_spoofed_7,1,1789389670.4472954,real,ddos_multi_04,spoofed_flood,generator_ground_truth,docker_multihost,1626,1,-0.0,0.0028,0.0001,1626,10.6671
ddos_multi_04__ddos_spoofed_7,1,1789389670.5872955,real,ddos_multi_04,spoofed_flood,generator_ground_truth,docker_multihost,1678,1,-0.0,0.0028,0.0001,1678,10.7125
ddos_multi_04__ddos_spoofed_7,1,1789389670.7272956,real,ddos_multi_04,spoofed_flood,generator_ground_truth,docker_multihost,1729,1,-0.0,0.0028,0.0001,1729,10.7557
ddos_multi_04__ddos_spoofed_7,1,1789389670.8672957,real,ddos_multi_04,spoofed_flood,generator_ground_truth,docker_multihost,1779,1,-0.0,0.0028,0.0001,1779,10.7969
ddos_multi_04__ddos_spoofed_7,1,1789389671.0072958,real,ddos_multi_04,spoofed_flood,generator_ground_truth,docker_multihost,1830,1,-0.0,0.0028,0.0001,1830,10.8376
ddos_multi_04__ddos_spoofed_7,1,1789389671.147296,real,ddos_multi_04,spoofed_flood,generator_ground_truth,docker_multihost,1880,1,-0.0,0.0028,0.0001,1880,10.8765
ddos_multi_04__ddos_spoofed_7,1,1789389671.287296,real,ddos_multi_04,spoofed_flood,generator_ground_truth,docker_multihost,1931,1,-0.0,0.0028,0.0001,1931,10.9151
ddos_multi_04__ddos_spoofed_7,1,1789389671.4272962,real,ddos_multi_04,spoofed_flood,generator_ground_truth,docker_multihost,1981,1,-0.0,0.0028,0.0001,1981,10.952
ddos_multi_04__ddos_spoofed_7,1,1789389671.5672963,real,ddos_multi_04,spoofed_flood,generator_ground_truth,docker_multihost,2031,1,-0.0,0.0028,0.0001,2031,10.988
ddos_multi_04__ddos_spoofed_7,1,1789389671.7072964,real,ddos_multi_04,spoofed_flood,generator_ground_truth,docker_multihost,2083,1,-0.0,0.0028,0.0001,2083,11.0244
ddos_multi_04__ddos_spoofed_7,1,1789389671.8472965,real,ddos_multi_04,spoofed_flood,generator_ground_truth,docker_multihost,2135,1,-0.0,0.0028,0.0001,2135,11.06
ddos_multi_04__ddos_spoofed_7,1,1789389671.9872966,real,ddos_multi_04,spoofed_flood,generator_ground_truth,docker_multihost,2184,1,-0.0,0.0028,0.0001,2184,11.0928
ddos_multi_04__ddos_spoofed_7,1,1789389672.1272967,real,ddos_multi_04,spoofed_flood,generator_ground_truth,docker_multihost,2235,1,-0.0,0.0028,0.0001,2235,11.1261
ddos_multi_04__ddos_spoofed_7,1,1789389672.2672968,real,ddos_multi_04,spoofed_flood,generator_ground_truth,docker_multihost,2285,1,-0.0,0.0028,0.0001,2285,11.158
ddos_multi_04__ddos_spoofed_7,1,1789389672.407297,real,ddos_multi_04,spoofed_flood,generator_ground_truth,docker_multihost,2337,1,-0.0,0.0028,0.0001,2337,11.1904
ddos_multi_04__ddos_spoofed_7,1,1789389672.547297,real,ddos_multi_04,spoofed_flood,generator_ground_truth,docker_multihost,2387,1,-0.0,0.0028,0.0001,2387,11.221
ddos_multi_04__ddos_spoofed_7,1,1789389672.687297,real,ddos_multi_04,spoofed_flood,generator_ground_truth,docker_multihost,2437,1,-0.0,0.0028,0.0001,2437,11.2509
ddos_multi_04__ddos_spoofed_7,1,1789389672.8272972,real,ddos_multi_04,spoofed_flood,generator_ground_truth,docker_multihost,2488,1,-0.0,0.0028,0.0001,2488,11.2808
ddos_multi_04__ddos_spoofed_7,1,1789389672.9672973,real,ddos_multi_04,spoofed_flood,generator_ground_truth,docker_multihost,2539,1,-0.0,0.0028,0.0001,2539,11.31
ddos_multi_04__ddos_spoofed_7,1,1789389673.1072974,real,ddos_multi_04,spoofed_flood,generator_ground_truth,docker_multihost,2589,1,-0.0,0.0028,0.0001,2589,11.3382
ddos_multi_04__ddos_spoofed_7,1,1789389673.2472975,real,ddos_multi_04,spoofed_flood,generator_ground_truth,docker_multihost,2640,1,-0.0,0.0028,0.0001,2640,11.3663
ddos_multi_04__ddos_spoofed_7,1,1789389673.3872976,real,ddos_multi_04,spoofed_flood,generator_ground_truth,docker_multihost,2690,1,-0.0,0.0028,0.0001,2690,11.3934
ddos_multi_04__ddos_spoofed_7,1,1789389673.5272977,real,ddos_multi_04,spoofed_flood,generator_ground_truth,docker_multihost,2738,1,-0.0,0.0028,0.0002,2738,11.4189
ddos_multi_04__ddos_spoofed_7,1,1789389673.6672978,real,ddos_multi_04,spoofed_flood,generator_ground_truth,docker_multihost,2788,1,-0.0,0.0028,0.0002,2788,11.445
ddos_multi_04__ddos_spoofed_7,1,1789389673.807298,real,ddos_multi_04,spoofed_flood,generator_ground_truth,docker_multihost,2839,1,-0.0,0.0028,0.0001,2839,11.4712
ddos_multi_04__ddos_spoofed_7,1,1789389673.947298,real,ddos_multi_04,spoofed_flood,generator_ground_truth,docker_multihost,2889,1,-0.0,0.0028,0.0001,2889,11.4964
ddos_multi_04__ddos_spoofed_7,1,1789389674.0872982,real,ddos_multi_04,spoofed_flood,generator_ground_truth,docker_multihost,2939,1,-0.0,0.0028,0.0001,2939,11.5211
ddos_multi_04__ddos_spoofed_7,1,1789389674.2272983,real,ddos_multi_04,spoofed_flood,generator_ground_truth,docker_multihost,2991,1,-0.0,0.0028,0.0001,2991,11.5464
ddos_multi_04__ddos_spoofed_7,1,1789389674.3672984,real,ddos_multi_04,spoofed_flood,generator_ground_truth,docker_multihost,3041,1,-0.0,0.0028,0.0002,3041,11.5703
ddos_multi_04__ddos_spoofed_7,1,1789389674.5072985,real,ddos_multi_04,spoofed_flood,generator_ground_truth,docker_multihost,3093,1,-0.0,0.0028,0.0002,3093,11.5948
ddos_multi_04__ddos_spoofed_7,1,1789389674.6472986,real,ddos_multi_04,spoofed_flood,generator_ground_truth,docker_multihost,3143,1,-0.0,0.0028,0.0002,3143,11.6179
ddos_multi_04__ddos_spoofed_7,1,1789389674.7872987,real,ddos_multi_04,spoofed_flood,generator_ground_truth,docker_multihost,3193,1,-0.0,0.0028,0.0002,3193,11.6407
ddos_multi_04__ddos_spoofed_7,1,1789389674.9272988,real,ddos_multi_04,spoofed_flood,generator_ground_truth,docker_multihost,3244,1,-0.0,0.0028,0.0002,3244,11.6636
ddos_multi_04__ddos_spoofed_7,1,1789389675.067299,real,ddos_multi_04,spoofed_flood,generator_ground_truth,docker_multihost,3291,1,-0.0,0.0028,0.0002,3291,11.6843
ddos_multi_04__ddos_spoofed_7,1,1789389675.207299,real,ddos_multi_04,spoofed_flood,generator_ground_truth,docker_multihost,3342,1,-0.0,0.0028,0.0002,3342,11.7065
ddos_multi_04__ddos_spoofed_7,1,1789389675.347299,real,ddos_multi_04,spoofed_flood,generator_ground_truth,docker_multihost,3394,1,-0.0,0.0028,0.0002,3394,11.7288
ddos_multi_04__ddos_spoofed_7,1,1789389675.4872992,real,ddos_multi_04,spoofed_flood,generator_ground_truth,docker_multihost,3444,1,-0.0,0.0028,0.0002,3444,11.7499
ddos_multi_04__ddos_spoofed_7,1,1789389675.6272993,real,ddos_multi_04,spoofed_flood,generator_ground_truth,docker_multihost,3495,1,-0.0,0.0028,0.0002,3495,11.7711
ddos_multi_04__ddos_spoofed_7,1,1789389675.7672994,real,ddos_multi_04,spoofed_flood,generator_ground_truth,docker_multihost,3546,1,-0.0,0.0028,0.0002,3546,11.792
ddos_multi_04__ddos_spoofed_7,1,1789389675.9072995,real,ddos_multi_04,spoofed_flood,generator_ground_truth,docker_multihost,3596,1,-0.0,0.0028,0.0002,3596,11.8122
ddos_multi_04__ddos_spoofed_7,1,1789389676.0472996,real,ddos_multi_04,spoofed_flood,generator_ground_truth,docker_multihost,3617,1,-0.0,0.0028,0.0002,3617,11.8206
ddos_multi_04__ddos_spoofed_7,1,1789389676.1872997,real,ddos_multi_04,spoofed_flood,generator_ground_truth,docker_multihost,3616,1,-0.0,0.0028,0.0002,3616,11.8202
ddos_multi_04__ddos_spoofed_7,1,1789389676.3272998,real,ddos_multi_04,spoofed_flood,generator_ground_truth,docker_multihost,3617,1,-0.0,0.0028,0.0002,3617,11.8206
ddos_multi_04__ddos_spoofed_7,1,1789389676.4673,real,ddos_multi_04,spoofed_flood,generator_ground_truth,docker_multihost,3616,1,-0.0,0.0028,0.0002,3616,11.8202
ddos_multi_04__ddos_spoofed_7,1,1789389676.6073,real,ddos_multi_04,spoofed_flood,generator_ground_truth,docker_multihost,3615,1,-0.0,0.0028,0.0002,3615,11.8198
ddos_multi_04__ddos_spoofed_7,1,1789389676.7473001,real,ddos_multi_04,spoofed_flood,generator_ground_truth,docker_multihost,3614,1,-0.0,0.0028,0.0002,3614,11.8194
ddos_multi_04__ddos_spoofed_7,1,1789389676.8873003,real,ddos_multi_04,spoofed_flood,generator_ground_truth,docker_multihost,3614,1,-0.0,0.0028,0.0002,3614,11.8194
ddos_multi_04__ddos_spoofed_7,1,1789389677.0273004,real,ddos_multi_04,spoofed_flood,generator_ground_truth,docker_multihost,3612,1,-0.0,0.0028,0.0002,3612,11.8186
ddos_multi_04__ddos_spoofed_7,1,1789389677.1673005,real,ddos_multi_04,spoofed_flood,generator_ground_truth,docker_multihost,3609,1,-0.0,0.0028,0.0002,3609,11.8174
ddos_multi_04__ddos_spoofed_7,1,1789389677.3073006,real,ddos_multi_04,spoofed_flood,generator_ground_truth,docker_multihost,3611,1,-0.0,0.0028,0.0002,3611,11.8182
ddos_multi_04__ddos_spoofed_7,1,1789389677.4473007,real,ddos_multi_04,spoofed_flood,generator_ground_truth,docker_multihost,3610,1,-0.0,0.0028,0.0002,3610,11.8178
ddos_multi_04__ddos_spoofed_7,1,1789389677.5873008,real,ddos_multi_04,spoofed_flood,generator_ground_truth,docker_multihost,3611,1,-0.0,0.0028,0.0002,3611,11.8182
ddos_multi_04__ddos_spoofed_7,1,1789389677.727301,real,ddos_multi_04,spoofed_flood,generator_ground_truth,docker_multihost,3613,1,-0.0,0.0028,0.0002,3613,11.819
ddos_multi_04__ddos_spoofed_7,1,1789389677.867301,real,ddos_multi_04,spoofed_flood,generator_ground_truth,docker_multihost,3614,1,-0.0,0.0028,0.0002,3614,11.8194
ddos_multi_04__ddos_spoofed_7,1,1789389678.007301,real,ddos_multi_04,spoofed_flood,generator_ground_truth,docker_multihost,3614,1,-0.0,0.0028,0.0002,3614,11.8194
ddos_multi_04__ddos_spoofed_7,1,1789389678.1473012,real,ddos_multi_04,spoofed_flood,generator_ground_truth,docker_multihost,3614,1,-0.0,0.0028,0.0002,3614,11.8194
ddos_multi_04__ddos_spoofed_7,1,1789389678.2873013,real,ddos_multi_04,spoofed_flood,generator_ground_truth,docker_multihost,3614,1,-0.0,0.0028,0.0002,3614,11.8194
ddos_multi_04__ddos_spoofed_7,1,1789389678.4273014,real,ddos_multi_04,spoofed_flood,generator_ground_truth,docker_multihost,3614,1,-0.0,0.0028,0.0002,3614,11.8194
ddos_multi_04__ddos_spoofed_7,1,1789389678.5673015,real,ddos_multi_04,spoofed_flood,generator_ground_truth,docker_multihost,3616,1,-0.0,0.0028,0.0002,3616,11.8202
ddos_multi_04__ddos_spoofed_7,1,1789389678.7073016,real,ddos_multi_04,spoofed_flood,generator_ground_truth,docker_multihost,3614,1,-0.0,0.0028,0.0002,3614,11.8194
ddos_multi_04__ddos_spoofed_7,1,1789389678.8473017,real,ddos_multi_04,spoofed_flood,generator_ground_truth,docker_multihost,3615,1,-0.0,0.0028,0.0002,3615,11.8198
ddos_multi_04__ddos_spoofed_7,1,1789389678.9873018,real,ddos_multi_04,spoofed_flood,generator_ground_truth,docker_multihost,3616,1,-0.0,0.0028,0.0002,3616,11.8202
ddos_multi_04__ddos_spoofed_7,1,1789389679.127302,real,ddos_multi_04,spoofed_flood,generator_ground_truth,docker_multihost,3614,1,-0.0,0.0028,0.0002,3614,11.8194
ddos_multi_04__ddos_spoofed_7,1,1789389679.267302,real,ddos_multi_04,spoofed_flood,generator_ground_truth,docker_multihost,3615,1,-0.0,0.0028,0.0002,3615,11.8198
ddos_multi_04__ddos_spoofed_7,1,1789389679.4073021,real,ddos_multi_04,spoofed_flood,generator_ground_truth,docker_multihost,3616,1,-0.0,0.0028,0.0002,3616,11.8202
ddos_multi_04__ddos_spoofed_7,1,1789389679.5473022,real,ddos_multi_04,spoofed_flood,generator_ground_truth,docker_multihost,3618,1,-0.0,0.0028,0.0002,3618,11.821
ddos_multi_04__ddos_spoofed_7,1,1789389679.6873024,real,ddos_multi_04,spoofed_flood,generator_ground_truth,docker_multihost,3619,1,-0.0,0.0028,0.0002,3619,11.8214
ddos_multi_04__ddos_spoofed_7,1,1789389679.8273025,real,ddos_multi_04,spoofed_flood,generator_ground_truth,docker_multihost,3620,1,-0.0,0.0028,0.0002,3620,11.8218
ddos_multi_04__ddos_spoofed_7,1,1789389679.9673026,real,ddos_multi_04,spoofed_flood,generator_ground_truth,docker_multihost,3621,1,-0.0,0.0028,0.0002,3621,11.8222
ddos_multi_04__ddos_spoofed_7,1,1789389680.1073027,real,ddos_multi_04,spoofed_flood,generator_ground_truth,docker_multihost,3623,1,-0.0,0.0028,0.0001,3623,11.823
ddos_multi_04__ddos_spoofed_7,1,1789389680.2473028,real,ddos_multi_04,spoofed_flood,generator_ground_truth,docker_multihost,3622,1,-0.0,0.0028,0.0001,3622,11.8226
ddos_multi_04__ddos_spoofed_7,1,1789389680.3873029,real,ddos_multi_04,spoofed_flood,generator_ground_truth,docker_multihost,3622,1,-0.0,0.0028,0.0001,3622,11.8226
ddos_multi_04__ddos_spoofed_7,1,1789389680.527303,real,ddos_multi_04,spoofed_flood,generator_ground_truth,docker_multihost,3620,1,-0.0,0.0028,0.0001,3620,11.8218
ddos_multi_04__ddos_spoofed_7,1,1789389680.667303,real,ddos_multi_04,spoofed_flood,generator_ground_truth,docker_multihost,3621,1,-0.0,0.0028,0.0001,3621,11.8222
ddos_multi_04__ddos_spoofed_7,1,1789389680.8073032,real,ddos_multi_04,spoofed_flood,generator_ground_truth,docker_multihost,3621,1,-0.0,0.0028,0.0001,3621,11.8222
ddos_multi_04__ddos_spoofed_7,1,1789389680.9473033,real,ddos_multi_04,spoofed_flood,generator_ground_truth,docker_multihost,3621,1,-0.0,0.0028,0.0001,3621,11.8222
ddos_multi_04__ddos_spoofed_7,1,1789389681.0873034,real,ddos_multi_04,spoofed_flood,generator_ground_truth,docker_multihost,3620,1,-0.0,0.0028,0.0001,3620,11.8218
ddos_multi_04__ddos_spoofed_7,1,1789389681.2273035,real,ddos_multi_04,spoofed_flood,generator_ground_truth,docker_multihost,3619,1,-0.0,0.0028,0.0001,3619,11.8214
ddos_multi_04__ddos_spoofed_7,1,1789389681.3673036,real,ddos_multi_04,spoofed_flood,generator_ground_truth,docker_multihost,3620,1,-0.0,0.0028,0.0001,3620,11.8218
ddos_multi_04__ddos_spoofed_7,1,1789389681.5073037,real,ddos_multi_04,spoofed_flood,generator_ground_truth,docker_multihost,3621,1,-0.0,0.0028,0.0001,3621,11.8222
ddos_multi_04__ddos_spoofed_7,1,1789389681.6473038,real,ddos_multi_04,spoofed_flood,generator_ground_truth,docker_multihost,3621,1,-0.0,0.0028,0.0001,3621,11.8222
ddos_multi_04__ddos_spoofed_7,1,1789389681.787304,real,ddos_multi_04,spoofed_flood,generator_ground_truth,docker_multihost,3620,1,-0.0,0.0028,0.0001,3620,11.8218
ddos_multi_04__ddos_spoofed_7,1,1789389681.927304,real,ddos_multi_04,spoofed_flood,generator_ground_truth,docker_multihost,3622,1,-0.0,0.0028,0.0001,3622,11.8226
ddos_multi_04__ddos_spoofed_7,1,1789389682.0673041,real,ddos_multi_04,spoofed_flood,generator_ground_truth,docker_multihost,3622,1,-0.0,0.0028,0.0001,3622,11.8226
ddos_multi_04__ddos_spoofed_7,1,1789389682.2073042,real,ddos_multi_04,spoofed_flood,generator_ground_truth,docker_multihost,3622,1,-0.0,0.0028,0.0001,3622,11.8226
ddos_multi_04__ddos_spoofed_7,1,1789389682.3473043,real,ddos_multi_04,spoofed_flood,generator_ground_truth,docker_multihost,3621,1,-0.0,0.0028,0.0001,3621,11.8222
ddos_multi_04__ddos_spoofed_7,1,1789389682.4873044,real,ddos_multi_04,spoofed_flood,generator_ground_truth,docker_multihost,3620,1,-0.0,0.0028,0.0001,3620,11.8218
ddos_multi_04__ddos_spoofed_7,1,1789389682.6273046,real,ddos_multi_04,spoofed_flood,generator_ground_truth,docker_multihost,3621,1,-0.0,0.0028,0.0001,3621,11.8222
ddos_multi_04__ddos_spoofed_7,1,1789389682.7673047,real,ddos_multi_04,spoofed_flood,generator_ground_truth,docker_multihost,3623,1,-0.0,0.0028,0.0001,3623,11.823
ddos_multi_04__ddos_spoofed_7,1,1789389682.9073048,real,ddos_multi_04,spoofed_flood,generator_ground_truth,docker_multihost,3624,1,-0.0,0.0028,0.0001,3624,11.8234
ddos_multi_04__ddos_spoofed_7,1,1789389683.0473049,real,ddos_multi_04,spoofed_flood,generator_ground_truth,docker_multihost,3625,1,-0.0,0.0028,0.0001,3625,11.8238
ddos_multi_04__ddos_spoofed_7,1,1789389683.187305,real,ddos_multi_04,spoofed_flood,generator_ground_truth,docker_multihost,3625,1,-0.0,0.0028,0.0001,3625,11.8238
ddos_multi_04__ddos_spoofed_7,1,1789389683.327305,real,ddos_multi_04,spoofed_flood,generator_ground_truth,docker_multihost,3624,1,-0.0,0.0028,0.0001,3624,11.8234
ddos_multi_04__ddos_spoofed_7,1,1789389683.4673052,real,ddos_multi_04,spoofed_flood,generator_ground_truth,docker_multihost,3626,1,-0.0,0.0028,0.0001,3626,11.8242
ddos_multi_04__ddos_spoofed_7,1,1789389683.6073053,real,ddos_multi_04,spoofed_flood,generator_ground_truth,docker_multihost,3627,1,-0.0,0.0028,0.0001,3627,11.8246
ddos_multi_04__ddos_spoofed_7,1,1789389683.7473054,real,ddos_multi_04,spoofed_flood,generator_ground_truth,docker_multihost,3629,1,-0.0,0.0028,0.0001,3629,11.8254
ddos_multi_04__ddos_spoofed_7,1,1789389683.8873055,real,ddos_multi_04,spoofed_flood,generator_ground_truth,docker_multihost,3632,1,-0.0,0.0028,0.0001,3632,11.8265
ddos_multi_04__ddos_spoofed_7,1,1789389684.0273056,real,ddos_multi_04,spoofed_flood,generator_ground_truth,docker_multihost,3633,1,-0.0,0.0028,0.0001,3633,11.8269
ddos_multi_04__ddos_spoofed_7,1,1789389684.1673057,real,ddos_multi_04,spoofed_flood,generator_ground_truth,docker_multihost,3634,1,-0.0,0.0028,0.0001,3634,11.8273
ddos_multi_04__ddos_spoofed_7,1,1789389684.3073058,real,ddos_multi_04,spoofed_flood,generator_ground_truth,docker_multihost,3636,1,-0.0,0.0028,0.0001,3636,11.8281
ddos_multi_04__ddos_spoofed_7,1,1789389684.447306,real,ddos_multi_04,spoofed_flood,generator_ground_truth,docker_multihost,3634,1,-0.0,0.0028,0.0001,3634,11.8273
ddos_multi_04__ddos_spoofed_7,1,1789389684.587306,real,ddos_multi_04,spoofed_flood,generator_ground_truth,docker_multihost,3633,1,-0.0,0.0028,0.0001,3633,11.8269
ddos_multi_04__ddos_spoofed_7,1,1789389684.7273061,real,ddos_multi_04,spoofed_flood,generator_ground_truth,docker_multihost,3635,1,-0.0,0.0028,0.0001,3635,11.8277
ddos_multi_04__ddos_spoofed_7,1,1789389684.8673062,real,ddos_multi_04,spoofed_flood,generator_ground_truth,docker_multihost,3635,1,-0.0,0.0028,0.0001,3635,11.8277
ddos_multi_04__ddos_spoofed_7,1,1789389685.0073063,real,ddos_multi_04,spoofed_flood,generator_ground_truth,docker_multihost,3636,1,-0.0,0.0028,0.0001,3636,11.8281
ddos_multi_04__ddos_spoofed_7,1,1789389685.1473064,real,ddos_multi_04,spoofed_flood,generator_ground_truth,docker_multihost,3638,1,-0.0,0.0027,0.0001,3638,11.8289
ddos_multi_04__ddos_spoofed_7,1,1789389685.2873065,real,ddos_multi_04,spoofed_flood,generator_ground_truth,docker_multihost,3638,1,-0.0,0.0027,0.0001,3638,11.8289
ddos_multi_04__ddos_spoofed_7,1,1789389685.4273067,real,ddos_multi_04,spoofed_flood,generator_ground_truth,docker_multihost,3640,1,-0.0,0.0027,0.0001,3640,11.8297
ddos_multi_04__ddos_spoofed_7,1,1789389685.5673068,real,ddos_multi_04,spoofed_flood,generator_ground_truth,docker_multihost,3640,1,-0.0,0.0027,0.0001,3640,11.8297
ddos_multi_04__ddos_spoofed_7,1,1789389685.7073069,real,ddos_multi_04,spoofed_flood,generator_ground_truth,docker_multihost,3640,1,-0.0,0.0027,0.0001,3640,11.8297
ddos_multi_04__ddos_spoofed_7,1,1789389685.847307,real,ddos_multi_04,spoofed_flood,generator_ground_truth,docker_multihost,3641,1,-0.0,0.0027,0.0001,3641,11.8301
ddos_multi_04__ddos_spoofed_7,1,1789389685.987307,real,ddos_multi_04,spoofed_flood,generator_ground_truth,docker_multihost,3643,1,-0.0,0.0027,0.0001,3643,11.8309
ddos_multi_04__ddos_spoofed_7,1,1789389686.1273072,real,ddos_multi_04,spoofed_flood,generator_ground_truth,docker_multihost,3644,1,-0.0,0.0027,0.0001,3644,11.8313
ddos_multi_04__ddos_spoofed_7,1,1789389686.2673073,real,ddos_multi_04,spoofed_flood,generator_ground_truth,docker_multihost,3644,1,-0.0,0.0027,0.0001,3644,11.8313
ddos_multi_04__ddos_spoofed_7,1,1789389686.4073074,real,ddos_multi_04,spoofed_flood,generator_ground_truth,docker_multihost,3598,1,-0.0,0.0027,0.0001,3598,11.813
ddos_multi_04__ddos_spoofed_7,1,1789389686.5473075,real,ddos_multi_04,spoofed_flood,generator_ground_truth,docker_multihost,3548,1,-0.0,0.0027,0.0001,3548,11.7928
ddos_multi_04__ddos_spoofed_7,1,1789389686.6873076,real,ddos_multi_04,spoofed_flood,generator_ground_truth,docker_multihost,3496,1,-0.0,0.0027,0.0001,3496,11.7715
ddos_multi_04__ddos_spoofed_7,1,1789389686.8273077,real,ddos_multi_04,spoofed_flood,generator_ground_truth,docker_multihost,3445,1,-0.0,0.0027,0.0001,3445,11.7503
ddos_multi_04__benign_udpspoof_8,0,1789389688.677646,real,ddos_multi_04,,generator_ground_truth,docker_multihost,1,1,-0.0,0.0,0.0,1,-0.0
ddos_multi_04__benign_udpspoof_8,0,1789389688.817646,real,ddos_multi_04,,generator_ground_truth,docker_multihost,1,1,-0.0,0.0,0.0,1,-0.0
ddos_multi_04__benign_udpspoof_8,0,1789389688.9576461,real,ddos_multi_04,,generator_ground_truth,docker_multihost,1,1,-0.0,0.0,0.0,1,-0.0
ddos_multi_04__benign_udpspoof_8,0,1789389689.0976462,real,ddos_multi_04,,generator_ground_truth,docker_multihost,1,1,-0.0,0.0,0.0,1,-0.0
ddos_multi_04__benign_udpspoof_8,0,1789389689.2376463,real,ddos_multi_04,,generator_ground_truth,docker_multihost,1,1,-0.0,0.0,0.0,1,-0.0
ddos_multi_04__benign_udpspoof_8,0,1789389689.3776464,real,ddos_multi_04,,generator_ground_truth,docker_multihost,1,1,-0.0,0.0,0.0,1,-0.0
ddos_multi_04__benign_udpspoof_8,0,1789389689.5176466,real,ddos_multi_04,,generator_ground_truth,docker_multihost,1,1,-0.0,0.0,0.0,1,-0.0
ddos_multi_04__benign_udpspoof_8,0,1789389689.6576467,real,ddos_multi_04,,generator_ground_truth,docker_multihost,1,1,-0.0,0.0,0.0,1,-0.0
ddos_multi_04__benign_udpspoof_8,0,1789389689.7976468,real,ddos_multi_04,,generator_ground_truth,docker_multihost,1,1,-0.0,0.0,0.0,1,-0.0
ddos_multi_04__benign_udpspoof_8,0,1789389689.9376469,real,ddos_multi_04,,generator_ground_truth,docker_multihost,2,2,1.0,1.2666,0.0,1,-0.0
ddos_multi_04__benign_udpspoof_8,0,1789389690.077647,real,ddos_multi_04,,generator_ground_truth,docker_multihost,2,2,1.0,1.2666,0.0,1,-0.0
ddos_multi_04__benign_udpspoof_8,0,1789389690.217647,real,ddos_multi_04,,generator_ground_truth,docker_multihost,2,2,1.0,1.2666,0.0,1,-0.0
ddos_multi_04__benign_udpspoof_8,0,1789389690.3576472,real,ddos_multi_04,,generator_ground_truth,docker_multihost,2,2,1.0,1.2666,0.0,1,-0.0
ddos_multi_04__benign_udpspoof_8,0,1789389690.4976473,real,ddos_multi_04,,generator_ground_truth,docker_multihost,2,2,1.0,1.2666,0.0,1,-0.0
ddos_multi_04__benign_udpspoof_8,0,1789389690.6376474,real,ddos_multi_04,,generator_ground_truth,docker_multihost,2,2,1.0,1.2666,0.0,1,-0.0
ddos_multi_04__benign_udpspoof_8,0,1789389690.7776475,real,ddos_multi_04,,generator_ground_truth,docker_multihost,2,2,1.0,1.2666,0.0,1,-0.0
ddos_multi_04__benign_udpspoof_8,0,1789389690.9176476,real,ddos_multi_04,,generator_ground_truth,docker_multihost,2,2,1.0,1.2666,0.0,1,-0.0
ddos_multi_04__benign_udpspoof_8,0,1789389691.0576477,real,ddos_multi_04,,generator_ground_truth,docker_multihost,2,2,1.0,1.2666,0.0,1,-0.0
ddos_multi_04__benign_udpspoof_8,0,1789389691.1976478,real,ddos_multi_04,,generator_ground_truth,docker_multihost,2,2,1.0,1.2666,0.0,1,-0.0
ddos_multi_04__benign_udpspoof_8,0,1789389691.337648,real,ddos_multi_04,,generator_ground_truth,docker_multihost,3,3,1.585,1.3475,0.0808,1,-0.0
ddos_multi_04__benign_udpspoof_8,0,1789389691.477648,real,ddos_multi_04,,generator_ground_truth,docker_multihost,3,3,1.585,1.3475,0.0808,1,-0.0
ddos_multi_04__benign_udpspoof_8,0,1789389691.6176481,real,ddos_multi_04,,generator_ground_truth,docker_multihost,3,3,1.585,1.3475,0.0808,1,-0.0
ddos_multi_04__benign_udpspoof_8,0,1789389691.7576482,real,ddos_multi_04,,generator_ground_truth,docker_multihost,3,3,1.585,1.3475,0.0808,1,-0.0
ddos_multi_04__benign_udpspoof_8,0,1789389691.8976483,real,ddos_multi_04,,generator_ground_truth,docker_multihost,3,3,1.585,1.3475,0.0808,1,-0.0
ddos_multi_04__benign_udpspoof_8,0,1789389692.0376484,real,ddos_multi_04,,generator_ground_truth,docker_multihost,4,3,1.5,1.1202,0.3281,1,-0.0
ddos_multi_04__benign_udpspoof_8,0,1789389692.1776485,real,ddos_multi_04,,generator_ground_truth,docker_multihost,4,3,1.5,1.1202,0.3281,1,-0.0
ddos_multi_04__benign_udpspoof_8,0,1789389692.3176486,real,ddos_multi_04,,generator_ground_truth,docker_multihost,4,3,1.5,1.1202,0.3281,1,-0.0
ddos_multi_04__benign_udpspoof_8,0,1789389692.4576488,real,ddos_multi_04,,generator_ground_truth,docker_multihost,4,3,1.5,1.1202,0.3281,1,-0.0
ddos_multi_04__benign_udpspoof_8,0,1789389692.5976489,real,ddos_multi_04,,generator_ground_truth,docker_multihost,4,3,1.5,1.1202,0.3281,1,-0.0
ddos_multi_04__benign_udpspoof_8,0,1789389692.737649,real,ddos_multi_04,,generator_ground_truth,docker_multihost,4,3,1.5,1.1202,0.3281,1,-0.0
ddos_multi_04__benign_udpspoof_8,0,1789389692.877649,real,ddos_multi_04,,generator_ground_truth,docker_multihost,5,3,1.5219,1.0534,0.3068,1,-0.0
ddos_multi_04__benign_udpspoof_8,0,1789389693.0176492,real,ddos_multi_04,,generator_ground_truth,docker_multihost,5,3,1.5219,1.0534,0.3068,1,-0.0
ddos_multi_04__benign_udpspoof_8,0,1789389693.1576493,real,ddos_multi_04,,generator_ground_truth,docker_multihost,5,3,1.5219,1.0534,0.3068,1,-0.0
ddos_multi_04__benign_udpspoof_8,0,1789389693.2976494,real,ddos_multi_04,,generator_ground_truth,docker_multihost,5,3,1.5219,1.0534,0.3068,1,-0.0
ddos_multi_04__benign_udpspoof_8,0,1789389693.4376495,real,ddos_multi_04,,generator_ground_truth,docker_multihost,5,3,1.5219,1.0534,0.3068,1,-0.0
ddos_multi_04__benign_udpspoof_8,0,1789389693.5776496,real,ddos_multi_04,,generator_ground_truth,docker_multihost,5,3,1.5219,1.0534,0.3068,1,-0.0
ddos_multi_04__benign_udpspoof_8,0,1789389693.7176497,real,ddos_multi_04,,generator_ground_truth,docker_multihost,5,3,1.5219,1.0534,0.3068,1,-0.0
ddos_multi_04__benign_udpspoof_8,0,1789389693.8576498,real,ddos_multi_04,,generator_ground_truth,docker_multihost,5,3,1.5219,1.0534,0.3068,1,-0.0
ddos_multi_04__benign_udpspoof_8,0,1789389693.99765,real,ddos_multi_04,,generator_ground_truth,docker_multihost,6,3,1.585,1.0836,0.281,1,-0.0
ddos_multi_04__benign_udpspoof_8,0,1789389694.13765,real,ddos_multi_04,,generator_ground_truth,docker_multihost,6,3,1.585,1.0836,0.281,1,-0.0
ddos_multi_04__benign_udpspoof_8,0,1789389694.27765,real,ddos_multi_04,,generator_ground_truth,docker_multihost,6,3,1.585,1.0836,0.281,1,-0.0
ddos_multi_04__benign_udpspoof_8,0,1789389694.4176502,real,ddos_multi_04,,generator_ground_truth,docker_multihost,6,3,1.585,1.0836,0.281,1,-0.0
ddos_multi_04__benign_udpspoof_8,0,1789389694.5576503,real,ddos_multi_04,,generator_ground_truth,docker_multihost,6,3,1.585,1.0836,0.281,1,-0.0
ddos_multi_04__benign_udpspoof_8,0,1789389694.6976504,real,ddos_multi_04,,generator_ground_truth,docker_multihost,6,3,1.585,1.0836,0.281,1,-0.0
ddos_multi_04__benign_udpspoof_8,0,1789389694.8376505,real,ddos_multi_04,,generator_ground_truth,docker_multihost,6,3,1.585,1.0836,0.281,1,-0.0
ddos_multi_04__benign_udpspoof_8,0,1789389694.9776506,real,ddos_multi_04,,generator_ground_truth,docker_multihost,6,3,1.585,1.0836,0.281,1,-0.0
ddos_multi_04__benign_udpspoof_8,0,1789389695.1176507,real,ddos_multi_04,,generator_ground_truth,docker_multihost,6,3,1.585,1.0836,0.281,1,-0.0
ddos_multi_04__benign_udpspoof_8,0,1789389695.2576509,real,ddos_multi_04,,generator_ground_truth,docker_multihost,6,3,1.585,1.0836,0.281,1,-0.0
ddos_multi_04__benign_udpspoof_8,0,1789389695.397651,real,ddos_multi_04,,generator_ground_truth,docker_multihost,7,3,1.5567,1.1303,0.2769,1,-0.0
ddos_multi_04__benign_udpspoof_8,0,1789389695.537651,real,ddos_multi_04,,generator_ground_truth,docker_multihost,7,3,1.5567,1.1303,0.2769,1,-0.0
ddos_multi_04__benign_udpspoof_8,0,1789389695.6776512,real,ddos_multi_04,,generator_ground_truth,docker_multihost,7,3,1.5567,1.1303,0.2769,1,-0.0
ddos_multi_04__benign_udpspoof_8,0,1789389695.8176513,real,ddos_multi_04,,generator_ground_truth,docker_multihost,7,3,1.5567,1.1303,0.2769,1,-0.0
ddos_multi_04__benign_udpspoof_8,0,1789389695.9576514,real,ddos_multi_04,,generator_ground_truth,docker_multihost,7,3,1.5567,1.1303,0.2769,1,-0.0
ddos_multi_04__benign_udpspoof_8,0,1789389696.0976515,real,ddos_multi_04,,generator_ground_truth,docker_multihost,8,3,1.5613,1.061,0.3075,1,-0.0
ddos_multi_04__benign_udpspoof_8,0,1789389696.2376516,real,ddos_multi_04,,generator_ground_truth,docker_multihost,8,3,1.5613,1.061,0.3075,1,-0.0
ddos_multi_04__benign_udpspoof_8,0,1789389696.3776517,real,ddos_multi_04,,generator_ground_truth,docker_multihost,8,3,1.5613,1.061,0.3075,1,-0.0
ddos_multi_04__benign_udpspoof_8,0,1789389696.5176518,real,ddos_multi_04,,generator_ground_truth,docker_multihost,8,3,1.5613,1.061,0.3075,1,-0.0
ddos_multi_04__benign_udpspoof_8,0,1789389696.657652,real,ddos_multi_04,,generator_ground_truth,docker_multihost,8,3,1.5613,1.061,0.3075,1,-0.0
ddos_multi_04__benign_udpspoof_8,0,1789389696.797652,real,ddos_multi_04,,generator_ground_truth,docker_multihost,8,3,1.5613,1.061,0.3075,1,-0.0
ddos_multi_04__benign_udpspoof_8,0,1789389696.937652,real,ddos_multi_04,,generator_ground_truth,docker_multihost,8,3,1.5613,1.061,0.3075,1,-0.0
ddos_multi_04__benign_udpspoof_8,0,1789389697.0776522,real,ddos_multi_04,,generator_ground_truth,docker_multihost,8,3,1.5613,1.061,0.3075,1,-0.0
ddos_multi_04__benign_udpspoof_8,0,1789389697.2176523,real,ddos_multi_04,,generator_ground_truth,docker_multihost,8,3,1.5613,1.061,0.3075,1,-0.0
ddos_multi_04__benign_udpspoof_8,0,1789389697.3576524,real,ddos_multi_04,,generator_ground_truth,docker_multihost,9,3,1.585,1.1011,0.3066,1,-0.0
ddos_multi_04__benign_udpspoof_8,0,1789389697.4976525,real,ddos_multi_04,,generator_ground_truth,docker_multihost,9,3,1.585,1.1011,0.3066,1,-0.0
ddos_multi_04__benign_udpspoof_8,0,1789389697.6376526,real,ddos_multi_04,,generator_ground_truth,docker_multihost,9,3,1.585,1.1011,0.3066,1,-0.0
ddos_multi_04__benign_udpspoof_8,0,1789389697.7776527,real,ddos_multi_04,,generator_ground_truth,docker_multihost,9,3,1.585,1.1011,0.3066,1,-0.0
ddos_multi_04__benign_udpspoof_8,0,1789389697.9176528,real,ddos_multi_04,,generator_ground_truth,docker_multihost,9,3,1.585,1.1011,0.3066,1,-0.0
ddos_multi_04__benign_udpspoof_8,0,1789389698.057653,real,ddos_multi_04,,generator_ground_truth,docker_multihost,9,3,1.585,1.1011,0.3066,1,-0.0
ddos_multi_04__benign_udpspoof_8,0,1789389698.197653,real,ddos_multi_04,,generator_ground_truth,docker_multihost,9,3,1.585,1.1011,0.3066,1,-0.0
ddos_multi_04__benign_udpspoof_8,0,1789389698.3376532,real,ddos_multi_04,,generator_ground_truth,docker_multihost,10,3,1.571,1.0848,0.2928,1,-0.0
ddos_multi_04__benign_udpspoof_8,0,1789389698.4776533,real,ddos_multi_04,,generator_ground_truth,docker_multihost,10,3,1.571,1.0848,0.2928,1,-0.0
ddos_multi_04__benign_udpspoof_8,0,1789389698.6176534,real,ddos_multi_04,,generator_ground_truth,docker_multihost,9,3,1.585,1.0621,0.3029,1,-0.0
ddos_multi_04__benign_udpspoof_8,0,1789389698.7576535,real,ddos_multi_04,,generator_ground_truth,docker_multihost,9,3,1.585,1.0621,0.3029,1,-0.0
ddos_multi_04__benign_udpspoof_8,0,1789389698.8976536,real,ddos_multi_04,,generator_ground_truth,docker_multihost,9,3,1.585,1.0621,0.3029,1,-0.0
ddos_multi_04__benign_udpspoof_8,0,1789389699.0376537,real,ddos_multi_04,,generator_ground_truth,docker_multihost,9,3,1.585,1.0621,0.3029,1,-0.0
ddos_multi_04__benign_udpspoof_8,0,1789389699.1776538,real,ddos_multi_04,,generator_ground_truth,docker_multihost,9,3,1.585,1.0621,0.3029,1,-0.0
ddos_multi_04__benign_udpspoof_8,0,1789389699.317654,real,ddos_multi_04,,generator_ground_truth,docker_multihost,9,3,1.585,1.0621,0.3029,1,-0.0
ddos_multi_04__benign_udpspoof_8,0,1789389699.457654,real,ddos_multi_04,,generator_ground_truth,docker_multihost,9,3,1.585,1.0621,0.3029,1,-0.0
ddos_multi_04__benign_udpspoof_8,0,1789389699.597654,real,ddos_multi_04,,generator_ground_truth,docker_multihost,9,3,1.585,1.0621,0.3029,1,-0.0
ddos_multi_04__benign_udpspoof_8,0,1789389699.7376542,real,ddos_multi_04,,generator_ground_truth,docker_multihost,10,3,1.571,1.0988,0.3039,1,-0.0
ddos_multi_04__benign_udpspoof_8,0,1789389699.8776543,real,ddos_multi_04,,generator_ground_truth,docker_multihost,9,3,1.585,1.0576,0.2977,1,-0.0
ddos_multi_04__benign_udpspoof_8,0,1789389700.0176544,real,ddos_multi_04,,generator_ground_truth,docker_multihost,9,3,1.585,1.0576,0.2977,1,-0.0
ddos_multi_04__benign_udpspoof_8,0,1789389700.1576545,real,ddos_multi_04,,generator_ground_truth,docker_multihost,9,3,1.585,1.0576,0.2977,1,-0.0
ddos_multi_04__benign_udpspoof_8,0,1789389700.2976546,real,ddos_multi_04,,generator_ground_truth,docker_multihost,10,3,1.571,1.0013,0.3227,1,-0.0
ddos_multi_04__benign_udpspoof_8,0,1789389700.4376547,real,ddos_multi_04,,generator_ground_truth,docker_multihost,10,3,1.571,1.0013,0.3227,1,-0.0
ddos_multi_04__benign_udpspoof_8,0,1789389700.5776548,real,ddos_multi_04,,generator_ground_truth,docker_multihost,10,3,1.571,1.0013,0.3227,1,-0.0
ddos_multi_04__benign_udpspoof_8,0,1789389700.717655,real,ddos_multi_04,,generator_ground_truth,docker_multihost,10,3,1.571,1.0013,0.3227,1,-0.0
ddos_multi_04__benign_udpspoof_8,0,1789389700.857655,real,ddos_multi_04,,generator_ground_truth,docker_multihost,10,3,1.571,1.0013,0.3227,1,-0.0
ddos_multi_04__benign_udpspoof_8,0,1789389700.9976552,real,ddos_multi_04,,generator_ground_truth,docker_multihost,10,3,1.571,1.0013,0.3227,1,-0.0
ddos_multi_04__benign_udpspoof_8,0,1789389701.1376553,real,ddos_multi_04,,generator_ground_truth,docker_multihost,10,3,1.571,1.0013,0.3227,1,-0.0
ddos_multi_04__benign_udpspoof_8,0,1789389701.2776554,real,ddos_multi_04,,generator_ground_truth,docker_multihost,10,3,1.571,1.037,0.3006,1,-0.0
ddos_multi_04__benign_udpspoof_8,0,1789389701.4176555,real,ddos_multi_04,,generator_ground_truth,docker_multihost,10,3,1.571,1.037,0.3006,1,-0.0
ddos_multi_04__benign_udpspoof_8,0,1789389701.5576556,real,ddos_multi_04,,generator_ground_truth,docker_multihost,10,3,1.571,1.037,0.3006,1,-0.0
ddos_multi_04__benign_udpspoof_8,0,1789389701.6976557,real,ddos_multi_04,,generator_ground_truth,docker_multihost,10,3,1.571,1.037,0.3006,1,-0.0
ddos_multi_04__benign_udpspoof_8,0,1789389701.8376558,real,ddos_multi_04,,generator_ground_truth,docker_multihost,10,3,1.571,1.037,0.3006,1,-0.0
ddos_multi_04__benign_udpspoof_8,0,1789389701.977656,real,ddos_multi_04,,generator_ground_truth,docker_multihost,10,3,1.571,1.0207,0.3138,1,-0.0
ddos_multi_04__benign_udpspoof_8,0,1789389702.117656,real,ddos_multi_04,,generator_ground_truth,docker_multihost,10,3,1.571,1.0207,0.3138,1,-0.0
ddos_multi_04__benign_udpspoof_8,0,1789389702.257656,real,ddos_multi_04,,generator_ground_truth,docker_multihost,10,3,1.571,1.0207,0.3138,1,-0.0
ddos_multi_04__benign_udpspoof_8,0,1789389702.3976562,real,ddos_multi_04,,generator_ground_truth,docker_multihost,10,3,1.571,1.0207,0.3138,1,-0.0
ddos_multi_04__benign_udpspoof_8,0,1789389702.5376563,real,ddos_multi_04,,generator_ground_truth,docker_multihost,10,3,1.571,1.0207,0.3138,1,-0.0
ddos_multi_04__benign_udpspoof_8,0,1789389702.6776564,real,ddos_multi_04,,generator_ground_truth,docker_multihost,10,3,1.571,1.0207,0.3138,1,-0.0
ddos_multi_04__benign_udpspoof_8,0,1789389702.8176565,real,ddos_multi_04,,generator_ground_truth,docker_multihost,10,3,1.571,0.9686,0.3179,1,-0.0
ddos_multi_04__benign_udpspoof_8,0,1789389702.9576566,real,ddos_multi_04,,generator_ground_truth,docker_multihost,10,3,1.571,0.9686,0.3179,1,-0.0
ddos_multi_04__benign_udpspoof_8,0,1789389703.0976567,real,ddos_multi_04,,generator_ground_truth,docker_multihost,10,3,1.571,0.9686,0.3179,1,-0.0
ddos_multi_04__benign_udpspoof_8,0,1789389703.2376568,real,ddos_multi_04,,generator_ground_truth,docker_multihost,10,3,1.571,0.9686,0.3179,1,-0.0
ddos_multi_04__benign_udpspoof_8,0,1789389703.377657,real,ddos_multi_04,,generator_ground_truth,docker_multihost,11,3,1.5726,0.9381,0.3152,1,-0.0
ddos_multi_04__benign_udpspoof_8,0,1789389703.517657,real,ddos_multi_04,,generator_ground_truth,docker_multihost,11,3,1.5726,0.9381,0.3152,1,-0.0
ddos_multi_04__benign_udpspoof_8,0,1789389703.6576571,real,ddos_multi_04,,generator_ground_truth,docker_multihost,11,3,1.5726,0.9381,0.3152,1,-0.0
ddos_multi_04__benign_udpspoof_8,0,1789389703.7976573,real,ddos_multi_04,,generator_ground_truth,docker_multihost,11,3,1.5726,0.9381,0.3152,1,-0.0
ddos_multi_04__benign_udpspoof_8,0,1789389703.9376574,real,ddos_multi_04,,generator_ground_truth,docker_multihost,12,3,1.585,0.9062,0.317,1,-0.0
ddos_multi_04__benign_udpspoof_8,0,1789389704.0776575,real,ddos_multi_04,,generator_ground_truth,docker_multihost,11,3,1.5726,0.8604,0.2959,1,-0.0
ddos_multi_04__benign_udpspoof_8,0,1789389704.2176576,real,ddos_multi_04,,generator_ground_truth,docker_multihost,11,3,1.5726,0.8604,0.2959,1,-0.0
ddos_multi_04__benign_udpspoof_8,0,1789389704.3576577,real,ddos_multi_04,,generator_ground_truth,docker_multihost,11,3,1.5726,0.8604,0.2959,1,-0.0
ddos_multi_04__benign_udpspoof_8,0,1789389704.4976578,real,ddos_multi_04,,generator_ground_truth,docker_multihost,11,3,1.5726,0.8604,0.2959,1,-0.0
ddos_multi_04__benign_udpspoof_8,0,1789389704.6376579,real,ddos_multi_04,,generator_ground_truth,docker_multihost,11,3,1.5726,0.8604,0.2959,1,-0.0
ddos_multi_04__benign_udpspoof_8,0,1789389704.777658,real,ddos_multi_04,,generator_ground_truth,docker_multihost,11,3,1.5726,0.8604,0.2959,1,-0.0
ddos_multi_04__benign_udpspoof_8,0,1789389704.917658,real,ddos_multi_04,,generator_ground_truth,docker_multihost,11,3,1.5726,0.8604,0.2959,1,-0.0
ddos_multi_04__benign_udpspoof_8,0,1789389705.0576582,real,ddos_multi_04,,generator_ground_truth,docker_multihost,11,3,1.5726,0.8604,0.2959,1,-0.0
ddos_multi_04__benign_udpspoof_8,0,1789389705.1976583,real,ddos_multi_04,,generator_ground_truth,docker_multihost,11,3,1.5726,0.8604,0.2959,1,-0.0
ddos_multi_04__benign_udpspoof_8,0,1789389705.3376584,real,ddos_multi_04,,generator_ground_truth,docker_multihost,11,3,1.5726,0.9248,0.3117,1,-0.0
ddos_multi_04__benign_udpspoof_8,0,1789389705.4776585,real,ddos_multi_04,,generator_ground_truth,docker_multihost,11,3,1.5726,0.9248,0.3117,1,-0.0
ddos_multi_04__benign_udpspoof_8,0,1789389705.6176586,real,ddos_multi_04,,generator_ground_truth,docker_multihost,11,3,1.5726,0.9248,0.3117,1,-0.0
ddos_multi_04__benign_udpspoof_8,0,1789389705.7576587,real,ddos_multi_04,,generator_ground_truth,docker_multihost,11,3,1.5726,0.9248,0.3117,1,-0.0
ddos_multi_04__benign_udpspoof_8,0,1789389705.8976588,real,ddos_multi_04,,generator_ground_truth,docker_multihost,12,3,1.585,0.8956,0.3112,1,-0.0
ddos_multi_04__benign_udpspoof_8,0,1789389706.037659,real,ddos_multi_04,,generator_ground_truth,docker_multihost,11,3,1.5726,0.8469,0.2837,1,-0.0
ddos_multi_04__benign_udpspoof_8,0,1789389706.177659,real,ddos_multi_04,,generator_ground_truth,docker_multihost,11,3,1.5726,0.8469,0.2837,1,-0.0
ddos_multi_04__benign_udpspoof_8,0,1789389706.3176591,real,ddos_multi_04,,generator_ground_truth,docker_multihost,11,3,1.5726,0.8469,0.2837,1,-0.0
ddos_multi_04__benign_udpspoof_8,0,1789389706.4576592,real,ddos_multi_04,,generator_ground_truth,docker_multihost,11,3,1.5726,0.8469,0.2837,1,-0.0
ddos_multi_04__benign_udpspoof_8,0,1789389706.5976593,real,ddos_multi_04,,generator_ground_truth,docker_multihost,11,3,1.5726,0.8469,0.2837,1,-0.0
ddos_multi_04__benign_udpspoof_8,0,1789389706.7376595,real,ddos_multi_04,,generator_ground_truth,docker_multihost,12,3,1.585,0.849,0.2706,1,-0.0
ddos_multi_04__benign_udpspoof_8,0,1789389706.8776596,real,ddos_multi_04,,generator_ground_truth,docker_multihost,12,3,1.585,0.849,0.2706,1,-0.0
ddos_multi_04__benign_udpspoof_8,0,1789389707.0176597,real,ddos_multi_04,,generator_ground_truth,docker_multihost,12,3,1.585,0.849,0.2706,1,-0.0
ddos_multi_04__benign_udpspoof_8,0,1789389707.1576598,real,ddos_multi_04,,generator_ground_truth,docker_multihost,12,3,1.585,0.849,0.2706,1,-0.0
ddos_multi_04__benign_udpspoof_8,0,1789389707.2976599,real,ddos_multi_04,,generator_ground_truth,docker_multihost,12,3,1.585,0.849,0.2706,1,-0.0
ddos_multi_04__benign_udpspoof_8,0,1789389707.43766,real,ddos_multi_04,,generator_ground_truth,docker_multihost,12,3,1.585,0.8243,0.2722,1,-0.0
ddos_multi_04__benign_udpspoof_8,0,1789389707.57766,real,ddos_multi_04,,generator_ground_truth,docker_multihost,12,3,1.585,0.8243,0.2722,1,-0.0
ddos_multi_04__benign_udpspoof_8,0,1789389707.7176602,real,ddos_multi_04,,generator_ground_truth,docker_multihost,12,3,1.585,0.8243,0.2722,1,-0.0
ddos_multi_04__benign_udpspoof_8,0,1789389707.8576603,real,ddos_multi_04,,generator_ground_truth,docker_multihost,12,3,1.585,0.8243,0.2722,1,-0.0
ddos_multi_04__benign_udpspoof_8,0,1789389707.9976604,real,ddos_multi_04,,generator_ground_truth,docker_multihost,12,3,1.585,0.8243,0.2722,1,-0.0
ddos_multi_04__benign_udpspoof_8,0,1789389708.1376605,real,ddos_multi_04,,generator_ground_truth,docker_multihost,13,3,1.5766,0.8155,0.2623,1,-0.0
ddos_multi_04__benign_udpspoof_8,0,1789389708.2776606,real,ddos_multi_04,,generator_ground_truth,docker_multihost,13,3,1.5766,0.8155,0.2623,1,-0.0
ddos_multi_04__benign_udpspoof_8,0,1789389708.4176607,real,ddos_multi_04,,generator_ground_truth,docker_multihost,12,3,1.585,0.7631,0.205,1,-0.0
ddos_multi_04__benign_udpspoof_8,0,1789389708.5576608,real,ddos_multi_04,,generator_ground_truth,docker_multihost,12,3,1.585,0.7631,0.205,1,-0.0
ddos_multi_04__benign_udpspoof_8,0,1789389708.697661,real,ddos_multi_04,,generator_ground_truth,docker_multihost,12,3,1.585,0.7631,0.205,1,-0.0
ddos_multi_04__benign_udpspoof_8,0,1789389708.837661,real,ddos_multi_04,,generator_ground_truth,docker_multihost,12,3,1.585,0.7631,0.205,1,-0.0
ddos_multi_04__benign_udpspoof_8,0,1789389708.9776611,real,ddos_multi_04,,generator_ground_truth,docker_multihost,12,3,1.585,0.7631,0.205,1,-0.0
ddos_multi_04__benign_udpspoof_8,0,1789389709.1176612,real,ddos_multi_04,,generator_ground_truth,docker_multihost,12,3,1.585,0.7631,0.205,1,-0.0
ddos_multi_04__benign_udpspoof_8,0,1789389709.2576613,real,ddos_multi_04,,generator_ground_truth,docker_multihost,13,3,1.5766,0.7891,0.2145,1,-0.0
ddos_multi_04__benign_udpspoof_8,0,1789389709.3976614,real,ddos_multi_04,,generator_ground_truth,docker_multihost,13,3,1.5766,0.7891,0.2145,1,-0.0
ddos_multi_04__benign_udpspoof_8,0,1789389709.5376616,real,ddos_multi_04,,generator_ground_truth,docker_multihost,13,3,1.5766,0.7891,0.2145,1,-0.0
ddos_multi_04__benign_udpspoof_8,0,1789389709.6776617,real,ddos_multi_04,,generator_ground_truth,docker_multihost,13,3,1.5766,0.7891,0.2145,1,-0.0
ddos_multi_04__benign_udpspoof_8,0,1789389709.8176618,real,ddos_multi_04,,generator_ground_truth,docker_multihost,12,3,1.585,0.8108,0.2111,1,-0.0
ddos_multi_04__benign_udpspoof_8,0,1789389709.9576619,real,ddos_multi_04,,generator_ground_truth,docker_multihost,12,3,1.585,0.8108,0.2111,1,-0.0
ddos_multi_04__ddos_spoofed_8,1,1789389711.124048,real,ddos_multi_04,spoofed_flood,generator_ground_truth,docker_multihost,14,1,-0.0,0.0094,0.0001,14,3.8074
ddos_multi_04__ddos_spoofed_8,1,1789389711.264048,real,ddos_multi_04,spoofed_flood,generator_ground_truth,docker_multihost,29,1,-0.0,0.0094,0.0001,29,4.858
ddos_multi_04__ddos_spoofed_8,1,1789389711.4040482,real,ddos_multi_04,spoofed_flood,generator_ground_truth,docker_multihost,44,1,-0.0,0.0094,0.0001,44,5.4594
ddos_multi_04__ddos_spoofed_8,1,1789389711.5440483,real,ddos_multi_04,spoofed_flood,generator_ground_truth,docker_multihost,59,1,-0.0,0.0094,0.0001,59,5.8826
ddos_multi_04__ddos_spoofed_8,1,1789389711.6840484,real,ddos_multi_04,spoofed_flood,generator_ground_truth,docker_multihost,74,1,-0.0,0.0094,0.0001,74,6.2095
ddos_multi_04__ddos_spoofed_8,1,1789389711.8240485,real,ddos_multi_04,spoofed_flood,generator_ground_truth,docker_multihost,89,1,-0.0,0.0094,0.0001,89,6.4757
ddos_multi_04__ddos_spoofed_8,1,1789389711.9640486,real,ddos_multi_04,spoofed_flood,generator_ground_truth,docker_multihost,104,1,-0.0,0.0094,0.0001,104,6.7004
ddos_multi_04__ddos_spoofed_8,1,1789389712.1040487,real,ddos_multi_04,spoofed_flood,generator_ground_truth,docker_multihost,119,1,-0.0,0.0094,0.0001,119,6.8948
ddos_multi_04__ddos_spoofed_8,1,1789389712.2440488,real,ddos_multi_04,spoofed_flood,generator_ground_truth,docker_multihost,134,1,-0.0,0.0094,0.0001,134,7.0661
ddos_multi_04__ddos_spoofed_8,1,1789389712.384049,real,ddos_multi_04,spoofed_flood,generator_ground_truth,docker_multihost,149,1,-0.0,0.0094,0.0001,149,7.2192
ddos_multi_04__ddos_spoofed_8,1,1789389712.524049,real,ddos_multi_04,spoofed_flood,generator_ground_truth,docker_multihost,164,1,-0.0,0.0094,0.0001,164,7.3576
ddos_multi_04__ddos_spoofed_8,1,1789389712.6640491,real,ddos_multi_04,spoofed_flood,generator_ground_truth,docker_multihost,179,1,-0.0,0.0094,0.0001,179,7.4838
ddos_multi_04__ddos_spoofed_8,1,1789389712.8040493,real,ddos_multi_04,spoofed_flood,generator_ground_truth,docker_multihost,194,1,-0.0,0.0094,0.0001,194,7.5999
ddos_multi_04__ddos_spoofed_8,1,1789389712.9440494,real,ddos_multi_04,spoofed_flood,generator_ground_truth,docker_multihost,209,1,-0.0,0.0094,0.0001,209,7.7074
ddos_multi_04__ddos_spoofed_8,1,1789389713.0840495,real,ddos_multi_04,spoofed_flood,generator_ground_truth,docker_multihost,224,1,-0.0,0.0094,0.0001,224,7.8074
ddos_multi_04__ddos_spoofed_8,1,1789389713.2240496,real,ddos_multi_04,spoofed_flood,generator_ground_truth,docker_multihost,239,1,-0.0,0.0094,0.0001,239,7.9009
ddos_multi_04__ddos_spoofed_8,1,1789389713.3640497,real,ddos_multi_04,spoofed_flood,generator_ground_truth,docker_multihost,253,1,-0.0,0.0094,0.0001,253,7.983
ddos_multi_04__ddos_spoofed_8,1,1789389713.5040498,real,ddos_multi_04,spoofed_flood,generator_ground_truth,docker_multihost,268,1,-0.0,0.0094,0.0001,268,8.0661
ddos_multi_04__ddos_spoofed_8,1,1789389713.64405,real,ddos_multi_04,spoofed_flood,generator_ground_truth,docker_multihost,283,1,-0.0,0.0094,0.0001,283,8.1447
ddos_multi_04__ddos_spoofed_8,1,1789389713.78405,real,ddos_multi_04,spoofed_flood,generator_ground_truth,docker_multihost,298,1,-0.0,0.0094,0.0001,298,8.2192
ddos_multi_04__ddos_spoofed_8,1,1789389713.92405,real,ddos_multi_04,spoofed_flood,generator_ground_truth,docker_multihost,313,1,-0.0,0.0094,0.0001,313,8.29
ddos_multi_04__ddos_spoofed_8,1,1789389714.0640502,real,ddos_multi_04,spoofed_flood,generator_ground_truth,docker_multihost,328,1,-0.0,0.0094,0.0001,328,8.3576
ddos_multi_04__ddos_spoofed_8,1,1789389714.2040503,real,ddos_multi_04,spoofed_flood,generator_ground_truth,docker_multihost,344,1,-0.0,0.0094,0.0001,344,8.4263
ddos_multi_04__ddos_spoofed_8,1,1789389714.3440504,real,ddos_multi_04,spoofed_flood,generator_ground_truth,docker_multihost,358,1,-0.0,0.0094,0.0001,358,8.4838
ddos_multi_04__ddos_spoofed_8,1,1789389714.4840505,real,ddos_multi_04,spoofed_flood,generator_ground_truth,docker_multihost,373,1,-0.0,0.0094,0.0001,373,8.543
ddos_multi_04__ddos_spoofed_8,1,1789389714.6240506,real,ddos_multi_04,spoofed_flood,generator_ground_truth,docker_multihost,388,1,-0.0,0.0094,0.0001,388,8.5999
ddos_multi_04__ddos_spoofed_8,1,1789389714.7640507,real,ddos_multi_04,spoofed_flood,generator_ground_truth,docker_multihost,403,1,-0.0,0.0094,0.0001,403,8.6546
ddos_multi_04__ddos_spoofed_8,1,1789389714.9040508,real,ddos_multi_04,spoofed_flood,generator_ground_truth,docker_multihost,418,1,-0.0,0.0094,0.0001,418,8.7074
ddos_multi_04__ddos_spoofed_8,1,1789389715.044051,real,ddos_multi_04,spoofed_flood,generator_ground_truth,docker_multihost,433,1,-0.0,0.0094,0.0001,433,8.7582
ddos_multi_04__ddos_spoofed_8,1,1789389715.184051,real,ddos_multi_04,spoofed_flood,generator_ground_truth,docker_multihost,448,1,-0.0,0.0094,0.0001,448,8.8074
ddos_multi_04__ddos_spoofed_8,1,1789389715.3240511,real,ddos_multi_04,spoofed_flood,generator_ground_truth,docker_multihost,463,1,-0.0,0.0094,0.0001,463,8.8549
ddos_multi_04__ddos_spoofed_8,1,1789389715.4640512,real,ddos_multi_04,spoofed_flood,generator_ground_truth,docker_multihost,478,1,-0.0,0.0094,0.0001,478,8.9009
ddos_multi_04__ddos_spoofed_8,1,1789389715.6040514,real,ddos_multi_04,spoofed_flood,generator_ground_truth,docker_multihost,493,1,-0.0,0.0094,0.0001,493,8.9454
ddos_multi_04__ddos_spoofed_8,1,1789389715.7440515,real,ddos_multi_04,spoofed_flood,generator_ground_truth,docker_multihost,508,1,-0.0,0.0094,0.0001,508,8.9887
ddos_multi_04__ddos_spoofed_8,1,1789389715.8840516,real,ddos_multi_04,spoofed_flood,generator_ground_truth,docker_multihost,523,1,-0.0,0.0094,0.0001,523,9.0307
ddos_multi_04__ddos_spoofed_8,1,1789389716.0240517,real,ddos_multi_04,spoofed_flood,generator_ground_truth,docker_multihost,538,1,-0.0,0.0094,0.0001,538,9.0715
ddos_multi_04__ddos_spoofed_8,1,1789389716.1640518,real,ddos_multi_04,spoofed_flood,generator_ground_truth,docker_multihost,553,1,-0.0,0.0094,0.0001,553,9.1111
ddos_multi_04__ddos_spoofed_8,1,1789389716.3040519,real,ddos_multi_04,spoofed_flood,generator_ground_truth,docker_multihost,568,1,-0.0,0.0094,0.0001,568,9.1497
ddos_multi_04__ddos_spoofed_8,1,1789389716.444052,real,ddos_multi_04,spoofed_flood,generator_ground_truth,docker_multihost,583,1,-0.0,0.0094,0.0001,583,9.1874
ddos_multi_04__ddos_spoofed_8,1,1789389716.584052,real,ddos_multi_04,spoofed_flood,generator_ground_truth,docker_multihost,598,1,-0.0,0.0094,0.0001,598,9.224
ddos_multi_04__ddos_spoofed_8,1,1789389716.7240522,real,ddos_multi_04,spoofed_flood,generator_ground_truth,docker_multihost,613,1,-0.0,0.0094,0.0001,613,9.2597
ddos_multi_04__ddos_spoofed_8,1,1789389716.8640523,real,ddos_multi_04,spoofed_flood,generator_ground_truth,docker_multihost,628,1,-0.0,0.0094,0.0001,628,9.2946
ddos_multi_04__ddos_spoofed_8,1,1789389717.0040524,real,ddos_multi_04,spoofed_flood,generator_ground_truth,docker_multihost,643,1,-0.0,0.0094,0.0001,643,9.3287
ddos_multi_04__ddos_spoofed_8,1,1789389717.1440525,real,ddos_multi_04,spoofed_flood,generator_ground_truth,docker_multihost,658,1,-0.0,0.0094,0.0001,658,9.3619
ddos_multi_04__ddos_spoofed_8,1,1789389717.2840526,real,ddos_multi_04,spoofed_flood,generator_ground_truth,docker_multihost,672,1,-0.0,0.0094,0.0004,672,9.3923
ddos_multi_04__ddos_spoofed_8,1,1789389717.4240527,real,ddos_multi_04,spoofed_flood,generator_ground_truth,docker_multihost,687,1,-0.0,0.0094,0.0004,687,9.4242
ddos_multi_04__ddos_spoofed_8,1,1789389717.5640528,real,ddos_multi_04,spoofed_flood,generator_ground_truth,docker_multihost,702,1,-0.0,0.0094,0.0004,702,9.4553
ddos_multi_04__ddos_spoofed_8,1,1789389717.704053,real,ddos_multi_04,spoofed_flood,generator_ground_truth,docker_multihost,717,1,-0.0,0.0094,0.0004,717,9.4858
ddos_multi_04__ddos_spoofed_8,1,1789389717.844053,real,ddos_multi_04,spoofed_flood,generator_ground_truth,docker_multihost,732,1,-0.0,0.0094,0.0003,732,9.5157
ddos_multi_04__ddos_spoofed_8,1,1789389717.9840531,real,ddos_multi_04,spoofed_flood,generator_ground_truth,docker_multihost,747,1,-0.0,0.0094,0.0003,747,9.545
ddos_multi_04__ddos_spoofed_8,1,1789389718.1240532,real,ddos_multi_04,spoofed_flood,generator_ground_truth,docker_multihost,762,1,-0.0,0.0094,0.0003,762,9.5736
ddos_multi_04__ddos_spoofed_8,1,1789389718.2640533,real,ddos_multi_04,spoofed_flood,generator_ground_truth,docker_multihost,777,1,-0.0,0.0094,0.0003,777,9.6018
ddos_multi_04__ddos_spoofed_8,1,1789389718.4040534,real,ddos_multi_04,spoofed_flood,generator_ground_truth,docker_multihost,792,1,-0.0,0.0094,0.0003,792,9.6294
ddos_multi_04__ddos_spoofed_8,1,1789389718.5440536,real,ddos_multi_04,spoofed_flood,generator_ground_truth,docker_multihost,807,1,-0.0,0.0094,0.0003,807,9.6564
ddos_multi_04__ddos_spoofed_8,1,1789389718.6840537,real,ddos_multi_04,spoofed_flood,generator_ground_truth,docker_multihost,822,1,-0.0,0.0094,0.0003,822,9.683
ddos_multi_04__ddos_spoofed_8,1,1789389718.8240538,real,ddos_multi_04,spoofed_flood,generator_ground_truth,docker_multihost,837,1,-0.0,0.0094,0.0003,837,9.7091
ddos_multi_04__ddos_spoofed_8,1,1789389718.9640539,real,ddos_multi_04,spoofed_flood,generator_ground_truth,docker_multihost,852,1,-0.0,0.0094,0.0003,852,9.7347
ddos_multi_04__ddos_spoofed_8,1,1789389719.104054,real,ddos_multi_04,spoofed_flood,generator_ground_truth,docker_multihost,867,1,-0.0,0.0094,0.0003,867,9.7599
ddos_multi_04__ddos_spoofed_8,1,1789389719.244054,real,ddos_multi_04,spoofed_flood,generator_ground_truth,docker_multihost,882,1,-0.0,0.0094,0.0003,882,9.7846
ddos_multi_04__ddos_spoofed_8,1,1789389719.3840542,real,ddos_multi_04,spoofed_flood,generator_ground_truth,docker_multihost,897,1,-0.0,0.0094,0.0003,897,9.809
ddos_multi_04__ddos_spoofed_8,1,1789389719.5240543,real,ddos_multi_04,spoofed_flood,generator_ground_truth,docker_multihost,912,1,-0.0,0.0094,0.0003,912,9.8329
ddos_multi_04__ddos_spoofed_8,1,1789389719.6640544,real,ddos_multi_04,spoofed_flood,generator_ground_truth,docker_multihost,927,1,-0.0,0.0094,0.0003,927,9.8564
ddos_multi_04__ddos_spoofed_8,1,1789389719.8040545,real,ddos_multi_04,spoofed_flood,generator_ground_truth,docker_multihost,942,1,-0.0,0.0094,0.0003,942,9.8796
ddos_multi_04__ddos_spoofed_8,1,1789389719.9440546,real,ddos_multi_04,spoofed_flood,generator_ground_truth,docker_multihost,956,1,-0.0,0.0094,0.0003,956,9.9009
ddos_multi_04__ddos_spoofed_8,1,1789389720.0840547,real,ddos_multi_04,spoofed_flood,generator_ground_truth,docker_multihost,971,1,-0.0,0.0094,0.0003,971,9.9233
ddos_multi_04__ddos_spoofed_8,1,1789389720.2240548,real,ddos_multi_04,spoofed_flood,generator_ground_truth,docker_multihost,985,1,-0.0,0.0094,0.0004,985,9.944
ddos_multi_04__ddos_spoofed_8,1,1789389720.364055,real,ddos_multi_04,spoofed_flood,generator_ground_truth,docker_multihost,1000,1,-0.0,0.0094,0.0004,1000,9.9658
ddos_multi_04__ddos_spoofed_8,1,1789389720.504055,real,ddos_multi_04,spoofed_flood,generator_ground_truth,docker_multihost,1014,1,-0.0,0.0094,0.0005,1014,9.9858
ddos_multi_04__ddos_spoofed_8,1,1789389720.6440551,real,ddos_multi_04,spoofed_flood,generator_ground_truth,docker_multihost,1029,1,-0.0,0.0094,0.0005,1029,10.007
ddos_multi_04__ddos_spoofed_8,1,1789389720.7840552,real,ddos_multi_04,spoofed_flood,generator_ground_truth,docker_multihost,1044,1,-0.0,0.0094,0.0005,1044,10.0279
ddos_multi_04__ddos_spoofed_8,1,1789389720.9240553,real,ddos_multi_04,spoofed_flood,generator_ground_truth,docker_multihost,1059,1,-0.0,0.0094,0.0005,1059,10.0485
ddos_multi_04__ddos_spoofed_8,1,1789389721.0640554,real,ddos_multi_04,spoofed_flood,generator_ground_truth,docker_multihost,1066,1,-0.0,0.0094,0.0005,1066,10.058
ddos_multi_04__ddos_spoofed_8,1,1789389721.2040555,real,ddos_multi_04,spoofed_flood,generator_ground_truth,docker_multihost,1066,1,-0.0,0.0094,0.0005,1066,10.058
ddos_multi_04__ddos_spoofed_8,1,1789389721.3440557,real,ddos_multi_04,spoofed_flood,generator_ground_truth,docker_multihost,1066,1,-0.0,0.0094,0.0005,1066,10.058
ddos_multi_04__ddos_spoofed_8,1,1789389721.4840558,real,ddos_multi_04,spoofed_flood,generator_ground_truth,docker_multihost,1066,1,-0.0,0.0094,0.0005,1066,10.058
ddos_multi_04__ddos_spoofed_8,1,1789389721.6240559,real,ddos_multi_04,spoofed_flood,generator_ground_truth,docker_multihost,1066,1,-0.0,0.0094,0.0005,1066,10.058
ddos_multi_04__ddos_spoofed_8,1,1789389721.764056,real,ddos_multi_04,spoofed_flood,generator_ground_truth,docker_multihost,1066,1,-0.0,0.0094,0.0005,1066,10.058
ddos_multi_04__ddos_spoofed_8,1,1789389721.904056,real,ddos_multi_04,spoofed_flood,generator_ground_truth,docker_multihost,1066,1,-0.0,0.0094,0.0005,1066,10.058
ddos_multi_04__ddos_spoofed_8,1,1789389722.0440562,real,ddos_multi_04,spoofed_flood,generator_ground_truth,docker_multihost,1065,1,-0.0,0.0094,0.0005,1065,10.0566
ddos_multi_04__ddos_spoofed_8,1,1789389722.1840563,real,ddos_multi_04,spoofed_flood,generator_ground_truth,docker_multihost,1066,1,-0.0,0.0094,0.0005,1066,10.058
ddos_multi_04__ddos_spoofed_8,1,1789389722.3240564,real,ddos_multi_04,spoofed_flood,generator_ground_truth,docker_multihost,1066,1,-0.0,0.0094,0.0005,1066,10.058
ddos_multi_04__ddos_spoofed_8,1,1789389722.4640565,real,ddos_multi_04,spoofed_flood,generator_ground_truth,docker_multihost,1067,1,-0.0,0.0094,0.0005,1067,10.0593
ddos_multi_04__ddos_spoofed_8,1,1789389722.6040566,real,ddos_multi_04,spoofed_flood,generator_ground_truth,docker_multihost,1067,1,-0.0,0.0094,0.0005,1067,10.0593
ddos_multi_04__ddos_spoofed_8,1,1789389722.7440567,real,ddos_multi_04,spoofed_flood,generator_ground_truth,docker_multihost,1067,1,-0.0,0.0094,0.0005,1067,10.0593
ddos_multi_04__ddos_spoofed_8,1,1789389722.8840568,real,ddos_multi_04,spoofed_flood,generator_ground_truth,docker_multihost,1067,1,-0.0,0.0094,0.0005,1067,10.0593
ddos_multi_04__ddos_spoofed_8,1,1789389723.024057,real,ddos_multi_04,spoofed_flood,generator_ground_truth,docker_multihost,1067,1,-0.0,0.0094,0.0005,1067,10.0593
ddos_multi_04__ddos_spoofed_8,1,1789389723.164057,real,ddos_multi_04,spoofed_flood,generator_ground_truth,docker_multihost,1067,1,-0.0,0.0094,0.0005,1067,10.0593
ddos_multi_04__ddos_spoofed_8,1,1789389723.3040571,real,ddos_multi_04,spoofed_flood,generator_ground_truth,docker_multihost,1067,1,-0.0,0.0094,0.0005,1067,10.0593
ddos_multi_04__ddos_spoofed_8,1,1789389723.4440572,real,ddos_multi_04,spoofed_flood,generator_ground_truth,docker_multihost,1067,1,-0.0,0.0094,0.0005,1067,10.0593
ddos_multi_04__ddos_spoofed_8,1,1789389723.5840573,real,ddos_multi_04,spoofed_flood,generator_ground_truth,docker_multihost,1067,1,-0.0,0.0094,0.0005,1067,10.0593
ddos_multi_04__ddos_spoofed_8,1,1789389723.7240574,real,ddos_multi_04,spoofed_flood,generator_ground_truth,docker_multihost,1067,1,-0.0,0.0094,0.0005,1067,10.0593
ddos_multi_04__ddos_spoofed_8,1,1789389723.8640575,real,ddos_multi_04,spoofed_flood,generator_ground_truth,docker_multihost,1067,1,-0.0,0.0094,0.0005,1067,10.0593
ddos_multi_04__ddos_spoofed_8,1,1789389724.0040576,real,ddos_multi_04,spoofed_flood,generator_ground_truth,docker_multihost,1067,1,-0.0,0.0094,0.0005,1067,10.0593
ddos_multi_04__ddos_spoofed_8,1,1789389724.1440578,real,ddos_multi_04,spoofed_flood,generator_ground_truth,docker_multihost,1067,1,-0.0,0.0094,0.0005,1067,10.0593
ddos_multi_04__ddos_spoofed_8,1,1789389724.2840579,real,ddos_multi_04,spoofed_flood,generator_ground_truth,docker_multihost,1067,1,-0.0,0.0094,0.0005,1067,10.0593
ddos_multi_04__ddos_spoofed_8,1,1789389724.424058,real,ddos_multi_04,spoofed_flood,generator_ground_truth,docker_multihost,1067,1,-0.0,0.0094,0.0005,1067,10.0593
ddos_multi_04__ddos_spoofed_8,1,1789389724.564058,real,ddos_multi_04,spoofed_flood,generator_ground_truth,docker_multihost,1067,1,-0.0,0.0094,0.0005,1067,10.0593
ddos_multi_04__ddos_spoofed_8,1,1789389724.7040582,real,ddos_multi_04,spoofed_flood,generator_ground_truth,docker_multihost,1067,1,-0.0,0.0094,0.0005,1067,10.0593
ddos_multi_04__ddos_spoofed_8,1,1789389724.8440583,real,ddos_multi_04,spoofed_flood,generator_ground_truth,docker_multihost,1067,1,-0.0,0.0094,0.0005,1067,10.0593
ddos_multi_04__ddos_spoofed_8,1,1789389724.9840584,real,ddos_multi_04,spoofed_flood,generator_ground_truth,docker_multihost,1067,1,-0.0,0.0094,0.0005,1067,10.0593
ddos_multi_04__ddos_spoofed_8,1,1789389725.1240585,real,ddos_multi_04,spoofed_flood,generator_ground_truth,docker_multihost,1067,1,-0.0,0.0094,0.0005,1067,10.0593
ddos_multi_04__ddos_spoofed_8,1,1789389725.2640586,real,ddos_multi_04,spoofed_flood,generator_ground_truth,docker_multihost,1066,1,-0.0,0.0094,0.0005,1066,10.058
ddos_multi_04__ddos_spoofed_8,1,1789389725.4040587,real,ddos_multi_04,spoofed_flood,generator_ground_truth,docker_multihost,1066,1,-0.0,0.0094,0.0005,1066,10.058
ddos_multi_04__ddos_spoofed_8,1,1789389725.5440588,real,ddos_multi_04,spoofed_flood,generator_ground_truth,docker_multihost,1067,1,-0.0,0.0094,0.0005,1067,10.0593
ddos_multi_04__ddos_spoofed_8,1,1789389725.684059,real,ddos_multi_04,spoofed_flood,generator_ground_truth,docker_multihost,1067,1,-0.0,0.0094,0.0005,1067,10.0593
ddos_multi_04__ddos_spoofed_8,1,1789389725.824059,real,ddos_multi_04,spoofed_flood,generator_ground_truth,docker_multihost,1067,1,-0.0,0.0094,0.0005,1067,10.0593
ddos_multi_04__ddos_spoofed_8,1,1789389725.964059,real,ddos_multi_04,spoofed_flood,generator_ground_truth,docker_multihost,1067,1,-0.0,0.0094,0.0005,1067,10.0593
ddos_multi_04__ddos_spoofed_8,1,1789389726.1040592,real,ddos_multi_04,spoofed_flood,generator_ground_truth,docker_multihost,1067,1,-0.0,0.0094,0.0005,1067,10.0593
ddos_multi_04__ddos_spoofed_8,1,1789389726.2440593,real,ddos_multi_04,spoofed_flood,generator_ground_truth,docker_multihost,1067,1,-0.0,0.0094,0.0005,1067,10.0593
ddos_multi_04__ddos_spoofed_8,1,1789389726.3840594,real,ddos_multi_04,spoofed_flood,generator_ground_truth,docker_multihost,1066,1,-0.0,0.0094,0.0005,1066,10.058
ddos_multi_04__ddos_spoofed_8,1,1789389726.5240595,real,ddos_multi_04,spoofed_flood,generator_ground_truth,docker_multihost,1067,1,-0.0,0.0094,0.0005,1067,10.0593
ddos_multi_04__ddos_spoofed_8,1,1789389726.6640596,real,ddos_multi_04,spoofed_flood,generator_ground_truth,docker_multihost,1066,1,-0.0,0.0094,0.0005,1066,10.058
ddos_multi_04__ddos_spoofed_8,1,1789389726.8040597,real,ddos_multi_04,spoofed_flood,generator_ground_truth,docker_multihost,1066,1,-0.0,0.0094,0.0005,1066,10.058
ddos_multi_04__ddos_spoofed_8,1,1789389726.9440598,real,ddos_multi_04,spoofed_flood,generator_ground_truth,docker_multihost,1067,1,-0.0,0.0094,0.0005,1067,10.0593
ddos_multi_04__ddos_spoofed_8,1,1789389727.08406,real,ddos_multi_04,spoofed_flood,generator_ground_truth,docker_multihost,1065,1,-0.0,0.0094,0.0005,1065,10.0566
ddos_multi_04__ddos_spoofed_8,1,1789389727.22406,real,ddos_multi_04,spoofed_flood,generator_ground_truth,docker_multihost,1066,1,-0.0,0.0094,0.0004,1066,10.058
ddos_multi_04__ddos_spoofed_8,1,1789389727.3640602,real,ddos_multi_04,spoofed_flood,generator_ground_truth,docker_multihost,1066,1,-0.0,0.0094,0.0004,1066,10.058
ddos_multi_04__ddos_spoofed_8,1,1789389727.5040603,real,ddos_multi_04,spoofed_flood,generator_ground_truth,docker_multihost,1066,1,-0.0,0.0094,0.0004,1066,10.058
ddos_multi_04__ddos_spoofed_8,1,1789389727.6440604,real,ddos_multi_04,spoofed_flood,generator_ground_truth,docker_multihost,1066,1,-0.0,0.0094,0.0004,1066,10.058
ddos_multi_04__ddos_spoofed_8,1,1789389727.7840605,real,ddos_multi_04,spoofed_flood,generator_ground_truth,docker_multihost,1066,1,-0.0,0.0094,0.0004,1066,10.058
ddos_multi_04__ddos_spoofed_8,1,1789389727.9240606,real,ddos_multi_04,spoofed_flood,generator_ground_truth,docker_multihost,1067,1,-0.0,0.0094,0.0004,1067,10.0593
ddos_multi_04__ddos_spoofed_8,1,1789389728.0640607,real,ddos_multi_04,spoofed_flood,generator_ground_truth,docker_multihost,1067,1,-0.0,0.0094,0.0004,1067,10.0593
ddos_multi_04__ddos_spoofed_8,1,1789389728.2040608,real,ddos_multi_04,spoofed_flood,generator_ground_truth,docker_multihost,1067,1,-0.0,0.0094,0.0004,1067,10.0593
ddos_multi_04__ddos_spoofed_8,1,1789389728.344061,real,ddos_multi_04,spoofed_flood,generator_ground_truth,docker_multihost,1067,1,-0.0,0.0094,0.0004,1067,10.0593
ddos_multi_04__ddos_spoofed_8,1,1789389728.484061,real,ddos_multi_04,spoofed_flood,generator_ground_truth,docker_multihost,1067,1,-0.0,0.0094,0.0004,1067,10.0593
ddos_multi_04__ddos_spoofed_8,1,1789389728.624061,real,ddos_multi_04,spoofed_flood,generator_ground_truth,docker_multihost,1067,1,-0.0,0.0094,0.0004,1067,10.0593
ddos_multi_04__ddos_spoofed_8,1,1789389728.7640612,real,ddos_multi_04,spoofed_flood,generator_ground_truth,docker_multihost,1067,1,-0.0,0.0094,0.0004,1067,10.0593
ddos_multi_04__ddos_spoofed_8,1,1789389728.9040613,real,ddos_multi_04,spoofed_flood,generator_ground_truth,docker_multihost,1067,1,-0.0,0.0094,0.0004,1067,10.0593
ddos_multi_04__ddos_spoofed_8,1,1789389729.0440614,real,ddos_multi_04,spoofed_flood,generator_ground_truth,docker_multihost,1067,1,-0.0,0.0094,0.0004,1067,10.0593
ddos_multi_04__ddos_spoofed_8,1,1789389729.1840615,real,ddos_multi_04,spoofed_flood,generator_ground_truth,docker_multihost,1067,1,-0.0,0.0094,0.0004,1067,10.0593
ddos_multi_04__ddos_spoofed_8,1,1789389729.3240616,real,ddos_multi_04,spoofed_flood,generator_ground_truth,docker_multihost,1067,1,-0.0,0.0094,0.0004,1067,10.0593
ddos_multi_04__ddos_spoofed_8,1,1789389729.4640617,real,ddos_multi_04,spoofed_flood,generator_ground_truth,docker_multihost,1067,1,-0.0,0.0094,0.0004,1067,10.0593
ddos_multi_04__ddos_spoofed_8,1,1789389729.6040618,real,ddos_multi_04,spoofed_flood,generator_ground_truth,docker_multihost,1067,1,-0.0,0.0094,0.0004,1067,10.0593
ddos_multi_04__ddos_spoofed_8,1,1789389729.744062,real,ddos_multi_04,spoofed_flood,generator_ground_truth,docker_multihost,1067,1,-0.0,0.0094,0.0004,1067,10.0593
ddos_multi_04__ddos_spoofed_8,1,1789389729.884062,real,ddos_multi_04,spoofed_flood,generator_ground_truth,docker_multihost,1067,1,-0.0,0.0094,0.0004,1067,10.0593
ddos_multi_04__ddos_spoofed_8,1,1789389730.0240622,real,ddos_multi_04,spoofed_flood,generator_ground_truth,docker_multihost,1067,1,-0.0,0.0094,0.0004,1067,10.0593
ddos_multi_04__ddos_spoofed_8,1,1789389730.1640623,real,ddos_multi_04,spoofed_flood,generator_ground_truth,docker_multihost,1068,1,-0.0,0.0094,0.0003,1068,10.0607
ddos_multi_04__ddos_spoofed_8,1,1789389730.3040624,real,ddos_multi_04,spoofed_flood,generator_ground_truth,docker_multihost,1068,1,-0.0,0.0094,0.0003,1068,10.0607
ddos_multi_04__ddos_spoofed_8,1,1789389730.4440625,real,ddos_multi_04,spoofed_flood,generator_ground_truth,docker_multihost,1070,1,-0.0,0.0093,0.0001,1070,10.0634
ddos_multi_04__ddos_spoofed_8,1,1789389730.5840626,real,ddos_multi_04,spoofed_flood,generator_ground_truth,docker_multihost,1069,1,-0.0,0.0093,0.0001,1069,10.062
ddos_multi_04__ddos_spoofed_8,1,1789389730.7240627,real,ddos_multi_04,spoofed_flood,generator_ground_truth,docker_multihost,1054,1,-0.0,0.0093,0.0001,1054,10.0417
ddos_multi_04__ddos_spoofed_8,1,1789389730.8640628,real,ddos_multi_04,spoofed_flood,generator_ground_truth,docker_multihost,1039,1,-0.0,0.0093,0.0001,1039,10.021
ddos_multi_04__ddos_spoofed_8,1,1789389731.004063,real,ddos_multi_04,spoofed_flood,generator_ground_truth,docker_multihost,1024,1,-0.0,0.0093,0.0001,1024,10.0
ddos_multi_04__benign_udpspoof_9,0,1789389732.526799,real,ddos_multi_04,,generator_ground_truth,docker_multihost,1,1,-0.0,0.0,0.0,1,-0.0
ddos_multi_04__benign_udpspoof_9,0,1789389732.666799,real,ddos_multi_04,,generator_ground_truth,docker_multihost,1,1,-0.0,0.0,0.0,1,-0.0
ddos_multi_04__benign_udpspoof_9,0,1789389732.8067992,real,ddos_multi_04,,generator_ground_truth,docker_multihost,1,1,-0.0,0.0,0.0,1,-0.0
ddos_multi_04__benign_udpspoof_9,0,1789389732.9467993,real,ddos_multi_04,,generator_ground_truth,docker_multihost,1,1,-0.0,0.0,0.0,1,-0.0
ddos_multi_04__benign_udpspoof_9,0,1789389733.0867994,real,ddos_multi_04,,generator_ground_truth,docker_multihost,1,1,-0.0,0.0,0.0,1,-0.0
ddos_multi_04__benign_udpspoof_9,0,1789389733.2267995,real,ddos_multi_04,,generator_ground_truth,docker_multihost,1,1,-0.0,0.0,0.0,1,-0.0
ddos_multi_04__benign_udpspoof_9,0,1789389733.3667996,real,ddos_multi_04,,generator_ground_truth,docker_multihost,2,2,1.0,0.8263,0.0,1,-0.0
ddos_multi_04__benign_udpspoof_9,0,1789389733.5067997,real,ddos_multi_04,,generator_ground_truth,docker_multihost,2,2,1.0,0.8263,0.0,1,-0.0
ddos_multi_04__benign_udpspoof_9,0,1789389733.6467998,real,ddos_multi_04,,generator_ground_truth,docker_multihost,2,2,1.0,0.8263,0.0,1,-0.0
ddos_multi_04__benign_udpspoof_9,0,1789389733.7868,real,ddos_multi_04,,generator_ground_truth,docker_multihost,2,2,1.0,0.8263,0.0,1,-0.0
ddos_multi_04__benign_udpspoof_9,0,1789389733.9268,real,ddos_multi_04,,generator_ground_truth,docker_multihost,2,2,1.0,0.8263,0.0,1,-0.0
ddos_multi_04__benign_udpspoof_9,0,1789389734.0668,real,ddos_multi_04,,generator_ground_truth,docker_multihost,2,2,1.0,0.8263,0.0,1,-0.0
ddos_multi_04__benign_udpspoof_9,0,1789389734.2068002,real,ddos_multi_04,,generator_ground_truth,docker_multihost,2,2,1.0,0.8263,0.0,1,-0.0
ddos_multi_04__benign_udpspoof_9,0,1789389734.3468003,real,ddos_multi_04,,generator_ground_truth,docker_multihost,2,2,1.0,0.8263,0.0,1,-0.0
ddos_multi_04__benign_udpspoof_9,0,1789389734.4868004,real,ddos_multi_04,,generator_ground_truth,docker_multihost,2,2,1.0,0.8263,0.0,1,-0.0
ddos_multi_04__benign_udpspoof_9,0,1789389734.6268005,real,ddos_multi_04,,generator_ground_truth,docker_multihost,3,3,1.585,1.0778,0.2515,1,-0.0
ddos_multi_04__benign_udpspoof_9,0,1789389734.7668006,real,ddos_multi_04,,generator_ground_truth,docker_multihost,3,3,1.585,1.0778,0.2515,1,-0.0
ddos_multi_04__benign_udpspoof_9,0,1789389734.9068007,real,ddos_multi_04,,generator_ground_truth,docker_multihost,3,3,1.585,1.0778,0.2515,1,-0.0
ddos_multi_04__benign_udpspoof_9,0,1789389735.0468009,real,ddos_multi_04,,generator_ground_truth,docker_multihost,3,3,1.585,1.0778,0.2515,1,-0.0
ddos_multi_04__benign_udpspoof_9,0,1789389735.186801,real,ddos_multi_04,,generator_ground_truth,docker_multihost,4,3,1.5,0.8878,0.3382,1,-0.0
ddos_multi_04__benign_udpspoof_9,0,1789389735.326801,real,ddos_multi_04,,generator_ground_truth,docker_multihost,4,3,1.5,0.8878,0.3382,1,-0.0
ddos_multi_04__benign_udpspoof_9,0,1789389735.4668012,real,ddos_multi_04,,generator_ground_truth,docker_multihost,4,3,1.5,0.8878,0.3382,1,-0.0
ddos_multi_04__benign_udpspoof_9,0,1789389735.6068013,real,ddos_multi_04,,generator_ground_truth,docker_multihost,4,3,1.5,0.8878,0.3382,1,-0.0
ddos_multi_04__benign_udpspoof_9,0,1789389735.7468014,real,ddos_multi_04,,generator_ground_truth,docker_multihost,4,3,1.5,0.8878,0.3382,1,-0.0
ddos_multi_04__benign_udpspoof_9,0,1789389735.8868015,real,ddos_multi_04,,generator_ground_truth,docker_multihost,4,3,1.5,0.8878,0.3382,1,-0.0
ddos_multi_04__benign_udpspoof_9,0,1789389736.0268016,real,ddos_multi_04,,generator_ground_truth,docker_multihost,4,3,1.5,0.8878,0.3382,1,-0.0
ddos_multi_04__benign_udpspoof_9,0,1789389736.1668017,real,ddos_multi_04,,generator_ground_truth,docker_multihost,4,3,1.5,0.8878,0.3382,1,-0.0
ddos_multi_04__benign_udpspoof_9,0,1789389736.3068018,real,ddos_multi_04,,generator_ground_truth,docker_multihost,4,3,1.5,0.8878,0.3382,1,-0.0
ddos_multi_04__benign_udpspoof_9,0,1789389736.446802,real,ddos_multi_04,,generator_ground_truth,docker_multihost,4,3,1.5,0.8878,0.3382,1,-0.0
ddos_multi_04__benign_udpspoof_9,0,1789389736.586802,real,ddos_multi_04,,generator_ground_truth,docker_multihost,5,3,1.5219,1.0191,0.3708,1,-0.0
ddos_multi_04__benign_udpspoof_9,0,1789389736.726802,real,ddos_multi_04,,generator_ground_truth,docker_multihost,5,3,1.5219,1.0191,0.3708,1,-0.0
ddos_multi_04__benign_udpspoof_9,0,1789389736.8668022,real,ddos_multi_04,,generator_ground_truth,docker_multihost,5,3,1.5219,1.0191,0.3708,1,-0.0
ddos_multi_04__benign_udpspoof_9,0,1789389737.0068023,real,ddos_multi_04,,generator_ground_truth,docker_multihost,5,3,1.5219,1.0191,0.3708,1,-0.0
ddos_multi_04__benign_udpspoof_9,0,1789389737.1468024,real,ddos_multi_04,,generator_ground_truth,docker_multihost,6,3,1.585,0.9155,0.391,1,-0.0
ddos_multi_04__benign_udpspoof_9,0,1789389737.2868025,real,ddos_multi_04,,generator_ground_truth,docker_multihost,6,3,1.585,0.9155,0.391,1,-0.0
ddos_multi_04__benign_udpspoof_9,0,1789389737.4268026,real,ddos_multi_04,,generator_ground_truth,docker_multihost,6,3,1.585,0.9155,0.391,1,-0.0
ddos_multi_04__benign_udpspoof_9,0,1789389737.5668027,real,ddos_multi_04,,generator_ground_truth,docker_multihost,6,3,1.585,0.9155,0.391,1,-0.0
ddos_multi_04__benign_udpspoof_9,0,1789389737.7068028,real,ddos_multi_04,,generator_ground_truth,docker_multihost,6,3,1.585,0.9155,0.391,1,-0.0
ddos_multi_04__benign_udpspoof_9,0,1789389737.846803,real,ddos_multi_04,,generator_ground_truth,docker_multihost,6,3,1.585,0.9155,0.391,1,-0.0
ddos_multi_04__benign_udpspoof_9,0,1789389737.986803,real,ddos_multi_04,,generator_ground_truth,docker_multihost,7,3,1.5567,0.9084,0.3573,1,-0.0
ddos_multi_04__benign_udpspoof_9,0,1789389738.1268032,real,ddos_multi_04,,generator_ground_truth,docker_multihost,7,3,1.5567,0.9084,0.3573,1,-0.0
ddos_multi_04__benign_udpspoof_9,0,1789389738.2668033,real,ddos_multi_04,,generator_ground_truth,docker_multihost,7,3,1.5567,0.9084,0.3573,1,-0.0
ddos_multi_04__benign_udpspoof_9,0,1789389738.4068034,real,ddos_multi_04,,generator_ground_truth,docker_multihost,7,3,1.5567,0.9084,0.3573,1,-0.0
ddos_multi_04__benign_udpspoof_9,0,1789389738.5468035,real,ddos_multi_04,,generator_ground_truth,docker_multihost,7,3,1.5567,0.9084,0.3573,1,-0.0
ddos_multi_04__benign_udpspoof_9,0,1789389738.6868036,real,ddos_multi_04,,generator_ground_truth,docker_multihost,7,3,1.5567,0.9084,0.3573,1,-0.0
ddos_multi_04__benign_udpspoof_9,0,1789389738.8268037,real,ddos_multi_04,,generator_ground_truth,docker_multihost,7,3,1.5567,0.9084,0.3573,1,-0.0
ddos_multi_04__benign_udpspoof_9,0,1789389738.9668038,real,ddos_multi_04,,generator_ground_truth,docker_multihost,7,3,1.5567,0.9084,0.3573,1,-0.0
ddos_multi_04__benign_udpspoof_9,0,1789389739.106804,real,ddos_multi_04,,generator_ground_truth,docker_multihost,8,3,1.5613,0.9377,0.3385,1,-0.0
ddos_multi_04__benign_udpspoof_9,0,1789389739.246804,real,ddos_multi_04,,generator_ground_truth,docker_multihost,8,3,1.5613,0.9377,0.3385,1,-0.0
ddos_multi_04__benign_udpspoof_9,0,1789389739.386804,real,ddos_multi_04,,generator_ground_truth,docker_multihost,8,3,1.5613,0.9377,0.3385,1,-0.0
ddos_multi_04__benign_udpspoof_9,0,1789389739.5268042,real,ddos_multi_04,,generator_ground_truth,docker_multihost,8,3,1.5613,0.9377,0.3385,1,-0.0
ddos_multi_04__benign_udpspoof_9,0,1789389739.6668043,real,ddos_multi_04,,generator_ground_truth,docker_multihost,8,3,1.5613,0.9377,0.3385,1,-0.0
ddos_multi_04__benign_udpspoof_9,0,1789389739.8068044,real,ddos_multi_04,,generator_ground_truth,docker_multihost,8,3,1.5613,0.9377,0.3385,1,-0.0
ddos_multi_04__benign_udpspoof_9,0,1789389739.9468045,real,ddos_multi_04,,generator_ground_truth,docker_multihost,8,3,1.5613,0.9377,0.3385,1,-0.0
ddos_multi_04__benign_udpspoof_9,0,1789389740.0868046,real,ddos_multi_04,,generator_ground_truth,docker_multihost,9,3,1.585,0.9397,0.3167,1,-0.0
ddos_multi_04__benign_udpspoof_9,0,1789389740.2268047,real,ddos_multi_04,,generator_ground_truth,docker_multihost,9,3,1.585,0.9397,0.3167,1,-0.0
ddos_multi_04__benign_udpspoof_9,0,1789389740.3668048,real,ddos_multi_04,,generator_ground_truth,docker_multihost,9,3,1.585,0.9397,0.3167,1,-0.0
ddos_multi_04__benign_udpspoof_9,0,1789389740.506805,real,ddos_multi_04,,generator_ground_truth,docker_multihost,9,3,1.585,0.9397,0.3167,1,-0.0
ddos_multi_04__benign_udpspoof_9,0,1789389740.646805,real,ddos_multi_04,,generator_ground_truth,docker_multihost,9,3,1.585,0.9397,0.3167,1,-0.0
ddos_multi_04__benign_udpspoof_9,0,1789389740.7868052,real,ddos_multi_04,,generator_ground_truth,docker_multihost,9,3,1.585,0.9397,0.3167,1,-0.0
ddos_multi_04__benign_udpspoof_9,0,1789389740.9268053,real,ddos_multi_04,,generator_ground_truth,docker_multihost,10,3,1.571,0.9318,0.2994,1,-0.0
ddos_multi_04__benign_udpspoof_9,0,1789389741.0668054,real,ddos_multi_04,,generator_ground_truth,docker_multihost,10,3,1.571,0.9318,0.2994,1,-0.0
ddos_multi_04__benign_udpspoof_9,0,1789389741.2068055,real,ddos_multi_04,,generator_ground_truth,docker_multihost,10,3,1.571,0.9318,0.2994,1,-0.0
ddos_multi_04__benign_udpspoof_9,0,1789389741.3468056,real,ddos_multi_04,,generator_ground_truth,docker_multihost,10,3,1.571,0.9318,0.2994,1,-0.0
ddos_multi_04__benign_udpspoof_9,0,1789389741.4868057,real,ddos_multi_04,,generator_ground_truth,docker_multihost,10,3,1.571,0.9318,0.2994,1,-0.0
ddos_multi_04__benign_udpspoof_9,0,1789389741.6268058,real,ddos_multi_04,,generator_ground_truth,docker_multihost,10,3,1.571,0.9318,0.2994,1,-0.0
ddos_multi_04__benign_udpspoof_9,0,1789389741.766806,real,ddos_multi_04,,generator_ground_truth,docker_multihost,10,3,1.571,0.9318,0.2994,1,-0.0
ddos_multi_04__benign_udpspoof_9,0,1789389741.906806,real,ddos_multi_04,,generator_ground_truth,docker_multihost,11,3,1.5726,0.9458,0.2872,1,-0.0
ddos_multi_04__benign_udpspoof_9,0,1789389742.046806,real,ddos_multi_04,,generator_ground_truth,docker_multihost,11,3,1.5726,0.9458,0.2872,1,-0.0
ddos_multi_04__benign_udpspoof_9,0,1789389742.1868062,real,ddos_multi_04,,generator_ground_truth,docker_multihost,11,3,1.5726,0.9458,0.2872,1,-0.0
ddos_multi_04__benign_udpspoof_9,0,1789389742.3268063,real,ddos_multi_04,,generator_ground_truth,docker_multihost,11,3,1.5726,0.9458,0.2872,1,-0.0
ddos_multi_04__benign_udpspoof_9,0,1789389742.4668064,real,ddos_multi_04,,generator_ground_truth,docker_multihost,10,3,1.571,0.9591,0.2998,1,-0.0
ddos_multi_04__benign_udpspoof_9,0,1789389742.6068065,real,ddos_multi_04,,generator_ground_truth,docker_multihost,10,3,1.571,0.9591,0.2998,1,-0.0
ddos_multi_04__benign_udpspoof_9,0,1789389742.7468066,real,ddos_multi_04,,generator_ground_truth,docker_multihost,10,3,1.571,0.9591,0.2998,1,-0.0
ddos_multi_04__benign_udpspoof_9,0,1789389742.8868067,real,ddos_multi_04,,generator_ground_truth,docker_multihost,10,3,1.571,0.9591,0.2998,1,-0.0
ddos_multi_04__benign_udpspoof_9,0,1789389743.0268068,real,ddos_multi_04,,generator_ground_truth,docker_multihost,10,3,1.571,0.9591,0.2998,1,-0.0
ddos_multi_04__benign_udpspoof_9,0,1789389743.166807,real,ddos_multi_04,,generator_ground_truth,docker_multihost,10,3,1.571,0.9591,0.2998,1,-0.0
ddos_multi_04__benign_udpspoof_9,0,1789389743.306807,real,ddos_multi_04,,generator_ground_truth,docker_multihost,10,3,1.571,0.9546,0.2945,1,-0.0
ddos_multi_04__benign_udpspoof_9,0,1789389743.4468071,real,ddos_multi_04,,generator_ground_truth,docker_multihost,10,3,1.571,0.9546,0.2945,1,-0.0
ddos_multi_04__benign_udpspoof_9,0,1789389743.5868073,real,ddos_multi_04,,generator_ground_truth,docker_multihost,10,3,1.571,0.9546,0.2945,1,-0.0
ddos_multi_04__benign_udpspoof_9,0,1789389743.7268074,real,ddos_multi_04,,generator_ground_truth,docker_multihost,10,3,1.571,0.9546,0.2945,1,-0.0
ddos_multi_04__benign_udpspoof_9,0,1789389743.8668075,real,ddos_multi_04,,generator_ground_truth,docker_multihost,10,3,1.571,0.9546,0.2945,1,-0.0
ddos_multi_04__benign_udpspoof_9,0,1789389744.0068076,real,ddos_multi_04,,generator_ground_truth,docker_multihost,10,3,1.571,0.9546,0.2945,1,-0.0
ddos_multi_04__benign_udpspoof_9,0,1789389744.1468077,real,ddos_multi_04,,generator_ground_truth,docker_multihost,11,3,1.5726,0.9458,0.2806,1,-0.0
ddos_multi_04__benign_udpspoof_9,0,1789389744.2868078,real,ddos_multi_04,,generator_ground_truth,docker_multihost,11,3,1.5726,0.9458,0.2806,1,-0.0
ddos_multi_04__benign_udpspoof_9,0,1789389744.4268079,real,ddos_multi_04,,generator_ground_truth,docker_multihost,11,3,1.5726,0.9458,0.2806,1,-0.0
ddos_multi_04__benign_udpspoof_9,0,1789389744.566808,real,ddos_multi_04,,generator_ground_truth,docker_multihost,11,3,1.5726,0.9458,0.2806,1,-0.0
ddos_multi_04__benign_udpspoof_9,0,1789389744.706808,real,ddos_multi_04,,generator_ground_truth,docker_multihost,10,3,1.571,0.9945,0.2526,1,-0.0
ddos_multi_04__benign_udpspoof_9,0,1789389744.8468082,real,ddos_multi_04,,generator_ground_truth,docker_multihost,10,3,1.571,0.9945,0.2526,1,-0.0
ddos_multi_04__benign_udpspoof_9,0,1789389744.9868083,real,ddos_multi_04,,generator_ground_truth,docker_multihost,10,3,1.571,0.9945,0.2526,1,-0.0
ddos_multi_04__benign_udpspoof_9,0,1789389745.1268084,real,ddos_multi_04,,generator_ground_truth,docker_multihost,9,3,1.585,0.9422,0.2172,1,-0.0
ddos_multi_04__benign_udpspoof_9,0,1789389745.2668085,real,ddos_multi_04,,generator_ground_truth,docker_multihost,9,3,1.585,0.9422,0.2172,1,-0.0
ddos_multi_04__benign_udpspoof_9,0,1789389745.4068086,real,ddos_multi_04,,generator_ground_truth,docker_multihost,9,3,1.585,0.9422,0.2172,1,-0.0
ddos_multi_04__benign_udpspoof_9,0,1789389745.5468087,real,ddos_multi_04,,generator_ground_truth,docker_multihost,10,3,1.571,1.0011,0.264,1,-0.0
ddos_multi_04__benign_udpspoof_9,0,1789389745.6868088,real,ddos_multi_04,,generator_ground_truth,docker_multihost,10,3,1.571,1.0011,0.264,1,-0.0
ddos_multi_04__benign_udpspoof_9,0,1789389745.826809,real,ddos_multi_04,,generator_ground_truth,docker_multihost,10,3,1.571,1.0011,0.264,1,-0.0
ddos_multi_04__benign_udpspoof_9,0,1789389745.966809,real,ddos_multi_04,,generator_ground_truth,docker_multihost,10,3,1.571,1.0011,0.264,1,-0.0
ddos_multi_04__benign_udpspoof_9,0,1789389746.1068091,real,ddos_multi_04,,generator_ground_truth,docker_multihost,10,3,1.571,1.0011,0.264,1,-0.0
ddos_multi_04__benign_udpspoof_9,0,1789389746.2468092,real,ddos_multi_04,,generator_ground_truth,docker_multihost,10,3,1.571,1.0011,0.264,1,-0.0
ddos_multi_04__benign_udpspoof_9,0,1789389746.3868093,real,ddos_multi_04,,generator_ground_truth,docker_multihost,11,3,1.5726,0.9783,0.2597,1,-0.0
ddos_multi_04__benign_udpspoof_9,0,1789389746.5268095,real,ddos_multi_04,,generator_ground_truth,docker_multihost,10,3,1.571,1.0313,0.2164,1,-0.0
ddos_multi_04__benign_udpspoof_9,0,1789389746.6668096,real,ddos_multi_04,,generator_ground_truth,docker_multihost,10,3,1.571,1.0313,0.2164,1,-0.0
ddos_multi_04__benign_udpspoof_9,0,1789389746.8068097,real,ddos_multi_04,,generator_ground_truth,docker_multihost,10,3,1.571,1.0313,0.2164,1,-0.0
ddos_multi_04__benign_udpspoof_9,0,1789389746.9468098,real,ddos_multi_04,,generator_ground_truth,docker_multihost,10,3,1.571,1.0313,0.2164,1,-0.0
ddos_multi_04__benign_udpspoof_9,0,1789389747.0868099,real,ddos_multi_04,,generator_ground_truth,docker_multihost,9,3,1.585,1.0512,0.2217,1,-0.0
ddos_multi_04__benign_udpspoof_9,0,1789389747.22681,real,ddos_multi_04,,generator_ground_truth,docker_multihost,10,3,1.571,1.025,0.2217,1,-0.0
ddos_multi_04__benign_udpspoof_9,0,1789389747.36681,real,ddos_multi_04,,generator_ground_truth,docker_multihost,10,3,1.571,1.025,0.2217,1,-0.0
ddos_multi_04__benign_udpspoof_9,0,1789389747.5068102,real,ddos_multi_04,,generator_ground_truth,docker_multihost,10,3,1.571,1.025,0.2217,1,-0.0
ddos_multi_04__benign_udpspoof_9,0,1789389747.6468103,real,ddos_multi_04,,generator_ground_truth,docker_multihost,10,3,1.571,1.025,0.2217,1,-0.0
ddos_multi_04__benign_udpspoof_9,0,1789389747.7868104,real,ddos_multi_04,,generator_ground_truth,docker_multihost,10,3,1.571,1.025,0.2217,1,-0.0
ddos_multi_04__ddos_spoofed_9,1,1789389748.942231,real,ddos_multi_04,spoofed_flood,generator_ground_truth,docker_multihost,40,1,-0.0,0.0035,0.0,40,5.3219
ddos_multi_04__ddos_spoofed_9,1,1789389749.082231,real,ddos_multi_04,spoofed_flood,generator_ground_truth,docker_multihost,80,1,-0.0,0.0035,0.0,80,6.3219
ddos_multi_04__ddos_spoofed_9,1,1789389749.2222311,real,ddos_multi_04,spoofed_flood,generator_ground_truth,docker_multihost,120,1,-0.0,0.0035,0.0,120,6.9069
ddos_multi_04__ddos_spoofed_9,1,1789389749.3622313,real,ddos_multi_04,spoofed_flood,generator_ground_truth,docker_multihost,161,1,-0.0,0.0035,0.0,161,7.3309
ddos_multi_04__ddos_spoofed_9,1,1789389749.5022314,real,ddos_multi_04,spoofed_flood,generator_ground_truth,docker_multihost,201,1,-0.0,0.0035,0.0,201,7.6511
ddos_multi_04__ddos_spoofed_9,1,1789389749.6422315,real,ddos_multi_04,spoofed_flood,generator_ground_truth,docker_multihost,241,1,-0.0,0.0035,0.0,241,7.9129
ddos_multi_04__ddos_spoofed_9,1,1789389749.7822316,real,ddos_multi_04,spoofed_flood,generator_ground_truth,docker_multihost,282,1,-0.0,0.0035,0.0,282,8.1396
ddos_multi_04__ddos_spoofed_9,1,1789389749.9222317,real,ddos_multi_04,spoofed_flood,generator_ground_truth,docker_multihost,322,1,-0.0,0.0035,0.0,322,8.3309
ddos_multi_04__ddos_spoofed_9,1,1789389750.0622318,real,ddos_multi_04,spoofed_flood,generator_ground_truth,docker_multihost,363,1,-0.0,0.0035,0.0,363,8.5038
ddos_multi_04__ddos_spoofed_9,1,1789389750.202232,real,ddos_multi_04,spoofed_flood,generator_ground_truth,docker_multihost,403,1,-0.0,0.0035,0.0,403,8.6546
ddos_multi_04__ddos_spoofed_9,1,1789389750.342232,real,ddos_multi_04,spoofed_flood,generator_ground_truth,docker_multihost,444,1,-0.0,0.0035,0.0,444,8.7944
ddos_multi_04__ddos_spoofed_9,1,1789389750.482232,real,ddos_multi_04,spoofed_flood,generator_ground_truth,docker_multihost,483,1,-0.0,0.0035,0.0,483,8.9159
ddos_multi_04__ddos_spoofed_9,1,1789389750.6222322,real,ddos_multi_04,spoofed_flood,generator_ground_truth,docker_multihost,523,1,-0.0,0.0035,0.0002,523,9.0307
ddos_multi_04__ddos_spoofed_9,1,1789389750.7622323,real,ddos_multi_04,spoofed_flood,generator_ground_truth,docker_multihost,563,1,-0.0,0.0035,0.0002,563,9.137
ddos_multi_04__ddos_spoofed_9,1,1789389750.9022324,real,ddos_multi_04,spoofed_flood,generator_ground_truth,docker_multihost,604,1,-0.0,0.0035,0.0002,604,9.2384
ddos_multi_04__ddos_spoofed_9,1,1789389751.0422325,real,ddos_multi_04,spoofed_flood,generator_ground_truth,docker_multihost,645,1,-0.0,0.0035,0.0001,645,9.3332
ddos_multi_04__ddos_spoofed_9,1,1789389751.1822326,real,ddos_multi_04,spoofed_flood,generator_ground_truth,docker_multihost,685,1,-0.0,0.0035,0.0001,685,9.42
ddos_multi_04__ddos_spoofed_9,1,1789389751.3222327,real,ddos_multi_04,spoofed_flood,generator_ground_truth,docker_multihost,726,1,-0.0,0.0035,0.0001,726,9.5038
ddos_multi_04__ddos_spoofed_9,1,1789389751.4622328,real,ddos_multi_04,spoofed_flood,generator_ground_truth,docker_multihost,767,1,-0.0,0.0035,0.0001,767,9.5831
ddos_multi_04__ddos_spoofed_9,1,1789389751.602233,real,ddos_multi_04,spoofed_flood,generator_ground_truth,docker_multihost,806,1,-0.0,0.0035,0.0002,806,9.6546
ddos_multi_04__ddos_spoofed_9,1,1789389751.742233,real,ddos_multi_04,spoofed_flood,generator_ground_truth,docker_multihost,845,1,-0.0,0.0035,0.0002,845,9.7228
ddos_multi_04__ddos_spoofed_9,1,1789389751.8822331,real,ddos_multi_04,spoofed_flood,generator_ground_truth,docker_multihost,885,1,-0.0,0.0035,0.0002,885,9.7895
ddos_multi_04__ddos_spoofed_9,1,1789389752.0222332,real,ddos_multi_04,spoofed_flood,generator_ground_truth,docker_multihost,926,1,-0.0,0.0035,0.0002,926,9.8549
ddos_multi_04__ddos_spoofed_9,1,1789389752.1622334,real,ddos_multi_04,spoofed_flood,generator_ground_truth,docker_multihost,967,1,-0.0,0.0035,0.0002,967,9.9174
ddos_multi_04__ddos_spoofed_9,1,1789389752.3022335,real,ddos_multi_04,spoofed_flood,generator_ground_truth,docker_multihost,1006,1,-0.0,0.0035,0.0002,1006,9.9744
ddos_multi_04__ddos_spoofed_9,1,1789389752.4422336,real,ddos_multi_04,spoofed_flood,generator_ground_truth,docker_multihost,1046,1,-0.0,0.0035,0.0002,1046,10.0307
ddos_multi_04__ddos_spoofed_9,1,1789389752.5822337,real,ddos_multi_04,spoofed_flood,generator_ground_truth,docker_multihost,1087,1,-0.0,0.0035,0.0002,1087,10.0861
ddos_multi_04__ddos_spoofed_9,1,1789389752.7222338,real,ddos_multi_04,spoofed_flood,generator_ground_truth,docker_multihost,1126,1,-0.0,0.0035,0.0002,1126,10.137
ddos_multi_04__ddos_spoofed_9,1,1789389752.8622339,real,ddos_multi_04,spoofed_flood,generator_ground_truth,docker_multihost,1166,1,-0.0,0.0035,0.0002,1166,10.1874
ddos_multi_04__ddos_spoofed_9,1,1789389753.002234,real,ddos_multi_04,spoofed_flood,generator_ground_truth,docker_multihost,1207,1,-0.0,0.0035,0.0002,1207,10.2372
ddos_multi_04__ddos_spoofed_9,1,1789389753.142234,real,ddos_multi_04,spoofed_flood,generator_ground_truth,docker_multihost,1247,1,-0.0,0.0035,0.0002,1247,10.2842
ddos_multi_04__ddos_spoofed_9,1,1789389753.2822342,real,ddos_multi_04,spoofed_flood,generator_ground_truth,docker_multihost,1287,1,-0.0,0.0035,0.0002,1287,10.3298
ddos_multi_04__ddos_spoofed_9,1,1789389753.4222343,real,ddos_multi_04,spoofed_flood,generator_ground_truth,docker_multihost,1327,1,-0.0,0.0035,0.0002,1327,10.374
ddos_multi_04__ddos_spoofed_9,1,1789389753.5622344,real,ddos_multi_04,spoofed_flood,generator_ground_truth,docker_multihost,1367,1,-0.0,0.0035,0.0002,1367,10.4168
ddos_multi_04__ddos_spoofed_9,1,1789389753.7022345,real,ddos_multi_04,spoofed_flood,generator_ground_truth,docker_multihost,1407,1,-0.0,0.0035,0.0002,1407,10.4584
ddos_multi_04__ddos_spoofed_9,1,1789389753.8422346,real,ddos_multi_04,spoofed_flood,generator_ground_truth,docker_multihost,1446,1,-0.0,0.0035,0.0002,1446,10.4979
ddos_multi_04__ddos_spoofed_9,1,1789389753.9822347,real,ddos_multi_04,spoofed_flood,generator_ground_truth,docker_multihost,1487,1,-0.0,0.0035,0.0002,1487,10.5382
ddos_multi_04__ddos_spoofed_9,1,1789389754.1222348,real,ddos_multi_04,spoofed_flood,generator_ground_truth,docker_multihost,1528,1,-0.0,0.0035,0.0002,1528,10.5774
ddos_multi_04__ddos_spoofed_9,1,1789389754.262235,real,ddos_multi_04,spoofed_flood,generator_ground_truth,docker_multihost,1569,1,-0.0,0.0035,0.0002,1569,10.6156
ddos_multi_04__ddos_spoofed_9,1,1789389754.402235,real,ddos_multi_04,spoofed_flood,generator_ground_truth,docker_multihost,1610,1,-0.0,0.0035,0.0002,1610,10.6528
ddos_multi_04__ddos_spoofed_9,1,1789389754.5422351,real,ddos_multi_04,spoofed_flood,generator_ground_truth,docker_multihost,1650,1,-0.0,0.0035,0.0002,1650,10.6883
ddos_multi_04__ddos_spoofed_9,1,1789389754.6822352,real,ddos_multi_04,spoofed_flood,generator_ground_truth,docker_multihost,1690,1,-0.0,0.0035,0.0002,1690,10.7228
ddos_multi_04__ddos_spoofed_9,1,1789389754.8222353,real,ddos_multi_04,spoofed_flood,generator_ground_truth,docker_multihost,1730,1,-0.0,0.0035,0.0002,1730,10.7566
ddos_multi_04__ddos_spoofed_9,1,1789389754.9622355,real,ddos_multi_04,spoofed_flood,generator_ground_truth,docker_multihost,1769,1,-0.0,0.0035,0.0002,1769,10.7887
ddos_multi_04__ddos_spoofed_9,1,1789389755.1022356,real,ddos_multi_04,spoofed_flood,generator_ground_truth,docker_multihost,1809,1,-0.0,0.0035,0.0002,1809,10.821
ddos_multi_04__ddos_spoofed_9,1,1789389755.2422357,real,ddos_multi_04,spoofed_flood,generator_ground_truth,docker_multihost,1849,1,-0.0,0.0035,0.0002,1849,10.8525
ddos_multi_04__ddos_spoofed_9,1,1789389755.3822358,real,ddos_multi_04,spoofed_flood,generator_ground_truth,docker_multihost,1889,1,-0.0,0.0035,0.0002,1889,10.8834
ddos_multi_04__ddos_spoofed_9,1,1789389755.5222359,real,ddos_multi_04,spoofed_flood,generator_ground_truth,docker_multihost,1929,1,-0.0,0.0035,0.0001,1929,10.9136
ddos_multi_04__ddos_spoofed_9,1,1789389755.662236,real,ddos_multi_04,spoofed_flood,generator_ground_truth,docker_multihost,1969,1,-0.0,0.0035,0.0001,1969,10.9432
ddos_multi_04__ddos_spoofed_9,1,1789389755.802236,real,ddos_multi_04,spoofed_flood,generator_ground_truth,docker_multihost,2009,1,-0.0,0.0035,0.0001,2009,10.9723
ddos_multi_04__ddos_spoofed_9,1,1789389755.9422362,real,ddos_multi_04,spoofed_flood,generator_ground_truth,docker_multihost,2049,1,-0.0,0.0035,0.0001,2049,11.0007
ddos_multi_04__ddos_spoofed_9,1,1789389756.0822363,real,ddos_multi_04,spoofed_flood,generator_ground_truth,docker_multihost,2089,1,-0.0,0.0035,0.0002,2089,11.0286
ddos_multi_04__ddos_spoofed_9,1,1789389756.2222364,real,ddos_multi_04,spoofed_flood,generator_ground_truth,docker_multihost,2129,1,-0.0,0.0035,0.0002,2129,11.056
ddos_multi_04__ddos_spoofed_9,1,1789389756.3622365,real,ddos_multi_04,spoofed_flood,generator_ground_truth,docker_multihost,2169,1,-0.0,0.0035,0.0002,2169,11.0828
ddos_multi_04__ddos_spoofed_9,1,1789389756.5022366,real,ddos_multi_04,spoofed_flood,generator_ground_truth,docker_multihost,2209,1,-0.0,0.0035,0.0002,2209,11.1092
ddos_multi_04__ddos_spoofed_9,1,1789389756.6422367,real,ddos_multi_04,spoofed_flood,generator_ground_truth,docker_multihost,2249,1,-0.0,0.0035,0.0002,2249,11.1351
ddos_multi_04__ddos_spoofed_9,1,1789389756.7822368,real,ddos_multi_04,spoofed_flood,generator_ground_truth,docker_multihost,2289,1,-0.0,0.0035,0.0002,2289,11.1605
ddos_multi_04__ddos_spoofed_9,1,1789389756.922237,real,ddos_multi_04,spoofed_flood,generator_ground_truth,docker_multihost,2329,1,-0.0,0.0035,0.0002,2329,11.1855
ddos_multi_04__ddos_spoofed_9,1,1789389757.062237,real,ddos_multi_04,spoofed_flood,generator_ground_truth,docker_multihost,2368,1,-0.0,0.0035,0.0002,2368,11.2095
ddos_multi_04__ddos_spoofed_9,1,1789389757.2022371,real,ddos_multi_04,spoofed_flood,generator_ground_truth,docker_multihost,2408,1,-0.0,0.0035,0.0002,2408,11.2336
ddos_multi_04__ddos_spoofed_9,1,1789389757.3422372,real,ddos_multi_04,spoofed_flood,generator_ground_truth,docker_multihost,2448,1,-0.0,0.0035,0.0002,2448,11.2574
ddos_multi_04__ddos_spoofed_9,1,1789389757.4822373,real,ddos_multi_04,spoofed_flood,generator_ground_truth,docker_multihost,2489,1,-0.0,0.0035,0.0002,2489,11.2814
ddos_multi_04__ddos_spoofed_9,1,1789389757.6222374,real,ddos_multi_04,spoofed_flood,generator_ground_truth,docker_multihost,2529,1,-0.0,0.0035,0.0002,2529,11.3044
ddos_multi_04__ddos_spoofed_9,1,1789389757.7622375,real,ddos_multi_04,spoofed_flood,generator_ground_truth,docker_multihost,2569,1,-0.0,0.0035,0.0002,2569,11.327
ddos_multi_04__ddos_spoofed_9,1,1789389757.9022377,real,ddos_multi_04,spoofed_flood,generator_ground_truth,docker_multihost,2610,1,-0.0,0.0035,0.0002,2610,11.3498
ddos_multi_04__ddos_spoofed_9,1,1789389758.0422378,real,ddos_multi_04,spoofed_flood,generator_ground_truth,docker_multihost,2650,1,-0.0,0.0035,0.0002,2650,11.3718
ddos_multi_04__ddos_spoofed_9,1,1789389758.1822379,real,ddos_multi_04,spoofed_flood,generator_ground_truth,docker_multihost,2689,1,-0.0,0.0035,0.0002,2689,11.3929
ddos_multi_04__ddos_spoofed_9,1,1789389758.322238,real,ddos_multi_04,spoofed_flood,generator_ground_truth,docker_multihost,2730,1,-0.0,0.0035,0.0002,2730,11.4147
ddos_multi_04__ddos_spoofed_9,1,1789389758.462238,real,ddos_multi_04,spoofed_flood,generator_ground_truth,docker_multihost,2770,1,-0.0,0.0035,0.0002,2770,11.4357
ddos_multi_04__ddos_spoofed_9,1,1789389758.6022382,real,ddos_multi_04,spoofed_flood,generator_ground_truth,docker_multihost,2810,1,-0.0,0.0035,0.0002,2810,11.4564
ddos_multi_04__ddos_spoofed_9,1,1789389758.7422383,real,ddos_multi_04,spoofed_flood,generator_ground_truth,docker_multihost,2851,1,-0.0,0.0035,0.0002,2851,11.4773
ddos_multi_04__ddos_spoofed_9,1,1789389758.8822384,real,ddos_multi_04,spoofed_flood,generator_ground_truth,docker_multihost,2867,1,-0.0,0.0035,0.0002,2867,11.4853
ddos_multi_04__ddos_spoofed_9,1,1789389759.0222385,real,ddos_multi_04,spoofed_flood,generator_ground_truth,docker_multihost,2865,1,-0.0,0.0035,0.0002,2865,11.4843
ddos_multi_04__ddos_spoofed_9,1,1789389759.1622386,real,ddos_multi_04,spoofed_flood,generator_ground_truth,docker_multihost,2865,1,-0.0,0.0035,0.0002,2865,11.4843
ddos_multi_04__ddos_spoofed_9,1,1789389759.3022387,real,ddos_multi_04,spoofed_flood,generator_ground_truth,docker_multihost,2865,1,-0.0,0.0035,0.0002,2865,11.4843
ddos_multi_04__ddos_spoofed_9,1,1789389759.4422388,real,ddos_multi_04,spoofed_flood,generator_ground_truth,docker_multihost,2864,1,-0.0,0.0035,0.0002,2864,11.4838
ddos_multi_04__ddos_spoofed_9,1,1789389759.582239,real,ddos_multi_04,spoofed_flood,generator_ground_truth,docker_multihost,2863,1,-0.0,0.0035,0.0002,2863,11.4833
ddos_multi_04__ddos_spoofed_9,1,1789389759.722239,real,ddos_multi_04,spoofed_flood,generator_ground_truth,docker_multihost,2863,1,-0.0,0.0035,0.0002,2863,11.4833
ddos_multi_04__ddos_spoofed_9,1,1789389759.8622391,real,ddos_multi_04,spoofed_flood,generator_ground_truth,docker_multihost,2864,1,-0.0,0.0035,0.0002,2864,11.4838
ddos_multi_04__ddos_spoofed_9,1,1789389760.0022392,real,ddos_multi_04,spoofed_flood,generator_ground_truth,docker_multihost,2832,1,-0.0,0.0035,0.0002,2832,11.4676
ddos_multi_04__ddos_spoofed_9,1,1789389760.1422393,real,ddos_multi_04,spoofed_flood,generator_ground_truth,docker_multihost,2791,1,-0.0,0.0035,0.0002,2791,11.4466
ddos_multi_04__ddos_spoofed_9,1,1789389760.2822394,real,ddos_multi_04,spoofed_flood,generator_ground_truth,docker_multihost,2751,1,-0.0,0.0035,0.0002,2751,11.4257
ddos_multi_04__ddos_spoofed_9,1,1789389760.4222395,real,ddos_multi_04,spoofed_flood,generator_ground_truth,docker_multihost,2710,1,-0.0,0.0035,0.0002,2710,11.4041
ddos_multi_04__benign_udpspoof_10,0,1789389762.2944741,real,ddos_multi_04,,generator_ground_truth,docker_multihost,1,1,-0.0,0.0,0.0,1,-0.0
ddos_multi_04__benign_udpspoof_10,0,1789389762.4344742,real,ddos_multi_04,,generator_ground_truth,docker_multihost,1,1,-0.0,0.0,0.0,1,-0.0
ddos_multi_04__benign_udpspoof_10,0,1789389762.5744743,real,ddos_multi_04,,generator_ground_truth,docker_multihost,1,1,-0.0,0.0,0.0,1,-0.0
ddos_multi_04__benign_udpspoof_10,0,1789389762.7144744,real,ddos_multi_04,,generator_ground_truth,docker_multihost,1,1,-0.0,0.0,0.0,1,-0.0
ddos_multi_04__benign_udpspoof_10,0,1789389762.8544745,real,ddos_multi_04,,generator_ground_truth,docker_multihost,2,1,-0.0,0.6531,0.0,1,-0.0
ddos_multi_04__benign_udpspoof_10,0,1789389762.9944746,real,ddos_multi_04,,generator_ground_truth,docker_multihost,2,1,-0.0,0.6531,0.0,1,-0.0
ddos_multi_04__benign_udpspoof_10,0,1789389763.1344748,real,ddos_multi_04,,generator_ground_truth,docker_multihost,2,1,-0.0,0.6531,0.0,1,-0.0
ddos_multi_04__benign_udpspoof_10,0,1789389763.2744749,real,ddos_multi_04,,generator_ground_truth,docker_multihost,2,1,-0.0,0.6531,0.0,1,-0.0
ddos_multi_04__benign_udpspoof_10,0,1789389763.414475,real,ddos_multi_04,,generator_ground_truth,docker_multihost,2,1,-0.0,0.6531,0.0,1,-0.0
ddos_multi_04__benign_udpspoof_10,0,1789389763.554475,real,ddos_multi_04,,generator_ground_truth,docker_multihost,3,1,-0.0,0.6267,0.0264,1,-0.0
ddos_multi_04__benign_udpspoof_10,0,1789389763.6944752,real,ddos_multi_04,,generator_ground_truth,docker_multihost,3,1,-0.0,0.6267,0.0264,1,-0.0
ddos_multi_04__benign_udpspoof_10,0,1789389763.8344753,real,ddos_multi_04,,generator_ground_truth,docker_multihost,3,1,-0.0,0.6267,0.0264,1,-0.0
ddos_multi_04__benign_udpspoof_10,0,1789389763.9744754,real,ddos_multi_04,,generator_ground_truth,docker_multihost,3,1,-0.0,0.6267,0.0264,1,-0.0
ddos_multi_04__benign_udpspoof_10,0,1789389764.1144755,real,ddos_multi_04,,generator_ground_truth,docker_multihost,3,1,-0.0,0.6267,0.0264,1,-0.0
ddos_multi_04__benign_udpspoof_10,0,1789389764.2544756,real,ddos_multi_04,,generator_ground_truth,docker_multihost,3,1,-0.0,0.6267,0.0264,1,-0.0
ddos_multi_04__benign_udpspoof_10,0,1789389764.3944757,real,ddos_multi_04,,generator_ground_truth,docker_multihost,3,1,-0.0,0.6267,0.0264,1,-0.0
ddos_multi_04__benign_udpspoof_10,0,1789389764.5344758,real,ddos_multi_04,,generator_ground_truth,docker_multihost,3,1,-0.0,0.6267,0.0264,1,-0.0
ddos_multi_04__benign_udpspoof_10,0,1789389764.674476,real,ddos_multi_04,,generator_ground_truth,docker_multihost,4,1,-0.0,0.8083,0.2577,1,-0.0
ddos_multi_04__benign_udpspoof_10,0,1789389764.814476,real,ddos_multi_04,,generator_ground_truth,docker_multihost,4,1,-0.0,0.8083,0.2577,1,-0.0
ddos_multi_04__benign_udpspoof_10,0,1789389764.954476,real,ddos_multi_04,,generator_ground_truth,docker_multihost,4,1,-0.0,0.8083,0.2577,1,-0.0
ddos_multi_04__benign_udpspoof_10,0,1789389765.0944762,real,ddos_multi_04,,generator_ground_truth,docker_multihost,4,1,-0.0,0.8083,0.2577,1,-0.0
ddos_multi_04__benign_udpspoof_10,0,1789389765.2344763,real,ddos_multi_04,,generator_ground_truth,docker_multihost,4,1,-0.0,0.8083,0.2577,1,-0.0
ddos_multi_04__benign_udpspoof_10,0,1789389765.3744764,real,ddos_multi_04,,generator_ground_truth,docker_multihost,4,1,-0.0,0.8083,0.2577,1,-0.0
ddos_multi_04__benign_udpspoof_10,0,1789389765.5144765,real,ddos_multi_04,,generator_ground_truth,docker_multihost,4,1,-0.0,0.8083,0.2577,1,-0.0
ddos_multi_04__benign_udpspoof_10,0,1789389765.6544766,real,ddos_multi_04,,generator_ground_truth,docker_multihost,4,1,-0.0,0.8083,0.2577,1,-0.0
ddos_multi_04__benign_udpspoof_10,0,1789389765.7944767,real,ddos_multi_04,,generator_ground_truth,docker_multihost,4,1,-0.0,0.8083,0.2577,1,-0.0
ddos_multi_04__benign_udpspoof_10,0,1789389765.9344769,real,ddos_multi_04,,generator_ground_truth,docker_multihost,4,1,-0.0,0.8083,0.2577,1,-0.0
ddos_multi_04__benign_udpspoof_10,0,1789389766.074477,real,ddos_multi_04,,generator_ground_truth,docker_multihost,5,1,-0.0,0.966,0.3526,1,-0.0
ddos_multi_04__benign_udpspoof_10,0,1789389766.214477,real,ddos_multi_04,,generator_ground_truth,docker_multihost,5,1,-0.0,0.966,0.3526,1,-0.0
ddos_multi_04__benign_udpspoof_10,0,1789389766.3544772,real,ddos_multi_04,,generator_ground_truth,docker_multihost,5,1,-0.0,0.966,0.3526,1,-0.0
ddos_multi_04__benign_udpspoof_10,0,1789389766.4944773,real,ddos_multi_04,,generator_ground_truth,docker_multihost,5,1,-0.0,0.966,0.3526,1,-0.0
ddos_multi_04__benign_udpspoof_10,0,1789389766.6344774,real,ddos_multi_04,,generator_ground_truth,docker_multihost,5,1,-0.0,0.966,0.3526,1,-0.0
ddos_multi_04__benign_udpspoof_10,0,1789389766.7744775,real,ddos_multi_04,,generator_ground_truth,docker_multihost,5,1,-0.0,0.966,0.3526,1,-0.0
ddos_multi_04__benign_udpspoof_10,0,1789389766.9144776,real,ddos_multi_04,,generator_ground_truth,docker_multihost,5,1,-0.0,0.966,0.3526,1,-0.0
ddos_multi_04__benign_udpspoof_10,0,1789389767.0544777,real,ddos_multi_04,,generator_ground_truth,docker_multihost,5,1,-0.0,0.966,0.3526,1,-0.0
ddos_multi_04__benign_udpspoof_10,0,1789389767.1944778,real,ddos_multi_04,,generator_ground_truth,docker_multihost,6,1,-0.0,0.9751,0.3159,1,-0.0
ddos_multi_04__benign_udpspoof_10,0,1789389767.334478,real,ddos_multi_04,,generator_ground_truth,docker_multihost,6,1,-0.0,0.9751,0.3159,1,-0.0
ddos_multi_04__benign_udpspoof_10,0,1789389767.474478,real,ddos_multi_04,,generator_ground_truth,docker_multihost,6,1,-0.0,0.9751,0.3159,1,-0.0
ddos_multi_04__benign_udpspoof_10,0,1789389767.614478,real,ddos_multi_04,,generator_ground_truth,docker_multihost,6,1,-0.0,0.9751,0.3159,1,-0.0
ddos_multi_04__benign_udpspoof_10,0,1789389767.7544782,real,ddos_multi_04,,generator_ground_truth,docker_multihost,6,1,-0.0,0.9751,0.3159,1,-0.0
ddos_multi_04__benign_udpspoof_10,0,1789389767.8944783,real,ddos_multi_04,,generator_ground_truth,docker_multihost,6,1,-0.0,0.9751,0.3159,1,-0.0
ddos_multi_04__benign_udpspoof_10,0,1789389768.0344784,real,ddos_multi_04,,generator_ground_truth,docker_multihost,6,1,-0.0,0.9751,0.3159,1,-0.0
ddos_multi_04__benign_udpspoof_10,0,1789389768.1744785,real,ddos_multi_04,,generator_ground_truth,docker_multihost,6,1,-0.0,0.9751,0.3159,1,-0.0
ddos_multi_04__benign_udpspoof_10,0,1789389768.3144786,real,ddos_multi_04,,generator_ground_truth,docker_multihost,6,1,-0.0,0.9751,0.3159,1,-0.0
ddos_multi_04__benign_udpspoof_10,0,1789389768.4544787,real,ddos_multi_04,,generator_ground_truth,docker_multihost,6,1,-0.0,0.9751,0.3159,1,-0.0
ddos_multi_04__benign_udpspoof_10,0,1789389768.5944788,real,ddos_multi_04,,generator_ground_truth,docker_multihost,7,1,-0.0,1.0468,0.33,1,-0.0
ddos_multi_04__benign_udpspoof_10,0,1789389768.734479,real,ddos_multi_04,,generator_ground_truth,docker_multihost,7,1,-0.0,1.0468,0.33,1,-0.0
ddos_multi_04__benign_udpspoof_10,0,1789389768.874479,real,ddos_multi_04,,generator_ground_truth,docker_multihost,7,1,-0.0,1.0468,0.33,1,-0.0
ddos_multi_04__benign_udpspoof_10,0,1789389769.0144792,real,ddos_multi_04,,generator_ground_truth,docker_multihost,7,1,-0.0,1.0468,0.33,1,-0.0
ddos_multi_04__benign_udpspoof_10,0,1789389769.1544793,real,ddos_multi_04,,generator_ground_truth,docker_multihost,7,1,-0.0,1.0468,0.33,1,-0.0
ddos_multi_04__benign_udpspoof_10,0,1789389769.2944794,real,ddos_multi_04,,generator_ground_truth,docker_multihost,7,1,-0.0,1.0468,0.33,1,-0.0
ddos_multi_04__benign_udpspoof_10,0,1789389769.4344795,real,ddos_multi_04,,generator_ground_truth,docker_multihost,7,1,-0.0,1.0468,0.33,1,-0.0
ddos_multi_04__benign_udpspoof_10,0,1789389769.5744796,real,ddos_multi_04,,generator_ground_truth,docker_multihost,7,1,-0.0,1.0468,0.33,1,-0.0
ddos_multi_04__benign_udpspoof_10,0,1789389769.7144797,real,ddos_multi_04,,generator_ground_truth,docker_multihost,8,1,-0.0,1.0651,0.3088,1,-0.0
ddos_multi_04__benign_udpspoof_10,0,1789389769.8544798,real,ddos_multi_04,,generator_ground_truth,docker_multihost,8,1,-0.0,1.0651,0.3088,1,-0.0
ddos_multi_04__benign_udpspoof_10,0,1789389769.99448,real,ddos_multi_04,,generator_ground_truth,docker_multihost,8,1,-0.0,1.0651,0.3088,1,-0.0
ddos_multi_04__benign_udpspoof_10,0,1789389770.13448,real,ddos_multi_04,,generator_ground_truth,docker_multihost,8,1,-0.0,1.0651,0.3088,1,-0.0
ddos_multi_04__benign_udpspoof_10,0,1789389770.27448,real,ddos_multi_04,,generator_ground_truth,docker_multihost,8,1,-0.0,1.0651,0.3088,1,-0.0
ddos_multi_04__benign_udpspoof_10,0,1789389770.4144802,real,ddos_multi_04,,generator_ground_truth,docker_multihost,8,1,-0.0,1.0651,0.3088,1,-0.0
ddos_multi_04__benign_udpspoof_10,0,1789389770.5544803,real,ddos_multi_04,,generator_ground_truth,docker_multihost,8,1,-0.0,1.0651,0.3088,1,-0.0
ddos_multi_04__benign_udpspoof_10,0,1789389770.6944804,real,ddos_multi_04,,generator_ground_truth,docker_multihost,8,1,-0.0,1.0651,0.3088,1,-0.0
ddos_multi_04__benign_udpspoof_10,0,1789389770.8344805,real,ddos_multi_04,,generator_ground_truth,docker_multihost,8,1,-0.0,1.0651,0.3088,1,-0.0
ddos_multi_04__benign_udpspoof_10,0,1789389770.9744806,real,ddos_multi_04,,generator_ground_truth,docker_multihost,8,1,-0.0,1.0651,0.3088,1,-0.0
ddos_multi_04__benign_udpspoof_10,0,1789389771.1144807,real,ddos_multi_04,,generator_ground_truth,docker_multihost,9,1,-0.0,1.102,0.3049,1,-0.0
ddos_multi_04__benign_udpspoof_10,0,1789389771.2544808,real,ddos_multi_04,,generator_ground_truth,docker_multihost,9,1,-0.0,1.102,0.3049,1,-0.0
ddos_multi_04__benign_udpspoof_10,0,1789389771.394481,real,ddos_multi_04,,generator_ground_truth,docker_multihost,9,1,-0.0,1.102,0.3049,1,-0.0
ddos_multi_04__benign_udpspoof_10,0,1789389771.534481,real,ddos_multi_04,,generator_ground_truth,docker_multihost,9,1,-0.0,1.102,0.3049,1,-0.0
ddos_multi_04__benign_udpspoof_10,0,1789389771.6744812,real,ddos_multi_04,,generator_ground_truth,docker_multihost,9,1,-0.0,1.102,0.3049,1,-0.0
ddos_multi_04__benign_udpspoof_10,0,1789389771.8144813,real,ddos_multi_04,,generator_ground_truth,docker_multihost,9,1,-0.0,1.102,0.3049,1,-0.0
ddos_multi_04__benign_udpspoof_10,0,1789389771.9544814,real,ddos_multi_04,,generator_ground_truth,docker_multihost,9,1,-0.0,1.102,0.3049,1,-0.0
ddos_multi_04__benign_udpspoof_10,0,1789389772.0944815,real,ddos_multi_04,,generator_ground_truth,docker_multihost,10,1,-0.0,1.0976,0.2877,1,-0.0
ddos_multi_04__benign_udpspoof_10,0,1789389772.2344816,real,ddos_multi_04,,generator_ground_truth,docker_multihost,9,1,-0.0,1.1532,0.2557,1,-0.0
ddos_multi_04__benign_udpspoof_10,0,1789389772.3744817,real,ddos_multi_04,,generator_ground_truth,docker_multihost,9,1,-0.0,1.1532,0.2557,1,-0.0
ddos_multi_04__benign_udpspoof_10,0,1789389772.5144818,real,ddos_multi_04,,generator_ground_truth,docker_multihost,9,1,-0.0,1.1532,0.2557,1,-0.0
ddos_multi_04__benign_udpspoof_10,0,1789389772.654482,real,ddos_multi_04,,generator_ground_truth,docker_multihost,9,1,-0.0,1.1532,0.2557,1,-0.0
ddos_multi_04__benign_udpspoof_10,0,1789389772.794482,real,ddos_multi_04,,generator_ground_truth,docker_multihost,9,1,-0.0,1.1532,0.2557,1,-0.0
ddos_multi_04__benign_udpspoof_10,0,1789389772.934482,real,ddos_multi_04,,generator_ground_truth,docker_multihost,8,1,-0.0,1.2321,0.1575,1,-0.0
ddos_multi_04__benign_udpspoof_10,0,1789389773.0744822,real,ddos_multi_04,,generator_ground_truth,docker_multihost,8,1,-0.0,1.2321,0.1575,1,-0.0
ddos_multi_04__benign_udpspoof_10,0,1789389773.2144823,real,ddos_multi_04,,generator_ground_truth,docker_multihost,8,1,-0.0,1.2321,0.1575,1,-0.0
ddos_multi_04__benign_udpspoof_10,0,1789389773.3544824,real,ddos_multi_04,,generator_ground_truth,docker_multihost,8,1,-0.0,1.2321,0.1575,1,-0.0
ddos_multi_04__benign_udpspoof_10,0,1789389773.4944825,real,ddos_multi_04,,generator_ground_truth,docker_multihost,8,1,-0.0,1.2626,0.1633,1,-0.0
ddos_multi_04__benign_udpspoof_10,0,1789389773.6344826,real,ddos_multi_04,,generator_ground_truth,docker_multihost,8,1,-0.0,1.2626,0.1633,1,-0.0
ddos_multi_04__benign_udpspoof_10,0,1789389773.7744827,real,ddos_multi_04,,generator_ground_truth,docker_multihost,8,1,-0.0,1.2626,0.1633,1,-0.0
ddos_multi_04__benign_udpspoof_10,0,1789389773.9144828,real,ddos_multi_04,,generator_ground_truth,docker_multihost,8,1,-0.0,1.2626,0.1633,1,-0.0
ddos_multi_04__benign_udpspoof_10,0,1789389774.054483,real,ddos_multi_04,,generator_ground_truth,docker_multihost,8,1,-0.0,1.2626,0.1633,1,-0.0
ddos_multi_04__benign_udpspoof_10,0,1789389774.194483,real,ddos_multi_04,,generator_ground_truth,docker_multihost,8,1,-0.0,1.2626,0.1633,1,-0.0
ddos_multi_04__benign_udpspoof_10,0,1789389774.3344831,real,ddos_multi_04,,generator_ground_truth,docker_multihost,8,1,-0.0,1.2626,0.1633,1,-0.0
ddos_multi_04__benign_udpspoof_10,0,1789389774.4744833,real,ddos_multi_04,,generator_ground_truth,docker_multihost,8,1,-0.0,1.2626,0.1633,1,-0.0
ddos_multi_04__benign_udpspoof_10,0,1789389774.6144834,real,ddos_multi_04,,generator_ground_truth,docker_multihost,8,1,-0.0,1.2626,0.1633,1,-0.0
ddos_multi_04__benign_udpspoof_10,0,1789389774.7544835,real,ddos_multi_04,,generator_ground_truth,docker_multihost,8,1,-0.0,1.225,0.148,1,-0.0
ddos_multi_04__benign_udpspoof_10,0,1789389774.8944836,real,ddos_multi_04,,generator_ground_truth,docker_multihost,8,1,-0.0,1.225,0.148,1,-0.0
ddos_multi_04__benign_udpspoof_10,0,1789389775.0344837,real,ddos_multi_04,,generator_ground_truth,docker_multihost,8,1,-0.0,1.225,0.148,1,-0.0
ddos_multi_04__benign_udpspoof_10,0,1789389775.1744838,real,ddos_multi_04,,generator_ground_truth,docker_multihost,8,1,-0.0,1.225,0.148,1,-0.0
ddos_multi_04__benign_udpspoof_10,0,1789389775.314484,real,ddos_multi_04,,generator_ground_truth,docker_multihost,8,1,-0.0,1.225,0.148,1,-0.0
ddos_multi_04__benign_udpspoof_10,0,1789389775.454484,real,ddos_multi_04,,generator_ground_truth,docker_multihost,8,1,-0.0,1.225,0.148,1,-0.0
ddos_multi_04__benign_udpspoof_10,0,1789389775.594484,real,ddos_multi_04,,generator_ground_truth,docker_multihost,9,1,-0.0,1.1852,0.1739,1,-0.0
ddos_multi_04__benign_udpspoof_10,0,1789389775.7344842,real,ddos_multi_04,,generator_ground_truth,docker_multihost,9,1,-0.0,1.1852,0.1739,1,-0.0
ddos_multi_04__benign_udpspoof_10,0,1789389775.8744843,real,ddos_multi_04,,generator_ground_truth,docker_multihost,9,1,-0.0,1.1852,0.1739,1,-0.0
ddos_multi_04__benign_udpspoof_10,0,1789389776.0144844,real,ddos_multi_04,,generator_ground_truth,docker_multihost,9,1,-0.0,1.1852,0.1739,1,-0.0
ddos_multi_04__benign_udpspoof_10,0,1789389776.1544845,real,ddos_multi_04,,generator_ground_truth,docker_multihost,8,1,-0.0,1.21,0.1721,1,-0.0
ddos_multi_04__benign_udpspoof_10,0,1789389776.2944846,real,ddos_multi_04,,generator_ground_truth,docker_multihost,8,1,-0.0,1.21,0.1721,1,-0.0
ddos_multi_04__benign_udpspoof_10,0,1789389776.4344847,real,ddos_multi_04,,generator_ground_truth,docker_multihost,8,1,-0.0,1.21,0.1721,1,-0.0
ddos_multi_04__benign_udpspoof_10,0,1789389776.5744848,real,ddos_multi_04,,generator_ground_truth,docker_multihost,9,1,-0.0,1.1722,0.1896,1,-0.0
ddos_multi_04__benign_udpspoof_10,0,1789389776.714485,real,ddos_multi_04,,generator_ground_truth,docker_multihost,9,1,-0.0,1.1722,0.1896,1,-0.0
ddos_multi_04__benign_udpspoof_10,0,1789389776.854485,real,ddos_multi_04,,generator_ground_truth,docker_multihost,9,1,-0.0,1.1722,0.1896,1,-0.0
ddos_multi_04__benign_udpspoof_10,0,1789389776.9944851,real,ddos_multi_04,,generator_ground_truth,docker_multihost,9,1,-0.0,1.1722,0.1896,1,-0.0
ddos_multi_04__benign_udpspoof_10,0,1789389777.1344852,real,ddos_multi_04,,generator_ground_truth,docker_multihost,8,1,-0.0,1.1389,0.1796,1,-0.0
ddos_multi_04__benign_udpspoof_10,0,1789389777.2744853,real,ddos_multi_04,,generator_ground_truth,docker_multihost,8,1,-0.0,1.1389,0.1796,1,-0.0
ddos_multi_04__benign_udpspoof_10,0,1789389777.4144855,real,ddos_multi_04,,generator_ground_truth,docker_multihost,8,1,-0.0,1.1389,0.1796,1,-0.0
ddos_multi_04__benign_udpspoof_10,0,1789389777.5544856,real,ddos_multi_04,,generator_ground_truth,docker_multihost,8,1,-0.0,1.1389,0.1796,1,-0.0
ddos_multi_04__benign_udpspoof_10,0,1789389777.6944857,real,ddos_multi_04,,generator_ground_truth,docker_multihost,8,1,-0.0,1.1389,0.1796,1,-0.0
ddos_multi_04__benign_udpspoof_10,0,1789389777.8344858,real,ddos_multi_04,,generator_ground_truth,docker_multihost,9,1,-0.0,1.1638,0.1804,1,-0.0
ddos_multi_04__benign_udpspoof_10,0,1789389777.9744859,real,ddos_multi_04,,generator_ground_truth,docker_multihost,9,1,-0.0,1.1638,0.1804,1,-0.0
ddos_multi_04__benign_udpspoof_10,0,1789389778.114486,real,ddos_multi_04,,generator_ground_truth,docker_multihost,9,1,-0.0,1.1638,0.1804,1,-0.0
ddos_multi_04__benign_udpspoof_10,0,1789389778.254486,real,ddos_multi_04,,generator_ground_truth,docker_multihost,9,1,-0.0,1.1638,0.1804,1,-0.0
ddos_multi_04__benign_udpspoof_10,0,1789389778.3944862,real,ddos_multi_04,,generator_ground_truth,docker_multihost,10,1,-0.0,1.0968,0.2545,1,-0.0
ddos_multi_04__benign_udpspoof_10,0,1789389778.5344863,real,ddos_multi_04,,generator_ground_truth,docker_multihost,9,1,-0.0,1.087,0.2684,1,-0.0
ddos_multi_04__benign_udpspoof_10,0,1789389778.6744864,real,ddos_multi_04,,generator_ground_truth,docker_multihost,9,1,-0.0,1.087,0.2684,1,-0.0
ddos_multi_04__benign_udpspoof_10,0,1789389778.8144865,real,ddos_multi_04,,generator_ground_truth,docker_multihost,9,1,-0.0,1.087,0.2684,1,-0.0
ddos_multi_04__benign_udpspoof_10,0,1789389778.9544866,real,ddos_multi_04,,generator_ground_truth,docker_multihost,9,1,-0.0,1.087,0.2684,1,-0.0
ddos_multi_04__benign_udpspoof_10,0,1789389779.0944867,real,ddos_multi_04,,generator_ground_truth,docker_multihost,9,1,-0.0,1.087,0.2684,1,-0.0
ddos_multi_04__benign_udpspoof_10,0,1789389779.2344868,real,ddos_multi_04,,generator_ground_truth,docker_multihost,9,1,-0.0,1.087,0.2684,1,-0.0
ddos_multi_04__benign_udpspoof_10,0,1789389779.374487,real,ddos_multi_04,,generator_ground_truth,docker_multihost,10,1,-0.0,1.075,0.2553,1,-0.0
ddos_multi_04__benign_udpspoof_10,0,1789389779.514487,real,ddos_multi_04,,generator_ground_truth,docker_multihost,10,1,-0.0,1.075,0.2553,1,-0.0
ddos_multi_04__benign_udpspoof_10,0,1789389779.6544871,real,ddos_multi_04,,generator_ground_truth,docker_multihost,9,1,-0.0,1.0393,0.2487,1,-0.0
ddos_multi_04__benign_udpspoof_10,0,1789389779.7944872,real,ddos_multi_04,,generator_ground_truth,docker_multihost,9,1,-0.0,1.0393,0.2487,1,-0.0
ddos_multi_04__benign_udpspoof_10,0,1789389779.9344873,real,ddos_multi_04,,generator_ground_truth,docker_multihost,10,1,-0.0,0.9911,0.2711,1,-0.0
ddos_multi_04__benign_udpspoof_10,0,1789389780.0744874,real,ddos_multi_04,,generator_ground_truth,docker_multihost,10,1,-0.0,0.9911,0.2711,1,-0.0
ddos_multi_04__benign_udpspoof_10,0,1789389780.2144876,real,ddos_multi_04,,generator_ground_truth,docker_multihost,10,1,-0.0,0.9911,0.2711,1,-0.0
ddos_multi_04__benign_udpspoof_10,0,1789389780.3544877,real,ddos_multi_04,,generator_ground_truth,docker_multihost,10,1,-0.0,0.9911,0.2711,1,-0.0
ddos_multi_04__benign_udpspoof_10,0,1789389780.4944878,real,ddos_multi_04,,generator_ground_truth,docker_multihost,10,1,-0.0,0.9911,0.2711,1,-0.0
ddos_multi_04__benign_udpspoof_10,0,1789389780.6344879,real,ddos_multi_04,,generator_ground_truth,docker_multihost,10,1,-0.0,0.9911,0.2711,1,-0.0
ddos_multi_04__benign_udpspoof_10,0,1789389780.774488,real,ddos_multi_04,,generator_ground_truth,docker_multihost,10,1,-0.0,0.9911,0.2711,1,-0.0
ddos_multi_04__benign_udpspoof_10,0,1789389780.914488,real,ddos_multi_04,,generator_ground_truth,docker_multihost,10,1,-0.0,0.9911,0.2711,1,-0.0
ddos_multi_04__benign_udpspoof_10,0,1789389781.0544882,real,ddos_multi_04,,generator_ground_truth,docker_multihost,9,1,-0.0,0.9823,0.2864,1,-0.0
ddos_multi_04__benign_udpspoof_10,0,1789389781.1944883,real,ddos_multi_04,,generator_ground_truth,docker_multihost,9,1,-0.0,0.9823,0.2864,1,-0.0
ddos_multi_04__benign_udpspoof_10,0,1789389781.3344884,real,ddos_multi_04,,generator_ground_truth,docker_multihost,10,1,-0.0,1.0221,0.2925,1,-0.0
ddos_multi_04__benign_udpspoof_10,0,1789389781.4744885,real,ddos_multi_04,,generator_ground_truth,docker_multihost,10,1,-0.0,1.0221,0.2925,1,-0.0
ddos_multi_04__benign_udpspoof_10,0,1789389781.6144886,real,ddos_multi_04,,generator_ground_truth,docker_multihost,10,1,-0.0,1.0221,0.2925,1,-0.0
ddos_multi_04__benign_udpspoof_10,0,1789389781.7544887,real,ddos_multi_04,,generator_ground_truth,docker_multihost,10,1,-0.0,1.0221,0.2925,1,-0.0
ddos_multi_04__benign_udpspoof_10,0,1789389781.8944888,real,ddos_multi_04,,generator_ground_truth,docker_multihost,10,1,-0.0,1.0221,0.2925,1,-0.0
ddos_multi_04__benign_udpspoof_10,0,1789389782.034489,real,ddos_multi_04,,generator_ground_truth,docker_multihost,10,1,-0.0,1.0221,0.2925,1,-0.0
ddos_multi_04__benign_udpspoof_10,0,1789389782.174489,real,ddos_multi_04,,generator_ground_truth,docker_multihost,9,1,-0.0,0.9767,0.2788,1,-0.0
ddos_multi_04__benign_udpspoof_10,0,1789389782.3144891,real,ddos_multi_04,,generator_ground_truth,docker_multihost,9,1,-0.0,0.9767,0.2788,1,-0.0
ddos_multi_04__benign_udpspoof_10,0,1789389782.4544892,real,ddos_multi_04,,generator_ground_truth,docker_multihost,10,1,-0.0,0.9847,0.2638,1,-0.0
ddos_multi_04__benign_udpspoof_10,0,1789389782.5944893,real,ddos_multi_04,,generator_ground_truth,docker_multihost,10,1,-0.0,0.9847,0.2638,1,-0.0
ddos_multi_04__benign_udpspoof_10,0,1789389782.7344894,real,ddos_multi_04,,generator_ground_truth,docker_multihost,10,1,-0.0,0.9847,0.2638,1,-0.0
ddos_multi_04__benign_udpspoof_10,0,1789389782.8744895,real,ddos_multi_04,,generator_ground_truth,docker_multihost,10,1,-0.0,0.9847,0.2638,1,-0.0
ddos_multi_04__benign_udpspoof_10,0,1789389783.0144897,real,ddos_multi_04,,generator_ground_truth,docker_multihost,10,1,-0.0,0.9847,0.2638,1,-0.0
ddos_multi_04__benign_udpspoof_10,0,1789389783.1544898,real,ddos_multi_04,,generator_ground_truth,docker_multihost,10,1,-0.0,0.9847,0.2638,1,-0.0
ddos_multi_04__benign_udpspoof_10,0,1789389783.2944899,real,ddos_multi_04,,generator_ground_truth,docker_multihost,10,1,-0.0,0.9847,0.2638,1,-0.0
ddos_multi_04__benign_udpspoof_10,0,1789389783.43449,real,ddos_multi_04,,generator_ground_truth,docker_multihost,10,1,-0.0,0.9847,0.2638,1,-0.0
ddos_multi_04__benign_udpspoof_10,0,1789389783.57449,real,ddos_multi_04,,generator_ground_truth,docker_multihost,9,1,-0.0,0.9608,0.2705,1,-0.0
ddos_multi_04__benign_udpspoof_10,0,1789389783.7144902,real,ddos_multi_04,,generator_ground_truth,docker_multihost,10,1,-0.0,1.0016,0.2799,1,-0.0
ddos_multi_04__benign_udpspoof_10,0,1789389783.8544903,real,ddos_multi_04,,generator_ground_truth,docker_multihost,10,1,-0.0,1.0016,0.2799,1,-0.0
ddos_multi_04__benign_udpspoof_10,0,1789389783.9944904,real,ddos_multi_04,,generator_ground_truth,docker_multihost,10,1,-0.0,1.0016,0.2799,1,-0.0
ddos_multi_04__benign_udpspoof_10,0,1789389784.1344905,real,ddos_multi_04,,generator_ground_truth,docker_multihost,10,1,-0.0,1.0016,0.2799,1,-0.0
ddos_multi_04__benign_udpspoof_10,0,1789389784.2744906,real,ddos_multi_04,,generator_ground_truth,docker_multihost,10,1,-0.0,1.0016,0.2799,1,-0.0
ddos_multi_04__benign_udpspoof_10,0,1789389784.4144907,real,ddos_multi_04,,generator_ground_truth,docker_multihost,10,1,-0.0,1.0016,0.2799,1,-0.0
ddos_multi_04__benign_udpspoof_10,0,1789389784.5544908,real,ddos_multi_04,,generator_ground_truth,docker_multihost,11,1,-0.0,0.99,0.2678,1,-0.0
ddos_multi_04__benign_udpspoof_10,0,1789389784.694491,real,ddos_multi_04,,generator_ground_truth,docker_multihost,10,1,-0.0,0.9993,0.2808,1,-0.0
ddos_multi_04__benign_udpspoof_10,0,1789389784.834491,real,ddos_multi_04,,generator_ground_truth,docker_multihost,10,1,-0.0,0.9993,0.2808,1,-0.0
ddos_multi_04__benign_udpspoof_10,0,1789389784.9744911,real,ddos_multi_04,,generator_ground_truth,docker_multihost,10,1,-0.0,0.9993,0.2808,1,-0.0
ddos_multi_04__benign_udpspoof_10,0,1789389785.1144912,real,ddos_multi_04,,generator_ground_truth,docker_multihost,10,1,-0.0,0.9993,0.2808,1,-0.0
ddos_multi_04__benign_udpspoof_10,0,1789389785.2544913,real,ddos_multi_04,,generator_ground_truth,docker_multihost,10,1,-0.0,0.9993,0.2808,1,-0.0
ddos_multi_04__benign_udpspoof_10,0,1789389785.3944914,real,ddos_multi_04,,generator_ground_truth,docker_multihost,10,1,-0.0,0.9993,0.2808,1,-0.0
ddos_multi_04__benign_udpspoof_10,0,1789389785.5344915,real,ddos_multi_04,,generator_ground_truth,docker_multihost,11,1,-0.0,0.9935,0.2669,1,-0.0
ddos_multi_04__benign_udpspoof_10,0,1789389785.6744916,real,ddos_multi_04,,generator_ground_truth,docker_multihost,10,1,-0.0,1.003,0.2797,1,-0.0
ddos_multi_04__benign_udpspoof_10,0,1789389785.8144917,real,ddos_multi_04,,generator_ground_truth,docker_multihost,10,1,-0.0,1.003,0.2797,1,-0.0
ddos_multi_04__benign_udpspoof_10,0,1789389785.9544919,real,ddos_multi_04,,generator_ground_truth,docker_multihost,10,1,-0.0,1.003,0.2797,1,-0.0
ddos_multi_04__benign_udpspoof_10,0,1789389786.094492,real,ddos_multi_04,,generator_ground_truth,docker_multihost,10,1,-0.0,1.003,0.2797,1,-0.0
ddos_multi_04__benign_udpspoof_10,0,1789389786.234492,real,ddos_multi_04,,generator_ground_truth,docker_multihost,10,1,-0.0,1.003,0.2797,1,-0.0
ddos_multi_04__benign_udpspoof_10,0,1789389786.3744922,real,ddos_multi_04,,generator_ground_truth,docker_multihost,10,1,-0.0,1.003,0.2797,1,-0.0
ddos_multi_04__benign_udpspoof_10,0,1789389786.5144923,real,ddos_multi_04,,generator_ground_truth,docker_multihost,9,1,-0.0,0.9612,0.2688,1,-0.0
ddos_multi_04__benign_udpspoof_10,0,1789389786.6544924,real,ddos_multi_04,,generator_ground_truth,docker_multihost,10,1,-0.0,0.9706,0.2549,1,-0.0
ddos_multi_04__benign_udpspoof_10,0,1789389786.7944925,real,ddos_multi_04,,generator_ground_truth,docker_multihost,10,1,-0.0,0.9706,0.2549,1,-0.0
ddos_multi_04__benign_udpspoof_10,0,1789389786.9344926,real,ddos_multi_04,,generator_ground_truth,docker_multihost,10,1,-0.0,0.9706,0.2549,1,-0.0
ddos_multi_04__benign_udpspoof_10,0,1789389787.0744927,real,ddos_multi_04,,generator_ground_truth,docker_multihost,10,1,-0.0,0.9706,0.2549,1,-0.0
ddos_multi_04__benign_udpspoof_10,0,1789389787.2144928,real,ddos_multi_04,,generator_ground_truth,docker_multihost,10,1,-0.0,0.9706,0.2549,1,-0.0
ddos_multi_04__benign_udpspoof_10,0,1789389787.354493,real,ddos_multi_04,,generator_ground_truth,docker_multihost,10,1,-0.0,0.9706,0.2549,1,-0.0
ddos_multi_04__benign_udpspoof_10,0,1789389787.494493,real,ddos_multi_04,,generator_ground_truth,docker_multihost,10,1,-0.0,0.9706,0.2549,1,-0.0
ddos_multi_04__benign_udpspoof_10,0,1789389787.634493,real,ddos_multi_04,,generator_ground_truth,docker_multihost,11,1,-0.0,0.9843,0.2453,1,-0.0
ddos_multi_04__benign_udpspoof_10,0,1789389787.7744932,real,ddos_multi_04,,generator_ground_truth,docker_multihost,11,1,-0.0,0.9843,0.2453,1,-0.0
ddos_multi_04__ddos_spoofed_10,1,1789389788.997736,real,ddos_multi_04,spoofed_flood,generator_ground_truth,docker_multihost,43,1,-0.0,0.0032,0.0,43,5.4263
ddos_multi_04__ddos_spoofed_10,1,1789389789.137736,real,ddos_multi_04,spoofed_flood,generator_ground_truth,docker_multihost,88,1,-0.0,0.0032,0.0,88,6.4594
ddos_multi_04__ddos_spoofed_10,1,1789389789.2777362,real,ddos_multi_04,spoofed_flood,generator_ground_truth,docker_multihost,132,1,-0.0,0.0032,0.0,132,7.0444
ddos_multi_04__ddos_spoofed_10,1,1789389789.4177363,real,ddos_multi_04,spoofed_flood,generator_ground_truth,docker_multihost,176,1,-0.0,0.0032,0.0,176,7.4594
ddos_multi_04__ddos_spoofed_10,1,1789389789.5577364,real,ddos_multi_04,spoofed_flood,generator_ground_truth,docker_multihost,220,1,-0.0,0.0032,0.0,220,7.7814
ddos_multi_04__ddos_spoofed_10,1,1789389789.6977365,real,ddos_multi_04,spoofed_flood,generator_ground_truth,docker_multihost,265,1,-0.0,0.0032,0.0,265,8.0498
ddos_multi_04__ddos_spoofed_10,1,1789389789.8377366,real,ddos_multi_04,spoofed_flood,generator_ground_truth,docker_multihost,310,1,-0.0,0.0032,0.0,310,8.2761
ddos_multi_04__ddos_spoofed_10,1,1789389789.9777367,real,ddos_multi_04,spoofed_flood,generator_ground_truth,docker_multihost,354,1,-0.0,0.0032,0.0,354,8.4676
ddos_multi_04__ddos_spoofed_10,1,1789389790.1177368,real,ddos_multi_04,spoofed_flood,generator_ground_truth,docker_multihost,398,1,-0.0,0.0032,0.0001,398,8.6366
ddos_multi_04__ddos_spoofed_10,1,1789389790.257737,real,ddos_multi_04,spoofed_flood,generator_ground_truth,docker_multihost,441,1,-0.0,0.0032,0.0001,441,8.7846
ddos_multi_04__ddos_spoofed_10,1,1789389790.397737,real,ddos_multi_04,spoofed_flood,generator_ground_truth,docker_multihost,485,1,-0.0,0.0032,0.0001,485,8.9218
ddos_multi_04__ddos_spoofed_10,1,1789389790.5377371,real,ddos_multi_04,spoofed_flood,generator_ground_truth,docker_multihost,529,1,-0.0,0.0032,0.0001,529,9.0471
ddos_multi_04__ddos_spoofed_10,1,1789389790.6777372,real,ddos_multi_04,spoofed_flood,generator_ground_truth,docker_multihost,574,1,-0.0,0.0032,0.0001,574,9.1649
ddos_multi_04__ddos_spoofed_10,1,1789389790.8177373,real,ddos_multi_04,spoofed_flood,generator_ground_truth,docker_multihost,618,1,-0.0,0.0032,0.0001,618,9.2715
ddos_multi_04__ddos_spoofed_10,1,1789389790.9577374,real,ddos_multi_04,spoofed_flood,generator_ground_truth,docker_multihost,662,1,-0.0,0.0032,0.0001,662,9.3707
ddos_multi_04__ddos_spoofed_10,1,1789389791.0977376,real,ddos_multi_04,spoofed_flood,generator_ground_truth,docker_multihost,705,1,-0.0,0.0032,0.0001,705,9.4615
ddos_multi_04__ddos_spoofed_10,1,1789389791.2377377,real,ddos_multi_04,spoofed_flood,generator_ground_truth,docker_multihost,750,1,-0.0,0.0032,0.0001,750,9.5507
ddos_multi_04__ddos_spoofed_10,1,1789389791.3777378,real,ddos_multi_04,spoofed_flood,generator_ground_truth,docker_multihost,794,1,-0.0,0.0032,0.0001,794,9.633
ddos_multi_04__ddos_spoofed_10,1,1789389791.5177379,real,ddos_multi_04,spoofed_flood,generator_ground_truth,docker_multihost,838,1,-0.0,0.0032,0.0001,838,9.7108
ddos_multi_04__ddos_spoofed_10,1,1789389791.657738,real,ddos_multi_04,spoofed_flood,generator_ground_truth,docker_multihost,882,1,-0.0,0.0032,0.0001,882,9.7846
ddos_multi_04__ddos_spoofed_10,1,1789389791.797738,real,ddos_multi_04,spoofed_flood,generator_ground_truth,docker_multihost,927,1,-0.0,0.0032,0.0001,927,9.8564
ddos_multi_04__ddos_spoofed_10,1,1789389791.9377382,real,ddos_multi_04,spoofed_flood,generator_ground_truth,docker_multihost,971,1,-0.0,0.0032,0.0001,971,9.9233
ddos_multi_04__ddos_spoofed_10,1,1789389792.0777383,real,ddos_multi_04,spoofed_flood,generator_ground_truth,docker_multihost,1014,1,-0.0,0.0032,0.0001,1014,9.9858
ddos_multi_04__ddos_spoofed_10,1,1789389792.2177384,real,ddos_multi_04,spoofed_flood,generator_ground_truth,docker_multihost,1058,1,-0.0,0.0032,0.0001,1058,10.0471
ddos_multi_04__ddos_spoofed_10,1,1789389792.3577385,real,ddos_multi_04,spoofed_flood,generator_ground_truth,docker_multihost,1102,1,-0.0,0.0032,0.0001,1102,10.1059
ddos_multi_04__ddos_spoofed_10,1,1789389792.4977386,real,ddos_multi_04,spoofed_flood,generator_ground_truth,docker_multihost,1147,1,-0.0,0.0032,0.0001,1147,10.1636
ddos_multi_04__ddos_spoofed_10,1,1789389792.6377387,real,ddos_multi_04,spoofed_flood,generator_ground_truth,docker_multihost,1190,1,-0.0,0.0032,0.0001,1190,10.2167
ddos_multi_04__ddos_spoofed_10,1,1789389792.7777388,real,ddos_multi_04,spoofed_flood,generator_ground_truth,docker_multihost,1234,1,-0.0,0.0032,0.0001,1234,10.2691
ddos_multi_04__ddos_spoofed_10,1,1789389792.917739,real,ddos_multi_04,spoofed_flood,generator_ground_truth,docker_multihost,1278,1,-0.0,0.0032,0.0001,1278,10.3197
ddos_multi_04__ddos_spoofed_10,1,1789389793.057739,real,ddos_multi_04,spoofed_flood,generator_ground_truth,docker_multihost,1322,1,-0.0,0.0032,0.0001,1322,10.3685
ddos_multi_04__ddos_spoofed_10,1,1789389793.1977391,real,ddos_multi_04,spoofed_flood,generator_ground_truth,docker_multihost,1367,1,-0.0,0.0032,0.0001,1367,10.4168
ddos_multi_04__ddos_spoofed_10,1,1789389793.3377392,real,ddos_multi_04,spoofed_flood,generator_ground_truth,docker_multihost,1411,1,-0.0,0.0032,0.0001,1411,10.4625
ddos_multi_04__ddos_spoofed_10,1,1789389793.4777393,real,ddos_multi_04,spoofed_flood,generator_ground_truth,docker_multihost,1455,1,-0.0,0.0032,0.0001,1455,10.5068
ddos_multi_04__ddos_spoofed_10,1,1789389793.6177394,real,ddos_multi_04,spoofed_flood,generator_ground_truth,docker_multihost,1498,1,-0.0,0.0032,0.0001,1498,10.5488
ddos_multi_04__ddos_spoofed_10,1,1789389793.7577395,real,ddos_multi_04,spoofed_flood,generator_ground_truth,docker_multihost,1543,1,-0.0,0.0032,0.0001,1543,10.5915
ddos_multi_04__ddos_spoofed_10,1,1789389793.8977396,real,ddos_multi_04,spoofed_flood,generator_ground_truth,docker_multihost,1588,1,-0.0,0.0032,0.0001,1588,10.633
ddos_multi_04__ddos_spoofed_10,1,1789389794.0377398,real,ddos_multi_04,spoofed_flood,generator_ground_truth,docker_multihost,1633,1,-0.0,0.0032,0.0001,1633,10.6733
ddos_multi_04__ddos_spoofed_10,1,1789389794.1777399,real,ddos_multi_04,spoofed_flood,generator_ground_truth,docker_multihost,1677,1,-0.0,0.0032,0.0001,1677,10.7117
ddos_multi_04__ddos_spoofed_10,1,1789389794.31774,real,ddos_multi_04,spoofed_flood,generator_ground_truth,docker_multihost,1721,1,-0.0,0.0032,0.0001,1721,10.749
ddos_multi_04__ddos_spoofed_10,1,1789389794.45774,real,ddos_multi_04,spoofed_flood,generator_ground_truth,docker_multihost,1764,1,-0.0,0.0032,0.0001,1764,10.7846
ddos_multi_04__ddos_spoofed_10,1,1789389794.5977402,real,ddos_multi_04,spoofed_flood,generator_ground_truth,docker_multihost,1808,1,-0.0,0.0032,0.0001,1808,10.8202
ddos_multi_04__ddos_spoofed_10,1,1789389794.7377403,real,ddos_multi_04,spoofed_flood,generator_ground_truth,docker_multihost,1852,1,-0.0,0.0032,0.0001,1852,10.8549
ddos_multi_04__ddos_spoofed_10,1,1789389794.8777404,real,ddos_multi_04,spoofed_flood,generator_ground_truth,docker_multihost,1896,1,-0.0,0.0032,0.0001,1896,10.8887
ddos_multi_04__ddos_spoofed_10,1,1789389795.0177405,real,ddos_multi_04,spoofed_flood,generator_ground_truth,docker_multihost,1940,1,-0.0,0.0032,0.0001,1940,10.9218
ddos_multi_04__ddos_spoofed_10,1,1789389795.1577406,real,ddos_multi_04,spoofed_flood,generator_ground_truth,docker_multihost,1985,1,-0.0,0.0032,0.0001,1985,10.9549
ddos_multi_04__ddos_spoofed_10,1,1789389795.2977407,real,ddos_multi_04,spoofed_flood,generator_ground_truth,docker_multihost,2029,1,-0.0,0.0032,0.0001,2029,10.9866
ddos_multi_04__ddos_spoofed_10,1,1789389795.4377408,real,ddos_multi_04,spoofed_flood,generator_ground_truth,docker_multihost,2072,1,-0.0,0.0032,0.0001,2072,11.0168
ddos_multi_04__ddos_spoofed_10,1,1789389795.577741,real,ddos_multi_04,spoofed_flood,generator_ground_truth,docker_multihost,2116,1,-0.0,0.0032,0.0001,2116,11.0471
ddos_multi_04__ddos_spoofed_10,1,1789389795.717741,real,ddos_multi_04,spoofed_flood,generator_ground_truth,docker_multihost,2160,1,-0.0,0.0032,0.0001,2160,11.0768
ddos_multi_04__ddos_spoofed_10,1,1789389795.857741,real,ddos_multi_04,spoofed_flood,generator_ground_truth,docker_multihost,2205,1,-0.0,0.0032,0.0001,2205,11.1066
ddos_multi_04__ddos_spoofed_10,1,1789389795.9977412,real,ddos_multi_04,spoofed_flood,generator_ground_truth,docker_multihost,2248,1,-0.0,0.0032,0.0001,2248,11.1344
ddos_multi_04__ddos_spoofed_10,1,1789389796.1377413,real,ddos_multi_04,spoofed_flood,generator_ground_truth,docker_multihost,2291,1,-0.0,0.0032,0.0002,2291,11.1618
ddos_multi_04__ddos_spoofed_10,1,1789389796.2777414,real,ddos_multi_04,spoofed_flood,generator_ground_truth,docker_multihost,2336,1,-0.0,0.0032,0.0002,2336,11.1898
ddos_multi_04__ddos_spoofed_10,1,1789389796.4177415,real,ddos_multi_04,spoofed_flood,generator_ground_truth,docker_multihost,2380,1,-0.0,0.0032,0.0002,2380,11.2167
ddos_multi_04__ddos_spoofed_10,1,1789389796.5577416,real,ddos_multi_04,spoofed_flood,generator_ground_truth,docker_multihost,2424,1,-0.0,0.0032,0.0002,2424,11.2432
ddos_multi_04__ddos_spoofed_10,1,1789389796.6977417,real,ddos_multi_04,spoofed_flood,generator_ground_truth,docker_multihost,2468,1,-0.0,0.0032,0.0002,2468,11.2691
ddos_multi_04__ddos_spoofed_10,1,1789389796.8377419,real,ddos_multi_04,spoofed_flood,generator_ground_truth,docker_multihost,2512,1,-0.0,0.0032,0.0001,2512,11.2946
ddos_multi_04__ddos_spoofed_10,1,1789389796.977742,real,ddos_multi_04,spoofed_flood,generator_ground_truth,docker_multihost,2553,1,-0.0,0.0032,0.0002,2553,11.318
ddos_multi_04__ddos_spoofed_10,1,1789389797.117742,real,ddos_multi_04,spoofed_flood,generator_ground_truth,docker_multihost,2598,1,-0.0,0.0032,0.0002,2598,11.3432
ddos_multi_04__ddos_spoofed_10,1,1789389797.2577422,real,ddos_multi_04,spoofed_flood,generator_ground_truth,docker_multihost,2642,1,-0.0,0.0032,0.0002,2642,11.3674
ddos_multi_04__ddos_spoofed_10,1,1789389797.3977423,real,ddos_multi_04,spoofed_flood,generator_ground_truth,docker_multihost,2663,1,-0.0,0.0032,0.0002,2663,11.3788
ddos_multi_04__ddos_spoofed_10,1,1789389797.5377424,real,ddos_multi_04,spoofed_flood,generator_ground_truth,docker_multihost,2663,1,-0.0,0.0032,0.0002,2663,11.3788
ddos_multi_04__ddos_spoofed_10,1,1789389797.6777425,real,ddos_multi_04,spoofed_flood,generator_ground_truth,docker_multihost,2663,1,-0.0,0.0032,0.0002,2663,11.3788
ddos_multi_04__ddos_spoofed_10,1,1789389797.8177426,real,ddos_multi_04,spoofed_flood,generator_ground_truth,docker_multihost,2663,1,-0.0,0.0032,0.0002,2663,11.3788
ddos_multi_04__benign_udpspoof_11,0,1789389799.5526946,real,ddos_multi_04,,generator_ground_truth,docker_multihost,1,1,-0.0,0.0,0.0,1,-0.0
ddos_multi_04__benign_udpspoof_11,0,1789389799.6926947,real,ddos_multi_04,,generator_ground_truth,docker_multihost,1,1,-0.0,0.0,0.0,1,-0.0
ddos_multi_04__benign_udpspoof_11,0,1789389799.8326948,real,ddos_multi_04,,generator_ground_truth,docker_multihost,1,1,-0.0,0.0,0.0,1,-0.0
ddos_multi_04__benign_udpspoof_11,0,1789389799.9726949,real,ddos_multi_04,,generator_ground_truth,docker_multihost,1,1,-0.0,0.0,0.0,1,-0.0
ddos_multi_04__benign_udpspoof_11,0,1789389800.112695,real,ddos_multi_04,,generator_ground_truth,docker_multihost,1,1,-0.0,0.0,0.0,1,-0.0
ddos_multi_04__benign_udpspoof_11,0,1789389800.252695,real,ddos_multi_04,,generator_ground_truth,docker_multihost,1,1,-0.0,0.0,0.0,1,-0.0
ddos_multi_04__benign_udpspoof_11,0,1789389800.3926952,real,ddos_multi_04,,generator_ground_truth,docker_multihost,1,1,-0.0,0.0,0.0,1,-0.0
ddos_multi_04__benign_udpspoof_11,0,1789389800.5326953,real,ddos_multi_04,,generator_ground_truth,docker_multihost,2,1,-0.0,1.0374,0.0,1,-0.0
ddos_multi_04__benign_udpspoof_11,0,1789389800.6726954,real,ddos_multi_04,,generator_ground_truth,docker_multihost,2,1,-0.0,1.0374,0.0,1,-0.0
ddos_multi_04__benign_udpspoof_11,0,1789389800.8126955,real,ddos_multi_04,,generator_ground_truth,docker_multihost,2,1,-0.0,1.0374,0.0,1,-0.0
ddos_multi_04__benign_udpspoof_11,0,1789389800.9526956,real,ddos_multi_04,,generator_ground_truth,docker_multihost,2,1,-0.0,1.0374,0.0,1,-0.0
ddos_multi_04__benign_udpspoof_11,0,1789389801.0926957,real,ddos_multi_04,,generator_ground_truth,docker_multihost,2,1,-0.0,1.0374,0.0,1,-0.0
ddos_multi_04__benign_udpspoof_11,0,1789389801.2326958,real,ddos_multi_04,,generator_ground_truth,docker_multihost,3,1,-0.0,0.8506,0.1867,1,-0.0
ddos_multi_04__benign_udpspoof_11,0,1789389801.372696,real,ddos_multi_04,,generator_ground_truth,docker_multihost,3,1,-0.0,0.8506,0.1867,1,-0.0
ddos_multi_04__benign_udpspoof_11,0,1789389801.512696,real,ddos_multi_04,,generator_ground_truth,docker_multihost,3,1,-0.0,0.8506,0.1867,1,-0.0
ddos_multi_04__benign_udpspoof_11,0,1789389801.6526961,real,ddos_multi_04,,generator_ground_truth,docker_multihost,3,1,-0.0,0.8506,0.1867,1,-0.0
ddos_multi_04__benign_udpspoof_11,0,1789389801.7926962,real,ddos_multi_04,,generator_ground_truth,docker_multihost,3,1,-0.0,0.8506,0.1867,1,-0.0
ddos_multi_04__benign_udpspoof_11,0,1789389801.9326963,real,ddos_multi_04,,generator_ground_truth,docker_multihost,3,1,-0.0,0.8506,0.1867,1,-0.0
ddos_multi_04__benign_udpspoof_11,0,1789389802.0726964,real,ddos_multi_04,,generator_ground_truth,docker_multihost,3,1,-0.0,0.8506,0.1867,1,-0.0
ddos_multi_04__benign_udpspoof_11,0,1789389802.2126966,real,ddos_multi_04,,generator_ground_truth,docker_multihost,3,1,-0.0,0.8506,0.1867,1,-0.0
ddos_multi_04__benign_udpspoof_11,0,1789389802.3526967,real,ddos_multi_04,,generator_ground_truth,docker_multihost,3,1,-0.0,0.8506,0.1867,1,-0.0
ddos_multi_04__benign_udpspoof_11,0,1789389802.4926968,real,ddos_multi_04,,generator_ground_truth,docker_multihost,4,1,-0.0,1.002,0.2628,1,-0.0
ddos_multi_04__benign_udpspoof_11,0,1789389802.6326969,real,ddos_multi_04,,generator_ground_truth,docker_multihost,4,1,-0.0,1.002,0.2628,1,-0.0
ddos_multi_04__benign_udpspoof_11,0,1789389802.772697,real,ddos_multi_04,,generator_ground_truth,docker_multihost,4,1,-0.0,1.002,0.2628,1,-0.0
ddos_multi_04__benign_udpspoof_11,0,1789389802.912697,real,ddos_multi_04,,generator_ground_truth,docker_multihost,4,1,-0.0,1.002,0.2628,1,-0.0
ddos_multi_04__benign_udpspoof_11,0,1789389803.0526972,real,ddos_multi_04,,generator_ground_truth,docker_multihost,4,1,-0.0,1.002,0.2628,1,-0.0
ddos_multi_04__benign_udpspoof_11,0,1789389803.1926973,real,ddos_multi_04,,generator_ground_truth,docker_multihost,4,1,-0.0,1.002,0.2628,1,-0.0
ddos_multi_04__benign_udpspoof_11,0,1789389803.3326974,real,ddos_multi_04,,generator_ground_truth,docker_multihost,4,1,-0.0,1.002,0.2628,1,-0.0
ddos_multi_04__benign_udpspoof_11,0,1789389803.4726975,real,ddos_multi_04,,generator_ground_truth,docker_multihost,5,1,-0.0,0.9948,0.228,1,-0.0
ddos_multi_04__benign_udpspoof_11,0,1789389803.6126976,real,ddos_multi_04,,generator_ground_truth,docker_multihost,5,1,-0.0,0.9948,0.228,1,-0.0
ddos_multi_04__benign_udpspoof_11,0,1789389803.7526977,real,ddos_multi_04,,generator_ground_truth,docker_multihost,5,1,-0.0,0.9948,0.228,1,-0.0
ddos_multi_04__benign_udpspoof_11,0,1789389803.8926978,real,ddos_multi_04,,generator_ground_truth,docker_multihost,5,1,-0.0,0.9948,0.228,1,-0.0
ddos_multi_04__benign_udpspoof_11,0,1789389804.032698,real,ddos_multi_04,,generator_ground_truth,docker_multihost,5,1,-0.0,0.9948,0.228,1,-0.0
ddos_multi_04__benign_udpspoof_11,0,1789389804.172698,real,ddos_multi_04,,generator_ground_truth,docker_multihost,5,1,-0.0,0.9948,0.228,1,-0.0
ddos_multi_04__benign_udpspoof_11,0,1789389804.3126981,real,ddos_multi_04,,generator_ground_truth,docker_multihost,5,1,-0.0,0.9948,0.228,1,-0.0
ddos_multi_04__benign_udpspoof_11,0,1789389804.4526982,real,ddos_multi_04,,generator_ground_truth,docker_multihost,5,1,-0.0,0.9948,0.228,1,-0.0
ddos_multi_04__benign_udpspoof_11,0,1789389804.5926983,real,ddos_multi_04,,generator_ground_truth,docker_multihost,5,1,-0.0,0.9948,0.228,1,-0.0
ddos_multi_04__benign_udpspoof_11,0,1789389804.7326984,real,ddos_multi_04,,generator_ground_truth,docker_multihost,5,1,-0.0,0.9948,0.228,1,-0.0
ddos_multi_04__benign_udpspoof_11,0,1789389804.8726985,real,ddos_multi_04,,generator_ground_truth,docker_multihost,5,1,-0.0,0.9948,0.228,1,-0.0
ddos_multi_04__benign_udpspoof_11,0,1789389805.0126987,real,ddos_multi_04,,generator_ground_truth,docker_multihost,6,1,-0.0,1.0827,0.2692,1,-0.0
ddos_multi_04__benign_udpspoof_11,0,1789389805.1526988,real,ddos_multi_04,,generator_ground_truth,docker_multihost,6,1,-0.0,1.0827,0.2692,1,-0.0
ddos_multi_04__benign_udpspoof_11,0,1789389805.2926989,real,ddos_multi_04,,generator_ground_truth,docker_multihost,6,1,-0.0,1.0827,0.2692,1,-0.0
ddos_multi_04__benign_udpspoof_11,0,1789389805.432699,real,ddos_multi_04,,generator_ground_truth,docker_multihost,6,1,-0.0,1.0827,0.2692,1,-0.0
ddos_multi_04__benign_udpspoof_11,0,1789389805.572699,real,ddos_multi_04,,generator_ground_truth,docker_multihost,6,1,-0.0,1.0827,0.2692,1,-0.0
ddos_multi_04__benign_udpspoof_11,0,1789389805.7126992,real,ddos_multi_04,,generator_ground_truth,docker_multihost,7,1,-0.0,1.0368,0.2662,1,-0.0
ddos_multi_04__benign_udpspoof_11,0,1789389805.8526993,real,ddos_multi_04,,generator_ground_truth,docker_multihost,7,1,-0.0,1.0368,0.2662,1,-0.0
ddos_multi_04__benign_udpspoof_11,0,1789389805.9926994,real,ddos_multi_04,,generator_ground_truth,docker_multihost,7,1,-0.0,1.0368,0.2662,1,-0.0
ddos_multi_04__benign_udpspoof_11,0,1789389806.1326995,real,ddos_multi_04,,generator_ground_truth,docker_multihost,7,1,-0.0,1.0368,0.2662,1,-0.0
ddos_multi_04__benign_udpspoof_11,0,1789389806.2726996,real,ddos_multi_04,,generator_ground_truth,docker_multihost,7,1,-0.0,1.0368,0.2662,1,-0.0
ddos_multi_04__benign_udpspoof_11,0,1789389806.4126997,real,ddos_multi_04,,generator_ground_truth,docker_multihost,7,1,-0.0,1.0368,0.2662,1,-0.0
ddos_multi_04__benign_udpspoof_11,0,1789389806.5526998,real,ddos_multi_04,,generator_ground_truth,docker_multihost,7,1,-0.0,1.0368,0.2662,1,-0.0
ddos_multi_04__benign_udpspoof_11,0,1789389806.6927,real,ddos_multi_04,,generator_ground_truth,docker_multihost,8,1,-0.0,1.0313,0.2469,1,-0.0
ddos_multi_04__benign_udpspoof_11,0,1789389806.8327,real,ddos_multi_04,,generator_ground_truth,docker_multihost,8,1,-0.0,1.0313,0.2469,1,-0.0
ddos_multi_04__benign_udpspoof_11,0,1789389806.9727,real,ddos_multi_04,,generator_ground_truth,docker_multihost,8,1,-0.0,1.0313,0.2469,1,-0.0
ddos_multi_04__benign_udpspoof_11,0,1789389807.1127002,real,ddos_multi_04,,generator_ground_truth,docker_multihost,8,1,-0.0,1.0313,0.2469,1,-0.0
ddos_multi_04__benign_udpspoof_11,0,1789389807.2527003,real,ddos_multi_04,,generator_ground_truth,docker_multihost,8,1,-0.0,1.0313,0.2469,1,-0.0
ddos_multi_04__benign_udpspoof_11,0,1789389807.3927004,real,ddos_multi_04,,generator_ground_truth,docker_multihost,8,1,-0.0,1.0313,0.2469,1,-0.0
ddos_multi_04__benign_udpspoof_11,0,1789389807.5327005,real,ddos_multi_04,,generator_ground_truth,docker_multihost,8,1,-0.0,1.0313,0.2469,1,-0.0
ddos_multi_04__benign_udpspoof_11,0,1789389807.6727006,real,ddos_multi_04,,generator_ground_truth,docker_multihost,9,1,-0.0,1.0139,0.2355,1,-0.0
ddos_multi_04__benign_udpspoof_11,0,1789389807.8127007,real,ddos_multi_04,,generator_ground_truth,docker_multihost,9,1,-0.0,1.0139,0.2355,1,-0.0
ddos_multi_04__benign_udpspoof_11,0,1789389807.9527009,real,ddos_multi_04,,generator_ground_truth,docker_multihost,9,1,-0.0,1.0139,0.2355,1,-0.0
ddos_multi_04__benign_udpspoof_11,0,1789389808.092701,real,ddos_multi_04,,generator_ground_truth,docker_multihost,9,1,-0.0,1.0139,0.2355,1,-0.0
ddos_multi_04__benign_udpspoof_11,0,1789389808.232701,real,ddos_multi_04,,generator_ground_truth,docker_multihost,9,1,-0.0,1.0139,0.2355,1,-0.0
ddos_multi_04__benign_udpspoof_11,0,1789389808.3727012,real,ddos_multi_04,,generator_ground_truth,docker_multihost,9,1,-0.0,1.0139,0.2355,1,-0.0
ddos_multi_04__benign_udpspoof_11,0,1789389808.5127013,real,ddos_multi_04,,generator_ground_truth,docker_multihost,9,1,-0.0,1.0139,0.2355,1,-0.0
ddos_multi_04__benign_udpspoof_11,0,1789389808.6527014,real,ddos_multi_04,,generator_ground_truth,docker_multihost,9,1,-0.0,1.0139,0.2355,1,-0.0
ddos_multi_04__benign_udpspoof_11,0,1789389808.7927015,real,ddos_multi_04,,generator_ground_truth,docker_multihost,10,1,-0.0,1.0353,0.2301,1,-0.0
ddos_multi_04__benign_udpspoof_11,0,1789389808.9327016,real,ddos_multi_04,,generator_ground_truth,docker_multihost,10,1,-0.0,1.0353,0.2301,1,-0.0
ddos_multi_04__benign_udpspoof_11,0,1789389809.0727017,real,ddos_multi_04,,generator_ground_truth,docker_multihost,10,1,-0.0,1.0353,0.2301,1,-0.0
ddos_multi_04__benign_udpspoof_11,0,1789389809.2127018,real,ddos_multi_04,,generator_ground_truth,docker_multihost,10,1,-0.0,1.0353,0.2301,1,-0.0
ddos_multi_04__benign_udpspoof_11,0,1789389809.352702,real,ddos_multi_04,,generator_ground_truth,docker_multihost,10,1,-0.0,1.0353,0.2301,1,-0.0
ddos_multi_04__benign_udpspoof_11,0,1789389809.492702,real,ddos_multi_04,,generator_ground_truth,docker_multihost,9,1,-0.0,1.035,0.244,1,-0.0
ddos_multi_04__benign_udpspoof_11,0,1789389809.632702,real,ddos_multi_04,,generator_ground_truth,docker_multihost,10,1,-0.0,1.0137,0.2378,1,-0.0
ddos_multi_04__benign_udpspoof_11,0,1789389809.7727022,real,ddos_multi_04,,generator_ground_truth,docker_multihost,10,1,-0.0,1.0137,0.2378,1,-0.0
ddos_multi_04__benign_udpspoof_11,0,1789389809.9127023,real,ddos_multi_04,,generator_ground_truth,docker_multihost,10,1,-0.0,1.0137,0.2378,1,-0.0
ddos_multi_04__benign_udpspoof_11,0,1789389810.0527024,real,ddos_multi_04,,generator_ground_truth,docker_multihost,10,1,-0.0,1.0137,0.2378,1,-0.0
ddos_multi_04__benign_udpspoof_11,0,1789389810.1927025,real,ddos_multi_04,,generator_ground_truth,docker_multihost,10,1,-0.0,1.0137,0.2378,1,-0.0
ddos_multi_04__benign_udpspoof_11,0,1789389810.3327026,real,ddos_multi_04,,generator_ground_truth,docker_multihost,10,1,-0.0,1.0137,0.2378,1,-0.0
ddos_multi_04__benign_udpspoof_11,0,1789389810.4727027,real,ddos_multi_04,,generator_ground_truth,docker_multihost,10,1,-0.0,1.0137,0.2378,1,-0.0
ddos_multi_04__benign_udpspoof_11,0,1789389810.6127028,real,ddos_multi_04,,generator_ground_truth,docker_multihost,9,1,-0.0,1.0574,0.2155,1,-0.0
ddos_multi_04__benign_udpspoof_11,0,1789389810.752703,real,ddos_multi_04,,generator_ground_truth,docker_multihost,10,1,-0.0,1.0594,0.2032,1,-0.0
ddos_multi_04__benign_udpspoof_11,0,1789389810.892703,real,ddos_multi_04,,generator_ground_truth,docker_multihost,10,1,-0.0,1.0594,0.2032,1,-0.0
ddos_multi_04__benign_udpspoof_11,0,1789389811.0327032,real,ddos_multi_04,,generator_ground_truth,docker_multihost,10,1,-0.0,1.0594,0.2032,1,-0.0
ddos_multi_04__benign_udpspoof_11,0,1789389811.1727033,real,ddos_multi_04,,generator_ground_truth,docker_multihost,9,1,-0.0,1.0287,0.1949,1,-0.0
ddos_multi_04__benign_udpspoof_11,0,1789389811.3127034,real,ddos_multi_04,,generator_ground_truth,docker_multihost,9,1,-0.0,1.0287,0.1949,1,-0.0
ddos_multi_04__benign_udpspoof_11,0,1789389811.4527035,real,ddos_multi_04,,generator_ground_truth,docker_multihost,9,1,-0.0,1.0287,0.1949,1,-0.0
ddos_multi_04__benign_udpspoof_11,0,1789389811.5927036,real,ddos_multi_04,,generator_ground_truth,docker_multihost,9,1,-0.0,1.0287,0.1949,1,-0.0
ddos_multi_04__benign_udpspoof_11,0,1789389811.7327037,real,ddos_multi_04,,generator_ground_truth,docker_multihost,10,1,-0.0,1.0222,0.1847,1,-0.0
ddos_multi_04__benign_udpspoof_11,0,1789389811.8727038,real,ddos_multi_04,,generator_ground_truth,docker_multihost,10,1,-0.0,1.0222,0.1847,1,-0.0
ddos_multi_04__benign_udpspoof_11,0,1789389812.012704,real,ddos_multi_04,,generator_ground_truth,docker_multihost,10,1,-0.0,1.0222,0.1847,1,-0.0
ddos_multi_04__benign_udpspoof_11,0,1789389812.152704,real,ddos_multi_04,,generator_ground_truth,docker_multihost,10,1,-0.0,1.0222,0.1847,1,-0.0
ddos_multi_04__benign_udpspoof_11,0,1789389812.292704,real,ddos_multi_04,,generator_ground_truth,docker_multihost,10,1,-0.0,1.0222,0.1847,1,-0.0
ddos_multi_04__benign_udpspoof_11,0,1789389812.4327042,real,ddos_multi_04,,generator_ground_truth,docker_multihost,11,1,-0.0,0.9904,0.1996,1,-0.0
ddos_multi_04__benign_udpspoof_11,0,1789389812.5727043,real,ddos_multi_04,,generator_ground_truth,docker_multihost,10,1,-0.0,0.9923,0.2103,1,-0.0
ddos_multi_04__benign_udpspoof_11,0,1789389812.7127044,real,ddos_multi_04,,generator_ground_truth,docker_multihost,10,1,-0.0,0.9923,0.2103,1,-0.0
ddos_multi_04__benign_udpspoof_11,0,1789389812.8527045,real,ddos_multi_04,,generator_ground_truth,docker_multihost,10,1,-0.0,0.9923,0.2103,1,-0.0
ddos_multi_04__benign_udpspoof_11,0,1789389812.9927046,real,ddos_multi_04,,generator_ground_truth,docker_multihost,10,1,-0.0,0.9923,0.2103,1,-0.0
ddos_multi_04__benign_udpspoof_11,0,1789389813.1327047,real,ddos_multi_04,,generator_ground_truth,docker_multihost,10,1,-0.0,0.9923,0.2103,1,-0.0
ddos_multi_04__benign_udpspoof_11,0,1789389813.2727048,real,ddos_multi_04,,generator_ground_truth,docker_multihost,10,1,-0.0,0.9923,0.2103,1,-0.0
ddos_multi_04__benign_udpspoof_11,0,1789389813.412705,real,ddos_multi_04,,generator_ground_truth,docker_multihost,10,1,-0.0,0.9923,0.2103,1,-0.0
ddos_multi_04__benign_udpspoof_11,0,1789389813.552705,real,ddos_multi_04,,generator_ground_truth,docker_multihost,9,1,-0.0,0.9371,0.1493,1,-0.0
ddos_multi_04__benign_udpspoof_11,0,1789389813.6927052,real,ddos_multi_04,,generator_ground_truth,docker_multihost,9,1,-0.0,0.9371,0.1493,1,-0.0
ddos_multi_04__benign_udpspoof_11,0,1789389813.8327053,real,ddos_multi_04,,generator_ground_truth,docker_multihost,9,1,-0.0,0.9371,0.1493,1,-0.0
ddos_multi_04__benign_udpspoof_11,0,1789389813.9727054,real,ddos_multi_04,,generator_ground_truth,docker_multihost,10,1,-0.0,0.9954,0.217,1,-0.0
ddos_multi_04__benign_udpspoof_11,0,1789389814.1127055,real,ddos_multi_04,,generator_ground_truth,docker_multihost,10,1,-0.0,0.9954,0.217,1,-0.0
ddos_multi_04__benign_udpspoof_11,0,1789389814.2527056,real,ddos_multi_04,,generator_ground_truth,docker_multihost,10,1,-0.0,0.9954,0.217,1,-0.0
ddos_multi_04__benign_udpspoof_11,0,1789389814.3927057,real,ddos_multi_04,,generator_ground_truth,docker_multihost,10,1,-0.0,0.9954,0.217,1,-0.0
ddos_multi_04__benign_udpspoof_11,0,1789389814.5327058,real,ddos_multi_04,,generator_ground_truth,docker_multihost,10,1,-0.0,0.9954,0.217,1,-0.0
ddos_multi_04__benign_udpspoof_11,0,1789389814.672706,real,ddos_multi_04,,generator_ground_truth,docker_multihost,11,1,-0.0,0.9778,0.2126,1,-0.0
ddos_multi_04__benign_udpspoof_11,0,1789389814.812706,real,ddos_multi_04,,generator_ground_truth,docker_multihost,11,1,-0.0,0.9778,0.2126,1,-0.0
ddos_multi_04__benign_udpspoof_11,0,1789389814.952706,real,ddos_multi_04,,generator_ground_truth,docker_multihost,10,1,-0.0,0.9967,0.2159,1,-0.0
ddos_multi_04__benign_udpspoof_11,0,1789389815.0927062,real,ddos_multi_04,,generator_ground_truth,docker_multihost,10,1,-0.0,0.9967,0.2159,1,-0.0
ddos_multi_04__benign_udpspoof_11,0,1789389815.2327063,real,ddos_multi_04,,generator_ground_truth,docker_multihost,10,1,-0.0,0.9967,0.2159,1,-0.0
ddos_multi_04__benign_udpspoof_11,0,1789389815.3727064,real,ddos_multi_04,,generator_ground_truth,docker_multihost,10,1,-0.0,0.9967,0.2159,1,-0.0
ddos_multi_04__benign_udpspoof_11,0,1789389815.5127065,real,ddos_multi_04,,generator_ground_truth,docker_multihost,10,1,-0.0,0.9967,0.2159,1,-0.0
ddos_multi_04__benign_udpspoof_11,0,1789389815.6527066,real,ddos_multi_04,,generator_ground_truth,docker_multihost,10,1,-0.0,0.9967,0.2159,1,-0.0
ddos_multi_04__benign_udpspoof_11,0,1789389815.7927067,real,ddos_multi_04,,generator_ground_truth,docker_multihost,9,1,-0.0,0.9965,0.229,1,-0.0
ddos_multi_04__benign_udpspoof_11,0,1789389815.9327068,real,ddos_multi_04,,generator_ground_truth,docker_multihost,9,1,-0.0,0.9965,0.229,1,-0.0
ddos_multi_04__benign_udpspoof_11,0,1789389816.072707,real,ddos_multi_04,,generator_ground_truth,docker_multihost,10,1,-0.0,1.041,0.25,1,-0.0
ddos_multi_04__benign_udpspoof_11,0,1789389816.212707,real,ddos_multi_04,,generator_ground_truth,docker_multihost,10,1,-0.0,1.041,0.25,1,-0.0
ddos_multi_04__benign_udpspoof_11,0,1789389816.3527071,real,ddos_multi_04,,generator_ground_truth,docker_multihost,10,1,-0.0,1.041,0.25,1,-0.0
ddos_multi_04__benign_udpspoof_11,0,1789389816.4927073,real,ddos_multi_04,,generator_ground_truth,docker_multihost,10,1,-0.0,1.041,0.25,1,-0.0
ddos_multi_04__benign_udpspoof_11,0,1789389816.6327074,real,ddos_multi_04,,generator_ground_truth,docker_multihost,10,1,-0.0,1.041,0.25,1,-0.0
ddos_multi_04__benign_udpspoof_11,0,1789389816.7727075,real,ddos_multi_04,,generator_ground_truth,docker_multihost,9,1,-0.0,1.0596,0.2592,1,-0.0
ddos_multi_04__benign_udpspoof_11,0,1789389816.9127076,real,ddos_multi_04,,generator_ground_truth,docker_multihost,9,1,-0.0,1.0596,0.2592,1,-0.0
ddos_multi_04__benign_udpspoof_11,0,1789389817.0527077,real,ddos_multi_04,,generator_ground_truth,docker_multihost,9,1,-0.0,1.0596,0.2592,1,-0.0
ddos_multi_04__benign_udpspoof_11,0,1789389817.1927078,real,ddos_multi_04,,generator_ground_truth,docker_multihost,10,1,-0.0,1.0637,0.2446,1,-0.0
ddos_multi_04__benign_udpspoof_11,0,1789389817.332708,real,ddos_multi_04,,generator_ground_truth,docker_multihost,10,1,-0.0,1.0637,0.2446,1,-0.0
ddos_multi_04__benign_udpspoof_11,0,1789389817.472708,real,ddos_multi_04,,generator_ground_truth,docker_multihost,10,1,-0.0,1.0637,0.2446,1,-0.0
ddos_multi_04__benign_udpspoof_11,0,1789389817.612708,real,ddos_multi_04,,generator_ground_truth,docker_multihost,9,1,-0.0,1.0459,0.2539,1,-0.0
ddos_multi_04__benign_udpspoof_11,0,1789389817.7527082,real,ddos_multi_04,,generator_ground_truth,docker_multihost,9,1,-0.0,1.0459,0.2539,1,-0.0
ddos_multi_04__benign_udpspoof_11,0,1789389817.8927083,real,ddos_multi_04,,generator_ground_truth,docker_multihost,9,1,-0.0,1.0459,0.2539,1,-0.0
ddos_multi_04__benign_udpspoof_11,0,1789389818.0327084,real,ddos_multi_04,,generator_ground_truth,docker_multihost,9,1,-0.0,1.0459,0.2539,1,-0.0
ddos_multi_04__benign_udpspoof_11,0,1789389818.1727085,real,ddos_multi_04,,generator_ground_truth,docker_multihost,10,1,-0.0,1.0335,0.2419,1,-0.0
ddos_multi_04__benign_udpspoof_11,0,1789389818.3127086,real,ddos_multi_04,,generator_ground_truth,docker_multihost,10,1,-0.0,1.0335,0.2419,1,-0.0
ddos_multi_04__benign_udpspoof_11,0,1789389818.4527087,real,ddos_multi_04,,generator_ground_truth,docker_multihost,10,1,-0.0,1.0335,0.2419,1,-0.0
ddos_multi_04__ddos_spoofed_11,1,1789389819.6056316,real,ddos_multi_04,spoofed_flood,generator_ground_truth,docker_multihost,17,1,-0.0,0.0084,0.0,17,4.0875
ddos_multi_04__ddos_spoofed_11,1,1789389819.7456317,real,ddos_multi_04,spoofed_flood,generator_ground_truth,docker_multihost,34,1,-0.0,0.0084,0.0,34,5.0875
ddos_multi_04__ddos_spoofed_11,1,1789389819.8856318,real,ddos_multi_04,spoofed_flood,generator_ground_truth,docker_multihost,50,1,-0.0,0.0084,0.0,50,5.6439
ddos_multi_04__ddos_spoofed_11,1,1789389820.025632,real,ddos_multi_04,spoofed_flood,generator_ground_truth,docker_multihost,67,1,-0.0,0.0084,0.0,67,6.0661
ddos_multi_04__ddos_spoofed_11,1,1789389820.165632,real,ddos_multi_04,spoofed_flood,generator_ground_truth,docker_multihost,83,1,-0.0,0.0084,0.0,83,6.375
ddos_multi_04__ddos_spoofed_11,1,1789389820.305632,real,ddos_multi_04,spoofed_flood,generator_ground_truth,docker_multihost,100,1,-0.0,0.0084,0.0,100,6.6439
ddos_multi_04__ddos_spoofed_11,1,1789389820.4456322,real,ddos_multi_04,spoofed_flood,generator_ground_truth,docker_multihost,116,1,-0.0,0.0085,0.0008,116,6.858
ddos_multi_04__ddos_spoofed_11,1,1789389820.5856323,real,ddos_multi_04,spoofed_flood,generator_ground_truth,docker_multihost,132,1,-0.0,0.0085,0.0007,132,7.0444
ddos_multi_04__ddos_spoofed_11,1,1789389820.7256324,real,ddos_multi_04,spoofed_flood,generator_ground_truth,docker_multihost,149,1,-0.0,0.0085,0.0007,149,7.2192
ddos_multi_04__ddos_spoofed_11,1,1789389820.8656325,real,ddos_multi_04,spoofed_flood,generator_ground_truth,docker_multihost,165,1,-0.0,0.0085,0.0007,165,7.3663
ddos_multi_04__ddos_spoofed_11,1,1789389821.0056326,real,ddos_multi_04,spoofed_flood,generator_ground_truth,docker_multihost,182,1,-0.0,0.0085,0.0006,182,7.5078
ddos_multi_04__ddos_spoofed_11,1,1789389821.1456327,real,ddos_multi_04,spoofed_flood,generator_ground_truth,docker_multihost,198,1,-0.0,0.0085,0.0006,198,7.6294
ddos_multi_04__ddos_spoofed_11,1,1789389821.2856328,real,ddos_multi_04,spoofed_flood,generator_ground_truth,docker_multihost,215,1,-0.0,0.0085,0.0006,215,7.7482
ddos_multi_04__ddos_spoofed_11,1,1789389821.425633,real,ddos_multi_04,spoofed_flood,generator_ground_truth,docker_multihost,231,1,-0.0,0.0085,0.0006,231,7.8517
ddos_multi_04__ddos_spoofed_11,1,1789389821.565633,real,ddos_multi_04,spoofed_flood,generator_ground_truth,docker_multihost,248,1,-0.0,0.0085,0.0005,248,7.9542
ddos_multi_04__ddos_spoofed_11,1,1789389821.7056332,real,ddos_multi_04,spoofed_flood,generator_ground_truth,docker_multihost,265,1,-0.0,0.0085,0.0005,265,8.0498
ddos_multi_04__ddos_spoofed_11,1,1789389821.8456333,real,ddos_multi_04,spoofed_flood,generator_ground_truth,docker_multihost,281,1,-0.0,0.0085,0.0005,281,8.1344
ddos_multi_04__ddos_spoofed_11,1,1789389821.9856334,real,ddos_multi_04,spoofed_flood,generator_ground_truth,docker_multihost,298,1,-0.0,0.0085,0.0005,298,8.2192
ddos_multi_04__ddos_spoofed_11,1,1789389822.1256335,real,ddos_multi_04,spoofed_flood,generator_ground_truth,docker_multihost,314,1,-0.0,0.0085,0.0005,314,8.2946
ddos_multi_04__ddos_spoofed_11,1,1789389822.2656336,real,ddos_multi_04,spoofed_flood,generator_ground_truth,docker_multihost,330,1,-0.0,0.0085,0.0005,330,8.3663
ddos_multi_04__ddos_spoofed_11,1,1789389822.4056337,real,ddos_multi_04,spoofed_flood,generator_ground_truth,docker_multihost,347,1,-0.0,0.0085,0.0005,347,8.4388
ddos_multi_04__ddos_spoofed_11,1,1789389822.5456338,real,ddos_multi_04,spoofed_flood,generator_ground_truth,docker_multihost,364,1,-0.0,0.0085,0.0005,364,8.5078
ddos_multi_04__ddos_spoofed_11,1,1789389822.685634,real,ddos_multi_04,spoofed_flood,generator_ground_truth,docker_multihost,380,1,-0.0,0.0085,0.0004,380,8.5699
ddos_multi_04__ddos_spoofed_11,1,1789389822.825634,real,ddos_multi_04,spoofed_flood,generator_ground_truth,docker_multihost,397,1,-0.0,0.0085,0.0004,397,8.633
ddos_multi_04__ddos_spoofed_11,1,1789389822.965634,real,ddos_multi_04,spoofed_flood,generator_ground_truth,docker_multihost,413,1,-0.0,0.0085,0.0004,413,8.69
ddos_multi_04__ddos_spoofed_11,1,1789389823.1056342,real,ddos_multi_04,spoofed_flood,generator_ground_truth,docker_multihost,429,1,-0.0,0.0085,0.0006,429,8.7448
ddos_multi_04__ddos_spoofed_11,1,1789389823.2456343,real,ddos_multi_04,spoofed_flood,generator_ground_truth,docker_multihost,445,1,-0.0,0.0085,0.0006,445,8.7977
ddos_multi_04__ddos_spoofed_11,1,1789389823.3856344,real,ddos_multi_04,spoofed_flood,generator_ground_truth,docker_multihost,461,1,-0.0,0.0085,0.0007,461,8.8486
ddos_multi_04__ddos_spoofed_11,1,1789389823.5256345,real,ddos_multi_04,spoofed_flood,generator_ground_truth,docker_multihost,477,1,-0.0,0.0085,0.0007,477,8.8978
ddos_multi_04__ddos_spoofed_11,1,1789389823.6656346,real,ddos_multi_04,spoofed_flood,generator_ground_truth,docker_multihost,494,1,-0.0,0.0085,0.0007,494,8.9484
ddos_multi_04__ddos_spoofed_11,1,1789389823.8056347,real,ddos_multi_04,spoofed_flood,generator_ground_truth,docker_multihost,510,1,-0.0,0.0085,0.0007,510,8.9944
ddos_multi_04__ddos_spoofed_11,1,1789389823.9456348,real,ddos_multi_04,spoofed_flood,generator_ground_truth,docker_multihost,527,1,-0.0,0.0085,0.0006,527,9.0417
ddos_multi_04__ddos_spoofed_11,1,1789389824.085635,real,ddos_multi_04,spoofed_flood,generator_ground_truth,docker_multihost,544,1,-0.0,0.0085,0.0006,544,9.0875
ddos_multi_04__ddos_spoofed_11,1,1789389824.225635,real,ddos_multi_04,spoofed_flood,generator_ground_truth,docker_multihost,560,1,-0.0,0.0085,0.0006,560,9.1293
ddos_multi_04__ddos_spoofed_11,1,1789389824.3656352,real,ddos_multi_04,spoofed_flood,generator_ground_truth,docker_multihost,577,1,-0.0,0.0085,0.0006,577,9.1724
ddos_multi_04__ddos_spoofed_11,1,1789389824.5056353,real,ddos_multi_04,spoofed_flood,generator_ground_truth,docker_multihost,594,1,-0.0,0.0085,0.0006,594,9.2143
ddos_multi_04__ddos_spoofed_11,1,1789389824.6456354,real,ddos_multi_04,spoofed_flood,generator_ground_truth,docker_multihost,610,1,-0.0,0.0085,0.0006,610,9.2527
ddos_multi_04__ddos_spoofed_11,1,1789389824.7856355,real,ddos_multi_04,spoofed_flood,generator_ground_truth,docker_multihost,627,1,-0.0,0.0085,0.0006,627,9.2923
ddos_multi_04__ddos_spoofed_11,1,1789389824.9256356,real,ddos_multi_04,spoofed_flood,generator_ground_truth,docker_multihost,644,1,-0.0,0.0085,0.0006,644,9.3309
ddos_multi_04__ddos_spoofed_11,1,1789389825.0656357,real,ddos_multi_04,spoofed_flood,generator_ground_truth,docker_multihost,660,1,-0.0,0.0085,0.0006,660,9.3663
ddos_multi_04__ddos_spoofed_11,1,1789389825.2056358,real,ddos_multi_04,spoofed_flood,generator_ground_truth,docker_multihost,677,1,-0.0,0.0085,0.0006,677,9.403
ddos_multi_04__ddos_spoofed_11,1,1789389825.345636,real,ddos_multi_04,spoofed_flood,generator_ground_truth,docker_multihost,693,1,-0.0,0.0085,0.0006,693,9.4367
ddos_multi_04__ddos_spoofed_11,1,1789389825.485636,real,ddos_multi_04,spoofed_flood,generator_ground_truth,docker_multihost,710,1,-0.0,0.0085,0.0006,710,9.4717
ddos_multi_04__ddos_spoofed_11,1,1789389825.625636,real,ddos_multi_04,spoofed_flood,generator_ground_truth,docker_multihost,727,1,-0.0,0.0085,0.0006,727,9.5058
ddos_multi_04__ddos_spoofed_11,1,1789389825.7656362,real,ddos_multi_04,spoofed_flood,generator_ground_truth,docker_multihost,743,1,-0.0,0.0085,0.0005,743,9.5372
ddos_multi_04__ddos_spoofed_11,1,1789389825.9056363,real,ddos_multi_04,spoofed_flood,generator_ground_truth,docker_multihost,760,1,-0.0,0.0085,0.0005,760,9.5699
ddos_multi_04__ddos_spoofed_11,1,1789389826.0456364,real,ddos_multi_04,spoofed_flood,generator_ground_truth,docker_multihost,777,1,-0.0,0.0085,0.0005,777,9.6018
ddos_multi_04__ddos_spoofed_11,1,1789389826.1856365,real,ddos_multi_04,spoofed_flood,generator_ground_truth,docker_multihost,793,1,-0.0,0.0085,0.0005,793,9.6312
ddos_multi_04__ddos_spoofed_11,1,1789389826.3256366,real,ddos_multi_04,spoofed_flood,generator_ground_truth,docker_multihost,810,1,-0.0,0.0085,0.0005,810,9.6618
ddos_multi_04__ddos_spoofed_11,1,1789389826.4656367,real,ddos_multi_04,spoofed_flood,generator_ground_truth,docker_multihost,827,1,-0.0,0.0085,0.0005,827,9.6917
ddos_multi_04__ddos_spoofed_11,1,1789389826.6056368,real,ddos_multi_04,spoofed_flood,generator_ground_truth,docker_multihost,843,1,-0.0,0.0085,0.0005,843,9.7194
ddos_multi_04__ddos_spoofed_11,1,1789389826.745637,real,ddos_multi_04,spoofed_flood,generator_ground_truth,docker_multihost,860,1,-0.0,0.0085,0.0005,860,9.7482
ddos_multi_04__ddos_spoofed_11,1,1789389826.885637,real,ddos_multi_04,spoofed_flood,generator_ground_truth,docker_multihost,876,1,-0.0,0.0085,0.0005,876,9.7748
ddos_multi_04__ddos_spoofed_11,1,1789389827.0256371,real,ddos_multi_04,spoofed_flood,generator_ground_truth,docker_multihost,893,1,-0.0,0.0085,0.0005,893,9.8025
ddos_multi_04__ddos_spoofed_11,1,1789389827.1656373,real,ddos_multi_04,spoofed_flood,generator_ground_truth,docker_multihost,910,1,-0.0,0.0085,0.0005,910,9.8297
ddos_multi_04__ddos_spoofed_11,1,1789389827.3056374,real,ddos_multi_04,spoofed_flood,generator_ground_truth,docker_multihost,926,1,-0.0,0.0085,0.0005,926,9.8549
ddos_multi_04__ddos_spoofed_11,1,1789389827.4456375,real,ddos_multi_04,spoofed_flood,generator_ground_truth,docker_multihost,943,1,-0.0,0.0085,0.0005,943,9.8811
ddos_multi_04__ddos_spoofed_11,1,1789389827.5856376,real,ddos_multi_04,spoofed_flood,generator_ground_truth,docker_multihost,960,1,-0.0,0.0085,0.0005,960,9.9069
ddos_multi_04__ddos_spoofed_11,1,1789389827.7256377,real,ddos_multi_04,spoofed_flood,generator_ground_truth,docker_multihost,976,1,-0.0,0.0085,0.0005,976,9.9307
ddos_multi_04__ddos_spoofed_11,1,1789389827.8656378,real,ddos_multi_04,spoofed_flood,generator_ground_truth,docker_multihost,993,1,-0.0,0.0085,0.0005,993,9.9556
ddos_multi_04__ddos_spoofed_11,1,1789389828.005638,real,ddos_multi_04,spoofed_flood,generator_ground_truth,docker_multihost,1010,1,-0.0,0.0085,0.0005,1010,9.9801
ddos_multi_04__ddos_spoofed_11,1,1789389828.145638,real,ddos_multi_04,spoofed_flood,generator_ground_truth,docker_multihost,1026,1,-0.0,0.0085,0.0005,1026,10.0028
ddos_multi_04__ddos_spoofed_11,1,1789389828.285638,real,ddos_multi_04,spoofed_flood,generator_ground_truth,docker_multihost,1043,1,-0.0,0.0085,0.0005,1043,10.0265
ddos_multi_04__ddos_spoofed_11,1,1789389828.4256382,real,ddos_multi_04,spoofed_flood,generator_ground_truth,docker_multihost,1060,1,-0.0,0.0085,0.0005,1060,10.0498
ddos_multi_04__ddos_spoofed_11,1,1789389828.5656383,real,ddos_multi_04,spoofed_flood,generator_ground_truth,docker_multihost,1076,1,-0.0,0.0085,0.0005,1076,10.0715
ddos_multi_04__ddos_spoofed_11,1,1789389828.7056384,real,ddos_multi_04,spoofed_flood,generator_ground_truth,docker_multihost,1093,1,-0.0,0.0085,0.0005,1093,10.0941
ddos_multi_04__ddos_spoofed_11,1,1789389828.8456385,real,ddos_multi_04,spoofed_flood,generator_ground_truth,docker_multihost,1109,1,-0.0,0.0085,0.0005,1109,10.115
ddos_multi_04__ddos_spoofed_11,1,1789389828.9856386,real,ddos_multi_04,spoofed_flood,generator_ground_truth,docker_multihost,1126,1,-0.0,0.0085,0.0004,1126,10.137
ddos_multi_04__ddos_spoofed_11,1,1789389829.1256387,real,ddos_multi_04,spoofed_flood,generator_ground_truth,docker_multihost,1142,1,-0.0,0.0085,0.0004,1142,10.1573
ddos_multi_04__ddos_spoofed_11,1,1789389829.2656388,real,ddos_multi_04,spoofed_flood,generator_ground_truth,docker_multihost,1158,1,-0.0,0.0085,0.0004,1158,10.1774
ddos_multi_04__ddos_spoofed_11,1,1789389829.405639,real,ddos_multi_04,spoofed_flood,generator_ground_truth,docker_multihost,1175,1,-0.0,0.0085,0.0004,1175,10.1984
ddos_multi_04__ddos_spoofed_11,1,1789389829.545639,real,ddos_multi_04,spoofed_flood,generator_ground_truth,docker_multihost,1182,1,-0.0,0.0085,0.0004,1182,10.207
ddos_multi_04__ddos_spoofed_11,1,1789389829.6856391,real,ddos_multi_04,spoofed_flood,generator_ground_truth,docker_multihost,1182,1,-0.0,0.0085,0.0004,1182,10.207
ddos_multi_04__ddos_spoofed_11,1,1789389829.8256392,real,ddos_multi_04,spoofed_flood,generator_ground_truth,docker_multihost,1182,1,-0.0,0.0085,0.0004,1182,10.207
ddos_multi_04__ddos_spoofed_11,1,1789389829.9656394,real,ddos_multi_04,spoofed_flood,generator_ground_truth,docker_multihost,1181,1,-0.0,0.0085,0.0004,1181,10.2058
ddos_multi_04__ddos_spoofed_11,1,1789389830.1056395,real,ddos_multi_04,spoofed_flood,generator_ground_truth,docker_multihost,1182,1,-0.0,0.0085,0.0004,1182,10.207
ddos_multi_04__ddos_spoofed_11,1,1789389830.2456396,real,ddos_multi_04,spoofed_flood,generator_ground_truth,docker_multihost,1172,1,-0.0,0.0085,0.0004,1172,10.1948
ddos_multi_04__ddos_spoofed_11,1,1789389830.3856397,real,ddos_multi_04,spoofed_flood,generator_ground_truth,docker_multihost,1155,1,-0.0,0.0085,0.0004,1155,10.1737
ddos_multi_04__ddos_spoofed_11,1,1789389830.5256398,real,ddos_multi_04,spoofed_flood,generator_ground_truth,docker_multihost,1140,1,-0.0,0.0085,0.0004,1140,10.1548
ddos_multi_04__ddos_spoofed_11,1,1789389830.6656399,real,ddos_multi_04,spoofed_flood,generator_ground_truth,docker_multihost,1123,1,-0.0,0.0085,0.0004,1123,10.1331
ddos_multi_04__benign_udpspoof_12,0,1789389831.9895508,real,ddos_multi_04,,generator_ground_truth,docker_multihost,1,1,-0.0,0.0,0.0,1,-0.0
ddos_multi_04__benign_udpspoof_12,0,1789389832.129551,real,ddos_multi_04,,generator_ground_truth,docker_multihost,1,1,-0.0,0.0,0.0,1,-0.0
ddos_multi_04__benign_udpspoof_12,0,1789389832.269551,real,ddos_multi_04,,generator_ground_truth,docker_multihost,1,1,-0.0,0.0,0.0,1,-0.0
ddos_multi_04__benign_udpspoof_12,0,1789389832.4095511,real,ddos_multi_04,,generator_ground_truth,docker_multihost,1,1,-0.0,0.0,0.0,1,-0.0
ddos_multi_04__benign_udpspoof_12,0,1789389832.5495512,real,ddos_multi_04,,generator_ground_truth,docker_multihost,2,2,1.0,0.5884,0.0,1,-0.0
ddos_multi_04__benign_udpspoof_12,0,1789389832.6895514,real,ddos_multi_04,,generator_ground_truth,docker_multihost,2,2,1.0,0.5884,0.0,1,-0.0
ddos_multi_04__benign_udpspoof_12,0,1789389832.8295515,real,ddos_multi_04,,generator_ground_truth,docker_multihost,2,2,1.0,0.5884,0.0,1,-0.0
ddos_multi_04__benign_udpspoof_12,0,1789389832.9695516,real,ddos_multi_04,,generator_ground_truth,docker_multihost,2,2,1.0,0.5884,0.0,1,-0.0
ddos_multi_04__benign_udpspoof_12,0,1789389833.1095517,real,ddos_multi_04,,generator_ground_truth,docker_multihost,2,2,1.0,0.5884,0.0,1,-0.0
ddos_multi_04__benign_udpspoof_12,0,1789389833.2495518,real,ddos_multi_04,,generator_ground_truth,docker_multihost,2,2,1.0,0.5884,0.0,1,-0.0
ddos_multi_04__benign_udpspoof_12,0,1789389833.3895519,real,ddos_multi_04,,generator_ground_truth,docker_multihost,2,2,1.0,0.5884,0.0,1,-0.0
ddos_multi_04__benign_udpspoof_12,0,1789389833.529552,real,ddos_multi_04,,generator_ground_truth,docker_multihost,2,2,1.0,0.5884,0.0,1,-0.0
ddos_multi_04__benign_udpspoof_12,0,1789389833.669552,real,ddos_multi_04,,generator_ground_truth,docker_multihost,2,2,1.0,0.5884,0.0,1,-0.0
ddos_multi_04__benign_udpspoof_12,0,1789389833.8095522,real,ddos_multi_04,,generator_ground_truth,docker_multihost,2,2,1.0,0.5884,0.0,1,-0.0
ddos_multi_04__benign_udpspoof_12,0,1789389833.9495523,real,ddos_multi_04,,generator_ground_truth,docker_multihost,3,3,1.585,0.9607,0.3723,1,-0.0
ddos_multi_04__benign_udpspoof_12,0,1789389834.0895524,real,ddos_multi_04,,generator_ground_truth,docker_multihost,3,3,1.585,0.9607,0.3723,1,-0.0
ddos_multi_04__benign_udpspoof_12,0,1789389834.2295525,real,ddos_multi_04,,generator_ground_truth,docker_multihost,3,3,1.585,0.9607,0.3723,1,-0.0
ddos_multi_04__benign_udpspoof_12,0,1789389834.3695526,real,ddos_multi_04,,generator_ground_truth,docker_multihost,3,3,1.585,0.9607,0.3723,1,-0.0
ddos_multi_04__benign_udpspoof_12,0,1789389834.5095527,real,ddos_multi_04,,generator_ground_truth,docker_multihost,3,3,1.585,0.9607,0.3723,1,-0.0
ddos_multi_04__benign_udpspoof_12,0,1789389834.6495528,real,ddos_multi_04,,generator_ground_truth,docker_multihost,3,3,1.585,0.9607,0.3723,1,-0.0
ddos_multi_04__benign_udpspoof_12,0,1789389834.789553,real,ddos_multi_04,,generator_ground_truth,docker_multihost,4,3,1.5,0.9086,0.3127,1,-0.0
ddos_multi_04__benign_udpspoof_12,0,1789389834.929553,real,ddos_multi_04,,generator_ground_truth,docker_multihost,4,3,1.5,0.9086,0.3127,1,-0.0
ddos_multi_04__benign_udpspoof_12,0,1789389835.0695531,real,ddos_multi_04,,generator_ground_truth,docker_multihost,4,3,1.5,0.9086,0.3127,1,-0.0
ddos_multi_04__benign_udpspoof_12,0,1789389835.2095532,real,ddos_multi_04,,generator_ground_truth,docker_multihost,4,3,1.5,0.9086,0.3127,1,-0.0
ddos_multi_04__benign_udpspoof_12,0,1789389835.3495533,real,ddos_multi_04,,generator_ground_truth,docker_multihost,4,3,1.5,0.9086,0.3127,1,-0.0
ddos_multi_04__benign_udpspoof_12,0,1789389835.4895535,real,ddos_multi_04,,generator_ground_truth,docker_multihost,4,3,1.5,0.9086,0.3127,1,-0.0
ddos_multi_04__benign_udpspoof_12,0,1789389835.6295536,real,ddos_multi_04,,generator_ground_truth,docker_multihost,4,3,1.5,0.9086,0.3127,1,-0.0
ddos_multi_04__benign_udpspoof_12,0,1789389835.7695537,real,ddos_multi_04,,generator_ground_truth,docker_multihost,5,3,1.5219,0.9234,0.2721,1,-0.0
ddos_multi_04__benign_udpspoof_12,0,1789389835.9095538,real,ddos_multi_04,,generator_ground_truth,docker_multihost,5,3,1.5219,0.9234,0.2721,1,-0.0
ddos_multi_04__benign_udpspoof_12,0,1789389836.0495539,real,ddos_multi_04,,generator_ground_truth,docker_multihost,5,3,1.5219,0.9234,0.2721,1,-0.0
ddos_multi_04__benign_udpspoof_12,0,1789389836.189554,real,ddos_multi_04,,generator_ground_truth,docker_multihost,5,3,1.5219,0.9234,0.2721,1,-0.0
ddos_multi_04__benign_udpspoof_12,0,1789389836.329554,real,ddos_multi_04,,generator_ground_truth,docker_multihost,5,3,1.5219,0.9234,0.2721,1,-0.0
ddos_multi_04__benign_udpspoof_12,0,1789389836.4695542,real,ddos_multi_04,,generator_ground_truth,docker_multihost,5,3,1.5219,0.9234,0.2721,1,-0.0
ddos_multi_04__benign_udpspoof_12,0,1789389836.6095543,real,ddos_multi_04,,generator_ground_truth,docker_multihost,5,3,1.5219,0.9234,0.2721,1,-0.0
ddos_multi_04__benign_udpspoof_12,0,1789389836.7495544,real,ddos_multi_04,,generator_ground_truth,docker_multihost,6,3,1.585,0.9452,0.2472,1,-0.0
ddos_multi_04__benign_udpspoof_12,0,1789389836.8895545,real,ddos_multi_04,,generator_ground_truth,docker_multihost,6,3,1.585,0.9452,0.2472,1,-0.0
ddos_multi_04__benign_udpspoof_12,0,1789389837.0295546,real,ddos_multi_04,,generator_ground_truth,docker_multihost,6,3,1.585,0.9452,0.2472,1,-0.0
ddos_multi_04__benign_udpspoof_12,0,1789389837.1695547,real,ddos_multi_04,,generator_ground_truth,docker_multihost,6,3,1.585,0.9452,0.2472,1,-0.0
ddos_multi_04__benign_udpspoof_12,0,1789389837.3095548,real,ddos_multi_04,,generator_ground_truth,docker_multihost,7,3,1.5567,0.887,0.2606,1,-0.0
ddos_multi_04__benign_udpspoof_12,0,1789389837.449555,real,ddos_multi_04,,generator_ground_truth,docker_multihost,7,3,1.5567,0.887,0.2606,1,-0.0
ddos_multi_04__benign_udpspoof_12,0,1789389837.589555,real,ddos_multi_04,,generator_ground_truth,docker_multihost,7,3,1.5567,0.887,0.2606,1,-0.0
ddos_multi_04__benign_udpspoof_12,0,1789389837.7295551,real,ddos_multi_04,,generator_ground_truth,docker_multihost,7,3,1.5567,0.887,0.2606,1,-0.0
ddos_multi_04__benign_udpspoof_12,0,1789389837.8695552,real,ddos_multi_04,,generator_ground_truth,docker_multihost,7,3,1.5567,0.887,0.2606,1,-0.0
ddos_multi_04__benign_udpspoof_12,0,1789389838.0095553,real,ddos_multi_04,,generator_ground_truth,docker_multihost,8,3,1.5613,0.8551,0.2536,1,-0.0
ddos_multi_04__benign_udpspoof_12,0,1789389838.1495554,real,ddos_multi_04,,generator_ground_truth,docker_multihost,8,3,1.5613,0.8551,0.2536,1,-0.0
ddos_multi_04__benign_udpspoof_12,0,1789389838.2895555,real,ddos_multi_04,,generator_ground_truth,docker_multihost,8,3,1.5613,0.8551,0.2536,1,-0.0
ddos_multi_04__benign_udpspoof_12,0,1789389838.4295557,real,ddos_multi_04,,generator_ground_truth,docker_multihost,8,3,1.5613,0.8551,0.2536,1,-0.0
ddos_multi_04__benign_udpspoof_12,0,1789389838.5695558,real,ddos_multi_04,,generator_ground_truth,docker_multihost,8,3,1.5613,0.8551,0.2536,1,-0.0
ddos_multi_04__benign_udpspoof_12,0,1789389838.7095559,real,ddos_multi_04,,generator_ground_truth,docker_multihost,9,3,1.585,0.8339,0.2437,1,-0.0
ddos_multi_04__benign_udpspoof_12,0,1789389838.849556,real,ddos_multi_04,,generator_ground_truth,docker_multihost,9,3,1.585,0.8339,0.2437,1,-0.0
ddos_multi_04__benign_udpspoof_12,0,1789389838.989556,real,ddos_multi_04,,generator_ground_truth,docker_multihost,9,3,1.585,0.8339,0.2437,1,-0.0
ddos_multi_04__benign_udpspoof_12,0,1789389839.1295562,real,ddos_multi_04,,generator_ground_truth,docker_multihost,9,3,1.585,0.8339,0.2437,1,-0.0
ddos_multi_04__benign_udpspoof_12,0,1789389839.2695563,real,ddos_multi_04,,generator_ground_truth,docker_multihost,9,3,1.585,0.8339,0.2437,1,-0.0
ddos_multi_04__benign_udpspoof_12,0,1789389839.4095564,real,ddos_multi_04,,generator_ground_truth,docker_multihost,9,3,1.585,0.8339,0.2437,1,-0.0
ddos_multi_04__benign_udpspoof_12,0,1789389839.5495565,real,ddos_multi_04,,generator_ground_truth,docker_multihost,9,3,1.585,0.8339,0.2437,1,-0.0
ddos_multi_04__benign_udpspoof_12,0,1789389839.6895566,real,ddos_multi_04,,generator_ground_truth,docker_multihost,9,3,1.585,0.8339,0.2437,1,-0.0
ddos_multi_04__benign_udpspoof_12,0,1789389839.8295567,real,ddos_multi_04,,generator_ground_truth,docker_multihost,10,3,1.571,0.8749,0.2574,1,-0.0
ddos_multi_04__benign_udpspoof_12,0,1789389839.9695568,real,ddos_multi_04,,generator_ground_truth,docker_multihost,10,3,1.571,0.8749,0.2574,1,-0.0
ddos_multi_04__benign_udpspoof_12,0,1789389840.109557,real,ddos_multi_04,,generator_ground_truth,docker_multihost,10,3,1.571,0.8749,0.2574,1,-0.0
ddos_multi_04__benign_udpspoof_12,0,1789389840.249557,real,ddos_multi_04,,generator_ground_truth,docker_multihost,10,3,1.571,0.8749,0.2574,1,-0.0
ddos_multi_04__benign_udpspoof_12,0,1789389840.3895571,real,ddos_multi_04,,generator_ground_truth,docker_multihost,10,3,1.571,0.8749,0.2574,1,-0.0
ddos_multi_04__benign_udpspoof_12,0,1789389840.5295572,real,ddos_multi_04,,generator_ground_truth,docker_multihost,10,3,1.571,0.8749,0.2574,1,-0.0
ddos_multi_04__benign_udpspoof_12,0,1789389840.6695573,real,ddos_multi_04,,generator_ground_truth,docker_multihost,10,3,1.571,0.8749,0.2574,1,-0.0
ddos_multi_04__benign_udpspoof_12,0,1789389840.8095574,real,ddos_multi_04,,generator_ground_truth,docker_multihost,10,3,1.571,0.8749,0.2574,1,-0.0
ddos_multi_04__benign_udpspoof_12,0,1789389840.9495575,real,ddos_multi_04,,generator_ground_truth,docker_multihost,10,3,1.571,0.8749,0.2574,1,-0.0
ddos_multi_04__benign_udpspoof_12,0,1789389841.0895576,real,ddos_multi_04,,generator_ground_truth,docker_multihost,10,3,1.571,0.8749,0.2574,1,-0.0
ddos_multi_04__benign_udpspoof_12,0,1789389841.2295578,real,ddos_multi_04,,generator_ground_truth,docker_multihost,11,3,1.5726,0.9284,0.2922,1,-0.0
ddos_multi_04__benign_udpspoof_12,0,1789389841.3695579,real,ddos_multi_04,,generator_ground_truth,docker_multihost,11,3,1.5726,0.9284,0.2922,1,-0.0
ddos_multi_04__benign_udpspoof_12,0,1789389841.509558,real,ddos_multi_04,,generator_ground_truth,docker_multihost,11,3,1.5726,0.9284,0.2922,1,-0.0
ddos_multi_04__benign_udpspoof_12,0,1789389841.649558,real,ddos_multi_04,,generator_ground_truth,docker_multihost,11,3,1.5726,0.9284,0.2922,1,-0.0
ddos_multi_04__benign_udpspoof_12,0,1789389841.7895582,real,ddos_multi_04,,generator_ground_truth,docker_multihost,11,3,1.5726,0.9284,0.2922,1,-0.0
ddos_multi_04__benign_udpspoof_12,0,1789389841.9295583,real,ddos_multi_04,,generator_ground_truth,docker_multihost,11,3,1.5726,0.9284,0.2922,1,-0.0
ddos_multi_04__benign_udpspoof_12,0,1789389842.0695584,real,ddos_multi_04,,generator_ground_truth,docker_multihost,10,3,1.571,0.9662,0.2839,1,-0.0
ddos_multi_04__benign_udpspoof_12,0,1789389842.2095585,real,ddos_multi_04,,generator_ground_truth,docker_multihost,10,3,1.571,0.9662,0.2839,1,-0.0
ddos_multi_04__benign_udpspoof_12,0,1789389842.3495586,real,ddos_multi_04,,generator_ground_truth,docker_multihost,10,3,1.571,0.9662,0.2839,1,-0.0
ddos_multi_04__benign_udpspoof_12,0,1789389842.4895587,real,ddos_multi_04,,generator_ground_truth,docker_multihost,10,3,1.571,0.9662,0.2839,1,-0.0
ddos_multi_04__benign_udpspoof_12,0,1789389842.6295588,real,ddos_multi_04,,generator_ground_truth,docker_multihost,9,3,1.585,0.9204,0.2679,1,-0.0
ddos_multi_04__benign_udpspoof_12,0,1789389842.769559,real,ddos_multi_04,,generator_ground_truth,docker_multihost,10,3,1.571,0.9753,0.2965,1,-0.0
ddos_multi_04__benign_udpspoof_12,0,1789389842.909559,real,ddos_multi_04,,generator_ground_truth,docker_multihost,10,3,1.571,0.9753,0.2965,1,-0.0
ddos_multi_04__benign_udpspoof_12,0,1789389843.049559,real,ddos_multi_04,,generator_ground_truth,docker_multihost,10,3,1.571,0.9753,0.2965,1,-0.0
ddos_multi_04__benign_udpspoof_12,0,1789389843.1895592,real,ddos_multi_04,,generator_ground_truth,docker_multihost,10,3,1.571,0.9753,0.2965,1,-0.0
ddos_multi_04__benign_udpspoof_12,0,1789389843.3295593,real,ddos_multi_04,,generator_ground_truth,docker_multihost,10,3,1.571,0.9753,0.2965,1,-0.0
ddos_multi_04__benign_udpspoof_12,0,1789389843.4695594,real,ddos_multi_04,,generator_ground_truth,docker_multihost,10,3,1.571,0.9753,0.2965,1,-0.0
ddos_multi_04__benign_udpspoof_12,0,1789389843.6095595,real,ddos_multi_04,,generator_ground_truth,docker_multihost,10,3,1.571,0.9753,0.2965,1,-0.0
ddos_multi_04__benign_udpspoof_12,0,1789389843.7495596,real,ddos_multi_04,,generator_ground_truth,docker_multihost,11,3,1.5726,0.9884,0.284,1,-0.0
ddos_multi_04__benign_udpspoof_12,0,1789389843.8895597,real,ddos_multi_04,,generator_ground_truth,docker_multihost,10,3,1.571,1.0089,0.2923,1,-0.0
ddos_multi_04__benign_udpspoof_12,0,1789389844.0295599,real,ddos_multi_04,,generator_ground_truth,docker_multihost,10,3,1.571,1.0089,0.2923,1,-0.0
ddos_multi_04__benign_udpspoof_12,0,1789389844.16956,real,ddos_multi_04,,generator_ground_truth,docker_multihost,10,3,1.571,1.0089,0.2923,1,-0.0
ddos_multi_04__benign_udpspoof_12,0,1789389844.30956,real,ddos_multi_04,,generator_ground_truth,docker_multihost,10,3,1.571,1.0089,0.2923,1,-0.0
ddos_multi_04__benign_udpspoof_12,0,1789389844.4495602,real,ddos_multi_04,,generator_ground_truth,docker_multihost,10,3,1.571,1.0089,0.2923,1,-0.0
ddos_multi_04__benign_udpspoof_12,0,1789389844.5895603,real,ddos_multi_04,,generator_ground_truth,docker_multihost,10,3,1.571,1.0089,0.2923,1,-0.0
ddos_multi_04__benign_udpspoof_12,0,1789389844.7295604,real,ddos_multi_04,,generator_ground_truth,docker_multihost,9,3,1.585,1.014,0.3097,1,-0.0
ddos_multi_04__benign_udpspoof_12,0,1789389844.8695605,real,ddos_multi_04,,generator_ground_truth,docker_multihost,9,3,1.585,1.014,0.3097,1,-0.0
ddos_multi_04__benign_udpspoof_12,0,1789389845.0095606,real,ddos_multi_04,,generator_ground_truth,docker_multihost,9,3,1.585,1.014,0.3097,1,-0.0
ddos_multi_04__benign_udpspoof_12,0,1789389845.1495607,real,ddos_multi_04,,generator_ground_truth,docker_multihost,10,3,1.571,1.0416,0.3022,1,-0.0
ddos_multi_04__benign_udpspoof_12,0,1789389845.2895608,real,ddos_multi_04,,generator_ground_truth,docker_multihost,10,3,1.571,1.0416,0.3022,1,-0.0
ddos_multi_04__benign_udpspoof_12,0,1789389845.429561,real,ddos_multi_04,,generator_ground_truth,docker_multihost,10,3,1.571,1.0416,0.3022,1,-0.0
ddos_multi_04__benign_udpspoof_12,0,1789389845.569561,real,ddos_multi_04,,generator_ground_truth,docker_multihost,10,3,1.571,1.0416,0.3022,1,-0.0
ddos_multi_04__benign_udpspoof_12,0,1789389845.709561,real,ddos_multi_04,,generator_ground_truth,docker_multihost,9,3,1.585,1.0427,0.3205,1,-0.0
ddos_multi_04__benign_udpspoof_12,0,1789389845.8495612,real,ddos_multi_04,,generator_ground_truth,docker_multihost,9,3,1.585,1.0427,0.3205,1,-0.0
ddos_multi_04__benign_udpspoof_12,0,1789389845.9895613,real,ddos_multi_04,,generator_ground_truth,docker_multihost,9,3,1.585,1.0427,0.3205,1,-0.0
ddos_multi_04__benign_udpspoof_12,0,1789389846.1295614,real,ddos_multi_04,,generator_ground_truth,docker_multihost,9,3,1.585,1.0427,0.3205,1,-0.0
ddos_multi_04__benign_udpspoof_12,0,1789389846.2695615,real,ddos_multi_04,,generator_ground_truth,docker_multihost,9,3,1.585,1.0427,0.3205,1,-0.0
ddos_multi_04__benign_udpspoof_12,0,1789389846.4095616,real,ddos_multi_04,,generator_ground_truth,docker_multihost,10,3,1.571,1.0674,0.3102,1,-0.0
ddos_multi_04__benign_udpspoof_12,0,1789389846.5495617,real,ddos_multi_04,,generator_ground_truth,docker_multihost,10,3,1.571,1.0674,0.3102,1,-0.0
ddos_multi_04__benign_udpspoof_12,0,1789389846.6895618,real,ddos_multi_04,,generator_ground_truth,docker_multihost,9,3,1.585,1.1264,0.2774,1,-0.0
ddos_multi_04__benign_udpspoof_12,0,1789389846.829562,real,ddos_multi_04,,generator_ground_truth,docker_multihost,9,3,1.585,1.1264,0.2774,1,-0.0
ddos_multi_04__benign_udpspoof_12,0,1789389846.969562,real,ddos_multi_04,,generator_ground_truth,docker_multihost,9,3,1.585,1.1264,0.2774,1,-0.0
ddos_multi_04__benign_udpspoof_12,0,1789389847.1095622,real,ddos_multi_04,,generator_ground_truth,docker_multihost,9,3,1.585,1.1264,0.2774,1,-0.0
ddos_multi_04__benign_udpspoof_12,0,1789389847.2495623,real,ddos_multi_04,,generator_ground_truth,docker_multihost,9,3,1.585,1.1264,0.2774,1,-0.0
ddos_multi_04__benign_udpspoof_12,0,1789389847.3895624,real,ddos_multi_04,,generator_ground_truth,docker_multihost,8,3,1.5613,1.1924,0.2302,1,-0.0
ddos_multi_04__benign_udpspoof_12,0,1789389847.5295625,real,ddos_multi_04,,generator_ground_truth,docker_multihost,8,3,1.5613,1.1924,0.2302,1,-0.0
ddos_multi_04__benign_udpspoof_12,0,1789389847.6695626,real,ddos_multi_04,,generator_ground_truth,docker_multihost,8,3,1.5613,1.1924,0.2302,1,-0.0
ddos_multi_04__benign_udpspoof_12,0,1789389847.8095627,real,ddos_multi_04,,generator_ground_truth,docker_multihost,9,3,1.585,1.2246,0.2315,1,-0.0
ddos_multi_04__benign_udpspoof_12,0,1789389847.9495628,real,ddos_multi_04,,generator_ground_truth,docker_multihost,8,3,1.5613,1.3015,0.1176,1,-0.0
ddos_multi_04__benign_udpspoof_12,0,1789389848.089563,real,ddos_multi_04,,generator_ground_truth,docker_multihost,8,3,1.5613,1.3015,0.1176,1,-0.0
ddos_multi_04__benign_udpspoof_12,0,1789389848.229563,real,ddos_multi_04,,generator_ground_truth,docker_multihost,8,3,1.5613,1.3015,0.1176,1,-0.0
ddos_multi_04__benign_udpspoof_12,0,1789389848.369563,real,ddos_multi_04,,generator_ground_truth,docker_multihost,8,3,1.5613,1.3015,0.1176,1,-0.0
ddos_multi_04__benign_udpspoof_12,0,1789389848.5095632,real,ddos_multi_04,,generator_ground_truth,docker_multihost,8,3,1.5613,1.3015,0.1176,1,-0.0
ddos_multi_04__benign_udpspoof_12,0,1789389848.6495633,real,ddos_multi_04,,generator_ground_truth,docker_multihost,7,3,1.5567,1.3179,0.1193,1,-0.0
ddos_multi_04__benign_udpspoof_12,0,1789389848.7895634,real,ddos_multi_04,,generator_ground_truth,docker_multihost,7,3,1.5567,1.3179,0.1193,1,-0.0
ddos_multi_04__benign_udpspoof_12,0,1789389848.9295635,real,ddos_multi_04,,generator_ground_truth,docker_multihost,8,3,1.5613,1.2981,0.1208,1,-0.0
ddos_multi_04__benign_udpspoof_12,0,1789389849.0695636,real,ddos_multi_04,,generator_ground_truth,docker_multihost,8,3,1.5613,1.2981,0.1208,1,-0.0
ddos_multi_04__benign_udpspoof_12,0,1789389849.2095637,real,ddos_multi_04,,generator_ground_truth,docker_multihost,8,3,1.5613,1.2981,0.1208,1,-0.0
ddos_multi_04__benign_udpspoof_12,0,1789389849.3495638,real,ddos_multi_04,,generator_ground_truth,docker_multihost,8,3,1.5613,1.2981,0.1208,1,-0.0
ddos_multi_04__benign_udpspoof_12,0,1789389849.489564,real,ddos_multi_04,,generator_ground_truth,docker_multihost,8,3,1.5613,1.2981,0.1208,1,-0.0
ddos_multi_04__benign_udpspoof_12,0,1789389849.629564,real,ddos_multi_04,,generator_ground_truth,docker_multihost,8,3,1.5613,1.2981,0.1208,1,-0.0
ddos_multi_04__benign_udpspoof_12,0,1789389849.7695642,real,ddos_multi_04,,generator_ground_truth,docker_multihost,8,3,1.5613,1.2981,0.1208,1,-0.0
ddos_multi_04__benign_udpspoof_12,0,1789389849.9095643,real,ddos_multi_04,,generator_ground_truth,docker_multihost,7,3,1.5567,1.2794,0.1207,1,-0.0
ddos_multi_04__benign_udpspoof_12,0,1789389850.0495644,real,ddos_multi_04,,generator_ground_truth,docker_multihost,7,3,1.5567,1.2794,0.1207,1,-0.0
ddos_multi_04__benign_udpspoof_12,0,1789389850.1895645,real,ddos_multi_04,,generator_ground_truth,docker_multihost,8,3,1.5613,1.2671,0.1158,1,-0.0
ddos_multi_04__benign_udpspoof_12,0,1789389850.3295646,real,ddos_multi_04,,generator_ground_truth,docker_multihost,8,3,1.5613,1.2671,0.1158,1,-0.0
ddos_multi_04__benign_udpspoof_12,0,1789389850.4695647,real,ddos_multi_04,,generator_ground_truth,docker_multihost,8,3,1.5613,1.2671,0.1158,1,-0.0
ddos_multi_04__benign_udpspoof_12,0,1789389850.6095648,real,ddos_multi_04,,generator_ground_truth,docker_multihost,8,3,1.5613,1.2671,0.1158,1,-0.0
ddos_multi_04__benign_udpspoof_12,0,1789389850.749565,real,ddos_multi_04,,generator_ground_truth,docker_multihost,8,3,1.5613,1.2671,0.1158,1,-0.0
ddos_multi_04__benign_udpspoof_12,0,1789389850.889565,real,ddos_multi_04,,generator_ground_truth,docker_multihost,8,3,1.5613,1.2671,0.1158,1,-0.0
ddos_multi_04__benign_udpspoof_12,0,1789389851.029565,real,ddos_multi_04,,generator_ground_truth,docker_multihost,8,3,1.5613,1.2671,0.1158,1,-0.0
ddos_multi_04__benign_udpspoof_12,0,1789389851.1695652,real,ddos_multi_04,,generator_ground_truth,docker_multihost,8,3,1.5613,1.2671,0.1158,1,-0.0
ddos_multi_04__benign_udpspoof_12,0,1789389851.3095653,real,ddos_multi_04,,generator_ground_truth,docker_multihost,7,3,1.5567,1.2426,0.1069,1,-0.0
ddos_multi_04__benign_udpspoof_12,0,1789389851.4495654,real,ddos_multi_04,,generator_ground_truth,docker_multihost,8,3,1.5613,1.2533,0.1024,1,-0.0
ddos_multi_04__benign_udpspoof_12,0,1789389851.5895655,real,ddos_multi_04,,generator_ground_truth,docker_multihost,8,3,1.5613,1.2533,0.1024,1,-0.0
ddos_multi_04__benign_udpspoof_12,0,1789389851.7295656,real,ddos_multi_04,,generator_ground_truth,docker_multihost,8,3,1.5613,1.2533,0.1024,1,-0.0
ddos_multi_04__benign_udpspoof_12,0,1789389851.8695657,real,ddos_multi_04,,generator_ground_truth,docker_multihost,8,3,1.5613,1.2533,0.1024,1,-0.0
ddos_multi_04__benign_udpspoof_12,0,1789389852.0095658,real,ddos_multi_04,,generator_ground_truth,docker_multihost,8,3,1.5613,1.2533,0.1024,1,-0.0
ddos_multi_04__benign_udpspoof_12,0,1789389852.149566,real,ddos_multi_04,,generator_ground_truth,docker_multihost,8,3,1.5613,1.2533,0.1024,1,-0.0
ddos_multi_04__benign_udpspoof_12,0,1789389852.289566,real,ddos_multi_04,,generator_ground_truth,docker_multihost,8,3,1.5613,1.2533,0.1024,1,-0.0
ddos_multi_04__benign_udpspoof_12,0,1789389852.4295661,real,ddos_multi_04,,generator_ground_truth,docker_multihost,8,3,1.5613,1.2533,0.1024,1,-0.0
ddos_multi_04__benign_udpspoof_12,0,1789389852.5695662,real,ddos_multi_04,,generator_ground_truth,docker_multihost,8,3,1.5613,1.2533,0.1024,1,-0.0
ddos_multi_04__benign_udpspoof_12,0,1789389852.7095664,real,ddos_multi_04,,generator_ground_truth,docker_multihost,7,3,1.5567,1.2777,0.0898,1,-0.0
ddos_multi_04__benign_udpspoof_12,0,1789389852.8495665,real,ddos_multi_04,,generator_ground_truth,docker_multihost,8,3,1.5613,1.2863,0.0858,1,-0.0
ddos_multi_04__benign_udpspoof_12,0,1789389852.9895666,real,ddos_multi_04,,generator_ground_truth,docker_multihost,8,3,1.5613,1.2863,0.0858,1,-0.0
ddos_multi_04__benign_udpspoof_12,0,1789389853.1295667,real,ddos_multi_04,,generator_ground_truth,docker_multihost,8,3,1.5613,1.2863,0.0858,1,-0.0
ddos_multi_04__benign_udpspoof_12,0,1789389853.2695668,real,ddos_multi_04,,generator_ground_truth,docker_multihost,8,3,1.5613,1.2863,0.0858,1,-0.0
ddos_multi_04__benign_udpspoof_12,0,1789389853.4095669,real,ddos_multi_04,,generator_ground_truth,docker_multihost,8,3,1.5613,1.2863,0.0858,1,-0.0
ddos_multi_04__benign_udpspoof_12,0,1789389853.549567,real,ddos_multi_04,,generator_ground_truth,docker_multihost,8,3,1.5613,1.2863,0.0858,1,-0.0
ddos_multi_04__benign_udpspoof_12,0,1789389853.689567,real,ddos_multi_04,,generator_ground_truth,docker_multihost,8,3,1.5613,1.2863,0.0858,1,-0.0
ddos_multi_04__benign_udpspoof_12,0,1789389853.8295672,real,ddos_multi_04,,generator_ground_truth,docker_multihost,7,3,1.5567,1.2904,0.092,1,-0.0
ddos_multi_04__benign_udpspoof_12,0,1789389853.9695673,real,ddos_multi_04,,generator_ground_truth,docker_multihost,7,3,1.5567,1.2904,0.092,1,-0.0
ddos_multi_04__benign_udpspoof_12,0,1789389854.1095674,real,ddos_multi_04,,generator_ground_truth,docker_multihost,7,3,1.5567,1.2904,0.092,1,-0.0
ddos_multi_04__benign_udpspoof_12,0,1789389854.2495675,real,ddos_multi_04,,generator_ground_truth,docker_multihost,8,3,1.5613,1.3011,0.0891,1,-0.0
ddos_multi_04__benign_udpspoof_12,0,1789389854.3895676,real,ddos_multi_04,,generator_ground_truth,docker_multihost,8,3,1.5613,1.3011,0.0891,1,-0.0
ddos_multi_04__benign_udpspoof_12,0,1789389854.5295677,real,ddos_multi_04,,generator_ground_truth,docker_multihost,8,3,1.5613,1.3011,0.0891,1,-0.0
ddos_multi_04__benign_udpspoof_12,0,1789389854.6695678,real,ddos_multi_04,,generator_ground_truth,docker_multihost,8,3,1.5613,1.3011,0.0891,1,-0.0
ddos_multi_04__benign_udpspoof_12,0,1789389854.809568,real,ddos_multi_04,,generator_ground_truth,docker_multihost,8,3,1.5613,1.3011,0.0891,1,-0.0
ddos_multi_04__benign_udpspoof_12,0,1789389854.949568,real,ddos_multi_04,,generator_ground_truth,docker_multihost,8,3,1.5613,1.3011,0.0891,1,-0.0
ddos_multi_04__benign_udpspoof_12,0,1789389855.0895681,real,ddos_multi_04,,generator_ground_truth,docker_multihost,7,3,1.5567,1.3071,0.095,1,-0.0
ddos_multi_04__benign_udpspoof_12,0,1789389855.2295682,real,ddos_multi_04,,generator_ground_truth,docker_multihost,7,3,1.5567,1.3071,0.095,1,-0.0
ddos_multi_04__benign_udpspoof_12,0,1789389855.3695683,real,ddos_multi_04,,generator_ground_truth,docker_multihost,7,3,1.5567,1.3071,0.095,1,-0.0
ddos_multi_04__benign_udpspoof_12,0,1789389855.5095685,real,ddos_multi_04,,generator_ground_truth,docker_multihost,7,3,1.5567,1.3071,0.095,1,-0.0
ddos_multi_04__benign_udpspoof_12,0,1789389855.6495686,real,ddos_multi_04,,generator_ground_truth,docker_multihost,8,3,1.5613,1.3333,0.1089,1,-0.0
ddos_multi_04__benign_udpspoof_12,0,1789389855.7895687,real,ddos_multi_04,,generator_ground_truth,docker_multihost,8,3,1.5613,1.3333,0.1089,1,-0.0
ddos_multi_04__benign_udpspoof_12,0,1789389855.9295688,real,ddos_multi_04,,generator_ground_truth,docker_multihost,8,3,1.5613,1.3333,0.1089,1,-0.0
ddos_multi_04__benign_udpspoof_12,0,1789389856.0695689,real,ddos_multi_04,,generator_ground_truth,docker_multihost,8,3,1.5613,1.3333,0.1089,1,-0.0
ddos_multi_04__benign_udpspoof_12,0,1789389856.209569,real,ddos_multi_04,,generator_ground_truth,docker_multihost,8,3,1.5613,1.3333,0.1089,1,-0.0
ddos_multi_04__benign_udpspoof_12,0,1789389856.349569,real,ddos_multi_04,,generator_ground_truth,docker_multihost,8,3,1.5613,1.2145,0.2626,1,-0.0
ddos_multi_04__benign_udpspoof_12,0,1789389856.4895692,real,ddos_multi_04,,generator_ground_truth,docker_multihost,8,3,1.5613,1.2145,0.2626,1,-0.0
ddos_multi_04__benign_udpspoof_12,0,1789389856.6295693,real,ddos_multi_04,,generator_ground_truth,docker_multihost,8,3,1.5613,1.2145,0.2626,1,-0.0
ddos_multi_04__benign_udpspoof_12,0,1789389856.7695694,real,ddos_multi_04,,generator_ground_truth,docker_multihost,8,3,1.5613,1.2145,0.2626,1,-0.0
ddos_multi_04__benign_udpspoof_12,0,1789389856.9095695,real,ddos_multi_04,,generator_ground_truth,docker_multihost,8,3,1.5613,1.2145,0.2626,1,-0.0
ddos_multi_04__benign_udpspoof_12,0,1789389857.0495696,real,ddos_multi_04,,generator_ground_truth,docker_multihost,9,3,1.585,1.1576,0.2881,1,-0.0
ddos_multi_04__ddos_spoofed_12,1,1789389858.2321155,real,ddos_multi_04,spoofed_flood,generator_ground_truth,docker_multihost,52,1,-0.0,0.0027,0.0001,52,5.7004
ddos_multi_04__ddos_spoofed_12,1,1789389858.3721156,real,ddos_multi_04,spoofed_flood,generator_ground_truth,docker_multihost,102,1,-0.0,0.0027,0.0001,102,6.6724
ddos_multi_04__ddos_spoofed_12,1,1789389858.5121157,real,ddos_multi_04,spoofed_flood,generator_ground_truth,docker_multihost,153,1,-0.0,0.0028,0.0001,153,7.2574
ddos_multi_04__ddos_spoofed_12,1,1789389858.6521158,real,ddos_multi_04,spoofed_flood,generator_ground_truth,docker_multihost,203,1,-0.0,0.0028,0.0001,203,7.6653
ddos_multi_04__ddos_spoofed_12,1,1789389858.792116,real,ddos_multi_04,spoofed_flood,generator_ground_truth,docker_multihost,252,1,-0.0,0.0028,0.0002,252,7.9773
ddos_multi_04__ddos_spoofed_12,1,1789389858.932116,real,ddos_multi_04,spoofed_flood,generator_ground_truth,docker_multihost,303,1,-0.0,0.0028,0.0002,303,8.2432
ddos_multi_04__ddos_spoofed_12,1,1789389859.0721161,real,ddos_multi_04,spoofed_flood,generator_ground_truth,docker_multihost,355,1,-0.0,0.0028,0.0002,355,8.4717
ddos_multi_04__ddos_spoofed_12,1,1789389859.2121162,real,ddos_multi_04,spoofed_flood,generator_ground_truth,docker_multihost,407,1,-0.0,0.0028,0.0002,407,8.6689
ddos_multi_04__ddos_spoofed_12,1,1789389859.3521163,real,ddos_multi_04,spoofed_flood,generator_ground_truth,docker_multihost,459,1,-0.0,0.0027,0.0002,459,8.8424
ddos_multi_04__ddos_spoofed_12,1,1789389859.4921165,real,ddos_multi_04,spoofed_flood,generator_ground_truth,docker_multihost,509,1,-0.0,0.0028,0.0002,509,8.9915
ddos_multi_04__ddos_spoofed_12,1,1789389859.6321166,real,ddos_multi_04,spoofed_flood,generator_ground_truth,docker_multihost,560,1,-0.0,0.0028,0.0002,560,9.1293
ddos_multi_04__ddos_spoofed_12,1,1789389859.7721167,real,ddos_multi_04,spoofed_flood,generator_ground_truth,docker_multihost,611,1,-0.0,0.0028,0.0002,611,9.255
ddos_multi_04__ddos_spoofed_12,1,1789389859.9121168,real,ddos_multi_04,spoofed_flood,generator_ground_truth,docker_multihost,662,1,-0.0,0.0027,0.0002,662,9.3707
ddos_multi_04__ddos_spoofed_12,1,1789389860.0521169,real,ddos_multi_04,spoofed_flood,generator_ground_truth,docker_multihost,714,1,-0.0,0.0027,0.0002,714,9.4798
ddos_multi_04__ddos_spoofed_12,1,1789389860.192117,real,ddos_multi_04,spoofed_flood,generator_ground_truth,docker_multihost,767,1,-0.0,0.0027,0.0002,767,9.5831
ddos_multi_04__ddos_spoofed_12,1,1789389860.332117,real,ddos_multi_04,spoofed_flood,generator_ground_truth,docker_multihost,819,1,-0.0,0.0027,0.0002,819,9.6777
ddos_multi_04__ddos_spoofed_12,1,1789389860.4721172,real,ddos_multi_04,spoofed_flood,generator_ground_truth,docker_multihost,869,1,-0.0,0.0027,0.0001,869,9.7632
ddos_multi_04__ddos_spoofed_12,1,1789389860.6121173,real,ddos_multi_04,spoofed_flood,generator_ground_truth,docker_multihost,920,1,-0.0,0.0027,0.0001,920,9.8455
ddos_multi_04__ddos_spoofed_12,1,1789389860.7521174,real,ddos_multi_04,spoofed_flood,generator_ground_truth,docker_multihost,970,1,-0.0,0.0027,0.0001,970,9.9218
ddos_multi_04__ddos_spoofed_12,1,1789389860.8921175,real,ddos_multi_04,spoofed_flood,generator_ground_truth,docker_multihost,1021,1,-0.0,0.0027,0.0001,1021,9.9958
ddos_multi_04__ddos_spoofed_12,1,1789389861.0321176,real,ddos_multi_04,spoofed_flood,generator_ground_truth,docker_multihost,1073,1,-0.0,0.0027,0.0001,1073,10.0674
ddos_multi_04__ddos_spoofed_12,1,1789389861.1721177,real,ddos_multi_04,spoofed_flood,generator_ground_truth,docker_multihost,1125,1,-0.0,0.0027,0.0001,1125,10.1357
ddos_multi_04__ddos_spoofed_12,1,1789389861.3121178,real,ddos_multi_04,spoofed_flood,generator_ground_truth,docker_multihost,1176,1,-0.0,0.0027,0.0001,1176,10.1997
ddos_multi_04__ddos_spoofed_12,1,1789389861.452118,real,ddos_multi_04,spoofed_flood,generator_ground_truth,docker_multihost,1227,1,-0.0,0.0027,0.0001,1227,10.2609
ddos_multi_04__ddos_spoofed_12,1,1789389861.592118,real,ddos_multi_04,spoofed_flood,generator_ground_truth,docker_multihost,1277,1,-0.0,0.0027,0.0001,1277,10.3185
ddos_multi_04__ddos_spoofed_12,1,1789389861.7321181,real,ddos_multi_04,spoofed_flood,generator_ground_truth,docker_multihost,1327,1,-0.0,0.0027,0.0001,1327,10.374
ddos_multi_04__ddos_spoofed_12,1,1789389861.8721182,real,ddos_multi_04,spoofed_flood,generator_ground_truth,docker_multihost,1377,1,-0.0,0.0027,0.0001,1377,10.4273
ddos_multi_04__ddos_spoofed_12,1,1789389862.0121183,real,ddos_multi_04,spoofed_flood,generator_ground_truth,docker_multihost,1429,1,-0.0,0.0027,0.0001,1429,10.4808
ddos_multi_04__ddos_spoofed_12,1,1789389862.1521184,real,ddos_multi_04,spoofed_flood,generator_ground_truth,docker_multihost,1479,1,-0.0,0.0027,0.0001,1479,10.5304
ddos_multi_04__ddos_spoofed_12,1,1789389862.2921185,real,ddos_multi_04,spoofed_flood,generator_ground_truth,docker_multihost,1528,1,-0.0,0.0027,0.0001,1528,10.5774
ddos_multi_04__ddos_spoofed_12,1,1789389862.4321187,real,ddos_multi_04,spoofed_flood,generator_ground_truth,docker_multihost,1580,1,-0.0,0.0027,0.0001,1580,10.6257
ddos_multi_04__ddos_spoofed_12,1,1789389862.5721188,real,ddos_multi_04,spoofed_flood,generator_ground_truth,docker_multihost,1630,1,-0.0,0.0027,0.0001,1630,10.6707
ddos_multi_04__ddos_spoofed_12,1,1789389862.7121189,real,ddos_multi_04,spoofed_flood,generator_ground_truth,docker_multihost,1681,1,-0.0,0.0027,0.0001,1681,10.7151
ddos_multi_04__ddos_spoofed_12,1,1789389862.852119,real,ddos_multi_04,spoofed_flood,generator_ground_truth,docker_multihost,1731,1,-0.0,0.0028,0.0001,1731,10.7574
ddos_multi_04__ddos_spoofed_12,1,1789389862.992119,real,ddos_multi_04,spoofed_flood,generator_ground_truth,docker_multihost,1782,1,-0.0,0.0028,0.0001,1782,10.7993
ddos_multi_04__ddos_spoofed_12,1,1789389863.1321192,real,ddos_multi_04,spoofed_flood,generator_ground_truth,docker_multihost,1834,1,-0.0,0.0027,0.0001,1834,10.8408
ddos_multi_04__ddos_spoofed_12,1,1789389863.2721193,real,ddos_multi_04,spoofed_flood,generator_ground_truth,docker_multihost,1885,1,-0.0,0.0027,0.0001,1885,10.8803
ddos_multi_04__ddos_spoofed_12,1,1789389863.4121194,real,ddos_multi_04,spoofed_flood,generator_ground_truth,docker_multihost,1937,1,-0.0,0.0027,0.0001,1937,10.9196
ddos_multi_04__ddos_spoofed_12,1,1789389863.5521195,real,ddos_multi_04,spoofed_flood,generator_ground_truth,docker_multihost,1988,1,-0.0,0.0027,0.0001,1988,10.9571
ddos_multi_04__ddos_spoofed_12,1,1789389863.6921196,real,ddos_multi_04,spoofed_flood,generator_ground_truth,docker_multihost,2038,1,-0.0,0.0027,0.0001,2038,10.9929
ddos_multi_04__ddos_spoofed_12,1,1789389863.8321197,real,ddos_multi_04,spoofed_flood,generator_ground_truth,docker_multihost,2087,1,-0.0,0.0028,0.0001,2087,11.0272
ddos_multi_04__ddos_spoofed_12,1,1789389863.9721198,real,ddos_multi_04,spoofed_flood,generator_ground_truth,docker_multihost,2138,1,-0.0,0.0028,0.0001,2138,11.062
ddos_multi_04__ddos_spoofed_12,1,1789389864.11212,real,ddos_multi_04,spoofed_flood,generator_ground_truth,docker_multihost,2190,1,-0.0,0.0027,0.0001,2190,11.0967
ddos_multi_04__ddos_spoofed_12,1,1789389864.25212,real,ddos_multi_04,spoofed_flood,generator_ground_truth,docker_multihost,2242,1,-0.0,0.0027,0.0001,2242,11.1306
ddos_multi_04__ddos_spoofed_12,1,1789389864.3921201,real,ddos_multi_04,spoofed_flood,generator_ground_truth,docker_multihost,2294,1,-0.0,0.0027,0.0001,2294,11.1636
ddos_multi_04__ddos_spoofed_12,1,1789389864.5321202,real,ddos_multi_04,spoofed_flood,generator_ground_truth,docker_multihost,2344,1,-0.0,0.0027,0.0001,2344,11.1948
ddos_multi_04__ddos_spoofed_12,1,1789389864.6721203,real,ddos_multi_04,spoofed_flood,generator_ground_truth,docker_multihost,2394,1,-0.0,0.0027,0.0001,2394,11.2252
ddos_multi_04__ddos_spoofed_12,1,1789389864.8121204,real,ddos_multi_04,spoofed_flood,generator_ground_truth,docker_multihost,2444,1,-0.0,0.0028,0.0001,2444,11.255
ddos_multi_04__ddos_spoofed_12,1,1789389864.9521205,real,ddos_multi_04,spoofed_flood,generator_ground_truth,docker_multihost,2493,1,-0.0,0.0028,0.0001,2493,11.2837
ddos_multi_04__ddos_spoofed_12,1,1789389865.0921206,real,ddos_multi_04,spoofed_flood,generator_ground_truth,docker_multihost,2543,1,-0.0,0.0028,0.0001,2543,11.3123
ddos_multi_04__ddos_spoofed_12,1,1789389865.2321208,real,ddos_multi_04,spoofed_flood,generator_ground_truth,docker_multihost,2594,1,-0.0,0.0028,0.0001,2594,11.341
ddos_multi_04__ddos_spoofed_12,1,1789389865.3721209,real,ddos_multi_04,spoofed_flood,generator_ground_truth,docker_multihost,2644,1,-0.0,0.0028,0.0001,2644,11.3685
ddos_multi_04__ddos_spoofed_12,1,1789389865.512121,real,ddos_multi_04,spoofed_flood,generator_ground_truth,docker_multihost,2695,1,-0.0,0.0028,0.0001,2695,11.3961
ddos_multi_04__ddos_spoofed_12,1,1789389865.652121,real,ddos_multi_04,spoofed_flood,generator_ground_truth,docker_multihost,2746,1,-0.0,0.0028,0.0001,2746,11.4231
ddos_multi_04__ddos_spoofed_12,1,1789389865.7921212,real,ddos_multi_04,spoofed_flood,generator_ground_truth,docker_multihost,2798,1,-0.0,0.0028,0.0001,2798,11.4502
ddos_multi_04__ddos_spoofed_12,1,1789389865.9321213,real,ddos_multi_04,spoofed_flood,generator_ground_truth,docker_multihost,2849,1,-0.0,0.0028,0.0001,2849,11.4762
ddos_multi_04__ddos_spoofed_12,1,1789389866.0721214,real,ddos_multi_04,spoofed_flood,generator_ground_truth,docker_multihost,2900,1,-0.0,0.0028,0.0001,2900,11.5018
ddos_multi_04__ddos_spoofed_12,1,1789389866.2121215,real,ddos_multi_04,spoofed_flood,generator_ground_truth,docker_multihost,2950,1,-0.0,0.0028,0.0001,2950,11.5265
ddos_multi_04__ddos_spoofed_12,1,1789389866.3521216,real,ddos_multi_04,spoofed_flood,generator_ground_truth,docker_multihost,2999,1,-0.0,0.0028,0.0001,2999,11.5503
ddos_multi_04__ddos_spoofed_12,1,1789389866.4921217,real,ddos_multi_04,spoofed_flood,generator_ground_truth,docker_multihost,3049,1,-0.0,0.0028,0.0001,3049,11.5741
ddos_multi_04__ddos_spoofed_12,1,1789389866.6321218,real,ddos_multi_04,spoofed_flood,generator_ground_truth,docker_multihost,3100,1,-0.0,0.0028,0.0001,3100,11.5981
ddos_multi_04__ddos_spoofed_12,1,1789389866.772122,real,ddos_multi_04,spoofed_flood,generator_ground_truth,docker_multihost,3150,1,-0.0,0.0028,0.0001,3150,11.6211
ddos_multi_04__ddos_spoofed_12,1,1789389866.912122,real,ddos_multi_04,spoofed_flood,generator_ground_truth,docker_multihost,3198,1,-0.0,0.0028,0.0002,3198,11.643
ddos_multi_04__ddos_spoofed_12,1,1789389867.052122,real,ddos_multi_04,spoofed_flood,generator_ground_truth,docker_multihost,3250,1,-0.0,0.0028,0.0002,3250,11.6662
ddos_multi_04__ddos_spoofed_12,1,1789389867.1921222,real,ddos_multi_04,spoofed_flood,generator_ground_truth,docker_multihost,3299,1,-0.0,0.0028,0.0002,3299,11.6878
ddos_multi_04__ddos_spoofed_12,1,1789389867.3321223,real,ddos_multi_04,spoofed_flood,generator_ground_truth,docker_multihost,3350,1,-0.0,0.0028,0.0002,3350,11.7099
ddos_multi_04__ddos_spoofed_12,1,1789389867.4721224,real,ddos_multi_04,spoofed_flood,generator_ground_truth,docker_multihost,3401,1,-0.0,0.0028,0.0002,3401,11.7317
ddos_multi_04__ddos_spoofed_12,1,1789389867.6121225,real,ddos_multi_04,spoofed_flood,generator_ground_truth,docker_multihost,3452,1,-0.0,0.0028,0.0002,3452,11.7532
ddos_multi_04__ddos_spoofed_12,1,1789389867.7521226,real,ddos_multi_04,spoofed_flood,generator_ground_truth,docker_multihost,3500,1,-0.0,0.0028,0.0002,3500,11.7731
ddos_multi_04__ddos_spoofed_12,1,1789389867.8921227,real,ddos_multi_04,spoofed_flood,generator_ground_truth,docker_multihost,3551,1,-0.0,0.0028,0.0002,3551,11.794
ddos_multi_04__ddos_spoofed_12,1,1789389868.0321229,real,ddos_multi_04,spoofed_flood,generator_ground_truth,docker_multihost,3602,1,-0.0,0.0028,0.0002,3602,11.8146
ddos_multi_04__ddos_spoofed_12,1,1789389868.172123,real,ddos_multi_04,spoofed_flood,generator_ground_truth,docker_multihost,3624,1,-0.0,0.0028,0.0002,3624,11.8234
ddos_multi_04__ddos_spoofed_12,1,1789389868.312123,real,ddos_multi_04,spoofed_flood,generator_ground_truth,docker_multihost,3623,1,-0.0,0.0028,0.0002,3623,11.823
ddos_multi_04__ddos_spoofed_12,1,1789389868.4521232,real,ddos_multi_04,spoofed_flood,generator_ground_truth,docker_multihost,3623,1,-0.0,0.0028,0.0002,3623,11.823
ddos_multi_04__ddos_spoofed_12,1,1789389868.5921233,real,ddos_multi_04,spoofed_flood,generator_ground_truth,docker_multihost,3622,1,-0.0,0.0028,0.0002,3622,11.8226
ddos_multi_04__ddos_spoofed_12,1,1789389868.7321234,real,ddos_multi_04,spoofed_flood,generator_ground_truth,docker_multihost,3624,1,-0.0,0.0028,0.0002,3624,11.8234
ddos_multi_04__ddos_spoofed_12,1,1789389868.8721235,real,ddos_multi_04,spoofed_flood,generator_ground_truth,docker_multihost,3627,1,-0.0,0.0028,0.0002,3627,11.8246
ddos_multi_04__ddos_spoofed_12,1,1789389869.0121236,real,ddos_multi_04,spoofed_flood,generator_ground_truth,docker_multihost,3624,1,-0.0,0.0028,0.0002,3624,11.8234
ddos_multi_04__ddos_spoofed_12,1,1789389869.1521237,real,ddos_multi_04,spoofed_flood,generator_ground_truth,docker_multihost,3622,1,-0.0,0.0028,0.0002,3622,11.8226
ddos_multi_04__ddos_spoofed_12,1,1789389869.2921238,real,ddos_multi_04,spoofed_flood,generator_ground_truth,docker_multihost,3621,1,-0.0,0.0028,0.0002,3621,11.8222
ddos_multi_04__ddos_spoofed_12,1,1789389869.432124,real,ddos_multi_04,spoofed_flood,generator_ground_truth,docker_multihost,3622,1,-0.0,0.0028,0.0002,3622,11.8226
ddos_multi_04__ddos_spoofed_12,1,1789389869.572124,real,ddos_multi_04,spoofed_flood,generator_ground_truth,docker_multihost,3622,1,-0.0,0.0028,0.0002,3622,11.8226
ddos_multi_04__ddos_spoofed_12,1,1789389869.712124,real,ddos_multi_04,spoofed_flood,generator_ground_truth,docker_multihost,3621,1,-0.0,0.0028,0.0002,3621,11.8222
ddos_multi_04__ddos_spoofed_12,1,1789389869.8521242,real,ddos_multi_04,spoofed_flood,generator_ground_truth,docker_multihost,3621,1,-0.0,0.0028,0.0002,3621,11.8222
ddos_multi_04__ddos_spoofed_12,1,1789389869.9921243,real,ddos_multi_04,spoofed_flood,generator_ground_truth,docker_multihost,3619,1,-0.0,0.0028,0.0002,3619,11.8214
ddos_multi_04__ddos_spoofed_12,1,1789389870.1321244,real,ddos_multi_04,spoofed_flood,generator_ground_truth,docker_multihost,3619,1,-0.0,0.0028,0.0002,3619,11.8214
ddos_multi_04__ddos_spoofed_12,1,1789389870.2721245,real,ddos_multi_04,spoofed_flood,generator_ground_truth,docker_multihost,3619,1,-0.0,0.0028,0.0002,3619,11.8214
ddos_multi_04__ddos_spoofed_12,1,1789389870.4121246,real,ddos_multi_04,spoofed_flood,generator_ground_truth,docker_multihost,3620,1,-0.0,0.0028,0.0002,3620,11.8218
ddos_multi_04__ddos_spoofed_12,1,1789389870.5521247,real,ddos_multi_04,spoofed_flood,generator_ground_truth,docker_multihost,3620,1,-0.0,0.0028,0.0002,3620,11.8218
ddos_multi_04__ddos_spoofed_12,1,1789389870.6921248,real,ddos_multi_04,spoofed_flood,generator_ground_truth,docker_multihost,3619,1,-0.0,0.0028,0.0002,3619,11.8214
ddos_multi_04__ddos_spoofed_12,1,1789389870.832125,real,ddos_multi_04,spoofed_flood,generator_ground_truth,docker_multihost,3620,1,-0.0,0.0028,0.0002,3620,11.8218
ddos_multi_04__ddos_spoofed_12,1,1789389870.972125,real,ddos_multi_04,spoofed_flood,generator_ground_truth,docker_multihost,3619,1,-0.0,0.0028,0.0002,3619,11.8214
ddos_multi_04__ddos_spoofed_12,1,1789389871.1121252,real,ddos_multi_04,spoofed_flood,generator_ground_truth,docker_multihost,3618,1,-0.0,0.0028,0.0002,3618,11.821
ddos_multi_04__ddos_spoofed_12,1,1789389871.2521253,real,ddos_multi_04,spoofed_flood,generator_ground_truth,docker_multihost,3617,1,-0.0,0.0028,0.0002,3617,11.8206
ddos_multi_04__ddos_spoofed_12,1,1789389871.3921254,real,ddos_multi_04,spoofed_flood,generator_ground_truth,docker_multihost,3615,1,-0.0,0.0028,0.0002,3615,11.8198
ddos_multi_04__ddos_spoofed_12,1,1789389871.5321255,real,ddos_multi_04,spoofed_flood,generator_ground_truth,docker_multihost,3615,1,-0.0,0.0028,0.0002,3615,11.8198
ddos_multi_04__ddos_spoofed_12,1,1789389871.6721256,real,ddos_multi_04,spoofed_flood,generator_ground_truth,docker_multihost,3614,1,-0.0,0.0028,0.0002,3614,11.8194
ddos_multi_04__ddos_spoofed_12,1,1789389871.8121257,real,ddos_multi_04,spoofed_flood,generator_ground_truth,docker_multihost,3615,1,-0.0,0.0028,0.0002,3615,11.8198
ddos_multi_04__ddos_spoofed_12,1,1789389871.9521258,real,ddos_multi_04,spoofed_flood,generator_ground_truth,docker_multihost,3615,1,-0.0,0.0028,0.0002,3615,11.8198
ddos_multi_04__ddos_spoofed_12,1,1789389872.092126,real,ddos_multi_04,spoofed_flood,generator_ground_truth,docker_multihost,3616,1,-0.0,0.0028,0.0002,3616,11.8202
ddos_multi_04__ddos_spoofed_12,1,1789389872.232126,real,ddos_multi_04,spoofed_flood,generator_ground_truth,docker_multihost,3618,1,-0.0,0.0028,0.0002,3618,11.821
ddos_multi_04__ddos_spoofed_12,1,1789389872.372126,real,ddos_multi_04,spoofed_flood,generator_ground_truth,docker_multihost,3616,1,-0.0,0.0028,0.0002,3616,11.8202
ddos_multi_04__ddos_spoofed_12,1,1789389872.5121262,real,ddos_multi_04,spoofed_flood,generator_ground_truth,docker_multihost,3615,1,-0.0,0.0028,0.0002,3615,11.8198
ddos_multi_04__ddos_spoofed_12,1,1789389872.6521263,real,ddos_multi_04,spoofed_flood,generator_ground_truth,docker_multihost,3615,1,-0.0,0.0028,0.0001,3615,11.8198
ddos_multi_04__ddos_spoofed_12,1,1789389872.7921264,real,ddos_multi_04,spoofed_flood,generator_ground_truth,docker_multihost,3618,1,-0.0,0.0028,0.0001,3618,11.821
ddos_multi_04__ddos_spoofed_12,1,1789389872.9321265,real,ddos_multi_04,spoofed_flood,generator_ground_truth,docker_multihost,3617,1,-0.0,0.0028,0.0001,3617,11.8206
ddos_multi_04__ddos_spoofed_12,1,1789389873.0721266,real,ddos_multi_04,spoofed_flood,generator_ground_truth,docker_multihost,3616,1,-0.0,0.0028,0.0001,3616,11.8202
ddos_multi_04__ddos_spoofed_12,1,1789389873.2121267,real,ddos_multi_04,spoofed_flood,generator_ground_truth,docker_multihost,3612,1,-0.0,0.0028,0.0001,3612,11.8186
ddos_multi_04__ddos_spoofed_12,1,1789389873.3521268,real,ddos_multi_04,spoofed_flood,generator_ground_truth,docker_multihost,3611,1,-0.0,0.0028,0.0001,3611,11.8182
ddos_multi_04__ddos_spoofed_12,1,1789389873.492127,real,ddos_multi_04,spoofed_flood,generator_ground_truth,docker_multihost,3610,1,-0.0,0.0028,0.0001,3610,11.8178
ddos_multi_04__ddos_spoofed_12,1,1789389873.632127,real,ddos_multi_04,spoofed_flood,generator_ground_truth,docker_multihost,3609,1,-0.0,0.0028,0.0001,3609,11.8174
ddos_multi_04__ddos_spoofed_12,1,1789389873.7721272,real,ddos_multi_04,spoofed_flood,generator_ground_truth,docker_multihost,3612,1,-0.0,0.0028,0.0001,3612,11.8186
ddos_multi_04__ddos_spoofed_12,1,1789389873.9121273,real,ddos_multi_04,spoofed_flood,generator_ground_truth,docker_multihost,3612,1,-0.0,0.0028,0.0001,3612,11.8186
ddos_multi_04__ddos_spoofed_12,1,1789389874.0521274,real,ddos_multi_04,spoofed_flood,generator_ground_truth,docker_multihost,3613,1,-0.0,0.0028,0.0001,3613,11.819
ddos_multi_04__ddos_spoofed_12,1,1789389874.1921275,real,ddos_multi_04,spoofed_flood,generator_ground_truth,docker_multihost,3613,1,-0.0,0.0028,0.0001,3613,11.819
ddos_multi_04__ddos_spoofed_12,1,1789389874.3321276,real,ddos_multi_04,spoofed_flood,generator_ground_truth,docker_multihost,3613,1,-0.0,0.0028,0.0001,3613,11.819
ddos_multi_04__ddos_spoofed_12,1,1789389874.4721277,real,ddos_multi_04,spoofed_flood,generator_ground_truth,docker_multihost,3612,1,-0.0,0.0028,0.0001,3612,11.8186
ddos_multi_04__ddos_spoofed_12,1,1789389874.6121278,real,ddos_multi_04,spoofed_flood,generator_ground_truth,docker_multihost,3613,1,-0.0,0.0028,0.0001,3613,11.819
ddos_multi_04__ddos_spoofed_12,1,1789389874.752128,real,ddos_multi_04,spoofed_flood,generator_ground_truth,docker_multihost,3614,1,-0.0,0.0028,0.0001,3614,11.8194
ddos_multi_04__ddos_spoofed_12,1,1789389874.892128,real,ddos_multi_04,spoofed_flood,generator_ground_truth,docker_multihost,3614,1,-0.0,0.0028,0.0001,3614,11.8194
ddos_multi_04__ddos_spoofed_12,1,1789389875.032128,real,ddos_multi_04,spoofed_flood,generator_ground_truth,docker_multihost,3616,1,-0.0,0.0028,0.0001,3616,11.8202
ddos_multi_04__ddos_spoofed_12,1,1789389875.1721282,real,ddos_multi_04,spoofed_flood,generator_ground_truth,docker_multihost,3617,1,-0.0,0.0028,0.0001,3617,11.8206
ddos_multi_04__ddos_spoofed_12,1,1789389875.3121283,real,ddos_multi_04,spoofed_flood,generator_ground_truth,docker_multihost,3617,1,-0.0,0.0028,0.0001,3617,11.8206
ddos_multi_04__ddos_spoofed_12,1,1789389875.4521284,real,ddos_multi_04,spoofed_flood,generator_ground_truth,docker_multihost,3619,1,-0.0,0.0028,0.0001,3619,11.8214
ddos_multi_04__ddos_spoofed_12,1,1789389875.5921285,real,ddos_multi_04,spoofed_flood,generator_ground_truth,docker_multihost,3620,1,-0.0,0.0028,0.0001,3620,11.8218
ddos_multi_04__ddos_spoofed_12,1,1789389875.7321286,real,ddos_multi_04,spoofed_flood,generator_ground_truth,docker_multihost,3619,1,-0.0,0.0028,0.0001,3619,11.8214
ddos_multi_04__ddos_spoofed_12,1,1789389875.8721287,real,ddos_multi_04,spoofed_flood,generator_ground_truth,docker_multihost,3618,1,-0.0,0.0028,0.0001,3618,11.821
ddos_multi_04__ddos_spoofed_12,1,1789389876.0121288,real,ddos_multi_04,spoofed_flood,generator_ground_truth,docker_multihost,3618,1,-0.0,0.0028,0.0001,3618,11.821
ddos_multi_04__ddos_spoofed_12,1,1789389876.152129,real,ddos_multi_04,spoofed_flood,generator_ground_truth,docker_multihost,3620,1,-0.0,0.0028,0.0001,3620,11.8218
ddos_multi_04__ddos_spoofed_12,1,1789389876.292129,real,ddos_multi_04,spoofed_flood,generator_ground_truth,docker_multihost,3621,1,-0.0,0.0028,0.0001,3621,11.8222
ddos_multi_04__ddos_spoofed_12,1,1789389876.4321291,real,ddos_multi_04,spoofed_flood,generator_ground_truth,docker_multihost,3621,1,-0.0,0.0028,0.0001,3621,11.8222
ddos_multi_04__ddos_spoofed_12,1,1789389876.5721292,real,ddos_multi_04,spoofed_flood,generator_ground_truth,docker_multihost,3620,1,-0.0,0.0028,0.0001,3620,11.8218
ddos_multi_04__ddos_spoofed_12,1,1789389876.7121294,real,ddos_multi_04,spoofed_flood,generator_ground_truth,docker_multihost,3621,1,-0.0,0.0028,0.0001,3621,11.8222
ddos_multi_04__ddos_spoofed_12,1,1789389876.8521295,real,ddos_multi_04,spoofed_flood,generator_ground_truth,docker_multihost,3622,1,-0.0,0.0028,0.0001,3622,11.8226
ddos_multi_04__ddos_spoofed_12,1,1789389876.9921296,real,ddos_multi_04,spoofed_flood,generator_ground_truth,docker_multihost,3622,1,-0.0,0.0028,0.0001,3622,11.8226
ddos_multi_04__ddos_spoofed_12,1,1789389877.1321297,real,ddos_multi_04,spoofed_flood,generator_ground_truth,docker_multihost,3624,1,-0.0,0.0028,0.0001,3624,11.8234
ddos_multi_04__ddos_spoofed_12,1,1789389877.2721298,real,ddos_multi_04,spoofed_flood,generator_ground_truth,docker_multihost,3624,1,-0.0,0.0028,0.0001,3624,11.8234
ddos_multi_04__ddos_spoofed_12,1,1789389877.4121299,real,ddos_multi_04,spoofed_flood,generator_ground_truth,docker_multihost,3623,1,-0.0,0.0028,0.0001,3623,11.823
ddos_multi_04__ddos_spoofed_12,1,1789389877.55213,real,ddos_multi_04,spoofed_flood,generator_ground_truth,docker_multihost,3622,1,-0.0,0.0028,0.0001,3622,11.8226
ddos_multi_04__ddos_spoofed_12,1,1789389877.69213,real,ddos_multi_04,spoofed_flood,generator_ground_truth,docker_multihost,3625,1,-0.0,0.0028,0.0001,3625,11.8238
ddos_multi_04__ddos_spoofed_12,1,1789389877.8321302,real,ddos_multi_04,spoofed_flood,generator_ground_truth,docker_multihost,3607,1,-0.0,0.0028,0.0001,3607,11.8166
ddos_multi_04__ddos_spoofed_12,1,1789389877.9721303,real,ddos_multi_04,spoofed_flood,generator_ground_truth,docker_multihost,3556,1,-0.0,0.0028,0.0001,3556,11.796
ddos_multi_04__ddos_spoofed_12,1,1789389878.1121304,real,ddos_multi_04,spoofed_flood,generator_ground_truth,docker_multihost,3504,1,-0.0,0.0028,0.0001,3504,11.7748
ddos_multi_04__ddos_spoofed_12,1,1789389878.2521305,real,ddos_multi_04,spoofed_flood,generator_ground_truth,docker_multihost,3453,1,-0.0,0.0028,0.0001,3453,11.7536
ddos_multi_04__benign_udpspoof_13,0,1789389880.2951753,real,ddos_multi_04,,generator_ground_truth,docker_multihost,1,1,-0.0,0.0,0.0,1,-0.0
ddos_multi_04__benign_udpspoof_13,0,1789389880.4351754,real,ddos_multi_04,,generator_ground_truth,docker_multihost,1,1,-0.0,0.0,0.0,1,-0.0
ddos_multi_04__benign_udpspoof_13,0,1789389880.5751755,real,ddos_multi_04,,generator_ground_truth,docker_multihost,1,1,-0.0,0.0,0.0,1,-0.0
ddos_multi_04__benign_udpspoof_13,0,1789389880.7151756,real,ddos_multi_04,,generator_ground_truth,docker_multihost,1,1,-0.0,0.0,0.0,1,-0.0
ddos_multi_04__benign_udpspoof_13,0,1789389880.8551757,real,ddos_multi_04,,generator_ground_truth,docker_multihost,2,2,1.0,0.5954,0.0,1,-0.0
ddos_multi_04__benign_udpspoof_13,0,1789389880.9951758,real,ddos_multi_04,,generator_ground_truth,docker_multihost,2,2,1.0,0.5954,0.0,1,-0.0
ddos_multi_04__benign_udpspoof_13,0,1789389881.135176,real,ddos_multi_04,,generator_ground_truth,docker_multihost,2,2,1.0,0.5954,0.0,1,-0.0
ddos_multi_04__benign_udpspoof_13,0,1789389881.275176,real,ddos_multi_04,,generator_ground_truth,docker_multihost,2,2,1.0,0.5954,0.0,1,-0.0
ddos_multi_04__benign_udpspoof_13,0,1789389881.4151762,real,ddos_multi_04,,generator_ground_truth,docker_multihost,2,2,1.0,0.5954,0.0,1,-0.0
ddos_multi_04__benign_udpspoof_13,0,1789389881.5551763,real,ddos_multi_04,,generator_ground_truth,docker_multihost,2,2,1.0,0.5954,0.0,1,-0.0
ddos_multi_04__benign_udpspoof_13,0,1789389881.6951764,real,ddos_multi_04,,generator_ground_truth,docker_multihost,2,2,1.0,0.5954,0.0,1,-0.0
ddos_multi_04__benign_udpspoof_13,0,1789389881.8351765,real,ddos_multi_04,,generator_ground_truth,docker_multihost,2,2,1.0,0.5954,0.0,1,-0.0
ddos_multi_04__benign_udpspoof_13,0,1789389881.9751766,real,ddos_multi_04,,generator_ground_truth,docker_multihost,3,3,1.585,0.8094,0.214,1,-0.0
ddos_multi_04__benign_udpspoof_13,0,1789389882.1151767,real,ddos_multi_04,,generator_ground_truth,docker_multihost,3,3,1.585,0.8094,0.214,1,-0.0
ddos_multi_04__benign_udpspoof_13,0,1789389882.2551768,real,ddos_multi_04,,generator_ground_truth,docker_multihost,3,3,1.585,0.8094,0.214,1,-0.0
ddos_multi_04__benign_udpspoof_13,0,1789389882.395177,real,ddos_multi_04,,generator_ground_truth,docker_multihost,3,3,1.585,0.8094,0.214,1,-0.0
ddos_multi_04__benign_udpspoof_13,0,1789389882.535177,real,ddos_multi_04,,generator_ground_truth,docker_multihost,3,3,1.585,0.8094,0.214,1,-0.0
ddos_multi_04__benign_udpspoof_13,0,1789389882.675177,real,ddos_multi_04,,generator_ground_truth,docker_multihost,3,3,1.585,0.8094,0.214,1,-0.0
ddos_multi_04__benign_udpspoof_13,0,1789389882.8151772,real,ddos_multi_04,,generator_ground_truth,docker_multihost,3,3,1.585,0.8094,0.214,1,-0.0
ddos_multi_04__benign_udpspoof_13,0,1789389882.9551773,real,ddos_multi_04,,generator_ground_truth,docker_multihost,3,3,1.585,0.8094,0.214,1,-0.0
ddos_multi_04__benign_udpspoof_13,0,1789389883.0951774,real,ddos_multi_04,,generator_ground_truth,docker_multihost,3,3,1.585,0.8094,0.214,1,-0.0
ddos_multi_04__benign_udpspoof_13,0,1789389883.2351775,real,ddos_multi_04,,generator_ground_truth,docker_multihost,3,3,1.585,0.8094,0.214,1,-0.0
ddos_multi_04__benign_udpspoof_13,0,1789389883.3751776,real,ddos_multi_04,,generator_ground_truth,docker_multihost,4,3,1.5,1.0323,0.3605,1,-0.0
ddos_multi_04__benign_udpspoof_13,0,1789389883.5151777,real,ddos_multi_04,,generator_ground_truth,docker_multihost,4,3,1.5,1.0323,0.3605,1,-0.0
ddos_multi_04__benign_udpspoof_13,0,1789389883.6551778,real,ddos_multi_04,,generator_ground_truth,docker_multihost,4,3,1.5,1.0323,0.3605,1,-0.0
ddos_multi_04__benign_udpspoof_13,0,1789389883.795178,real,ddos_multi_04,,generator_ground_truth,docker_multihost,4,3,1.5,1.0323,0.3605,1,-0.0
ddos_multi_04__benign_udpspoof_13,0,1789389883.935178,real,ddos_multi_04,,generator_ground_truth,docker_multihost,4,3,1.5,1.0323,0.3605,1,-0.0
ddos_multi_04__benign_udpspoof_13,0,1789389884.0751781,real,ddos_multi_04,,generator_ground_truth,docker_multihost,4,3,1.5,1.0323,0.3605,1,-0.0
ddos_multi_04__benign_udpspoof_13,0,1789389884.2151783,real,ddos_multi_04,,generator_ground_truth,docker_multihost,4,3,1.5,1.0323,0.3605,1,-0.0
ddos_multi_04__benign_udpspoof_13,0,1789389884.3551784,real,ddos_multi_04,,generator_ground_truth,docker_multihost,4,3,1.5,1.0323,0.3605,1,-0.0
ddos_multi_04__benign_udpspoof_13,0,1789389884.4951785,real,ddos_multi_04,,generator_ground_truth,docker_multihost,4,3,1.5,1.0323,0.3605,1,-0.0
ddos_multi_04__benign_udpspoof_13,0,1789389884.6351786,real,ddos_multi_04,,generator_ground_truth,docker_multihost,4,3,1.5,1.0323,0.3605,1,-0.0
ddos_multi_04__benign_udpspoof_13,0,1789389884.7751787,real,ddos_multi_04,,generator_ground_truth,docker_multihost,5,3,1.5219,1.1147,0.3433,1,-0.0
ddos_multi_04__benign_udpspoof_13,0,1789389884.9151788,real,ddos_multi_04,,generator_ground_truth,docker_multihost,5,3,1.5219,1.1147,0.3433,1,-0.0
ddos_multi_04__benign_udpspoof_13,0,1789389885.0551789,real,ddos_multi_04,,generator_ground_truth,docker_multihost,5,3,1.5219,1.1147,0.3433,1,-0.0
ddos_multi_04__benign_udpspoof_13,0,1789389885.195179,real,ddos_multi_04,,generator_ground_truth,docker_multihost,5,3,1.5219,1.1147,0.3433,1,-0.0
ddos_multi_04__benign_udpspoof_13,0,1789389885.335179,real,ddos_multi_04,,generator_ground_truth,docker_multihost,6,3,1.585,1.0164,0.3646,1,-0.0
ddos_multi_04__benign_udpspoof_13,0,1789389885.4751792,real,ddos_multi_04,,generator_ground_truth,docker_multihost,6,3,1.585,1.0164,0.3646,1,-0.0
ddos_multi_04__benign_udpspoof_13,0,1789389885.6151793,real,ddos_multi_04,,generator_ground_truth,docker_multihost,6,3,1.585,1.0164,0.3646,1,-0.0
ddos_multi_04__benign_udpspoof_13,0,1789389885.7551794,real,ddos_multi_04,,generator_ground_truth,docker_multihost,6,3,1.585,1.0164,0.3646,1,-0.0
ddos_multi_04__benign_udpspoof_13,0,1789389885.8951795,real,ddos_multi_04,,generator_ground_truth,docker_multihost,6,3,1.585,1.0164,0.3646,1,-0.0
ddos_multi_04__benign_udpspoof_13,0,1789389886.0351796,real,ddos_multi_04,,generator_ground_truth,docker_multihost,6,3,1.585,1.0164,0.3646,1,-0.0
ddos_multi_04__benign_udpspoof_13,0,1789389886.1751797,real,ddos_multi_04,,generator_ground_truth,docker_multihost,6,3,1.585,1.0164,0.3646,1,-0.0
ddos_multi_04__benign_udpspoof_13,0,1789389886.3151798,real,ddos_multi_04,,generator_ground_truth,docker_multihost,7,3,1.5567,0.9973,0.3356,1,-0.0
ddos_multi_04__benign_udpspoof_13,0,1789389886.45518,real,ddos_multi_04,,generator_ground_truth,docker_multihost,7,3,1.5567,0.9973,0.3356,1,-0.0
ddos_multi_04__benign_udpspoof_13,0,1789389886.59518,real,ddos_multi_04,,generator_ground_truth,docker_multihost,7,3,1.5567,0.9973,0.3356,1,-0.0
ddos_multi_04__benign_udpspoof_13,0,1789389886.7351801,real,ddos_multi_04,,generator_ground_truth,docker_multihost,7,3,1.5567,0.9973,0.3356,1,-0.0
ddos_multi_04__benign_udpspoof_13,0,1789389886.8751802,real,ddos_multi_04,,generator_ground_truth,docker_multihost,7,3,1.5567,0.9973,0.3356,1,-0.0
ddos_multi_04__benign_udpspoof_13,0,1789389887.0151803,real,ddos_multi_04,,generator_ground_truth,docker_multihost,7,3,1.5567,0.9973,0.3356,1,-0.0
ddos_multi_04__benign_udpspoof_13,0,1789389887.1551805,real,ddos_multi_04,,generator_ground_truth,docker_multihost,7,3,1.5567,0.9973,0.3356,1,-0.0
ddos_multi_04__benign_udpspoof_13,0,1789389887.2951806,real,ddos_multi_04,,generator_ground_truth,docker_multihost,7,3,1.5567,0.9973,0.3356,1,-0.0
ddos_multi_04__benign_udpspoof_13,0,1789389887.4351807,real,ddos_multi_04,,generator_ground_truth,docker_multihost,7,3,1.5567,0.9973,0.3356,1,-0.0
ddos_multi_04__benign_udpspoof_13,0,1789389887.5751808,real,ddos_multi_04,,generator_ground_truth,docker_multihost,7,3,1.5567,0.9973,0.3356,1,-0.0
ddos_multi_04__benign_udpspoof_13,0,1789389887.7151809,real,ddos_multi_04,,generator_ground_truth,docker_multihost,7,3,1.5567,0.9973,0.3356,1,-0.0
ddos_multi_04__benign_udpspoof_13,0,1789389887.855181,real,ddos_multi_04,,generator_ground_truth,docker_multihost,8,3,1.5613,1.068,0.3557,1,-0.0
ddos_multi_04__benign_udpspoof_13,0,1789389887.995181,real,ddos_multi_04,,generator_ground_truth,docker_multihost,8,3,1.5613,1.068,0.3557,1,-0.0
ddos_multi_04__benign_udpspoof_13,0,1789389888.1351812,real,ddos_multi_04,,generator_ground_truth,docker_multihost,8,3,1.5613,1.068,0.3557,1,-0.0
ddos_multi_04__benign_udpspoof_13,0,1789389888.2751813,real,ddos_multi_04,,generator_ground_truth,docker_multihost,8,3,1.5613,1.068,0.3557,1,-0.0
ddos_multi_04__benign_udpspoof_13,0,1789389888.4151814,real,ddos_multi_04,,generator_ground_truth,docker_multihost,8,3,1.5613,1.068,0.3557,1,-0.0
ddos_multi_04__benign_udpspoof_13,0,1789389888.5551815,real,ddos_multi_04,,generator_ground_truth,docker_multihost,9,3,1.585,1.0392,0.3414,1,-0.0
ddos_multi_04__benign_udpspoof_13,0,1789389888.6951816,real,ddos_multi_04,,generator_ground_truth,docker_multihost,9,3,1.585,1.0392,0.3414,1,-0.0
ddos_multi_04__benign_udpspoof_13,0,1789389888.8351817,real,ddos_multi_04,,generator_ground_truth,docker_multihost,9,3,1.585,1.0392,0.3414,1,-0.0
ddos_multi_04__benign_udpspoof_13,0,1789389888.9751818,real,ddos_multi_04,,generator_ground_truth,docker_multihost,9,3,1.585,1.0392,0.3414,1,-0.0
ddos_multi_04__benign_udpspoof_13,0,1789389889.115182,real,ddos_multi_04,,generator_ground_truth,docker_multihost,9,3,1.585,1.0392,0.3414,1,-0.0
ddos_multi_04__benign_udpspoof_13,0,1789389889.255182,real,ddos_multi_04,,generator_ground_truth,docker_multihost,9,3,1.585,1.0392,0.3414,1,-0.0
ddos_multi_04__benign_udpspoof_13,0,1789389889.3951821,real,ddos_multi_04,,generator_ground_truth,docker_multihost,9,3,1.585,1.0392,0.3414,1,-0.0
ddos_multi_04__benign_udpspoof_13,0,1789389889.5351822,real,ddos_multi_04,,generator_ground_truth,docker_multihost,9,3,1.585,1.0392,0.3414,1,-0.0
ddos_multi_04__benign_udpspoof_13,0,1789389889.6751823,real,ddos_multi_04,,generator_ground_truth,docker_multihost,10,3,1.571,1.0401,0.3218,1,-0.0
ddos_multi_04__benign_udpspoof_13,0,1789389889.8151824,real,ddos_multi_04,,generator_ground_truth,docker_multihost,10,3,1.571,1.0401,0.3218,1,-0.0
ddos_multi_04__benign_udpspoof_13,0,1789389889.9551826,real,ddos_multi_04,,generator_ground_truth,docker_multihost,10,3,1.571,1.0401,0.3218,1,-0.0
ddos_multi_04__benign_udpspoof_13,0,1789389890.0951827,real,ddos_multi_04,,generator_ground_truth,docker_multihost,10,3,1.571,1.0401,0.3218,1,-0.0
ddos_multi_04__benign_udpspoof_13,0,1789389890.2351828,real,ddos_multi_04,,generator_ground_truth,docker_multihost,11,3,1.5726,0.9984,0.33,1,-0.0
ddos_multi_04__benign_udpspoof_13,0,1789389890.3751829,real,ddos_multi_04,,generator_ground_truth,docker_multihost,10,3,1.571,1.0432,0.3177,1,-0.0
ddos_multi_04__benign_udpspoof_13,0,1789389890.515183,real,ddos_multi_04,,generator_ground_truth,docker_multihost,10,3,1.571,1.0432,0.3177,1,-0.0
ddos_multi_04__benign_udpspoof_13,0,1789389890.655183,real,ddos_multi_04,,generator_ground_truth,docker_multihost,10,3,1.571,1.0432,0.3177,1,-0.0
ddos_multi_04__benign_udpspoof_13,0,1789389890.7951832,real,ddos_multi_04,,generator_ground_truth,docker_multihost,10,3,1.571,1.0432,0.3177,1,-0.0
ddos_multi_04__benign_udpspoof_13,0,1789389890.9351833,real,ddos_multi_04,,generator_ground_truth,docker_multihost,9,3,1.585,1.0457,0.3369,1,-0.0
ddos_multi_04__benign_udpspoof_13,0,1789389891.0751834,real,ddos_multi_04,,generator_ground_truth,docker_multihost,9,3,1.585,1.0457,0.3369,1,-0.0
ddos_multi_04__benign_udpspoof_13,0,1789389891.2151835,real,ddos_multi_04,,generator_ground_truth,docker_multihost,9,3,1.585,1.0457,0.3369,1,-0.0
ddos_multi_04__benign_udpspoof_13,0,1789389891.3551836,real,ddos_multi_04,,generator_ground_truth,docker_multihost,9,3,1.585,1.0457,0.3369,1,-0.0
ddos_multi_04__benign_udpspoof_13,0,1789389891.4951837,real,ddos_multi_04,,generator_ground_truth,docker_multihost,9,3,1.585,1.0457,0.3369,1,-0.0
ddos_multi_04__benign_udpspoof_13,0,1789389891.6351838,real,ddos_multi_04,,generator_ground_truth,docker_multihost,10,3,1.571,1.0859,0.3373,1,-0.0
ddos_multi_04__benign_udpspoof_13,0,1789389891.775184,real,ddos_multi_04,,generator_ground_truth,docker_multihost,10,3,1.571,1.0859,0.3373,1,-0.0
ddos_multi_04__benign_udpspoof_13,0,1789389891.915184,real,ddos_multi_04,,generator_ground_truth,docker_multihost,9,3,1.585,1.0368,0.3262,1,-0.0
ddos_multi_04__benign_udpspoof_13,0,1789389892.0551841,real,ddos_multi_04,,generator_ground_truth,docker_multihost,9,3,1.585,1.0368,0.3262,1,-0.0
ddos_multi_04__benign_udpspoof_13,0,1789389892.1951842,real,ddos_multi_04,,generator_ground_truth,docker_multihost,9,3,1.585,1.0368,0.3262,1,-0.0
ddos_multi_04__benign_udpspoof_13,0,1789389892.3351843,real,ddos_multi_04,,generator_ground_truth,docker_multihost,9,3,1.585,1.0368,0.3262,1,-0.0
ddos_multi_04__benign_udpspoof_13,0,1789389892.4751844,real,ddos_multi_04,,generator_ground_truth,docker_multihost,9,3,1.585,1.0368,0.3262,1,-0.0
ddos_multi_04__benign_udpspoof_13,0,1789389892.6151845,real,ddos_multi_04,,generator_ground_truth,docker_multihost,9,3,1.585,1.0368,0.3262,1,-0.0
ddos_multi_04__benign_udpspoof_13,0,1789389892.7551847,real,ddos_multi_04,,generator_ground_truth,docker_multihost,9,3,1.585,1.0368,0.3262,1,-0.0
ddos_multi_04__benign_udpspoof_13,0,1789389892.8951848,real,ddos_multi_04,,generator_ground_truth,docker_multihost,9,3,1.585,1.0368,0.3262,1,-0.0
ddos_multi_04__benign_udpspoof_13,0,1789389893.0351849,real,ddos_multi_04,,generator_ground_truth,docker_multihost,9,3,1.585,1.0368,0.3262,1,-0.0
ddos_multi_04__benign_udpspoof_13,0,1789389893.175185,real,ddos_multi_04,,generator_ground_truth,docker_multihost,10,3,1.571,1.0794,0.3303,1,-0.0
ddos_multi_04__benign_udpspoof_13,0,1789389893.315185,real,ddos_multi_04,,generator_ground_truth,docker_multihost,10,3,1.571,1.0794,0.3303,1,-0.0
ddos_multi_04__benign_udpspoof_13,0,1789389893.4551852,real,ddos_multi_04,,generator_ground_truth,docker_multihost,9,3,1.585,1.0441,0.3339,1,-0.0
ddos_multi_04__benign_udpspoof_13,0,1789389893.5951853,real,ddos_multi_04,,generator_ground_truth,docker_multihost,9,3,1.585,1.0441,0.3339,1,-0.0
ddos_multi_04__benign_udpspoof_13,0,1789389893.7351854,real,ddos_multi_04,,generator_ground_truth,docker_multihost,9,3,1.585,1.0441,0.3339,1,-0.0
ddos_multi_04__benign_udpspoof_13,0,1789389893.8751855,real,ddos_multi_04,,generator_ground_truth,docker_multihost,9,3,1.585,1.0441,0.3339,1,-0.0
ddos_multi_04__benign_udpspoof_13,0,1789389894.0151856,real,ddos_multi_04,,generator_ground_truth,docker_multihost,10,3,1.571,1.0304,0.3172,1,-0.0
ddos_multi_04__ddos_spoofed_13,1,1789389895.2192895,real,ddos_multi_04,spoofed_flood,generator_ground_truth,docker_multihost,54,1,-0.0,0.0026,0.0001,54,5.7549
ddos_multi_04__ddos_spoofed_13,1,1789389895.3592896,real,ddos_multi_04,spoofed_flood,generator_ground_truth,docker_multihost,106,1,-0.0,0.0026,0.0001,106,6.7279
ddos_multi_04__ddos_spoofed_13,1,1789389895.4992898,real,ddos_multi_04,spoofed_flood,generator_ground_truth,docker_multihost,160,1,-0.0,0.0026,0.0001,160,7.3219
ddos_multi_04__ddos_spoofed_13,1,1789389895.6392899,real,ddos_multi_04,spoofed_flood,generator_ground_truth,docker_multihost,213,1,-0.0,0.0026,0.0002,213,7.7347
ddos_multi_04__ddos_spoofed_13,1,1789389895.77929,real,ddos_multi_04,spoofed_flood,generator_ground_truth,docker_multihost,266,1,-0.0,0.0026,0.0002,266,8.0553
ddos_multi_04__ddos_spoofed_13,1,1789389895.91929,real,ddos_multi_04,spoofed_flood,generator_ground_truth,docker_multihost,318,1,-0.0,0.0026,0.0002,318,8.3129
ddos_multi_04__ddos_spoofed_13,1,1789389896.0592902,real,ddos_multi_04,spoofed_flood,generator_ground_truth,docker_multihost,373,1,-0.0,0.0026,0.0002,373,8.543
ddos_multi_04__ddos_spoofed_13,1,1789389896.1992903,real,ddos_multi_04,spoofed_flood,generator_ground_truth,docker_multihost,426,1,-0.0,0.0026,0.0002,426,8.7347
ddos_multi_04__ddos_spoofed_13,1,1789389896.3392904,real,ddos_multi_04,spoofed_flood,generator_ground_truth,docker_multihost,478,1,-0.0,0.0026,0.0002,478,8.9009
ddos_multi_04__ddos_spoofed_13,1,1789389896.4792905,real,ddos_multi_04,spoofed_flood,generator_ground_truth,docker_multihost,531,1,-0.0,0.0026,0.0002,531,9.0526
ddos_multi_04__ddos_spoofed_13,1,1789389896.6192906,real,ddos_multi_04,spoofed_flood,generator_ground_truth,docker_multihost,585,1,-0.0,0.0026,0.0002,585,9.1923
ddos_multi_04__ddos_spoofed_13,1,1789389896.7592907,real,ddos_multi_04,spoofed_flood,generator_ground_truth,docker_multihost,638,1,-0.0,0.0026,0.0002,638,9.3174
ddos_multi_04__ddos_spoofed_13,1,1789389896.8992908,real,ddos_multi_04,spoofed_flood,generator_ground_truth,docker_multihost,691,1,-0.0,0.0026,0.0002,691,9.4325
ddos_multi_04__ddos_spoofed_13,1,1789389897.039291,real,ddos_multi_04,spoofed_flood,generator_ground_truth,docker_multihost,743,1,-0.0,0.0026,0.0001,743,9.5372
ddos_multi_04__ddos_spoofed_13,1,1789389897.179291,real,ddos_multi_04,spoofed_flood,generator_ground_truth,docker_multihost,798,1,-0.0,0.0026,0.0001,798,9.6402
ddos_multi_04__ddos_spoofed_13,1,1789389897.319291,real,ddos_multi_04,spoofed_flood,generator_ground_truth,docker_multihost,852,1,-0.0,0.0026,0.0001,852,9.7347
ddos_multi_04__ddos_spoofed_13,1,1789389897.4592912,real,ddos_multi_04,spoofed_flood,generator_ground_truth,docker_multihost,906,1,-0.0,0.0026,0.0001,906,9.8234
ddos_multi_04__ddos_spoofed_13,1,1789389897.5992913,real,ddos_multi_04,spoofed_flood,generator_ground_truth,docker_multihost,959,1,-0.0,0.0026,0.0001,959,9.9054
ddos_multi_04__ddos_spoofed_13,1,1789389897.7392914,real,ddos_multi_04,spoofed_flood,generator_ground_truth,docker_multihost,1014,1,-0.0,0.0026,0.0001,1014,9.9858
ddos_multi_04__ddos_spoofed_13,1,1789389897.8792915,real,ddos_multi_04,spoofed_flood,generator_ground_truth,docker_multihost,1067,1,-0.0,0.0026,0.0001,1067,10.0593
ddos_multi_04__ddos_spoofed_13,1,1789389898.0192916,real,ddos_multi_04,spoofed_flood,generator_ground_truth,docker_multihost,1118,1,-0.0,0.0026,0.0001,1118,10.1267
ddos_multi_04__ddos_spoofed_13,1,1789389898.1592917,real,ddos_multi_04,spoofed_flood,generator_ground_truth,docker_multihost,1172,1,-0.0,0.0026,0.0001,1172,10.1948
ddos_multi_04__ddos_spoofed_13,1,1789389898.2992918,real,ddos_multi_04,spoofed_flood,generator_ground_truth,docker_multihost,1225,1,-0.0,0.0026,0.0001,1225,10.2586
ddos_multi_04__ddos_spoofed_13,1,1789389898.439292,real,ddos_multi_04,spoofed_flood,generator_ground_truth,docker_multihost,1277,1,-0.0,0.0026,0.0001,1277,10.3185
ddos_multi_04__ddos_spoofed_13,1,1789389898.579292,real,ddos_multi_04,spoofed_flood,generator_ground_truth,docker_multihost,1331,1,-0.0,0.0026,0.0001,1331,10.3783
ddos_multi_04__ddos_spoofed_13,1,1789389898.7192922,real,ddos_multi_04,spoofed_flood,generator_ground_truth,docker_multihost,1384,1,-0.0,0.0026,0.0001,1384,10.4346
ddos_multi_04__ddos_spoofed_13,1,1789389898.8592923,real,ddos_multi_04,spoofed_flood,generator_ground_truth,docker_multihost,1437,1,-0.0,0.0026,0.0001,1437,10.4888
ddos_multi_04__ddos_spoofed_13,1,1789389898.9992924,real,ddos_multi_04,spoofed_flood,generator_ground_truth,docker_multihost,1490,1,-0.0,0.0026,0.0001,1490,10.5411
ddos_multi_04__ddos_spoofed_13,1,1789389899.1392925,real,ddos_multi_04,spoofed_flood,generator_ground_truth,docker_multihost,1544,1,-0.0,0.0026,0.0001,1544,10.5925
ddos_multi_04__ddos_spoofed_13,1,1789389899.2792926,real,ddos_multi_04,spoofed_flood,generator_ground_truth,docker_multihost,1596,1,-0.0,0.0026,0.0001,1596,10.6402
ddos_multi_04__ddos_spoofed_13,1,1789389899.4192927,real,ddos_multi_04,spoofed_flood,generator_ground_truth,docker_multihost,1649,1,-0.0,0.0026,0.0001,1649,10.6874
ddos_multi_04__ddos_spoofed_13,1,1789389899.5592928,real,ddos_multi_04,spoofed_flood,generator_ground_truth,docker_multihost,1701,1,-0.0,0.0026,0.0001,1701,10.7322
ddos_multi_04__ddos_spoofed_13,1,1789389899.699293,real,ddos_multi_04,spoofed_flood,generator_ground_truth,docker_multihost,1755,1,-0.0,0.0026,0.0001,1755,10.7773
ddos_multi_04__ddos_spoofed_13,1,1789389899.839293,real,ddos_multi_04,spoofed_flood,generator_ground_truth,docker_multihost,1809,1,-0.0,0.0026,0.0001,1809,10.821
ddos_multi_04__ddos_spoofed_13,1,1789389899.979293,real,ddos_multi_04,spoofed_flood,generator_ground_truth,docker_multihost,1862,1,-0.0,0.0026,0.0001,1862,10.8626
ddos_multi_04__ddos_spoofed_13,1,1789389900.1192932,real,ddos_multi_04,spoofed_flood,generator_ground_truth,docker_multihost,1915,1,-0.0,0.0026,0.0001,1915,10.9031
ddos_multi_04__ddos_spoofed_13,1,1789389900.2592933,real,ddos_multi_04,spoofed_flood,generator_ground_truth,docker_multihost,1967,1,-0.0,0.0026,0.0001,1967,10.9418
ddos_multi_04__ddos_spoofed_13,1,1789389900.3992934,real,ddos_multi_04,spoofed_flood,generator_ground_truth,docker_multihost,2020,1,-0.0,0.0026,0.0001,2020,10.9801
ddos_multi_04__ddos_spoofed_13,1,1789389900.5392935,real,ddos_multi_04,spoofed_flood,generator_ground_truth,docker_multihost,2073,1,-0.0,0.0026,0.0001,2073,11.0175
ddos_multi_04__ddos_spoofed_13,1,1789389900.6792936,real,ddos_multi_04,spoofed_flood,generator_ground_truth,docker_multihost,2125,1,-0.0,0.0026,0.0001,2125,11.0532
ddos_multi_04__ddos_spoofed_13,1,1789389900.8192937,real,ddos_multi_04,spoofed_flood,generator_ground_truth,docker_multihost,2178,1,-0.0,0.0026,0.0001,2178,11.0888
ddos_multi_04__ddos_spoofed_13,1,1789389900.9592938,real,ddos_multi_04,spoofed_flood,generator_ground_truth,docker_multihost,2231,1,-0.0,0.0026,0.0001,2231,11.1235
ddos_multi_04__ddos_spoofed_13,1,1789389901.099294,real,ddos_multi_04,spoofed_flood,generator_ground_truth,docker_multihost,2284,1,-0.0,0.0026,0.0001,2284,11.1573
ddos_multi_04__ddos_spoofed_13,1,1789389901.239294,real,ddos_multi_04,spoofed_flood,generator_ground_truth,docker_multihost,2337,1,-0.0,0.0026,0.0001,2337,11.1904
ddos_multi_04__ddos_spoofed_13,1,1789389901.3792942,real,ddos_multi_04,spoofed_flood,generator_ground_truth,docker_multihost,2389,1,-0.0,0.0026,0.0001,2389,11.2222
ddos_multi_04__ddos_spoofed_13,1,1789389901.5192943,real,ddos_multi_04,spoofed_flood,generator_ground_truth,docker_multihost,2442,1,-0.0,0.0026,0.0001,2442,11.2538
ddos_multi_04__ddos_spoofed_13,1,1789389901.6592944,real,ddos_multi_04,spoofed_flood,generator_ground_truth,docker_multihost,2495,1,-0.0,0.0026,0.0001,2495,11.2848
ddos_multi_04__ddos_spoofed_13,1,1789389901.7992945,real,ddos_multi_04,spoofed_flood,generator_ground_truth,docker_multihost,2549,1,-0.0,0.0026,0.0001,2549,11.3157
ddos_multi_04__ddos_spoofed_13,1,1789389901.9392946,real,ddos_multi_04,spoofed_flood,generator_ground_truth,docker_multihost,2601,1,-0.0,0.0026,0.0001,2601,11.3449
ddos_multi_04__ddos_spoofed_13,1,1789389902.0792947,real,ddos_multi_04,spoofed_flood,generator_ground_truth,docker_multihost,2654,1,-0.0,0.0026,0.0001,2654,11.374
ddos_multi_04__ddos_spoofed_13,1,1789389902.2192948,real,ddos_multi_04,spoofed_flood,generator_ground_truth,docker_multihost,2708,1,-0.0,0.0026,0.0001,2708,11.403
ddos_multi_04__ddos_spoofed_13,1,1789389902.359295,real,ddos_multi_04,spoofed_flood,generator_ground_truth,docker_multihost,2760,1,-0.0,0.0026,0.0001,2760,11.4305
ddos_multi_04__ddos_spoofed_13,1,1789389902.499295,real,ddos_multi_04,spoofed_flood,generator_ground_truth,docker_multihost,2813,1,-0.0,0.0026,0.0001,2813,11.4579
ddos_multi_04__ddos_spoofed_13,1,1789389902.639295,real,ddos_multi_04,spoofed_flood,generator_ground_truth,docker_multihost,2863,1,-0.0,0.0026,0.0001,2863,11.4833
ddos_multi_04__ddos_spoofed_13,1,1789389902.7792952,real,ddos_multi_04,spoofed_flood,generator_ground_truth,docker_multihost,2917,1,-0.0,0.0026,0.0001,2917,11.5103
ddos_multi_04__ddos_spoofed_13,1,1789389902.9192953,real,ddos_multi_04,spoofed_flood,generator_ground_truth,docker_multihost,2969,1,-0.0,0.0026,0.0001,2969,11.5358
ddos_multi_04__ddos_spoofed_13,1,1789389903.0592954,real,ddos_multi_04,spoofed_flood,generator_ground_truth,docker_multihost,3022,1,-0.0,0.0026,0.0001,3022,11.5613
ddos_multi_04__ddos_spoofed_13,1,1789389903.1992955,real,ddos_multi_04,spoofed_flood,generator_ground_truth,docker_multihost,3076,1,-0.0,0.0026,0.0001,3076,11.5868
ddos_multi_04__ddos_spoofed_13,1,1789389903.3392956,real,ddos_multi_04,spoofed_flood,generator_ground_truth,docker_multihost,3129,1,-0.0,0.0026,0.0002,3129,11.6115
ddos_multi_04__ddos_spoofed_13,1,1789389903.4792957,real,ddos_multi_04,spoofed_flood,generator_ground_truth,docker_multihost,3181,1,-0.0,0.0026,0.0002,3181,11.6353
ddos_multi_04__ddos_spoofed_13,1,1789389903.6192958,real,ddos_multi_04,spoofed_flood,generator_ground_truth,docker_multihost,3234,1,-0.0,0.0026,0.0002,3234,11.6591
ddos_multi_04__ddos_spoofed_13,1,1789389903.759296,real,ddos_multi_04,spoofed_flood,generator_ground_truth,docker_multihost,3289,1,-0.0,0.0026,0.0002,3289,11.6834
ddos_multi_04__ddos_spoofed_13,1,1789389903.899296,real,ddos_multi_04,spoofed_flood,generator_ground_truth,docker_multihost,3344,1,-0.0,0.0026,0.0002,3344,11.7074
ddos_multi_04__ddos_spoofed_13,1,1789389904.0392962,real,ddos_multi_04,spoofed_flood,generator_ground_truth,docker_multihost,3399,1,-0.0,0.0026,0.0002,3399,11.7309
ddos_multi_04__ddos_spoofed_13,1,1789389904.1792963,real,ddos_multi_04,spoofed_flood,generator_ground_truth,docker_multihost,3450,1,-0.0,0.0026,0.0002,3450,11.7524
ddos_multi_04__ddos_spoofed_13,1,1789389904.3192964,real,ddos_multi_04,spoofed_flood,generator_ground_truth,docker_multihost,3503,1,-0.0,0.0026,0.0002,3503,11.7744
ddos_multi_04__ddos_spoofed_13,1,1789389904.4592965,real,ddos_multi_04,spoofed_flood,generator_ground_truth,docker_multihost,3555,1,-0.0,0.0026,0.0002,3555,11.7956
ddos_multi_04__ddos_spoofed_13,1,1789389904.5992966,real,ddos_multi_04,spoofed_flood,generator_ground_truth,docker_multihost,3609,1,-0.0,0.0026,0.0002,3609,11.8174
ddos_multi_04__ddos_spoofed_13,1,1789389904.7392967,real,ddos_multi_04,spoofed_flood,generator_ground_truth,docker_multihost,3661,1,-0.0,0.0026,0.0002,3661,11.838
ddos_multi_04__ddos_spoofed_13,1,1789389904.8792968,real,ddos_multi_04,spoofed_flood,generator_ground_truth,docker_multihost,3714,1,-0.0,0.0026,0.0002,3714,11.8588
ddos_multi_04__ddos_spoofed_13,1,1789389905.019297,real,ddos_multi_04,spoofed_flood,generator_ground_truth,docker_multihost,3767,1,-0.0,0.0026,0.0002,3767,11.8792
ddos_multi_04__ddos_spoofed_13,1,1789389905.159297,real,ddos_multi_04,spoofed_flood,generator_ground_truth,docker_multihost,3790,1,-0.0,0.0026,0.0002,3790,11.888
ddos_multi_04__ddos_spoofed_13,1,1789389905.299297,real,ddos_multi_04,spoofed_flood,generator_ground_truth,docker_multihost,3789,1,-0.0,0.0026,0.0002,3789,11.8876
ddos_multi_04__ddos_spoofed_13,1,1789389905.4392972,real,ddos_multi_04,spoofed_flood,generator_ground_truth,docker_multihost,3789,1,-0.0,0.0026,0.0002,3789,11.8876
ddos_multi_04__ddos_spoofed_13,1,1789389905.5792973,real,ddos_multi_04,spoofed_flood,generator_ground_truth,docker_multihost,3790,1,-0.0,0.0026,0.0002,3790,11.888
ddos_multi_04__ddos_spoofed_13,1,1789389905.7192974,real,ddos_multi_04,spoofed_flood,generator_ground_truth,docker_multihost,3790,1,-0.0,0.0026,0.0001,3790,11.888
ddos_multi_04__ddos_spoofed_13,1,1789389905.8592975,real,ddos_multi_04,spoofed_flood,generator_ground_truth,docker_multihost,3792,1,-0.0,0.0026,0.0001,3792,11.8887
ddos_multi_04__ddos_spoofed_13,1,1789389905.9992976,real,ddos_multi_04,spoofed_flood,generator_ground_truth,docker_multihost,3792,1,-0.0,0.0026,0.0002,3792,11.8887
ddos_multi_04__ddos_spoofed_13,1,1789389906.1392977,real,ddos_multi_04,spoofed_flood,generator_ground_truth,docker_multihost,3791,1,-0.0,0.0026,0.0002,3791,11.8884
ddos_multi_04__ddos_spoofed_13,1,1789389906.2792978,real,ddos_multi_04,spoofed_flood,generator_ground_truth,docker_multihost,3792,1,-0.0,0.0026,0.0002,3792,11.8887
ddos_multi_04__ddos_spoofed_13,1,1789389906.419298,real,ddos_multi_04,spoofed_flood,generator_ground_truth,docker_multihost,3794,1,-0.0,0.0026,0.0002,3794,11.8895
ddos_multi_04__ddos_spoofed_13,1,1789389906.559298,real,ddos_multi_04,spoofed_flood,generator_ground_truth,docker_multihost,3795,1,-0.0,0.0026,0.0002,3795,11.8899
ddos_multi_04__ddos_spoofed_13,1,1789389906.6992981,real,ddos_multi_04,spoofed_flood,generator_ground_truth,docker_multihost,3794,1,-0.0,0.0026,0.0002,3794,11.8895
ddos_multi_04__ddos_spoofed_13,1,1789389906.8392982,real,ddos_multi_04,spoofed_flood,generator_ground_truth,docker_multihost,3794,1,-0.0,0.0026,0.0002,3794,11.8895
ddos_multi_04__ddos_spoofed_13,1,1789389906.9792984,real,ddos_multi_04,spoofed_flood,generator_ground_truth,docker_multihost,3794,1,-0.0,0.0026,0.0002,3794,11.8895
ddos_multi_04__ddos_spoofed_13,1,1789389907.1192985,real,ddos_multi_04,spoofed_flood,generator_ground_truth,docker_multihost,3792,1,-0.0,0.0026,0.0002,3792,11.8887
ddos_multi_04__ddos_spoofed_13,1,1789389907.2592986,real,ddos_multi_04,spoofed_flood,generator_ground_truth,docker_multihost,3792,1,-0.0,0.0026,0.0002,3792,11.8887
ddos_multi_04__ddos_spoofed_13,1,1789389907.3992987,real,ddos_multi_04,spoofed_flood,generator_ground_truth,docker_multihost,3789,1,-0.0,0.0026,0.0002,3789,11.8876
ddos_multi_04__ddos_spoofed_13,1,1789389907.5392988,real,ddos_multi_04,spoofed_flood,generator_ground_truth,docker_multihost,3790,1,-0.0,0.0026,0.0002,3790,11.888
ddos_multi_04__ddos_spoofed_13,1,1789389907.6792989,real,ddos_multi_04,spoofed_flood,generator_ground_truth,docker_multihost,3774,1,-0.0,0.0026,0.0002,3774,11.8819
ddos_multi_04__ddos_spoofed_13,1,1789389907.819299,real,ddos_multi_04,spoofed_flood,generator_ground_truth,docker_multihost,3720,1,-0.0,0.0026,0.0002,3720,11.8611
ddos_multi_04__ddos_spoofed_13,1,1789389907.959299,real,ddos_multi_04,spoofed_flood,generator_ground_truth,docker_multihost,3668,1,-0.0,0.0026,0.0002,3668,11.8408
ddos_multi_04__ddos_spoofed_13,1,1789389908.0992992,real,ddos_multi_04,spoofed_flood,generator_ground_truth,docker_multihost,3615,1,-0.0,0.0026,0.0002,3615,11.8198
ddos_multi_04__benign_udpspoof_14,0,1789389909.4755905,real,ddos_multi_04,,generator_ground_truth,docker_multihost,1,1,-0.0,0.0,0.0,1,-0.0
ddos_multi_04__benign_udpspoof_14,0,1789389909.6155906,real,ddos_multi_04,,generator_ground_truth,docker_multihost,1,1,-0.0,0.0,0.0,1,-0.0
ddos_multi_04__benign_udpspoof_14,0,1789389909.7555907,real,ddos_multi_04,,generator_ground_truth,docker_multihost,1,1,-0.0,0.0,0.0,1,-0.0
ddos_multi_04__benign_udpspoof_14,0,1789389909.8955908,real,ddos_multi_04,,generator_ground_truth,docker_multihost,1,1,-0.0,0.0,0.0,1,-0.0
ddos_multi_04__benign_udpspoof_14,0,1789389910.035591,real,ddos_multi_04,,generator_ground_truth,docker_multihost,1,1,-0.0,0.0,0.0,1,-0.0
ddos_multi_04__benign_udpspoof_14,0,1789389910.175591,real,ddos_multi_04,,generator_ground_truth,docker_multihost,1,1,-0.0,0.0,0.0,1,-0.0
ddos_multi_04__benign_udpspoof_14,0,1789389910.315591,real,ddos_multi_04,,generator_ground_truth,docker_multihost,2,2,1.0,0.8361,0.0,1,-0.0
ddos_multi_04__benign_udpspoof_14,0,1789389910.4555912,real,ddos_multi_04,,generator_ground_truth,docker_multihost,2,2,1.0,0.8361,0.0,1,-0.0
ddos_multi_04__benign_udpspoof_14,0,1789389910.5955913,real,ddos_multi_04,,generator_ground_truth,docker_multihost,2,2,1.0,0.8361,0.0,1,-0.0
ddos_multi_04__benign_udpspoof_14,0,1789389910.7355914,real,ddos_multi_04,,generator_ground_truth,docker_multihost,2,2,1.0,0.8361,0.0,1,-0.0
ddos_multi_04__benign_udpspoof_14,0,1789389910.8755915,real,ddos_multi_04,,generator_ground_truth,docker_multihost,2,2,1.0,0.8361,0.0,1,-0.0
ddos_multi_04__benign_udpspoof_14,0,1789389911.0155916,real,ddos_multi_04,,generator_ground_truth,docker_multihost,2,2,1.0,0.8361,0.0,1,-0.0
ddos_multi_04__benign_udpspoof_14,0,1789389911.1555917,real,ddos_multi_04,,generator_ground_truth,docker_multihost,3,2,0.9183,0.8339,0.0022,1,-0.0
ddos_multi_04__benign_udpspoof_14,0,1789389911.2955918,real,ddos_multi_04,,generator_ground_truth,docker_multihost,3,2,0.9183,0.8339,0.0022,1,-0.0
ddos_multi_04__benign_udpspoof_14,0,1789389911.435592,real,ddos_multi_04,,generator_ground_truth,docker_multihost,3,2,0.9183,0.8339,0.0022,1,-0.0
ddos_multi_04__benign_udpspoof_14,0,1789389911.575592,real,ddos_multi_04,,generator_ground_truth,docker_multihost,3,2,0.9183,0.8339,0.0022,1,-0.0
ddos_multi_04__benign_udpspoof_14,0,1789389911.7155921,real,ddos_multi_04,,generator_ground_truth,docker_multihost,3,2,0.9183,0.8339,0.0022,1,-0.0
ddos_multi_04__benign_udpspoof_14,0,1789389911.8555923,real,ddos_multi_04,,generator_ground_truth,docker_multihost,3,2,0.9183,0.8339,0.0022,1,-0.0
ddos_multi_04__benign_udpspoof_14,0,1789389911.9955924,real,ddos_multi_04,,generator_ground_truth,docker_multihost,3,2,0.9183,0.8339,0.0022,1,-0.0
ddos_multi_04__benign_udpspoof_14,0,1789389912.1355925,real,ddos_multi_04,,generator_ground_truth,docker_multihost,3,2,0.9183,0.8339,0.0022,1,-0.0
ddos_multi_04__benign_udpspoof_14,0,1789389912.2755926,real,ddos_multi_04,,generator_ground_truth,docker_multihost,3,2,0.9183,0.8339,0.0022,1,-0.0
ddos_multi_04__benign_udpspoof_14,0,1789389912.4155927,real,ddos_multi_04,,generator_ground_truth,docker_multihost,4,2,1.0,0.9974,0.2312,1,-0.0
ddos_multi_04__benign_udpspoof_14,0,1789389912.5555928,real,ddos_multi_04,,generator_ground_truth,docker_multihost,4,2,1.0,0.9974,0.2312,1,-0.0
ddos_multi_04__benign_udpspoof_14,0,1789389912.6955929,real,ddos_multi_04,,generator_ground_truth,docker_multihost,4,2,1.0,0.9974,0.2312,1,-0.0
ddos_multi_04__benign_udpspoof_14,0,1789389912.835593,real,ddos_multi_04,,generator_ground_truth,docker_multihost,4,2,1.0,0.9974,0.2312,1,-0.0
ddos_multi_04__benign_udpspoof_14,0,1789389912.975593,real,ddos_multi_04,,generator_ground_truth,docker_multihost,4,2,1.0,0.9974,0.2312,1,-0.0
ddos_multi_04__benign_udpspoof_14,0,1789389913.1155932,real,ddos_multi_04,,generator_ground_truth,docker_multihost,4,2,1.0,0.9974,0.2312,1,-0.0
ddos_multi_04__benign_udpspoof_14,0,1789389913.2555933,real,ddos_multi_04,,generator_ground_truth,docker_multihost,4,2,1.0,0.9974,0.2312,1,-0.0
ddos_multi_04__benign_udpspoof_14,0,1789389913.3955934,real,ddos_multi_04,,generator_ground_truth,docker_multihost,5,2,0.971,0.9844,0.2015,1,-0.0
ddos_multi_04__benign_udpspoof_14,0,1789389913.5355935,real,ddos_multi_04,,generator_ground_truth,docker_multihost,5,2,0.971,0.9844,0.2015,1,-0.0
ddos_multi_04__benign_udpspoof_14,0,1789389913.6755936,real,ddos_multi_04,,generator_ground_truth,docker_multihost,5,2,0.971,0.9844,0.2015,1,-0.0
ddos_multi_04__benign_udpspoof_14,0,1789389913.8155937,real,ddos_multi_04,,generator_ground_truth,docker_multihost,5,2,0.971,0.9844,0.2015,1,-0.0
ddos_multi_04__benign_udpspoof_14,0,1789389913.9555938,real,ddos_multi_04,,generator_ground_truth,docker_multihost,5,2,0.971,0.9844,0.2015,1,-0.0
ddos_multi_04__benign_udpspoof_14,0,1789389914.095594,real,ddos_multi_04,,generator_ground_truth,docker_multihost,5,2,0.971,0.9844,0.2015,1,-0.0
ddos_multi_04__benign_udpspoof_14,0,1789389914.235594,real,ddos_multi_04,,generator_ground_truth,docker_multihost,5,2,0.971,0.9844,0.2015,1,-0.0
ddos_multi_04__benign_udpspoof_14,0,1789389914.3755941,real,ddos_multi_04,,generator_ground_truth,docker_multihost,5,2,0.971,0.9844,0.2015,1,-0.0
ddos_multi_04__benign_udpspoof_14,0,1789389914.5155942,real,ddos_multi_04,,generator_ground_truth,docker_multihost,5,2,0.971,0.9844,0.2015,1,-0.0
ddos_multi_04__benign_udpspoof_14,0,1789389914.6555943,real,ddos_multi_04,,generator_ground_truth,docker_multihost,6,2,1.0,1.0425,0.2144,1,-0.0
ddos_multi_04__benign_udpspoof_14,0,1789389914.7955945,real,ddos_multi_04,,generator_ground_truth,docker_multihost,6,2,1.0,1.0425,0.2144,1,-0.0
ddos_multi_04__benign_udpspoof_14,0,1789389914.9355946,real,ddos_multi_04,,generator_ground_truth,docker_multihost,6,2,1.0,1.0425,0.2144,1,-0.0
ddos_multi_04__benign_udpspoof_14,0,1789389915.0755947,real,ddos_multi_04,,generator_ground_truth,docker_multihost,6,2,1.0,1.0425,0.2144,1,-0.0
ddos_multi_04__benign_udpspoof_14,0,1789389915.2155948,real,ddos_multi_04,,generator_ground_truth,docker_multihost,6,2,1.0,1.0425,0.2144,1,-0.0
ddos_multi_04__benign_udpspoof_14,0,1789389915.3555949,real,ddos_multi_04,,generator_ground_truth,docker_multihost,7,2,0.9852,0.9812,0.2389,1,-0.0
ddos_multi_04__benign_udpspoof_14,0,1789389915.495595,real,ddos_multi_04,,generator_ground_truth,docker_multihost,7,2,0.9852,0.9812,0.2389,1,-0.0
ddos_multi_04__benign_udpspoof_14,0,1789389915.635595,real,ddos_multi_04,,generator_ground_truth,docker_multihost,7,2,0.9852,0.9812,0.2389,1,-0.0
ddos_multi_04__benign_udpspoof_14,0,1789389915.7755952,real,ddos_multi_04,,generator_ground_truth,docker_multihost,7,2,0.9852,0.9812,0.2389,1,-0.0
ddos_multi_04__benign_udpspoof_14,0,1789389915.9155953,real,ddos_multi_04,,generator_ground_truth,docker_multihost,8,2,1.0,0.9224,0.264,1,-0.0
ddos_multi_04__benign_udpspoof_14,0,1789389916.0555954,real,ddos_multi_04,,generator_ground_truth,docker_multihost,8,2,1.0,0.9224,0.264,1,-0.0
ddos_multi_04__benign_udpspoof_14,0,1789389916.1955955,real,ddos_multi_04,,generator_ground_truth,docker_multihost,8,2,1.0,0.9224,0.264,1,-0.0
ddos_multi_04__benign_udpspoof_14,0,1789389916.3355956,real,ddos_multi_04,,generator_ground_truth,docker_multihost,8,2,1.0,0.9224,0.264,1,-0.0
ddos_multi_04__benign_udpspoof_14,0,1789389916.4755957,real,ddos_multi_04,,generator_ground_truth,docker_multihost,8,2,1.0,0.9224,0.264,1,-0.0
ddos_multi_04__benign_udpspoof_14,0,1789389916.6155958,real,ddos_multi_04,,generator_ground_truth,docker_multihost,9,2,0.9911,0.8901,0.2613,1,-0.0
ddos_multi_04__benign_udpspoof_14,0,1789389916.755596,real,ddos_multi_04,,generator_ground_truth,docker_multihost,9,2,0.9911,0.8901,0.2613,1,-0.0
ddos_multi_04__benign_udpspoof_14,0,1789389916.895596,real,ddos_multi_04,,generator_ground_truth,docker_multihost,9,2,0.9911,0.8901,0.2613,1,-0.0
ddos_multi_04__benign_udpspoof_14,0,1789389917.0355961,real,ddos_multi_04,,generator_ground_truth,docker_multihost,9,2,0.9911,0.8901,0.2613,1,-0.0
ddos_multi_04__benign_udpspoof_14,0,1789389917.1755962,real,ddos_multi_04,,generator_ground_truth,docker_multihost,10,2,1.0,0.864,0.2571,1,-0.0
ddos_multi_04__benign_udpspoof_14,0,1789389917.3155963,real,ddos_multi_04,,generator_ground_truth,docker_multihost,10,2,1.0,0.864,0.2571,1,-0.0
ddos_multi_04__benign_udpspoof_14,0,1789389917.4555964,real,ddos_multi_04,,generator_ground_truth,docker_multihost,10,2,1.0,0.864,0.2571,1,-0.0
ddos_multi_04__benign_udpspoof_14,0,1789389917.5955966,real,ddos_multi_04,,generator_ground_truth,docker_multihost,10,2,1.0,0.864,0.2571,1,-0.0
ddos_multi_04__benign_udpspoof_14,0,1789389917.7355967,real,ddos_multi_04,,generator_ground_truth,docker_multihost,10,2,1.0,0.864,0.2571,1,-0.0
ddos_multi_04__benign_udpspoof_14,0,1789389917.8755968,real,ddos_multi_04,,generator_ground_truth,docker_multihost,10,2,1.0,0.864,0.2571,1,-0.0
ddos_multi_04__benign_udpspoof_14,0,1789389918.0155969,real,ddos_multi_04,,generator_ground_truth,docker_multihost,10,2,1.0,0.864,0.2571,1,-0.0
ddos_multi_04__benign_udpspoof_14,0,1789389918.155597,real,ddos_multi_04,,generator_ground_truth,docker_multihost,10,2,1.0,0.864,0.2571,1,-0.0
ddos_multi_04__benign_udpspoof_14,0,1789389918.295597,real,ddos_multi_04,,generator_ground_truth,docker_multihost,10,2,1.0,0.864,0.2571,1,-0.0
ddos_multi_04__benign_udpspoof_14,0,1789389918.4355972,real,ddos_multi_04,,generator_ground_truth,docker_multihost,10,2,1.0,0.864,0.2571,1,-0.0
ddos_multi_04__benign_udpspoof_14,0,1789389918.5755973,real,ddos_multi_04,,generator_ground_truth,docker_multihost,10,2,1.0,0.864,0.2571,1,-0.0
ddos_multi_04__benign_udpspoof_14,0,1789389918.7155974,real,ddos_multi_04,,generator_ground_truth,docker_multihost,11,2,0.994,0.9218,0.2992,1,-0.0
ddos_multi_04__benign_udpspoof_14,0,1789389918.8555975,real,ddos_multi_04,,generator_ground_truth,docker_multihost,11,2,0.994,0.9218,0.2992,1,-0.0
ddos_multi_04__benign_udpspoof_14,0,1789389918.9955976,real,ddos_multi_04,,generator_ground_truth,docker_multihost,11,2,0.994,0.9218,0.2992,1,-0.0
ddos_multi_04__benign_udpspoof_14,0,1789389919.1355977,real,ddos_multi_04,,generator_ground_truth,docker_multihost,11,2,0.994,0.9218,0.2992,1,-0.0
ddos_multi_04__benign_udpspoof_14,0,1789389919.2755978,real,ddos_multi_04,,generator_ground_truth,docker_multihost,11,2,0.994,0.9218,0.2992,1,-0.0
ddos_multi_04__benign_udpspoof_14,0,1789389919.415598,real,ddos_multi_04,,generator_ground_truth,docker_multihost,10,2,1.0,0.9313,0.314,1,-0.0
ddos_multi_04__benign_udpspoof_14,0,1789389919.555598,real,ddos_multi_04,,generator_ground_truth,docker_multihost,11,2,0.994,0.9353,0.2981,1,-0.0
ddos_multi_04__benign_udpspoof_14,0,1789389919.6955981,real,ddos_multi_04,,generator_ground_truth,docker_multihost,11,2,0.994,0.9353,0.2981,1,-0.0
ddos_multi_04__benign_udpspoof_14,0,1789389919.8355982,real,ddos_multi_04,,generator_ground_truth,docker_multihost,11,2,0.994,0.9353,0.2981,1,-0.0
ddos_multi_04__benign_udpspoof_14,0,1789389919.9755983,real,ddos_multi_04,,generator_ground_truth,docker_multihost,11,2,0.994,0.9353,0.2981,1,-0.0
ddos_multi_04__benign_udpspoof_14,0,1789389920.1155984,real,ddos_multi_04,,generator_ground_truth,docker_multihost,11,2,0.994,0.9353,0.2981,1,-0.0
ddos_multi_04__benign_udpspoof_14,0,1789389920.2555985,real,ddos_multi_04,,generator_ground_truth,docker_multihost,10,2,1.0,0.9468,0.3121,1,-0.0
ddos_multi_04__benign_udpspoof_14,0,1789389920.3955986,real,ddos_multi_04,,generator_ground_truth,docker_multihost,11,2,0.994,0.9343,0.2985,1,-0.0
ddos_multi_04__benign_udpspoof_14,0,1789389920.5355988,real,ddos_multi_04,,generator_ground_truth,docker_multihost,11,2,0.994,0.9343,0.2985,1,-0.0
ddos_multi_04__benign_udpspoof_14,0,1789389920.6755989,real,ddos_multi_04,,generator_ground_truth,docker_multihost,11,2,0.994,0.9343,0.2985,1,-0.0
ddos_multi_04__benign_udpspoof_14,0,1789389920.815599,real,ddos_multi_04,,generator_ground_truth,docker_multihost,11,2,0.994,0.9343,0.2985,1,-0.0
ddos_multi_04__benign_udpspoof_14,0,1789389920.955599,real,ddos_multi_04,,generator_ground_truth,docker_multihost,12,2,1.0,0.901,0.3035,1,-0.0
ddos_multi_04__benign_udpspoof_14,0,1789389921.0955992,real,ddos_multi_04,,generator_ground_truth,docker_multihost,11,2,0.994,0.8586,0.2856,1,-0.0
ddos_multi_04__benign_udpspoof_14,0,1789389921.2355993,real,ddos_multi_04,,generator_ground_truth,docker_multihost,11,2,0.994,0.8586,0.2856,1,-0.0
ddos_multi_04__benign_udpspoof_14,0,1789389921.3755994,real,ddos_multi_04,,generator_ground_truth,docker_multihost,11,2,0.994,0.8586,0.2856,1,-0.0
ddos_multi_04__benign_udpspoof_14,0,1789389921.5155995,real,ddos_multi_04,,generator_ground_truth,docker_multihost,11,2,0.994,0.8586,0.2856,1,-0.0
ddos_multi_04__benign_udpspoof_14,0,1789389921.6555996,real,ddos_multi_04,,generator_ground_truth,docker_multihost,11,2,0.994,0.8586,0.2856,1,-0.0
ddos_multi_04__benign_udpspoof_14,0,1789389921.7955997,real,ddos_multi_04,,generator_ground_truth,docker_multihost,12,2,1.0,0.848,0.2744,1,-0.0
ddos_multi_04__benign_udpspoof_14,0,1789389921.9355998,real,ddos_multi_04,,generator_ground_truth,docker_multihost,12,2,1.0,0.848,0.2744,1,-0.0
ddos_multi_04__benign_udpspoof_14,0,1789389922.0756,real,ddos_multi_04,,generator_ground_truth,docker_multihost,12,2,1.0,0.848,0.2744,1,-0.0
ddos_multi_04__benign_udpspoof_14,0,1789389922.2156,real,ddos_multi_04,,generator_ground_truth,docker_multihost,12,2,1.0,0.848,0.2744,1,-0.0
ddos_multi_04__benign_udpspoof_14,0,1789389922.3556,real,ddos_multi_04,,generator_ground_truth,docker_multihost,11,2,0.994,0.8382,0.286,1,-0.0
ddos_multi_04__benign_udpspoof_14,0,1789389922.4956002,real,ddos_multi_04,,generator_ground_truth,docker_multihost,11,2,0.994,0.8382,0.286,1,-0.0
ddos_multi_04__benign_udpspoof_14,0,1789389922.6356003,real,ddos_multi_04,,generator_ground_truth,docker_multihost,11,2,0.994,0.8382,0.286,1,-0.0
ddos_multi_04__benign_udpspoof_14,0,1789389922.7756004,real,ddos_multi_04,,generator_ground_truth,docker_multihost,11,2,0.994,0.8382,0.286,1,-0.0
ddos_multi_04__benign_udpspoof_14,0,1789389922.9156005,real,ddos_multi_04,,generator_ground_truth,docker_multihost,12,2,1.0,0.8713,0.292,1,-0.0
ddos_multi_04__benign_udpspoof_14,0,1789389923.0556006,real,ddos_multi_04,,generator_ground_truth,docker_multihost,12,2,1.0,0.8713,0.292,1,-0.0
ddos_multi_04__benign_udpspoof_14,0,1789389923.1956007,real,ddos_multi_04,,generator_ground_truth,docker_multihost,12,2,1.0,0.8713,0.292,1,-0.0
ddos_multi_04__benign_udpspoof_14,0,1789389923.3356009,real,ddos_multi_04,,generator_ground_truth,docker_multihost,11,2,0.994,0.8309,0.2754,1,-0.0
ddos_multi_04__benign_udpspoof_14,0,1789389923.475601,real,ddos_multi_04,,generator_ground_truth,docker_multihost,11,2,0.994,0.8309,0.2754,1,-0.0
ddos_multi_04__benign_udpspoof_14,0,1789389923.615601,real,ddos_multi_04,,generator_ground_truth,docker_multihost,11,2,0.994,0.8309,0.2754,1,-0.0
ddos_multi_04__benign_udpspoof_14,0,1789389923.7556012,real,ddos_multi_04,,generator_ground_truth,docker_multihost,11,2,0.994,0.8309,0.2754,1,-0.0
ddos_multi_04__benign_udpspoof_14,0,1789389923.8956013,real,ddos_multi_04,,generator_ground_truth,docker_multihost,11,2,0.994,0.8309,0.2754,1,-0.0
ddos_multi_04__benign_udpspoof_14,0,1789389924.0356014,real,ddos_multi_04,,generator_ground_truth,docker_multihost,11,2,0.994,0.8309,0.2754,1,-0.0
ddos_multi_04__benign_udpspoof_14,0,1789389924.1756015,real,ddos_multi_04,,generator_ground_truth,docker_multihost,12,2,1.0,0.8638,0.2825,1,-0.0
ddos_multi_04__benign_udpspoof_14,0,1789389924.3156016,real,ddos_multi_04,,generator_ground_truth,docker_multihost,12,2,1.0,0.8638,0.2825,1,-0.0
ddos_multi_04__benign_udpspoof_14,0,1789389924.4556017,real,ddos_multi_04,,generator_ground_truth,docker_multihost,12,2,1.0,0.8638,0.2825,1,-0.0
ddos_multi_04__benign_udpspoof_14,0,1789389924.5956018,real,ddos_multi_04,,generator_ground_truth,docker_multihost,11,2,0.994,0.8827,0.2896,1,-0.0
ddos_multi_04__benign_udpspoof_14,0,1789389924.735602,real,ddos_multi_04,,generator_ground_truth,docker_multihost,11,2,0.994,0.8827,0.2896,1,-0.0
ddos_multi_04__benign_udpspoof_14,0,1789389924.875602,real,ddos_multi_04,,generator_ground_truth,docker_multihost,11,2,0.994,0.8827,0.2896,1,-0.0
ddos_multi_04__benign_udpspoof_14,0,1789389925.015602,real,ddos_multi_04,,generator_ground_truth,docker_multihost,11,2,0.994,0.8827,0.2896,1,-0.0
ddos_multi_04__benign_udpspoof_14,0,1789389925.1556022,real,ddos_multi_04,,generator_ground_truth,docker_multihost,12,2,1.0,0.8987,0.2807,1,-0.0
ddos_multi_04__benign_udpspoof_14,0,1789389925.2956023,real,ddos_multi_04,,generator_ground_truth,docker_multihost,11,2,0.994,0.9316,0.2734,1,-0.0
ddos_multi_04__benign_udpspoof_14,0,1789389925.4356024,real,ddos_multi_04,,generator_ground_truth,docker_multihost,11,2,0.994,0.9316,0.2734,1,-0.0
ddos_multi_04__benign_udpspoof_14,0,1789389925.5756025,real,ddos_multi_04,,generator_ground_truth,docker_multihost,11,2,0.994,0.9316,0.2734,1,-0.0
ddos_multi_04__benign_udpspoof_14,0,1789389925.7156026,real,ddos_multi_04,,generator_ground_truth,docker_multihost,11,2,0.994,0.9316,0.2734,1,-0.0
ddos_multi_04__benign_udpspoof_14,0,1789389925.8556027,real,ddos_multi_04,,generator_ground_truth,docker_multihost,10,2,1.0,0.9613,0.2724,1,-0.0
ddos_multi_04__benign_udpspoof_14,0,1789389925.9956028,real,ddos_multi_04,,generator_ground_truth,docker_multihost,11,2,0.994,0.9464,0.2623,1,-0.0
ddos_multi_04__benign_udpspoof_14,0,1789389926.135603,real,ddos_multi_04,,generator_ground_truth,docker_multihost,11,2,0.994,0.9464,0.2623,1,-0.0
ddos_multi_04__benign_udpspoof_14,0,1789389926.275603,real,ddos_multi_04,,generator_ground_truth,docker_multihost,11,2,0.994,0.9464,0.2623,1,-0.0
ddos_multi_04__benign_udpspoof_14,0,1789389926.4156032,real,ddos_multi_04,,generator_ground_truth,docker_multihost,11,2,0.994,0.9464,0.2623,1,-0.0
ddos_multi_04__benign_udpspoof_14,0,1789389926.5556033,real,ddos_multi_04,,generator_ground_truth,docker_multihost,10,2,1.0,0.9788,0.2569,1,-0.0
ddos_multi_04__benign_udpspoof_14,0,1789389926.6956034,real,ddos_multi_04,,generator_ground_truth,docker_multihost,10,2,1.0,0.9788,0.2569,1,-0.0
ddos_multi_04__benign_udpspoof_14,0,1789389926.8356035,real,ddos_multi_04,,generator_ground_truth,docker_multihost,10,2,1.0,0.9788,0.2569,1,-0.0
ddos_multi_04__benign_udpspoof_14,0,1789389926.9756036,real,ddos_multi_04,,generator_ground_truth,docker_multihost,10,2,1.0,0.9788,0.2569,1,-0.0
ddos_multi_04__benign_udpspoof_14,0,1789389927.1156037,real,ddos_multi_04,,generator_ground_truth,docker_multihost,10,2,1.0,0.9788,0.2569,1,-0.0
ddos_multi_04__benign_udpspoof_14,0,1789389927.2556038,real,ddos_multi_04,,generator_ground_truth,docker_multihost,9,2,0.9911,0.9209,0.21,1,-0.0
ddos_multi_04__benign_udpspoof_14,0,1789389927.395604,real,ddos_multi_04,,generator_ground_truth,docker_multihost,10,2,1.0,0.9659,0.2354,1,-0.0
ddos_multi_04__benign_udpspoof_14,0,1789389927.535604,real,ddos_multi_04,,generator_ground_truth,docker_multihost,10,2,1.0,0.9659,0.2354,1,-0.0
ddos_multi_04__benign_udpspoof_14,0,1789389927.675604,real,ddos_multi_04,,generator_ground_truth,docker_multihost,10,2,1.0,0.9659,0.2354,1,-0.0
ddos_multi_04__benign_udpspoof_14,0,1789389927.8156042,real,ddos_multi_04,,generator_ground_truth,docker_multihost,10,2,1.0,0.9659,0.2354,1,-0.0
ddos_multi_04__benign_udpspoof_14,0,1789389927.9556043,real,ddos_multi_04,,generator_ground_truth,docker_multihost,10,2,1.0,0.9659,0.2354,1,-0.0
ddos_multi_04__benign_udpspoof_14,0,1789389928.0956044,real,ddos_multi_04,,generator_ground_truth,docker_multihost,10,2,1.0,0.9659,0.2354,1,-0.0
ddos_multi_04__benign_udpspoof_14,0,1789389928.2356045,real,ddos_multi_04,,generator_ground_truth,docker_multihost,11,2,0.994,0.9543,0.226,1,-0.0
ddos_multi_04__benign_udpspoof_14,0,1789389928.3756046,real,ddos_multi_04,,generator_ground_truth,docker_multihost,11,2,0.994,0.9543,0.226,1,-0.0
ddos_multi_04__benign_udpspoof_14,0,1789389928.5156047,real,ddos_multi_04,,generator_ground_truth,docker_multihost,11,2,0.994,0.9543,0.226,1,-0.0
ddos_multi_04__benign_udpspoof_14,0,1789389928.6556048,real,ddos_multi_04,,generator_ground_truth,docker_multihost,10,2,1.0,0.9524,0.2382,1,-0.0
ddos_multi_04__benign_udpspoof_14,0,1789389928.795605,real,ddos_multi_04,,generator_ground_truth,docker_multihost,10,2,1.0,0.9524,0.2382,1,-0.0
ddos_multi_04__benign_udpspoof_14,0,1789389928.935605,real,ddos_multi_04,,generator_ground_truth,docker_multihost,10,2,1.0,0.9524,0.2382,1,-0.0
ddos_multi_04__benign_udpspoof_14,0,1789389929.0756052,real,ddos_multi_04,,generator_ground_truth,docker_multihost,10,2,1.0,0.9524,0.2382,1,-0.0
ddos_multi_04__benign_udpspoof_14,0,1789389929.2156053,real,ddos_multi_04,,generator_ground_truth,docker_multihost,10,2,1.0,0.9524,0.2382,1,-0.0
ddos_multi_04__benign_udpspoof_14,0,1789389929.3556054,real,ddos_multi_04,,generator_ground_truth,docker_multihost,10,2,1.0,0.9524,0.2382,1,-0.0
ddos_multi_04__benign_udpspoof_14,0,1789389929.4956055,real,ddos_multi_04,,generator_ground_truth,docker_multihost,11,2,0.994,0.9882,0.2502,1,-0.0
ddos_multi_04__benign_udpspoof_14,0,1789389929.6356056,real,ddos_multi_04,,generator_ground_truth,docker_multihost,10,2,1.0,1.0068,0.2572,1,-0.0
ddos_multi_04__benign_udpspoof_14,0,1789389929.7756057,real,ddos_multi_04,,generator_ground_truth,docker_multihost,10,2,1.0,1.0068,0.2572,1,-0.0
ddos_multi_04__benign_udpspoof_14,0,1789389929.9156058,real,ddos_multi_04,,generator_ground_truth,docker_multihost,10,2,1.0,1.0068,0.2572,1,-0.0
ddos_multi_04__benign_udpspoof_14,0,1789389930.055606,real,ddos_multi_04,,generator_ground_truth,docker_multihost,11,2,0.994,0.9572,0.2858,1,-0.0
ddos_multi_04__benign_udpspoof_14,0,1789389930.195606,real,ddos_multi_04,,generator_ground_truth,docker_multihost,11,2,0.994,0.9572,0.2858,1,-0.0
ddos_multi_04__benign_udpspoof_14,0,1789389930.335606,real,ddos_multi_04,,generator_ground_truth,docker_multihost,11,2,0.994,0.9572,0.2858,1,-0.0
ddos_multi_04__benign_udpspoof_14,0,1789389930.4756062,real,ddos_multi_04,,generator_ground_truth,docker_multihost,10,2,1.0,1.0004,0.2684,1,-0.0
ddos_multi_04__benign_udpspoof_14,0,1789389930.6156063,real,ddos_multi_04,,generator_ground_truth,docker_multihost,10,2,1.0,1.0004,0.2684,1,-0.0
ddos_multi_04__benign_udpspoof_14,0,1789389930.7556064,real,ddos_multi_04,,generator_ground_truth,docker_multihost,10,2,1.0,1.0004,0.2684,1,-0.0
ddos_multi_04__ddos_spoofed_14,1,1789389932.019965,real,ddos_multi_04,spoofed_flood,generator_ground_truth,docker_multihost,69,1,-0.0,0.002,0.0,69,6.1085
ddos_multi_04__ddos_spoofed_14,1,1789389932.159965,real,ddos_multi_04,spoofed_flood,generator_ground_truth,docker_multihost,138,1,-0.0,0.002,0.0001,138,7.1085
ddos_multi_04__ddos_spoofed_14,1,1789389932.2999651,real,ddos_multi_04,spoofed_flood,generator_ground_truth,docker_multihost,207,1,-0.0,0.002,0.0001,207,7.6935
ddos_multi_04__ddos_spoofed_14,1,1789389932.4399652,real,ddos_multi_04,spoofed_flood,generator_ground_truth,docker_multihost,277,1,-0.0,0.002,0.0001,277,8.1137
ddos_multi_04__ddos_spoofed_14,1,1789389932.5799654,real,ddos_multi_04,spoofed_flood,generator_ground_truth,docker_multihost,345,1,-0.0,0.002,0.0002,345,8.4305
ddos_multi_04__ddos_spoofed_14,1,1789389932.7199655,real,ddos_multi_04,spoofed_flood,generator_ground_truth,docker_multihost,415,1,-0.0,0.002,0.0001,415,8.697
ddos_multi_04__ddos_spoofed_14,1,1789389932.8599656,real,ddos_multi_04,spoofed_flood,generator_ground_truth,docker_multihost,484,1,-0.0,0.002,0.0001,484,8.9189
ddos_multi_04__ddos_spoofed_14,1,1789389932.9999657,real,ddos_multi_04,spoofed_flood,generator_ground_truth,docker_multihost,553,1,-0.0,0.002,0.0001,553,9.1111
ddos_multi_04__ddos_spoofed_14,1,1789389933.1399658,real,ddos_multi_04,spoofed_flood,generator_ground_truth,docker_multihost,623,1,-0.0,0.002,0.0001,623,9.2831
ddos_multi_04__ddos_spoofed_14,1,1789389933.2799659,real,ddos_multi_04,spoofed_flood,generator_ground_truth,docker_multihost,692,1,-0.0,0.002,0.0001,692,9.4346
ddos_multi_04__ddos_spoofed_14,1,1789389933.419966,real,ddos_multi_04,spoofed_flood,generator_ground_truth,docker_multihost,761,1,-0.0,0.002,0.0001,761,9.5718
ddos_multi_04__ddos_spoofed_14,1,1789389933.559966,real,ddos_multi_04,spoofed_flood,generator_ground_truth,docker_multihost,829,1,-0.0,0.002,0.0001,829,9.6952
ddos_multi_04__ddos_spoofed_14,1,1789389933.6999662,real,ddos_multi_04,spoofed_flood,generator_ground_truth,docker_multihost,899,1,-0.0,0.002,0.0001,899,9.8122
ddos_multi_04__ddos_spoofed_14,1,1789389933.8399663,real,ddos_multi_04,spoofed_flood,generator_ground_truth,docker_multihost,970,1,-0.0,0.002,0.0001,970,9.9218
ddos_multi_04__ddos_spoofed_14,1,1789389933.9799664,real,ddos_multi_04,spoofed_flood,generator_ground_truth,docker_multihost,1041,1,-0.0,0.002,0.0001,1041,10.0238
ddos_multi_04__ddos_spoofed_14,1,1789389934.1199665,real,ddos_multi_04,spoofed_flood,generator_ground_truth,docker_multihost,1113,1,-0.0,0.002,0.0001,1113,10.1202
ddos_multi_04__ddos_spoofed_14,1,1789389934.2599666,real,ddos_multi_04,spoofed_flood,generator_ground_truth,docker_multihost,1184,1,-0.0,0.002,0.0001,1184,10.2095
ddos_multi_04__ddos_spoofed_14,1,1789389934.3999667,real,ddos_multi_04,spoofed_flood,generator_ground_truth,docker_multihost,1253,1,-0.0,0.002,0.0001,1253,10.2912
ddos_multi_04__ddos_spoofed_14,1,1789389934.5399668,real,ddos_multi_04,spoofed_flood,generator_ground_truth,docker_multihost,1323,1,-0.0,0.002,0.0001,1323,10.3696
ddos_multi_04__ddos_spoofed_14,1,1789389934.679967,real,ddos_multi_04,spoofed_flood,generator_ground_truth,docker_multihost,1393,1,-0.0,0.002,0.0001,1393,10.444
ddos_multi_04__ddos_spoofed_14,1,1789389934.819967,real,ddos_multi_04,spoofed_flood,generator_ground_truth,docker_multihost,1463,1,-0.0,0.002,0.0001,1463,10.5147
ddos_multi_04__ddos_spoofed_14,1,1789389934.9599671,real,ddos_multi_04,spoofed_flood,generator_ground_truth,docker_multihost,1533,1,-0.0,0.002,0.0001,1533,10.5821
ddos_multi_04__ddos_spoofed_14,1,1789389935.0999672,real,ddos_multi_04,spoofed_flood,generator_ground_truth,docker_multihost,1599,1,-0.0,0.002,0.0001,1599,10.643
ddos_multi_04__ddos_spoofed_14,1,1789389935.2399673,real,ddos_multi_04,spoofed_flood,generator_ground_truth,docker_multihost,1668,1,-0.0,0.002,0.0001,1668,10.7039
ddos_multi_04__ddos_spoofed_14,1,1789389935.3799675,real,ddos_multi_04,spoofed_flood,generator_ground_truth,docker_multihost,1737,1,-0.0,0.002,0.0001,1737,10.7624
ddos_multi_04__ddos_spoofed_14,1,1789389935.5199676,real,ddos_multi_04,spoofed_flood,generator_ground_truth,docker_multihost,1805,1,-0.0,0.002,0.0001,1805,10.8178
ddos_multi_04__ddos_spoofed_14,1,1789389935.6599677,real,ddos_multi_04,spoofed_flood,generator_ground_truth,docker_multihost,1872,1,-0.0,0.002,0.0001,1872,10.8704
ddos_multi_04__ddos_spoofed_14,1,1789389935.7999678,real,ddos_multi_04,spoofed_flood,generator_ground_truth,docker_multihost,1943,1,-0.0,0.002,0.0001,1943,10.9241
ddos_multi_04__ddos_spoofed_14,1,1789389935.9399679,real,ddos_multi_04,spoofed_flood,generator_ground_truth,docker_multihost,2014,1,-0.0,0.002,0.0001,2014,10.9758
ddos_multi_04__ddos_spoofed_14,1,1789389936.079968,real,ddos_multi_04,spoofed_flood,generator_ground_truth,docker_multihost,2083,1,-0.0,0.002,0.0001,2083,11.0244
ddos_multi_04__ddos_spoofed_14,1,1789389936.219968,real,ddos_multi_04,spoofed_flood,generator_ground_truth,docker_multihost,2150,1,-0.0,0.002,0.0001,2150,11.0701
ddos_multi_04__ddos_spoofed_14,1,1789389936.3599682,real,ddos_multi_04,spoofed_flood,generator_ground_truth,docker_multihost,2220,1,-0.0,0.002,0.0001,2220,11.1163
ddos_multi_04__ddos_spoofed_14,1,1789389936.4999683,real,ddos_multi_04,spoofed_flood,generator_ground_truth,docker_multihost,2288,1,-0.0,0.002,0.0001,2288,11.1599
ddos_multi_04__ddos_spoofed_14,1,1789389936.6399684,real,ddos_multi_04,spoofed_flood,generator_ground_truth,docker_multihost,2358,1,-0.0,0.002,0.0001,2358,11.2033
ddos_multi_04__ddos_spoofed_14,1,1789389936.7799685,real,ddos_multi_04,spoofed_flood,generator_ground_truth,docker_multihost,2427,1,-0.0,0.002,0.0001,2427,11.245
ddos_multi_04__ddos_spoofed_14,1,1789389936.9199686,real,ddos_multi_04,spoofed_flood,generator_ground_truth,docker_multihost,2496,1,-0.0,0.002,0.0001,2496,11.2854
ddos_multi_04__ddos_spoofed_14,1,1789389937.0599687,real,ddos_multi_04,spoofed_flood,generator_ground_truth,docker_multihost,2565,1,-0.0,0.002,0.0001,2565,11.3247
ddos_multi_04__ddos_spoofed_14,1,1789389937.1999688,real,ddos_multi_04,spoofed_flood,generator_ground_truth,docker_multihost,2633,1,-0.0,0.002,0.0001,2633,11.3625
ddos_multi_04__ddos_spoofed_14,1,1789389937.339969,real,ddos_multi_04,spoofed_flood,generator_ground_truth,docker_multihost,2702,1,-0.0,0.002,0.0001,2702,11.3998
ddos_multi_04__ddos_spoofed_14,1,1789389937.479969,real,ddos_multi_04,spoofed_flood,generator_ground_truth,docker_multihost,2772,1,-0.0,0.002,0.0001,2772,11.4367
ddos_multi_04__ddos_spoofed_14,1,1789389937.6199691,real,ddos_multi_04,spoofed_flood,generator_ground_truth,docker_multihost,2841,1,-0.0,0.002,0.0001,2841,11.4722
ddos_multi_04__ddos_spoofed_14,1,1789389937.7599692,real,ddos_multi_04,spoofed_flood,generator_ground_truth,docker_multihost,2909,1,-0.0,0.002,0.0001,2909,11.5063
ddos_multi_04__ddos_spoofed_14,1,1789389937.8999693,real,ddos_multi_04,spoofed_flood,generator_ground_truth,docker_multihost,2980,1,-0.0,0.002,0.0001,2980,11.5411
ddos_multi_04__ddos_spoofed_14,1,1789389938.0399694,real,ddos_multi_04,spoofed_flood,generator_ground_truth,docker_multihost,3050,1,-0.0,0.002,0.0001,3050,11.5746
ddos_multi_04__ddos_spoofed_14,1,1789389938.1799695,real,ddos_multi_04,spoofed_flood,generator_ground_truth,docker_multihost,3120,1,-0.0,0.002,0.0001,3120,11.6073
ddos_multi_04__ddos_spoofed_14,1,1789389938.3199697,real,ddos_multi_04,spoofed_flood,generator_ground_truth,docker_multihost,3189,1,-0.0,0.002,0.0001,3189,11.6389
ddos_multi_04__ddos_spoofed_14,1,1789389938.4599698,real,ddos_multi_04,spoofed_flood,generator_ground_truth,docker_multihost,3258,1,-0.0,0.002,0.0001,3258,11.6698
ddos_multi_04__ddos_spoofed_14,1,1789389938.5999699,real,ddos_multi_04,spoofed_flood,generator_ground_truth,docker_multihost,3326,1,-0.0,0.002,0.0001,3326,11.6996
ddos_multi_04__ddos_spoofed_14,1,1789389938.73997,real,ddos_multi_04,spoofed_flood,generator_ground_truth,docker_multihost,3396,1,-0.0,0.002,0.0001,3396,11.7296
ddos_multi_04__ddos_spoofed_14,1,1789389938.87997,real,ddos_multi_04,spoofed_flood,generator_ground_truth,docker_multihost,3466,1,-0.0,0.002,0.0001,3466,11.7591
ddos_multi_04__ddos_spoofed_14,1,1789389939.0199702,real,ddos_multi_04,spoofed_flood,generator_ground_truth,docker_multihost,3536,1,-0.0,0.002,0.0001,3536,11.7879
ddos_multi_04__ddos_spoofed_14,1,1789389939.1599703,real,ddos_multi_04,spoofed_flood,generator_ground_truth,docker_multihost,3606,1,-0.0,0.002,0.0001,3606,11.8162
ddos_multi_04__ddos_spoofed_14,1,1789389939.2999704,real,ddos_multi_04,spoofed_flood,generator_ground_truth,docker_multihost,3676,1,-0.0,0.002,0.0001,3676,11.8439
ddos_multi_04__ddos_spoofed_14,1,1789389939.4399705,real,ddos_multi_04,spoofed_flood,generator_ground_truth,docker_multihost,3744,1,-0.0,0.002,0.0001,3744,11.8704
ddos_multi_04__ddos_spoofed_14,1,1789389939.5799706,real,ddos_multi_04,spoofed_flood,generator_ground_truth,docker_multihost,3812,1,-0.0,0.002,0.0001,3812,11.8963
ddos_multi_04__ddos_spoofed_14,1,1789389939.7199707,real,ddos_multi_04,spoofed_flood,generator_ground_truth,docker_multihost,3881,1,-0.0,0.002,0.0001,3881,11.9222
ddos_multi_04__ddos_spoofed_14,1,1789389939.8599708,real,ddos_multi_04,spoofed_flood,generator_ground_truth,docker_multihost,3951,1,-0.0,0.002,0.0001,3951,11.948
ddos_multi_04__ddos_spoofed_14,1,1789389939.999971,real,ddos_multi_04,spoofed_flood,generator_ground_truth,docker_multihost,4022,1,-0.0,0.002,0.0001,4022,11.9737
ddos_multi_04__ddos_spoofed_14,1,1789389940.139971,real,ddos_multi_04,spoofed_flood,generator_ground_truth,docker_multihost,4091,1,-0.0,0.002,0.0001,4091,11.9982
ddos_multi_04__ddos_spoofed_14,1,1789389940.2799711,real,ddos_multi_04,spoofed_flood,generator_ground_truth,docker_multihost,4162,1,-0.0,0.002,0.0001,4162,12.0231
ddos_multi_04__ddos_spoofed_14,1,1789389940.4199712,real,ddos_multi_04,spoofed_flood,generator_ground_truth,docker_multihost,4233,1,-0.0,0.002,0.0001,4233,12.0475
ddos_multi_04__ddos_spoofed_14,1,1789389940.5599713,real,ddos_multi_04,spoofed_flood,generator_ground_truth,docker_multihost,4300,1,-0.0,0.002,0.0001,4300,12.0701
ddos_multi_04__ddos_spoofed_14,1,1789389940.6999714,real,ddos_multi_04,spoofed_flood,generator_ground_truth,docker_multihost,4369,1,-0.0,0.002,0.0001,4369,12.0931
ddos_multi_04__ddos_spoofed_14,1,1789389940.8399715,real,ddos_multi_04,spoofed_flood,generator_ground_truth,docker_multihost,4438,1,-0.0,0.002,0.0001,4438,12.1157
ddos_multi_04__ddos_spoofed_14,1,1789389940.9799716,real,ddos_multi_04,spoofed_flood,generator_ground_truth,docker_multihost,4507,1,-0.0,0.002,0.0001,4507,12.138
ddos_multi_04__ddos_spoofed_14,1,1789389941.1199718,real,ddos_multi_04,spoofed_flood,generator_ground_truth,docker_multihost,4575,1,-0.0,0.002,0.0001,4575,12.1596
ddos_multi_04__ddos_spoofed_14,1,1789389941.2599719,real,ddos_multi_04,spoofed_flood,generator_ground_truth,docker_multihost,4645,1,-0.0,0.002,0.0001,4645,12.1815
ddos_multi_04__ddos_spoofed_14,1,1789389941.399972,real,ddos_multi_04,spoofed_flood,generator_ground_truth,docker_multihost,4713,1,-0.0,0.002,0.0001,4713,12.2024
ddos_multi_04__ddos_spoofed_14,1,1789389941.539972,real,ddos_multi_04,spoofed_flood,generator_ground_truth,docker_multihost,4783,1,-0.0,0.002,0.0001,4783,12.2237
ddos_multi_04__ddos_spoofed_14,1,1789389941.6799722,real,ddos_multi_04,spoofed_flood,generator_ground_truth,docker_multihost,4853,1,-0.0,0.002,0.0001,4853,12.2447
ddos_multi_04__ddos_spoofed_14,1,1789389941.8199723,real,ddos_multi_04,spoofed_flood,generator_ground_truth,docker_multihost,4923,1,-0.0,0.002,0.0001,4923,12.2653
ddos_multi_04__ddos_spoofed_14,1,1789389941.9599724,real,ddos_multi_04,spoofed_flood,generator_ground_truth,docker_multihost,4955,1,-0.0,0.002,0.0001,4955,12.2747
ddos_multi_04__ddos_spoofed_14,1,1789389942.0999725,real,ddos_multi_04,spoofed_flood,generator_ground_truth,docker_multihost,4954,1,-0.0,0.002,0.0001,4954,12.2744
ddos_multi_04__ddos_spoofed_14,1,1789389942.2399726,real,ddos_multi_04,spoofed_flood,generator_ground_truth,docker_multihost,4955,1,-0.0,0.002,0.0001,4955,12.2747
ddos_multi_04__ddos_spoofed_14,1,1789389942.3799727,real,ddos_multi_04,spoofed_flood,generator_ground_truth,docker_multihost,4954,1,-0.0,0.002,0.0001,4954,12.2744
ddos_multi_04__ddos_spoofed_14,1,1789389942.5199728,real,ddos_multi_04,spoofed_flood,generator_ground_truth,docker_multihost,4955,1,-0.0,0.002,0.0001,4955,12.2747
ddos_multi_04__ddos_spoofed_14,1,1789389942.659973,real,ddos_multi_04,spoofed_flood,generator_ground_truth,docker_multihost,4956,1,-0.0,0.002,0.0001,4956,12.275
ddos_multi_04__ddos_spoofed_14,1,1789389942.799973,real,ddos_multi_04,spoofed_flood,generator_ground_truth,docker_multihost,4954,1,-0.0,0.002,0.0001,4954,12.2744
ddos_multi_04__ddos_spoofed_14,1,1789389942.939973,real,ddos_multi_04,spoofed_flood,generator_ground_truth,docker_multihost,4955,1,-0.0,0.002,0.0001,4955,12.2747
ddos_multi_04__ddos_spoofed_14,1,1789389943.0799732,real,ddos_multi_04,spoofed_flood,generator_ground_truth,docker_multihost,4954,1,-0.0,0.002,0.0001,4954,12.2744
ddos_multi_04__ddos_spoofed_14,1,1789389943.2199733,real,ddos_multi_04,spoofed_flood,generator_ground_truth,docker_multihost,4954,1,-0.0,0.002,0.0001,4954,12.2744
ddos_multi_04__ddos_spoofed_14,1,1789389943.3599734,real,ddos_multi_04,spoofed_flood,generator_ground_truth,docker_multihost,4955,1,-0.0,0.002,0.0001,4955,12.2747
ddos_multi_04__ddos_spoofed_14,1,1789389943.4999735,real,ddos_multi_04,spoofed_flood,generator_ground_truth,docker_multihost,4957,1,-0.0,0.002,0.0001,4957,12.2753
ddos_multi_04__ddos_spoofed_14,1,1789389943.6399736,real,ddos_multi_04,spoofed_flood,generator_ground_truth,docker_multihost,4957,1,-0.0,0.002,0.0001,4957,12.2753
ddos_multi_04__ddos_spoofed_14,1,1789389943.7799737,real,ddos_multi_04,spoofed_flood,generator_ground_truth,docker_multihost,4956,1,-0.0,0.002,0.0001,4956,12.275
ddos_multi_04__ddos_spoofed_14,1,1789389943.9199739,real,ddos_multi_04,spoofed_flood,generator_ground_truth,docker_multihost,4956,1,-0.0,0.002,0.0001,4956,12.275
ddos_multi_04__ddos_spoofed_14,1,1789389944.059974,real,ddos_multi_04,spoofed_flood,generator_ground_truth,docker_multihost,4956,1,-0.0,0.002,0.0001,4956,12.275
ddos_multi_04__ddos_spoofed_14,1,1789389944.199974,real,ddos_multi_04,spoofed_flood,generator_ground_truth,docker_multihost,4955,1,-0.0,0.002,0.0001,4955,12.2747
ddos_multi_04__ddos_spoofed_14,1,1789389944.3399742,real,ddos_multi_04,spoofed_flood,generator_ground_truth,docker_multihost,4954,1,-0.0,0.002,0.0001,4954,12.2744
ddos_multi_04__ddos_spoofed_14,1,1789389944.4799743,real,ddos_multi_04,spoofed_flood,generator_ground_truth,docker_multihost,4954,1,-0.0,0.002,0.0001,4954,12.2744
ddos_multi_04__ddos_spoofed_14,1,1789389944.6199744,real,ddos_multi_04,spoofed_flood,generator_ground_truth,docker_multihost,4952,1,-0.0,0.002,0.0001,4952,12.2738
ddos_multi_04__ddos_spoofed_14,1,1789389944.7599745,real,ddos_multi_04,spoofed_flood,generator_ground_truth,docker_multihost,4952,1,-0.0,0.002,0.0001,4952,12.2738
ddos_multi_04__ddos_spoofed_14,1,1789389944.8999746,real,ddos_multi_04,spoofed_flood,generator_ground_truth,docker_multihost,4951,1,-0.0,0.002,0.0001,4951,12.2735
ddos_multi_04__ddos_spoofed_14,1,1789389945.0399747,real,ddos_multi_04,spoofed_flood,generator_ground_truth,docker_multihost,4953,1,-0.0,0.002,0.0001,4953,12.2741
ddos_multi_04__ddos_spoofed_14,1,1789389945.1799748,real,ddos_multi_04,spoofed_flood,generator_ground_truth,docker_multihost,4955,1,-0.0,0.002,0.0001,4955,12.2747
ddos_multi_04__ddos_spoofed_14,1,1789389945.319975,real,ddos_multi_04,spoofed_flood,generator_ground_truth,docker_multihost,4956,1,-0.0,0.002,0.0001,4956,12.275
ddos_multi_04__ddos_spoofed_14,1,1789389945.459975,real,ddos_multi_04,spoofed_flood,generator_ground_truth,docker_multihost,4956,1,-0.0,0.002,0.0001,4956,12.275
ddos_multi_04__ddos_spoofed_14,1,1789389945.599975,real,ddos_multi_04,spoofed_flood,generator_ground_truth,docker_multihost,4958,1,-0.0,0.002,0.0001,4958,12.2755
ddos_multi_04__ddos_spoofed_14,1,1789389945.7399752,real,ddos_multi_04,spoofed_flood,generator_ground_truth,docker_multihost,4960,1,-0.0,0.002,0.0001,4960,12.2761
ddos_multi_04__ddos_spoofed_14,1,1789389945.8799753,real,ddos_multi_04,spoofed_flood,generator_ground_truth,docker_multihost,4957,1,-0.0,0.002,0.0001,4957,12.2753
ddos_multi_04__ddos_spoofed_14,1,1789389946.0199754,real,ddos_multi_04,spoofed_flood,generator_ground_truth,docker_multihost,4958,1,-0.0,0.002,0.0001,4958,12.2755
ddos_multi_04__ddos_spoofed_14,1,1789389946.1599755,real,ddos_multi_04,spoofed_flood,generator_ground_truth,docker_multihost,4960,1,-0.0,0.002,0.0001,4960,12.2761
ddos_multi_04__ddos_spoofed_14,1,1789389946.2999756,real,ddos_multi_04,spoofed_flood,generator_ground_truth,docker_multihost,4962,1,-0.0,0.002,0.0001,4962,12.2767
ddos_multi_04__ddos_spoofed_14,1,1789389946.4399757,real,ddos_multi_04,spoofed_flood,generator_ground_truth,docker_multihost,4947,1,-0.0,0.002,0.0001,4947,12.2723
ddos_multi_04__ddos_spoofed_14,1,1789389946.5799758,real,ddos_multi_04,spoofed_flood,generator_ground_truth,docker_multihost,4878,1,-0.0,0.002,0.0001,4878,12.2521
ddos_multi_04__ddos_spoofed_14,1,1789389946.719976,real,ddos_multi_04,spoofed_flood,generator_ground_truth,docker_multihost,4809,1,-0.0,0.002,0.0001,4809,12.2315
ddos_multi_04__ddos_spoofed_14,1,1789389946.859976,real,ddos_multi_04,spoofed_flood,generator_ground_truth,docker_multihost,4739,1,-0.0,0.002,0.0001,4739,12.2104
ddos_multi_04__benign_udpspoof_15,0,1789389948.2170434,real,ddos_multi_04,,generator_ground_truth,docker_multihost,1,1,-0.0,0.0,0.0,1,-0.0
ddos_multi_04__benign_udpspoof_15,0,1789389948.3570435,real,ddos_multi_04,,generator_ground_truth,docker_multihost,1,1,-0.0,0.0,0.0,1,-0.0
ddos_multi_04__benign_udpspoof_15,0,1789389948.4970436,real,ddos_multi_04,,generator_ground_truth,docker_multihost,1,1,-0.0,0.0,0.0,1,-0.0
ddos_multi_04__benign_udpspoof_15,0,1789389948.6370437,real,ddos_multi_04,,generator_ground_truth,docker_multihost,1,1,-0.0,0.0,0.0,1,-0.0
ddos_multi_04__benign_udpspoof_15,0,1789389948.7770438,real,ddos_multi_04,,generator_ground_truth,docker_multihost,1,1,-0.0,0.0,0.0,1,-0.0
ddos_multi_04__benign_udpspoof_15,0,1789389948.917044,real,ddos_multi_04,,generator_ground_truth,docker_multihost,2,1,-0.0,0.6794,0.0,1,-0.0
ddos_multi_04__benign_udpspoof_15,0,1789389949.057044,real,ddos_multi_04,,generator_ground_truth,docker_multihost,2,1,-0.0,0.6794,0.0,1,-0.0
ddos_multi_04__benign_udpspoof_15,0,1789389949.1970441,real,ddos_multi_04,,generator_ground_truth,docker_multihost,2,1,-0.0,0.6794,0.0,1,-0.0
ddos_multi_04__benign_udpspoof_15,0,1789389949.3370442,real,ddos_multi_04,,generator_ground_truth,docker_multihost,2,1,-0.0,0.6794,0.0,1,-0.0
ddos_multi_04__benign_udpspoof_15,0,1789389949.4770443,real,ddos_multi_04,,generator_ground_truth,docker_multihost,2,1,-0.0,0.6794,0.0,1,-0.0
ddos_multi_04__benign_udpspoof_15,0,1789389949.6170444,real,ddos_multi_04,,generator_ground_truth,docker_multihost,2,1,-0.0,0.6794,0.0,1,-0.0
ddos_multi_04__benign_udpspoof_15,0,1789389949.7570446,real,ddos_multi_04,,generator_ground_truth,docker_multihost,2,1,-0.0,0.6794,0.0,1,-0.0
ddos_multi_04__benign_udpspoof_15,0,1789389949.8970447,real,ddos_multi_04,,generator_ground_truth,docker_multihost,2,1,-0.0,0.6794,0.0,1,-0.0
ddos_multi_04__benign_udpspoof_15,0,1789389950.0370448,real,ddos_multi_04,,generator_ground_truth,docker_multihost,2,1,-0.0,0.6794,0.0,1,-0.0
ddos_multi_04__benign_udpspoof_15,0,1789389950.1770449,real,ddos_multi_04,,generator_ground_truth,docker_multihost,3,1,-0.0,0.9438,0.2644,1,-0.0
ddos_multi_04__benign_udpspoof_15,0,1789389950.317045,real,ddos_multi_04,,generator_ground_truth,docker_multihost,3,1,-0.0,0.9438,0.2644,1,-0.0
ddos_multi_04__benign_udpspoof_15,0,1789389950.457045,real,ddos_multi_04,,generator_ground_truth,docker_multihost,3,1,-0.0,0.9438,0.2644,1,-0.0
ddos_multi_04__benign_udpspoof_15,0,1789389950.5970452,real,ddos_multi_04,,generator_ground_truth,docker_multihost,3,1,-0.0,0.9438,0.2644,1,-0.0
ddos_multi_04__benign_udpspoof_15,0,1789389950.7370453,real,ddos_multi_04,,generator_ground_truth,docker_multihost,3,1,-0.0,0.9438,0.2644,1,-0.0
ddos_multi_04__benign_udpspoof_15,0,1789389950.8770454,real,ddos_multi_04,,generator_ground_truth,docker_multihost,3,1,-0.0,0.9438,0.2644,1,-0.0
ddos_multi_04__benign_udpspoof_15,0,1789389951.0170455,real,ddos_multi_04,,generator_ground_truth,docker_multihost,3,1,-0.0,0.9438,0.2644,1,-0.0
ddos_multi_04__benign_udpspoof_15,0,1789389951.1570456,real,ddos_multi_04,,generator_ground_truth,docker_multihost,4,1,-0.0,0.9775,0.2211,1,-0.0
ddos_multi_04__benign_udpspoof_15,0,1789389951.2970457,real,ddos_multi_04,,generator_ground_truth,docker_multihost,4,1,-0.0,0.9775,0.2211,1,-0.0
ddos_multi_04__benign_udpspoof_15,0,1789389951.4370458,real,ddos_multi_04,,generator_ground_truth,docker_multihost,4,1,-0.0,0.9775,0.2211,1,-0.0
ddos_multi_04__benign_udpspoof_15,0,1789389951.577046,real,ddos_multi_04,,generator_ground_truth,docker_multihost,4,1,-0.0,0.9775,0.2211,1,-0.0
ddos_multi_04__benign_udpspoof_15,0,1789389951.717046,real,ddos_multi_04,,generator_ground_truth,docker_multihost,4,1,-0.0,0.9775,0.2211,1,-0.0
ddos_multi_04__benign_udpspoof_15,0,1789389951.8570461,real,ddos_multi_04,,generator_ground_truth,docker_multihost,4,1,-0.0,0.9775,0.2211,1,-0.0
ddos_multi_04__benign_udpspoof_15,0,1789389951.9970462,real,ddos_multi_04,,generator_ground_truth,docker_multihost,4,1,-0.0,0.9775,0.2211,1,-0.0
ddos_multi_04__benign_udpspoof_15,0,1789389952.1370463,real,ddos_multi_04,,generator_ground_truth,docker_multihost,4,1,-0.0,0.9775,0.2211,1,-0.0
ddos_multi_04__benign_udpspoof_15,0,1789389952.2770464,real,ddos_multi_04,,generator_ground_truth,docker_multihost,5,1,-0.0,1.0064,0.1979,1,-0.0
ddos_multi_04__benign_udpspoof_15,0,1789389952.4170465,real,ddos_multi_04,,generator_ground_truth,docker_multihost,5,1,-0.0,1.0064,0.1979,1,-0.0
ddos_multi_04__benign_udpspoof_15,0,1789389952.5570467,real,ddos_multi_04,,generator_ground_truth,docker_multihost,5,1,-0.0,1.0064,0.1979,1,-0.0
ddos_multi_04__benign_udpspoof_15,0,1789389952.6970468,real,ddos_multi_04,,generator_ground_truth,docker_multihost,5,1,-0.0,1.0064,0.1979,1,-0.0
ddos_multi_04__benign_udpspoof_15,0,1789389952.8370469,real,ddos_multi_04,,generator_ground_truth,docker_multihost,5,1,-0.0,1.0064,0.1979,1,-0.0
ddos_multi_04__benign_udpspoof_15,0,1789389952.977047,real,ddos_multi_04,,generator_ground_truth,docker_multihost,5,1,-0.0,1.0064,0.1979,1,-0.0
ddos_multi_04__benign_udpspoof_15,0,1789389953.117047,real,ddos_multi_04,,generator_ground_truth,docker_multihost,5,1,-0.0,1.0064,0.1979,1,-0.0
ddos_multi_04__benign_udpspoof_15,0,1789389953.2570472,real,ddos_multi_04,,generator_ground_truth,docker_multihost,5,1,-0.0,1.0064,0.1979,1,-0.0
ddos_multi_04__benign_udpspoof_15,0,1789389953.3970473,real,ddos_multi_04,,generator_ground_truth,docker_multihost,5,1,-0.0,1.0064,0.1979,1,-0.0
ddos_multi_04__benign_udpspoof_15,0,1789389953.5370474,real,ddos_multi_04,,generator_ground_truth,docker_multihost,5,1,-0.0,1.0064,0.1979,1,-0.0
ddos_multi_04__benign_udpspoof_15,0,1789389953.6770475,real,ddos_multi_04,,generator_ground_truth,docker_multihost,6,1,-0.0,1.0941,0.2493,1,-0.0
ddos_multi_04__benign_udpspoof_15,0,1789389953.8170476,real,ddos_multi_04,,generator_ground_truth,docker_multihost,6,1,-0.0,1.0941,0.2493,1,-0.0
ddos_multi_04__benign_udpspoof_15,0,1789389953.9570477,real,ddos_multi_04,,generator_ground_truth,docker_multihost,6,1,-0.0,1.0941,0.2493,1,-0.0
ddos_multi_04__benign_udpspoof_15,0,1789389954.0970478,real,ddos_multi_04,,generator_ground_truth,docker_multihost,6,1,-0.0,1.0941,0.2493,1,-0.0
ddos_multi_04__benign_udpspoof_15,0,1789389954.237048,real,ddos_multi_04,,generator_ground_truth,docker_multihost,6,1,-0.0,1.0941,0.2493,1,-0.0
ddos_multi_04__benign_udpspoof_15,0,1789389954.377048,real,ddos_multi_04,,generator_ground_truth,docker_multihost,6,1,-0.0,1.0941,0.2493,1,-0.0
ddos_multi_04__benign_udpspoof_15,0,1789389954.5170481,real,ddos_multi_04,,generator_ground_truth,docker_multihost,7,1,-0.0,1.0471,0.2506,1,-0.0
ddos_multi_04__benign_udpspoof_15,0,1789389954.6570482,real,ddos_multi_04,,generator_ground_truth,docker_multihost,7,1,-0.0,1.0471,0.2506,1,-0.0
ddos_multi_04__benign_udpspoof_15,0,1789389954.7970483,real,ddos_multi_04,,generator_ground_truth,docker_multihost,7,1,-0.0,1.0471,0.2506,1,-0.0
ddos_multi_04__benign_udpspoof_15,0,1789389954.9370484,real,ddos_multi_04,,generator_ground_truth,docker_multihost,7,1,-0.0,1.0471,0.2506,1,-0.0
ddos_multi_04__benign_udpspoof_15,0,1789389955.0770485,real,ddos_multi_04,,generator_ground_truth,docker_multihost,7,1,-0.0,1.0471,0.2506,1,-0.0
ddos_multi_04__benign_udpspoof_15,0,1789389955.2170486,real,ddos_multi_04,,generator_ground_truth,docker_multihost,7,1,-0.0,1.0471,0.2506,1,-0.0
ddos_multi_04__benign_udpspoof_15,0,1789389955.3570487,real,ddos_multi_04,,generator_ground_truth,docker_multihost,7,1,-0.0,1.0471,0.2506,1,-0.0
ddos_multi_04__benign_udpspoof_15,0,1789389955.4970489,real,ddos_multi_04,,generator_ground_truth,docker_multihost,7,1,-0.0,1.0471,0.2506,1,-0.0
ddos_multi_04__benign_udpspoof_15,0,1789389955.637049,real,ddos_multi_04,,generator_ground_truth,docker_multihost,8,1,-0.0,1.061,0.2345,1,-0.0
ddos_multi_04__benign_udpspoof_15,0,1789389955.777049,real,ddos_multi_04,,generator_ground_truth,docker_multihost,8,1,-0.0,1.061,0.2345,1,-0.0
ddos_multi_04__benign_udpspoof_15,0,1789389955.9170492,real,ddos_multi_04,,generator_ground_truth,docker_multihost,8,1,-0.0,1.061,0.2345,1,-0.0
ddos_multi_04__benign_udpspoof_15,0,1789389956.0570493,real,ddos_multi_04,,generator_ground_truth,docker_multihost,8,1,-0.0,1.061,0.2345,1,-0.0
ddos_multi_04__benign_udpspoof_15,0,1789389956.1970494,real,ddos_multi_04,,generator_ground_truth,docker_multihost,8,1,-0.0,1.061,0.2345,1,-0.0
ddos_multi_04__benign_udpspoof_15,0,1789389956.3370495,real,ddos_multi_04,,generator_ground_truth,docker_multihost,8,1,-0.0,1.061,0.2345,1,-0.0
ddos_multi_04__benign_udpspoof_15,0,1789389956.4770496,real,ddos_multi_04,,generator_ground_truth,docker_multihost,9,1,-0.0,1.0221,0.2423,1,-0.0
ddos_multi_04__benign_udpspoof_15,0,1789389956.6170497,real,ddos_multi_04,,generator_ground_truth,docker_multihost,9,1,-0.0,1.0221,0.2423,1,-0.0
ddos_multi_04__benign_udpspoof_15,0,1789389956.7570498,real,ddos_multi_04,,generator_ground_truth,docker_multihost,9,1,-0.0,1.0221,0.2423,1,-0.0
ddos_multi_04__benign_udpspoof_15,0,1789389956.89705,real,ddos_multi_04,,generator_ground_truth,docker_multihost,9,1,-0.0,1.0221,0.2423,1,-0.0
ddos_multi_04__benign_udpspoof_15,0,1789389957.03705,real,ddos_multi_04,,generator_ground_truth,docker_multihost,9,1,-0.0,1.0221,0.2423,1,-0.0
ddos_multi_04__benign_udpspoof_15,0,1789389957.17705,real,ddos_multi_04,,generator_ground_truth,docker_multihost,9,1,-0.0,1.0221,0.2423,1,-0.0
ddos_multi_04__benign_udpspoof_15,0,1789389957.3170502,real,ddos_multi_04,,generator_ground_truth,docker_multihost,9,1,-0.0,1.0221,0.2423,1,-0.0
ddos_multi_04__benign_udpspoof_15,0,1789389957.4570503,real,ddos_multi_04,,generator_ground_truth,docker_multihost,9,1,-0.0,1.0221,0.2423,1,-0.0
ddos_multi_04__benign_udpspoof_15,0,1789389957.5970504,real,ddos_multi_04,,generator_ground_truth,docker_multihost,10,1,-0.0,1.0311,0.2299,1,-0.0
ddos_multi_04__benign_udpspoof_15,0,1789389957.7370505,real,ddos_multi_04,,generator_ground_truth,docker_multihost,10,1,-0.0,1.0311,0.2299,1,-0.0
ddos_multi_04__benign_udpspoof_15,0,1789389957.8770506,real,ddos_multi_04,,generator_ground_truth,docker_multihost,10,1,-0.0,1.0311,0.2299,1,-0.0
ddos_multi_04__benign_udpspoof_15,0,1789389958.0170507,real,ddos_multi_04,,generator_ground_truth,docker_multihost,10,1,-0.0,1.0311,0.2299,1,-0.0
ddos_multi_04__benign_udpspoof_15,0,1789389958.1570508,real,ddos_multi_04,,generator_ground_truth,docker_multihost,10,1,-0.0,1.0311,0.2299,1,-0.0
ddos_multi_04__benign_udpspoof_15,0,1789389958.297051,real,ddos_multi_04,,generator_ground_truth,docker_multihost,9,1,-0.0,1.0751,0.2051,1,-0.0
ddos_multi_04__benign_udpspoof_15,0,1789389958.437051,real,ddos_multi_04,,generator_ground_truth,docker_multihost,9,1,-0.0,1.0751,0.2051,1,-0.0
ddos_multi_04__benign_udpspoof_15,0,1789389958.5770512,real,ddos_multi_04,,generator_ground_truth,docker_multihost,9,1,-0.0,1.0751,0.2051,1,-0.0
ddos_multi_04__benign_udpspoof_15,0,1789389958.7170513,real,ddos_multi_04,,generator_ground_truth,docker_multihost,9,1,-0.0,1.0751,0.2051,1,-0.0
ddos_multi_04__benign_udpspoof_15,0,1789389958.8570514,real,ddos_multi_04,,generator_ground_truth,docker_multihost,9,1,-0.0,1.0751,0.2051,1,-0.0
ddos_multi_04__benign_udpspoof_15,0,1789389958.9970515,real,ddos_multi_04,,generator_ground_truth,docker_multihost,9,1,-0.0,1.1109,0.2461,1,-0.0
ddos_multi_04__benign_udpspoof_15,0,1789389959.1370516,real,ddos_multi_04,,generator_ground_truth,docker_multihost,9,1,-0.0,1.1109,0.2461,1,-0.0
ddos_multi_04__benign_udpspoof_15,0,1789389959.2770517,real,ddos_multi_04,,generator_ground_truth,docker_multihost,9,1,-0.0,1.1109,0.2461,1,-0.0
ddos_multi_04__benign_udpspoof_15,0,1789389959.4170518,real,ddos_multi_04,,generator_ground_truth,docker_multihost,9,1,-0.0,1.1109,0.2461,1,-0.0
ddos_multi_04__benign_udpspoof_15,0,1789389959.557052,real,ddos_multi_04,,generator_ground_truth,docker_multihost,9,1,-0.0,1.1109,0.2461,1,-0.0
ddos_multi_04__benign_udpspoof_15,0,1789389959.697052,real,ddos_multi_04,,generator_ground_truth,docker_multihost,10,1,-0.0,1.0518,0.286,1,-0.0
ddos_multi_04__benign_udpspoof_15,0,1789389959.837052,real,ddos_multi_04,,generator_ground_truth,docker_multihost,10,1,-0.0,1.0518,0.286,1,-0.0
ddos_multi_04__benign_udpspoof_15,0,1789389959.9770522,real,ddos_multi_04,,generator_ground_truth,docker_multihost,10,1,-0.0,1.0518,0.286,1,-0.0
ddos_multi_04__benign_udpspoof_15,0,1789389960.1170523,real,ddos_multi_04,,generator_ground_truth,docker_multihost,9,1,-0.0,1.0527,0.3033,1,-0.0
ddos_multi_04__benign_udpspoof_15,0,1789389960.2570524,real,ddos_multi_04,,generator_ground_truth,docker_multihost,9,1,-0.0,1.0527,0.3033,1,-0.0
ddos_multi_04__benign_udpspoof_15,0,1789389960.3970525,real,ddos_multi_04,,generator_ground_truth,docker_multihost,9,1,-0.0,1.0527,0.3033,1,-0.0
ddos_multi_04__benign_udpspoof_15,0,1789389960.5370526,real,ddos_multi_04,,generator_ground_truth,docker_multihost,9,1,-0.0,1.0527,0.3033,1,-0.0
ddos_multi_04__benign_udpspoof_15,0,1789389960.6770527,real,ddos_multi_04,,generator_ground_truth,docker_multihost,10,1,-0.0,1.06,0.2867,1,-0.0
ddos_multi_04__benign_udpspoof_15,0,1789389960.8170528,real,ddos_multi_04,,generator_ground_truth,docker_multihost,10,1,-0.0,1.06,0.2867,1,-0.0
ddos_multi_04__benign_udpspoof_15,0,1789389960.957053,real,ddos_multi_04,,generator_ground_truth,docker_multihost,10,1,-0.0,1.06,0.2867,1,-0.0
ddos_multi_04__benign_udpspoof_15,0,1789389961.097053,real,ddos_multi_04,,generator_ground_truth,docker_multihost,10,1,-0.0,1.06,0.2867,1,-0.0
ddos_multi_04__benign_udpspoof_15,0,1789389961.2370532,real,ddos_multi_04,,generator_ground_truth,docker_multihost,9,1,-0.0,1.0559,0.3038,1,-0.0
ddos_multi_04__benign_udpspoof_15,0,1789389961.3770533,real,ddos_multi_04,,generator_ground_truth,docker_multihost,9,1,-0.0,1.0559,0.3038,1,-0.0
ddos_multi_04__benign_udpspoof_15,0,1789389961.5170534,real,ddos_multi_04,,generator_ground_truth,docker_multihost,9,1,-0.0,1.0559,0.3038,1,-0.0
ddos_multi_04__benign_udpspoof_15,0,1789389961.6570535,real,ddos_multi_04,,generator_ground_truth,docker_multihost,9,1,-0.0,1.0559,0.3038,1,-0.0
ddos_multi_04__benign_udpspoof_15,0,1789389961.7970536,real,ddos_multi_04,,generator_ground_truth,docker_multihost,9,1,-0.0,1.0559,0.3038,1,-0.0
ddos_multi_04__benign_udpspoof_15,0,1789389961.9370537,real,ddos_multi_04,,generator_ground_truth,docker_multihost,9,1,-0.0,1.0559,0.3038,1,-0.0
ddos_multi_04__benign_udpspoof_15,0,1789389962.0770538,real,ddos_multi_04,,generator_ground_truth,docker_multihost,9,1,-0.0,1.0559,0.3038,1,-0.0
ddos_multi_04__benign_udpspoof_15,0,1789389962.217054,real,ddos_multi_04,,generator_ground_truth,docker_multihost,10,1,-0.0,1.1006,0.3131,1,-0.0
ddos_multi_04__benign_udpspoof_15,0,1789389962.357054,real,ddos_multi_04,,generator_ground_truth,docker_multihost,9,1,-0.0,1.0575,0.306,1,-0.0
ddos_multi_04__benign_udpspoof_15,0,1789389962.497054,real,ddos_multi_04,,generator_ground_truth,docker_multihost,9,1,-0.0,1.0575,0.306,1,-0.0
ddos_multi_04__benign_udpspoof_15,0,1789389962.6370542,real,ddos_multi_04,,generator_ground_truth,docker_multihost,9,1,-0.0,1.0575,0.306,1,-0.0
ddos_multi_04__benign_udpspoof_15,0,1789389962.7770543,real,ddos_multi_04,,generator_ground_truth,docker_multihost,9,1,-0.0,1.0575,0.306,1,-0.0
ddos_multi_04__benign_udpspoof_15,0,1789389962.9170544,real,ddos_multi_04,,generator_ground_truth,docker_multihost,9,1,-0.0,1.0575,0.306,1,-0.0
ddos_multi_04__benign_udpspoof_15,0,1789389963.0570545,real,ddos_multi_04,,generator_ground_truth,docker_multihost,9,1,-0.0,1.0575,0.306,1,-0.0
ddos_multi_04__benign_udpspoof_15,0,1789389963.1970546,real,ddos_multi_04,,generator_ground_truth,docker_multihost,9,1,-0.0,1.0575,0.306,1,-0.0
ddos_multi_04__benign_udpspoof_15,0,1789389963.3370547,real,ddos_multi_04,,generator_ground_truth,docker_multihost,9,1,-0.0,1.0575,0.306,1,-0.0
ddos_multi_04__benign_udpspoof_15,0,1789389963.4770548,real,ddos_multi_04,,generator_ground_truth,docker_multihost,10,1,-0.0,1.0875,0.3007,1,-0.0
ddos_multi_04__benign_udpspoof_15,0,1789389963.617055,real,ddos_multi_04,,generator_ground_truth,docker_multihost,10,1,-0.0,1.0875,0.3007,1,-0.0
ddos_multi_04__benign_udpspoof_15,0,1789389963.757055,real,ddos_multi_04,,generator_ground_truth,docker_multihost,9,1,-0.0,1.1219,0.3017,1,-0.0
ddos_multi_04__benign_udpspoof_15,0,1789389963.8970551,real,ddos_multi_04,,generator_ground_truth,docker_multihost,9,1,-0.0,1.1219,0.3017,1,-0.0
ddos_multi_04__benign_udpspoof_15,0,1789389964.0370553,real,ddos_multi_04,,generator_ground_truth,docker_multihost,9,1,-0.0,1.1219,0.3017,1,-0.0
ddos_multi_04__benign_udpspoof_15,0,1789389964.1770554,real,ddos_multi_04,,generator_ground_truth,docker_multihost,9,1,-0.0,1.1219,0.3017,1,-0.0
ddos_multi_04__benign_udpspoof_15,0,1789389964.3170555,real,ddos_multi_04,,generator_ground_truth,docker_multihost,10,1,-0.0,1.0787,0.3096,1,-0.0
ddos_multi_04__benign_udpspoof_15,0,1789389964.4570556,real,ddos_multi_04,,generator_ground_truth,docker_multihost,10,1,-0.0,1.0787,0.3096,1,-0.0
ddos_multi_04__benign_udpspoof_15,0,1789389964.5970557,real,ddos_multi_04,,generator_ground_truth,docker_multihost,9,1,-0.0,1.0705,0.3275,1,-0.0
ddos_multi_04__benign_udpspoof_15,0,1789389964.7370558,real,ddos_multi_04,,generator_ground_truth,docker_multihost,9,1,-0.0,1.0705,0.3275,1,-0.0
ddos_multi_04__benign_udpspoof_15,0,1789389964.877056,real,ddos_multi_04,,generator_ground_truth,docker_multihost,9,1,-0.0,1.0705,0.3275,1,-0.0
ddos_multi_04__ddos_spoofed_15,1,1789389966.0489464,real,ddos_multi_04,spoofed_flood,generator_ground_truth,docker_multihost,45,1,-0.0,0.0031,0.0001,45,5.4919
ddos_multi_04__ddos_spoofed_15,1,1789389966.1889465,real,ddos_multi_04,spoofed_flood,generator_ground_truth,docker_multihost,90,1,-0.0,0.0031,0.0,90,6.4919
ddos_multi_04__ddos_spoofed_15,1,1789389966.3289466,real,ddos_multi_04,spoofed_flood,generator_ground_truth,docker_multihost,135,1,-0.0,0.0031,0.0001,135,7.0768
ddos_multi_04__ddos_spoofed_15,1,1789389966.4689467,real,ddos_multi_04,spoofed_flood,generator_ground_truth,docker_multihost,179,1,-0.0,0.0031,0.0001,179,7.4838
ddos_multi_04__ddos_spoofed_15,1,1789389966.6089468,real,ddos_multi_04,spoofed_flood,generator_ground_truth,docker_multihost,224,1,-0.0,0.0031,0.0001,224,7.8074
ddos_multi_04__ddos_spoofed_15,1,1789389966.748947,real,ddos_multi_04,spoofed_flood,generator_ground_truth,docker_multihost,268,1,-0.0,0.0031,0.0001,268,8.0661
ddos_multi_04__ddos_spoofed_15,1,1789389966.888947,real,ddos_multi_04,spoofed_flood,generator_ground_truth,docker_multihost,313,1,-0.0,0.0031,0.0001,313,8.29
ddos_multi_04__ddos_spoofed_15,1,1789389967.028947,real,ddos_multi_04,spoofed_flood,generator_ground_truth,docker_multihost,357,1,-0.0,0.0031,0.0001,357,8.4798
ddos_multi_04__ddos_spoofed_15,1,1789389967.1689472,real,ddos_multi_04,spoofed_flood,generator_ground_truth,docker_multihost,402,1,-0.0,0.0031,0.0001,402,8.6511
ddos_multi_04__ddos_spoofed_15,1,1789389967.3089473,real,ddos_multi_04,spoofed_flood,generator_ground_truth,docker_multihost,446,1,-0.0,0.0031,0.0002,446,8.8009
ddos_multi_04__ddos_spoofed_15,1,1789389967.4489474,real,ddos_multi_04,spoofed_flood,generator_ground_truth,docker_multihost,490,1,-0.0,0.0031,0.0002,490,8.9366
ddos_multi_04__ddos_spoofed_15,1,1789389967.5889475,real,ddos_multi_04,spoofed_flood,generator_ground_truth,docker_multihost,536,1,-0.0,0.0031,0.0002,536,9.0661
ddos_multi_04__ddos_spoofed_15,1,1789389967.7289476,real,ddos_multi_04,spoofed_flood,generator_ground_truth,docker_multihost,581,1,-0.0,0.0031,0.0002,581,9.1824
ddos_multi_04__ddos_spoofed_15,1,1789389967.8689477,real,ddos_multi_04,spoofed_flood,generator_ground_truth,docker_multihost,626,1,-0.0,0.0031,0.0002,626,9.29
ddos_multi_04__ddos_spoofed_15,1,1789389968.0089478,real,ddos_multi_04,spoofed_flood,generator_ground_truth,docker_multihost,672,1,-0.0,0.0031,0.0001,672,9.3923
ddos_multi_04__ddos_spoofed_15,1,1789389968.148948,real,ddos_multi_04,spoofed_flood,generator_ground_truth,docker_multihost,716,1,-0.0,0.0031,0.0001,716,9.4838
ddos_multi_04__ddos_spoofed_15,1,1789389968.288948,real,ddos_multi_04,spoofed_flood,generator_ground_truth,docker_multihost,761,1,-0.0,0.0031,0.0002,761,9.5718
ddos_multi_04__ddos_spoofed_15,1,1789389968.4289482,real,ddos_multi_04,spoofed_flood,generator_ground_truth,docker_multihost,805,1,-0.0,0.0031,0.0002,805,9.6528
ddos_multi_04__ddos_spoofed_15,1,1789389968.5689483,real,ddos_multi_04,spoofed_flood,generator_ground_truth,docker_multihost,850,1,-0.0,0.0031,0.0002,850,9.7313
ddos_multi_04__ddos_spoofed_15,1,1789389968.7089484,real,ddos_multi_04,spoofed_flood,generator_ground_truth,docker_multihost,894,1,-0.0,0.0031,0.0002,894,9.8041
ddos_multi_04__ddos_spoofed_15,1,1789389968.8489485,real,ddos_multi_04,spoofed_flood,generator_ground_truth,docker_multihost,939,1,-0.0,0.0031,0.0002,939,9.875
ddos_multi_04__ddos_spoofed_15,1,1789389968.9889486,real,ddos_multi_04,spoofed_flood,generator_ground_truth,docker_multihost,983,1,-0.0,0.0031,0.0002,983,9.941
ddos_multi_04__ddos_spoofed_15,1,1789389969.1289487,real,ddos_multi_04,spoofed_flood,generator_ground_truth,docker_multihost,1029,1,-0.0,0.0031,0.0002,1029,10.007
ddos_multi_04__ddos_spoofed_15,1,1789389969.2689488,real,ddos_multi_04,spoofed_flood,generator_ground_truth,docker_multihost,1073,1,-0.0,0.0031,0.0002,1073,10.0674
ddos_multi_04__ddos_spoofed_15,1,1789389969.408949,real,ddos_multi_04,spoofed_flood,generator_ground_truth,docker_multihost,1116,1,-0.0,0.0031,0.0002,1116,10.1241
ddos_multi_04__ddos_spoofed_15,1,1789389969.548949,real,ddos_multi_04,spoofed_flood,generator_ground_truth,docker_multihost,1161,1,-0.0,0.0031,0.0002,1161,10.1812
ddos_multi_04__ddos_spoofed_15,1,1789389969.688949,real,ddos_multi_04,spoofed_flood,generator_ground_truth,docker_multihost,1206,1,-0.0,0.0031,0.0002,1206,10.236
ddos_multi_04__ddos_spoofed_15,1,1789389969.8289492,real,ddos_multi_04,spoofed_flood,generator_ground_truth,docker_multihost,1250,1,-0.0,0.0031,0.0002,1250,10.2877
ddos_multi_04__ddos_spoofed_15,1,1789389969.9689493,real,ddos_multi_04,spoofed_flood,generator_ground_truth,docker_multihost,1295,1,-0.0,0.0031,0.0002,1295,10.3387
ddos_multi_04__ddos_spoofed_15,1,1789389970.1089494,real,ddos_multi_04,spoofed_flood,generator_ground_truth,docker_multihost,1339,1,-0.0,0.0031,0.0002,1339,10.3869
ddos_multi_04__ddos_spoofed_15,1,1789389970.2489495,real,ddos_multi_04,spoofed_flood,generator_ground_truth,docker_multihost,1383,1,-0.0,0.0031,0.0002,1383,10.4336
ddos_multi_04__ddos_spoofed_15,1,1789389970.3889496,real,ddos_multi_04,spoofed_flood,generator_ground_truth,docker_multihost,1427,1,-0.0,0.0031,0.0002,1427,10.4788
ddos_multi_04__ddos_spoofed_15,1,1789389970.5289497,real,ddos_multi_04,spoofed_flood,generator_ground_truth,docker_multihost,1471,1,-0.0,0.0031,0.0002,1471,10.5226
ddos_multi_04__ddos_spoofed_15,1,1789389970.6689498,real,ddos_multi_04,spoofed_flood,generator_ground_truth,docker_multihost,1516,1,-0.0,0.0031,0.0002,1516,10.5661
ddos_multi_04__ddos_spoofed_15,1,1789389970.80895,real,ddos_multi_04,spoofed_flood,generator_ground_truth,docker_multihost,1562,1,-0.0,0.0031,0.0002,1562,10.6092
ddos_multi_04__ddos_spoofed_15,1,1789389970.94895,real,ddos_multi_04,spoofed_flood,generator_ground_truth,docker_multihost,1607,1,-0.0,0.0031,0.0002,1607,10.6502
ddos_multi_04__ddos_spoofed_15,1,1789389971.0889502,real,ddos_multi_04,spoofed_flood,generator_ground_truth,docker_multihost,1651,1,-0.0,0.0031,0.0002,1651,10.6891
ddos_multi_04__ddos_spoofed_15,1,1789389971.2289503,real,ddos_multi_04,spoofed_flood,generator_ground_truth,docker_multihost,1696,1,-0.0,0.0031,0.0002,1696,10.7279
ddos_multi_04__ddos_spoofed_15,1,1789389971.3689504,real,ddos_multi_04,spoofed_flood,generator_ground_truth,docker_multihost,1740,1,-0.0,0.0031,0.0002,1740,10.7649
ddos_multi_04__ddos_spoofed_15,1,1789389971.5089505,real,ddos_multi_04,spoofed_flood,generator_ground_truth,docker_multihost,1786,1,-0.0,0.0031,0.0002,1786,10.8025
ddos_multi_04__ddos_spoofed_15,1,1789389971.6489506,real,ddos_multi_04,spoofed_flood,generator_ground_truth,docker_multihost,1832,1,-0.0,0.0031,0.0002,1832,10.8392
ddos_multi_04__ddos_spoofed_15,1,1789389971.7889507,real,ddos_multi_04,spoofed_flood,generator_ground_truth,docker_multihost,1876,1,-0.0,0.0031,0.0002,1876,10.8734
ddos_multi_04__ddos_spoofed_15,1,1789389971.9289508,real,ddos_multi_04,spoofed_flood,generator_ground_truth,docker_multihost,1921,1,-0.0,0.0031,0.0002,1921,10.9076
ddos_multi_04__ddos_spoofed_15,1,1789389972.068951,real,ddos_multi_04,spoofed_flood,generator_ground_truth,docker_multihost,1967,1,-0.0,0.0031,0.0002,1967,10.9418
ddos_multi_04__ddos_spoofed_15,1,1789389972.208951,real,ddos_multi_04,spoofed_flood,generator_ground_truth,docker_multihost,2010,1,-0.0,0.0031,0.0002,2010,10.973
ddos_multi_04__ddos_spoofed_15,1,1789389972.348951,real,ddos_multi_04,spoofed_flood,generator_ground_truth,docker_multihost,2054,1,-0.0,0.0031,0.0002,2054,11.0042
ddos_multi_04__ddos_spoofed_15,1,1789389972.4889512,real,ddos_multi_04,spoofed_flood,generator_ground_truth,docker_multihost,2097,1,-0.0,0.0031,0.0002,2097,11.0341
ddos_multi_04__ddos_spoofed_15,1,1789389972.6289513,real,ddos_multi_04,spoofed_flood,generator_ground_truth,docker_multihost,2142,1,-0.0,0.0031,0.0002,2142,11.0647
ddos_multi_04__ddos_spoofed_15,1,1789389972.7689514,real,ddos_multi_04,spoofed_flood,generator_ground_truth,docker_multihost,2186,1,-0.0,0.0031,0.0002,2186,11.0941
ddos_multi_04__ddos_spoofed_15,1,1789389972.9089515,real,ddos_multi_04,spoofed_flood,generator_ground_truth,docker_multihost,2230,1,-0.0,0.0031,0.0002,2230,11.1228
ddos_multi_04__ddos_spoofed_15,1,1789389973.0489516,real,ddos_multi_04,spoofed_flood,generator_ground_truth,docker_multihost,2274,1,-0.0,0.0031,0.0002,2274,11.151
ddos_multi_04__ddos_spoofed_15,1,1789389973.1889517,real,ddos_multi_04,spoofed_flood,generator_ground_truth,docker_multihost,2317,1,-0.0,0.0031,0.0002,2317,11.178
ddos_multi_04__ddos_spoofed_15,1,1789389973.3289518,real,ddos_multi_04,spoofed_flood,generator_ground_truth,docker_multihost,2361,1,-0.0,0.0031,0.0002,2361,11.2052
ddos_multi_04__ddos_spoofed_15,1,1789389973.468952,real,ddos_multi_04,spoofed_flood,generator_ground_truth,docker_multihost,2405,1,-0.0,0.0031,0.0002,2405,11.2318
ddos_multi_04__ddos_spoofed_15,1,1789389973.608952,real,ddos_multi_04,spoofed_flood,generator_ground_truth,docker_multihost,2450,1,-0.0,0.0031,0.0002,2450,11.2586
ddos_multi_04__ddos_spoofed_15,1,1789389973.7489522,real,ddos_multi_04,spoofed_flood,generator_ground_truth,docker_multihost,2494,1,-0.0,0.0031,0.0002,2494,11.2842
ddos_multi_04__ddos_spoofed_15,1,1789389973.8889523,real,ddos_multi_04,spoofed_flood,generator_ground_truth,docker_multihost,2538,1,-0.0,0.0031,0.0002,2538,11.3095
ddos_multi_04__ddos_spoofed_15,1,1789389974.0289524,real,ddos_multi_04,spoofed_flood,generator_ground_truth,docker_multihost,2584,1,-0.0,0.0031,0.0002,2584,11.3354
ddos_multi_04__ddos_spoofed_15,1,1789389974.1689525,real,ddos_multi_04,spoofed_flood,generator_ground_truth,docker_multihost,2630,1,-0.0,0.0031,0.0002,2630,11.3608
ddos_multi_04__ddos_spoofed_15,1,1789389974.3089526,real,ddos_multi_04,spoofed_flood,generator_ground_truth,docker_multihost,2674,1,-0.0,0.0031,0.0002,2674,11.3848
ddos_multi_04__ddos_spoofed_15,1,1789389974.4489527,real,ddos_multi_04,spoofed_flood,generator_ground_truth,docker_multihost,2718,1,-0.0,0.0031,0.0002,2718,11.4083
ddos_multi_04__ddos_spoofed_15,1,1789389974.5889528,real,ddos_multi_04,spoofed_flood,generator_ground_truth,docker_multihost,2762,1,-0.0,0.0031,0.0002,2762,11.4315
ddos_multi_04__ddos_spoofed_15,1,1789389974.728953,real,ddos_multi_04,spoofed_flood,generator_ground_truth,docker_multihost,2807,1,-0.0,0.0031,0.0002,2807,11.4548
ddos_multi_04__ddos_spoofed_15,1,1789389974.868953,real,ddos_multi_04,spoofed_flood,generator_ground_truth,docker_multihost,2851,1,-0.0,0.0031,0.0002,2851,11.4773
ddos_multi_04__ddos_spoofed_15,1,1789389975.008953,real,ddos_multi_04,spoofed_flood,generator_ground_truth,docker_multihost,2895,1,-0.0,0.0031,0.0002,2895,11.4993
ddos_multi_04__ddos_spoofed_15,1,1789389975.1489532,real,ddos_multi_04,spoofed_flood,generator_ground_truth,docker_multihost,2939,1,-0.0,0.0031,0.0002,2939,11.5211
ddos_multi_04__ddos_spoofed_15,1,1789389975.2889533,real,ddos_multi_04,spoofed_flood,generator_ground_truth,docker_multihost,2982,1,-0.0,0.0031,0.0002,2982,11.5421
ddos_multi_04__ddos_spoofed_15,1,1789389975.4289534,real,ddos_multi_04,spoofed_flood,generator_ground_truth,docker_multihost,3027,1,-0.0,0.0031,0.0002,3027,11.5637
ddos_multi_04__ddos_spoofed_15,1,1789389975.5689535,real,ddos_multi_04,spoofed_flood,generator_ground_truth,docker_multihost,3071,1,-0.0,0.0031,0.0002,3071,11.5845
ddos_multi_04__ddos_spoofed_15,1,1789389975.7089536,real,ddos_multi_04,spoofed_flood,generator_ground_truth,docker_multihost,3115,1,-0.0,0.0031,0.0002,3115,11.605
ddos_multi_04__ddos_spoofed_15,1,1789389975.8489537,real,ddos_multi_04,spoofed_flood,generator_ground_truth,docker_multihost,3160,1,-0.0,0.0031,0.0002,3160,11.6257
ddos_multi_04__ddos_spoofed_15,1,1789389975.9889538,real,ddos_multi_04,spoofed_flood,generator_ground_truth,docker_multihost,3179,1,-0.0,0.0031,0.0002,3179,11.6344
ddos_multi_04__ddos_spoofed_15,1,1789389976.128954,real,ddos_multi_04,spoofed_flood,generator_ground_truth,docker_multihost,3178,1,-0.0,0.0031,0.0002,3178,11.6339
ddos_multi_04__ddos_spoofed_15,1,1789389976.268954,real,ddos_multi_04,spoofed_flood,generator_ground_truth,docker_multihost,3179,1,-0.0,0.0031,0.0002,3179,11.6344
ddos_multi_04__ddos_spoofed_15,1,1789389976.4089541,real,ddos_multi_04,spoofed_flood,generator_ground_truth,docker_multihost,3179,1,-0.0,0.0031,0.0002,3179,11.6344
ddos_multi_04__ddos_spoofed_15,1,1789389976.5489542,real,ddos_multi_04,spoofed_flood,generator_ground_truth,docker_multihost,3178,1,-0.0,0.0031,0.0002,3178,11.6339
ddos_multi_04__ddos_spoofed_15,1,1789389976.6889544,real,ddos_multi_04,spoofed_flood,generator_ground_truth,docker_multihost,3177,1,-0.0,0.0031,0.0002,3177,11.6334
ddos_multi_04__ddos_spoofed_15,1,1789389976.8289545,real,ddos_multi_04,spoofed_flood,generator_ground_truth,docker_multihost,3177,1,-0.0,0.0031,0.0002,3177,11.6334
ddos_multi_04__ddos_spoofed_15,1,1789389976.9689546,real,ddos_multi_04,spoofed_flood,generator_ground_truth,docker_multihost,3176,1,-0.0,0.0031,0.0002,3176,11.633
ddos_multi_04__ddos_spoofed_15,1,1789389977.1089547,real,ddos_multi_04,spoofed_flood,generator_ground_truth,docker_multihost,3175,1,-0.0,0.0031,0.0002,3175,11.6325
ddos_multi_04__ddos_spoofed_15,1,1789389977.2489548,real,ddos_multi_04,spoofed_flood,generator_ground_truth,docker_multihost,3175,1,-0.0,0.0031,0.0002,3175,11.6325
ddos_multi_04__ddos_spoofed_15,1,1789389977.3889549,real,ddos_multi_04,spoofed_flood,generator_ground_truth,docker_multihost,3176,1,-0.0,0.0031,0.0002,3176,11.633
ddos_multi_04__ddos_spoofed_15,1,1789389977.528955,real,ddos_multi_04,spoofed_flood,generator_ground_truth,docker_multihost,3174,1,-0.0,0.0032,0.0002,3174,11.6321
ddos_multi_04__ddos_spoofed_15,1,1789389977.668955,real,ddos_multi_04,spoofed_flood,generator_ground_truth,docker_multihost,3173,1,-0.0,0.0032,0.0002,3173,11.6316
ddos_multi_04__ddos_spoofed_15,1,1789389977.8089552,real,ddos_multi_04,spoofed_flood,generator_ground_truth,docker_multihost,3174,1,-0.0,0.0032,0.0002,3174,11.6321
ddos_multi_04__ddos_spoofed_15,1,1789389977.9489553,real,ddos_multi_04,spoofed_flood,generator_ground_truth,docker_multihost,3174,1,-0.0,0.0032,0.0002,3174,11.6321
ddos_multi_04__ddos_spoofed_15,1,1789389978.0889554,real,ddos_multi_04,spoofed_flood,generator_ground_truth,docker_multihost,3174,1,-0.0,0.0032,0.0002,3174,11.6321
ddos_multi_04__ddos_spoofed_15,1,1789389978.2289555,real,ddos_multi_04,spoofed_flood,generator_ground_truth,docker_multihost,3164,1,-0.0,0.0032,0.0002,3164,11.6275
ddos_multi_04__ddos_spoofed_15,1,1789389978.3689556,real,ddos_multi_04,spoofed_flood,generator_ground_truth,docker_multihost,3120,1,-0.0,0.0031,0.0002,3120,11.6073
ddos_multi_04__ddos_spoofed_15,1,1789389978.5089557,real,ddos_multi_04,spoofed_flood,generator_ground_truth,docker_multihost,3075,1,-0.0,0.0032,0.0002,3075,11.5864
ddos_multi_04__ddos_spoofed_15,1,1789389978.6489558,real,ddos_multi_04,spoofed_flood,generator_ground_truth,docker_multihost,3031,1,-0.0,0.0031,0.0002,3031,11.5656
