domain,source_folder_id,shape_hint
usyeeusiuaaayscg.org,0278ff7f-8343-4c5d-9d49-7aec506323e5,random_alnum_fixed_len
ogosgkiugcismuqu.org,0278ff7f-8343-4c5d-9d49-7aec506323e5,random_alnum_fixed_len
kukcsigcocmwcqqi.org,0278ff7f-8343-4c5d-9d49-7aec506323e5,random_alnum_fixed_len
emecmooeoikisyic.org,0278ff7f-8343-4c5d-9d49-7aec506323e5,random_alnum_fixed_len
ywweokswoqcscwaw.org,0278ff7f-8343-4c5d-9d49-7aec506323e5,random_alnum_fixed_len
yasimwemswceokmu.org,0278ff7f-8343-4c5d-9d49-7aec506323e5,random_alnum_fixed_len
gmkemwmkcqgekqem.org,0278ff7f-8343-4c5d-9d49-7aec506323e5,random_alnum_fixed_len
cigiwmysmcaswyyy.org,0278ff7f-8343-4c5d-9d49-7aec506323e5,random_alnum_fixed_len
sooayussqmgiyomq.org,0278ff7f-8343-4c5d-9d49-7aec506323e5,random_alnum_fixed_len
aemgeqyceeyegiqq.org,0278ff7f-8343-4c5d-9d49-7aec506323e5,random_alnum_fixed_len
soyyecaqoqimyoee.org,0278ff7f-8343-4c5d-9d49-7aec506323e5,random_alnum_fixed_len
mcoiwmaaquewieaa.org,0278ff7f-8343-4c5d-9d49-7aec506323e5,random_alnum_fixed_len
uswswauyceeewaie.org,0278ff7f-8343-4c5d-9d49-7aec506323e5,random_alnum_fixed_len
mcsuoagkgikugouy.org,0278ff7f-8343-4c5d-9d49-7aec506323e5,random_alnum_fixed_len
qgmwcwwccooaooek.org,0278ff7f-8343-4c5d-9d49-7aec506323e5,random_alnum_fixed_len
aakqcuyyeecuoaig.org,0278ff7f-8343-4c5d-9d49-7aec506323e5,random_alnum_fixed_len
myyaqyuueecsewis.org,0278ff7f-8343-4c5d-9d49-7aec506323e5,random_alnum_fixed_len
emokygccgyeaqccw.org,0278ff7f-8343-4c5d-9d49-7aec506323e5,random_alnum_fixed_len
uoqqqsaemeeamooo.org,0278ff7f-8343-4c5d-9d49-7aec506323e5,random_alnum_fixed_len
ocicwaymamkswaqc.org,0278ff7f-8343-4c5d-9d49-7aec506323e5,random_alnum_fixed_len
iqgsscmacsissmok.org,0278ff7f-8343-4c5d-9d49-7aec506323e5,random_alnum_fixed_len
qkyekoygmeysuwmi.org,0278ff7f-8343-4c5d-9d49-7aec506323e5,random_alnum_fixed_len
qkgsoaacmuksyisu.org,0278ff7f-8343-4c5d-9d49-7aec506323e5,random_alnum_fixed_len
emeiyueqiqykeuau.org,0278ff7f-8343-4c5d-9d49-7aec506323e5,random_alnum_fixed_len
iuayaygqomsoocqa.org,0278ff7f-8343-4c5d-9d49-7aec506323e5,random_alnum_fixed_len
iqmcmyswogmggkua.org,0278ff7f-8343-4c5d-9d49-7aec506323e5,random_alnum_fixed_len
kyuyaqcqqykkqcqw.org,0278ff7f-8343-4c5d-9d49-7aec506323e5,random_alnum_fixed_len
uocqkyaqeyqumgso.org,0278ff7f-8343-4c5d-9d49-7aec506323e5,random_alnum_fixed_len
qkswcomoegcqmyeo.org,0278ff7f-8343-4c5d-9d49-7aec506323e5,random_alnum_fixed_len
wsomiekumsmqacyg.org,0278ff7f-8343-4c5d-9d49-7aec506323e5,random_alnum_fixed_len
eiuiamuqiiqmkaos.org,0278ff7f-8343-4c5d-9d49-7aec506323e5,random_alnum_fixed_len
ywuuogikyoguiaio.org,0278ff7f-8343-4c5d-9d49-7aec506323e5,random_alnum_fixed_len
skamqimcoaowmisc.org,0278ff7f-8343-4c5d-9d49-7aec506323e5,random_alnum_fixed_len
mckyymykumuckogm.org,0278ff7f-8343-4c5d-9d49-7aec506323e5,random_alnum_fixed_len
wscyqasyaoeqiqsa.org,0278ff7f-8343-4c5d-9d49-7aec506323e5,random_alnum_fixed_len
kyimaaucwgcamyws.org,0278ff7f-8343-4c5d-9d49-7aec506323e5,random_alnum_fixed_len
emiseskkmmsysiqe.org,0278ff7f-8343-4c5d-9d49-7aec506323e5,random_alnum_fixed_len
uogcygqaasyiykuk.org,0278ff7f-8343-4c5d-9d49-7aec506323e5,random_alnum_fixed_len
myeqeuoecimawqgq.org,0278ff7f-8343-4c5d-9d49-7aec506323e5,random_alnum_fixed_len
skyeyqwiekiacgcg.org,0278ff7f-8343-4c5d-9d49-7aec506323e5,random_alnum_fixed_len
qkckuwcekseyeegy.org,0278ff7f-8343-4c5d-9d49-7aec506323e5,random_alnum_fixed_len
wskemeicmgmywcck.org,0278ff7f-8343-4c5d-9d49-7aec506323e5,random_alnum_fixed_len
kyukusogmywqewwy.org,0278ff7f-8343-4c5d-9d49-7aec506323e5,random_alnum_fixed_len
wsqmucocmuuqkecg.org,0278ff7f-8343-4c5d-9d49-7aec506323e5,random_alnum_fixed_len
qkqaqqeuiqkuousq.org,0278ff7f-8343-4c5d-9d49-7aec506323e5,random_alnum_fixed_len
kyqaokkgysisgouw.org,0278ff7f-8343-4c5d-9d49-7aec506323e5,random_alnum_fixed_len
usouwwcuykowguie.org,0278ff7f-8343-4c5d-9d49-7aec506323e5,random_alnum_fixed_len
ocwsmkuuywkmecwc.org,0278ff7f-8343-4c5d-9d49-7aec506323e5,random_alnum_fixed_len
skmowqyoeqkgwqco.org,0278ff7f-8343-4c5d-9d49-7aec506323e5,random_alnum_fixed_len
kueqeueugiiogcaw.org,0278ff7f-8343-4c5d-9d49-7aec506323e5,random_alnum_fixed_len
skumgyuswgiaeukm.org,0278ff7f-8343-4c5d-9d49-7aec506323e5,random_alnum_fixed_len
mcusigusmqoamkmu.org,0278ff7f-8343-4c5d-9d49-7aec506323e5,random_alnum_fixed_len
ocgsiysgowascaoq.org,0278ff7f-8343-4c5d-9d49-7aec506323e5,random_alnum_fixed_len
ogmwqcuiewuciykk.org,0278ff7f-8343-4c5d-9d49-7aec506323e5,random_alnum_fixed_len
iuemwwieeooqioui.org,0278ff7f-8343-4c5d-9d49-7aec506323e5,random_alnum_fixed_len
qgsoyssmmmeicomg.org,0278ff7f-8343-4c5d-9d49-7aec506323e5,random_alnum_fixed_len
iqiaeecoogmosoou.org,0278ff7f-8343-4c5d-9d49-7aec506323e5,random_alnum_fixed_len
kyggkioaauowwwum.org,0278ff7f-8343-4c5d-9d49-7aec506323e5,random_alnum_fixed_len
skgmcecyciikogge.org,0278ff7f-8343-4c5d-9d49-7aec506323e5,random_alnum_fixed_len
sowaayqwiukmciiq.org,0278ff7f-8343-4c5d-9d49-7aec506323e5,random_alnum_fixed_len
ywqomqiwwksqigoa.org,0278ff7f-8343-4c5d-9d49-7aec506323e5,random_alnum_fixed_len
kyqyuimkoigsociw.org,0278ff7f-8343-4c5d-9d49-7aec506323e5,random_alnum_fixed_len
wwocukiocqaowomk.org,0278ff7f-8343-4c5d-9d49-7aec506323e5,random_alnum_fixed_len
cieyqsqogqaqoegk.org,0278ff7f-8343-4c5d-9d49-7aec506323e5,random_alnum_fixed_len
usowqimwguowmkew.org,0278ff7f-8343-4c5d-9d49-7aec506323e5,random_alnum_fixed_len
qgsqywyauqgciuka.org,0278ff7f-8343-4c5d-9d49-7aec506323e5,random_alnum_fixed_len
ogicemsqescegiue.org,0278ff7f-8343-4c5d-9d49-7aec506323e5,random_alnum_fixed_len
mceaueuwayqyakii.org,0278ff7f-8343-4c5d-9d49-7aec506323e5,random_alnum_fixed_len
qggqscwqkecwqika.org,0278ff7f-8343-4c5d-9d49-7aec506323e5,random_alnum_fixed_len
cieqygcueumqeiuw.org,0278ff7f-8343-4c5d-9d49-7aec506323e5,random_alnum_fixed_len
aeyeccuumswkmaye.org,0278ff7f-8343-4c5d-9d49-7aec506323e5,random_alnum_fixed_len
emmokikkogicaeog.org,0278ff7f-8343-4c5d-9d49-7aec506323e5,random_alnum_fixed_len
kukiyoamccacgikk.org,0278ff7f-8343-4c5d-9d49-7aec506323e5,random_alnum_fixed_len
iumckaqkisksyocm.org,0278ff7f-8343-4c5d-9d49-7aec506323e5,random_alnum_fixed_len
eiiymgaaiiuuokkk.org,0278ff7f-8343-4c5d-9d49-7aec506323e5,random_alnum_fixed_len
kuqgimywykmusuqi.org,0278ff7f-8343-4c5d-9d49-7aec506323e5,random_alnum_fixed_len
aaecwcgwuoagukca.org,0278ff7f-8343-4c5d-9d49-7aec506323e5,random_alnum_fixed_len
aeuogysyuieoeomc.org,0278ff7f-8343-4c5d-9d49-7aec506323e5,random_alnum_fixed_len
myyagugysysoieuu.org,0278ff7f-8343-4c5d-9d49-7aec506323e5,random_alnum_fixed_len
uowqmicoassqcouc.org,0278ff7f-8343-4c5d-9d49-7aec506323e5,random_alnum_fixed_len
wsoeqkkwiwiymsgc.org,0278ff7f-8343-4c5d-9d49-7aec506323e5,random_alnum_fixed_len
uogqaiccoaeeumos.org,0278ff7f-8343-4c5d-9d49-7aec506323e5,random_alnum_fixed_len
ocmwoogakyuoyuqa.org,0278ff7f-8343-4c5d-9d49-7aec506323e5,random_alnum_fixed_len
skyikaokcgeesyoa.org,0278ff7f-8343-4c5d-9d49-7aec506323e5,random_alnum_fixed_len
kyooawiqwwwyssea.org,0278ff7f-8343-4c5d-9d49-7aec506323e5,random_alnum_fixed_len
yaimaumykssskioq.org,0278ff7f-8343-4c5d-9d49-7aec506323e5,random_alnum_fixed_len
qkcoqewqccykkkoi.org,0278ff7f-8343-4c5d-9d49-7aec506323e5,random_alnum_fixed_len
ocquomucywweugko.org,0278ff7f-8343-4c5d-9d49-7aec506323e5,random_alnum_fixed_len
iuawwsaigegcaqcg.org,0278ff7f-8343-4c5d-9d49-7aec506323e5,random_alnum_fixed_len
wsymmysqkiiciiqk.org,0278ff7f-8343-4c5d-9d49-7aec506323e5,random_alnum_fixed_len
soiqigaekguasmug.org,0278ff7f-8343-4c5d-9d49-7aec506323e5,random_alnum_fixed_len
wswgyksuekikocig.org,0278ff7f-8343-4c5d-9d49-7aec506323e5,random_alnum_fixed_len
ocaucsmkiemakeku.org,0278ff7f-8343-4c5d-9d49-7aec506323e5,random_alnum_fixed_len
kuuyyiuqwmcksiou.org,0278ff7f-8343-4c5d-9d49-7aec506323e5,random_alnum_fixed_len
eikocaoqwiyouyey.org,0278ff7f-8343-4c5d-9d49-7aec506323e5,random_alnum_fixed_len
kykugmmwgeqewcak.org,0278ff7f-8343-4c5d-9d49-7aec506323e5,random_alnum_fixed_len
gqiugaiimasscuug.org,0278ff7f-8343-4c5d-9d49-7aec506323e5,random_alnum_fixed_len
aeiqsqqmucoecwso.org,0278ff7f-8343-4c5d-9d49-7aec506323e5,random_alnum_fixed_len
eigoiwmoaosawegy.org,0278ff7f-8343-4c5d-9d49-7aec506323e5,random_alnum_fixed_len
aekymgqkkmicccqu.org,0278ff7f-8343-4c5d-9d49-7aec506323e5,random_alnum_fixed_len
emgomcukismykuui.org,0278ff7f-8343-4c5d-9d49-7aec506323e5,random_alnum_fixed_len
qkuuecogucuiegka.org,0278ff7f-8343-4c5d-9d49-7aec506323e5,random_alnum_fixed_len
mcqoqcwagaemkikq.org,0278ff7f-8343-4c5d-9d49-7aec506323e5,random_alnum_fixed_len
ogommiukwmeoowew.org,0278ff7f-8343-4c5d-9d49-7aec506323e5,random_alnum_fixed_len
myauqgwmycogoqki.org,0278ff7f-8343-4c5d-9d49-7aec506323e5,random_alnum_fixed_len
wscukwimeugoiuqq.org,0278ff7f-8343-4c5d-9d49-7aec506323e5,random_alnum_fixed_len
usicaumueogmoaia.org,0278ff7f-8343-4c5d-9d49-7aec506323e5,random_alnum_fixed_len
ciaiaaomkccayogo.org,0278ff7f-8343-4c5d-9d49-7aec506323e5,random_alnum_fixed_len
wsqeqwsmkwkqagcu.org,0278ff7f-8343-4c5d-9d49-7aec506323e5,random_alnum_fixed_len
ogcqmakscaamoqoc.org,0278ff7f-8343-4c5d-9d49-7aec506323e5,random_alnum_fixed_len
qkugiaegwssegqce.org,0278ff7f-8343-4c5d-9d49-7aec506323e5,random_alnum_fixed_len
ceaaecacssqwuuac.org,0278ff7f-8343-4c5d-9d49-7aec506323e5,random_alnum_fixed_len
wwmwoqcgeeyikqok.org,0278ff7f-8343-4c5d-9d49-7aec506323e5,random_alnum_fixed_len
aeekyooocqkcysoa.org,0278ff7f-8343-4c5d-9d49-7aec506323e5,random_alnum_fixed_len
emgumeukkgoyacmy.org,0278ff7f-8343-4c5d-9d49-7aec506323e5,random_alnum_fixed_len
aemmoekmsquammgk.org,0278ff7f-8343-4c5d-9d49-7aec506323e5,random_alnum_fixed_len
uokeycgeoiykuiqi.org,0278ff7f-8343-4c5d-9d49-7aec506323e5,random_alnum_fixed_len
qkqqcmossiwksceg.org,0278ff7f-8343-4c5d-9d49-7aec506323e5,random_alnum_fixed_len
mccawegimyquugsw.org,0278ff7f-8343-4c5d-9d49-7aec506323e5,random_alnum_fixed_len
eiwawsuqguyseqmu.org,0278ff7f-8343-4c5d-9d49-7aec506323e5,random_alnum_fixed_len
wsogakaskoiuwmum.org,0278ff7f-8343-4c5d-9d49-7aec506323e5,random_alnum_fixed_len
iuiisuqmqgiemqoo.org,0278ff7f-8343-4c5d-9d49-7aec506323e5,random_alnum_fixed_len
iqysyskwqmeisask.org,0278ff7f-8343-4c5d-9d49-7aec506323e5,random_alnum_fixed_len
aeuiiccuimygaemk.org,0278ff7f-8343-4c5d-9d49-7aec506323e5,random_alnum_fixed_len
kyqwgeoggouwayou.org,0278ff7f-8343-4c5d-9d49-7aec506323e5,random_alnum_fixed_len
ceacgseqmgemysey.org,0278ff7f-8343-4c5d-9d49-7aec506323e5,random_alnum_fixed_len
mckoscioamwwmsqc.org,0278ff7f-8343-4c5d-9d49-7aec506323e5,random_alnum_fixed_len
wwoyscgsykugcgqy.org,0278ff7f-8343-4c5d-9d49-7aec506323e5,random_alnum_fixed_len
souuaiaguwaeysyi.org,0278ff7f-8343-4c5d-9d49-7aec506323e5,random_alnum_fixed_len
ogsckcyeuugeuwcc.org,0278ff7f-8343-4c5d-9d49-7aec506323e5,random_alnum_fixed_len
kyygkogqqmoscuig.org,0278ff7f-8343-4c5d-9d49-7aec506323e5,random_alnum_fixed_len
uoosuwoceeeaqkoi.org,0278ff7f-8343-4c5d-9d49-7aec506323e5,random_alnum_fixed_len
qkgoiwwgwemagwye.org,0278ff7f-8343-4c5d-9d49-7aec506323e5,random_alnum_fixed_len
yayoyiykwockumee.org,0278ff7f-8343-4c5d-9d49-7aec506323e5,random_alnum_fixed_len
eiuseyokieuaacsw.org,0278ff7f-8343-4c5d-9d49-7aec506323e5,random_alnum_fixed_len
mcewwoysoeksyimu.org,0278ff7f-8343-4c5d-9d49-7aec506323e5,random_alnum_fixed_len
myesemmoqquwqkes.org,0278ff7f-8343-4c5d-9d49-7aec506323e5,random_alnum_fixed_len
yaywmgiouywyoaoc.org,0278ff7f-8343-4c5d-9d49-7aec506323e5,random_alnum_fixed_len
yaqkscmaigayieme.org,0278ff7f-8343-4c5d-9d49-7aec506323e5,random_alnum_fixed_len
eikmyocqauqockum.org,0278ff7f-8343-4c5d-9d49-7aec506323e5,random_alnum_fixed_len
iuammkgygwomiqau.org,0278ff7f-8343-4c5d-9d49-7aec506323e5,random_alnum_fixed_len
socuomouqysaemci.org,0278ff7f-8343-4c5d-9d49-7aec506323e5,random_alnum_fixed_len
wswaygikiuugegqq.org,0278ff7f-8343-4c5d-9d49-7aec506323e5,random_alnum_fixed_len
ywkimacqqouogogk.org,0278ff7f-8343-4c5d-9d49-7aec506323e5,random_alnum_fixed_len
ywqwqwqcmwuuamoy.org,0278ff7f-8343-4c5d-9d49-7aec506323e5,random_alnum_fixed_len
cicimcmkksksggkk.org,0278ff7f-8343-4c5d-9d49-7aec506323e5,random_alnum_fixed_len
kukuamcyiimcgciy.org,0278ff7f-8343-4c5d-9d49-7aec506323e5,random_alnum_fixed_len
gmoiuyqqyceqicgq.org,0278ff7f-8343-4c5d-9d49-7aec506323e5,random_alnum_fixed_len
cecqioakeweqcyqy.org,0278ff7f-8343-4c5d-9d49-7aec506323e5,random_alnum_fixed_len
eiccksukqaqqqgia.org,0278ff7f-8343-4c5d-9d49-7aec506323e5,random_alnum_fixed_len
gmwikygwwksgcyam.org,0278ff7f-8343-4c5d-9d49-7aec506323e5,random_alnum_fixed_len
aesieykkuecgoscq.org,0278ff7f-8343-4c5d-9d49-7aec506323e5,random_alnum_fixed_len
uoieayuqocmkaica.org,0278ff7f-8343-4c5d-9d49-7aec506323e5,random_alnum_fixed_len
myciyecekcywciaw.org,0278ff7f-8343-4c5d-9d49-7aec506323e5,random_alnum_fixed_len
qkumskoaugksgmqm.org,0278ff7f-8343-4c5d-9d49-7aec506323e5,random_alnum_fixed_len
ceskkkamiymikkig.org,0278ff7f-8343-4c5d-9d49-7aec506323e5,random_alnum_fixed_len
aaykagouqyqksgck.org,0278ff7f-8343-4c5d-9d49-7aec506323e5,random_alnum_fixed_len
kyawwmcecoeqcccc.org,0278ff7f-8343-4c5d-9d49-7aec506323e5,random_alnum_fixed_len
ywwseceqksoqksiu.org,0278ff7f-8343-4c5d-9d49-7aec506323e5,random_alnum_fixed_len
ceyeuiweokcyasco.org,0278ff7f-8343-4c5d-9d49-7aec506323e5,random_alnum_fixed_len
aagkiesmkwiucyuy.org,0278ff7f-8343-4c5d-9d49-7aec506323e5,random_alnum_fixed_len
emcsssksawqkewma.org,0278ff7f-8343-4c5d-9d49-7aec506323e5,random_alnum_fixed_len
ywkqeowqqsgomkmo.org,0278ff7f-8343-4c5d-9d49-7aec506323e5,random_alnum_fixed_len
wssiouecamyusiai.org,0278ff7f-8343-4c5d-9d49-7aec506323e5,random_alnum_fixed_len
uoaceaausuquqosq.org,0278ff7f-8343-4c5d-9d49-7aec506323e5,random_alnum_fixed_len
mymckwigisscemos.org,0278ff7f-8343-4c5d-9d49-7aec506323e5,random_alnum_fixed_len
mycskomewsmaieqw.org,0278ff7f-8343-4c5d-9d49-7aec506323e5,random_alnum_fixed_len
eiqeaskiigqmumee.org,0278ff7f-8343-4c5d-9d49-7aec506323e5,random_alnum_fixed_len
qkymqmqwmasimeoo.org,0278ff7f-8343-4c5d-9d49-7aec506323e5,random_alnum_fixed_len
kuecugksuuogoykm.org,0278ff7f-8343-4c5d-9d49-7aec506323e5,random_alnum_fixed_len
qgwqqqwquusgwuya.org,0278ff7f-8343-4c5d-9d49-7aec506323e5,random_alnum_fixed_len
mymwoqwoouaywwwu.org,0278ff7f-8343-4c5d-9d49-7aec506323e5,random_alnum_fixed_len
ogyeskuegsqmqaeq.org,0278ff7f-8343-4c5d-9d49-7aec506323e5,random_alnum_fixed_len
qgcmsgmoewssooyc.org,0278ff7f-8343-4c5d-9d49-7aec506323e5,random_alnum_fixed_len
mcyoigcmiougwsyo.org,0278ff7f-8343-4c5d-9d49-7aec506323e5,random_alnum_fixed_len
wwsiwuqsyicoyeoa.org,0278ff7f-8343-4c5d-9d49-7aec506323e5,random_alnum_fixed_len
ociucsgmwsgywags.org,0278ff7f-8343-4c5d-9d49-7aec506323e5,random_alnum_fixed_len
ywgiygwicykgkqwe.org,0278ff7f-8343-4c5d-9d49-7aec506323e5,random_alnum_fixed_len
kuiemgkwuoiiquga.org,0278ff7f-8343-4c5d-9d49-7aec506323e5,random_alnum_fixed_len
wwaugiiscmcsccew.org,0278ff7f-8343-4c5d-9d49-7aec506323e5,random_alnum_fixed_len
qkqscqygokiuecoy.org,0278ff7f-8343-4c5d-9d49-7aec506323e5,random_alnum_fixed_len
eiaaamwciwsqmcqu.org,0278ff7f-8343-4c5d-9d49-7aec506323e5,random_alnum_fixed_len
mciekcocykcmmygm.org,0278ff7f-8343-4c5d-9d49-7aec506323e5,random_alnum_fixed_len
qkyeacemuccuukcq.org,0278ff7f-8343-4c5d-9d49-7aec506323e5,random_alnum_fixed_len
wwqmoaimgqmomuqy.org,0278ff7f-8343-4c5d-9d49-7aec506323e5,random_alnum_fixed_len
aekkqcmgwyaeckic.org,0278ff7f-8343-4c5d-9d49-7aec506323e5,random_alnum_fixed_len
aakamiskimewmmgc.org,0278ff7f-8343-4c5d-9d49-7aec506323e5,random_alnum_fixed_len
ywkmkiuiommaoyoy.org,0278ff7f-8343-4c5d-9d49-7aec506323e5,random_alnum_fixed_len
aeueysamomewueok.org,0278ff7f-8343-4c5d-9d49-7aec506323e5,random_alnum_fixed_len
kyywqymmsqwyqygc.org,0278ff7f-8343-4c5d-9d49-7aec506323e5,random_alnum_fixed_len
kumoysaoqewwgsgq.org,0278ff7f-8343-4c5d-9d49-7aec506323e5,random_alnum_fixed_len
cewwycakwsoaqwik.org,0278ff7f-8343-4c5d-9d49-7aec506323e5,random_alnum_fixed_len
usggyygyocqamysy.org,0278ff7f-8343-4c5d-9d49-7aec506323e5,random_alnum_fixed_len
ocsmmiaoekgumsqe.org,0278ff7f-8343-4c5d-9d49-7aec506323e5,random_alnum_fixed_len
uocaomswosuwgqqe.org,0278ff7f-8343-4c5d-9d49-7aec506323e5,random_alnum_fixed_len
qgswgkiiamauckyq.org,0278ff7f-8343-4c5d-9d49-7aec506323e5,random_alnum_fixed_len
gqwicwguowiccmus.org,0278ff7f-8343-4c5d-9d49-7aec506323e5,random_alnum_fixed_len
iuecmssywaeqmykg.org,0278ff7f-8343-4c5d-9d49-7aec506323e5,random_alnum_fixed_len
iqggumsommqqisyq.org,0278ff7f-8343-4c5d-9d49-7aec506323e5,random_alnum_fixed_len
ocoyqeuyssowmicq.org,0278ff7f-8343-4c5d-9d49-7aec506323e5,random_alnum_fixed_len
myioqcagqoigoeuo.org,0278ff7f-8343-4c5d-9d49-7aec506323e5,random_alnum_fixed_len
ywswqmwiiaekaaqo.org,0278ff7f-8343-4c5d-9d49-7aec506323e5,random_alnum_fixed_len
ywsyaaeyeuwmwmiq.org,0278ff7f-8343-4c5d-9d49-7aec506323e5,random_alnum_fixed_len
uomoqccykakgescu.org,0278ff7f-8343-4c5d-9d49-7aec506323e5,random_alnum_fixed_len
ogikcookmucoigoc.org,0278ff7f-8343-4c5d-9d49-7aec506323e5,random_alnum_fixed_len
skceyuwygukcymgm.org,0278ff7f-8343-4c5d-9d49-7aec506323e5,random_alnum_fixed_len
emcukgcyoayowwwe.org,0278ff7f-8343-4c5d-9d49-7aec506323e5,random_alnum_fixed_len
yaguagkcuuasgykm.org,0278ff7f-8343-4c5d-9d49-7aec506323e5,random_alnum_fixed_len
yaayoqkmowmyuqsq.org,0278ff7f-8343-4c5d-9d49-7aec506323e5,random_alnum_fixed_len
uoouaosmkaeyuyao.org,0278ff7f-8343-4c5d-9d49-7aec506323e5,random_alnum_fixed_len
wwgcoaekeqgymsuk.org,0278ff7f-8343-4c5d-9d49-7aec506323e5,random_alnum_fixed_len
wweqioeswgassogu.org,0278ff7f-8343-4c5d-9d49-7aec506323e5,random_alnum_fixed_len
wwkaggmseaquiiik.org,0278ff7f-8343-4c5d-9d49-7aec506323e5,random_alnum_fixed_len
kucwqikkoacwasui.org,0278ff7f-8343-4c5d-9d49-7aec506323e5,random_alnum_fixed_len
cioqwyougqgseiau.org,0278ff7f-8343-4c5d-9d49-7aec506323e5,random_alnum_fixed_len
ogwciemumucqsieg.org,0278ff7f-8343-4c5d-9d49-7aec506323e5,random_alnum_fixed_len
kusgseusaggawyei.org,0278ff7f-8343-4c5d-9d49-7aec506323e5,random_alnum_fixed_len
gqsmqceaaeegegga.org,0278ff7f-8343-4c5d-9d49-7aec506323e5,random_alnum_fixed_len
qkeysqwagocemauo.org,0278ff7f-8343-4c5d-9d49-7aec506323e5,random_alnum_fixed_len
aesuwcqisemiwmgm.org,0278ff7f-8343-4c5d-9d49-7aec506323e5,random_alnum_fixed_len
eisoekyaqccyokug.org,0278ff7f-8343-4c5d-9d49-7aec506323e5,random_alnum_fixed_len
kysgagikiqeqskau.org,0278ff7f-8343-4c5d-9d49-7aec506323e5,random_alnum_fixed_len
mcmwgikoegeiqcse.org,0278ff7f-8343-4c5d-9d49-7aec506323e5,random_alnum_fixed_len
eiysisuyiaikiema.org,0278ff7f-8343-4c5d-9d49-7aec506323e5,random_alnum_fixed_len
aagmykacgcmmasok.org,0278ff7f-8343-4c5d-9d49-7aec506323e5,random_alnum_fixed_len
myomiaikkussiqew.org,0278ff7f-8343-4c5d-9d49-7aec506323e5,random_alnum_fixed_len
gmeugeeaeaygumcw.org,0278ff7f-8343-4c5d-9d49-7aec506323e5,random_alnum_fixed_len
wwigoykaaqqsogco.org,0278ff7f-8343-4c5d-9d49-7aec506323e5,random_alnum_fixed_len
iuqwmemewoceoiie.org,0278ff7f-8343-4c5d-9d49-7aec506323e5,random_alnum_fixed_len
mcquwmsuwcuookei.org,0278ff7f-8343-4c5d-9d49-7aec506323e5,random_alnum_fixed_len
kuuqikoiiqmomskm.org,0278ff7f-8343-4c5d-9d49-7aec506323e5,random_alnum_fixed_len
ogikomuumgwkeece.org,0278ff7f-8343-4c5d-9d49-7aec506323e5,random_alnum_fixed_len
wwimkygqaaeqwcas.org,0278ff7f-8343-4c5d-9d49-7aec506323e5,random_alnum_fixed_len
iqyimaykwqogqqww.org,0278ff7f-8343-4c5d-9d49-7aec506323e5,random_alnum_fixed_len
iugmwggskuaikgos.org,0278ff7f-8343-4c5d-9d49-7aec506323e5,random_alnum_fixed_len
cicqmgaqswmmeqie.org,0278ff7f-8343-4c5d-9d49-7aec506323e5,random_alnum_fixed_len
eiwaqcygskikoiwe.org,0278ff7f-8343-4c5d-9d49-7aec506323e5,random_alnum_fixed_len
myysisgkccaqyqiy.org,0278ff7f-8343-4c5d-9d49-7aec506323e5,random_alnum_fixed_len
souqmmoacwasmyws.org,0278ff7f-8343-4c5d-9d49-7aec506323e5,random_alnum_fixed_len
skyiouaoyseeumgq.org,0278ff7f-8343-4c5d-9d49-7aec506323e5,random_alnum_fixed_len
eigeemmeuycmgwug.org,0278ff7f-8343-4c5d-9d49-7aec506323e5,random_alnum_fixed_len
uoaywsomkieewimg.org,0278ff7f-8343-4c5d-9d49-7aec506323e5,random_alnum_fixed_len
uoawgwgymaguegyi.org,0278ff7f-8343-4c5d-9d49-7aec506323e5,random_alnum_fixed_len
kuoeocqggkeyyquk.org,0278ff7f-8343-4c5d-9d49-7aec506323e5,random_alnum_fixed_len
gqgumkioikkcscsk.org,0278ff7f-8343-4c5d-9d49-7aec506323e5,random_alnum_fixed_len
emoyyiuqoecquowo.org,0278ff7f-8343-4c5d-9d49-7aec506323e5,random_alnum_fixed_len
kyeqwawgsiikqoaq.org,0278ff7f-8343-4c5d-9d49-7aec506323e5,random_alnum_fixed_len
qgwwcwymoooyeyom.org,0278ff7f-8343-4c5d-9d49-7aec506323e5,random_alnum_fixed_len
aeyiwskygmaiueio.org,0278ff7f-8343-4c5d-9d49-7aec506323e5,random_alnum_fixed_len
gmuukmeuyeiksqqe.org,0278ff7f-8343-4c5d-9d49-7aec506323e5,random_alnum_fixed_len
aakiawescqaeiggg.org,0278ff7f-8343-4c5d-9d49-7aec506323e5,random_alnum_fixed_len
ywomcqoigaakcuom.org,0278ff7f-8343-4c5d-9d49-7aec506323e5,random_alnum_fixed_len
aeugmoiamyygcqww.org,0278ff7f-8343-4c5d-9d49-7aec506323e5,random_alnum_fixed_len
aeyugecequwyuaws.org,0278ff7f-8343-4c5d-9d49-7aec506323e5,random_alnum_fixed_len
emuosawosuwouwcc.org,0278ff7f-8343-4c5d-9d49-7aec506323e5,random_alnum_fixed_len
skmswyggyequmwkw.org,0278ff7f-8343-4c5d-9d49-7aec506323e5,random_alnum_fixed_len
kuumowwwwecceiku.org,0278ff7f-8343-4c5d-9d49-7aec506323e5,random_alnum_fixed_len
wskqkumcyckyuyuy.org,0278ff7f-8343-4c5d-9d49-7aec506323e5,random_alnum_fixed_len
ywswkqiacgceeokk.org,0278ff7f-8343-4c5d-9d49-7aec506323e5,random_alnum_fixed_len
uoayqyuuucgqaokm.org,0278ff7f-8343-4c5d-9d49-7aec506323e5,random_alnum_fixed_len
emowswkoumaakwwq.org,0278ff7f-8343-4c5d-9d49-7aec506323e5,random_alnum_fixed_len
uouaqoogugokqogu.org,0278ff7f-8343-4c5d-9d49-7aec506323e5,random_alnum_fixed_len
iqogcckgemgicqcw.org,0278ff7f-8343-4c5d-9d49-7aec506323e5,random_alnum_fixed_len
gmoumgiemmisskii.org,0278ff7f-8343-4c5d-9d49-7aec506323e5,random_alnum_fixed_len
emkiigeesyswqaoc.org,0278ff7f-8343-4c5d-9d49-7aec506323e5,random_alnum_fixed_len
yayumyqqqwaiimaw.org,0278ff7f-8343-4c5d-9d49-7aec506323e5,random_alnum_fixed_len
ogkwkwywiqossoeg.org,0278ff7f-8343-4c5d-9d49-7aec506323e5,random_alnum_fixed_len
ceaimkecekmqcwku.org,0278ff7f-8343-4c5d-9d49-7aec506323e5,random_alnum_fixed_len
gmgemmykoqgceiok.org,0278ff7f-8343-4c5d-9d49-7aec506323e5,random_alnum_fixed_len
wwaimsgsoekyksig.org,0278ff7f-8343-4c5d-9d49-7aec506323e5,random_alnum_fixed_len
ceiqwceqecgooekc.org,0278ff7f-8343-4c5d-9d49-7aec506323e5,random_alnum_fixed_len
ciokakaysamucyaa.org,0278ff7f-8343-4c5d-9d49-7aec506323e5,random_alnum_fixed_len
ywqcckqsygceuayo.org,0278ff7f-8343-4c5d-9d49-7aec506323e5,random_alnum_fixed_len
kyecocwgyyeeqkcm.org,0278ff7f-8343-4c5d-9d49-7aec506323e5,random_alnum_fixed_len
ywwacmoakwcwqmii.org,0278ff7f-8343-4c5d-9d49-7aec506323e5,random_alnum_fixed_len
wscqqiuoseukkoka.org,0278ff7f-8343-4c5d-9d49-7aec506323e5,random_alnum_fixed_len
ocosocuummewmsew.org,0278ff7f-8343-4c5d-9d49-7aec506323e5,random_alnum_fixed_len
yaeouaogqwmuwgyw.org,0278ff7f-8343-4c5d-9d49-7aec506323e5,random_alnum_fixed_len
emkmkuoyoicygqgw.org,0278ff7f-8343-4c5d-9d49-7aec506323e5,random_alnum_fixed_len
iucwckcgkqkyqwci.org,0278ff7f-8343-4c5d-9d49-7aec506323e5,random_alnum_fixed_len
yaasoyoqokgmkwio.org,0278ff7f-8343-4c5d-9d49-7aec506323e5,random_alnum_fixed_len
ogeacciaccumumew.org,0278ff7f-8343-4c5d-9d49-7aec506323e5,random_alnum_fixed_len
ocuiosueukmysmye.org,0278ff7f-8343-4c5d-9d49-7aec506323e5,random_alnum_fixed_len
ciooiguuwsgyeoco.org,0278ff7f-8343-4c5d-9d49-7aec506323e5,random_alnum_fixed_len
skcmicgeakcswsms.org,0278ff7f-8343-4c5d-9d49-7aec506323e5,random_alnum_fixed_len
gqgiswcogugeaoom.org,0278ff7f-8343-4c5d-9d49-7aec506323e5,random_alnum_fixed_len
qkiwsqmomoiswkag.org,0278ff7f-8343-4c5d-9d49-7aec506323e5,random_alnum_fixed_len
cegsciwkacmaskas.org,0278ff7f-8343-4c5d-9d49-7aec506323e5,random_alnum_fixed_len
iuyqccaikywkgeii.org,0278ff7f-8343-4c5d-9d49-7aec506323e5,random_alnum_fixed_len
souycocegcsmmgiq.org,0278ff7f-8343-4c5d-9d49-7aec506323e5,random_alnum_fixed_len
kycuekqcsougawkc.org,0278ff7f-8343-4c5d-9d49-7aec506323e5,random_alnum_fixed_len
ocwomaooiqaasewg.org,0278ff7f-8343-4c5d-9d49-7aec506323e5,random_alnum_fixed_len
soqaymgwekcqoewi.org,0278ff7f-8343-4c5d-9d49-7aec506323e5,random_alnum_fixed_len
yaueqcwysoimamwe.org,0278ff7f-8343-4c5d-9d49-7aec506323e5,random_alnum_fixed_len
yawesqkacwigcgkw.org,0278ff7f-8343-4c5d-9d49-7aec506323e5,random_alnum_fixed_len
usqaoouqcgausaem.org,0278ff7f-8343-4c5d-9d49-7aec506323e5,random_alnum_fixed_len
qgakyoasemimmosg.org,0278ff7f-8343-4c5d-9d49-7aec506323e5,random_alnum_fixed_len
mymqgsmoosoacocq.org,0278ff7f-8343-4c5d-9d49-7aec506323e5,random_alnum_fixed_len
cecgscqwsugoaqcm.org,0278ff7f-8343-4c5d-9d49-7aec506323e5,random_alnum_fixed_len
uogqmegiymwiowoq.org,0278ff7f-8343-4c5d-9d49-7aec506323e5,random_alnum_fixed_len
kuqaikkeikioookw.org,0278ff7f-8343-4c5d-9d49-7aec506323e5,random_alnum_fixed_len
qgsgqmkeiyiugmwq.org,0278ff7f-8343-4c5d-9d49-7aec506323e5,random_alnum_fixed_len
ceykcwmyauymqyek.org,0278ff7f-8343-4c5d-9d49-7aec506323e5,random_alnum_fixed_len
emwiumagwwcciuke.org,0278ff7f-8343-4c5d-9d49-7aec506323e5,random_alnum_fixed_len
mcyieqmgcykouawk.org,0278ff7f-8343-4c5d-9d49-7aec506323e5,random_alnum_fixed_len
uommcmaucmkqggwk.org,0278ff7f-8343-4c5d-9d49-7aec506323e5,random_alnum_fixed_len
iqgyiqskkwsumsem.org,0278ff7f-8343-4c5d-9d49-7aec506323e5,random_alnum_fixed_len
gmcwswqmqawgsqus.org,0278ff7f-8343-4c5d-9d49-7aec506323e5,random_alnum_fixed_len
emmsaeqaogyamokg.org,0278ff7f-8343-4c5d-9d49-7aec506323e5,random_alnum_fixed_len
gqmkmyikikeqqkmg.org,0278ff7f-8343-4c5d-9d49-7aec506323e5,random_alnum_fixed_len
uouwsqcewesuwwso.org,0278ff7f-8343-4c5d-9d49-7aec506323e5,random_alnum_fixed_len
eiiiskgeqwimykao.org,0278ff7f-8343-4c5d-9d49-7aec506323e5,random_alnum_fixed_len
wwisiwwkyaiyyiaw.org,0278ff7f-8343-4c5d-9d49-7aec506323e5,random_alnum_fixed_len
uswaemecumswyuee.org,0278ff7f-8343-4c5d-9d49-7aec506323e5,random_alnum_fixed_len
cemuecsokoeuqwcm.org,0278ff7f-8343-4c5d-9d49-7aec506323e5,random_alnum_fixed_len
yacwyomswiasagqw.org,0278ff7f-8343-4c5d-9d49-7aec506323e5,random_alnum_fixed_len
cigouswoeicmaqsg.org,0278ff7f-8343-4c5d-9d49-7aec506323e5,random_alnum_fixed_len
uoccauyqwugigiau.org,0278ff7f-8343-4c5d-9d49-7aec506323e5,random_alnum_fixed_len
uowacqyusgeukwcu.org,0278ff7f-8343-4c5d-9d49-7aec506323e5,random_alnum_fixed_len
iumuswassiuiagok.org,0278ff7f-8343-4c5d-9d49-7aec506323e5,random_alnum_fixed_len
gqwwkisqymyksuuk.org,0278ff7f-8343-4c5d-9d49-7aec506323e5,random_alnum_fixed_len
uoigaakkccesqeqe.org,0278ff7f-8343-4c5d-9d49-7aec506323e5,random_alnum_fixed_len
cieicgyakomcwocc.org,0278ff7f-8343-4c5d-9d49-7aec506323e5,random_alnum_fixed_len
aemisemsaocaowco.org,0278ff7f-8343-4c5d-9d49-7aec506323e5,random_alnum_fixed_len
ogomuscgesuqimeg.org,0278ff7f-8343-4c5d-9d49-7aec506323e5,random_alnum_fixed_len
iqcqugmuyumccugs.org,0278ff7f-8343-4c5d-9d49-7aec506323e5,random_alnum_fixed_len
iusqeiwoowmocams.org,0278ff7f-8343-4c5d-9d49-7aec506323e5,random_alnum_fixed_len
ociicwggmyamseaw.org,0278ff7f-8343-4c5d-9d49-7aec506323e5,random_alnum_fixed_len
mcouueiwwqsswgiq.org,0278ff7f-8343-4c5d-9d49-7aec506323e5,random_alnum_fixed_len
ocgkceayiycomqwy.org,0278ff7f-8343-4c5d-9d49-7aec506323e5,random_alnum_fixed_len
aamamemsmcacocyu.org,0278ff7f-8343-4c5d-9d49-7aec506323e5,random_alnum_fixed_len
kumoogwqkogacksi.org,0278ff7f-8343-4c5d-9d49-7aec506323e5,random_alnum_fixed_len
ciguqwqygycimuas.org,0278ff7f-8343-4c5d-9d49-7aec506323e5,random_alnum_fixed_len
qgwqsqmqoowqwkok.org,0278ff7f-8343-4c5d-9d49-7aec506323e5,random_alnum_fixed_len
yweawcmqoaqowmmg.org,0278ff7f-8343-4c5d-9d49-7aec506323e5,random_alnum_fixed_len
ywqaqcwcgyauqcse.org,0278ff7f-8343-4c5d-9d49-7aec506323e5,random_alnum_fixed_len
iqgesgaqqwuceike.org,0278ff7f-8343-4c5d-9d49-7aec506323e5,random_alnum_fixed_len
qksqeqkiasqqmsqk.org,0278ff7f-8343-4c5d-9d49-7aec506323e5,random_alnum_fixed_len
usgqkayosyuosoke.org,0278ff7f-8343-4c5d-9d49-7aec506323e5,random_alnum_fixed_len
cisosmweauscoqsi.org,0278ff7f-8343-4c5d-9d49-7aec506323e5,random_alnum_fixed_len
kuiyucyimwuawmas.org,0278ff7f-8343-4c5d-9d49-7aec506323e5,random_alnum_fixed_len
qgkgygoekiqeaekk.org,0278ff7f-8343-4c5d-9d49-7aec506323e5,random_alnum_fixed_len
gqmcmaewoqaeseeq.org,0278ff7f-8343-4c5d-9d49-7aec506323e5,random_alnum_fixed_len
ywqyykoackqwygac.org,0278ff7f-8343-4c5d-9d49-7aec506323e5,random_alnum_fixed_len
emysaocaoyoiqoka.org,0278ff7f-8343-4c5d-9d49-7aec506323e5,random_alnum_fixed_len
iuscgeioqqmmmaak.org,0278ff7f-8343-4c5d-9d49-7aec506323e5,random_alnum_fixed_len
wsqiuekcuooociii.org,0278ff7f-8343-4c5d-9d49-7aec506323e5,random_alnum_fixed_len
skcwiugeusymmcee.org,0278ff7f-8343-4c5d-9d49-7aec506323e5,random_alnum_fixed_len
usuigseuqiywmueo.org,0278ff7f-8343-4c5d-9d49-7aec506323e5,random_alnum_fixed_len
kyqyiaamyqumkqmm.org,0278ff7f-8343-4c5d-9d49-7aec506323e5,random_alnum_fixed_len
ogummuswqmgoykky.org,0278ff7f-8343-4c5d-9d49-7aec506323e5,random_alnum_fixed_len
kyccuaumycqaukga.org,0278ff7f-8343-4c5d-9d49-7aec506323e5,random_alnum_fixed_len
yamoaacoqegieeia.org,0278ff7f-8343-4c5d-9d49-7aec506323e5,random_alnum_fixed_len
aaggkmmiisuisiuw.org,0278ff7f-8343-4c5d-9d49-7aec506323e5,random_alnum_fixed_len
uocquyqeemeoqqgm.org,0278ff7f-8343-4c5d-9d49-7aec506323e5,random_alnum_fixed_len
ciogeacmksmwssey.org,0278ff7f-8343-4c5d-9d49-7aec506323e5,random_alnum_fixed_len
kugqawokwecwsagc.org,0278ff7f-8343-4c5d-9d49-7aec506323e5,random_alnum_fixed_len
uscceckqimoiusyg.org,0278ff7f-8343-4c5d-9d49-7aec506323e5,random_alnum_fixed_len
kuiogeqymeieiaui.org,0278ff7f-8343-4c5d-9d49-7aec506323e5,random_alnum_fixed_len
aegekakmcyoeaoig.org,0278ff7f-8343-4c5d-9d49-7aec506323e5,random_alnum_fixed_len
eicuicosgueauwsw.org,0278ff7f-8343-4c5d-9d49-7aec506323e5,random_alnum_fixed_len
qkicqqmqeuwgcigm.org,0278ff7f-8343-4c5d-9d49-7aec506323e5,random_alnum_fixed_len
wwiiemoicwacaayg.org,0278ff7f-8343-4c5d-9d49-7aec506323e5,random_alnum_fixed_len
gqgygykegycgsywk.org,0278ff7f-8343-4c5d-9d49-7aec506323e5,random_alnum_fixed_len
skcoaeeiqusuukku.org,0278ff7f-8343-4c5d-9d49-7aec506323e5,random_alnum_fixed_len
wwuiisisoeqougwe.org,0278ff7f-8343-4c5d-9d49-7aec506323e5,random_alnum_fixed_len
ceoamiigimwigkai.org,0278ff7f-8343-4c5d-9d49-7aec506323e5,random_alnum_fixed_len
skoqmiwswkskewkk.org,0278ff7f-8343-4c5d-9d49-7aec506323e5,random_alnum_fixed_len
aauoqqqqsiayauyc.org,0278ff7f-8343-4c5d-9d49-7aec506323e5,random_alnum_fixed_len
ocyoicgisguwewyg.org,0278ff7f-8343-4c5d-9d49-7aec506323e5,random_alnum_fixed_len
oggcqwcqekgkqoyo.org,0278ff7f-8343-4c5d-9d49-7aec506323e5,random_alnum_fixed_len
cekyooeciymgkcmi.org,0278ff7f-8343-4c5d-9d49-7aec506323e5,random_alnum_fixed_len
gqacoiaiqiucucum.org,0278ff7f-8343-4c5d-9d49-7aec506323e5,random_alnum_fixed_len
wwccieiaewouwggc.org,0278ff7f-8343-4c5d-9d49-7aec506323e5,random_alnum_fixed_len
usywwoycacgmiaso.org,0278ff7f-8343-4c5d-9d49-7aec506323e5,random_alnum_fixed_len
ceismiqiuskggckq.org,0278ff7f-8343-4c5d-9d49-7aec506323e5,random_alnum_fixed_len
ogmmcmskwwqouygg.org,0278ff7f-8343-4c5d-9d49-7aec506323e5,random_alnum_fixed_len
ywiwsiacoqamkwoc.org,0278ff7f-8343-4c5d-9d49-7aec506323e5,random_alnum_fixed_len
uoucicwayykgwaka.org,0278ff7f-8343-4c5d-9d49-7aec506323e5,random_alnum_fixed_len
yaaoccyiwqyymkku.org,0278ff7f-8343-4c5d-9d49-7aec506323e5,random_alnum_fixed_len
ceiyouqckgqqqqym.org,0278ff7f-8343-4c5d-9d49-7aec506323e5,random_alnum_fixed_len
wsqycoeuusmgwagi.org,0278ff7f-8343-4c5d-9d49-7aec506323e5,random_alnum_fixed_len
ciogqsucmccsycmq.org,0278ff7f-8343-4c5d-9d49-7aec506323e5,random_alnum_fixed_len
mywqeswqawggoqsi.org,0278ff7f-8343-4c5d-9d49-7aec506323e5,random_alnum_fixed_len
aageoicsyakmyoas.org,0278ff7f-8343-4c5d-9d49-7aec506323e5,random_alnum_fixed_len
yaikoakguakwiseq.org,0278ff7f-8343-4c5d-9d49-7aec506323e5,random_alnum_fixed_len
cewumykuweyuuasi.org,0278ff7f-8343-4c5d-9d49-7aec506323e5,random_alnum_fixed_len
sooeuegmqkceqesm.org,0278ff7f-8343-4c5d-9d49-7aec506323e5,random_alnum_fixed_len
skcwmyukqykoqmgk.org,0278ff7f-8343-4c5d-9d49-7aec506323e5,random_alnum_fixed_len
occmkukmaaqwgkue.org,0278ff7f-8343-4c5d-9d49-7aec506323e5,random_alnum_fixed_len
ogyksoiuwqqcmmoq.org,0278ff7f-8343-4c5d-9d49-7aec506323e5,random_alnum_fixed_len
kyyuoeakqkskskum.org,0278ff7f-8343-4c5d-9d49-7aec506323e5,random_alnum_fixed_len
iqeqegmmkykuyyeg.org,0278ff7f-8343-4c5d-9d49-7aec506323e5,random_alnum_fixed_len
yaoeweeegwquyakw.org,0278ff7f-8343-4c5d-9d49-7aec506323e5,random_alnum_fixed_len
wsgewwecocymwyyg.org,0278ff7f-8343-4c5d-9d49-7aec506323e5,random_alnum_fixed_len
kumcwusamooigumm.org,0278ff7f-8343-4c5d-9d49-7aec506323e5,random_alnum_fixed_len
skmeiwuckgquqcsq.org,0278ff7f-8343-4c5d-9d49-7aec506323e5,random_alnum_fixed_len
qgwaswkcoquacmcq.org,0278ff7f-8343-4c5d-9d49-7aec506323e5,random_alnum_fixed_len
gmgekaywqewggimu.org,0278ff7f-8343-4c5d-9d49-7aec506323e5,random_alnum_fixed_len
kyiwkkgagsyqemye.org,0278ff7f-8343-4c5d-9d49-7aec506323e5,random_alnum_fixed_len
sksuysymquigysgq.org,0278ff7f-8343-4c5d-9d49-7aec506323e5,random_alnum_fixed_len
ywmwocscoqsmugsw.org,0278ff7f-8343-4c5d-9d49-7aec506323e5,random_alnum_fixed_len
kyougqkcsqumqygw.org,0278ff7f-8343-4c5d-9d49-7aec506323e5,random_alnum_fixed_len
mykygyscqgkckwmo.org,0278ff7f-8343-4c5d-9d49-7aec506323e5,random_alnum_fixed_len
yagkieeoiwmysoum.org,0278ff7f-8343-4c5d-9d49-7aec506323e5,random_alnum_fixed_len
yaimqakqsqoqmmae.org,0278ff7f-8343-4c5d-9d49-7aec506323e5,random_alnum_fixed_len
iuaiysmqoscsscmy.org,0278ff7f-8343-4c5d-9d49-7aec506323e5,random_alnum_fixed_len
iqyesowygkmwkugu.org,0278ff7f-8343-4c5d-9d49-7aec506323e5,random_alnum_fixed_len
yaicqsukwkmqaeui.org,0278ff7f-8343-4c5d-9d49-7aec506323e5,random_alnum_fixed_len
uokgwmkeiemmwwcq.org,0278ff7f-8343-4c5d-9d49-7aec506323e5,random_alnum_fixed_len
eiokuwuauckowkiy.org,0278ff7f-8343-4c5d-9d49-7aec506323e5,random_alnum_fixed_len
eisaasoagaqgoywq.org,0278ff7f-8343-4c5d-9d49-7aec506323e5,random_alnum_fixed_len
wsgkkisaumygukww.org,0278ff7f-8343-4c5d-9d49-7aec506323e5,random_alnum_fixed_len
wsysouseimiimigw.org,0278ff7f-8343-4c5d-9d49-7aec506323e5,random_alnum_fixed_len
skqwwmocckiksasg.org,0278ff7f-8343-4c5d-9d49-7aec506323e5,random_alnum_fixed_len
eisgmmcacgaqeuwg.org,0278ff7f-8343-4c5d-9d49-7aec506323e5,random_alnum_fixed_len
emumemwiqksiwiew.org,0278ff7f-8343-4c5d-9d49-7aec506323e5,random_alnum_fixed_len
mcyyssooyuqgagqg.org,0278ff7f-8343-4c5d-9d49-7aec506323e5,random_alnum_fixed_len
sksakecucuqyuwqy.org,0278ff7f-8343-4c5d-9d49-7aec506323e5,random_alnum_fixed_len
ceyeocmieckumiuo.org,0278ff7f-8343-4c5d-9d49-7aec506323e5,random_alnum_fixed_len
cikiykeoqogamkiy.org,0278ff7f-8343-4c5d-9d49-7aec506323e5,random_alnum_fixed_len
aeceyigoeeqcocco.org,0278ff7f-8343-4c5d-9d49-7aec506323e5,random_alnum_fixed_len
wsuuuqmoqccsccms.org,0278ff7f-8343-4c5d-9d49-7aec506323e5,random_alnum_fixed_len
wsqcqoyocswcggco.org,0278ff7f-8343-4c5d-9d49-7aec506323e5,random_alnum_fixed_len
iuoekigoyoaeouuk.org,0278ff7f-8343-4c5d-9d49-7aec506323e5,random_alnum_fixed_len
uogwckkkkggmyaom.org,0278ff7f-8343-4c5d-9d49-7aec506323e5,random_alnum_fixed_len
ocqswuaqomycwmgi.org,0278ff7f-8343-4c5d-9d49-7aec506323e5,random_alnum_fixed_len
cewggqgmwikiyocg.org,0278ff7f-8343-4c5d-9d49-7aec506323e5,random_alnum_fixed_len
wwcawmqiicacqoyy.org,0278ff7f-8343-4c5d-9d49-7aec506323e5,random_alnum_fixed_len
qkyesqiwqyyassey.org,0278ff7f-8343-4c5d-9d49-7aec506323e5,random_alnum_fixed_len
uswuyiiugssewgea.org,0278ff7f-8343-4c5d-9d49-7aec506323e5,random_alnum_fixed_len
ogqucecsiqyuaykk.org,0278ff7f-8343-4c5d-9d49-7aec506323e5,random_alnum_fixed_len
useiyowameaggesy.org,0278ff7f-8343-4c5d-9d49-7aec506323e5,random_alnum_fixed_len
usescsoqeuimseyc.org,0278ff7f-8343-4c5d-9d49-7aec506323e5,random_alnum_fixed_len
gmcakqmayeqoemsc.org,0278ff7f-8343-4c5d-9d49-7aec506323e5,random_alnum_fixed_len
wsssugawqkmeokmu.org,0278ff7f-8343-4c5d-9d49-7aec506323e5,random_alnum_fixed_len
yakmgiwyqeaaayoa.org,0278ff7f-8343-4c5d-9d49-7aec506323e5,random_alnum_fixed_len
kycswskkgwimggyy.org,0278ff7f-8343-4c5d-9d49-7aec506323e5,random_alnum_fixed_len
iuoemmoussgugckq.org,0278ff7f-8343-4c5d-9d49-7aec506323e5,random_alnum_fixed_len
qgowgkoaysukusei.org,0278ff7f-8343-4c5d-9d49-7aec506323e5,random_alnum_fixed_len
wsugaaomqukguioc.org,0278ff7f-8343-4c5d-9d49-7aec506323e5,random_alnum_fixed_len
wwuasaayiqsmmmay.org,0278ff7f-8343-4c5d-9d49-7aec506323e5,random_alnum_fixed_len
ogcuewgugoksgumu.org,0278ff7f-8343-4c5d-9d49-7aec506323e5,random_alnum_fixed_len
qkymiswygmwmcqwq.org,0278ff7f-8343-4c5d-9d49-7aec506323e5,random_alnum_fixed_len
gmaagasgiiyuagai.org,0278ff7f-8343-4c5d-9d49-7aec506323e5,random_alnum_fixed_len
gqqkwqgscqkawmmu.org,0278ff7f-8343-4c5d-9d49-7aec506323e5,random_alnum_fixed_len
gqiqwcceqaqmcsom.org,0278ff7f-8343-4c5d-9d49-7aec506323e5,random_alnum_fixed_len
gmkkgqqeyiguuuws.org,0278ff7f-8343-4c5d-9d49-7aec506323e5,random_alnum_fixed_len
eiwksqwockqeiiou.org,0278ff7f-8343-4c5d-9d49-7aec506323e5,random_alnum_fixed_len
aamawqokiisuymqi.org,0278ff7f-8343-4c5d-9d49-7aec506323e5,random_alnum_fixed_len
wscmuiikkksaqowi.org,0278ff7f-8343-4c5d-9d49-7aec506323e5,random_alnum_fixed_len
kuuaseuywwgauymw.org,0278ff7f-8343-4c5d-9d49-7aec506323e5,random_alnum_fixed_len
mcwumoquoyuykqca.org,0278ff7f-8343-4c5d-9d49-7aec506323e5,random_alnum_fixed_len
aaweswgscuqumqei.org,0278ff7f-8343-4c5d-9d49-7aec506323e5,random_alnum_fixed_len
uomgigikiswmyokc.org,0278ff7f-8343-4c5d-9d49-7aec506323e5,random_alnum_fixed_len
ywaeowgakaakoooq.org,0278ff7f-8343-4c5d-9d49-7aec506323e5,random_alnum_fixed_len
uoeoqegsaiquwsia.org,0278ff7f-8343-4c5d-9d49-7aec506323e5,random_alnum_fixed_len
usycugykgkaogqgo.org,0278ff7f-8343-4c5d-9d49-7aec506323e5,random_alnum_fixed_len
gmqgqocuuksmksee.org,0278ff7f-8343-4c5d-9d49-7aec506323e5,random_alnum_fixed_len
iqeagimsqsmkgiko.org,0278ff7f-8343-4c5d-9d49-7aec506323e5,random_alnum_fixed_len
aekeskcqumseugqa.org,0278ff7f-8343-4c5d-9d49-7aec506323e5,random_alnum_fixed_len
aaeisusqocukmooa.org,0278ff7f-8343-4c5d-9d49-7aec506323e5,random_alnum_fixed_len
ywuqaqiwyuyukgse.org,0278ff7f-8343-4c5d-9d49-7aec506323e5,random_alnum_fixed_len
uockwqgeowsmmyeg.org,0278ff7f-8343-4c5d-9d49-7aec506323e5,random_alnum_fixed_len
gqwseksiokcesius.org,0278ff7f-8343-4c5d-9d49-7aec506323e5,random_alnum_fixed_len
qkkmeyekiuumcuyk.org,0278ff7f-8343-4c5d-9d49-7aec506323e5,random_alnum_fixed_len
emeeywmeeyyqgsqe.org,0278ff7f-8343-4c5d-9d49-7aec506323e5,random_alnum_fixed_len
iquiogkekiekewae.org,0278ff7f-8343-4c5d-9d49-7aec506323e5,random_alnum_fixed_len
yaomewcgqieeoeio.org,0278ff7f-8343-4c5d-9d49-7aec506323e5,random_alnum_fixed_len
mykegkgoasykycas.org,0278ff7f-8343-4c5d-9d49-7aec506323e5,random_alnum_fixed_len
emesukywkeaouwgi.org,0278ff7f-8343-4c5d-9d49-7aec506323e5,random_alnum_fixed_len
ogcsuuiaougacqgi.org,0278ff7f-8343-4c5d-9d49-7aec506323e5,random_alnum_fixed_len
skuwgaquuwqsiike.org,0278ff7f-8343-4c5d-9d49-7aec506323e5,random_alnum_fixed_len
kuagyacgscwemowy.org,0278ff7f-8343-4c5d-9d49-7aec506323e5,random_alnum_fixed_len
gmyguqussekigwmi.org,0278ff7f-8343-4c5d-9d49-7aec506323e5,random_alnum_fixed_len
kueegiocesgiyeem.org,0278ff7f-8343-4c5d-9d49-7aec506323e5,random_alnum_fixed_len
ceggcyigeaesakui.org,0278ff7f-8343-4c5d-9d49-7aec506323e5,random_alnum_fixed_len
wweggisqamoueowu.org,0278ff7f-8343-4c5d-9d49-7aec506323e5,random_alnum_fixed_len
kuqwkkowoomqmaok.org,0278ff7f-8343-4c5d-9d49-7aec506323e5,random_alnum_fixed_len
soqsesgoacgogwcm.org,0278ff7f-8343-4c5d-9d49-7aec506323e5,random_alnum_fixed_len
kuwimsuguuisyiay.org,0278ff7f-8343-4c5d-9d49-7aec506323e5,random_alnum_fixed_len
aayukoakieayksmg.org,0278ff7f-8343-4c5d-9d49-7aec506323e5,random_alnum_fixed_len
gmwcekqmeqomaguc.org,0278ff7f-8343-4c5d-9d49-7aec506323e5,random_alnum_fixed_len
uooycigwmysewymm.org,0278ff7f-8343-4c5d-9d49-7aec506323e5,random_alnum_fixed_len
mcwcmiwqskkqgmsw.org,0278ff7f-8343-4c5d-9d49-7aec506323e5,random_alnum_fixed_len
qkquaiyaiugyimmu.org,0278ff7f-8343-4c5d-9d49-7aec506323e5,random_alnum_fixed_len
usyuayemgqiasyka.org,0278ff7f-8343-4c5d-9d49-7aec506323e5,random_alnum_fixed_len
usskgemieiakcewc.org,0278ff7f-8343-4c5d-9d49-7aec506323e5,random_alnum_fixed_len
ciaoygaakawwykmu.org,0278ff7f-8343-4c5d-9d49-7aec506323e5,random_alnum_fixed_len
eisuaeqaakqwyege.org,0278ff7f-8343-4c5d-9d49-7aec506323e5,random_alnum_fixed_len
wwekiomqymskqkqi.org,0278ff7f-8343-4c5d-9d49-7aec506323e5,random_alnum_fixed_len
myweieuawiygwekk.org,0278ff7f-8343-4c5d-9d49-7aec506323e5,random_alnum_fixed_len
iqmiewoceykumkmo.org,0278ff7f-8343-4c5d-9d49-7aec506323e5,random_alnum_fixed_len
wwsykiwiasqocsow.org,0278ff7f-8343-4c5d-9d49-7aec506323e5,random_alnum_fixed_len
myeguckyyquqmkoa.org,0278ff7f-8343-4c5d-9d49-7aec506323e5,random_alnum_fixed_len
ocoacsuyaeqcqwco.org,0278ff7f-8343-4c5d-9d49-7aec506323e5,random_alnum_fixed_len
kuieswcwcceiqocs.org,0278ff7f-8343-4c5d-9d49-7aec506323e5,random_alnum_fixed_len
mcusmicowquaseia.org,0278ff7f-8343-4c5d-9d49-7aec506323e5,random_alnum_fixed_len
aaqeyokqgmykcame.org,0278ff7f-8343-4c5d-9d49-7aec506323e5,random_alnum_fixed_len
wswwiysyacsqmuyo.org,0278ff7f-8343-4c5d-9d49-7aec506323e5,random_alnum_fixed_len
kxmzcrg.top,1580cceb-982e-49ad-afef-dfe827d3354f,random_alnum_variable_len
yhijkhcd.top,1580cceb-982e-49ad-afef-dfe827d3354f,random_alnum_variable_len
clyjink.top,1580cceb-982e-49ad-afef-dfe827d3354f,random_alnum_variable_len
yjytwbedyb.top,1580cceb-982e-49ad-afef-dfe827d3354f,random_alnum_variable_len
ijspetwpm.top,1580cceb-982e-49ad-afef-dfe827d3354f,random_alnum_variable_len
kxexclyfwh.top,1580cceb-982e-49ad-afef-dfe827d3354f,random_alnum_variable_len
cruvkvclq.top,1580cceb-982e-49ad-afef-dfe827d3354f,random_alnum_variable_len
lctercve.top,1580cceb-982e-49ad-afef-dfe827d3354f,random_alnum_variable_len
wdelobk.top,1580cceb-982e-49ad-afef-dfe827d3354f,random_alnum_variable_len
opufqrit.top,1580cceb-982e-49ad-afef-dfe827d3354f,random_alnum_variable_len
pafuxmngjgh.top,1580cceb-982e-49ad-afef-dfe827d3354f,random_alnum_variable_len
cbwjodyz.top,1580cceb-982e-49ad-afef-dfe827d3354f,random_alnum_variable_len
cvkbsjsvk.top,1580cceb-982e-49ad-afef-dfe827d3354f,random_alnum_variable_len
sjcdelwjuxm.top,1580cceb-982e-49ad-afef-dfe827d3354f,random_alnum_variable_len
vcrkjibe.top,1580cceb-982e-49ad-afef-dfe827d3354f,random_alnum_variable_len
fqzironcp.top,1580cceb-982e-49ad-afef-dfe827d3354f,random_alnum_variable_len
mngpkbgn.top,1580cceb-982e-49ad-afef-dfe827d3354f,random_alnum_variable_len
qbgjojere.top,1580cceb-982e-49ad-afef-dfe827d3354f,random_alnum_variable_len
wjidypqzc.top,1580cceb-982e-49ad-afef-dfe827d3354f,random_alnum_variable_len
sbstynwx.top,1580cceb-982e-49ad-afef-dfe827d3354f,random_alnum_variable_len
etczglszcl.top,1580cceb-982e-49ad-afef-dfe827d3354f,random_alnum_variable_len
enklcpwh.top,1580cceb-982e-49ad-afef-dfe827d3354f,random_alnum_variable_len
lqhsdoxivcx.top,1580cceb-982e-49ad-afef-dfe827d3354f,random_alnum_variable_len
gvcjwzud.top,1580cceb-982e-49ad-afef-dfe827d3354f,random_alnum_variable_len
gryrcxqbs.top,1580cceb-982e-49ad-afef-dfe827d3354f,random_alnum_variable_len
zedczibk.top,1580cceb-982e-49ad-afef-dfe827d3354f,random_alnum_variable_len
xutevurgpe.top,1580cceb-982e-49ad-afef-dfe827d3354f,random_alnum_variable_len
jylkpgtudk.top,1580cceb-982e-49ad-afef-dfe827d3354f,random_alnum_variable_len
vypgzqhe.top,1580cceb-982e-49ad-afef-dfe827d3354f,random_alnum_variable_len
slgvszyhozw.top,1580cceb-982e-49ad-afef-dfe827d3354f,random_alnum_variable_len
rmngrcd.top,1580cceb-982e-49ad-afef-dfe827d3354f,random_alnum_variable_len
vcpsxsnsr.top,1580cceb-982e-49ad-afef-dfe827d3354f,random_alnum_variable_len
fsjcvupcr.top,1580cceb-982e-49ad-afef-dfe827d3354f,random_alnum_variable_len
rslavqr.top,1580cceb-982e-49ad-afef-dfe827d3354f,random_alnum_variable_len
gdmjqzavgj.top,1580cceb-982e-49ad-afef-dfe827d3354f,random_alnum_variable_len
vmvwneta.top,1580cceb-982e-49ad-afef-dfe827d3354f,random_alnum_variable_len
zotalqngd.top,1580cceb-982e-49ad-afef-dfe827d3354f,random_alnum_variable_len
zelgzqnsf.top,1580cceb-982e-49ad-afef-dfe827d3354f,random_alnum_variable_len
qxulyzelmls.top,1580cceb-982e-49ad-afef-dfe827d3354f,random_alnum_variable_len
uhmdofwny.top,1580cceb-982e-49ad-afef-dfe827d3354f,random_alnum_variable_len
lwdqvuxs.top,1580cceb-982e-49ad-afef-dfe827d3354f,random_alnum_variable_len
hydytobazah.top,1580cceb-982e-49ad-afef-dfe827d3354f,random_alnum_variable_len
xgfebwfi.top,1580cceb-982e-49ad-afef-dfe827d3354f,random_alnum_variable_len
anmlazgvifk.top,1580cceb-982e-49ad-afef-dfe827d3354f,random_alnum_variable_len
xwlubkve.top,1580cceb-982e-49ad-afef-dfe827d3354f,random_alnum_variable_len
uvejgdqlil.top,1580cceb-982e-49ad-afef-dfe827d3354f,random_alnum_variable_len
zshsnktk.top,1580cceb-982e-49ad-afef-dfe827d3354f,random_alnum_variable_len
qpmzuted.top,1580cceb-982e-49ad-afef-dfe827d3354f,random_alnum_variable_len
rytepmhyn.top,1580cceb-982e-49ad-afef-dfe827d3354f,random_alnum_variable_len
kvgrgvqxqz.top,1580cceb-982e-49ad-afef-dfe827d3354f,random_alnum_variable_len
zqjozexidmt.top,1580cceb-982e-49ad-afef-dfe827d3354f,random_alnum_variable_len
xypstcra.top,1580cceb-982e-49ad-afef-dfe827d3354f,random_alnum_variable_len
zidqpobyn.top,1580cceb-982e-49ad-afef-dfe827d3354f,random_alnum_variable_len
qbedwtifyj.top,1580cceb-982e-49ad-afef-dfe827d3354f,random_alnum_variable_len
ozkvqna.top,1580cceb-982e-49ad-afef-dfe827d3354f,random_alnum_variable_len
nyjwlshmt.top,1580cceb-982e-49ad-afef-dfe827d3354f,random_alnum_variable_len
cxilgjepinu.top,1580cceb-982e-49ad-afef-dfe827d3354f,random_alnum_variable_len
mhavixaxar.top,1580cceb-982e-49ad-afef-dfe827d3354f,random_alnum_variable_len
glknclk.top,1580cceb-982e-49ad-afef-dfe827d3354f,random_alnum_variable_len
ulgfqpgpkpi.top,1580cceb-982e-49ad-afef-dfe827d3354f,random_alnum_variable_len
slalqxyzwp.top,1580cceb-982e-49ad-afef-dfe827d3354f,random_alnum_variable_len
detuledux.top,1580cceb-982e-49ad-afef-dfe827d3354f,random_alnum_variable_len
kbenurk.top,1580cceb-982e-49ad-afef-dfe827d3354f,random_alnum_variable_len
ktwdujqxibq.top,1580cceb-982e-49ad-afef-dfe827d3354f,random_alnum_variable_len
bqbyhsz.top,1580cceb-982e-49ad-afef-dfe827d3354f,random_alnum_variable_len
jqfylutqnu.top,1580cceb-982e-49ad-afef-dfe827d3354f,random_alnum_variable_len
tunezyrk.top,1580cceb-982e-49ad-afef-dfe827d3354f,random_alnum_variable_len
vctgrutu.top,1580cceb-982e-49ad-afef-dfe827d3354f,random_alnum_variable_len
etszwtsn.top,1580cceb-982e-49ad-afef-dfe827d3354f,random_alnum_variable_len
xcrmdmvspgx.top,1580cceb-982e-49ad-afef-dfe827d3354f,random_alnum_variable_len
rqtwhkl.top,1580cceb-982e-49ad-afef-dfe827d3354f,random_alnum_variable_len
wbydidg.top,1580cceb-982e-49ad-afef-dfe827d3354f,random_alnum_variable_len
cnozqhkbef.top,1580cceb-982e-49ad-afef-dfe827d3354f,random_alnum_variable_len
bydmxcxqbw.top,1580cceb-982e-49ad-afef-dfe827d3354f,random_alnum_variable_len
otyhmni.top,1580cceb-982e-49ad-afef-dfe827d3354f,random_alnum_variable_len
yloxizevapc.top,1580cceb-982e-49ad-afef-dfe827d3354f,random_alnum_variable_len
wlubwvsd.top,1580cceb-982e-49ad-afef-dfe827d3354f,random_alnum_variable_len
rohwtijkjm.top,1580cceb-982e-49ad-afef-dfe827d3354f,random_alnum_variable_len
yhgbczq.top,1580cceb-982e-49ad-afef-dfe827d3354f,random_alnum_variable_len
kdipsvsd.top,1580cceb-982e-49ad-afef-dfe827d3354f,random_alnum_variable_len
xilgfwxa.top,1580cceb-982e-49ad-afef-dfe827d3354f,random_alnum_variable_len
grytgfej.top,1580cceb-982e-49ad-afef-dfe827d3354f,random_alnum_variable_len
apmtwzc.top,1580cceb-982e-49ad-afef-dfe827d3354f,random_alnum_variable_len
cpmvwvuxmr.top,1580cceb-982e-49ad-afef-dfe827d3354f,random_alnum_variable_len
hypsrudqtsj.top,1580cceb-982e-49ad-afef-dfe827d3354f,random_alnum_variable_len
dwdghenedqx.top,1580cceb-982e-49ad-afef-dfe827d3354f,random_alnum_variable_len
nwpgrivqx.top,1580cceb-982e-49ad-afef-dfe827d3354f,random_alnum_variable_len
epktqrmhs.top,1580cceb-982e-49ad-afef-dfe827d3354f,random_alnum_variable_len
ubyjuxg.top,1580cceb-982e-49ad-afef-dfe827d3354f,random_alnum_variable_len
ejotqbija.top,1580cceb-982e-49ad-afef-dfe827d3354f,random_alnum_variable_len
rwhctkbkb.top,1580cceb-982e-49ad-afef-dfe827d3354f,random_alnum_variable_len
fwnqhklo.top,1580cceb-982e-49ad-afef-dfe827d3354f,random_alnum_variable_len
zkrwdcd.top,1580cceb-982e-49ad-afef-dfe827d3354f,random_alnum_variable_len
pijohazapo.top,1580cceb-982e-49ad-afef-dfe827d3354f,random_alnum_variable_len
lczgjutyfg.top,1580cceb-982e-49ad-afef-dfe827d3354f,random_alnum_variable_len
ilsxeno.top,1580cceb-982e-49ad-afef-dfe827d3354f,random_alnum_variable_len
yhsxcxod.top,1580cceb-982e-49ad-afef-dfe827d3354f,random_alnum_variable_len
idefuxc.top,1580cceb-982e-49ad-afef-dfe827d3354f,random_alnum_variable_len
vkjytobedmb.top,1580cceb-982e-49ad-afef-dfe827d3354f,random_alnum_variable_len
mjybajizql.top,1580cceb-982e-49ad-afef-dfe827d3354f,random_alnum_variable_len
pyfwnipsfo.top,1580cceb-982e-49ad-afef-dfe827d3354f,random_alnum_variable_len
uluxwpadm.top,1580cceb-982e-49ad-afef-dfe827d3354f,random_alnum_variable_len
wrolmzkjade.top,1580cceb-982e-49ad-afef-dfe827d3354f,random_alnum_variable_len
yxiponshcn.top,1580cceb-982e-49ad-afef-dfe827d3354f,random_alnum_variable_len
jyrytgpufcr.top,1580cceb-982e-49ad-afef-dfe827d3354f,random_alnum_variable_len
wbujenyr.top,1580cceb-982e-49ad-afef-dfe827d3354f,random_alnum_variable_len
apinafqbsp.top,1580cceb-982e-49ad-afef-dfe827d3354f,random_alnum_variable_len
cpurqpe.top,1580cceb-982e-49ad-afef-dfe827d3354f,random_alnum_variable_len
javofudyp.top,1580cceb-982e-49ad-afef-dfe827d3354f,random_alnum_variable_len
wxqbknibsds.top,1580cceb-982e-49ad-afef-dfe827d3354f,random_alnum_variable_len
wzelsrovcr.top,1580cceb-982e-49ad-afef-dfe827d3354f,random_alnum_variable_len
qlwfqpk.top,1580cceb-982e-49ad-afef-dfe827d3354f,random_alnum_variable_len
fcvclcjkj.top,1580cceb-982e-49ad-afef-dfe827d3354f,random_alnum_variable_len
vmjgbsvaxmb.top,1580cceb-982e-49ad-afef-dfe827d3354f,random_alnum_variable_len
qtwjsrg.top,1580cceb-982e-49ad-afef-dfe827d3354f,random_alnum_variable_len
hwtwtsp.top,1580cceb-982e-49ad-afef-dfe827d3354f,random_alnum_variable_len
ngpmjili.top,1580cceb-982e-49ad-afef-dfe827d3354f,random_alnum_variable_len
fyxgxytejg.top,1580cceb-982e-49ad-afef-dfe827d3354f,random_alnum_variable_len
durivopwz.top,1580cceb-982e-49ad-afef-dfe827d3354f,random_alnum_variable_len
uncnstsvsjw.top,1580cceb-982e-49ad-afef-dfe827d3354f,random_alnum_variable_len
gxsbidc.top,1580cceb-982e-49ad-afef-dfe827d3354f,random_alnum_variable_len
nktubot.top,1580cceb-982e-49ad-afef-dfe827d3354f,random_alnum_variable_len
qrkhkpsher.top,1580cceb-982e-49ad-afef-dfe827d3354f,random_alnum_variable_len
otmdaxw.top,1580cceb-982e-49ad-afef-dfe827d3354f,random_alnum_variable_len
zyzuvap.top,1580cceb-982e-49ad-afef-dfe827d3354f,random_alnum_variable_len
hsravgxs.top,1580cceb-982e-49ad-afef-dfe827d3354f,random_alnum_variable_len
shmvebcta.top,1580cceb-982e-49ad-afef-dfe827d3354f,random_alnum_variable_len
dcvgjoxut.top,1580cceb-982e-49ad-afef-dfe827d3354f,random_alnum_variable_len
jclkjyzkbk.top,1580cceb-982e-49ad-afef-dfe827d3354f,random_alnum_variable_len
hydavyv.top,1580cceb-982e-49ad-afef-dfe827d3354f,random_alnum_variable_len
jedszada.top,1580cceb-982e-49ad-afef-dfe827d3354f,random_alnum_variable_len
olilsfmzqv.top,1580cceb-982e-49ad-afef-dfe827d3354f,random_alnum_variable_len
gdstsryjc.top,1580cceb-982e-49ad-afef-dfe827d3354f,random_alnum_variable_len
xitmdyhixsp.top,1580cceb-982e-49ad-afef-dfe827d3354f,random_alnum_variable_len
mpcdqnilwla.top,1580cceb-982e-49ad-afef-dfe827d3354f,random_alnum_variable_len
ngdatyzatsj.top,1580cceb-982e-49ad-afef-dfe827d3354f,random_alnum_variable_len
rypkzit.top,1580cceb-982e-49ad-afef-dfe827d3354f,random_alnum_variable_len
spojejuf.top,1580cceb-982e-49ad-afef-dfe827d3354f,random_alnum_variable_len
svofwrgp.top,1580cceb-982e-49ad-afef-dfe827d3354f,random_alnum_variable_len
odknybqrwz.top,1580cceb-982e-49ad-afef-dfe827d3354f,random_alnum_variable_len
wnapqlqj.top,1580cceb-982e-49ad-afef-dfe827d3354f,random_alnum_variable_len
bolwbyn.top,1580cceb-982e-49ad-afef-dfe827d3354f,random_alnum_variable_len
jczgtqzklwd.top,1580cceb-982e-49ad-afef-dfe827d3354f,random_alnum_variable_len
yxgvqtefaza.top,1580cceb-982e-49ad-afef-dfe827d3354f,random_alnum_variable_len
etuvkhgj.top,1580cceb-982e-49ad-afef-dfe827d3354f,random_alnum_variable_len
mdovgtujo.top,1580cceb-982e-49ad-afef-dfe827d3354f,random_alnum_variable_len
vuhadsjgbqz.top,1580cceb-982e-49ad-afef-dfe827d3354f,random_alnum_variable_len
mlojwxqjshw.top,1580cceb-982e-49ad-afef-dfe827d3354f,random_alnum_variable_len
pajshiz.top,1580cceb-982e-49ad-afef-dfe827d3354f,random_alnum_variable_len
psvitibelcd.top,1580cceb-982e-49ad-afef-dfe827d3354f,random_alnum_variable_len
hkbsbij.top,1580cceb-982e-49ad-afef-dfe827d3354f,random_alnum_variable_len
yzizyjs.top,1580cceb-982e-49ad-afef-dfe827d3354f,random_alnum_variable_len
yfidkhwv.top,1580cceb-982e-49ad-afef-dfe827d3354f,random_alnum_variable_len
qhypazil.top,1580cceb-982e-49ad-afef-dfe827d3354f,random_alnum_variable_len
wtktehc.top,1580cceb-982e-49ad-afef-dfe827d3354f,random_alnum_variable_len
lchmbunap.top,1580cceb-982e-49ad-afef-dfe827d3354f,random_alnum_variable_len
qdejuxe.top,1580cceb-982e-49ad-afef-dfe827d3354f,random_alnum_variable_len
gdavafmls.top,1580cceb-982e-49ad-afef-dfe827d3354f,random_alnum_variable_len
chwhursnep.top,1580cceb-982e-49ad-afef-dfe827d3354f,random_alnum_variable_len
mjcbydg.top,1580cceb-982e-49ad-afef-dfe827d3354f,random_alnum_variable_len
wbilabuj.top,1580cceb-982e-49ad-afef-dfe827d3354f,random_alnum_variable_len
vwvwzorshun.top,1580cceb-982e-49ad-afef-dfe827d3354f,random_alnum_variable_len
wfwjoju.top,1580cceb-982e-49ad-afef-dfe827d3354f,random_alnum_variable_len
odkfkhst.top,1580cceb-982e-49ad-afef-dfe827d3354f,random_alnum_variable_len
xqjubip.top,1580cceb-982e-49ad-afef-dfe827d3354f,random_alnum_variable_len
fyvoxyb.top,1580cceb-982e-49ad-afef-dfe827d3354f,random_alnum_variable_len
adkrctyrwh.top,1580cceb-982e-49ad-afef-dfe827d3354f,random_alnum_variable_len
gzkdyhsx.top,1580cceb-982e-49ad-afef-dfe827d3354f,random_alnum_variable_len
tstojuja.top,1580cceb-982e-49ad-afef-dfe827d3354f,random_alnum_variable_len
ujufsvihqlu.top,1580cceb-982e-49ad-afef-dfe827d3354f,random_alnum_variable_len
spelgta.top,1580cceb-982e-49ad-afef-dfe827d3354f,random_alnum_variable_len
sdufevqpw.top,1580cceb-982e-49ad-afef-dfe827d3354f,random_alnum_variable_len
jedsforatgt.top,1580cceb-982e-49ad-afef-dfe827d3354f,random_alnum_variable_len
crstyvszcve.top,1580cceb-982e-49ad-afef-dfe827d3354f,random_alnum_variable_len
vohqhuj.top,1580cceb-982e-49ad-afef-dfe827d3354f,random_alnum_variable_len
qrmnstkjap.top,1580cceb-982e-49ad-afef-dfe827d3354f,random_alnum_variable_len
xyxybev.top,1580cceb-982e-49ad-afef-dfe827d3354f,random_alnum_variable_len
xufghkdmlu.top,1580cceb-982e-49ad-afef-dfe827d3354f,random_alnum_variable_len
lwnahsj.top,1580cceb-982e-49ad-afef-dfe827d3354f,random_alnum_variable_len
tuxkvubc.top,1580cceb-982e-49ad-afef-dfe827d3354f,random_alnum_variable_len
mdejgpupc.top,1580cceb-982e-49ad-afef-dfe827d3354f,random_alnum_variable_len
bqvojqvshu.top,1580cceb-982e-49ad-afef-dfe827d3354f,random_alnum_variable_len
kjenyrob.top,1580cceb-982e-49ad-afef-dfe827d3354f,random_alnum_variable_len
svslcfsjmro.top,1580cceb-982e-49ad-afef-dfe827d3354f,random_alnum_variable_len
fipqlyb.top,1580cceb-982e-49ad-afef-dfe827d3354f,random_alnum_variable_len
mpwlufa.top,1580cceb-982e-49ad-afef-dfe827d3354f,random_alnum_variable_len
wdqxitsdg.top,1580cceb-982e-49ad-afef-dfe827d3354f,random_alnum_variable_len
uvqnivedm.top,1580cceb-982e-49ad-afef-dfe827d3354f,random_alnum_variable_len
nsbonkjwpcx.top,1580cceb-982e-49ad-afef-dfe827d3354f,random_alnum_variable_len
mfijchsxapi.top,1580cceb-982e-49ad-afef-dfe827d3354f,random_alnum_variable_len
szunibgtyx.top,1580cceb-982e-49ad-afef-dfe827d3354f,random_alnum_variable_len
mdapypw.top,1580cceb-982e-49ad-afef-dfe827d3354f,random_alnum_variable_len
palshij.top,1580cceb-982e-49ad-afef-dfe827d3354f,random_alnum_variable_len
ulqxabyt.top,1580cceb-982e-49ad-afef-dfe827d3354f,random_alnum_variable_len
gnudypmlgnq.top,1580cceb-982e-49ad-afef-dfe827d3354f,random_alnum_variable_len
rkpizib.top,1580cceb-982e-49ad-afef-dfe827d3354f,random_alnum_variable_len
rkbalkj.top,1580cceb-982e-49ad-afef-dfe827d3354f,random_alnum_variable_len
ozmrerwh.top,1580cceb-982e-49ad-afef-dfe827d3354f,random_alnum_variable_len
gpodmleba.top,1580cceb-982e-49ad-afef-dfe827d3354f,random_alnum_variable_len
qrcfmbmhe.top,1580cceb-982e-49ad-afef-dfe827d3354f,random_alnum_variable_len
pgfcjopifwp.top,1580cceb-982e-49ad-afef-dfe827d3354f,random_alnum_variable_len
tsnujyxen.top,1580cceb-982e-49ad-afef-dfe827d3354f,random_alnum_variable_len
zmxalkral.top,1580cceb-982e-49ad-afef-dfe827d3354f,random_alnum_variable_len
lgxypstyd.top,1580cceb-982e-49ad-afef-dfe827d3354f,random_alnum_variable_len
mrwvyvsdgji.top,1580cceb-982e-49ad-afef-dfe827d3354f,random_alnum_variable_len
vezopetg.top,1580cceb-982e-49ad-afef-dfe827d3354f,random_alnum_variable_len
xmlqfghenm.top,1580cceb-982e-49ad-afef-dfe827d3354f,random_alnum_variable_len
hgdopqba.top,1580cceb-982e-49ad-afef-dfe827d3354f,random_alnum_variable_len
nevkpuruts.top,1580cceb-982e-49ad-afef-dfe827d3354f,random_alnum_variable_len
ixcpojmroxu.top,1580cceb-982e-49ad-afef-dfe827d3354f,random_alnum_variable_len
jqzadujcnit.top,1580cceb-982e-49ad-afef-dfe827d3354f,random_alnum_variable_len
ubmrirq.top,1580cceb-982e-49ad-afef-dfe827d3354f,random_alnum_variable_len
mxehonozcru.top,1580cceb-982e-49ad-afef-dfe827d3354f,random_alnum_variable_len
qzqtobubu.top,1580cceb-982e-49ad-afef-dfe827d3354f,random_alnum_variable_len
zudqjkrqh.top,1580cceb-982e-49ad-afef-dfe827d3354f,random_alnum_variable_len
ufyzwhed.top,1580cceb-982e-49ad-afef-dfe827d3354f,random_alnum_variable_len
uferutaxwta.top,1580cceb-982e-49ad-afef-dfe827d3354f,random_alnum_variable_len
ytepyzwnwr.top,1580cceb-982e-49ad-afef-dfe827d3354f,random_alnum_variable_len
gfinydux.top,1580cceb-982e-49ad-afef-dfe827d3354f,random_alnum_variable_len
ngbwnufgzw.top,1580cceb-982e-49ad-afef-dfe827d3354f,random_alnum_variable_len
tajufcjylm.top,1580cceb-982e-49ad-afef-dfe827d3354f,random_alnum_variable_len
pufqrmfyxe.top,1580cceb-982e-49ad-afef-dfe827d3354f,random_alnum_variable_len
zoxkpmpwxq.top,1580cceb-982e-49ad-afef-dfe827d3354f,random_alnum_variable_len
qdwlwhgvm.top,1580cceb-982e-49ad-afef-dfe827d3354f,random_alnum_variable_len
ihgzczep.top,1580cceb-982e-49ad-afef-dfe827d3354f,random_alnum_variable_len
qtotwborede.top,1580cceb-982e-49ad-afef-dfe827d3354f,random_alnum_variable_len
xstuxetwp.top,1580cceb-982e-49ad-afef-dfe827d3354f,random_alnum_variable_len
wnovydu.top,1580cceb-982e-49ad-afef-dfe827d3354f,random_alnum_variable_len
erujepepmls.top,1580cceb-982e-49ad-afef-dfe827d3354f,random_alnum_variable_len
ebunupqv.top,1580cceb-982e-49ad-afef-dfe827d3354f,random_alnum_variable_len
psdctexq.top,1580cceb-982e-49ad-afef-dfe827d3354f,random_alnum_variable_len
rorkhon.top,1580cceb-982e-49ad-afef-dfe827d3354f,random_alnum_variable_len
kfujspm.top,1580cceb-982e-49ad-afef-dfe827d3354f,random_alnum_variable_len
jojanmpwjq.top,1580cceb-982e-49ad-afef-dfe827d3354f,random_alnum_variable_len
pmrizkdg.top,1580cceb-982e-49ad-afef-dfe827d3354f,random_alnum_variable_len
etenyzut.top,1580cceb-982e-49ad-afef-dfe827d3354f,random_alnum_variable_len
rgdadcrsf.top,1580cceb-982e-49ad-afef-dfe827d3354f,random_alnum_variable_len
wxcbonctsv.top,1580cceb-982e-49ad-afef-dfe827d3354f,random_alnum_variable_len
kjkncrylw.top,1580cceb-982e-49ad-afef-dfe827d3354f,random_alnum_variable_len
xsdizmdgx.top,1580cceb-982e-49ad-afef-dfe827d3354f,random_alnum_variable_len
xidsbilqj.top,1580cceb-982e-49ad-afef-dfe827d3354f,random_alnum_variable_len
sxqfyrklk.top,1580cceb-982e-49ad-afef-dfe827d3354f,random_alnum_variable_len
arqzyfqbot.top,1580cceb-982e-49ad-afef-dfe827d3354f,random_alnum_variable_len
fufsnebo.top,1580cceb-982e-49ad-afef-dfe827d3354f,random_alnum_variable_len
rotspqzy.top,1580cceb-982e-49ad-afef-dfe827d3354f,random_alnum_variable_len
rghkpolcvop.top,1580cceb-982e-49ad-afef-dfe827d3354f,random_alnum_variable_len
dyfctmf.top,1580cceb-982e-49ad-afef-dfe827d3354f,random_alnum_variable_len
zcpqzqbwxs.top,1580cceb-982e-49ad-afef-dfe827d3354f,random_alnum_variable_len
fezwjity.top,1580cceb-982e-49ad-afef-dfe827d3354f,random_alnum_variable_len
inotghebcd.top,1580cceb-982e-49ad-afef-dfe827d3354f,random_alnum_variable_len
tejedkbs.top,1580cceb-982e-49ad-afef-dfe827d3354f,random_alnum_variable_len
qpctmbwxy.top,1580cceb-982e-49ad-afef-dfe827d3354f,random_alnum_variable_len
upyfijk.top,1580cceb-982e-49ad-afef-dfe827d3354f,random_alnum_variable_len
dqnmfebmryt.top,1580cceb-982e-49ad-afef-dfe827d3354f,random_alnum_variable_len
cdqhopipqp.top,1580cceb-982e-49ad-afef-dfe827d3354f,random_alnum_variable_len
pijqbipwvm.top,1580cceb-982e-49ad-afef-dfe827d3354f,random_alnum_variable_len
cfelijgnmns.top,1580cceb-982e-49ad-afef-dfe827d3354f,random_alnum_variable_len
rqnknijqpa.top,1580cceb-982e-49ad-afef-dfe827d3354f,random_alnum_variable_len
rovmrwpk.top,1580cceb-982e-49ad-afef-dfe827d3354f,random_alnum_variable_len
wvqfyvqbihs.top,1580cceb-982e-49ad-afef-dfe827d3354f,random_alnum_variable_len
ulmhadyrmdm.top,1580cceb-982e-49ad-afef-dfe827d3354f,random_alnum_variable_len
bongbonibu.top,1580cceb-982e-49ad-afef-dfe827d3354f,random_alnum_variable_len
shwjopwh.top,1580cceb-982e-49ad-afef-dfe827d3354f,random_alnum_variable_len
odutwdqf.top,1580cceb-982e-49ad-afef-dfe827d3354f,random_alnum_variable_len
iterozgdo.top,1580cceb-982e-49ad-afef-dfe827d3354f,random_alnum_variable_len
wtsbcnml.top,1580cceb-982e-49ad-afef-dfe827d3354f,random_alnum_variable_len
upmdglyxaf.top,1580cceb-982e-49ad-afef-dfe827d3354f,random_alnum_variable_len
ehopstwbcb.top,1580cceb-982e-49ad-afef-dfe827d3354f,random_alnum_variable_len
zifazcn.top,1580cceb-982e-49ad-afef-dfe827d3354f,random_alnum_variable_len
ejsnghkvc.top,1580cceb-982e-49ad-afef-dfe827d3354f,random_alnum_variable_len
axqlizizmbg.top,1580cceb-982e-49ad-afef-dfe827d3354f,random_alnum_variable_len
ibytejc.top,1580cceb-982e-49ad-afef-dfe827d3354f,random_alnum_variable_len
ncrmfkh.top,1580cceb-982e-49ad-afef-dfe827d3354f,random_alnum_variable_len
glwpajmfif.top,1580cceb-982e-49ad-afef-dfe827d3354f,random_alnum_variable_len
zevqrcra.top,1580cceb-982e-49ad-afef-dfe827d3354f,random_alnum_variable_len
ozkzklqpo.top,1580cceb-982e-49ad-afef-dfe827d3354f,random_alnum_variable_len
ruzmtml.top,1580cceb-982e-49ad-afef-dfe827d3354f,random_alnum_variable_len
zgnmdehql.top,1580cceb-982e-49ad-afef-dfe827d3354f,random_alnum_variable_len
fwtwdwxyh.top,1580cceb-982e-49ad-afef-dfe827d3354f,random_alnum_variable_len
kzqdkvoly.top,1580cceb-982e-49ad-afef-dfe827d3354f,random_alnum_variable_len
jilifkv.top,1580cceb-982e-49ad-afef-dfe827d3354f,random_alnum_variable_len
dctmnedwx.top,1580cceb-982e-49ad-afef-dfe827d3354f,random_alnum_variable_len
nwfuvqre.top,1580cceb-982e-49ad-afef-dfe827d3354f,random_alnum_variable_len
vudkfgpmfe.top,1580cceb-982e-49ad-afef-dfe827d3354f,random_alnum_variable_len
tkpapsxebsf.top,1580cceb-982e-49ad-afef-dfe827d3354f,random_alnum_variable_len
wlklcxoz.top,1580cceb-982e-49ad-afef-dfe827d3354f,random_alnum_variable_len
lmxevmn.top,1580cceb-982e-49ad-afef-dfe827d3354f,random_alnum_variable_len
tcbgjwzyxu.top,1580cceb-982e-49ad-afef-dfe827d3354f,random_alnum_variable_len
putanmfqh.top,1580cceb-982e-49ad-afef-dfe827d3354f,random_alnum_variable_len
jktozqfmng.top,1580cceb-982e-49ad-afef-dfe827d3354f,random_alnum_variable_len
jitifkrahqh.top,1580cceb-982e-49ad-afef-dfe827d3354f,random_alnum_variable_len
jstqzqtufex.top,1580cceb-982e-49ad-afef-dfe827d3354f,random_alnum_variable_len
pmnkfupmvw.top,1580cceb-982e-49ad-afef-dfe827d3354f,random_alnum_variable_len
mhkbkzgfkj.top,1580cceb-982e-49ad-afef-dfe827d3354f,random_alnum_variable_len
vkhwnot.top,1580cceb-982e-49ad-afef-dfe827d3354f,random_alnum_variable_len
bsvwfkd.top,1580cceb-982e-49ad-afef-dfe827d3354f,random_alnum_variable_len
ijszixorgz.top,1580cceb-982e-49ad-afef-dfe827d3354f,random_alnum_variable_len
srkfifstex.top,1580cceb-982e-49ad-afef-dfe827d3354f,random_alnum_variable_len
pmbohsjgz.top,1580cceb-982e-49ad-afef-dfe827d3354f,random_alnum_variable_len
fwtkzkzely.top,1580cceb-982e-49ad-afef-dfe827d3354f,random_alnum_variable_len
dmxadijoran.top,1580cceb-982e-49ad-afef-dfe827d3354f,random_alnum_variable_len
qjwzyfyjsze.top,1580cceb-982e-49ad-afef-dfe827d3354f,random_alnum_variable_len
evaryrcva.top,1580cceb-982e-49ad-afef-dfe827d3354f,random_alnum_variable_len
pwnulel.top,1580cceb-982e-49ad-afef-dfe827d3354f,random_alnum_variable_len
hudsvspazct.top,1580cceb-982e-49ad-afef-dfe827d3354f,random_alnum_variable_len
xqhanirgxap.top,1580cceb-982e-49ad-afef-dfe827d3354f,random_alnum_variable_len
xwtwdcbiv.top,1580cceb-982e-49ad-afef-dfe827d3354f,random_alnum_variable_len
lopmdcjuv.top,1580cceb-982e-49ad-afef-dfe827d3354f,random_alnum_variable_len
lotopyjyng.top,1580cceb-982e-49ad-afef-dfe827d3354f,random_alnum_variable_len
wjujwvihaf.top,1580cceb-982e-49ad-afef-dfe827d3354f,random_alnum_variable_len
bktqloxcp.top,1580cceb-982e-49ad-afef-dfe827d3354f,random_alnum_variable_len
czkvshsfkla.top,1580cceb-982e-49ad-afef-dfe827d3354f,random_alnum_variable_len
stmfmhi.top,1580cceb-982e-49ad-afef-dfe827d3354f,random_alnum_variable_len
axqnkpsvibg.top,1580cceb-982e-49ad-afef-dfe827d3354f,random_alnum_variable_len
nevwtujadw.top,1580cceb-982e-49ad-afef-dfe827d3354f,random_alnum_variable_len
jmfkdobshm.top,1580cceb-982e-49ad-afef-dfe827d3354f,random_alnum_variable_len
irqjaxyt.top,1580cceb-982e-49ad-afef-dfe827d3354f,random_alnum_variable_len
irotmzib.top,1580cceb-982e-49ad-afef-dfe827d3354f,random_alnum_variable_len
uvcbunmf.top,1580cceb-982e-49ad-afef-dfe827d3354f,random_alnum_variable_len
gzwfqzghgf.top,1580cceb-982e-49ad-afef-dfe827d3354f,random_alnum_variable_len
fcxslyf.top,1580cceb-982e-49ad-afef-dfe827d3354f,random_alnum_variable_len
taxqpit.top,1580cceb-982e-49ad-afef-dfe827d3354f,random_alnum_variable_len
cbajupsnspc.top,1580cceb-982e-49ad-afef-dfe827d3354f,random_alnum_variable_len
gtyfcze.top,1580cceb-982e-49ad-afef-dfe827d3354f,random_alnum_variable_len
rsvehix.top,1580cceb-982e-49ad-afef-dfe827d3354f,random_alnum_variable_len
fknibilq.top,1580cceb-982e-49ad-afef-dfe827d3354f,random_alnum_variable_len
rqtupcnyfk.top,1580cceb-982e-49ad-afef-dfe827d3354f,random_alnum_variable_len
mvgrafgfalw.top,1580cceb-982e-49ad-afef-dfe827d3354f,random_alnum_variable_len
dmfefsre.top,1580cceb-982e-49ad-afef-dfe827d3354f,random_alnum_variable_len
qrybgbg.top,1580cceb-982e-49ad-afef-dfe827d3354f,random_alnum_variable_len
gnmrwrkho.top,1580cceb-982e-49ad-afef-dfe827d3354f,random_alnum_variable_len
tmxuvahq.top,1580cceb-982e-49ad-afef-dfe827d3354f,random_alnum_variable_len
etsbyfuz.top,1580cceb-982e-49ad-afef-dfe827d3354f,random_alnum_variable_len
lqxujglcl.top,1580cceb-982e-49ad-afef-dfe827d3354f,random_alnum_variable_len
srolarab.top,1580cceb-982e-49ad-afef-dfe827d3354f,random_alnum_variable_len
dmvuzyr.top,1580cceb-982e-49ad-afef-dfe827d3354f,random_alnum_variable_len
jslahifw.top,1580cceb-982e-49ad-afef-dfe827d3354f,random_alnum_variable_len
eduvmpyhi.top,1580cceb-982e-49ad-afef-dfe827d3354f,random_alnum_variable_len
hizmdobg.top,1580cceb-982e-49ad-afef-dfe827d3354f,random_alnum_variable_len
sridelchk.top,1580cceb-982e-49ad-afef-dfe827d3354f,random_alnum_variable_len
otgtetsz.top,1580cceb-982e-49ad-afef-dfe827d3354f,random_alnum_variable_len
vkrmdanydgt.top,1580cceb-982e-49ad-afef-dfe827d3354f,random_alnum_variable_len
psnklwhqvkj.top,1580cceb-982e-49ad-afef-dfe827d3354f,random_alnum_variable_len
rmdobar.top,1580cceb-982e-49ad-afef-dfe827d3354f,random_alnum_variable_len
ujwnixyby.top,1580cceb-982e-49ad-afef-dfe827d3354f,random_alnum_variable_len
anynwtqt.top,1580cceb-982e-49ad-afef-dfe827d3354f,random_alnum_variable_len
razozsret.top,1580cceb-982e-49ad-afef-dfe827d3354f,random_alnum_variable_len
uxyvgxovi.top,1580cceb-982e-49ad-afef-dfe827d3354f,random_alnum_variable_len
zkvydcdwr.top,1580cceb-982e-49ad-afef-dfe827d3354f,random_alnum_variable_len
zoxgjivs.top,1580cceb-982e-49ad-afef-dfe827d3354f,random_alnum_variable_len
wlotqlsrcjo.top,1580cceb-982e-49ad-afef-dfe827d3354f,random_alnum_variable_len
sdedifat.top,1580cceb-982e-49ad-afef-dfe827d3354f,random_alnum_variable_len
wfsrmvob.top,1580cceb-982e-49ad-afef-dfe827d3354f,random_alnum_variable_len
vinifip.top,1580cceb-982e-49ad-afef-dfe827d3354f,random_alnum_variable_len
jwnalulc.top,1580cceb-982e-49ad-afef-dfe827d3354f,random_alnum_variable_len
mhsbmho.top,1580cceb-982e-49ad-afef-dfe827d3354f,random_alnum_variable_len
xiterctyhot.top,1580cceb-982e-49ad-afef-dfe827d3354f,random_alnum_variable_len
hgpabitk.top,1580cceb-982e-49ad-afef-dfe827d3354f,random_alnum_variable_len
bynelkhony.top,1580cceb-982e-49ad-afef-dfe827d3354f,random_alnum_variable_len
cvmdipovux.top,1580cceb-982e-49ad-afef-dfe827d3354f,random_alnum_variable_len
ejclibwdehu.top,1580cceb-982e-49ad-afef-dfe827d3354f,random_alnum_variable_len
ibyzynatu.top,1580cceb-982e-49ad-afef-dfe827d3354f,random_alnum_variable_len
mjsfgtqvuxc.top,1580cceb-982e-49ad-afef-dfe827d3354f,random_alnum_variable_len
relyfmfqjax.top,1580cceb-982e-49ad-afef-dfe827d3354f,random_alnum_variable_len
ulsdsxo.top,1580cceb-982e-49ad-afef-dfe827d3354f,random_alnum_variable_len
fijolyn.top,1580cceb-982e-49ad-afef-dfe827d3354f,random_alnum_variable_len
nqzalktcrgx.top,1580cceb-982e-49ad-afef-dfe827d3354f,random_alnum_variable_len
xgjmrwzgz.top,1580cceb-982e-49ad-afef-dfe827d3354f,random_alnum_variable_len
sjkpwteroly.top,1580cceb-982e-49ad-afef-dfe827d3354f,random_alnum_variable_len
ihojkryv.top,1580cceb-982e-49ad-afef-dfe827d3354f,random_alnum_variable_len
delepglg.top,1580cceb-982e-49ad-afef-dfe827d3354f,random_alnum_variable_len
xqbcnmfebq.top,1580cceb-982e-49ad-afef-dfe827d3354f,random_alnum_variable_len
mfwjgvwrsr.top,1580cceb-982e-49ad-afef-dfe827d3354f,random_alnum_variable_len
lapcfudmrkz.top,1580cceb-982e-49ad-afef-dfe827d3354f,random_alnum_variable_len
fsfkrkviz.top,1580cceb-982e-49ad-afef-dfe827d3354f,random_alnum_variable_len
wxmlkzul.top,1580cceb-982e-49ad-afef-dfe827d3354f,random_alnum_variable_len
gpwraxotod.top,1580cceb-982e-49ad-afef-dfe827d3354f,random_alnum_variable_len
cbgtgzy.top,1580cceb-982e-49ad-afef-dfe827d3354f,random_alnum_variable_len
psnizybmf.top,1580cceb-982e-49ad-afef-dfe827d3354f,random_alnum_variable_len
yjwpyfwxcf.top,1580cceb-982e-49ad-afef-dfe827d3354f,random_alnum_variable_len
lcxklur.top,1580cceb-982e-49ad-afef-dfe827d3354f,random_alnum_variable_len
xgxydklqvwp.top,1580cceb-982e-49ad-afef-dfe827d3354f,random_alnum_variable_len
hcrmlqd.top,1580cceb-982e-49ad-afef-dfe827d3354f,random_alnum_variable_len
ylqrgne.top,1580cceb-982e-49ad-afef-dfe827d3354f,random_alnum_variable_len
jghatkx.top,1580cceb-982e-49ad-afef-dfe827d3354f,random_alnum_variable_len
jyzqjifq.top,1580cceb-982e-49ad-afef-dfe827d3354f,random_alnum_variable_len
lgjolermnof.top,1580cceb-982e-49ad-afef-dfe827d3354f,random_alnum_variable_len
xqjsdgvi.top,1580cceb-982e-49ad-afef-dfe827d3354f,random_alnum_variable_len
ghqhgbuzwpo.top,1580cceb-982e-49ad-afef-dfe827d3354f,random_alnum_variable_len
snkdancbw.top,1580cceb-982e-49ad-afef-dfe827d3354f,random_alnum_variable_len
uvwjozcnid.top,1580cceb-982e-49ad-afef-dfe827d3354f,random_alnum_variable_len
zctkpibq.top,1580cceb-982e-49ad-afef-dfe827d3354f,random_alnum_variable_len
olkjcvgr.top,1580cceb-982e-49ad-afef-dfe827d3354f,random_alnum_variable_len
qjyxwjqhqn.top,1580cceb-982e-49ad-afef-dfe827d3354f,random_alnum_variable_len
slglmpwdsxm.top,1580cceb-982e-49ad-afef-dfe827d3354f,random_alnum_variable_len
edkxevoza.top,1580cceb-982e-49ad-afef-dfe827d3354f,random_alnum_variable_len
efybajepkt.top,1580cceb-982e-49ad-afef-dfe827d3354f,random_alnum_variable_len
ijmlytgziti.top,1580cceb-982e-49ad-afef-dfe827d3354f,random_alnum_variable_len
gvwbwdk.top,1580cceb-982e-49ad-afef-dfe827d3354f,random_alnum_variable_len
rcfotwjyn.top,1580cceb-982e-49ad-afef-dfe827d3354f,random_alnum_variable_len
ojkpcrgpixm.top,1580cceb-982e-49ad-afef-dfe827d3354f,random_alnum_variable_len
urorkhqn.top,1580cceb-982e-49ad-afef-dfe827d3354f,random_alnum_variable_len
bcrwvmxmhe.top,1580cceb-982e-49ad-afef-dfe827d3354f,random_alnum_variable_len
xcnyfgxmtgh.top,1580cceb-982e-49ad-afef-dfe827d3354f,random_alnum_variable_len
qtgfwraj.top,1580cceb-982e-49ad-afef-dfe827d3354f,random_alnum_variable_len
ghypihkru.top,1580cceb-982e-49ad-afef-dfe827d3354f,random_alnum_variable_len
hgnqfajgb.top,1580cceb-982e-49ad-afef-dfe827d3354f,random_alnum_variable_len
nalmlcring.top,1580cceb-982e-49ad-afef-dfe827d3354f,random_alnum_variable_len
qjonajapq.top,1580cceb-982e-49ad-afef-dfe827d3354f,random_alnum_variable_len
pkryrojev.top,1580cceb-982e-49ad-afef-dfe827d3354f,random_alnum_variable_len
ehmlsxib.top,1580cceb-982e-49ad-afef-dfe827d3354f,random_alnum_variable_len
lshmdgz.top,1580cceb-982e-49ad-afef-dfe827d3354f,random_alnum_variable_len
hkzqjatqhw.top,1580cceb-982e-49ad-afef-dfe827d3354f,random_alnum_variable_len
yngfcbylu.top,1580cceb-982e-49ad-afef-dfe827d3354f,random_alnum_variable_len
ststkbkretu.top,1580cceb-982e-49ad-afef-dfe827d3354f,random_alnum_variable_len
ujsbuzgbmb.top,1580cceb-982e-49ad-afef-dfe827d3354f,random_alnum_variable_len
mletatyzgz.top,1580cceb-982e-49ad-afef-dfe827d3354f,random_alnum_variable_len
fsdszyfkxs.top,1580cceb-982e-49ad-afef-dfe827d3354f,random_alnum_variable_len
tunafchqzi.top,1580cceb-982e-49ad-afef-dfe827d3354f,random_alnum_variable_len
ixevqlyjwv.top,1580cceb-982e-49ad-afef-dfe827d3354f,random_alnum_variable_len
dgperub.top,1580cceb-982e-49ad-afef-dfe827d3354f,random_alnum_variable_len
hgxkhkzunk.top,1580cceb-982e-49ad-afef-dfe827d3354f,random_alnum_variable_len
lalypsb.top,1580cceb-982e-49ad-afef-dfe827d3354f,random_alnum_variable_len
jihyvmpqv.top,1580cceb-982e-49ad-afef-dfe827d3354f,random_alnum_variable_len
szgxadk.top,1580cceb-982e-49ad-afef-dfe827d3354f,random_alnum_variable_len
bgxqparmfkl.top,1580cceb-982e-49ad-afef-dfe827d3354f,random_alnum_variable_len
pmvqdihqxgd.top,1580cceb-982e-49ad-afef-dfe827d3354f,random_alnum_variable_len
abqrmdyd.top,1580cceb-982e-49ad-afef-dfe827d3354f,random_alnum_variable_len
ansvolwvsvu.top,1580cceb-982e-49ad-afef-dfe827d3354f,random_alnum_variable_len
abidanyvir.top,1580cceb-982e-49ad-afef-dfe827d3354f,random_alnum_variable_len
rehqzgzo.top,1580cceb-982e-49ad-afef-dfe827d3354f,random_alnum_variable_len
olgxgrq.top,1580cceb-982e-49ad-afef-dfe827d3354f,random_alnum_variable_len
tknctifwrk.top,1580cceb-982e-49ad-afef-dfe827d3354f,random_alnum_variable_len
pefirqnw.top,1580cceb-982e-49ad-afef-dfe827d3354f,random_alnum_variable_len
sbwfwvs.top,1580cceb-982e-49ad-afef-dfe827d3354f,random_alnum_variable_len
sxkxkvg.top,1580cceb-982e-49ad-afef-dfe827d3354f,random_alnum_variable_len
vslgfcva.top,1580cceb-982e-49ad-afef-dfe827d3354f,random_alnum_variable_len
vedwdklshc.top,1580cceb-982e-49ad-afef-dfe827d3354f,random_alnum_variable_len
etmbuhozq.top,1580cceb-982e-49ad-afef-dfe827d3354f,random_alnum_variable_len
cpudmvqz.top,1580cceb-982e-49ad-afef-dfe827d3354f,random_alnum_variable_len
badodqdsbc.top,1580cceb-982e-49ad-afef-dfe827d3354f,random_alnum_variable_len
uvurybo.top,1580cceb-982e-49ad-afef-dfe827d3354f,random_alnum_variable_len
qvmnyrkhivs.top,1580cceb-982e-49ad-afef-dfe827d3354f,random_alnum_variable_len
yxejonerit.top,1580cceb-982e-49ad-afef-dfe827d3354f,random_alnum_variable_len
uhkhadov.top,1580cceb-982e-49ad-afef-dfe827d3354f,random_alnum_variable_len
dorajsts.top,1580cceb-982e-49ad-afef-dfe827d3354f,random_alnum_variable_len
robujed.top,1580cceb-982e-49ad-afef-dfe827d3354f,random_alnum_variable_len
yporsvq.top,1580cceb-982e-49ad-afef-dfe827d3354f,random_alnum_variable_len
rudajmx.top,1580cceb-982e-49ad-afef-dfe827d3354f,random_alnum_variable_len
ropqfmlubm.top,1580cceb-982e-49ad-afef-dfe827d3354f,random_alnum_variable_len
nulebkn.top,1580cceb-982e-49ad-afef-dfe827d3354f,random_alnum_variable_len
ybwvmncb.top,1580cceb-982e-49ad-afef-dfe827d3354f,random_alnum_variable_len
dodulshkf.top,1580cceb-982e-49ad-afef-dfe827d3354f,random_alnum_variable_len
xkdsbut.top,1580cceb-982e-49ad-afef-dfe827d3354f,random_alnum_variable_len
qvkvedwvcvu.top,1580cceb-982e-49ad-afef-dfe827d3354f,random_alnum_variable_len
qpklevkbaji.top,1580cceb-982e-49ad-afef-dfe827d3354f,random_alnum_variable_len
hezsjipe.top,1580cceb-982e-49ad-afef-dfe827d3354f,random_alnum_variable_len
khqjwrctcja.top,1580cceb-982e-49ad-afef-dfe827d3354f,random_alnum_variable_len
pavqnkv.top,1580cceb-982e-49ad-afef-dfe827d3354f,random_alnum_variable_len
czwdidu.top,1580cceb-982e-49ad-afef-dfe827d3354f,random_alnum_variable_len
toxszabqh.top,1580cceb-982e-49ad-afef-dfe827d3354f,random_alnum_variable_len
ilipozwdit.top,1580cceb-982e-49ad-afef-dfe827d3354f,random_alnum_variable_len
fqrmzqp.top,1580cceb-982e-49ad-afef-dfe827d3354f,random_alnum_variable_len
ixubkjmhi.top,1580cceb-982e-49ad-afef-dfe827d3354f,random_alnum_variable_len
wzibqrunwpa.top,1580cceb-982e-49ad-afef-dfe827d3354f,random_alnum_variable_len
gzslapk.top,1580cceb-982e-49ad-afef-dfe827d3354f,random_alnum_variable_len
ylefwnyvyr.top,1580cceb-982e-49ad-afef-dfe827d3354f,random_alnum_variable_len
zktqtkt.top,1580cceb-982e-49ad-afef-dfe827d3354f,random_alnum_variable_len
clwxmjyho.top,1580cceb-982e-49ad-afef-dfe827d3354f,random_alnum_variable_len
jobyfync.top,1580cceb-982e-49ad-afef-dfe827d3354f,random_alnum_variable_len
mnwdatm.top,1580cceb-982e-49ad-afef-dfe827d3354f,random_alnum_variable_len
jmnslwdydo.top,1580cceb-982e-49ad-afef-dfe827d3354f,random_alnum_variable_len
qhavipmh.top,1580cceb-982e-49ad-afef-dfe827d3354f,random_alnum_variable_len
qbexefsfk.top,1580cceb-982e-49ad-afef-dfe827d3354f,random_alnum_variable_len
jwxsnqfy.top,1580cceb-982e-49ad-afef-dfe827d3354f,random_alnum_variable_len
ynctmdst.top,1580cceb-982e-49ad-afef-dfe827d3354f,random_alnum_variable_len
jmbwxclcfoh.top,1580cceb-982e-49ad-afef-dfe827d3354f,random_alnum_variable_len
efyhyvwb.top,1580cceb-982e-49ad-afef-dfe827d3354f,random_alnum_variable_len
bajabwxyrsb.top,1580cceb-982e-49ad-afef-dfe827d3354f,random_alnum_variable_len
vmbeteh.top,1580cceb-982e-49ad-afef-dfe827d3354f,random_alnum_variable_len
nsdolqni.top,1580cceb-982e-49ad-afef-dfe827d3354f,random_alnum_variable_len
azubsjkj.top,1580cceb-982e-49ad-afef-dfe827d3354f,random_alnum_variable_len
qfarunefap.top,1580cceb-982e-49ad-afef-dfe827d3354f,random_alnum_variable_len
krsropehe.top,1580cceb-982e-49ad-afef-dfe827d3354f,random_alnum_variable_len
yzcbetebiji.top,1580cceb-982e-49ad-afef-dfe827d3354f,random_alnum_variable_len
ongnuxqhe.top,1580cceb-982e-49ad-afef-dfe827d3354f,random_alnum_variable_len
lsbevktm.top,1580cceb-982e-49ad-afef-dfe827d3354f,random_alnum_variable_len
doxchadchcp.top,1580cceb-982e-49ad-afef-dfe827d3354f,random_alnum_variable_len
shwdcdcfc.top,1580cceb-982e-49ad-afef-dfe827d3354f,random_alnum_variable_len
bwtqxwzyj.top,1580cceb-982e-49ad-afef-dfe827d3354f,random_alnum_variable_len
verevufen.top,1580cceb-982e-49ad-afef-dfe827d3354f,random_alnum_variable_len
totslkz.top,1580cceb-982e-49ad-afef-dfe827d3354f,random_alnum_variable_len
etmfybenshi.top,1580cceb-982e-49ad-afef-dfe827d3354f,random_alnum_variable_len
nufyxep.top,1580cceb-982e-49ad-afef-dfe827d3354f,random_alnum_variable_len
cdodsju.top,1580cceb-982e-49ad-afef-dfe827d3354f,random_alnum_variable_len
spcpqjip.top,1580cceb-982e-49ad-afef-dfe827d3354f,random_alnum_variable_len
afwdefivi.top,1580cceb-982e-49ad-afef-dfe827d3354f,random_alnum_variable_len
nqtypypy.top,1580cceb-982e-49ad-afef-dfe827d3354f,random_alnum_variable_len
pabwdqx.top,1580cceb-982e-49ad-afef-dfe827d3354f,random_alnum_variable_len
tqtmhovwno.top,1580cceb-982e-49ad-afef-dfe827d3354f,random_alnum_variable_len
odtvfpacyic.info,25f5e52e-8746-42ae-bb76-fc7c5b7f8e3a,random_alnum_variable_len
egmcwegkgc.org,25f5e52e-8746-42ae-bb76-fc7c5b7f8e3a,random_alnum_variable_len
odfyxanwv.info,25f5e52e-8746-42ae-bb76-fc7c5b7f8e3a,random_alnum_variable_len
dkmcmdmwza.net,25f5e52e-8746-42ae-bb76-fc7c5b7f8e3a,random_alnum_variable_len
vgbdldhcracx.info,25f5e52e-8746-42ae-bb76-fc7c5b7f8e3a,random_alnum_variable_len
vcdwussatkh.org,25f5e52e-8746-42ae-bb76-fc7c5b7f8e3a,random_alnum_variable_len
jjzgzgnkuvf.net,25f5e52e-8746-42ae-bb76-fc7c5b7f8e3a,random_alnum_variable_len
tgfetn.net,25f5e52e-8746-42ae-bb76-fc7c5b7f8e3a,random_alnum_variable_len
xwzcfilknqt.info,25f5e52e-8746-42ae-bb76-fc7c5b7f8e3a,random_alnum_variable_len
uyyikieoqomv.net,25f5e52e-8746-42ae-bb76-fc7c5b7f8e3a,random_alnum_variable_len
jtlojiqhtusv.info,25f5e52e-8746-42ae-bb76-fc7c5b7f8e3a,random_alnum_variable_len
wdvcdzbqsex.info,25f5e52e-8746-42ae-bb76-fc7c5b7f8e3a,random_alnum_variable_len
rcecbehftmv.org,25f5e52e-8746-42ae-bb76-fc7c5b7f8e3a,random_alnum_variable_len
evlezypifj.net,25f5e52e-8746-42ae-bb76-fc7c5b7f8e3a,random_alnum_variable_len
ycikaiyweg.org,25f5e52e-8746-42ae-bb76-fc7c5b7f8e3a,random_alnum_variable_len
csxoqqvgncd.net,25f5e52e-8746-42ae-bb76-fc7c5b7f8e3a,random_alnum_variable_len
kgajlssz.net,25f5e52e-8746-42ae-bb76-fc7c5b7f8e3a,random_alnum_variable_len
wsomgqsysa.org,25f5e52e-8746-42ae-bb76-fc7c5b7f8e3a,random_alnum_variable_len
cabitxc.info,25f5e52e-8746-42ae-bb76-fc7c5b7f8e3a,random_alnum_variable_len
yhfnklkjcfbb.info,25f5e52e-8746-42ae-bb76-fc7c5b7f8e3a,random_alnum_variable_len
gkkjfqq.info,25f5e52e-8746-42ae-bb76-fc7c5b7f8e3a,random_alnum_variable_len
bhgcyyfwfita.info,25f5e52e-8746-42ae-bb76-fc7c5b7f8e3a,random_alnum_variable_len
zccbvog.com,25f5e52e-8746-42ae-bb76-fc7c5b7f8e3a,random_alnum_variable_len
kqccikgsewqq.org,25f5e52e-8746-42ae-bb76-fc7c5b7f8e3a,random_alnum_variable_len
pmlkrjxyluq.info,25f5e52e-8746-42ae-bb76-fc7c5b7f8e3a,random_alnum_variable_len
pllpbe.net,25f5e52e-8746-42ae-bb76-fc7c5b7f8e3a,random_alnum_variable_len
zxszrw.net,25f5e52e-8746-42ae-bb76-fc7c5b7f8e3a,random_alnum_variable_len
lsgtoxcvhj.net,25f5e52e-8746-42ae-bb76-fc7c5b7f8e3a,random_alnum_variable_len
jxxvunos.net,25f5e52e-8746-42ae-bb76-fc7c5b7f8e3a,random_alnum_variable_len
mwcjhlejdv.info,25f5e52e-8746-42ae-bb76-fc7c5b7f8e3a,random_alnum_variable_len
aqosmgsizyh.info,25f5e52e-8746-42ae-bb76-fc7c5b7f8e3a,random_alnum_variable_len
zcjuvqyokrd.org,25f5e52e-8746-42ae-bb76-fc7c5b7f8e3a,random_alnum_variable_len
ibvbdi.net,25f5e52e-8746-42ae-bb76-fc7c5b7f8e3a,random_alnum_variable_len
ffigspfv.net,25f5e52e-8746-42ae-bb76-fc7c5b7f8e3a,random_alnum_variable_len
dgtsnnn.net,25f5e52e-8746-42ae-bb76-fc7c5b7f8e3a,random_alnum_variable_len
xftlnwlszq.info,25f5e52e-8746-42ae-bb76-fc7c5b7f8e3a,random_alnum_variable_len
iwmhxe.info,25f5e52e-8746-42ae-bb76-fc7c5b7f8e3a,random_alnum_variable_len
bulufkhwphe.com,25f5e52e-8746-42ae-bb76-fc7c5b7f8e3a,random_alnum_variable_len
ooezqqj.info,25f5e52e-8746-42ae-bb76-fc7c5b7f8e3a,random_alnum_variable_len
aqseeggkcgwe.com,25f5e52e-8746-42ae-bb76-fc7c5b7f8e3a,random_alnum_variable_len
ukwsmgosye.org,25f5e52e-8746-42ae-bb76-fc7c5b7f8e3a,random_alnum_variable_len
cbdajwe.net,25f5e52e-8746-42ae-bb76-fc7c5b7f8e3a,random_alnum_variable_len
tuzqjjjwnkd.org,25f5e52e-8746-42ae-bb76-fc7c5b7f8e3a,random_alnum_variable_len
gprijfxzam.info,25f5e52e-8746-42ae-bb76-fc7c5b7f8e3a,random_alnum_variable_len
fxdnlgmwhtp.net,25f5e52e-8746-42ae-bb76-fc7c5b7f8e3a,random_alnum_variable_len
ydbjuxpb.info,25f5e52e-8746-42ae-bb76-fc7c5b7f8e3a,random_alnum_variable_len
vohrcbvhtj.net,25f5e52e-8746-42ae-bb76-fc7c5b7f8e3a,random_alnum_variable_len
uobwbpyqd.net,25f5e52e-8746-42ae-bb76-fc7c5b7f8e3a,random_alnum_variable_len
tcuilpks.net,25f5e52e-8746-42ae-bb76-fc7c5b7f8e3a,random_alnum_variable_len
nlhfzuhrjg.info,25f5e52e-8746-42ae-bb76-fc7c5b7f8e3a,random_alnum_variable_len
okbuciv.info,25f5e52e-8746-42ae-bb76-fc7c5b7f8e3a,random_alnum_variable_len
fdvkjubha.info,25f5e52e-8746-42ae-bb76-fc7c5b7f8e3a,random_alnum_variable_len
otbimcahka.info,25f5e52e-8746-42ae-bb76-fc7c5b7f8e3a,random_alnum_variable_len
nwzpamh.com,25f5e52e-8746-42ae-bb76-fc7c5b7f8e3a,random_alnum_variable_len
vibezgv.org,25f5e52e-8746-42ae-bb76-fc7c5b7f8e3a,random_alnum_variable_len
qpwzefsvuc.info,25f5e52e-8746-42ae-bb76-fc7c5b7f8e3a,random_alnum_variable_len
haoedkr.com,25f5e52e-8746-42ae-bb76-fc7c5b7f8e3a,random_alnum_variable_len
rmtckr.info,25f5e52e-8746-42ae-bb76-fc7c5b7f8e3a,random_alnum_variable_len
xczszut.net,25f5e52e-8746-42ae-bb76-fc7c5b7f8e3a,random_alnum_variable_len
viqwdxweteb.com,25f5e52e-8746-42ae-bb76-fc7c5b7f8e3a,random_alnum_variable_len
jtqpoz.info,25f5e52e-8746-42ae-bb76-fc7c5b7f8e3a,random_alnum_variable_len
byvotgb.info,25f5e52e-8746-42ae-bb76-fc7c5b7f8e3a,random_alnum_variable_len
uwbivql.net,25f5e52e-8746-42ae-bb76-fc7c5b7f8e3a,random_alnum_variable_len
fefyzcjcp.net,25f5e52e-8746-42ae-bb76-fc7c5b7f8e3a,random_alnum_variable_len
galsnernz.net,25f5e52e-8746-42ae-bb76-fc7c5b7f8e3a,random_alnum_variable_len
oefnlpuf.net,25f5e52e-8746-42ae-bb76-fc7c5b7f8e3a,random_alnum_variable_len
fuzzpoptv.net,25f5e52e-8746-42ae-bb76-fc7c5b7f8e3a,random_alnum_variable_len
xgdknghqfsd.org,25f5e52e-8746-42ae-bb76-fc7c5b7f8e3a,random_alnum_variable_len
forkxepclmh.com,25f5e52e-8746-42ae-bb76-fc7c5b7f8e3a,random_alnum_variable_len
nenbrosr.net,25f5e52e-8746-42ae-bb76-fc7c5b7f8e3a,random_alnum_variable_len
zmsmvorkfmv.org,25f5e52e-8746-42ae-bb76-fc7c5b7f8e3a,random_alnum_variable_len
uhjacavkr.net,25f5e52e-8746-42ae-bb76-fc7c5b7f8e3a,random_alnum_variable_len
iukmisco.com,25f5e52e-8746-42ae-bb76-fc7c5b7f8e3a,random_alnum_variable_len
laordjgdtdbl.info,25f5e52e-8746-42ae-bb76-fc7c5b7f8e3a,random_alnum_variable_len
vefvlinjtipg.net,25f5e52e-8746-42ae-bb76-fc7c5b7f8e3a,random_alnum_variable_len
nqrtrqpjg.net,25f5e52e-8746-42ae-bb76-fc7c5b7f8e3a,random_alnum_variable_len
vykiwchqetwf.net,25f5e52e-8746-42ae-bb76-fc7c5b7f8e3a,random_alnum_variable_len
ctxjhgsq.net,25f5e52e-8746-42ae-bb76-fc7c5b7f8e3a,random_alnum_variable_len
bihoopbgx.net,25f5e52e-8746-42ae-bb76-fc7c5b7f8e3a,random_alnum_variable_len
jzgediwvgzb.com,25f5e52e-8746-42ae-bb76-fc7c5b7f8e3a,random_alnum_variable_len
bmcsdm.net,25f5e52e-8746-42ae-bb76-fc7c5b7f8e3a,random_alnum_variable_len
qbschjsu.info,25f5e52e-8746-42ae-bb76-fc7c5b7f8e3a,random_alnum_variable_len
gsbtkizgbjh.net,25f5e52e-8746-42ae-bb76-fc7c5b7f8e3a,random_alnum_variable_len
rkdpry.net,25f5e52e-8746-42ae-bb76-fc7c5b7f8e3a,random_alnum_variable_len
binmrcfctug.com,25f5e52e-8746-42ae-bb76-fc7c5b7f8e3a,random_alnum_variable_len
lkqwsoashijj.info,25f5e52e-8746-42ae-bb76-fc7c5b7f8e3a,random_alnum_variable_len
hhuhhb.net,25f5e52e-8746-42ae-bb76-fc7c5b7f8e3a,random_alnum_variable_len
skkuqgd.info,25f5e52e-8746-42ae-bb76-fc7c5b7f8e3a,random_alnum_variable_len
qfcfrrrqkk.net,25f5e52e-8746-42ae-bb76-fc7c5b7f8e3a,random_alnum_variable_len
kdsitmwqclqv.info,25f5e52e-8746-42ae-bb76-fc7c5b7f8e3a,random_alnum_variable_len
wqgyiqyaec.com,25f5e52e-8746-42ae-bb76-fc7c5b7f8e3a,random_alnum_variable_len
jfphcqoclx.info,25f5e52e-8746-42ae-bb76-fc7c5b7f8e3a,random_alnum_variable_len
iyaiqciwaq.org,25f5e52e-8746-42ae-bb76-fc7c5b7f8e3a,random_alnum_variable_len
jimpkwdet.net,25f5e52e-8746-42ae-bb76-fc7c5b7f8e3a,random_alnum_variable_len
mwrdmdqofwc.net,25f5e52e-8746-42ae-bb76-fc7c5b7f8e3a,random_alnum_variable_len
rufcxivtjwo.net,25f5e52e-8746-42ae-bb76-fc7c5b7f8e3a,random_alnum_variable_len
busuhzezzk.info,25f5e52e-8746-42ae-bb76-fc7c5b7f8e3a,random_alnum_variable_len
qgrqvqfcujky.net,25f5e52e-8746-42ae-bb76-fc7c5b7f8e3a,random_alnum_variable_len
cllueoayjxah.info,25f5e52e-8746-42ae-bb76-fc7c5b7f8e3a,random_alnum_variable_len
eikdpelh.info,25f5e52e-8746-42ae-bb76-fc7c5b7f8e3a,random_alnum_variable_len
oadqiubczep.info,25f5e52e-8746-42ae-bb76-fc7c5b7f8e3a,random_alnum_variable_len
setprq.net,25f5e52e-8746-42ae-bb76-fc7c5b7f8e3a,random_alnum_variable_len
obntbqx.net,25f5e52e-8746-42ae-bb76-fc7c5b7f8e3a,random_alnum_variable_len
brnkqzt.info,25f5e52e-8746-42ae-bb76-fc7c5b7f8e3a,random_alnum_variable_len
iqbuujchfgy.net,25f5e52e-8746-42ae-bb76-fc7c5b7f8e3a,random_alnum_variable_len
cknmzgjvdwb.info,25f5e52e-8746-42ae-bb76-fc7c5b7f8e3a,random_alnum_variable_len
yydgfefszas.info,25f5e52e-8746-42ae-bb76-fc7c5b7f8e3a,random_alnum_variable_len
pfydcn.info,25f5e52e-8746-42ae-bb76-fc7c5b7f8e3a,random_alnum_variable_len
wsnsbwdsbsb.net,25f5e52e-8746-42ae-bb76-fc7c5b7f8e3a,random_alnum_variable_len
gkpyvmzqvya.net,25f5e52e-8746-42ae-bb76-fc7c5b7f8e3a,random_alnum_variable_len
hxkdpwoi.net,25f5e52e-8746-42ae-bb76-fc7c5b7f8e3a,random_alnum_variable_len
ayzinshyhwf.info,25f5e52e-8746-42ae-bb76-fc7c5b7f8e3a,random_alnum_variable_len
wcmsiy.org,25f5e52e-8746-42ae-bb76-fc7c5b7f8e3a,random_alnum_variable_len
skwikvxdnipk.info,25f5e52e-8746-42ae-bb76-fc7c5b7f8e3a,random_alnum_variable_len
bxbumgsicuwr.net,25f5e52e-8746-42ae-bb76-fc7c5b7f8e3a,random_alnum_variable_len
rzhnxfmrap.net,25f5e52e-8746-42ae-bb76-fc7c5b7f8e3a,random_alnum_variable_len
nyqptvku.net,25f5e52e-8746-42ae-bb76-fc7c5b7f8e3a,random_alnum_variable_len
nwzueye.org,25f5e52e-8746-42ae-bb76-fc7c5b7f8e3a,random_alnum_variable_len
bmycxsxzjg.info,25f5e52e-8746-42ae-bb76-fc7c5b7f8e3a,random_alnum_variable_len
oeaewo.org,25f5e52e-8746-42ae-bb76-fc7c5b7f8e3a,random_alnum_variable_len
qurtvsh.info,25f5e52e-8746-42ae-bb76-fc7c5b7f8e3a,random_alnum_variable_len
kwafznkeepf.net,25f5e52e-8746-42ae-bb76-fc7c5b7f8e3a,random_alnum_variable_len
zavxxsh.org,25f5e52e-8746-42ae-bb76-fc7c5b7f8e3a,random_alnum_variable_len
qcbpdat.net,25f5e52e-8746-42ae-bb76-fc7c5b7f8e3a,random_alnum_variable_len
zpxkzcoa.net,25f5e52e-8746-42ae-bb76-fc7c5b7f8e3a,random_alnum_variable_len
mzblfh.net,25f5e52e-8746-42ae-bb76-fc7c5b7f8e3a,random_alnum_variable_len
uqmwcw.org,25f5e52e-8746-42ae-bb76-fc7c5b7f8e3a,random_alnum_variable_len
hyxcfijkgrj.info,25f5e52e-8746-42ae-bb76-fc7c5b7f8e3a,random_alnum_variable_len
pytejaftr.info,25f5e52e-8746-42ae-bb76-fc7c5b7f8e3a,random_alnum_variable_len
wodcfgv.info,25f5e52e-8746-42ae-bb76-fc7c5b7f8e3a,random_alnum_variable_len
ymverzb.net,25f5e52e-8746-42ae-bb76-fc7c5b7f8e3a,random_alnum_variable_len
wtpryf.net,25f5e52e-8746-42ae-bb76-fc7c5b7f8e3a,random_alnum_variable_len
mwvqwebjf.net,25f5e52e-8746-42ae-bb76-fc7c5b7f8e3a,random_alnum_variable_len
atullgmwxbek.net,25f5e52e-8746-42ae-bb76-fc7c5b7f8e3a,random_alnum_variable_len
goemlwaopyr.net,25f5e52e-8746-42ae-bb76-fc7c5b7f8e3a,random_alnum_variable_len
uqtorgr.info,25f5e52e-8746-42ae-bb76-fc7c5b7f8e3a,random_alnum_variable_len
mldgjwnvegv.info,25f5e52e-8746-42ae-bb76-fc7c5b7f8e3a,random_alnum_variable_len
skqxhduvvx.net,25f5e52e-8746-42ae-bb76-fc7c5b7f8e3a,random_alnum_variable_len
fewtpqnap.info,25f5e52e-8746-42ae-bb76-fc7c5b7f8e3a,random_alnum_variable_len
ykeacqim.com,25f5e52e-8746-42ae-bb76-fc7c5b7f8e3a,random_alnum_variable_len
uweonn.info,25f5e52e-8746-42ae-bb76-fc7c5b7f8e3a,random_alnum_variable_len
ouzjncrah.info,25f5e52e-8746-42ae-bb76-fc7c5b7f8e3a,random_alnum_variable_len
yepzlb.info,25f5e52e-8746-42ae-bb76-fc7c5b7f8e3a,random_alnum_variable_len
gpdwtvxuzw.info,25f5e52e-8746-42ae-bb76-fc7c5b7f8e3a,random_alnum_variable_len
qgxubwzsjtk.net,25f5e52e-8746-42ae-bb76-fc7c5b7f8e3a,random_alnum_variable_len
aanytibglx.net,25f5e52e-8746-42ae-bb76-fc7c5b7f8e3a,random_alnum_variable_len
nyfglbo.com,25f5e52e-8746-42ae-bb76-fc7c5b7f8e3a,random_alnum_variable_len
pexvhyd.net,25f5e52e-8746-42ae-bb76-fc7c5b7f8e3a,random_alnum_variable_len
qzuvwjjs.info,25f5e52e-8746-42ae-bb76-fc7c5b7f8e3a,random_alnum_variable_len
pglalzq.info,25f5e52e-8746-42ae-bb76-fc7c5b7f8e3a,random_alnum_variable_len
hjsndw.net,25f5e52e-8746-42ae-bb76-fc7c5b7f8e3a,random_alnum_variable_len
kogacsio.org,25f5e52e-8746-42ae-bb76-fc7c5b7f8e3a,random_alnum_variable_len
oyoubejqmu.net,25f5e52e-8746-42ae-bb76-fc7c5b7f8e3a,random_alnum_variable_len
ykpetcokb.info,25f5e52e-8746-42ae-bb76-fc7c5b7f8e3a,random_alnum_variable_len
vfxwemtoprf.com,25f5e52e-8746-42ae-bb76-fc7c5b7f8e3a,random_alnum_variable_len
nsvarlx.net,25f5e52e-8746-42ae-bb76-fc7c5b7f8e3a,random_alnum_variable_len
gnjfoi.net,25f5e52e-8746-42ae-bb76-fc7c5b7f8e3a,random_alnum_variable_len
ijwmiwdevbsc.net,25f5e52e-8746-42ae-bb76-fc7c5b7f8e3a,random_alnum_variable_len
jcrvbrhylhpe.net,25f5e52e-8746-42ae-bb76-fc7c5b7f8e3a,random_alnum_variable_len
fabxwrxynfkz.info,25f5e52e-8746-42ae-bb76-fc7c5b7f8e3a,random_alnum_variable_len
yuiwyo.com,25f5e52e-8746-42ae-bb76-fc7c5b7f8e3a,random_alnum_variable_len
cwhzhm.info,25f5e52e-8746-42ae-bb76-fc7c5b7f8e3a,random_alnum_variable_len
hypqfigybhcv.info,25f5e52e-8746-42ae-bb76-fc7c5b7f8e3a,random_alnum_variable_len
qtrcjm.net,25f5e52e-8746-42ae-bb76-fc7c5b7f8e3a,random_alnum_variable_len
vaguopgsxfpz.net,25f5e52e-8746-42ae-bb76-fc7c5b7f8e3a,random_alnum_variable_len
eiwbysyf.net,25f5e52e-8746-42ae-bb76-fc7c5b7f8e3a,random_alnum_variable_len
mqvvml.net,25f5e52e-8746-42ae-bb76-fc7c5b7f8e3a,random_alnum_variable_len
ebqazq.info,25f5e52e-8746-42ae-bb76-fc7c5b7f8e3a,random_alnum_variable_len
ywsyqu.org,25f5e52e-8746-42ae-bb76-fc7c5b7f8e3a,random_alnum_variable_len
wrfmqmp.net,25f5e52e-8746-42ae-bb76-fc7c5b7f8e3a,random_alnum_variable_len
jipgsuvevif.info,25f5e52e-8746-42ae-bb76-fc7c5b7f8e3a,random_alnum_variable_len
dpbawu.info,25f5e52e-8746-42ae-bb76-fc7c5b7f8e3a,random_alnum_variable_len
rabtlkxtlh.net,25f5e52e-8746-42ae-bb76-fc7c5b7f8e3a,random_alnum_variable_len
qpvupcaxwak.net,25f5e52e-8746-42ae-bb76-fc7c5b7f8e3a,random_alnum_variable_len
cgxmscbv.info,25f5e52e-8746-42ae-bb76-fc7c5b7f8e3a,random_alnum_variable_len
yyqldp.net,25f5e52e-8746-42ae-bb76-fc7c5b7f8e3a,random_alnum_variable_len
gamyaikmkgik.org,25f5e52e-8746-42ae-bb76-fc7c5b7f8e3a,random_alnum_variable_len
iobzbpid.info,25f5e52e-8746-42ae-bb76-fc7c5b7f8e3a,random_alnum_variable_len
qsravkh.net,25f5e52e-8746-42ae-bb76-fc7c5b7f8e3a,random_alnum_variable_len
znoatk.net,25f5e52e-8746-42ae-bb76-fc7c5b7f8e3a,random_alnum_variable_len
gwyokiou.com,25f5e52e-8746-42ae-bb76-fc7c5b7f8e3a,random_alnum_variable_len
vquvchvp.info,25f5e52e-8746-42ae-bb76-fc7c5b7f8e3a,random_alnum_variable_len
rwnlfun.com,25f5e52e-8746-42ae-bb76-fc7c5b7f8e3a,random_alnum_variable_len
pvdbbsfq.info,25f5e52e-8746-42ae-bb76-fc7c5b7f8e3a,random_alnum_variable_len
igyqgauw.com,25f5e52e-8746-42ae-bb76-fc7c5b7f8e3a,random_alnum_variable_len
stpwqotjvkr.net,25f5e52e-8746-42ae-bb76-fc7c5b7f8e3a,random_alnum_variable_len
fuiihbiirf.net,25f5e52e-8746-42ae-bb76-fc7c5b7f8e3a,random_alnum_variable_len
bujgtfueui.net,25f5e52e-8746-42ae-bb76-fc7c5b7f8e3a,random_alnum_variable_len
wlsoqpbwxmvx.net,25f5e52e-8746-42ae-bb76-fc7c5b7f8e3a,random_alnum_variable_len
tgpnveyufxt.org,25f5e52e-8746-42ae-bb76-fc7c5b7f8e3a,random_alnum_variable_len
zcnopffxigf.com,25f5e52e-8746-42ae-bb76-fc7c5b7f8e3a,random_alnum_variable_len
dsbevbyom.com,25f5e52e-8746-42ae-bb76-fc7c5b7f8e3a,random_alnum_variable_len
pgtypqx.org,25f5e52e-8746-42ae-bb76-fc7c5b7f8e3a,random_alnum_variable_len
luvsxgxxyme.com,25f5e52e-8746-42ae-bb76-fc7c5b7f8e3a,random_alnum_variable_len
jinwdurgntu.net,25f5e52e-8746-42ae-bb76-fc7c5b7f8e3a,random_alnum_variable_len
jipnjhlkz.net,25f5e52e-8746-42ae-bb76-fc7c5b7f8e3a,random_alnum_variable_len
toxyokwpbep.info,25f5e52e-8746-42ae-bb76-fc7c5b7f8e3a,random_alnum_variable_len
dgtctsrudii.org,25f5e52e-8746-42ae-bb76-fc7c5b7f8e3a,random_alnum_variable_len
loeeaoyaz.org,25f5e52e-8746-42ae-bb76-fc7c5b7f8e3a,random_alnum_variable_len
sgciae.org,25f5e52e-8746-42ae-bb76-fc7c5b7f8e3a,random_alnum_variable_len
xisghpomjcn.net,25f5e52e-8746-42ae-bb76-fc7c5b7f8e3a,random_alnum_variable_len
ieimsygu.com,25f5e52e-8746-42ae-bb76-fc7c5b7f8e3a,random_alnum_variable_len
hnvypeekb.info,25f5e52e-8746-42ae-bb76-fc7c5b7f8e3a,random_alnum_variable_len
vpljftlqad.net,25f5e52e-8746-42ae-bb76-fc7c5b7f8e3a,random_alnum_variable_len
rrxxygjgp.org,25f5e52e-8746-42ae-bb76-fc7c5b7f8e3a,random_alnum_variable_len
velixoquffnj.net,25f5e52e-8746-42ae-bb76-fc7c5b7f8e3a,random_alnum_variable_len
vyckfwqjwiu.net,25f5e52e-8746-42ae-bb76-fc7c5b7f8e3a,random_alnum_variable_len
xurazmdvnuj.net,25f5e52e-8746-42ae-bb76-fc7c5b7f8e3a,random_alnum_variable_len
zviikqkyraep.info,25f5e52e-8746-42ae-bb76-fc7c5b7f8e3a,random_alnum_variable_len
tquehypjeck.net,25f5e52e-8746-42ae-bb76-fc7c5b7f8e3a,random_alnum_variable_len
kemsmc.org,25f5e52e-8746-42ae-bb76-fc7c5b7f8e3a,random_alnum_variable_len
ugpacpfmt.net,25f5e52e-8746-42ae-bb76-fc7c5b7f8e3a,random_alnum_variable_len
nhzkhvhk.info,25f5e52e-8746-42ae-bb76-fc7c5b7f8e3a,random_alnum_variable_len
firohwqltjc.org,25f5e52e-8746-42ae-bb76-fc7c5b7f8e3a,random_alnum_variable_len
wohhftpbphez.info,25f5e52e-8746-42ae-bb76-fc7c5b7f8e3a,random_alnum_variable_len
gqtmuyazi.info,25f5e52e-8746-42ae-bb76-fc7c5b7f8e3a,random_alnum_variable_len
fkdcxitwdiz.net,25f5e52e-8746-42ae-bb76-fc7c5b7f8e3a,random_alnum_variable_len
sbehtswz.net,25f5e52e-8746-42ae-bb76-fc7c5b7f8e3a,random_alnum_variable_len
ckelezkx.info,25f5e52e-8746-42ae-bb76-fc7c5b7f8e3a,random_alnum_variable_len
oiwmswwy.org,25f5e52e-8746-42ae-bb76-fc7c5b7f8e3a,random_alnum_variable_len
dwtnla.net,25f5e52e-8746-42ae-bb76-fc7c5b7f8e3a,random_alnum_variable_len
wwxnemcuvyh.info,25f5e52e-8746-42ae-bb76-fc7c5b7f8e3a,random_alnum_variable_len
dahsievbds.info,25f5e52e-8746-42ae-bb76-fc7c5b7f8e3a,random_alnum_variable_len
gqewqawucciw.org,25f5e52e-8746-42ae-bb76-fc7c5b7f8e3a,random_alnum_variable_len
hzaeby.info,25f5e52e-8746-42ae-bb76-fc7c5b7f8e3a,random_alnum_variable_len
aihscltz.info,25f5e52e-8746-42ae-bb76-fc7c5b7f8e3a,random_alnum_variable_len
wkznjauh.net,25f5e52e-8746-42ae-bb76-fc7c5b7f8e3a,random_alnum_variable_len
uaruixnido.info,25f5e52e-8746-42ae-bb76-fc7c5b7f8e3a,random_alnum_variable_len
fckpiud.org,25f5e52e-8746-42ae-bb76-fc7c5b7f8e3a,random_alnum_variable_len
bklfkmzsecpj.info,25f5e52e-8746-42ae-bb76-fc7c5b7f8e3a,random_alnum_variable_len
bdwvmmwejwku.net,25f5e52e-8746-42ae-bb76-fc7c5b7f8e3a,random_alnum_variable_len
okdieozyo.info,25f5e52e-8746-42ae-bb76-fc7c5b7f8e3a,random_alnum_variable_len
rkxqwmrkteu.org,25f5e52e-8746-42ae-bb76-fc7c5b7f8e3a,random_alnum_variable_len
ekbhkp.info,25f5e52e-8746-42ae-bb76-fc7c5b7f8e3a,random_alnum_variable_len
sayqdctqx.net,25f5e52e-8746-42ae-bb76-fc7c5b7f8e3a,random_alnum_variable_len
riypdyvsnpx.org,25f5e52e-8746-42ae-bb76-fc7c5b7f8e3a,random_alnum_variable_len
jorugpp.info,25f5e52e-8746-42ae-bb76-fc7c5b7f8e3a,random_alnum_variable_len
thnjtnfpjvds.net,25f5e52e-8746-42ae-bb76-fc7c5b7f8e3a,random_alnum_variable_len
dqjirnvmimpx.net,25f5e52e-8746-42ae-bb76-fc7c5b7f8e3a,random_alnum_variable_len
oeweeu.com,25f5e52e-8746-42ae-bb76-fc7c5b7f8e3a,random_alnum_variable_len
tjeekv.net,25f5e52e-8746-42ae-bb76-fc7c5b7f8e3a,random_alnum_variable_len
fgwlfwcwcmk.net,25f5e52e-8746-42ae-bb76-fc7c5b7f8e3a,random_alnum_variable_len
gojpxd.info,25f5e52e-8746-42ae-bb76-fc7c5b7f8e3a,random_alnum_variable_len
qxamioebvfrk.info,25f5e52e-8746-42ae-bb76-fc7c5b7f8e3a,random_alnum_variable_len
kurdct.net,25f5e52e-8746-42ae-bb76-fc7c5b7f8e3a,random_alnum_variable_len
guxctiq.info,25f5e52e-8746-42ae-bb76-fc7c5b7f8e3a,random_alnum_variable_len
mrhtxoeuv.net,25f5e52e-8746-42ae-bb76-fc7c5b7f8e3a,random_alnum_variable_len
wlzqwjtp.net,25f5e52e-8746-42ae-bb76-fc7c5b7f8e3a,random_alnum_variable_len
dcnzxcl.net,25f5e52e-8746-42ae-bb76-fc7c5b7f8e3a,random_alnum_variable_len
uuvzyvmn.net,25f5e52e-8746-42ae-bb76-fc7c5b7f8e3a,random_alnum_variable_len
zlfhfeemiph.net,25f5e52e-8746-42ae-bb76-fc7c5b7f8e3a,random_alnum_variable_len
ikkwoogg.com,25f5e52e-8746-42ae-bb76-fc7c5b7f8e3a,random_alnum_variable_len
uswoaywwec.org,25f5e52e-8746-42ae-bb76-fc7c5b7f8e3a,random_alnum_variable_len
cgucwwigai.org,25f5e52e-8746-42ae-bb76-fc7c5b7f8e3a,random_alnum_variable_len
tqeeduuqjq.net,25f5e52e-8746-42ae-bb76-fc7c5b7f8e3a,random_alnum_variable_len
xhpgtxbwvy.net,25f5e52e-8746-42ae-bb76-fc7c5b7f8e3a,random_alnum_variable_len
sfcahadiz.info,25f5e52e-8746-42ae-bb76-fc7c5b7f8e3a,random_alnum_variable_len
yqmkqo.org,25f5e52e-8746-42ae-bb76-fc7c5b7f8e3a,random_alnum_variable_len
kkusgsag.com,25f5e52e-8746-42ae-bb76-fc7c5b7f8e3a,random_alnum_variable_len
zgdmqcf.org,25f5e52e-8746-42ae-bb76-fc7c5b7f8e3a,random_alnum_variable_len
ywcwurwkf.net,25f5e52e-8746-42ae-bb76-fc7c5b7f8e3a,random_alnum_variable_len
ouemeewu.org,25f5e52e-8746-42ae-bb76-fc7c5b7f8e3a,random_alnum_variable_len
kshcnqv.net,25f5e52e-8746-42ae-bb76-fc7c5b7f8e3a,random_alnum_variable_len
nayujwkmdogu.net,25f5e52e-8746-42ae-bb76-fc7c5b7f8e3a,random_alnum_variable_len
pukwnt.info,25f5e52e-8746-42ae-bb76-fc7c5b7f8e3a,random_alnum_variable_len
dhbszhgvfd.net,25f5e52e-8746-42ae-bb76-fc7c5b7f8e3a,random_alnum_variable_len
vvpfcjuarc.net,25f5e52e-8746-42ae-bb76-fc7c5b7f8e3a,random_alnum_variable_len
agkscgeo.com,25f5e52e-8746-42ae-bb76-fc7c5b7f8e3a,random_alnum_variable_len
kyyojwb.info,25f5e52e-8746-42ae-bb76-fc7c5b7f8e3a,random_alnum_variable_len
hzzgde.info,25f5e52e-8746-42ae-bb76-fc7c5b7f8e3a,random_alnum_variable_len
wmxkpavvrpl.net,25f5e52e-8746-42ae-bb76-fc7c5b7f8e3a,random_alnum_variable_len
oufircnwxs.info,25f5e52e-8746-42ae-bb76-fc7c5b7f8e3a,random_alnum_variable_len
xrdydlzltggq.net,25f5e52e-8746-42ae-bb76-fc7c5b7f8e3a,random_alnum_variable_len
nolzhwnkiwy.com,25f5e52e-8746-42ae-bb76-fc7c5b7f8e3a,random_alnum_variable_len
rzlsxbzj.info,25f5e52e-8746-42ae-bb76-fc7c5b7f8e3a,random_alnum_variable_len
ugbgvagbf.net,25f5e52e-8746-42ae-bb76-fc7c5b7f8e3a,random_alnum_variable_len
mpjxaknx.info,25f5e52e-8746-42ae-bb76-fc7c5b7f8e3a,random_alnum_variable_len
vxjmoido.info,25f5e52e-8746-42ae-bb76-fc7c5b7f8e3a,random_alnum_variable_len
iorgnsabgf.info,25f5e52e-8746-42ae-bb76-fc7c5b7f8e3a,random_alnum_variable_len
maecagcemqso.org,25f5e52e-8746-42ae-bb76-fc7c5b7f8e3a,random_alnum_variable_len
tgtfugkl.info,25f5e52e-8746-42ae-bb76-fc7c5b7f8e3a,random_alnum_variable_len
taucoat.org,25f5e52e-8746-42ae-bb76-fc7c5b7f8e3a,random_alnum_variable_len
gwiqkaqc.com,25f5e52e-8746-42ae-bb76-fc7c5b7f8e3a,random_alnum_variable_len
ashwrugmfsl.net,25f5e52e-8746-42ae-bb76-fc7c5b7f8e3a,random_alnum_variable_len
dwjmzvcyldew.info,25f5e52e-8746-42ae-bb76-fc7c5b7f8e3a,random_alnum_variable_len
ozfgviogb.info,25f5e52e-8746-42ae-bb76-fc7c5b7f8e3a,random_alnum_variable_len
swccqemy.com,25f5e52e-8746-42ae-bb76-fc7c5b7f8e3a,random_alnum_variable_len
pmwluem.info,25f5e52e-8746-42ae-bb76-fc7c5b7f8e3a,random_alnum_variable_len
waqoqaoquece.com,25f5e52e-8746-42ae-bb76-fc7c5b7f8e3a,random_alnum_variable_len
rwtydwswq.net,25f5e52e-8746-42ae-bb76-fc7c5b7f8e3a,random_alnum_variable_len
wkyoqgr.info,25f5e52e-8746-42ae-bb76-fc7c5b7f8e3a,random_alnum_variable_len
srfxkvtcpmpj.info,25f5e52e-8746-42ae-bb76-fc7c5b7f8e3a,random_alnum_variable_len
uciyiq.org,25f5e52e-8746-42ae-bb76-fc7c5b7f8e3a,random_alnum_variable_len
zgvwqrvtljti.info,25f5e52e-8746-42ae-bb76-fc7c5b7f8e3a,random_alnum_variable_len
obaofkv.net,25f5e52e-8746-42ae-bb76-fc7c5b7f8e3a,random_alnum_variable_len
rdzkxkwjslck.info,25f5e52e-8746-42ae-bb76-fc7c5b7f8e3a,random_alnum_variable_len
obgiinklfhkw.net,25f5e52e-8746-42ae-bb76-fc7c5b7f8e3a,random_alnum_variable_len
cighhkc.net,25f5e52e-8746-42ae-bb76-fc7c5b7f8e3a,random_alnum_variable_len
zkrgqakwmv.net,25f5e52e-8746-42ae-bb76-fc7c5b7f8e3a,random_alnum_variable_len
xdetfj.net,25f5e52e-8746-42ae-bb76-fc7c5b7f8e3a,random_alnum_variable_len
pqigtysw.net,25f5e52e-8746-42ae-bb76-fc7c5b7f8e3a,random_alnum_variable_len
hujythaf.info,25f5e52e-8746-42ae-bb76-fc7c5b7f8e3a,random_alnum_variable_len
aljaaqcx.info,25f5e52e-8746-42ae-bb76-fc7c5b7f8e3a,random_alnum_variable_len
rqdizaj.net,25f5e52e-8746-42ae-bb76-fc7c5b7f8e3a,random_alnum_variable_len
jckaoejgv.net,25f5e52e-8746-42ae-bb76-fc7c5b7f8e3a,random_alnum_variable_len
ycmmwqkmgs.com,25f5e52e-8746-42ae-bb76-fc7c5b7f8e3a,random_alnum_variable_len
cczvlevyf.net,25f5e52e-8746-42ae-bb76-fc7c5b7f8e3a,random_alnum_variable_len
amtpiih.net,25f5e52e-8746-42ae-bb76-fc7c5b7f8e3a,random_alnum_variable_len
skcudul.net,25f5e52e-8746-42ae-bb76-fc7c5b7f8e3a,random_alnum_variable_len
gonqjybul.net,25f5e52e-8746-42ae-bb76-fc7c5b7f8e3a,random_alnum_variable_len
ceieyyoc.com,25f5e52e-8746-42ae-bb76-fc7c5b7f8e3a,random_alnum_variable_len
aqmkkeok.org,25f5e52e-8746-42ae-bb76-fc7c5b7f8e3a,random_alnum_variable_len
vsxcnrrstiu.org,25f5e52e-8746-42ae-bb76-fc7c5b7f8e3a,random_alnum_variable_len
tupdzakbg.org,25f5e52e-8746-42ae-bb76-fc7c5b7f8e3a,random_alnum_variable_len
bqrlbujcvmj.org,25f5e52e-8746-42ae-bb76-fc7c5b7f8e3a,random_alnum_variable_len
qkpgaoelr.info,25f5e52e-8746-42ae-bb76-fc7c5b7f8e3a,random_alnum_variable_len
vbfhmfpkuc.net,25f5e52e-8746-42ae-bb76-fc7c5b7f8e3a,random_alnum_variable_len
dvyqqnhbrw.net,25f5e52e-8746-42ae-bb76-fc7c5b7f8e3a,random_alnum_variable_len
hsyacmfmf.com,25f5e52e-8746-42ae-bb76-fc7c5b7f8e3a,random_alnum_variable_len
kuwcowqmqs.org,25f5e52e-8746-42ae-bb76-fc7c5b7f8e3a,random_alnum_variable_len
waoqqycckksa.org,25f5e52e-8746-42ae-bb76-fc7c5b7f8e3a,random_alnum_variable_len
ryrgjuriy.com,25f5e52e-8746-42ae-bb76-fc7c5b7f8e3a,random_alnum_variable_len
lqsdvgnudl.net,25f5e52e-8746-42ae-bb76-fc7c5b7f8e3a,random_alnum_variable_len
tkxmpcf.info,25f5e52e-8746-42ae-bb76-fc7c5b7f8e3a,random_alnum_variable_len
ugmsxiipioo.info,25f5e52e-8746-42ae-bb76-fc7c5b7f8e3a,random_alnum_variable_len
kjfdzi.info,25f5e52e-8746-42ae-bb76-fc7c5b7f8e3a,random_alnum_variable_len
xaupfjsvf.org,25f5e52e-8746-42ae-bb76-fc7c5b7f8e3a,random_alnum_variable_len
yqwqmmqq.org,25f5e52e-8746-42ae-bb76-fc7c5b7f8e3a,random_alnum_variable_len
gkacfm.net,25f5e52e-8746-42ae-bb76-fc7c5b7f8e3a,random_alnum_variable_len
pqubvispqb.info,25f5e52e-8746-42ae-bb76-fc7c5b7f8e3a,random_alnum_variable_len
avdupmrlrt.net,25f5e52e-8746-42ae-bb76-fc7c5b7f8e3a,random_alnum_variable_len
hmtbostfnnfb.net,25f5e52e-8746-42ae-bb76-fc7c5b7f8e3a,random_alnum_variable_len
oifnhhungesm.net,25f5e52e-8746-42ae-bb76-fc7c5b7f8e3a,random_alnum_variable_len
umddzrsirpj.net,25f5e52e-8746-42ae-bb76-fc7c5b7f8e3a,random_alnum_variable_len
hkhuqsb.net,25f5e52e-8746-42ae-bb76-fc7c5b7f8e3a,random_alnum_variable_len
aowhdxpi.info,25f5e52e-8746-42ae-bb76-fc7c5b7f8e3a,random_alnum_variable_len
deugbg.info,25f5e52e-8746-42ae-bb76-fc7c5b7f8e3a,random_alnum_variable_len
kwrbjwdaxhz.net,25f5e52e-8746-42ae-bb76-fc7c5b7f8e3a,random_alnum_variable_len
meogcyym.com,25f5e52e-8746-42ae-bb76-fc7c5b7f8e3a,random_alnum_variable_len
ymoouc.org,25f5e52e-8746-42ae-bb76-fc7c5b7f8e3a,random_alnum_variable_len
gayysioi.org,25f5e52e-8746-42ae-bb76-fc7c5b7f8e3a,random_alnum_variable_len
ljzgvd.net,25f5e52e-8746-42ae-bb76-fc7c5b7f8e3a,random_alnum_variable_len
jqtzkbdiyks.net,25f5e52e-8746-42ae-bb76-fc7c5b7f8e3a,random_alnum_variable_len
ahemlgbc.net,25f5e52e-8746-42ae-bb76-fc7c5b7f8e3a,random_alnum_variable_len
gagjbrkzuibg.net,25f5e52e-8746-42ae-bb76-fc7c5b7f8e3a,random_alnum_variable_len
bdghyi.net,25f5e52e-8746-42ae-bb76-fc7c5b7f8e3a,random_alnum_variable_len
zyanlkgpcn.info,25f5e52e-8746-42ae-bb76-fc7c5b7f8e3a,random_alnum_variable_len
ecqoeiiqia.org,25f5e52e-8746-42ae-bb76-fc7c5b7f8e3a,random_alnum_variable_len
lpemdm.info,25f5e52e-8746-42ae-bb76-fc7c5b7f8e3a,random_alnum_variable_len
jcofiw.net,25f5e52e-8746-42ae-bb76-fc7c5b7f8e3a,random_alnum_variable_len
jzeqyoqyucx.info,25f5e52e-8746-42ae-bb76-fc7c5b7f8e3a,random_alnum_variable_len
webmssfeh.info,25f5e52e-8746-42ae-bb76-fc7c5b7f8e3a,random_alnum_variable_len
bernyq.net,25f5e52e-8746-42ae-bb76-fc7c5b7f8e3a,random_alnum_variable_len
ksbaptqfxyvv.net,25f5e52e-8746-42ae-bb76-fc7c5b7f8e3a,random_alnum_variable_len
uujujbhdzrnu.info,25f5e52e-8746-42ae-bb76-fc7c5b7f8e3a,random_alnum_variable_len
vwlgwoid.net,25f5e52e-8746-42ae-bb76-fc7c5b7f8e3a,random_alnum_variable_len
isblrmhvxqf.net,25f5e52e-8746-42ae-bb76-fc7c5b7f8e3a,random_alnum_variable_len
vkrooms.info,25f5e52e-8746-42ae-bb76-fc7c5b7f8e3a,random_alnum_variable_len
uixkuttcvx.info,25f5e52e-8746-42ae-bb76-fc7c5b7f8e3a,random_alnum_variable_len
yiswgmga.com,25f5e52e-8746-42ae-bb76-fc7c5b7f8e3a,random_alnum_variable_len
zbicyccwf.info,25f5e52e-8746-42ae-bb76-fc7c5b7f8e3a,random_alnum_variable_len
wrtevih.net,25f5e52e-8746-42ae-bb76-fc7c5b7f8e3a,random_alnum_variable_len
cuxxtydas.net,25f5e52e-8746-42ae-bb76-fc7c5b7f8e3a,random_alnum_variable_len
iaduasu.net,25f5e52e-8746-42ae-bb76-fc7c5b7f8e3a,random_alnum_variable_len
jsuecr.info,25f5e52e-8746-42ae-bb76-fc7c5b7f8e3a,random_alnum_variable_len
xuamfyl.info,25f5e52e-8746-42ae-bb76-fc7c5b7f8e3a,random_alnum_variable_len
wukifhz.info,25f5e52e-8746-42ae-bb76-fc7c5b7f8e3a,random_alnum_variable_len
siiqmo.org,25f5e52e-8746-42ae-bb76-fc7c5b7f8e3a,random_alnum_variable_len
drzydq.info,25f5e52e-8746-42ae-bb76-fc7c5b7f8e3a,random_alnum_variable_len
slhziwna.net,25f5e52e-8746-42ae-bb76-fc7c5b7f8e3a,random_alnum_variable_len
jdntxo.net,25f5e52e-8746-42ae-bb76-fc7c5b7f8e3a,random_alnum_variable_len
yzjknilpaeuy.net,25f5e52e-8746-42ae-bb76-fc7c5b7f8e3a,random_alnum_variable_len
phlfufrp.info,25f5e52e-8746-42ae-bb76-fc7c5b7f8e3a,random_alnum_variable_len
zbfwdtiqhnph.info,25f5e52e-8746-42ae-bb76-fc7c5b7f8e3a,random_alnum_variable_len
eeeiutoh.info,25f5e52e-8746-42ae-bb76-fc7c5b7f8e3a,random_alnum_variable_len
tuuertqzhg.info,25f5e52e-8746-42ae-bb76-fc7c5b7f8e3a,random_alnum_variable_len
vuqkrxhdjmt.info,25f5e52e-8746-42ae-bb76-fc7c5b7f8e3a,random_alnum_variable_len
saueccuecuca.org,25f5e52e-8746-42ae-bb76-fc7c5b7f8e3a,random_alnum_variable_len
rpsshjbkt.net,25f5e52e-8746-42ae-bb76-fc7c5b7f8e3a,random_alnum_variable_len
qwiqbxlc.net,25f5e52e-8746-42ae-bb76-fc7c5b7f8e3a,random_alnum_variable_len
qjpdlqtvvq.info,25f5e52e-8746-42ae-bb76-fc7c5b7f8e3a,random_alnum_variable_len
denwobzpir.info,25f5e52e-8746-42ae-bb76-fc7c5b7f8e3a,random_alnum_variable_len
ybbajpeibrr.net,25f5e52e-8746-42ae-bb76-fc7c5b7f8e3a,random_alnum_variable_len
vkqqpl.net,25f5e52e-8746-42ae-bb76-fc7c5b7f8e3a,random_alnum_variable_len
vmxwjyg.net,25f5e52e-8746-42ae-bb76-fc7c5b7f8e3a,random_alnum_variable_len
ukkmeq.org,25f5e52e-8746-42ae-bb76-fc7c5b7f8e3a,random_alnum_variable_len
xepziz.info,25f5e52e-8746-42ae-bb76-fc7c5b7f8e3a,random_alnum_variable_len
nhbqxwxylch.org,25f5e52e-8746-42ae-bb76-fc7c5b7f8e3a,random_alnum_variable_len
ptnhnfxgfk.net,25f5e52e-8746-42ae-bb76-fc7c5b7f8e3a,random_alnum_variable_len
wfxepcnttnp.net,25f5e52e-8746-42ae-bb76-fc7c5b7f8e3a,random_alnum_variable_len
omamgmms.com,25f5e52e-8746-42ae-bb76-fc7c5b7f8e3a,random_alnum_variable_len
lmfsyhxnbbdh.net,25f5e52e-8746-42ae-bb76-fc7c5b7f8e3a,random_alnum_variable_len
uyzopxwyjyx.net,25f5e52e-8746-42ae-bb76-fc7c5b7f8e3a,random_alnum_variable_len
flrqqyjszt.net,25f5e52e-8746-42ae-bb76-fc7c5b7f8e3a,random_alnum_variable_len
rdscsqlxrev.org,25f5e52e-8746-42ae-bb76-fc7c5b7f8e3a,random_alnum_variable_len
gvaaurhcszlb.net,25f5e52e-8746-42ae-bb76-fc7c5b7f8e3a,random_alnum_variable_len
zlfgfddfrgfz.net,25f5e52e-8746-42ae-bb76-fc7c5b7f8e3a,random_alnum_variable_len
ioyaceee.org,25f5e52e-8746-42ae-bb76-fc7c5b7f8e3a,random_alnum_variable_len
xtosve.net,25f5e52e-8746-42ae-bb76-fc7c5b7f8e3a,random_alnum_variable_len
bsgfippewmp.org,25f5e52e-8746-42ae-bb76-fc7c5b7f8e3a,random_alnum_variable_len
jqmpcymxfl.net,25f5e52e-8746-42ae-bb76-fc7c5b7f8e3a,random_alnum_variable_len
xdriwpvqrc.net,25f5e52e-8746-42ae-bb76-fc7c5b7f8e3a,random_alnum_variable_len
odvoyhzd.info,25f5e52e-8746-42ae-bb76-fc7c5b7f8e3a,random_alnum_variable_len
kljytcuwj.net,25f5e52e-8746-42ae-bb76-fc7c5b7f8e3a,random_alnum_variable_len
xyeyyn.info,25f5e52e-8746-42ae-bb76-fc7c5b7f8e3a,random_alnum_variable_len
cqkhmdwrf.info,25f5e52e-8746-42ae-bb76-fc7c5b7f8e3a,random_alnum_variable_len
kygcstbiwzhp.net,25f5e52e-8746-42ae-bb76-fc7c5b7f8e3a,random_alnum_variable_len
ofygofhocq.net,25f5e52e-8746-42ae-bb76-fc7c5b7f8e3a,random_alnum_variable_len
rnwiuvba.net,25f5e52e-8746-42ae-bb76-fc7c5b7f8e3a,random_alnum_variable_len
skqjxnbfqotq.net,25f5e52e-8746-42ae-bb76-fc7c5b7f8e3a,random_alnum_variable_len
vidilkcalzz.net,25f5e52e-8746-42ae-bb76-fc7c5b7f8e3a,random_alnum_variable_len
mkhylhhunkv.info,25f5e52e-8746-42ae-bb76-fc7c5b7f8e3a,random_alnum_variable_len
ciumsqqeyg.org,25f5e52e-8746-42ae-bb76-fc7c5b7f8e3a,random_alnum_variable_len
bxphgb.info,25f5e52e-8746-42ae-bb76-fc7c5b7f8e3a,random_alnum_variable_len
qsaror.info,25f5e52e-8746-42ae-bb76-fc7c5b7f8e3a,random_alnum_variable_len
ditrggxnn.net,25f5e52e-8746-42ae-bb76-fc7c5b7f8e3a,random_alnum_variable_len
ceqyieiq.com,25f5e52e-8746-42ae-bb76-fc7c5b7f8e3a,random_alnum_variable_len
harjicfls.com,25f5e52e-8746-42ae-bb76-fc7c5b7f8e3a,random_alnum_variable_len
qevfjywllwd.net,25f5e52e-8746-42ae-bb76-fc7c5b7f8e3a,random_alnum_variable_len
fuwylclbb.org,25f5e52e-8746-42ae-bb76-fc7c5b7f8e3a,random_alnum_variable_len
sqoasayk.org,25f5e52e-8746-42ae-bb76-fc7c5b7f8e3a,random_alnum_variable_len
iiskfrkyiwwg.info,25f5e52e-8746-42ae-bb76-fc7c5b7f8e3a,random_alnum_variable_len
miiiks.org,25f5e52e-8746-42ae-bb76-fc7c5b7f8e3a,random_alnum_variable_len
qphyxootigu.info,25f5e52e-8746-42ae-bb76-fc7c5b7f8e3a,random_alnum_variable_len
uomsykggkgqm.com,25f5e52e-8746-42ae-bb76-fc7c5b7f8e3a,random_alnum_variable_len
rvcidhdtz.org,25f5e52e-8746-42ae-bb76-fc7c5b7f8e3a,random_alnum_variable_len
xrjgvseuatfo.net,25f5e52e-8746-42ae-bb76-fc7c5b7f8e3a,random_alnum_variable_len
urlgav.net,25f5e52e-8746-42ae-bb76-fc7c5b7f8e3a,random_alnum_variable_len
yylwfxfoj.info,25f5e52e-8746-42ae-bb76-fc7c5b7f8e3a,random_alnum_variable_len
zexqzpcxfwom.info,25f5e52e-8746-42ae-bb76-fc7c5b7f8e3a,random_alnum_variable_len
gqeuiiqege.com,25f5e52e-8746-42ae-bb76-fc7c5b7f8e3a,random_alnum_variable_len
bhrjmhmlhx.info,25f5e52e-8746-42ae-bb76-fc7c5b7f8e3a,random_alnum_variable_len
eopqpqovnqy.net,25f5e52e-8746-42ae-bb76-fc7c5b7f8e3a,random_alnum_variable_len
jioshxsbr.info,25f5e52e-8746-42ae-bb76-fc7c5b7f8e3a,random_alnum_variable_len
vkocpctil.org,25f5e52e-8746-42ae-bb76-fc7c5b7f8e3a,random_alnum_variable_len
mpeyekfohtgl.net,25f5e52e-8746-42ae-bb76-fc7c5b7f8e3a,random_alnum_variable_len
ohbdqwsgir.net,25f5e52e-8746-42ae-bb76-fc7c5b7f8e3a,random_alnum_variable_len
tlpqgqltjh.info,25f5e52e-8746-42ae-bb76-fc7c5b7f8e3a,random_alnum_variable_len
sbcixszpbj.info,25f5e52e-8746-42ae-bb76-fc7c5b7f8e3a,random_alnum_variable_len
rxzhlkajgt.info,25f5e52e-8746-42ae-bb76-fc7c5b7f8e3a,random_alnum_variable_len
ccuigmae.org,25f5e52e-8746-42ae-bb76-fc7c5b7f8e3a,random_alnum_variable_len
ujytlzpn.info,25f5e52e-8746-42ae-bb76-fc7c5b7f8e3a,random_alnum_variable_len
batelgt.com,25f5e52e-8746-42ae-bb76-fc7c5b7f8e3a,random_alnum_variable_len
mupemiet.info,25f5e52e-8746-42ae-bb76-fc7c5b7f8e3a,random_alnum_variable_len
wiokcwcqqa.org,25f5e52e-8746-42ae-bb76-fc7c5b7f8e3a,random_alnum_variable_len
nunomrw.com,25f5e52e-8746-42ae-bb76-fc7c5b7f8e3a,random_alnum_variable_len
ucremomp.net,25f5e52e-8746-42ae-bb76-fc7c5b7f8e3a,random_alnum_variable_len
jwhcovv.com,25f5e52e-8746-42ae-bb76-fc7c5b7f8e3a,random_alnum_variable_len
fykerghajx.info,25f5e52e-8746-42ae-bb76-fc7c5b7f8e3a,random_alnum_variable_len
zjggpf.net,25f5e52e-8746-42ae-bb76-fc7c5b7f8e3a,random_alnum_variable_len
mmvkvmzjp.net,25f5e52e-8746-42ae-bb76-fc7c5b7f8e3a,random_alnum_variable_len
maehgjdzqh.net,25f5e52e-8746-42ae-bb76-fc7c5b7f8e3a,random_alnum_variable_len
bmeulkgiu.com,25f5e52e-8746-42ae-bb76-fc7c5b7f8e3a,random_alnum_variable_len
gxtyat.info,25f5e52e-8746-42ae-bb76-fc7c5b7f8e3a,random_alnum_variable_len
oqczvwcr.info,25f5e52e-8746-42ae-bb76-fc7c5b7f8e3a,random_alnum_variable_len
kjrgtawmxamf.info,25f5e52e-8746-42ae-bb76-fc7c5b7f8e3a,random_alnum_variable_len
rqiisozoj.com,25f5e52e-8746-42ae-bb76-fc7c5b7f8e3a,random_alnum_variable_len
zebybcbaxgt.org,25f5e52e-8746-42ae-bb76-fc7c5b7f8e3a,random_alnum_variable_len
ibceikzktkk.net,25f5e52e-8746-42ae-bb76-fc7c5b7f8e3a,random_alnum_variable_len
bdctdg.net,25f5e52e-8746-42ae-bb76-fc7c5b7f8e3a,random_alnum_variable_len
bmbeper.net,25f5e52e-8746-42ae-bb76-fc7c5b7f8e3a,random_alnum_variable_len
ktztgxczif.info,25f5e52e-8746-42ae-bb76-fc7c5b7f8e3a,random_alnum_variable_len
bkvwufb.net,25f5e52e-8746-42ae-bb76-fc7c5b7f8e3a,random_alnum_variable_len
nshxbdhnq.net,25f5e52e-8746-42ae-bb76-fc7c5b7f8e3a,random_alnum_variable_len
nnvhzkbh.net,25f5e52e-8746-42ae-bb76-fc7c5b7f8e3a,random_alnum_variable_len
xtsqmsflkump.info,25f5e52e-8746-42ae-bb76-fc7c5b7f8e3a,random_alnum_variable_len
nmmhtcbtzera.net,25f5e52e-8746-42ae-bb76-fc7c5b7f8e3a,random_alnum_variable_len
fteaovmquszr.net,25f5e52e-8746-42ae-bb76-fc7c5b7f8e3a,random_alnum_variable_len
auzwlyhrv.net,25f5e52e-8746-42ae-bb76-fc7c5b7f8e3a,random_alnum_variable_len
xehvnyqj.net,25f5e52e-8746-42ae-bb76-fc7c5b7f8e3a,random_alnum_variable_len
kptmra.net,25f5e52e-8746-42ae-bb76-fc7c5b7f8e3a,random_alnum_variable_len
nenihsg.info,25f5e52e-8746-42ae-bb76-fc7c5b7f8e3a,random_alnum_variable_len
aacmcgy.net,25f5e52e-8746-42ae-bb76-fc7c5b7f8e3a,random_alnum_variable_len
tzacpqxsnn.info,25f5e52e-8746-42ae-bb76-fc7c5b7f8e3a,random_alnum_variable_len
vwpkdnjuwn.net,25f5e52e-8746-42ae-bb76-fc7c5b7f8e3a,random_alnum_variable_len
kuwfrnzlxmuv.info,25f5e52e-8746-42ae-bb76-fc7c5b7f8e3a,random_alnum_variable_len
npnjupvjydjc.net,25f5e52e-8746-42ae-bb76-fc7c5b7f8e3a,random_alnum_variable_len
yyeuks.com,25f5e52e-8746-42ae-bb76-fc7c5b7f8e3a,random_alnum_variable_len
fvdkdauhzapn.info,25f5e52e-8746-42ae-bb76-fc7c5b7f8e3a,random_alnum_variable_len
ovtcfq.net,25f5e52e-8746-42ae-bb76-fc7c5b7f8e3a,random_alnum_variable_len
tuoudmh.org,25f5e52e-8746-42ae-bb76-fc7c5b7f8e3a,random_alnum_variable_len
ctphoacmxt.net,25f5e52e-8746-42ae-bb76-fc7c5b7f8e3a,random_alnum_variable_len
kweyssmiug.com,25f5e52e-8746-42ae-bb76-fc7c5b7f8e3a,random_alnum_variable_len
ywcqgscq.org,25f5e52e-8746-42ae-bb76-fc7c5b7f8e3a,random_alnum_variable_len
ugssmy.org,25f5e52e-8746-42ae-bb76-fc7c5b7f8e3a,random_alnum_variable_len
syfwtcajwhxm.info,25f5e52e-8746-42ae-bb76-fc7c5b7f8e3a,random_alnum_variable_len
catqhsymg.info,25f5e52e-8746-42ae-bb76-fc7c5b7f8e3a,random_alnum_variable_len
gjqiharrksa.info,25f5e52e-8746-42ae-bb76-fc7c5b7f8e3a,random_alnum_variable_len
tdzkzzs.net,25f5e52e-8746-42ae-bb76-fc7c5b7f8e3a,random_alnum_variable_len
hvjjvqyvhyym.info,25f5e52e-8746-42ae-bb76-fc7c5b7f8e3a,random_alnum_variable_len
nqwcpivlfrfj.net,25f5e52e-8746-42ae-bb76-fc7c5b7f8e3a,random_alnum_variable_len
bamuwize.info,25f5e52e-8746-42ae-bb76-fc7c5b7f8e3a,random_alnum_variable_len
igmphhtiupn.net,25f5e52e-8746-42ae-bb76-fc7c5b7f8e3a,random_alnum_variable_len
yitcvkxxlnok.info,25f5e52e-8746-42ae-bb76-fc7c5b7f8e3a,random_alnum_variable_len
musyuc.org,25f5e52e-8746-42ae-bb76-fc7c5b7f8e3a,random_alnum_variable_len
ihnkuki.info,25f5e52e-8746-42ae-bb76-fc7c5b7f8e3a,random_alnum_variable_len
mzuwdvlwhwl.net,25f5e52e-8746-42ae-bb76-fc7c5b7f8e3a,random_alnum_variable_len
zvfjls.net,25f5e52e-8746-42ae-bb76-fc7c5b7f8e3a,random_alnum_variable_len
hmdeexflmt.info,25f5e52e-8746-42ae-bb76-fc7c5b7f8e3a,random_alnum_variable_len
weuomq.org,25f5e52e-8746-42ae-bb76-fc7c5b7f8e3a,random_alnum_variable_len
wedding-muscle.com,44cdcad8-42dd-4331-9f1e-94c2f71e8f7f,dict_concat_hyphenated
fact-water-answer.com,44cdcad8-42dd-4331-9f1e-94c2f71e8f7f,dict_concat_hyphenated
lack-pipe-profession.com,44cdcad8-42dd-4331-9f1e-94c2f71e8f7f,dict_concat_hyphenated
rainscale-sale.com,44cdcad8-42dd-4331-9f1e-94c2f71e8f7f,dict_concat_hyphenated
material-weather.com,44cdcad8-42dd-4331-9f1e-94c2f71e8f7f,dict_concat_hyphenated
dirt-win-truth.com,44cdcad8-42dd-4331-9f1e-94c2f71e8f7f,dict_concat_hyphenated
funeral-title.com,44cdcad8-42dd-4331-9f1e-94c2f71e8f7f,dict_concat_hyphenated
investment-amount.com,44cdcad8-42dd-4331-9f1e-94c2f71e8f7f,dict_concat_hyphenated
picture-clue.com,44cdcad8-42dd-4331-9f1e-94c2f71e8f7f,dict_concat_hyphenated
park-expand-juice.com,44cdcad8-42dd-4331-9f1e-94c2f71e8f7f,dict_concat_hyphenated
chain-apologize.com,44cdcad8-42dd-4331-9f1e-94c2f71e8f7f,dict_concat_hyphenated
game-incorporate.com,44cdcad8-42dd-4331-9f1e-94c2f71e8f7f,dict_concat_hyphenated
question-question.com,44cdcad8-42dd-4331-9f1e-94c2f71e8f7f,dict_concat_hyphenated
hook-tool-stranger.com,44cdcad8-42dd-4331-9f1e-94c2f71e8f7f,dict_concat_hyphenated
maildevelop-object.com,44cdcad8-42dd-4331-9f1e-94c2f71e8f7f,dict_concat_hyphenated
ground-borrow.com,44cdcad8-42dd-4331-9f1e-94c2f71e8f7f,dict_concat_hyphenated
affairreference.com,44cdcad8-42dd-4331-9f1e-94c2f71e8f7f,dict_concat_hyphenated
board-desire.com,44cdcad8-42dd-4331-9f1e-94c2f71e8f7f,dict_concat_hyphenated
relation-die.com,44cdcad8-42dd-4331-9f1e-94c2f71e8f7f,dict_concat_hyphenated
warningready.com,44cdcad8-42dd-4331-9f1e-94c2f71e8f7f,dict_concat_hyphenated
shareweather.com,44cdcad8-42dd-4331-9f1e-94c2f71e8f7f,dict_concat_hyphenated
platform-father.com,44cdcad8-42dd-4331-9f1e-94c2f71e8f7f,dict_concat_hyphenated
accountjoin-camera.com,44cdcad8-42dd-4331-9f1e-94c2f71e8f7f,dict_concat_hyphenated
moodwise-devil.com,44cdcad8-42dd-4331-9f1e-94c2f71e8f7f,dict_concat_hyphenated
review-develop.com,44cdcad8-42dd-4331-9f1e-94c2f71e8f7f,dict_concat_hyphenated
gascrash-schedule.com,44cdcad8-42dd-4331-9f1e-94c2f71e8f7f,dict_concat_hyphenated
developmentclaim.com,44cdcad8-42dd-4331-9f1e-94c2f71e8f7f,dict_concat_hyphenated
countryassume.com,44cdcad8-42dd-4331-9f1e-94c2f71e8f7f,dict_concat_hyphenated
targetact-daughter.com,44cdcad8-42dd-4331-9f1e-94c2f71e8f7f,dict_concat_hyphenated
benchbat-jobfloor.com,44cdcad8-42dd-4331-9f1e-94c2f71e8f7f,dict_concat_hyphenated
class-hesitate.com,44cdcad8-42dd-4331-9f1e-94c2f71e8f7f,dict_concat_hyphenated
hataward-tooth.com,44cdcad8-42dd-4331-9f1e-94c2f71e8f7f,dict_concat_hyphenated
relative-weigh.com,44cdcad8-42dd-4331-9f1e-94c2f71e8f7f,dict_concat_hyphenated
policy-follow.com,44cdcad8-42dd-4331-9f1e-94c2f71e8f7f,dict_concat_hyphenated
time-say-monitor.com,44cdcad8-42dd-4331-9f1e-94c2f71e8f7f,dict_concat_hyphenated
cardhang-assistance.com,44cdcad8-42dd-4331-9f1e-94c2f71e8f7f,dict_concat_hyphenated
thanksreach-function.com,44cdcad8-42dd-4331-9f1e-94c2f71e8f7f,dict_concat_hyphenated
carry-officer.com,44cdcad8-42dd-4331-9f1e-94c2f71e8f7f,dict_concat_hyphenated
love-solve-user.com,44cdcad8-42dd-4331-9f1e-94c2f71e8f7f,dict_concat_hyphenated
menu-witness.com,44cdcad8-42dd-4331-9f1e-94c2f71e8f7f,dict_concat_hyphenated
point-determine.com,44cdcad8-42dd-4331-9f1e-94c2f71e8f7f,dict_concat_hyphenated
art-walk-hope.com,44cdcad8-42dd-4331-9f1e-94c2f71e8f7f,dict_concat_hyphenated
brain-sharp-door.com,44cdcad8-42dd-4331-9f1e-94c2f71e8f7f,dict_concat_hyphenated
environment-quarter.com,44cdcad8-42dd-4331-9f1e-94c2f71e8f7f,dict_concat_hyphenated
stress-secure.com,44cdcad8-42dd-4331-9f1e-94c2f71e8f7f,dict_concat_hyphenated
holiday-split.com,44cdcad8-42dd-4331-9f1e-94c2f71e8f7f,dict_concat_hyphenated
option-gather.com,44cdcad8-42dd-4331-9f1e-94c2f71e8f7f,dict_concat_hyphenated
story-quote-rent.com,44cdcad8-42dd-4331-9f1e-94c2f71e8f7f,dict_concat_hyphenated
menu-stop-explanation.com,44cdcad8-42dd-4331-9f1e-94c2f71e8f7f,dict_concat_hyphenated
mirror-consider.com,44cdcad8-42dd-4331-9f1e-94c2f71e8f7f,dict_concat_hyphenated
condition-shake.com,44cdcad8-42dd-4331-9f1e-94c2f71e8f7f,dict_concat_hyphenated
king-reference.com,44cdcad8-42dd-4331-9f1e-94c2f71e8f7f,dict_concat_hyphenated
obligationabuse.com,44cdcad8-42dd-4331-9f1e-94c2f71e8f7f,dict_concat_hyphenated
wall-hole-dad.com,44cdcad8-42dd-4331-9f1e-94c2f71e8f7f,dict_concat_hyphenated
champion-pressure.com,44cdcad8-42dd-4331-9f1e-94c2f71e8f7f,dict_concat_hyphenated
blame-heat-idea.com,44cdcad8-42dd-4331-9f1e-94c2f71e8f7f,dict_concat_hyphenated
position-camp.com,44cdcad8-42dd-4331-9f1e-94c2f71e8f7f,dict_concat_hyphenated
care-fill-parking.com,44cdcad8-42dd-4331-9f1e-94c2f71e8f7f,dict_concat_hyphenated
click-scale-meeting.com,44cdcad8-42dd-4331-9f1e-94c2f71e8f7f,dict_concat_hyphenated
track-peak-winner.com,44cdcad8-42dd-4331-9f1e-94c2f71e8f7f,dict_concat_hyphenated
inspection-glove.com,44cdcad8-42dd-4331-9f1e-94c2f71e8f7f,dict_concat_hyphenated
finance-blank.com,44cdcad8-42dd-4331-9f1e-94c2f71e8f7f,dict_concat_hyphenated
birth-fall-mistake.com,44cdcad8-42dd-4331-9f1e-94c2f71e8f7f,dict_concat_hyphenated
specialist-loose.com,44cdcad8-42dd-4331-9f1e-94c2f71e8f7f,dict_concat_hyphenated
horse-suppose.com,44cdcad8-42dd-4331-9f1e-94c2f71e8f7f,dict_concat_hyphenated
bowl-boss-hospital.com,44cdcad8-42dd-4331-9f1e-94c2f71e8f7f,dict_concat_hyphenated
nurse-implement.com,44cdcad8-42dd-4331-9f1e-94c2f71e8f7f,dict_concat_hyphenated
law-concerned.com,44cdcad8-42dd-4331-9f1e-94c2f71e8f7f,dict_concat_hyphenated
half-marry-breath.com,44cdcad8-42dd-4331-9f1e-94c2f71e8f7f,dict_concat_hyphenated
corner-cash-switch.com,44cdcad8-42dd-4331-9f1e-94c2f71e8f7f,dict_concat_hyphenated
logtree-mission.com,44cdcad8-42dd-4331-9f1e-94c2f71e8f7f,dict_concat_hyphenated
evidence-devil.com,44cdcad8-42dd-4331-9f1e-94c2f71e8f7f,dict_concat_hyphenated
relation-deal.com,44cdcad8-42dd-4331-9f1e-94c2f71e8f7f,dict_concat_hyphenated
afternoontip.com,44cdcad8-42dd-4331-9f1e-94c2f71e8f7f,dict_concat_hyphenated
entranceboot.com,44cdcad8-42dd-4331-9f1e-94c2f71e8f7f,dict_concat_hyphenated
functiongo-career.com,44cdcad8-42dd-4331-9f1e-94c2f71e8f7f,dict_concat_hyphenated
anger-associate.com,44cdcad8-42dd-4331-9f1e-94c2f71e8f7f,dict_concat_hyphenated
supermarketbank.com,44cdcad8-42dd-4331-9f1e-94c2f71e8f7f,dict_concat_hyphenated
school-cow-engineer.com,44cdcad8-42dd-4331-9f1e-94c2f71e8f7f,dict_concat_hyphenated
tone-spot-discount.com,44cdcad8-42dd-4331-9f1e-94c2f71e8f7f,dict_concat_hyphenated
grocery-warn.com,44cdcad8-42dd-4331-9f1e-94c2f71e8f7f,dict_concat_hyphenated
weaknesslunch.com,44cdcad8-42dd-4331-9f1e-94c2f71e8f7f,dict_concat_hyphenated
patient-pleasure.com,44cdcad8-42dd-4331-9f1e-94c2f71e8f7f,dict_concat_hyphenated
profession-lawyer.com,44cdcad8-42dd-4331-9f1e-94c2f71e8f7f,dict_concat_hyphenated
cup-dump-user.com,44cdcad8-42dd-4331-9f1e-94c2f71e8f7f,dict_concat_hyphenated
endspread-rock.com,44cdcad8-42dd-4331-9f1e-94c2f71e8f7f,dict_concat_hyphenated
tackle-water.com,44cdcad8-42dd-4331-9f1e-94c2f71e8f7f,dict_concat_hyphenated
iron-court-love.com,44cdcad8-42dd-4331-9f1e-94c2f71e8f7f,dict_concat_hyphenated
eastsit-error.com,44cdcad8-42dd-4331-9f1e-94c2f71e8f7f,dict_concat_hyphenated
man-reduce-traffic.com,44cdcad8-42dd-4331-9f1e-94c2f71e8f7f,dict_concat_hyphenated
speedfear-light.com,44cdcad8-42dd-4331-9f1e-94c2f71e8f7f,dict_concat_hyphenated
image-spot-patient.com,44cdcad8-42dd-4331-9f1e-94c2f71e8f7f,dict_concat_hyphenated
poem-nerve-curve.com,44cdcad8-42dd-4331-9f1e-94c2f71e8f7f,dict_concat_hyphenated
chance-shake.com,44cdcad8-42dd-4331-9f1e-94c2f71e8f7f,dict_concat_hyphenated
objectexample.com,44cdcad8-42dd-4331-9f1e-94c2f71e8f7f,dict_concat_hyphenated
relieflive-nature.com,44cdcad8-42dd-4331-9f1e-94c2f71e8f7f,dict_concat_hyphenated
review-trust.com,44cdcad8-42dd-4331-9f1e-94c2f71e8f7f,dict_concat_hyphenated
club-study-examination.com,44cdcad8-42dd-4331-9f1e-94c2f71e8f7f,dict_concat_hyphenated
dirt-shake-plant.com,44cdcad8-42dd-4331-9f1e-94c2f71e8f7f,dict_concat_hyphenated
rent-suppose.com,44cdcad8-42dd-4331-9f1e-94c2f71e8f7f,dict_concat_hyphenated
cookie-drink.com,44cdcad8-42dd-4331-9f1e-94c2f71e8f7f,dict_concat_hyphenated
camp-serve-pension.com,44cdcad8-42dd-4331-9f1e-94c2f71e8f7f,dict_concat_hyphenated
minute-bottle.com,44cdcad8-42dd-4331-9f1e-94c2f71e8f7f,dict_concat_hyphenated
belt-cancel-gate.com,44cdcad8-42dd-4331-9f1e-94c2f71e8f7f,dict_concat_hyphenated
mirror-cow-screen.com,44cdcad8-42dd-4331-9f1e-94c2f71e8f7f,dict_concat_hyphenated
taleplate-beer.com,44cdcad8-42dd-4331-9f1e-94c2f71e8f7f,dict_concat_hyphenated
drawer-floor.com,44cdcad8-42dd-4331-9f1e-94c2f71e8f7f,dict_concat_hyphenated
future-incorporate.com,44cdcad8-42dd-4331-9f1e-94c2f71e8f7f,dict_concat_hyphenated
skinblame-appeal.com,44cdcad8-42dd-4331-9f1e-94c2f71e8f7f,dict_concat_hyphenated
strategy-dish.com,44cdcad8-42dd-4331-9f1e-94c2f71e8f7f,dict_concat_hyphenated
instance-carpet.com,44cdcad8-42dd-4331-9f1e-94c2f71e8f7f,dict_concat_hyphenated
gap-weigh-network.com,44cdcad8-42dd-4331-9f1e-94c2f71e8f7f,dict_concat_hyphenated
spot-sort-list.com,44cdcad8-42dd-4331-9f1e-94c2f71e8f7f,dict_concat_hyphenated
video-hang-cup.com,44cdcad8-42dd-4331-9f1e-94c2f71e8f7f,dict_concat_hyphenated
mirror-chair.com,44cdcad8-42dd-4331-9f1e-94c2f71e8f7f,dict_concat_hyphenated
revolutionstyle.com,44cdcad8-42dd-4331-9f1e-94c2f71e8f7f,dict_concat_hyphenated
gate-are-shoe.com,44cdcad8-42dd-4331-9f1e-94c2f71e8f7f,dict_concat_hyphenated
class-table-blame.com,44cdcad8-42dd-4331-9f1e-94c2f71e8f7f,dict_concat_hyphenated
productfeature.com,44cdcad8-42dd-4331-9f1e-94c2f71e8f7f,dict_concat_hyphenated
stage-roof-arm.com,44cdcad8-42dd-4331-9f1e-94c2f71e8f7f,dict_concat_hyphenated
garden-market.com,44cdcad8-42dd-4331-9f1e-94c2f71e8f7f,dict_concat_hyphenated
square-crash.com,44cdcad8-42dd-4331-9f1e-94c2f71e8f7f,dict_concat_hyphenated
note-serve-interest.com,44cdcad8-42dd-4331-9f1e-94c2f71e8f7f,dict_concat_hyphenated
security-witness.com,44cdcad8-42dd-4331-9f1e-94c2f71e8f7f,dict_concat_hyphenated
saledream-parent.com,44cdcad8-42dd-4331-9f1e-94c2f71e8f7f,dict_concat_hyphenated
loadsuppose-matter.com,44cdcad8-42dd-4331-9f1e-94c2f71e8f7f,dict_concat_hyphenated
song-salary-boyfriend.com,44cdcad8-42dd-4331-9f1e-94c2f71e8f7f,dict_concat_hyphenated
accessmark-lecture.com,44cdcad8-42dd-4331-9f1e-94c2f71e8f7f,dict_concat_hyphenated
schedulebell.com,44cdcad8-42dd-4331-9f1e-94c2f71e8f7f,dict_concat_hyphenated
film-floor-park.com,44cdcad8-42dd-4331-9f1e-94c2f71e8f7f,dict_concat_hyphenated
purple-care-signature.com,44cdcad8-42dd-4331-9f1e-94c2f71e8f7f,dict_concat_hyphenated
hook-fire-breath.com,44cdcad8-42dd-4331-9f1e-94c2f71e8f7f,dict_concat_hyphenated
glass-slide-author.com,44cdcad8-42dd-4331-9f1e-94c2f71e8f7f,dict_concat_hyphenated
article-occasion.com,44cdcad8-42dd-4331-9f1e-94c2f71e8f7f,dict_concat_hyphenated
risk-island-board.com,44cdcad8-42dd-4331-9f1e-94c2f71e8f7f,dict_concat_hyphenated
dreamprogram.com,44cdcad8-42dd-4331-9f1e-94c2f71e8f7f,dict_concat_hyphenated
handconcerned.com,44cdcad8-42dd-4331-9f1e-94c2f71e8f7f,dict_concat_hyphenated
outside-argue.com,44cdcad8-42dd-4331-9f1e-94c2f71e8f7f,dict_concat_hyphenated
art-effect-wall.com,44cdcad8-42dd-4331-9f1e-94c2f71e8f7f,dict_concat_hyphenated
position-desire.com,44cdcad8-42dd-4331-9f1e-94c2f71e8f7f,dict_concat_hyphenated
juice-pace-gate.com,44cdcad8-42dd-4331-9f1e-94c2f71e8f7f,dict_concat_hyphenated
market-agree.com,44cdcad8-42dd-4331-9f1e-94c2f71e8f7f,dict_concat_hyphenated
rewardadd-rain.com,44cdcad8-42dd-4331-9f1e-94c2f71e8f7f,dict_concat_hyphenated
mouse-champion.com,44cdcad8-42dd-4331-9f1e-94c2f71e8f7f,dict_concat_hyphenated
pipesave-pressure.com,44cdcad8-42dd-4331-9f1e-94c2f71e8f7f,dict_concat_hyphenated
impression-communicate.com,44cdcad8-42dd-4331-9f1e-94c2f71e8f7f,dict_concat_hyphenated
trick-box-phrase.com,44cdcad8-42dd-4331-9f1e-94c2f71e8f7f,dict_concat_hyphenated
brain-site-inspection.com,44cdcad8-42dd-4331-9f1e-94c2f71e8f7f,dict_concat_hyphenated
shoulder-marry.com,44cdcad8-42dd-4331-9f1e-94c2f71e8f7f,dict_concat_hyphenated
park-scale-stomach.com,44cdcad8-42dd-4331-9f1e-94c2f71e8f7f,dict_concat_hyphenated
store-remain.com,44cdcad8-42dd-4331-9f1e-94c2f71e8f7f,dict_concat_hyphenated
red-credit-cookie.com,44cdcad8-42dd-4331-9f1e-94c2f71e8f7f,dict_concat_hyphenated
controlobtain.com,44cdcad8-42dd-4331-9f1e-94c2f71e8f7f,dict_concat_hyphenated
agent-write-bell.com,44cdcad8-42dd-4331-9f1e-94c2f71e8f7f,dict_concat_hyphenated
resultimpress.com,44cdcad8-42dd-4331-9f1e-94c2f71e8f7f,dict_concat_hyphenated
bathroombox-implement.com,44cdcad8-42dd-4331-9f1e-94c2f71e8f7f,dict_concat_hyphenated
firegarden-buddy.com,44cdcad8-42dd-4331-9f1e-94c2f71e8f7f,dict_concat_hyphenated
writer-seem-shame.com,44cdcad8-42dd-4331-9f1e-94c2f71e8f7f,dict_concat_hyphenated
south-exchange.com,44cdcad8-42dd-4331-9f1e-94c2f71e8f7f,dict_concat_hyphenated
pattern-stretch.com,44cdcad8-42dd-4331-9f1e-94c2f71e8f7f,dict_concat_hyphenated
note-slide-score.com,44cdcad8-42dd-4331-9f1e-94c2f71e8f7f,dict_concat_hyphenated
surgeryblack.com,44cdcad8-42dd-4331-9f1e-94c2f71e8f7f,dict_concat_hyphenated
style-express.com,44cdcad8-42dd-4331-9f1e-94c2f71e8f7f,dict_concat_hyphenated
temperaturewarn.com,44cdcad8-42dd-4331-9f1e-94c2f71e8f7f,dict_concat_hyphenated
evidence-radio.com,44cdcad8-42dd-4331-9f1e-94c2f71e8f7f,dict_concat_hyphenated
appointment-contribute.com,44cdcad8-42dd-4331-9f1e-94c2f71e8f7f,dict_concat_hyphenated
trashaward-court.com,44cdcad8-42dd-4331-9f1e-94c2f71e8f7f,dict_concat_hyphenated
interest-meet.com,44cdcad8-42dd-4331-9f1e-94c2f71e8f7f,dict_concat_hyphenated
curve-remove.com,44cdcad8-42dd-4331-9f1e-94c2f71e8f7f,dict_concat_hyphenated
finger-walk-bowl.com,44cdcad8-42dd-4331-9f1e-94c2f71e8f7f,dict_concat_hyphenated
evening-carpet.com,44cdcad8-42dd-4331-9f1e-94c2f71e8f7f,dict_concat_hyphenated
image-calculate.com,44cdcad8-42dd-4331-9f1e-94c2f71e8f7f,dict_concat_hyphenated
eye-write-vegetable.com,44cdcad8-42dd-4331-9f1e-94c2f71e8f7f,dict_concat_hyphenated
security-bite.com,44cdcad8-42dd-4331-9f1e-94c2f71e8f7f,dict_concat_hyphenated
degree-concern.com,44cdcad8-42dd-4331-9f1e-94c2f71e8f7f,dict_concat_hyphenated
image-baby-risk.com,44cdcad8-42dd-4331-9f1e-94c2f71e8f7f,dict_concat_hyphenated
friend-suggest.com,44cdcad8-42dd-4331-9f1e-94c2f71e8f7f,dict_concat_hyphenated
conclusion-floor.com,44cdcad8-42dd-4331-9f1e-94c2f71e8f7f,dict_concat_hyphenated
fightassociate.com,44cdcad8-42dd-4331-9f1e-94c2f71e8f7f,dict_concat_hyphenated
teacher-doctor.com,44cdcad8-42dd-4331-9f1e-94c2f71e8f7f,dict_concat_hyphenated
knowledge-slice.com,44cdcad8-42dd-4331-9f1e-94c2f71e8f7f,dict_concat_hyphenated
earth-flower.com,44cdcad8-42dd-4331-9f1e-94c2f71e8f7f,dict_concat_hyphenated
position-wait.com,44cdcad8-42dd-4331-9f1e-94c2f71e8f7f,dict_concat_hyphenated
software-tour.com,44cdcad8-42dd-4331-9f1e-94c2f71e8f7f,dict_concat_hyphenated
field-implement.com,44cdcad8-42dd-4331-9f1e-94c2f71e8f7f,dict_concat_hyphenated
art-keep-pot.com,44cdcad8-42dd-4331-9f1e-94c2f71e8f7f,dict_concat_hyphenated
door-marry-average.com,44cdcad8-42dd-4331-9f1e-94c2f71e8f7f,dict_concat_hyphenated
term-shelter.com,44cdcad8-42dd-4331-9f1e-94c2f71e8f7f,dict_concat_hyphenated
bill-man-baby.com,44cdcad8-42dd-4331-9f1e-94c2f71e8f7f,dict_concat_hyphenated
demand-allow.com,44cdcad8-42dd-4331-9f1e-94c2f71e8f7f,dict_concat_hyphenated
sport-garage.com,44cdcad8-42dd-4331-9f1e-94c2f71e8f7f,dict_concat_hyphenated
town-grab-tree.com,44cdcad8-42dd-4331-9f1e-94c2f71e8f7f,dict_concat_hyphenated
source-bath-plane.com,44cdcad8-42dd-4331-9f1e-94c2f71e8f7f,dict_concat_hyphenated
awardagree-expert.com,44cdcad8-42dd-4331-9f1e-94c2f71e8f7f,dict_concat_hyphenated
taste-weigh-blue.com,44cdcad8-42dd-4331-9f1e-94c2f71e8f7f,dict_concat_hyphenated
user-foot-wedding.com,44cdcad8-42dd-4331-9f1e-94c2f71e8f7f,dict_concat_hyphenated
reactionemphasize.com,44cdcad8-42dd-4331-9f1e-94c2f71e8f7f,dict_concat_hyphenated
finger-lip-ambition.com,44cdcad8-42dd-4331-9f1e-94c2f71e8f7f,dict_concat_hyphenated
silverpossess.com,44cdcad8-42dd-4331-9f1e-94c2f71e8f7f,dict_concat_hyphenated
blow-effect-bill.com,44cdcad8-42dd-4331-9f1e-94c2f71e8f7f,dict_concat_hyphenated
bartake-design.com,44cdcad8-42dd-4331-9f1e-94c2f71e8f7f,dict_concat_hyphenated
chipspot-winter.com,44cdcad8-42dd-4331-9f1e-94c2f71e8f7f,dict_concat_hyphenated
gap-insist-monitor.com,44cdcad8-42dd-4331-9f1e-94c2f71e8f7f,dict_concat_hyphenated
lawyersmile-pair.com,44cdcad8-42dd-4331-9f1e-94c2f71e8f7f,dict_concat_hyphenated
village-calculate.com,44cdcad8-42dd-4331-9f1e-94c2f71e8f7f,dict_concat_hyphenated
text-shall-strategy.com,44cdcad8-42dd-4331-9f1e-94c2f71e8f7f,dict_concat_hyphenated
hall-grab-pension.com,44cdcad8-42dd-4331-9f1e-94c2f71e8f7f,dict_concat_hyphenated
rent-win-focus.com,44cdcad8-42dd-4331-9f1e-94c2f71e8f7f,dict_concat_hyphenated
tree-pipe-feature.com,44cdcad8-42dd-4331-9f1e-94c2f71e8f7f,dict_concat_hyphenated
culture-network.com,44cdcad8-42dd-4331-9f1e-94c2f71e8f7f,dict_concat_hyphenated
knife-value-fault.com,44cdcad8-42dd-4331-9f1e-94c2f71e8f7f,dict_concat_hyphenated
point-lost-quantity.com,44cdcad8-42dd-4331-9f1e-94c2f71e8f7f,dict_concat_hyphenated
fault-shake-writer.com,44cdcad8-42dd-4331-9f1e-94c2f71e8f7f,dict_concat_hyphenated
click-buy-assumption.com,44cdcad8-42dd-4331-9f1e-94c2f71e8f7f,dict_concat_hyphenated
trust-persuade.com,44cdcad8-42dd-4331-9f1e-94c2f71e8f7f,dict_concat_hyphenated
blame-baby-source.com,44cdcad8-42dd-4331-9f1e-94c2f71e8f7f,dict_concat_hyphenated
form-perfect.com,44cdcad8-42dd-4331-9f1e-94c2f71e8f7f,dict_concat_hyphenated
dot-argue-monitor.com,44cdcad8-42dd-4331-9f1e-94c2f71e8f7f,dict_concat_hyphenated
ticketwaste-dress.com,44cdcad8-42dd-4331-9f1e-94c2f71e8f7f,dict_concat_hyphenated
research-structure.com,44cdcad8-42dd-4331-9f1e-94c2f71e8f7f,dict_concat_hyphenated
stuff-devil-music.com,44cdcad8-42dd-4331-9f1e-94c2f71e8f7f,dict_concat_hyphenated
hourbring-edge.com,44cdcad8-42dd-4331-9f1e-94c2f71e8f7f,dict_concat_hyphenated
layer-determine.com,44cdcad8-42dd-4331-9f1e-94c2f71e8f7f,dict_concat_hyphenated
score-cake-step.com,44cdcad8-42dd-4331-9f1e-94c2f71e8f7f,dict_concat_hyphenated
stock-relax-detail.com,44cdcad8-42dd-4331-9f1e-94c2f71e8f7f,dict_concat_hyphenated
waterdesire-target.com,44cdcad8-42dd-4331-9f1e-94c2f71e8f7f,dict_concat_hyphenated
insectdrink-bicycle.com,44cdcad8-42dd-4331-9f1e-94c2f71e8f7f,dict_concat_hyphenated
traffic-mark.com,44cdcad8-42dd-4331-9f1e-94c2f71e8f7f,dict_concat_hyphenated
giftdeserve-file.com,44cdcad8-42dd-4331-9f1e-94c2f71e8f7f,dict_concat_hyphenated
oven-proposed.com,44cdcad8-42dd-4331-9f1e-94c2f71e8f7f,dict_concat_hyphenated
definition-feel.com,44cdcad8-42dd-4331-9f1e-94c2f71e8f7f,dict_concat_hyphenated
example-loose.com,44cdcad8-42dd-4331-9f1e-94c2f71e8f7f,dict_concat_hyphenated
routine-check.com,44cdcad8-42dd-4331-9f1e-94c2f71e8f7f,dict_concat_hyphenated
trust-flow-peace.com,44cdcad8-42dd-4331-9f1e-94c2f71e8f7f,dict_concat_hyphenated
noisenetwork.com,44cdcad8-42dd-4331-9f1e-94c2f71e8f7f,dict_concat_hyphenated
sentenceconsider.com,44cdcad8-42dd-4331-9f1e-94c2f71e8f7f,dict_concat_hyphenated
throat-heat-understanding.com,44cdcad8-42dd-4331-9f1e-94c2f71e8f7f,dict_concat_hyphenated
bid-doctor-blue.com,44cdcad8-42dd-4331-9f1e-94c2f71e8f7f,dict_concat_hyphenated
blockapologize.com,44cdcad8-42dd-4331-9f1e-94c2f71e8f7f,dict_concat_hyphenated
loadpossess-background.com,44cdcad8-42dd-4331-9f1e-94c2f71e8f7f,dict_concat_hyphenated
sunwater-post.com,44cdcad8-42dd-4331-9f1e-94c2f71e8f7f,dict_concat_hyphenated
coach-survey.com,44cdcad8-42dd-4331-9f1e-94c2f71e8f7f,dict_concat_hyphenated
guarantee-seem.com,44cdcad8-42dd-4331-9f1e-94c2f71e8f7f,dict_concat_hyphenated
project-force.com,44cdcad8-42dd-4331-9f1e-94c2f71e8f7f,dict_concat_hyphenated
news-structure.com,44cdcad8-42dd-4331-9f1e-94c2f71e8f7f,dict_concat_hyphenated
assumption-wait.com,44cdcad8-42dd-4331-9f1e-94c2f71e8f7f,dict_concat_hyphenated
quality-hesitate.com,44cdcad8-42dd-4331-9f1e-94c2f71e8f7f,dict_concat_hyphenated
chocolatelandscape.com,44cdcad8-42dd-4331-9f1e-94c2f71e8f7f,dict_concat_hyphenated
factor-adopt.com,44cdcad8-42dd-4331-9f1e-94c2f71e8f7f,dict_concat_hyphenated
friend-screw.com,44cdcad8-42dd-4331-9f1e-94c2f71e8f7f,dict_concat_hyphenated
sir-win-physics.com,44cdcad8-42dd-4331-9f1e-94c2f71e8f7f,dict_concat_hyphenated
indication-staff.com,44cdcad8-42dd-4331-9f1e-94c2f71e8f7f,dict_concat_hyphenated
oven-case-lack.com,44cdcad8-42dd-4331-9f1e-94c2f71e8f7f,dict_concat_hyphenated
branch-realize.com,44cdcad8-42dd-4331-9f1e-94c2f71e8f7f,dict_concat_hyphenated
note-twist-source.com,44cdcad8-42dd-4331-9f1e-94c2f71e8f7f,dict_concat_hyphenated
curve-become.com,44cdcad8-42dd-4331-9f1e-94c2f71e8f7f,dict_concat_hyphenated
anglereason-code.com,44cdcad8-42dd-4331-9f1e-94c2f71e8f7f,dict_concat_hyphenated
face-extend-material.com,44cdcad8-42dd-4331-9f1e-94c2f71e8f7f,dict_concat_hyphenated
paintstore-cycle.com,44cdcad8-42dd-4331-9f1e-94c2f71e8f7f,dict_concat_hyphenated
carrelax-welcome.com,44cdcad8-42dd-4331-9f1e-94c2f71e8f7f,dict_concat_hyphenated
birth-attend.com,44cdcad8-42dd-4331-9f1e-94c2f71e8f7f,dict_concat_hyphenated
edgelose-philosophy.com,44cdcad8-42dd-4331-9f1e-94c2f71e8f7f,dict_concat_hyphenated
diet-prefer-carry.com,44cdcad8-42dd-4331-9f1e-94c2f71e8f7f,dict_concat_hyphenated
pattern-buy-world.com,44cdcad8-42dd-4331-9f1e-94c2f71e8f7f,dict_concat_hyphenated
screwpen-strength.com,44cdcad8-42dd-4331-9f1e-94c2f71e8f7f,dict_concat_hyphenated
web-pound-mark.com,44cdcad8-42dd-4331-9f1e-94c2f71e8f7f,dict_concat_hyphenated
drawer-copy-slice.com,44cdcad8-42dd-4331-9f1e-94c2f71e8f7f,dict_concat_hyphenated
click-reason.com,44cdcad8-42dd-4331-9f1e-94c2f71e8f7f,dict_concat_hyphenated
bake-add-training.com,44cdcad8-42dd-4331-9f1e-94c2f71e8f7f,dict_concat_hyphenated
world-tool-material.com,44cdcad8-42dd-4331-9f1e-94c2f71e8f7f,dict_concat_hyphenated
face-bite-manufacturer.com,44cdcad8-42dd-4331-9f1e-94c2f71e8f7f,dict_concat_hyphenated
chairdistrict.com,44cdcad8-42dd-4331-9f1e-94c2f71e8f7f,dict_concat_hyphenated
salarysolve-speed.com,44cdcad8-42dd-4331-9f1e-94c2f71e8f7f,dict_concat_hyphenated
nothingjudge.com,44cdcad8-42dd-4331-9f1e-94c2f71e8f7f,dict_concat_hyphenated
term-curve-knee.com,44cdcad8-42dd-4331-9f1e-94c2f71e8f7f,dict_concat_hyphenated
funeral-die-plant.com,44cdcad8-42dd-4331-9f1e-94c2f71e8f7f,dict_concat_hyphenated
weatherimpress.com,44cdcad8-42dd-4331-9f1e-94c2f71e8f7f,dict_concat_hyphenated
penaltytone-mouth.com,44cdcad8-42dd-4331-9f1e-94c2f71e8f7f,dict_concat_hyphenated
appealmarried.com,44cdcad8-42dd-4331-9f1e-94c2f71e8f7f,dict_concat_hyphenated
bunch-impress.com,44cdcad8-42dd-4331-9f1e-94c2f71e8f7f,dict_concat_hyphenated
judgeconnect.com,44cdcad8-42dd-4331-9f1e-94c2f71e8f7f,dict_concat_hyphenated
minimumpace-lesson.com,44cdcad8-42dd-4331-9f1e-94c2f71e8f7f,dict_concat_hyphenated
library-tip-care.com,44cdcad8-42dd-4331-9f1e-94c2f71e8f7f,dict_concat_hyphenated
media-fail-outside.com,44cdcad8-42dd-4331-9f1e-94c2f71e8f7f,dict_concat_hyphenated
mistake-muscle.com,44cdcad8-42dd-4331-9f1e-94c2f71e8f7f,dict_concat_hyphenated
hatevidence-salary.com,44cdcad8-42dd-4331-9f1e-94c2f71e8f7f,dict_concat_hyphenated
specialist-blame.com,44cdcad8-42dd-4331-9f1e-94c2f71e8f7f,dict_concat_hyphenated
vacation-foot.com,44cdcad8-42dd-4331-9f1e-94c2f71e8f7f,dict_concat_hyphenated
register-fall.com,44cdcad8-42dd-4331-9f1e-94c2f71e8f7f,dict_concat_hyphenated
father-throw.com,44cdcad8-42dd-4331-9f1e-94c2f71e8f7f,dict_concat_hyphenated
wind-care-choice.com,44cdcad8-42dd-4331-9f1e-94c2f71e8f7f,dict_concat_hyphenated
bank-act-discount.com,44cdcad8-42dd-4331-9f1e-94c2f71e8f7f,dict_concat_hyphenated
day-look-truth.com,44cdcad8-42dd-4331-9f1e-94c2f71e8f7f,dict_concat_hyphenated
bell-slide-truth.com,44cdcad8-42dd-4331-9f1e-94c2f71e8f7f,dict_concat_hyphenated
question-show.com,44cdcad8-42dd-4331-9f1e-94c2f71e8f7f,dict_concat_hyphenated
family-branch.com,44cdcad8-42dd-4331-9f1e-94c2f71e8f7f,dict_concat_hyphenated
stage-assume.com,44cdcad8-42dd-4331-9f1e-94c2f71e8f7f,dict_concat_hyphenated
indication-champion.com,44cdcad8-42dd-4331-9f1e-94c2f71e8f7f,dict_concat_hyphenated
capital-remove.com,44cdcad8-42dd-4331-9f1e-94c2f71e8f7f,dict_concat_hyphenated
bend-run-instruction.com,44cdcad8-42dd-4331-9f1e-94c2f71e8f7f,dict_concat_hyphenated
strategy-continue.com,44cdcad8-42dd-4331-9f1e-94c2f71e8f7f,dict_concat_hyphenated
standardstaff.com,44cdcad8-42dd-4331-9f1e-94c2f71e8f7f,dict_concat_hyphenated
barhurt-firestroke.com,44cdcad8-42dd-4331-9f1e-94c2f71e8f7f,dict_concat_hyphenated
spitehang-fire.com,44cdcad8-42dd-4331-9f1e-94c2f71e8f7f,dict_concat_hyphenated
pot-advantage.com,44cdcad8-42dd-4331-9f1e-94c2f71e8f7f,dict_concat_hyphenated
methodare-beach.com,44cdcad8-42dd-4331-9f1e-94c2f71e8f7f,dict_concat_hyphenated
economicsrent.com,44cdcad8-42dd-4331-9f1e-94c2f71e8f7f,dict_concat_hyphenated
game-slide-army.com,44cdcad8-42dd-4331-9f1e-94c2f71e8f7f,dict_concat_hyphenated
influence-warm.com,44cdcad8-42dd-4331-9f1e-94c2f71e8f7f,dict_concat_hyphenated
tour-expand-pension.com,44cdcad8-42dd-4331-9f1e-94c2f71e8f7f,dict_concat_hyphenated
rainmeet-principle.com,44cdcad8-42dd-4331-9f1e-94c2f71e8f7f,dict_concat_hyphenated
goldframe-lock.com,44cdcad8-42dd-4331-9f1e-94c2f71e8f7f,dict_concat_hyphenated
title-brain-ease.com,44cdcad8-42dd-4331-9f1e-94c2f71e8f7f,dict_concat_hyphenated
quantity-drink.com,44cdcad8-42dd-4331-9f1e-94c2f71e8f7f,dict_concat_hyphenated
bicycleprefer.com,44cdcad8-42dd-4331-9f1e-94c2f71e8f7f,dict_concat_hyphenated
fault-point-river.com,44cdcad8-42dd-4331-9f1e-94c2f71e8f7f,dict_concat_hyphenated
bath-marry-software.com,44cdcad8-42dd-4331-9f1e-94c2f71e8f7f,dict_concat_hyphenated
workreward-part.com,44cdcad8-42dd-4331-9f1e-94c2f71e8f7f,dict_concat_hyphenated
business-market.com,44cdcad8-42dd-4331-9f1e-94c2f71e8f7f,dict_concat_hyphenated
service-detail.com,44cdcad8-42dd-4331-9f1e-94c2f71e8f7f,dict_concat_hyphenated
news-consider.com,44cdcad8-42dd-4331-9f1e-94c2f71e8f7f,dict_concat_hyphenated
naturepiece-manner.com,44cdcad8-42dd-4331-9f1e-94c2f71e8f7f,dict_concat_hyphenated
hostneed-attempt.com,44cdcad8-42dd-4331-9f1e-94c2f71e8f7f,dict_concat_hyphenated
impression-split.com,44cdcad8-42dd-4331-9f1e-94c2f71e8f7f,dict_concat_hyphenated
roomapply-effect.com,44cdcad8-42dd-4331-9f1e-94c2f71e8f7f,dict_concat_hyphenated
bitstructure.com,44cdcad8-42dd-4331-9f1e-94c2f71e8f7f,dict_concat_hyphenated
video-black-software.com,44cdcad8-42dd-4331-9f1e-94c2f71e8f7f,dict_concat_hyphenated
nothingfoot-significance.com,44cdcad8-42dd-4331-9f1e-94c2f71e8f7f,dict_concat_hyphenated
reading-bite.com,44cdcad8-42dd-4331-9f1e-94c2f71e8f7f,dict_concat_hyphenated
training-copy.com,44cdcad8-42dd-4331-9f1e-94c2f71e8f7f,dict_concat_hyphenated
pricebake-package.com,44cdcad8-42dd-4331-9f1e-94c2f71e8f7f,dict_concat_hyphenated
rangepoint-mortgage.com,44cdcad8-42dd-4331-9f1e-94c2f71e8f7f,dict_concat_hyphenated
judgedoubt-theme.com,44cdcad8-42dd-4331-9f1e-94c2f71e8f7f,dict_concat_hyphenated
poem-bill-table.com,44cdcad8-42dd-4331-9f1e-94c2f71e8f7f,dict_concat_hyphenated
income-let-fuel.com,44cdcad8-42dd-4331-9f1e-94c2f71e8f7f,dict_concat_hyphenated
kind-turn-south.com,44cdcad8-42dd-4331-9f1e-94c2f71e8f7f,dict_concat_hyphenated
document-fill.com,44cdcad8-42dd-4331-9f1e-94c2f71e8f7f,dict_concat_hyphenated
spirit-spot-cake.com,44cdcad8-42dd-4331-9f1e-94c2f71e8f7f,dict_concat_hyphenated
nothingdish-self.com,44cdcad8-42dd-4331-9f1e-94c2f71e8f7f,dict_concat_hyphenated
negotiation-tower.com,44cdcad8-42dd-4331-9f1e-94c2f71e8f7f,dict_concat_hyphenated
courseadapt-son.com,44cdcad8-42dd-4331-9f1e-94c2f71e8f7f,dict_concat_hyphenated
world-talk-birthday.com,44cdcad8-42dd-4331-9f1e-94c2f71e8f7f,dict_concat_hyphenated
boatdoes-task.com,44cdcad8-42dd-4331-9f1e-94c2f71e8f7f,dict_concat_hyphenated
degree-stuff.com,44cdcad8-42dd-4331-9f1e-94c2f71e8f7f,dict_concat_hyphenated
methodpause-nothing.com,44cdcad8-42dd-4331-9f1e-94c2f71e8f7f,dict_concat_hyphenated
farm-express.com,44cdcad8-42dd-4331-9f1e-94c2f71e8f7f,dict_concat_hyphenated
park-profile.com,44cdcad8-42dd-4331-9f1e-94c2f71e8f7f,dict_concat_hyphenated
request-married.com,44cdcad8-42dd-4331-9f1e-94c2f71e8f7f,dict_concat_hyphenated
dressvary-trainer.com,44cdcad8-42dd-4331-9f1e-94c2f71e8f7f,dict_concat_hyphenated
routine-chair.com,44cdcad8-42dd-4331-9f1e-94c2f71e8f7f,dict_concat_hyphenated
powerdetermine.com,44cdcad8-42dd-4331-9f1e-94c2f71e8f7f,dict_concat_hyphenated
stock-reason.com,44cdcad8-42dd-4331-9f1e-94c2f71e8f7f,dict_concat_hyphenated
guidesail-reference.com,44cdcad8-42dd-4331-9f1e-94c2f71e8f7f,dict_concat_hyphenated
ball-carpet-path.com,44cdcad8-42dd-4331-9f1e-94c2f71e8f7f,dict_concat_hyphenated
lightcheck-internet.com,44cdcad8-42dd-4331-9f1e-94c2f71e8f7f,dict_concat_hyphenated
form-building.com,44cdcad8-42dd-4331-9f1e-94c2f71e8f7f,dict_concat_hyphenated
nail-associate.com,44cdcad8-42dd-4331-9f1e-94c2f71e8f7f,dict_concat_hyphenated
shame-suggest.com,44cdcad8-42dd-4331-9f1e-94c2f71e8f7f,dict_concat_hyphenated
man-blame-tune.com,44cdcad8-42dd-4331-9f1e-94c2f71e8f7f,dict_concat_hyphenated
bake-combine.com,44cdcad8-42dd-4331-9f1e-94c2f71e8f7f,dict_concat_hyphenated
powercross-communication.com,44cdcad8-42dd-4331-9f1e-94c2f71e8f7f,dict_concat_hyphenated
menu-burn-impression.com,44cdcad8-42dd-4331-9f1e-94c2f71e8f7f,dict_concat_hyphenated
number-craft.com,44cdcad8-42dd-4331-9f1e-94c2f71e8f7f,dict_concat_hyphenated
minute-run-boyfriend.com,44cdcad8-42dd-4331-9f1e-94c2f71e8f7f,dict_concat_hyphenated
service-marry.com,44cdcad8-42dd-4331-9f1e-94c2f71e8f7f,dict_concat_hyphenated
teamblame-wife.com,44cdcad8-42dd-4331-9f1e-94c2f71e8f7f,dict_concat_hyphenated
bath-react-anger.com,44cdcad8-42dd-4331-9f1e-94c2f71e8f7f,dict_concat_hyphenated
spray-water-board.com,44cdcad8-42dd-4331-9f1e-94c2f71e8f7f,dict_concat_hyphenated
lessonground.com,44cdcad8-42dd-4331-9f1e-94c2f71e8f7f,dict_concat_hyphenated
reputation-stop.com,44cdcad8-42dd-4331-9f1e-94c2f71e8f7f,dict_concat_hyphenated
quality-witness.com,44cdcad8-42dd-4331-9f1e-94c2f71e8f7f,dict_concat_hyphenated
missionblame.com,44cdcad8-42dd-4331-9f1e-94c2f71e8f7f,dict_concat_hyphenated
drop-repair-truth.com,44cdcad8-42dd-4331-9f1e-94c2f71e8f7f,dict_concat_hyphenated
coat-tour-hospital.com,44cdcad8-42dd-4331-9f1e-94c2f71e8f7f,dict_concat_hyphenated
blank-smoke-home.com,44cdcad8-42dd-4331-9f1e-94c2f71e8f7f,dict_concat_hyphenated
ambition-company.com,44cdcad8-42dd-4331-9f1e-94c2f71e8f7f,dict_concat_hyphenated
hook-warn-mouse.com,44cdcad8-42dd-4331-9f1e-94c2f71e8f7f,dict_concat_hyphenated
kind-seem-saving.com,44cdcad8-42dd-4331-9f1e-94c2f71e8f7f,dict_concat_hyphenated
nativeorganize.com,44cdcad8-42dd-4331-9f1e-94c2f71e8f7f,dict_concat_hyphenated
specialist-test.com,44cdcad8-42dd-4331-9f1e-94c2f71e8f7f,dict_concat_hyphenated
news-rain-black.com,44cdcad8-42dd-4331-9f1e-94c2f71e8f7f,dict_concat_hyphenated
mindbridge-worker.com,44cdcad8-42dd-4331-9f1e-94c2f71e8f7f,dict_concat_hyphenated
saladfault-bed.com,44cdcad8-42dd-4331-9f1e-94c2f71e8f7f,dict_concat_hyphenated
answer-author.com,44cdcad8-42dd-4331-9f1e-94c2f71e8f7f,dict_concat_hyphenated
staffplate-rule.com,44cdcad8-42dd-4331-9f1e-94c2f71e8f7f,dict_concat_hyphenated
birddoes-problem.com,44cdcad8-42dd-4331-9f1e-94c2f71e8f7f,dict_concat_hyphenated
alarmfight-loan.com,44cdcad8-42dd-4331-9f1e-94c2f71e8f7f,dict_concat_hyphenated
guidelive-contact.com,44cdcad8-42dd-4331-9f1e-94c2f71e8f7f,dict_concat_hyphenated
heat-plate-tip.com,44cdcad8-42dd-4331-9f1e-94c2f71e8f7f,dict_concat_hyphenated
branch-run-salt.com,44cdcad8-42dd-4331-9f1e-94c2f71e8f7f,dict_concat_hyphenated
writingprogress.com,44cdcad8-42dd-4331-9f1e-94c2f71e8f7f,dict_concat_hyphenated
policy-wheel.com,44cdcad8-42dd-4331-9f1e-94c2f71e8f7f,dict_concat_hyphenated
horrorsource.com,44cdcad8-42dd-4331-9f1e-94c2f71e8f7f,dict_concat_hyphenated
piedig-teastaff.com,44cdcad8-42dd-4331-9f1e-94c2f71e8f7f,dict_concat_hyphenated
garden-cake-capital.com,44cdcad8-42dd-4331-9f1e-94c2f71e8f7f,dict_concat_hyphenated
bus-factor-counter.com,44cdcad8-42dd-4331-9f1e-94c2f71e8f7f,dict_concat_hyphenated
capital-operate.com,44cdcad8-42dd-4331-9f1e-94c2f71e8f7f,dict_concat_hyphenated
expertadvanced.com,44cdcad8-42dd-4331-9f1e-94c2f71e8f7f,dict_concat_hyphenated
earth-associate.com,44cdcad8-42dd-4331-9f1e-94c2f71e8f7f,dict_concat_hyphenated
cashchip-band.com,44cdcad8-42dd-4331-9f1e-94c2f71e8f7f,dict_concat_hyphenated
bill-act-commission.com,44cdcad8-42dd-4331-9f1e-94c2f71e8f7f,dict_concat_hyphenated
birth-stroke.com,44cdcad8-42dd-4331-9f1e-94c2f71e8f7f,dict_concat_hyphenated
pollution-vary.com,44cdcad8-42dd-4331-9f1e-94c2f71e8f7f,dict_concat_hyphenated
bone-perfect.com,44cdcad8-42dd-4331-9f1e-94c2f71e8f7f,dict_concat_hyphenated
theorysend-bar.com,44cdcad8-42dd-4331-9f1e-94c2f71e8f7f,dict_concat_hyphenated
army-solve-year.com,44cdcad8-42dd-4331-9f1e-94c2f71e8f7f,dict_concat_hyphenated
workersharp-bug.com,44cdcad8-42dd-4331-9f1e-94c2f71e8f7f,dict_concat_hyphenated
saving-reveal.com,44cdcad8-42dd-4331-9f1e-94c2f71e8f7f,dict_concat_hyphenated
key-loose-truth.com,44cdcad8-42dd-4331-9f1e-94c2f71e8f7f,dict_concat_hyphenated
step-get-maximum.com,44cdcad8-42dd-4331-9f1e-94c2f71e8f7f,dict_concat_hyphenated
taskovercome.com,44cdcad8-42dd-4331-9f1e-94c2f71e8f7f,dict_concat_hyphenated
profession-buy.com,44cdcad8-42dd-4331-9f1e-94c2f71e8f7f,dict_concat_hyphenated
video-nerve-feeling.com,44cdcad8-42dd-4331-9f1e-94c2f71e8f7f,dict_concat_hyphenated
stranger-neck.com,44cdcad8-42dd-4331-9f1e-94c2f71e8f7f,dict_concat_hyphenated
silvercontinue.com,44cdcad8-42dd-4331-9f1e-94c2f71e8f7f,dict_concat_hyphenated
platform-advanced.com,44cdcad8-42dd-4331-9f1e-94c2f71e8f7f,dict_concat_hyphenated
tongue-schedule.com,44cdcad8-42dd-4331-9f1e-94c2f71e8f7f,dict_concat_hyphenated
economicscarpet.com,44cdcad8-42dd-4331-9f1e-94c2f71e8f7f,dict_concat_hyphenated
thanksgarden.com,44cdcad8-42dd-4331-9f1e-94c2f71e8f7f,dict_concat_hyphenated
loadname-word.com,44cdcad8-42dd-4331-9f1e-94c2f71e8f7f,dict_concat_hyphenated
edgerent-midnight.com,44cdcad8-42dd-4331-9f1e-94c2f71e8f7f,dict_concat_hyphenated
phrase-feel-instance.com,44cdcad8-42dd-4331-9f1e-94c2f71e8f7f,dict_concat_hyphenated
spray-bat-chicken.com,44cdcad8-42dd-4331-9f1e-94c2f71e8f7f,dict_concat_hyphenated
bandfactor-air.com,44cdcad8-42dd-4331-9f1e-94c2f71e8f7f,dict_concat_hyphenated
bid-option-birth.com,44cdcad8-42dd-4331-9f1e-94c2f71e8f7f,dict_concat_hyphenated
family-season.com,44cdcad8-42dd-4331-9f1e-94c2f71e8f7f,dict_concat_hyphenated
triptired-revolution.com,44cdcad8-42dd-4331-9f1e-94c2f71e8f7f,dict_concat_hyphenated
couple-doctor.com,44cdcad8-42dd-4331-9f1e-94c2f71e8f7f,dict_concat_hyphenated
king-lip-campaign.com,44cdcad8-42dd-4331-9f1e-94c2f71e8f7f,dict_concat_hyphenated
tour-roof-slice.com,44cdcad8-42dd-4331-9f1e-94c2f71e8f7f,dict_concat_hyphenated
blue-get-cookie.com,44cdcad8-42dd-4331-9f1e-94c2f71e8f7f,dict_concat_hyphenated
alarmbelieve.com,44cdcad8-42dd-4331-9f1e-94c2f71e8f7f,dict_concat_hyphenated
exam-finance.com,44cdcad8-42dd-4331-9f1e-94c2f71e8f7f,dict_concat_hyphenated
coursemiss-buyer.com,44cdcad8-42dd-4331-9f1e-94c2f71e8f7f,dict_concat_hyphenated
lockhope-technology.com,44cdcad8-42dd-4331-9f1e-94c2f71e8f7f,dict_concat_hyphenated
focus-rent-chest.com,44cdcad8-42dd-4331-9f1e-94c2f71e8f7f,dict_concat_hyphenated
juice-slide-tip.com,44cdcad8-42dd-4331-9f1e-94c2f71e8f7f,dict_concat_hyphenated
game-exchange.com,44cdcad8-42dd-4331-9f1e-94c2f71e8f7f,dict_concat_hyphenated
art-say-platform.com,44cdcad8-42dd-4331-9f1e-94c2f71e8f7f,dict_concat_hyphenated
training-seem.com,44cdcad8-42dd-4331-9f1e-94c2f71e8f7f,dict_concat_hyphenated
calendarpaint.com,44cdcad8-42dd-4331-9f1e-94c2f71e8f7f,dict_concat_hyphenated
shape-care-definition.com,44cdcad8-42dd-4331-9f1e-94c2f71e8f7f,dict_concat_hyphenated
smokefill-ice.com,44cdcad8-42dd-4331-9f1e-94c2f71e8f7f,dict_concat_hyphenated
credit-bake-king.com,44cdcad8-42dd-4331-9f1e-94c2f71e8f7f,dict_concat_hyphenated
garden-craft.com,44cdcad8-42dd-4331-9f1e-94c2f71e8f7f,dict_concat_hyphenated
candle-target.com,44cdcad8-42dd-4331-9f1e-94c2f71e8f7f,dict_concat_hyphenated
market-even-brother.com,44cdcad8-42dd-4331-9f1e-94c2f71e8f7f,dict_concat_hyphenated
season-trade.com,44cdcad8-42dd-4331-9f1e-94c2f71e8f7f,dict_concat_hyphenated
husband-scale.com,44cdcad8-42dd-4331-9f1e-94c2f71e8f7f,dict_concat_hyphenated
history-burn.com,44cdcad8-42dd-4331-9f1e-94c2f71e8f7f,dict_concat_hyphenated
shock-are-curve.com,44cdcad8-42dd-4331-9f1e-94c2f71e8f7f,dict_concat_hyphenated
opening-tackle.com,44cdcad8-42dd-4331-9f1e-94c2f71e8f7f,dict_concat_hyphenated
bend-expect-profile.com,44cdcad8-42dd-4331-9f1e-94c2f71e8f7f,dict_concat_hyphenated
birth-book-definition.com,44cdcad8-42dd-4331-9f1e-94c2f71e8f7f,dict_concat_hyphenated
intentionamount.com,44cdcad8-42dd-4331-9f1e-94c2f71e8f7f,dict_concat_hyphenated
proofcredit-tank.com,44cdcad8-42dd-4331-9f1e-94c2f71e8f7f,dict_concat_hyphenated
curve-weather.com,44cdcad8-42dd-4331-9f1e-94c2f71e8f7f,dict_concat_hyphenated
marriageborn.com,44cdcad8-42dd-4331-9f1e-94c2f71e8f7f,dict_concat_hyphenated
boyfriend-bear.com,44cdcad8-42dd-4331-9f1e-94c2f71e8f7f,dict_concat_hyphenated
mountaincraft.com,44cdcad8-42dd-4331-9f1e-94c2f71e8f7f,dict_concat_hyphenated
book-chip-interest.com,44cdcad8-42dd-4331-9f1e-94c2f71e8f7f,dict_concat_hyphenated
village-seem.com,44cdcad8-42dd-4331-9f1e-94c2f71e8f7f,dict_concat_hyphenated
hall-mortgage.com,44cdcad8-42dd-4331-9f1e-94c2f71e8f7f,dict_concat_hyphenated
godsolve-sale.com,44cdcad8-42dd-4331-9f1e-94c2f71e8f7f,dict_concat_hyphenated
risk-burn-apple.com,44cdcad8-42dd-4331-9f1e-94c2f71e8f7f,dict_concat_hyphenated
candysense-injury.com,44cdcad8-42dd-4331-9f1e-94c2f71e8f7f,dict_concat_hyphenated
door-relax-corner.com,44cdcad8-42dd-4331-9f1e-94c2f71e8f7f,dict_concat_hyphenated
holiday-maintain.com,44cdcad8-42dd-4331-9f1e-94c2f71e8f7f,dict_concat_hyphenated
birthday-fail.com,44cdcad8-42dd-4331-9f1e-94c2f71e8f7f,dict_concat_hyphenated
company-mortgage.com,44cdcad8-42dd-4331-9f1e-94c2f71e8f7f,dict_concat_hyphenated
company-boss.com,44cdcad8-42dd-4331-9f1e-94c2f71e8f7f,dict_concat_hyphenated
champion-credit.com,44cdcad8-42dd-4331-9f1e-94c2f71e8f7f,dict_concat_hyphenated
kind-champion.com,44cdcad8-42dd-4331-9f1e-94c2f71e8f7f,dict_concat_hyphenated
factor-foot-farm.com,44cdcad8-42dd-4331-9f1e-94c2f71e8f7f,dict_concat_hyphenated
beginningweigh.com,44cdcad8-42dd-4331-9f1e-94c2f71e8f7f,dict_concat_hyphenated
influence-use.com,44cdcad8-42dd-4331-9f1e-94c2f71e8f7f,dict_concat_hyphenated
cream-surprise.com,44cdcad8-42dd-4331-9f1e-94c2f71e8f7f,dict_concat_hyphenated
goalslice-contact.com,44cdcad8-42dd-4331-9f1e-94c2f71e8f7f,dict_concat_hyphenated
diet-effect-scale.com,44cdcad8-42dd-4331-9f1e-94c2f71e8f7f,dict_concat_hyphenated
company-pray.com,44cdcad8-42dd-4331-9f1e-94c2f71e8f7f,dict_concat_hyphenated
investment-condition.com,44cdcad8-42dd-4331-9f1e-94c2f71e8f7f,dict_concat_hyphenated
degree-give-review.com,44cdcad8-42dd-4331-9f1e-94c2f71e8f7f,dict_concat_hyphenated
lie-frame-camp.com,44cdcad8-42dd-4331-9f1e-94c2f71e8f7f,dict_concat_hyphenated
town-bell-dog.com,44cdcad8-42dd-4331-9f1e-94c2f71e8f7f,dict_concat_hyphenated
meatsandwich.com,44cdcad8-42dd-4331-9f1e-94c2f71e8f7f,dict_concat_hyphenated
transitionexperienced.com,44cdcad8-42dd-4331-9f1e-94c2f71e8f7f,dict_concat_hyphenated
fruitcurve-writing.com,44cdcad8-42dd-4331-9f1e-94c2f71e8f7f,dict_concat_hyphenated
bat-nerve-rent.com,44cdcad8-42dd-4331-9f1e-94c2f71e8f7f,dict_concat_hyphenated
groupstar-reaction.com,44cdcad8-42dd-4331-9f1e-94c2f71e8f7f,dict_concat_hyphenated
security-draft.com,44cdcad8-42dd-4331-9f1e-94c2f71e8f7f,dict_concat_hyphenated
staffchampion.com,44cdcad8-42dd-4331-9f1e-94c2f71e8f7f,dict_concat_hyphenated
mistake-piece.com,44cdcad8-42dd-4331-9f1e-94c2f71e8f7f,dict_concat_hyphenated
stickstructure.com,44cdcad8-42dd-4331-9f1e-94c2f71e8f7f,dict_concat_hyphenated
kitchentake-chair.com,44cdcad8-42dd-4331-9f1e-94c2f71e8f7f,dict_concat_hyphenated
machinemarket.com,44cdcad8-42dd-4331-9f1e-94c2f71e8f7f,dict_concat_hyphenated
branch-flow-volume.com,44cdcad8-42dd-4331-9f1e-94c2f71e8f7f,dict_concat_hyphenated
business-use.com,44cdcad8-42dd-4331-9f1e-94c2f71e8f7f,dict_concat_hyphenated
sir-stay-village.com,44cdcad8-42dd-4331-9f1e-94c2f71e8f7f,dict_concat_hyphenated
dirt-matter-back.com,44cdcad8-42dd-4331-9f1e-94c2f71e8f7f,dict_concat_hyphenated
blame-go-peace.com,44cdcad8-42dd-4331-9f1e-94c2f71e8f7f,dict_concat_hyphenated
c00043ea763912a7d39e0930ecd10c31e3.to,4c8794a1-e5eb-48a9-bdba-0d2f539e14c1,hex_hash_style
b7daef5ce0bb0b9edfa29a91c7afe8ed0a.in,4c8794a1-e5eb-48a9-bdba-0d2f539e14c1,hex_hash_style
l51f69be7946c6882669b1d2ffc44437cf.in,4c8794a1-e5eb-48a9-bdba-0d2f539e14c1,hex_hash_style
y141d7ca1f557a5bfce89209f34a8ac0ec.hk,4c8794a1-e5eb-48a9-bdba-0d2f539e14c1,hex_hash_style
w510a0eb140d3ff6026fe6e32cf2ee5264.to,4c8794a1-e5eb-48a9-bdba-0d2f539e14c1,hex_hash_style
n87b41d7a113b93585f891a11a7240c975.so,4c8794a1-e5eb-48a9-bdba-0d2f539e14c1,hex_hash_style
gb6beea2268c4f68ebccd1ede2cdd6cda5.hk,4c8794a1-e5eb-48a9-bdba-0d2f539e14c1,hex_hash_style
h3d8a370fa60174d28448c22e5dbd79bda.ws,4c8794a1-e5eb-48a9-bdba-0d2f539e14c1,hex_hash_style
i1dfcf02dd0fa9bb4740e6e2905b22e1e6.to,4c8794a1-e5eb-48a9-bdba-0d2f539e14c1,hex_hash_style
vc5a3f8851f137dca47feb487e9c72ac39.in,4c8794a1-e5eb-48a9-bdba-0d2f539e14c1,hex_hash_style
df3e6b05a13639141daee9b231ae21e4d5.in,4c8794a1-e5eb-48a9-bdba-0d2f539e14c1,hex_hash_style
nba2d6a5374f394acaad24f85e41918b96.so,4c8794a1-e5eb-48a9-bdba-0d2f539e14c1,hex_hash_style
v6a1c423fbaa58a67ab46bb62db12a0996.so,4c8794a1-e5eb-48a9-bdba-0d2f539e14c1,hex_hash_style
c5cd7db1910b1fa5b37514cd9335761426.to,4c8794a1-e5eb-48a9-bdba-0d2f539e14c1,hex_hash_style
de72667bb4d7de1c3675183ecc3df5b6c6.cn,4c8794a1-e5eb-48a9-bdba-0d2f539e14c1,hex_hash_style
rdf6711258c5553f56df51aab4521daa83.in,4c8794a1-e5eb-48a9-bdba-0d2f539e14c1,hex_hash_style
e7e3ad88bf5211da95fcc3d2ae66dece70.cc,4c8794a1-e5eb-48a9-bdba-0d2f539e14c1,hex_hash_style
iddd9eb2ae1757d97b7c3ba886a6f35049.cc,4c8794a1-e5eb-48a9-bdba-0d2f539e14c1,hex_hash_style
o526cdaa10d0ed17d8b06941462a6e29cc.cc,4c8794a1-e5eb-48a9-bdba-0d2f539e14c1,hex_hash_style
jd56901b26267a76251b7704ea06dea40a.in,4c8794a1-e5eb-48a9-bdba-0d2f539e14c1,hex_hash_style
r64cd627aa59eb1f775ce085826209e577.so,4c8794a1-e5eb-48a9-bdba-0d2f539e14c1,hex_hash_style
rcc63615491e4dcf4373d22897635820b5.cn,4c8794a1-e5eb-48a9-bdba-0d2f539e14c1,hex_hash_style
gb278fb32200ad8215fa45240cdce20e8e.cc,4c8794a1-e5eb-48a9-bdba-0d2f539e14c1,hex_hash_style
e2a910a1ca9b526ebd643ebb603b94185b.cc,4c8794a1-e5eb-48a9-bdba-0d2f539e14c1,hex_hash_style
gd4cecbd565afd06a05a85887b9fcdfd50.cc,4c8794a1-e5eb-48a9-bdba-0d2f539e14c1,hex_hash_style
m4f851ab4f76a3ddb9521e3264d212983a.cc,4c8794a1-e5eb-48a9-bdba-0d2f539e14c1,hex_hash_style
t200abf919a113111f9aebccbe3f0f03be.cn,4c8794a1-e5eb-48a9-bdba-0d2f539e14c1,hex_hash_style
z45d771b4fa06b395ae21271d324df6f95.ws,4c8794a1-e5eb-48a9-bdba-0d2f539e14c1,hex_hash_style
xbde40983be65a8adbbba6e7f26580d074.in,4c8794a1-e5eb-48a9-bdba-0d2f539e14c1,hex_hash_style
o9b88535079fc7b02e523977a5a6cfce1e.to,4c8794a1-e5eb-48a9-bdba-0d2f539e14c1,hex_hash_style
g93e3939732f12d434e473ce603313b26c.hk,4c8794a1-e5eb-48a9-bdba-0d2f539e14c1,hex_hash_style
sbf6b456216575776644effc82d448ed84.tk,4c8794a1-e5eb-48a9-bdba-0d2f539e14c1,hex_hash_style
y7a4833c790ffc7ffcfca2d39f8c50ca54.tk,4c8794a1-e5eb-48a9-bdba-0d2f539e14c1,hex_hash_style
z4cb5c1756fcd1b8b40fcdbb2c59493469.in,4c8794a1-e5eb-48a9-bdba-0d2f539e14c1,hex_hash_style
xdc63b8bf12593b143e6e66e0a63737fb7.so,4c8794a1-e5eb-48a9-bdba-0d2f539e14c1,hex_hash_style
x20d9e9b246179a485eb8f918611c0da3e.ws,4c8794a1-e5eb-48a9-bdba-0d2f539e14c1,hex_hash_style
sfb363edf8013db58eba9b0cbc40a35cf6.to,4c8794a1-e5eb-48a9-bdba-0d2f539e14c1,hex_hash_style
b9b88e141c1967528b4ce20ce764d6f4c4.so,4c8794a1-e5eb-48a9-bdba-0d2f539e14c1,hex_hash_style
sae855caaca25880304e6e280be28dae15.cc,4c8794a1-e5eb-48a9-bdba-0d2f539e14c1,hex_hash_style
cd31ffe41aac664ac09a3b68e2c493857b.tk,4c8794a1-e5eb-48a9-bdba-0d2f539e14c1,hex_hash_style
n35cd83421ce8cd80142369c69c791f076.ws,4c8794a1-e5eb-48a9-bdba-0d2f539e14c1,hex_hash_style
ufb6cb9a0be806103b75a1b82ff1775275.hk,4c8794a1-e5eb-48a9-bdba-0d2f539e14c1,hex_hash_style
x2708997db3fff7a0b4b53ff0b47fe1537.so,4c8794a1-e5eb-48a9-bdba-0d2f539e14c1,hex_hash_style
e96ef0b40d8415546c85034f867fb13c28.cc,4c8794a1-e5eb-48a9-bdba-0d2f539e14c1,hex_hash_style
ue078b491818b942fb2f7169a6b1b5fe13.tk,4c8794a1-e5eb-48a9-bdba-0d2f539e14c1,hex_hash_style
o505e552f32d707e8cf14493681df98d10.tk,4c8794a1-e5eb-48a9-bdba-0d2f539e14c1,hex_hash_style
o9cdecbdc6f5fc34a96d3a72e69951faa2.to,4c8794a1-e5eb-48a9-bdba-0d2f539e14c1,hex_hash_style
s5e570fa636d30ffd7e3287442fef1b102.cc,4c8794a1-e5eb-48a9-bdba-0d2f539e14c1,hex_hash_style
h15eb2836da6718a2f1a188a621525f67a.ws,4c8794a1-e5eb-48a9-bdba-0d2f539e14c1,hex_hash_style
s7c528192d361ca650ffa5ebe7ae144691.cc,4c8794a1-e5eb-48a9-bdba-0d2f539e14c1,hex_hash_style
rc3a0dce1a07a0dab30f54af11351c44e9.ws,4c8794a1-e5eb-48a9-bdba-0d2f539e14c1,hex_hash_style
f79e0ee446ad59cfec0caafad0b08f77c6.so,4c8794a1-e5eb-48a9-bdba-0d2f539e14c1,hex_hash_style
pd47393a2e8b7617505351a3878b89589d.ws,4c8794a1-e5eb-48a9-bdba-0d2f539e14c1,hex_hash_style
i45a3b49d510877da98a108aeca27e766e.tk,4c8794a1-e5eb-48a9-bdba-0d2f539e14c1,hex_hash_style
ve9436dd74200143acf221823a7965de0a.ws,4c8794a1-e5eb-48a9-bdba-0d2f539e14c1,hex_hash_style
wbc6fba4260cb43ebdb3c1495627bb9def.cc,4c8794a1-e5eb-48a9-bdba-0d2f539e14c1,hex_hash_style
ka96570792c0d1db10132c1c8fa6e5c6e0.hk,4c8794a1-e5eb-48a9-bdba-0d2f539e14c1,hex_hash_style
r66b9d7ab50e0a23122f23894c3dc2b255.cn,4c8794a1-e5eb-48a9-bdba-0d2f539e14c1,hex_hash_style
t4e75c667a90d67fa1bca1c2a563675806.cn,4c8794a1-e5eb-48a9-bdba-0d2f539e14c1,hex_hash_style
z92f555753c1bd0b1c4e1b38a5d74b1472.so,4c8794a1-e5eb-48a9-bdba-0d2f539e14c1,hex_hash_style
h6614e6fd1a99c5ea3ca2eb8f225585e83.in,4c8794a1-e5eb-48a9-bdba-0d2f539e14c1,hex_hash_style
jaec5ebdf452018da82cff8d63752a5fac.so,4c8794a1-e5eb-48a9-bdba-0d2f539e14c1,hex_hash_style
c4e0fde967a91f3d7a6b3f64e4a0e26082.tk,4c8794a1-e5eb-48a9-bdba-0d2f539e14c1,hex_hash_style
if8dc5620f324bb303e0029c657e471099.cc,4c8794a1-e5eb-48a9-bdba-0d2f539e14c1,hex_hash_style
vbd058a30fa3b599e7d0439c32396c7a81.in,4c8794a1-e5eb-48a9-bdba-0d2f539e14c1,hex_hash_style
q0ba7c7bfe7a70c58b0d18c8d44b2bdaff.tk,4c8794a1-e5eb-48a9-bdba-0d2f539e14c1,hex_hash_style
u9ed8349c43b329daf0019b455d78a2401.tk,4c8794a1-e5eb-48a9-bdba-0d2f539e14c1,hex_hash_style
tfe01fed452fcd94bce08ff9db3c8721ca.ws,4c8794a1-e5eb-48a9-bdba-0d2f539e14c1,hex_hash_style
k0aa1a6cc355bb95fa79899708c161f3d9.to,4c8794a1-e5eb-48a9-bdba-0d2f539e14c1,hex_hash_style
jd26fe912e7ac6a6c47942b211620224ad.cn,4c8794a1-e5eb-48a9-bdba-0d2f539e14c1,hex_hash_style
if46566eeb97afada449ec73f9df32489b.to,4c8794a1-e5eb-48a9-bdba-0d2f539e14c1,hex_hash_style
k9ea70200f345efd7b74085434cc64793a.to,4c8794a1-e5eb-48a9-bdba-0d2f539e14c1,hex_hash_style
s5747895452dd15c32f3186f1a42664011.hk,4c8794a1-e5eb-48a9-bdba-0d2f539e14c1,hex_hash_style
c8181e1c3e088c4995261cfacafa0974d8.hk,4c8794a1-e5eb-48a9-bdba-0d2f539e14c1,hex_hash_style
d42be41126b778de06c41bc21ee73e17a8.ws,4c8794a1-e5eb-48a9-bdba-0d2f539e14c1,hex_hash_style
kc9847b97ed598a5b351ef7612ba79097f.cc,4c8794a1-e5eb-48a9-bdba-0d2f539e14c1,hex_hash_style
g764c70c51ea6accb773a5432d95e1f7cf.tk,4c8794a1-e5eb-48a9-bdba-0d2f539e14c1,hex_hash_style
ba5acfa73c0415694577612f7526ff2473.so,4c8794a1-e5eb-48a9-bdba-0d2f539e14c1,hex_hash_style
ae59daaf8e0cf310d34b596f981a5a3991.cc,4c8794a1-e5eb-48a9-bdba-0d2f539e14c1,hex_hash_style
nce346e0edab47cf392e09a0f4405d35fd.so,4c8794a1-e5eb-48a9-bdba-0d2f539e14c1,hex_hash_style
g46af24a43630df17f57f85b35b1a924f3.tk,4c8794a1-e5eb-48a9-bdba-0d2f539e14c1,hex_hash_style
n377993fd5b9f087c48388222724538fdd.so,4c8794a1-e5eb-48a9-bdba-0d2f539e14c1,hex_hash_style
i6c0118879d505a2826071fe2be7dd9f8a.to,4c8794a1-e5eb-48a9-bdba-0d2f539e14c1,hex_hash_style
qeb6d3bfd17bd6c9199b9f75d0940f8d71.tk,4c8794a1-e5eb-48a9-bdba-0d2f539e14c1,hex_hash_style
g063db46f0c748738c8925d42adb232e12.to,4c8794a1-e5eb-48a9-bdba-0d2f539e14c1,hex_hash_style
b83f52020e6b8030fd7d7bb71715cd85ab.ws,4c8794a1-e5eb-48a9-bdba-0d2f539e14c1,hex_hash_style
pf675099b4a3c9ddcf38b36dde44e3ef38.cn,4c8794a1-e5eb-48a9-bdba-0d2f539e14c1,hex_hash_style
sc873fba5b7e9e9e6fd64cb5c9494f7248.to,4c8794a1-e5eb-48a9-bdba-0d2f539e14c1,hex_hash_style
re52ef9ce7334372758310e6c855d0eb72.in,4c8794a1-e5eb-48a9-bdba-0d2f539e14c1,hex_hash_style
t9d03562d53396d9ec299f85d9ace0c8ab.ws,4c8794a1-e5eb-48a9-bdba-0d2f539e14c1,hex_hash_style
ccaf5000200fa9a308ed005ca641cd01b5.hk,4c8794a1-e5eb-48a9-bdba-0d2f539e14c1,hex_hash_style
tfdd388e6e2461f64524e6eb53fc07ff3a.in,4c8794a1-e5eb-48a9-bdba-0d2f539e14c1,hex_hash_style
p185ecb7b75a48cbcd361457eac05f9363.ws,4c8794a1-e5eb-48a9-bdba-0d2f539e14c1,hex_hash_style
u30d8a7f63ad48e99d28b371453a4c9ac7.hk,4c8794a1-e5eb-48a9-bdba-0d2f539e14c1,hex_hash_style
yf7d181143e3fb3f640c1fd119a93ab482.tk,4c8794a1-e5eb-48a9-bdba-0d2f539e14c1,hex_hash_style
d267ff5bd0d2984390fbcb4defef6b3d63.so,4c8794a1-e5eb-48a9-bdba-0d2f539e14c1,hex_hash_style
z674cfac9eb633715f08e3ce0f7be58c3a.ws,4c8794a1-e5eb-48a9-bdba-0d2f539e14c1,hex_hash_style
bc9357a1b5ec76336d2bbc02452ed33892.so,4c8794a1-e5eb-48a9-bdba-0d2f539e14c1,hex_hash_style
xb27a9b301f827b5fba209c845ab11edb0.so,4c8794a1-e5eb-48a9-bdba-0d2f539e14c1,hex_hash_style
r8ac866e13d1fd5979e1487e2b171e2350.so,4c8794a1-e5eb-48a9-bdba-0d2f539e14c1,hex_hash_style
cf22ea91a0cff800fd8efda1b23dda9017.hk,4c8794a1-e5eb-48a9-bdba-0d2f539e14c1,hex_hash_style
ab76f4f7c6f0ca23b39804eb840c9988de.cc,4c8794a1-e5eb-48a9-bdba-0d2f539e14c1,hex_hash_style
v82c6f78ecdfe4f2e6b5c1a75cc6da56f2.in,4c8794a1-e5eb-48a9-bdba-0d2f539e14c1,hex_hash_style
u9c4503555adc2cbe91a2abc1b5b4645f7.to,4c8794a1-e5eb-48a9-bdba-0d2f539e14c1,hex_hash_style
id3ae683ac88f8a2532201f2540db16093.cc,4c8794a1-e5eb-48a9-bdba-0d2f539e14c1,hex_hash_style
xafaebc57748d08cd0fa2234647d7b9070.in,4c8794a1-e5eb-48a9-bdba-0d2f539e14c1,hex_hash_style
z68533dbe3827fdf967ddc5e52d80fe49c.cn,4c8794a1-e5eb-48a9-bdba-0d2f539e14c1,hex_hash_style
t1df8b34789fb20668053c04470c14387d.ws,4c8794a1-e5eb-48a9-bdba-0d2f539e14c1,hex_hash_style
s8e9c1c9f22369e980e8549b7151b3652e.to,4c8794a1-e5eb-48a9-bdba-0d2f539e14c1,hex_hash_style
c678317b94e3191537fe4f767d3e2c96be.tk,4c8794a1-e5eb-48a9-bdba-0d2f539e14c1,hex_hash_style
te27be28f8ccbf07beb8fc045f33f42ec9.so,4c8794a1-e5eb-48a9-bdba-0d2f539e14c1,hex_hash_style
k9594c721c67f1c23a35eb0b8fba66f02c.tk,4c8794a1-e5eb-48a9-bdba-0d2f539e14c1,hex_hash_style
d72fd07d90e4f5c149f99f3c27c3bd445d.ws,4c8794a1-e5eb-48a9-bdba-0d2f539e14c1,hex_hash_style
te70f9780ce0fe4dad7c34f9e27c660f69.ws,4c8794a1-e5eb-48a9-bdba-0d2f539e14c1,hex_hash_style
k859c4be82271d13a16759aa5860d42fad.to,4c8794a1-e5eb-48a9-bdba-0d2f539e14c1,hex_hash_style
h7a328e2b72660dc86e082ac2af2dee445.cn,4c8794a1-e5eb-48a9-bdba-0d2f539e14c1,hex_hash_style
heae021bbdcb21f3dbd31a2deb8e71601c.cn,4c8794a1-e5eb-48a9-bdba-0d2f539e14c1,hex_hash_style
ga58b0fd6a5c1d455a5b796c35bf7ebb36.to,4c8794a1-e5eb-48a9-bdba-0d2f539e14c1,hex_hash_style
a757af1046fb18ed58be4527f3808482d1.hk,4c8794a1-e5eb-48a9-bdba-0d2f539e14c1,hex_hash_style
b85909cdd8118660ecd728a404a03a6f34.ws,4c8794a1-e5eb-48a9-bdba-0d2f539e14c1,hex_hash_style
l0c39f392cbf8622f4a2d6340e7cde0c60.ws,4c8794a1-e5eb-48a9-bdba-0d2f539e14c1,hex_hash_style
va4cceb7165da7753411a678d2b58cb62e.ws,4c8794a1-e5eb-48a9-bdba-0d2f539e14c1,hex_hash_style
o2be4debce87063acbd3b34efc21a1452f.tk,4c8794a1-e5eb-48a9-bdba-0d2f539e14c1,hex_hash_style
xc282e08a04d58e26510913ad3b1470c86.cn,4c8794a1-e5eb-48a9-bdba-0d2f539e14c1,hex_hash_style
p03404391bd0d8d92fe826bd361a80af50.cn,4c8794a1-e5eb-48a9-bdba-0d2f539e14c1,hex_hash_style
xd5c0a80e19a374b8980c4fc0df846e39b.cn,4c8794a1-e5eb-48a9-bdba-0d2f539e14c1,hex_hash_style
t6e6d702aa6e82dd4760532e2e2aba900f.ws,4c8794a1-e5eb-48a9-bdba-0d2f539e14c1,hex_hash_style
w699d5651ecb6f1b108bfd01318e5ec069.cc,4c8794a1-e5eb-48a9-bdba-0d2f539e14c1,hex_hash_style
efbff7aa7a1fa925b39d9e06307e686493.tk,4c8794a1-e5eb-48a9-bdba-0d2f539e14c1,hex_hash_style
c515ed6242955690997699ef07392a62b1.cc,4c8794a1-e5eb-48a9-bdba-0d2f539e14c1,hex_hash_style
w38632dcb48de3a87ead9f1e2fed24a064.hk,4c8794a1-e5eb-48a9-bdba-0d2f539e14c1,hex_hash_style
b9c3c8e3f8aaf200bff0cd095e2eac83b0.ws,4c8794a1-e5eb-48a9-bdba-0d2f539e14c1,hex_hash_style
kf57ae36e8364bb97a0c12d8143a5bbbc5.hk,4c8794a1-e5eb-48a9-bdba-0d2f539e14c1,hex_hash_style
b4f8a643925ae1405b10e0387a3548e7fc.cn,4c8794a1-e5eb-48a9-bdba-0d2f539e14c1,hex_hash_style
uf4a5e2c06dcaae14233c51ac1fa906be1.to,4c8794a1-e5eb-48a9-bdba-0d2f539e14c1,hex_hash_style
bf1844e49bd568387e28455e149bec57b7.cn,4c8794a1-e5eb-48a9-bdba-0d2f539e14c1,hex_hash_style
e472f05dfd947b1655ea4084be8058c9c6.to,4c8794a1-e5eb-48a9-bdba-0d2f539e14c1,hex_hash_style
wa1cc1bc09ebb771550388c48dc7f9a091.hk,4c8794a1-e5eb-48a9-bdba-0d2f539e14c1,hex_hash_style
m238e8534f93555cb8feace91107581e0a.to,4c8794a1-e5eb-48a9-bdba-0d2f539e14c1,hex_hash_style
h5c227d9d0aba9440a743f7446c730c5f5.in,4c8794a1-e5eb-48a9-bdba-0d2f539e14c1,hex_hash_style
p49547cdac45fb275a2b4e09a4f6b09280.ws,4c8794a1-e5eb-48a9-bdba-0d2f539e14c1,hex_hash_style
jfad0ab6138ae88f93efb23bcaf58c51f9.ws,4c8794a1-e5eb-48a9-bdba-0d2f539e14c1,hex_hash_style
fbe63c53abbdfe7fe42c006e7a18b72006.in,4c8794a1-e5eb-48a9-bdba-0d2f539e14c1,hex_hash_style
q35a011ba3b2bff174afd9bb746b582fe0.to,4c8794a1-e5eb-48a9-bdba-0d2f539e14c1,hex_hash_style
i573f92a527ad300edb3fdefdfa8ded6b2.tk,4c8794a1-e5eb-48a9-bdba-0d2f539e14c1,hex_hash_style
d743d96a3d600f0553f5878d785c27dd52.in,4c8794a1-e5eb-48a9-bdba-0d2f539e14c1,hex_hash_style
a4402bb013b231e31b7cc5fba1da4c07f0.to,4c8794a1-e5eb-48a9-bdba-0d2f539e14c1,hex_hash_style
p3155076cadc2473c831694615d8287d34.cn,4c8794a1-e5eb-48a9-bdba-0d2f539e14c1,hex_hash_style
f3d08717706f15efec6a2963c5547f126e.in,4c8794a1-e5eb-48a9-bdba-0d2f539e14c1,hex_hash_style
e65ab613c9480dc5880e85d8aefff73b58.hk,4c8794a1-e5eb-48a9-bdba-0d2f539e14c1,hex_hash_style
h6c3e4f5efc24708fef03dfecb3b76cd5c.so,4c8794a1-e5eb-48a9-bdba-0d2f539e14c1,hex_hash_style
v6b93108be09eac33fc7374dc97243fce8.cn,4c8794a1-e5eb-48a9-bdba-0d2f539e14c1,hex_hash_style
le91e60e76be5d6ad0dadec98dc44f1aa3.cn,4c8794a1-e5eb-48a9-bdba-0d2f539e14c1,hex_hash_style
c52143d286a632ca808618a5ec5c96072f.cc,4c8794a1-e5eb-48a9-bdba-0d2f539e14c1,hex_hash_style
k88d31b9b66b2fc201ebeb97706eabb511.hk,4c8794a1-e5eb-48a9-bdba-0d2f539e14c1,hex_hash_style
l0598e7d1f025e3c19ce0a3c7e284b459d.so,4c8794a1-e5eb-48a9-bdba-0d2f539e14c1,hex_hash_style
yb107da553bb1bb361fb24b4af2f42a6a6.tk,4c8794a1-e5eb-48a9-bdba-0d2f539e14c1,hex_hash_style
i208bdf1cb7b1b4ecf6b4925251ccff154.hk,4c8794a1-e5eb-48a9-bdba-0d2f539e14c1,hex_hash_style
l572ad167c3ffc501c872e80bf6bbd7da0.cn,4c8794a1-e5eb-48a9-bdba-0d2f539e14c1,hex_hash_style
cdbacfee5560503d1faf4ed41316073eff.hk,4c8794a1-e5eb-48a9-bdba-0d2f539e14c1,hex_hash_style
z5b5f7fa56118908d9361a74128154a37f.in,4c8794a1-e5eb-48a9-bdba-0d2f539e14c1,hex_hash_style
ueb197a1d922478331f3436b012e721163.cc,4c8794a1-e5eb-48a9-bdba-0d2f539e14c1,hex_hash_style
y7ce878c2f72dd0bcaf7242c222a821492.tk,4c8794a1-e5eb-48a9-bdba-0d2f539e14c1,hex_hash_style
s6cf54d5f6147db014100137ac171bb462.to,4c8794a1-e5eb-48a9-bdba-0d2f539e14c1,hex_hash_style
q8e130273ee0fb7bb6a07347d6172278bb.cc,4c8794a1-e5eb-48a9-bdba-0d2f539e14c1,hex_hash_style
i130b1a3c3552bdc463afe50a4a3662d42.tk,4c8794a1-e5eb-48a9-bdba-0d2f539e14c1,hex_hash_style
rdbcf1aac22eb97177b00e70205c94a68c.cn,4c8794a1-e5eb-48a9-bdba-0d2f539e14c1,hex_hash_style
y79b117c50147f3b8167aac3c74c4c0974.cc,4c8794a1-e5eb-48a9-bdba-0d2f539e14c1,hex_hash_style
p93817da4ea195878b9accbc47b710e292.so,4c8794a1-e5eb-48a9-bdba-0d2f539e14c1,hex_hash_style
a7d0c0d00ccc858e30e4cebba9a37d863f.cc,4c8794a1-e5eb-48a9-bdba-0d2f539e14c1,hex_hash_style
f090811685ac5ae887f7fea44516f500b0.cn,4c8794a1-e5eb-48a9-bdba-0d2f539e14c1,hex_hash_style
s51957e874c9265195412eb8b7578ff34d.cc,4c8794a1-e5eb-48a9-bdba-0d2f539e14c1,hex_hash_style
k5340692a6cdb1da5912d37c2e2ae6fdf8.cc,4c8794a1-e5eb-48a9-bdba-0d2f539e14c1,hex_hash_style
l4ff6591b220fd8e57ecde8a9188664391.ws,4c8794a1-e5eb-48a9-bdba-0d2f539e14c1,hex_hash_style
n5d54eafea46564b88b06d5a70b31796db.in,4c8794a1-e5eb-48a9-bdba-0d2f539e14c1,hex_hash_style
n6432086fc374334a6d2b70d609914c270.cn,4c8794a1-e5eb-48a9-bdba-0d2f539e14c1,hex_hash_style
gf4c46be73f38f06623649de9e683cf2bc.tk,4c8794a1-e5eb-48a9-bdba-0d2f539e14c1,hex_hash_style
fd922341675c3d6670aba943223adc96d5.ws,4c8794a1-e5eb-48a9-bdba-0d2f539e14c1,hex_hash_style
x0f68b1bcad1ee0a7c22847bb1d8a46f1d.cn,4c8794a1-e5eb-48a9-bdba-0d2f539e14c1,hex_hash_style
p162a08c60b3f9b7d9b2a237961ca173fe.cn,4c8794a1-e5eb-48a9-bdba-0d2f539e14c1,hex_hash_style
gac10d31a935a40c4e7f2ee6cde14fc548.to,4c8794a1-e5eb-48a9-bdba-0d2f539e14c1,hex_hash_style
f7cfa2418c154002510a011d9ceffcd8e6.ws,4c8794a1-e5eb-48a9-bdba-0d2f539e14c1,hex_hash_style
p19fef293ed00668aa257fcb97cb4a5fc2.ws,4c8794a1-e5eb-48a9-bdba-0d2f539e14c1,hex_hash_style
idab69f051eede87a138af0273c5ae07f9.cc,4c8794a1-e5eb-48a9-bdba-0d2f539e14c1,hex_hash_style
qbd9612a978b3d2dd17c0a5b4384aff8b3.cc,4c8794a1-e5eb-48a9-bdba-0d2f539e14c1,hex_hash_style
b1c546152b3893a6132d9ab17daf577207.ws,4c8794a1-e5eb-48a9-bdba-0d2f539e14c1,hex_hash_style
yf824d56a3a5f74460c3cbaba45b3642ac.tk,4c8794a1-e5eb-48a9-bdba-0d2f539e14c1,hex_hash_style
aa7e49162a6985898c5917f982c4bec4d5.to,4c8794a1-e5eb-48a9-bdba-0d2f539e14c1,hex_hash_style
ma95aba77fc8e007930a56e4d9194012e2.tk,4c8794a1-e5eb-48a9-bdba-0d2f539e14c1,hex_hash_style
q0295a4fbf472669f39b00063d2f7b3531.hk,4c8794a1-e5eb-48a9-bdba-0d2f539e14c1,hex_hash_style
s6e4eb7603946f69ad376dc43e719a3df2.to,4c8794a1-e5eb-48a9-bdba-0d2f539e14c1,hex_hash_style
l139145cebbb870085a7eb20f72066f925.ws,4c8794a1-e5eb-48a9-bdba-0d2f539e14c1,hex_hash_style
oce60f7ee51209c72f7d2b03407b3d5653.cc,4c8794a1-e5eb-48a9-bdba-0d2f539e14c1,hex_hash_style
mf92ebdfbca22be9ae0095d10b63f05ec6.tk,4c8794a1-e5eb-48a9-bdba-0d2f539e14c1,hex_hash_style
k8a48d4efec27ad01eb9252297fa3298c8.hk,4c8794a1-e5eb-48a9-bdba-0d2f539e14c1,hex_hash_style
pa27b330fc183e881e21d997d90c46d24a.cn,4c8794a1-e5eb-48a9-bdba-0d2f539e14c1,hex_hash_style
od30a5986b9233e364abbe5f7f141abb38.hk,4c8794a1-e5eb-48a9-bdba-0d2f539e14c1,hex_hash_style
h560889b5f98462c933e2557544bd8a5e0.cn,4c8794a1-e5eb-48a9-bdba-0d2f539e14c1,hex_hash_style
i7d61b30bd01f6ccc354744ae6b19c8d97.tk,4c8794a1-e5eb-48a9-bdba-0d2f539e14c1,hex_hash_style
hc2e9d86427e0d577af9f6b8165a1d96f0.so,4c8794a1-e5eb-48a9-bdba-0d2f539e14c1,hex_hash_style
b2ef2d31c2739a36c53674b5cfe8a7f02d.cn,4c8794a1-e5eb-48a9-bdba-0d2f539e14c1,hex_hash_style
q0953452f62561f631dc4131fb896cdad4.cc,4c8794a1-e5eb-48a9-bdba-0d2f539e14c1,hex_hash_style
h884d1518157e304725817f285bcd2f74b.cn,4c8794a1-e5eb-48a9-bdba-0d2f539e14c1,hex_hash_style
xf6f2fc80fc972795e35c79d5a40a836e0.so,4c8794a1-e5eb-48a9-bdba-0d2f539e14c1,hex_hash_style
v120e361394b54301347c9e425c3139956.cn,4c8794a1-e5eb-48a9-bdba-0d2f539e14c1,hex_hash_style
j3de19b03b36019a615d534a23bd15b9eb.ws,4c8794a1-e5eb-48a9-bdba-0d2f539e14c1,hex_hash_style
adba4ee12d142a92dbabff17df70a1cf5c.tk,4c8794a1-e5eb-48a9-bdba-0d2f539e14c1,hex_hash_style
id82d13fa94cc56b61c854f5b830e23c7d.hk,4c8794a1-e5eb-48a9-bdba-0d2f539e14c1,hex_hash_style
xf981dfbdaecd724b99aa340dffaafb431.ws,4c8794a1-e5eb-48a9-bdba-0d2f539e14c1,hex_hash_style
f5f9503a2a11b59422794b4eebb9d0feab.in,4c8794a1-e5eb-48a9-bdba-0d2f539e14c1,hex_hash_style
v62db9fbcc9363f54d5d219e6d31542d1c.cn,4c8794a1-e5eb-48a9-bdba-0d2f539e14c1,hex_hash_style
c8b639053923cf0c35eae93310a4e0b0fa.to,4c8794a1-e5eb-48a9-bdba-0d2f539e14c1,hex_hash_style
td09733be98c0ce0cd229ad8d851ac2d9c.cn,4c8794a1-e5eb-48a9-bdba-0d2f539e14c1,hex_hash_style
eca8abba3d215a5124990fc719364d7339.to,4c8794a1-e5eb-48a9-bdba-0d2f539e14c1,hex_hash_style
pd2d26f658e6264a883bfe13c9d29d523c.in,4c8794a1-e5eb-48a9-bdba-0d2f539e14c1,hex_hash_style
s5ce80adb95a50aea149a27fb594d63b1c.tk,4c8794a1-e5eb-48a9-bdba-0d2f539e14c1,hex_hash_style
g1e8719b993985a36e517719ab5820bc85.hk,4c8794a1-e5eb-48a9-bdba-0d2f539e14c1,hex_hash_style
tf35a7461950394d8edd076f84e7d0b865.in,4c8794a1-e5eb-48a9-bdba-0d2f539e14c1,hex_hash_style
ae8e61fdb443cccd82940a1786f8b30610.cc,4c8794a1-e5eb-48a9-bdba-0d2f539e14c1,hex_hash_style
k7a91ad59b176ccd435972ee02dafaae65.to,4c8794a1-e5eb-48a9-bdba-0d2f539e14c1,hex_hash_style
l3d47c9534e2c31baa111ebf98930b71ec.cn,4c8794a1-e5eb-48a9-bdba-0d2f539e14c1,hex_hash_style
zca8bc1314ecfb6194889c275e0f406c3b.cn,4c8794a1-e5eb-48a9-bdba-0d2f539e14c1,hex_hash_style
k7fa243bc66d8825637a390aab556d82ff.hk,4c8794a1-e5eb-48a9-bdba-0d2f539e14c1,hex_hash_style
x636c1a640f7d230c05b6e10b6fcf74540.in,4c8794a1-e5eb-48a9-bdba-0d2f539e14c1,hex_hash_style
g0426197cd5bc621242a4c64e404aa8531.tk,4c8794a1-e5eb-48a9-bdba-0d2f539e14c1,hex_hash_style
ofee81355d67eebc1a767316daa7eec0cb.to,4c8794a1-e5eb-48a9-bdba-0d2f539e14c1,hex_hash_style
e04c2f088b1ad137ae0a5f8190fadd6eb2.tk,4c8794a1-e5eb-48a9-bdba-0d2f539e14c1,hex_hash_style
c41ad78320d5178486a165c97773351cbf.hk,4c8794a1-e5eb-48a9-bdba-0d2f539e14c1,hex_hash_style
k4ce42a0b678e3ff9633b2f336bae766a3.hk,4c8794a1-e5eb-48a9-bdba-0d2f539e14c1,hex_hash_style
k2d3836f86d858f09ead1ab251e9de1874.hk,4c8794a1-e5eb-48a9-bdba-0d2f539e14c1,hex_hash_style
bbb81d47df23f12d9f1d255620d2fee862.in,4c8794a1-e5eb-48a9-bdba-0d2f539e14c1,hex_hash_style
s3a6d27ad49b1169b003727e34249128dc.tk,4c8794a1-e5eb-48a9-bdba-0d2f539e14c1,hex_hash_style
e145e7c38db429a1adc5dafaf90bb6ac13.to,4c8794a1-e5eb-48a9-bdba-0d2f539e14c1,hex_hash_style
z03c5d3c422ceb879ecbd24224a990a12f.ws,4c8794a1-e5eb-48a9-bdba-0d2f539e14c1,hex_hash_style
cf4d50dc16731c0fa9ac4a32ed2c5c26da.hk,4c8794a1-e5eb-48a9-bdba-0d2f539e14c1,hex_hash_style
q9545a3372bfe487615bab492543e66b8c.cc,4c8794a1-e5eb-48a9-bdba-0d2f539e14c1,hex_hash_style
qab657a898b98b5f377f5f4e562eee1145.hk,4c8794a1-e5eb-48a9-bdba-0d2f539e14c1,hex_hash_style
i6998ea0b72801b4d5dbcbf1ce94bb8188.cc,4c8794a1-e5eb-48a9-bdba-0d2f539e14c1,hex_hash_style
ha476089f70b94005f9500ceeba51be7b9.ws,4c8794a1-e5eb-48a9-bdba-0d2f539e14c1,hex_hash_style
t6bae021db9095f6d0999cd90726e7fe4c.so,4c8794a1-e5eb-48a9-bdba-0d2f539e14c1,hex_hash_style
m185ea86f22a170593f26019b7a9878e75.to,4c8794a1-e5eb-48a9-bdba-0d2f539e14c1,hex_hash_style
fc05aa7c17105dbc61efa3631de2f26fcb.ws,4c8794a1-e5eb-48a9-bdba-0d2f539e14c1,hex_hash_style
g9b18b61ba6bbedb42e6deb68359d2ac16.hk,4c8794a1-e5eb-48a9-bdba-0d2f539e14c1,hex_hash_style
j0e012f96e4b32e08d5e71eea3aff2c78f.ws,4c8794a1-e5eb-48a9-bdba-0d2f539e14c1,hex_hash_style
pae7a431d93d06c258da23effb42ec840c.cn,4c8794a1-e5eb-48a9-bdba-0d2f539e14c1,hex_hash_style
a5f7aa71d1e44eaa89a15d81a32f4eb5bb.to,4c8794a1-e5eb-48a9-bdba-0d2f539e14c1,hex_hash_style
a41f9c55fe394eb499c9f68d6cc3ef86e8.to,4c8794a1-e5eb-48a9-bdba-0d2f539e14c1,hex_hash_style
veb8d3f2180a351f694b7ff4dc5c7c22a3.ws,4c8794a1-e5eb-48a9-bdba-0d2f539e14c1,hex_hash_style
z43ff9d7fefd1a1bfaf105b42fc08e7278.cn,4c8794a1-e5eb-48a9-bdba-0d2f539e14c1,hex_hash_style
a401a60c4833cd4238ec45548bb119404e.hk,4c8794a1-e5eb-48a9-bdba-0d2f539e14c1,hex_hash_style
c0a0e4e74d15a2284291e3f0fac90b7830.tk,4c8794a1-e5eb-48a9-bdba-0d2f539e14c1,hex_hash_style
e0079533b732e0d4bafdde881a2a44acd8.cc,4c8794a1-e5eb-48a9-bdba-0d2f539e14c1,hex_hash_style
q8235185c00987bc013c1970f9aef0fb3e.tk,4c8794a1-e5eb-48a9-bdba-0d2f539e14c1,hex_hash_style
h207a4d59c716df7cdb82f251878c30912.in,4c8794a1-e5eb-48a9-bdba-0d2f539e14c1,hex_hash_style
l659c42074fc1179927a06102dd89bf7da.in,4c8794a1-e5eb-48a9-bdba-0d2f539e14c1,hex_hash_style
w624aae679f440dc91709ca663d4e23f67.hk,4c8794a1-e5eb-48a9-bdba-0d2f539e14c1,hex_hash_style
w457276d7a383a224dd8b8c5606cd5328c.cc,4c8794a1-e5eb-48a9-bdba-0d2f539e14c1,hex_hash_style
wfe13aaf470eb35cb4811a4e64cea877ea.cc,4c8794a1-e5eb-48a9-bdba-0d2f539e14c1,hex_hash_style
sce3f61af5fd8651e475111c4f8218a810.to,4c8794a1-e5eb-48a9-bdba-0d2f539e14c1,hex_hash_style
be74217c3cd396484827f18224e8780b2f.ws,4c8794a1-e5eb-48a9-bdba-0d2f539e14c1,hex_hash_style
qf46fd4fe3e2e3354bd3c7198b5db935b9.tk,4c8794a1-e5eb-48a9-bdba-0d2f539e14c1,hex_hash_style
u4d581c8b73bb66b66ca029dd6cc107828.cc,4c8794a1-e5eb-48a9-bdba-0d2f539e14c1,hex_hash_style
x1407c54a0aa9e23df24389e93f5766cb9.cn,4c8794a1-e5eb-48a9-bdba-0d2f539e14c1,hex_hash_style
z8485e9ecac09227b15e096c1582b2fe2b.ws,4c8794a1-e5eb-48a9-bdba-0d2f539e14c1,hex_hash_style
p83c3e8e41681b7ebc535bea6c762e85bc.cn,4c8794a1-e5eb-48a9-bdba-0d2f539e14c1,hex_hash_style
m523eb9a09bc55561004641bd081b04106.to,4c8794a1-e5eb-48a9-bdba-0d2f539e14c1,hex_hash_style
l6661eb7a76d521e25fb890f0a525c4340.so,4c8794a1-e5eb-48a9-bdba-0d2f539e14c1,hex_hash_style
v73e2f77cc94cc1ea762e39c0ca693fbd1.ws,4c8794a1-e5eb-48a9-bdba-0d2f539e14c1,hex_hash_style
ga56f153ab45e346e1fb0ef765ed31f895.to,4c8794a1-e5eb-48a9-bdba-0d2f539e14c1,hex_hash_style
r1f42472a1c8a0d4fbde1268b16f4778f7.ws,4c8794a1-e5eb-48a9-bdba-0d2f539e14c1,hex_hash_style
o353cafe59fcfb5cd2c7403dedc7f28a3d.cc,4c8794a1-e5eb-48a9-bdba-0d2f539e14c1,hex_hash_style
wde438b29f56a17eba72a8d252edaad3e0.cc,4c8794a1-e5eb-48a9-bdba-0d2f539e14c1,hex_hash_style
d0c1e3098973415ff137eea03ccb061e5a.cn,4c8794a1-e5eb-48a9-bdba-0d2f539e14c1,hex_hash_style
j577ffb4c2aa04568e51ea8410762fb3ae.ws,4c8794a1-e5eb-48a9-bdba-0d2f539e14c1,hex_hash_style
b35314d14be0b13b4106f789b75b755be8.in,4c8794a1-e5eb-48a9-bdba-0d2f539e14c1,hex_hash_style
k059b7c6ed02d4129af57915e16ddfbbef.to,4c8794a1-e5eb-48a9-bdba-0d2f539e14c1,hex_hash_style
y6c0afe74ff2c2526a3668c9fc52fbc46c.to,4c8794a1-e5eb-48a9-bdba-0d2f539e14c1,hex_hash_style
w0022fbc6d4a930d07426c882d64dc5a5d.to,4c8794a1-e5eb-48a9-bdba-0d2f539e14c1,hex_hash_style
z4078201e2dee4dbf0422a219ac8e2471f.in,4c8794a1-e5eb-48a9-bdba-0d2f539e14c1,hex_hash_style
r66be52d3f62e32564aa176f68a5d03459.in,4c8794a1-e5eb-48a9-bdba-0d2f539e14c1,hex_hash_style
w2bb1087bb2b302f10bdcb49c5e386ca0a.to,4c8794a1-e5eb-48a9-bdba-0d2f539e14c1,hex_hash_style
de033fdb33c6665a8d25253c21aa9e1771.ws,4c8794a1-e5eb-48a9-bdba-0d2f539e14c1,hex_hash_style
u88f5d1e1937bbebdd84dbe188e2bdd333.hk,4c8794a1-e5eb-48a9-bdba-0d2f539e14c1,hex_hash_style
ec1525bcdd2383c1de3a6404a96332001e.to,4c8794a1-e5eb-48a9-bdba-0d2f539e14c1,hex_hash_style
r4f3563635b9d710d520a87341e36f42bf.ws,4c8794a1-e5eb-48a9-bdba-0d2f539e14c1,hex_hash_style
la9cedc38b08aef69a0d72c8cbdb05e55e.ws,4c8794a1-e5eb-48a9-bdba-0d2f539e14c1,hex_hash_style
tc7d037353f7d5c8100571876f71f18505.ws,4c8794a1-e5eb-48a9-bdba-0d2f539e14c1,hex_hash_style
n96da4f72fba41b43e6f896158785f926d.ws,4c8794a1-e5eb-48a9-bdba-0d2f539e14c1,hex_hash_style
z89a092e4ec0dcfadea4e82aee6427fdf4.so,4c8794a1-e5eb-48a9-bdba-0d2f539e14c1,hex_hash_style
f17dd9301b0e9cd62e57aa165a58360767.cn,4c8794a1-e5eb-48a9-bdba-0d2f539e14c1,hex_hash_style
w92fda7846c07a907bc671f7d5cd4a1733.hk,4c8794a1-e5eb-48a9-bdba-0d2f539e14c1,hex_hash_style
h6dc33c5942d9816fb6ddf516a5c4e8a32.in,4c8794a1-e5eb-48a9-bdba-0d2f539e14c1,hex_hash_style
pbe26ffbd8a9f557c2f6c7e073a3c27122.in,4c8794a1-e5eb-48a9-bdba-0d2f539e14c1,hex_hash_style
maf93fe89227f1cb97fd7e3a53f8c56e38.hk,4c8794a1-e5eb-48a9-bdba-0d2f539e14c1,hex_hash_style
m6eebb4066dad403d81490ebddc2702847.hk,4c8794a1-e5eb-48a9-bdba-0d2f539e14c1,hex_hash_style
fbffc2beb7c583ec469e18a4b987e594a4.so,4c8794a1-e5eb-48a9-bdba-0d2f539e14c1,hex_hash_style
i95dec9051ead8bc788604ab0cf9b64599.cc,4c8794a1-e5eb-48a9-bdba-0d2f539e14c1,hex_hash_style
bb2a12f32c0e52e40887e82fd83a4b335c.ws,4c8794a1-e5eb-48a9-bdba-0d2f539e14c1,hex_hash_style
j7ff18e35245623f1e4a0c0f0a4c0fed56.in,4c8794a1-e5eb-48a9-bdba-0d2f539e14c1,hex_hash_style
lc0c778afb4861a00abda6d80dc2ff7d58.ws,4c8794a1-e5eb-48a9-bdba-0d2f539e14c1,hex_hash_style
a54ecd650f6ca53b3104a811bd00d18542.to,4c8794a1-e5eb-48a9-bdba-0d2f539e14c1,hex_hash_style
qcbd6e511477904b204b6c0b19e8383bae.cc,4c8794a1-e5eb-48a9-bdba-0d2f539e14c1,hex_hash_style
r622b9fea62836bfa6433783737e526d48.cn,4c8794a1-e5eb-48a9-bdba-0d2f539e14c1,hex_hash_style
kafcaa7b9d1f8877bf69b8343d2fa63872.tk,4c8794a1-e5eb-48a9-bdba-0d2f539e14c1,hex_hash_style
vc27d5ec9b765ccef7e6b35dcafa1624c8.cn,4c8794a1-e5eb-48a9-bdba-0d2f539e14c1,hex_hash_style
td273adbdcf0fc12007243fb39124e13f8.ws,4c8794a1-e5eb-48a9-bdba-0d2f539e14c1,hex_hash_style
i99d5b4e5a5ff0eb7d7853b8b259cd9408.cc,4c8794a1-e5eb-48a9-bdba-0d2f539e14c1,hex_hash_style
j87782ef386e174fff89b0344596fc4eb7.cn,4c8794a1-e5eb-48a9-bdba-0d2f539e14c1,hex_hash_style
v4eec064392a399f114ed37c1599fbfa68.cn,4c8794a1-e5eb-48a9-bdba-0d2f539e14c1,hex_hash_style
tc7cc30b19840dd1748f90d779d4f8fe8d.in,4c8794a1-e5eb-48a9-bdba-0d2f539e14c1,hex_hash_style
g0b7eac78efa2d2ddb631a18e910a5656b.tk,4c8794a1-e5eb-48a9-bdba-0d2f539e14c1,hex_hash_style
mbeb5ebf555b3dc9c28bb7d675e4d8d8fb.hk,4c8794a1-e5eb-48a9-bdba-0d2f539e14c1,hex_hash_style
j2b6dd45a9482468f0bfb045dd8732d8e0.ws,4c8794a1-e5eb-48a9-bdba-0d2f539e14c1,hex_hash_style
bf10b06a027a2133cbc1c8576e7fbf4213.cn,4c8794a1-e5eb-48a9-bdba-0d2f539e14c1,hex_hash_style
h396ae4d38a787eb334458f4693d6c26dc.ws,4c8794a1-e5eb-48a9-bdba-0d2f539e14c1,hex_hash_style
ffc0a211708f61be2ca4f3e536df84d767.in,4c8794a1-e5eb-48a9-bdba-0d2f539e14c1,hex_hash_style
k52695862766a349526771c4c04afe1440.hk,4c8794a1-e5eb-48a9-bdba-0d2f539e14c1,hex_hash_style
c8581aa9772a3e4f0524cfa7f33b49e9c8.cc,4c8794a1-e5eb-48a9-bdba-0d2f539e14c1,hex_hash_style
raa9bab397fb04d023c7f8cb061c9c200e.ws,4c8794a1-e5eb-48a9-bdba-0d2f539e14c1,hex_hash_style
df8896b7aab53ac08b1308dd04bead4d3e.in,4c8794a1-e5eb-48a9-bdba-0d2f539e14c1,hex_hash_style
z8e69f3a9115297bc04d954d9aeab015c4.so,4c8794a1-e5eb-48a9-bdba-0d2f539e14c1,hex_hash_style
if29632ec3556b49c200d948290ab7bc75.to,4c8794a1-e5eb-48a9-bdba-0d2f539e14c1,hex_hash_style
x991daaa403c5d0e5a6b66ea67ca7280d7.ws,4c8794a1-e5eb-48a9-bdba-0d2f539e14c1,hex_hash_style
xf8aac0d3f993e8521915a738694231d3d.so,4c8794a1-e5eb-48a9-bdba-0d2f539e14c1,hex_hash_style
ybaa8fdae9d8c9d4ac068818ee85840ec7.tk,4c8794a1-e5eb-48a9-bdba-0d2f539e14c1,hex_hash_style
y8331c3ee4cda2d2adcdbe77eb7554468a.tk,4c8794a1-e5eb-48a9-bdba-0d2f539e14c1,hex_hash_style
ofd86ad9f01c155c7b4fba5a3bc339e8b9.tk,4c8794a1-e5eb-48a9-bdba-0d2f539e14c1,hex_hash_style
e3a12a8834ed424211e2cd68ba0cbb1929.hk,4c8794a1-e5eb-48a9-bdba-0d2f539e14c1,hex_hash_style
r80b3c2d3ac57773e12d749642cb258785.in,4c8794a1-e5eb-48a9-bdba-0d2f539e14c1,hex_hash_style
v938b3f043a2b375cc2ba8672af7c806db.cn,4c8794a1-e5eb-48a9-bdba-0d2f539e14c1,hex_hash_style
qe245309120460ae10a31dbfd44be9f5e9.to,4c8794a1-e5eb-48a9-bdba-0d2f539e14c1,hex_hash_style
cdaa50bd7df0ecd16acdbf677096eeee22.cc,4c8794a1-e5eb-48a9-bdba-0d2f539e14c1,hex_hash_style
h7f0adf56cfc3cf461c3e84a290287adc1.in,4c8794a1-e5eb-48a9-bdba-0d2f539e14c1,hex_hash_style
x3878f4fe74989a028720e6697e619819a.so,4c8794a1-e5eb-48a9-bdba-0d2f539e14c1,hex_hash_style
a63e0d13f550abe0cd5a5bec444f14eed3.cc,4c8794a1-e5eb-48a9-bdba-0d2f539e14c1,hex_hash_style
ibf3d1efe5cdc8b9b0bbfe15df4a5cade4.cc,4c8794a1-e5eb-48a9-bdba-0d2f539e14c1,hex_hash_style
v283cea65e8e6b3a625db93659f5db9a42.so,4c8794a1-e5eb-48a9-bdba-0d2f539e14c1,hex_hash_style
v37bc8a35ced2964ac955b21a9d58d06f6.ws,4c8794a1-e5eb-48a9-bdba-0d2f539e14c1,hex_hash_style
a54a89cff3683178a4124efeadc662999d.tk,4c8794a1-e5eb-48a9-bdba-0d2f539e14c1,hex_hash_style
q9a351a0de3489984c29ced474a4953c53.tk,4c8794a1-e5eb-48a9-bdba-0d2f539e14c1,hex_hash_style
te9c67187baeaa696a596bd60d2f5084f4.cn,4c8794a1-e5eb-48a9-bdba-0d2f539e14c1,hex_hash_style
e36bacec810ed24410a9523406baf44538.hk,4c8794a1-e5eb-48a9-bdba-0d2f539e14c1,hex_hash_style
kde3b1f6844ca81080288df320a4551740.hk,4c8794a1-e5eb-48a9-bdba-0d2f539e14c1,hex_hash_style
f6addd995db45c7542bedea7e564a68231.so,4c8794a1-e5eb-48a9-bdba-0d2f539e14c1,hex_hash_style
o2e2ba451f185ed19797cbd0ec0d86c6a7.to,4c8794a1-e5eb-48a9-bdba-0d2f539e14c1,hex_hash_style
t61b119cc437557d92670882a3f6825245.in,4c8794a1-e5eb-48a9-bdba-0d2f539e14c1,hex_hash_style
z11b97e2cbe5fa1d5a133d201b77b41213.so,4c8794a1-e5eb-48a9-bdba-0d2f539e14c1,hex_hash_style
kf85faf2f5834bd2a7e59642d872191d3a.tk,4c8794a1-e5eb-48a9-bdba-0d2f539e14c1,hex_hash_style
v49b41e6976f2329ed3805529449b2f678.cn,4c8794a1-e5eb-48a9-bdba-0d2f539e14c1,hex_hash_style
qa1e4cef0cbd6ceb420073876c2ebc45b8.cc,4c8794a1-e5eb-48a9-bdba-0d2f539e14c1,hex_hash_style
ubf2f774f36d68354da1dee42f324d98c9.tk,4c8794a1-e5eb-48a9-bdba-0d2f539e14c1,hex_hash_style
y38553bb982015d35b0de128c1e3d4ecba.hk,4c8794a1-e5eb-48a9-bdba-0d2f539e14c1,hex_hash_style
vcd99d108578374d918d7061b3ce32a44b.ws,4c8794a1-e5eb-48a9-bdba-0d2f539e14c1,hex_hash_style
o4c1bb094ff15906f5033213fef51bb62a.tk,4c8794a1-e5eb-48a9-bdba-0d2f539e14c1,hex_hash_style
z90d57263d86e8a193eb80f90cf00e7694.so,4c8794a1-e5eb-48a9-bdba-0d2f539e14c1,hex_hash_style
hd756d3f37f524d19774e0c07ad42ca09f.in,4c8794a1-e5eb-48a9-bdba-0d2f539e14c1,hex_hash_style
j85d6f7e457e15d0ba9e976b9f059b76af.in,4c8794a1-e5eb-48a9-bdba-0d2f539e14c1,hex_hash_style
f69fa3a8754be1939b351dfc772bfc363b.ws,4c8794a1-e5eb-48a9-bdba-0d2f539e14c1,hex_hash_style
m9ddd59a9bfaca4ffe3a9546f8c18308eb.to,4c8794a1-e5eb-48a9-bdba-0d2f539e14c1,hex_hash_style
z785f2a611db95dee3718e8590b8fa81a9.in,4c8794a1-e5eb-48a9-bdba-0d2f539e14c1,hex_hash_style
d78b0d0242c78dd87d00299f8bdfd69d49.ws,4c8794a1-e5eb-48a9-bdba-0d2f539e14c1,hex_hash_style
q8eb432026dfa9513adab373b1d575796b.hk,4c8794a1-e5eb-48a9-bdba-0d2f539e14c1,hex_hash_style
q556d7b3f987817f7388827aca603912b2.tk,4c8794a1-e5eb-48a9-bdba-0d2f539e14c1,hex_hash_style
ta22b168b8bb0919e9256969e166961c5e.ws,4c8794a1-e5eb-48a9-bdba-0d2f539e14c1,hex_hash_style
oc12638fbad5113b517dad4e10a7f7ae93.to,4c8794a1-e5eb-48a9-bdba-0d2f539e14c1,hex_hash_style
k6e092b80c63c186b1294d1e1e6db2cd13.cc,4c8794a1-e5eb-48a9-bdba-0d2f539e14c1,hex_hash_style
lf8e83a64d265fc8e50e978ff4cbf00a45.ws,4c8794a1-e5eb-48a9-bdba-0d2f539e14c1,hex_hash_style
b53a7d52640f8281586c588f65c2d054e0.cn,4c8794a1-e5eb-48a9-bdba-0d2f539e14c1,hex_hash_style
m43b0332c89a8e9e68c0aca724732406eb.tk,4c8794a1-e5eb-48a9-bdba-0d2f539e14c1,hex_hash_style
e284101b5cb9fcffed09bebf92dc2af090.cc,4c8794a1-e5eb-48a9-bdba-0d2f539e14c1,hex_hash_style
g881298f269e6eb7e9f8763de2cff097c1.hk,4c8794a1-e5eb-48a9-bdba-0d2f539e14c1,hex_hash_style
dc71b278c167e260f0cc0bf8e003a22644.ws,4c8794a1-e5eb-48a9-bdba-0d2f539e14c1,hex_hash_style
n74da76432f6e01eb8d1f7f2ec7c7c4a8c.in,4c8794a1-e5eb-48a9-bdba-0d2f539e14c1,hex_hash_style
l384a9994d4c7a850a09852b0727ef4a93.so,4c8794a1-e5eb-48a9-bdba-0d2f539e14c1,hex_hash_style
we8a61e62a1c1a57c5ec570c44091c13cd.cc,4c8794a1-e5eb-48a9-bdba-0d2f539e14c1,hex_hash_style
s0dae28978fba915d02ab7ca2b268e7d8a.to,4c8794a1-e5eb-48a9-bdba-0d2f539e14c1,hex_hash_style
h06c57561cbc62618a171ea223b125e786.so,4c8794a1-e5eb-48a9-bdba-0d2f539e14c1,hex_hash_style
pb0d4ae416ebd1a53c6c4582aaee5f119e.cn,4c8794a1-e5eb-48a9-bdba-0d2f539e14c1,hex_hash_style
t7a0f1533c124deb1d3ea542ae211a465a.in,4c8794a1-e5eb-48a9-bdba-0d2f539e14c1,hex_hash_style
l8ada0acd6b01452cae388162306e591af.in,4c8794a1-e5eb-48a9-bdba-0d2f539e14c1,hex_hash_style
ga7ebb8cbb38361117cbc310465550b559.cc,4c8794a1-e5eb-48a9-bdba-0d2f539e14c1,hex_hash_style
w8b9b4ec6366b5eceae5af959704020871.to,4c8794a1-e5eb-48a9-bdba-0d2f539e14c1,hex_hash_style
hc1c0ed918733fed14dc6ca26dc6251e82.cn,4c8794a1-e5eb-48a9-bdba-0d2f539e14c1,hex_hash_style
z69e2a256e89d370c7bbd1fac6f2a83891.cn,4c8794a1-e5eb-48a9-bdba-0d2f539e14c1,hex_hash_style
o75064bb7e7c65f374602a3f2f8b84f88f.cc,4c8794a1-e5eb-48a9-bdba-0d2f539e14c1,hex_hash_style
ifd6152c835ff746d13272e73bfbc57664.tk,4c8794a1-e5eb-48a9-bdba-0d2f539e14c1,hex_hash_style
c5cb4223710f247903d1f6c911db983b4f.cc,4c8794a1-e5eb-48a9-bdba-0d2f539e14c1,hex_hash_style
radbfa92e7148bf99e4be8915359314416.so,4c8794a1-e5eb-48a9-bdba-0d2f539e14c1,hex_hash_style
fd567c364fecbf69f57bd0f28a4d3264cd.ws,4c8794a1-e5eb-48a9-bdba-0d2f539e14c1,hex_hash_style
ycba45d8c56897deb2b6c42f849ace9f57.hk,4c8794a1-e5eb-48a9-bdba-0d2f539e14c1,hex_hash_style
nb6c2e06360bfb70baeadc19c532de4de4.in,4c8794a1-e5eb-48a9-bdba-0d2f539e14c1,hex_hash_style
u11ece4052bbb360ca2fd704f396933274.hk,4c8794a1-e5eb-48a9-bdba-0d2f539e14c1,hex_hash_style
i2114edcdadddb67f2a9c616255f311521.cc,4c8794a1-e5eb-48a9-bdba-0d2f539e14c1,hex_hash_style
t71589f12601df16e4487365b0e22fa711.so,4c8794a1-e5eb-48a9-bdba-0d2f539e14c1,hex_hash_style
sb429727de5265c43b641acf3501fceea0.cc,4c8794a1-e5eb-48a9-bdba-0d2f539e14c1,hex_hash_style
d82c061f96f3dfa40d6cebd71c77d0e281.so,4c8794a1-e5eb-48a9-bdba-0d2f539e14c1,hex_hash_style
fa65161157145762249de299a499dfd4c1.so,4c8794a1-e5eb-48a9-bdba-0d2f539e14c1,hex_hash_style
mf83da6d87e36b7b9abad2d321e7448298.cc,4c8794a1-e5eb-48a9-bdba-0d2f539e14c1,hex_hash_style
n7a57832f33868e4c00c5b29c88a88c81a.so,4c8794a1-e5eb-48a9-bdba-0d2f539e14c1,hex_hash_style
y1f2d79afd6c1ef7c92f2055512e842a7c.hk,4c8794a1-e5eb-48a9-bdba-0d2f539e14c1,hex_hash_style
k09093ad1f0720334d265ab95b74896c4f.tk,4c8794a1-e5eb-48a9-bdba-0d2f539e14c1,hex_hash_style
g4c69b8b6d91ae5a2b845dfebb9a56e07c.hk,4c8794a1-e5eb-48a9-bdba-0d2f539e14c1,hex_hash_style
x5cb53b43252fe0bdb230287ab5647d207.in,4c8794a1-e5eb-48a9-bdba-0d2f539e14c1,hex_hash_style
zcff9cbcfcd7c0aa0f590fd25b8759d113.in,4c8794a1-e5eb-48a9-bdba-0d2f539e14c1,hex_hash_style
h19c70b339bf9c6c00864c1db477c87932.cn,4c8794a1-e5eb-48a9-bdba-0d2f539e14c1,hex_hash_style
aec9816cc1db86a10f16a91f8fa910fe43.tk,4c8794a1-e5eb-48a9-bdba-0d2f539e14c1,hex_hash_style
oec6fada8215fc03c5aae2dd2a059b4f25.cc,4c8794a1-e5eb-48a9-bdba-0d2f539e14c1,hex_hash_style
mb5d70d75107e917784f36508ba82e588f.hk,4c8794a1-e5eb-48a9-bdba-0d2f539e14c1,hex_hash_style
m8861b007817cf5ea9bc009b1889ce8acd.tk,4c8794a1-e5eb-48a9-bdba-0d2f539e14c1,hex_hash_style
y5ef0de633a054410b7a55cc04da89df2c.to,4c8794a1-e5eb-48a9-bdba-0d2f539e14c1,hex_hash_style
p7aa0aabcda502e0e2e1b38068b5b73077.ws,4c8794a1-e5eb-48a9-bdba-0d2f539e14c1,hex_hash_style
c25c6733200300978ad4fe9d4e3f527384.to,4c8794a1-e5eb-48a9-bdba-0d2f539e14c1,hex_hash_style
t911d888a8188da5089ba5b795829e7fc6.cn,4c8794a1-e5eb-48a9-bdba-0d2f539e14c1,hex_hash_style
i4952169f46a3b03f2a4cb030e806856a3.tk,4c8794a1-e5eb-48a9-bdba-0d2f539e14c1,hex_hash_style
s9bf802714ac15ff34a59e9980791b99c1.tk,4c8794a1-e5eb-48a9-bdba-0d2f539e14c1,hex_hash_style
j8f314b9166a1005bfaa97fbb3a63b0b88.ws,4c8794a1-e5eb-48a9-bdba-0d2f539e14c1,hex_hash_style
d497effe68d9d6a5c04a38179bd2af3b2b.cn,4c8794a1-e5eb-48a9-bdba-0d2f539e14c1,hex_hash_style
p22ca59637d019d2c74898b11a98ab33e2.so,4c8794a1-e5eb-48a9-bdba-0d2f539e14c1,hex_hash_style
h3fa9364c592ca757cee59ec4d81c9aaef.ws,4c8794a1-e5eb-48a9-bdba-0d2f539e14c1,hex_hash_style
i45f15a414df0680835935c1ecc1057423.hk,4c8794a1-e5eb-48a9-bdba-0d2f539e14c1,hex_hash_style
jd2e414e74b4fb00992b5fd066def094ac.in,4c8794a1-e5eb-48a9-bdba-0d2f539e14c1,hex_hash_style
c289c4d3e3af8ca90673040f5b5f6ad22e.to,4c8794a1-e5eb-48a9-bdba-0d2f539e14c1,hex_hash_style
b25f062fb26e6470cd874e3cbb30b91820.cn,4c8794a1-e5eb-48a9-bdba-0d2f539e14c1,hex_hash_style
y0a52f3da470b91fccba34f89fb090e051.to,4c8794a1-e5eb-48a9-bdba-0d2f539e14c1,hex_hash_style
f1763e844d0e15d0bd48c4f2cdfc821b56.so,4c8794a1-e5eb-48a9-bdba-0d2f539e14c1,hex_hash_style
rd5fe2577e9986fa5616a32cdd33da78d2.ws,4c8794a1-e5eb-48a9-bdba-0d2f539e14c1,hex_hash_style
ua9f0d26ea34159f0e016233774a7820ed.tk,4c8794a1-e5eb-48a9-bdba-0d2f539e14c1,hex_hash_style
bfdfa13829e4606666f7ad47d630af7992.ws,4c8794a1-e5eb-48a9-bdba-0d2f539e14c1,hex_hash_style
p65a900a4e1957cf197c33c095dc8d04cc.ws,4c8794a1-e5eb-48a9-bdba-0d2f539e14c1,hex_hash_style
c67f31bec719da8806d635d25a8eaedbef.hk,4c8794a1-e5eb-48a9-bdba-0d2f539e14c1,hex_hash_style
i9d27375420144abedc022e0fe1da9854f.to,4c8794a1-e5eb-48a9-bdba-0d2f539e14c1,hex_hash_style
cb6ae34c628f32f663c12e633c40874f7a.cc,4c8794a1-e5eb-48a9-bdba-0d2f539e14c1,hex_hash_style
n17932e7ea319523190a85980ecc99dafd.ws,4c8794a1-e5eb-48a9-bdba-0d2f539e14c1,hex_hash_style
l0e484a6cc5300bbcfc6861415475d70f2.ws,4c8794a1-e5eb-48a9-bdba-0d2f539e14c1,hex_hash_style
ycb35f1744e365fbb5154d928e2134802b.cc,4c8794a1-e5eb-48a9-bdba-0d2f539e14c1,hex_hash_style
b96c7ebbfa17d9a996bfa61410f0031dd8.cn,4c8794a1-e5eb-48a9-bdba-0d2f539e14c1,hex_hash_style
lc71662ef3c3c2c16d9c9bbfc2ceb6b622.so,4c8794a1-e5eb-48a9-bdba-0d2f539e14c1,hex_hash_style
x7fc464625f2b727de5e7c0acb06fdecbd.ws,4c8794a1-e5eb-48a9-bdba-0d2f539e14c1,hex_hash_style
x690f92b008139dfe615c9831b031d380f.cn,4c8794a1-e5eb-48a9-bdba-0d2f539e14c1,hex_hash_style
f3b4bec9c379d67439ca4f00938b9675e7.cn,4c8794a1-e5eb-48a9-bdba-0d2f539e14c1,hex_hash_style
h499d098086c7368c6b043ef885ce7af12.so,4c8794a1-e5eb-48a9-bdba-0d2f539e14c1,hex_hash_style
k202da1c3f116a86cc128e1b45f7ae4396.to,4c8794a1-e5eb-48a9-bdba-0d2f539e14c1,hex_hash_style
j78e8abc251073c8e11be583659423c2d6.in,4c8794a1-e5eb-48a9-bdba-0d2f539e14c1,hex_hash_style
a1e0cc82a3871068000f11676e60ce81ca.hk,4c8794a1-e5eb-48a9-bdba-0d2f539e14c1,hex_hash_style
q4ba8b55801594db962ab1701c913c18b9.to,4c8794a1-e5eb-48a9-bdba-0d2f539e14c1,hex_hash_style
m40242cba885b251c6631545ef66570909.to,4c8794a1-e5eb-48a9-bdba-0d2f539e14c1,hex_hash_style
jc7969b39c2ee7721c60d76f750a5b0aca.so,4c8794a1-e5eb-48a9-bdba-0d2f539e14c1,hex_hash_style
t6ddafeba0d332b8fa9634c55cd77f1a34.so,4c8794a1-e5eb-48a9-bdba-0d2f539e14c1,hex_hash_style
cc225ec613da6a3f9a23a23e91223bdf96.cc,4c8794a1-e5eb-48a9-bdba-0d2f539e14c1,hex_hash_style
lba12c59fedd01206b3021a407ac6925ce.ws,4c8794a1-e5eb-48a9-bdba-0d2f539e14c1,hex_hash_style
s98a8d0c7405a85c25d9e6c151b95fdb6b.hk,4c8794a1-e5eb-48a9-bdba-0d2f539e14c1,hex_hash_style
ue8c742bbeb9b0983942e409e11f5b2828.to,4c8794a1-e5eb-48a9-bdba-0d2f539e14c1,hex_hash_style
x264458d5c745a9dee0af4ae06ebaf4b8a.so,4c8794a1-e5eb-48a9-bdba-0d2f539e14c1,hex_hash_style
bd1155895807da3400022c5bdb98269965.cn,4c8794a1-e5eb-48a9-bdba-0d2f539e14c1,hex_hash_style
ed498630f1d0c3764e6468531709b5ac41.hk,4c8794a1-e5eb-48a9-bdba-0d2f539e14c1,hex_hash_style
ae64869c687399e9e156178fd022fc897f.hk,4c8794a1-e5eb-48a9-bdba-0d2f539e14c1,hex_hash_style
tf2fdaf9c1d323aceed60f1053aed7710f.cn,4c8794a1-e5eb-48a9-bdba-0d2f539e14c1,hex_hash_style
h60daac6d83a7b25cc8206b0f61ca64b03.so,4c8794a1-e5eb-48a9-bdba-0d2f539e14c1,hex_hash_style
lcb4e7440490452b4f0a20d9e13533c6bd.cn,4c8794a1-e5eb-48a9-bdba-0d2f539e14c1,hex_hash_style
g91b31ef0f47991fb70ad308e9ab0ffbbf.cc,4c8794a1-e5eb-48a9-bdba-0d2f539e14c1,hex_hash_style
a34eaf3fb419ab67fe06055a0eaf245864.hk,4c8794a1-e5eb-48a9-bdba-0d2f539e14c1,hex_hash_style
md47dfd85015ff6558a31b3b9ae6515a8c.cc,4c8794a1-e5eb-48a9-bdba-0d2f539e14c1,hex_hash_style
g4aeadaa3a4d74d0ea7564dde2866d623b.hk,4c8794a1-e5eb-48a9-bdba-0d2f539e14c1,hex_hash_style
y117c013e37ece886cfcb3997014a95fdb.tk,4c8794a1-e5eb-48a9-bdba-0d2f539e14c1,hex_hash_style
ed8d91cb0dce52155d950360f37e94296d.to,4c8794a1-e5eb-48a9-bdba-0d2f539e14c1,hex_hash_style
j81abd95c74e8cd8c54845a26b8f578687.so,4c8794a1-e5eb-48a9-bdba-0d2f539e14c1,hex_hash_style
x87d11673c843611358fc0881cd254d545.cn,4c8794a1-e5eb-48a9-bdba-0d2f539e14c1,hex_hash_style
d373b56ce74620fc7d7695bd6dfe4bfb81.cn,4c8794a1-e5eb-48a9-bdba-0d2f539e14c1,hex_hash_style
s1893f947c43d3c6b04c8dc7eb3740b319.hk,4c8794a1-e5eb-48a9-bdba-0d2f539e14c1,hex_hash_style
rf4e8bf4d6d64719c7a89936448a8f484e.in,4c8794a1-e5eb-48a9-bdba-0d2f539e14c1,hex_hash_style
me51d22862410f78047b9410e4d8e34ae3.cc,4c8794a1-e5eb-48a9-bdba-0d2f539e14c1,hex_hash_style
gdcc6d4bed2ee555c92ffdec0460300d97.tk,4c8794a1-e5eb-48a9-bdba-0d2f539e14c1,hex_hash_style
yff3fa2ea517e50fa6ae359cf4e6ecb484.hk,4c8794a1-e5eb-48a9-bdba-0d2f539e14c1,hex_hash_style
y212526f28dee3f4206e717addc90ebc51.hk,4c8794a1-e5eb-48a9-bdba-0d2f539e14c1,hex_hash_style
uaee2531e76cc6e5d40f3249d576600dcc.cc,4c8794a1-e5eb-48a9-bdba-0d2f539e14c1,hex_hash_style
u31623fb08111eec93199c81265d039d03.hk,4c8794a1-e5eb-48a9-bdba-0d2f539e14c1,hex_hash_style
m9888bf446be8104538feea1fca9593aa3.hk,4c8794a1-e5eb-48a9-bdba-0d2f539e14c1,hex_hash_style
q454bbc5c60047fb266c2c89aed076144d.tk,4c8794a1-e5eb-48a9-bdba-0d2f539e14c1,hex_hash_style
g943dc47417ee944e3520d3e238eb0e90d.to,4c8794a1-e5eb-48a9-bdba-0d2f539e14c1,hex_hash_style
k2a0c8246c09f56caae4786caad78aee80.cc,4c8794a1-e5eb-48a9-bdba-0d2f539e14c1,hex_hash_style
nd5e5270c6c325e2483f616de4cb0303eb.cn,4c8794a1-e5eb-48a9-bdba-0d2f539e14c1,hex_hash_style
ua7b0f02122cffc09789c099a976d90287.hk,4c8794a1-e5eb-48a9-bdba-0d2f539e14c1,hex_hash_style
sc6ea3c0298eafbc167cb506dd92f1f844.cc,4c8794a1-e5eb-48a9-bdba-0d2f539e14c1,hex_hash_style
k3a15946b4cf04efe8a859bd165a147b7b.tk,4c8794a1-e5eb-48a9-bdba-0d2f539e14c1,hex_hash_style
i125895f3bcd01ec80d21d753d18f3b206.hk,4c8794a1-e5eb-48a9-bdba-0d2f539e14c1,hex_hash_style
t2f9bd5369887a7421264ecb2a3d9d4dee.in,4c8794a1-e5eb-48a9-bdba-0d2f539e14c1,hex_hash_style
bb902867d1112a12dcb8faf60bf69d42b0.so,4c8794a1-e5eb-48a9-bdba-0d2f539e14c1,hex_hash_style
x0be082f133f597cf16baa633cd1472860.so,4c8794a1-e5eb-48a9-bdba-0d2f539e14c1,hex_hash_style
b15a2e92fdcbe9ce70e8d0824af88abc52.in,4c8794a1-e5eb-48a9-bdba-0d2f539e14c1,hex_hash_style
zf8b2c06c94deb2bff29f58d2140a9c381.so,4c8794a1-e5eb-48a9-bdba-0d2f539e14c1,hex_hash_style
xbf52ff0750822dda7523b71cabfe7ca2c.cn,4c8794a1-e5eb-48a9-bdba-0d2f539e14c1,hex_hash_style
b241c1332985d3b543f8f55e4bd96d2aae.in,4c8794a1-e5eb-48a9-bdba-0d2f539e14c1,hex_hash_style
d052da51c1ccbf974b2aa7b0421259a797.cn,4c8794a1-e5eb-48a9-bdba-0d2f539e14c1,hex_hash_style
z11167de524e3a1739ed708934cce2385f.in,4c8794a1-e5eb-48a9-bdba-0d2f539e14c1,hex_hash_style
k8a65ced4123652059b2e5d40f73781f88.cc,4c8794a1-e5eb-48a9-bdba-0d2f539e14c1,hex_hash_style
rb9f531e0bb688f6d5460416e177e3a888.so,4c8794a1-e5eb-48a9-bdba-0d2f539e14c1,hex_hash_style
ice6b3392cb61b7b4c9c729ad2c1374cf1.tk,4c8794a1-e5eb-48a9-bdba-0d2f539e14c1,hex_hash_style
u1a033c10fef5f5b2cff857114884a0a54.hk,4c8794a1-e5eb-48a9-bdba-0d2f539e14c1,hex_hash_style
qddca03cc0629f0106876d0016e708713f.hk,4c8794a1-e5eb-48a9-bdba-0d2f539e14c1,hex_hash_style
j5bf4cb1d04fd1f1de2ce5f5826ac6febb.cn,4c8794a1-e5eb-48a9-bdba-0d2f539e14c1,hex_hash_style
qkdchxxxzn.com,6740bca0-ec18-404e-af50-354e7368111b,random_alnum_fixed_len
nclwbakgdh.com,6740bca0-ec18-404e-af50-354e7368111b,random_alnum_fixed_len
rjwehxpewe.com,6740bca0-ec18-404e-af50-354e7368111b,random_alnum_fixed_len
hwalztjrln.com,6740bca0-ec18-404e-af50-354e7368111b,random_alnum_fixed_len
ehqglopusy.com,6740bca0-ec18-404e-af50-354e7368111b,random_alnum_fixed_len
yafdfabqzk.com,6740bca0-ec18-404e-af50-354e7368111b,random_alnum_fixed_len
lylydtmelk.com,6740bca0-ec18-404e-af50-354e7368111b,random_alnum_fixed_len
gdpzlmikcn.com,6740bca0-ec18-404e-af50-354e7368111b,random_alnum_fixed_len
ewejtlfatk.com,6740bca0-ec18-404e-af50-354e7368111b,random_alnum_fixed_len
wqifkyqxgw.com,6740bca0-ec18-404e-af50-354e7368111b,random_alnum_fixed_len
irylqvwxvj.com,6740bca0-ec18-404e-af50-354e7368111b,random_alnum_fixed_len
atxivbsxle.com,6740bca0-ec18-404e-af50-354e7368111b,random_alnum_fixed_len
ydedpupkue.com,6740bca0-ec18-404e-af50-354e7368111b,random_alnum_fixed_len
sdpomgncvt.com,6740bca0-ec18-404e-af50-354e7368111b,random_alnum_fixed_len
sfmgaebbwn.com,6740bca0-ec18-404e-af50-354e7368111b,random_alnum_fixed_len
lzsxlaqijt.com,6740bca0-ec18-404e-af50-354e7368111b,random_alnum_fixed_len
igmsjspqvv.com,6740bca0-ec18-404e-af50-354e7368111b,random_alnum_fixed_len
zefkeevtzx.com,6740bca0-ec18-404e-af50-354e7368111b,random_alnum_fixed_len
vdrljxhbha.com,6740bca0-ec18-404e-af50-354e7368111b,random_alnum_fixed_len
dxdaslghpa.com,6740bca0-ec18-404e-af50-354e7368111b,random_alnum_fixed_len
rweoecbwzx.com,6740bca0-ec18-404e-af50-354e7368111b,random_alnum_fixed_len
aiyjhxwgde.com,6740bca0-ec18-404e-af50-354e7368111b,random_alnum_fixed_len
woaroagmws.com,6740bca0-ec18-404e-af50-354e7368111b,random_alnum_fixed_len
pdhwpfaqrh.com,6740bca0-ec18-404e-af50-354e7368111b,random_alnum_fixed_len
wudhijovvs.com,6740bca0-ec18-404e-af50-354e7368111b,random_alnum_fixed_len
eftlnsmocw.com,6740bca0-ec18-404e-af50-354e7368111b,random_alnum_fixed_len
izugikddbc.com,6740bca0-ec18-404e-af50-354e7368111b,random_alnum_fixed_len
bmehmzdsbt.com,6740bca0-ec18-404e-af50-354e7368111b,random_alnum_fixed_len
daudabpzdv.com,6740bca0-ec18-404e-af50-354e7368111b,random_alnum_fixed_len
stiosrqinp.com,6740bca0-ec18-404e-af50-354e7368111b,random_alnum_fixed_len
zfvenppnsi.com,6740bca0-ec18-404e-af50-354e7368111b,random_alnum_fixed_len
jfqgzhrygo.com,6740bca0-ec18-404e-af50-354e7368111b,random_alnum_fixed_len
kjxlcyicxu.com,6740bca0-ec18-404e-af50-354e7368111b,random_alnum_fixed_len
opjtxkdees.com,6740bca0-ec18-404e-af50-354e7368111b,random_alnum_fixed_len
mkjoxfwflz.com,6740bca0-ec18-404e-af50-354e7368111b,random_alnum_fixed_len
vskogwxqsi.com,6740bca0-ec18-404e-af50-354e7368111b,random_alnum_fixed_len
itismpiiwq.com,6740bca0-ec18-404e-af50-354e7368111b,random_alnum_fixed_len
bpfhoczcet.com,6740bca0-ec18-404e-af50-354e7368111b,random_alnum_fixed_len
lihhbvzswt.com,6740bca0-ec18-404e-af50-354e7368111b,random_alnum_fixed_len
nagcdwezih.com,6740bca0-ec18-404e-af50-354e7368111b,random_alnum_fixed_len
bcogmkjhrm.com,6740bca0-ec18-404e-af50-354e7368111b,random_alnum_fixed_len
denclizbvc.com,6740bca0-ec18-404e-af50-354e7368111b,random_alnum_fixed_len
yovmiabeyq.com,6740bca0-ec18-404e-af50-354e7368111b,random_alnum_fixed_len
dlhvubandn.com,6740bca0-ec18-404e-af50-354e7368111b,random_alnum_fixed_len
iiiheibhai.com,6740bca0-ec18-404e-af50-354e7368111b,random_alnum_fixed_len
ucsfsebbpa.com,6740bca0-ec18-404e-af50-354e7368111b,random_alnum_fixed_len
rvnjyamexj.com,6740bca0-ec18-404e-af50-354e7368111b,random_alnum_fixed_len
ubgwmhxwbk.com,6740bca0-ec18-404e-af50-354e7368111b,random_alnum_fixed_len
gxmuojnxxs.com,6740bca0-ec18-404e-af50-354e7368111b,random_alnum_fixed_len
zliezqlbnm.com,6740bca0-ec18-404e-af50-354e7368111b,random_alnum_fixed_len
wzzahjumun.com,6740bca0-ec18-404e-af50-354e7368111b,random_alnum_fixed_len
kfenpeayej.com,6740bca0-ec18-404e-af50-354e7368111b,random_alnum_fixed_len
vfmpdoajlz.com,6740bca0-ec18-404e-af50-354e7368111b,random_alnum_fixed_len
rldjevtssk.com,6740bca0-ec18-404e-af50-354e7368111b,random_alnum_fixed_len
zmhtqkaacn.com,6740bca0-ec18-404e-af50-354e7368111b,random_alnum_fixed_len
egqhtsunbi.com,6740bca0-ec18-404e-af50-354e7368111b,random_alnum_fixed_len
xzdlveikhy.com,6740bca0-ec18-404e-af50-354e7368111b,random_alnum_fixed_len
uiltyztqeu.com,6740bca0-ec18-404e-af50-354e7368111b,random_alnum_fixed_len
xfdhayypnp.com,6740bca0-ec18-404e-af50-354e7368111b,random_alnum_fixed_len
rwxttethte.com,6740bca0-ec18-404e-af50-354e7368111b,random_alnum_fixed_len
fxglmmrdtp.com,6740bca0-ec18-404e-af50-354e7368111b,random_alnum_fixed_len
acrpdzvvcp.com,6740bca0-ec18-404e-af50-354e7368111b,random_alnum_fixed_len
koixzpimxn.com,6740bca0-ec18-404e-af50-354e7368111b,random_alnum_fixed_len
bboteuhjmu.com,6740bca0-ec18-404e-af50-354e7368111b,random_alnum_fixed_len
wdphtzogxc.com,6740bca0-ec18-404e-af50-354e7368111b,random_alnum_fixed_len
qasnmacpam.com,6740bca0-ec18-404e-af50-354e7368111b,random_alnum_fixed_len
kcmrxpsbyf.com,6740bca0-ec18-404e-af50-354e7368111b,random_alnum_fixed_len
ygfnuyrtaq.com,6740bca0-ec18-404e-af50-354e7368111b,random_alnum_fixed_len
wiidtmghce.com,6740bca0-ec18-404e-af50-354e7368111b,random_alnum_fixed_len
hqafcxeiwz.com,6740bca0-ec18-404e-af50-354e7368111b,random_alnum_fixed_len
socgbxsqxc.com,6740bca0-ec18-404e-af50-354e7368111b,random_alnum_fixed_len
vckqvvygfs.com,6740bca0-ec18-404e-af50-354e7368111b,random_alnum_fixed_len
bhgsuldhbq.com,6740bca0-ec18-404e-af50-354e7368111b,random_alnum_fixed_len
frnyjhxmxn.com,6740bca0-ec18-404e-af50-354e7368111b,random_alnum_fixed_len
nesyusoitl.com,6740bca0-ec18-404e-af50-354e7368111b,random_alnum_fixed_len
ypmycmiuov.com,6740bca0-ec18-404e-af50-354e7368111b,random_alnum_fixed_len
eiwvjdvsku.com,6740bca0-ec18-404e-af50-354e7368111b,random_alnum_fixed_len
cxirdxyfio.com,6740bca0-ec18-404e-af50-354e7368111b,random_alnum_fixed_len
pigtihpsiy.com,6740bca0-ec18-404e-af50-354e7368111b,random_alnum_fixed_len
nlhzwtfxwn.com,6740bca0-ec18-404e-af50-354e7368111b,random_alnum_fixed_len
qygmlxvyfm.com,6740bca0-ec18-404e-af50-354e7368111b,random_alnum_fixed_len
fviatuckco.com,6740bca0-ec18-404e-af50-354e7368111b,random_alnum_fixed_len
fzictlrojy.com,6740bca0-ec18-404e-af50-354e7368111b,random_alnum_fixed_len
ubetfbwhya.com,6740bca0-ec18-404e-af50-354e7368111b,random_alnum_fixed_len
vbovuraxft.com,6740bca0-ec18-404e-af50-354e7368111b,random_alnum_fixed_len
pmhrkyrurs.com,6740bca0-ec18-404e-af50-354e7368111b,random_alnum_fixed_len
uuayqpvubm.com,6740bca0-ec18-404e-af50-354e7368111b,random_alnum_fixed_len
fkiycfhyyy.com,6740bca0-ec18-404e-af50-354e7368111b,random_alnum_fixed_len
xxhhcfedjk.com,6740bca0-ec18-404e-af50-354e7368111b,random_alnum_fixed_len
khefctenbb.com,6740bca0-ec18-404e-af50-354e7368111b,random_alnum_fixed_len
friqiegfcc.com,6740bca0-ec18-404e-af50-354e7368111b,random_alnum_fixed_len
uejqfodqiz.com,6740bca0-ec18-404e-af50-354e7368111b,random_alnum_fixed_len
xmozdcyyjd.com,6740bca0-ec18-404e-af50-354e7368111b,random_alnum_fixed_len
tdrzrywbsl.com,6740bca0-ec18-404e-af50-354e7368111b,random_alnum_fixed_len
habmbwykyy.com,6740bca0-ec18-404e-af50-354e7368111b,random_alnum_fixed_len
ybnogtbuzx.com,6740bca0-ec18-404e-af50-354e7368111b,random_alnum_fixed_len
qmnxgiahpk.com,6740bca0-ec18-404e-af50-354e7368111b,random_alnum_fixed_len
ujmfdmxhjq.com,6740bca0-ec18-404e-af50-354e7368111b,random_alnum_fixed_len
xunwxutljo.com,6740bca0-ec18-404e-af50-354e7368111b,random_alnum_fixed_len
zmdagryaht.com,6740bca0-ec18-404e-af50-354e7368111b,random_alnum_fixed_len
czgxopksug.com,6740bca0-ec18-404e-af50-354e7368111b,random_alnum_fixed_len
hlzptdhqld.com,6740bca0-ec18-404e-af50-354e7368111b,random_alnum_fixed_len
nhnklqjrot.com,6740bca0-ec18-404e-af50-354e7368111b,random_alnum_fixed_len
kssnwipwfv.com,6740bca0-ec18-404e-af50-354e7368111b,random_alnum_fixed_len
dcqsjhvgxe.com,6740bca0-ec18-404e-af50-354e7368111b,random_alnum_fixed_len
lescuxmgyr.com,6740bca0-ec18-404e-af50-354e7368111b,random_alnum_fixed_len
avifaorcek.com,6740bca0-ec18-404e-af50-354e7368111b,random_alnum_fixed_len
mvgzvzfhcq.com,6740bca0-ec18-404e-af50-354e7368111b,random_alnum_fixed_len
uvkkwoqsie.com,6740bca0-ec18-404e-af50-354e7368111b,random_alnum_fixed_len
zznjdnnxqv.com,6740bca0-ec18-404e-af50-354e7368111b,random_alnum_fixed_len
emcwwxaklp.com,6740bca0-ec18-404e-af50-354e7368111b,random_alnum_fixed_len
rdpgaoncel.com,6740bca0-ec18-404e-af50-354e7368111b,random_alnum_fixed_len
vqkcqovutk.com,6740bca0-ec18-404e-af50-354e7368111b,random_alnum_fixed_len
bgpycideyx.com,6740bca0-ec18-404e-af50-354e7368111b,random_alnum_fixed_len
ysdlbmhisz.com,6740bca0-ec18-404e-af50-354e7368111b,random_alnum_fixed_len
ptuyqcbxna.com,6740bca0-ec18-404e-af50-354e7368111b,random_alnum_fixed_len
jocfvekafx.com,6740bca0-ec18-404e-af50-354e7368111b,random_alnum_fixed_len
lvkyxaaupd.com,6740bca0-ec18-404e-af50-354e7368111b,random_alnum_fixed_len
qjfxepkvmw.com,6740bca0-ec18-404e-af50-354e7368111b,random_alnum_fixed_len
kyhvobxxkr.com,6740bca0-ec18-404e-af50-354e7368111b,random_alnum_fixed_len
diiutmmltu.com,6740bca0-ec18-404e-af50-354e7368111b,random_alnum_fixed_len
akwvfzrfhp.com,6740bca0-ec18-404e-af50-354e7368111b,random_alnum_fixed_len
qqjgokzxvg.com,6740bca0-ec18-404e-af50-354e7368111b,random_alnum_fixed_len
tdnpofqbwp.com,6740bca0-ec18-404e-af50-354e7368111b,random_alnum_fixed_len
eicsolivrl.com,6740bca0-ec18-404e-af50-354e7368111b,random_alnum_fixed_len
vocbogizvm.com,6740bca0-ec18-404e-af50-354e7368111b,random_alnum_fixed_len
igaedqrqfx.com,6740bca0-ec18-404e-af50-354e7368111b,random_alnum_fixed_len
bfxrptrddq.com,6740bca0-ec18-404e-af50-354e7368111b,random_alnum_fixed_len
jrsgxkqyja.com,6740bca0-ec18-404e-af50-354e7368111b,random_alnum_fixed_len
tyrdhdxfnn.com,6740bca0-ec18-404e-af50-354e7368111b,random_alnum_fixed_len
gbmlpsqkar.com,6740bca0-ec18-404e-af50-354e7368111b,random_alnum_fixed_len
rtmrjkmdhj.com,6740bca0-ec18-404e-af50-354e7368111b,random_alnum_fixed_len
zruzxpuqow.com,6740bca0-ec18-404e-af50-354e7368111b,random_alnum_fixed_len
lkrmxdhjno.com,6740bca0-ec18-404e-af50-354e7368111b,random_alnum_fixed_len
ofgnfiztvs.com,6740bca0-ec18-404e-af50-354e7368111b,random_alnum_fixed_len
hgdmwzxfxr.com,6740bca0-ec18-404e-af50-354e7368111b,random_alnum_fixed_len
hejnomdfxm.com,6740bca0-ec18-404e-af50-354e7368111b,random_alnum_fixed_len
ozbykvjinz.com,6740bca0-ec18-404e-af50-354e7368111b,random_alnum_fixed_len
dxxqagcfhf.com,6740bca0-ec18-404e-af50-354e7368111b,random_alnum_fixed_len
rwvznolsrj.com,6740bca0-ec18-404e-af50-354e7368111b,random_alnum_fixed_len
vdikzxsxce.com,6740bca0-ec18-404e-af50-354e7368111b,random_alnum_fixed_len
jwfpizkdpj.com,6740bca0-ec18-404e-af50-354e7368111b,random_alnum_fixed_len
bvhzoxezgq.com,6740bca0-ec18-404e-af50-354e7368111b,random_alnum_fixed_len
wvdaphmbxc.com,6740bca0-ec18-404e-af50-354e7368111b,random_alnum_fixed_len
fbjzmjvrvm.com,6740bca0-ec18-404e-af50-354e7368111b,random_alnum_fixed_len
etlqkfoivt.com,6740bca0-ec18-404e-af50-354e7368111b,random_alnum_fixed_len
yqaixkgvly.com,6740bca0-ec18-404e-af50-354e7368111b,random_alnum_fixed_len
eizveozozz.com,6740bca0-ec18-404e-af50-354e7368111b,random_alnum_fixed_len
kpktfjwlvb.com,6740bca0-ec18-404e-af50-354e7368111b,random_alnum_fixed_len
iunmsadryh.com,6740bca0-ec18-404e-af50-354e7368111b,random_alnum_fixed_len
xroxyjbbjt.com,6740bca0-ec18-404e-af50-354e7368111b,random_alnum_fixed_len
cwpyeyzkbq.com,6740bca0-ec18-404e-af50-354e7368111b,random_alnum_fixed_len
pnuaespwlc.com,6740bca0-ec18-404e-af50-354e7368111b,random_alnum_fixed_len
rkpharhtqt.com,6740bca0-ec18-404e-af50-354e7368111b,random_alnum_fixed_len
vegncjecsl.com,6740bca0-ec18-404e-af50-354e7368111b,random_alnum_fixed_len
pziiccinho.com,6740bca0-ec18-404e-af50-354e7368111b,random_alnum_fixed_len
cnmsdgelzx.com,6740bca0-ec18-404e-af50-354e7368111b,random_alnum_fixed_len
hjxvegrxja.com,6740bca0-ec18-404e-af50-354e7368111b,random_alnum_fixed_len
unftnqoxic.com,6740bca0-ec18-404e-af50-354e7368111b,random_alnum_fixed_len
loicdgctoi.com,6740bca0-ec18-404e-af50-354e7368111b,random_alnum_fixed_len
ljccktvwnq.com,6740bca0-ec18-404e-af50-354e7368111b,random_alnum_fixed_len
tlqzmjujel.com,6740bca0-ec18-404e-af50-354e7368111b,random_alnum_fixed_len
lrjrzktepo.com,6740bca0-ec18-404e-af50-354e7368111b,random_alnum_fixed_len
gjqxtlgchc.com,6740bca0-ec18-404e-af50-354e7368111b,random_alnum_fixed_len
huzamclrca.com,6740bca0-ec18-404e-af50-354e7368111b,random_alnum_fixed_len
kewumxofmo.com,6740bca0-ec18-404e-af50-354e7368111b,random_alnum_fixed_len
czhgtqmxkh.com,6740bca0-ec18-404e-af50-354e7368111b,random_alnum_fixed_len
eatvxvdyqe.com,6740bca0-ec18-404e-af50-354e7368111b,random_alnum_fixed_len
vfjfztcfjv.com,6740bca0-ec18-404e-af50-354e7368111b,random_alnum_fixed_len
umxcnjwszu.com,6740bca0-ec18-404e-af50-354e7368111b,random_alnum_fixed_len
lremmnwfso.com,6740bca0-ec18-404e-af50-354e7368111b,random_alnum_fixed_len
wizopmzjbr.com,6740bca0-ec18-404e-af50-354e7368111b,random_alnum_fixed_len
ryymkpcqsm.com,6740bca0-ec18-404e-af50-354e7368111b,random_alnum_fixed_len
hzmrtpgnep.com,6740bca0-ec18-404e-af50-354e7368111b,random_alnum_fixed_len
gvwbkzhzlt.com,6740bca0-ec18-404e-af50-354e7368111b,random_alnum_fixed_len
lwoffyeudo.com,6740bca0-ec18-404e-af50-354e7368111b,random_alnum_fixed_len
twrvrjgids.com,6740bca0-ec18-404e-af50-354e7368111b,random_alnum_fixed_len
eiospnqozd.com,6740bca0-ec18-404e-af50-354e7368111b,random_alnum_fixed_len
rsrtpgpryu.com,6740bca0-ec18-404e-af50-354e7368111b,random_alnum_fixed_len
okdkmfrfoh.com,6740bca0-ec18-404e-af50-354e7368111b,random_alnum_fixed_len
infkazlnbh.com,6740bca0-ec18-404e-af50-354e7368111b,random_alnum_fixed_len
cbnqwyifgf.com,6740bca0-ec18-404e-af50-354e7368111b,random_alnum_fixed_len
oqjsqhnnsu.com,6740bca0-ec18-404e-af50-354e7368111b,random_alnum_fixed_len
pwxqzndkhu.com,6740bca0-ec18-404e-af50-354e7368111b,random_alnum_fixed_len
ydcqjvldlp.com,6740bca0-ec18-404e-af50-354e7368111b,random_alnum_fixed_len
hnaywcstig.com,6740bca0-ec18-404e-af50-354e7368111b,random_alnum_fixed_len
cyzcnhvsli.com,6740bca0-ec18-404e-af50-354e7368111b,random_alnum_fixed_len
ylwvnxmcrx.com,6740bca0-ec18-404e-af50-354e7368111b,random_alnum_fixed_len
qrcymvwkzd.com,6740bca0-ec18-404e-af50-354e7368111b,random_alnum_fixed_len
lwbzvownat.com,6740bca0-ec18-404e-af50-354e7368111b,random_alnum_fixed_len
tpyexezlrm.com,6740bca0-ec18-404e-af50-354e7368111b,random_alnum_fixed_len
iievpncaqh.com,6740bca0-ec18-404e-af50-354e7368111b,random_alnum_fixed_len
nqkstknjbg.com,6740bca0-ec18-404e-af50-354e7368111b,random_alnum_fixed_len
vwqcuvftzb.com,6740bca0-ec18-404e-af50-354e7368111b,random_alnum_fixed_len
uoxitedmkf.com,6740bca0-ec18-404e-af50-354e7368111b,random_alnum_fixed_len
tzoyctgegr.com,6740bca0-ec18-404e-af50-354e7368111b,random_alnum_fixed_len
prlkpdheks.com,6740bca0-ec18-404e-af50-354e7368111b,random_alnum_fixed_len
ujmwnbbnyv.com,6740bca0-ec18-404e-af50-354e7368111b,random_alnum_fixed_len
xoyerhxexw.com,6740bca0-ec18-404e-af50-354e7368111b,random_alnum_fixed_len
siuofwybck.com,6740bca0-ec18-404e-af50-354e7368111b,random_alnum_fixed_len
kwjlicqwzp.com,6740bca0-ec18-404e-af50-354e7368111b,random_alnum_fixed_len
wzghvegksa.com,6740bca0-ec18-404e-af50-354e7368111b,random_alnum_fixed_len
kmlvzxfvvt.com,6740bca0-ec18-404e-af50-354e7368111b,random_alnum_fixed_len
uwztcvvyew.com,6740bca0-ec18-404e-af50-354e7368111b,random_alnum_fixed_len
zpyqlwmqej.com,6740bca0-ec18-404e-af50-354e7368111b,random_alnum_fixed_len
mqzilidlio.com,6740bca0-ec18-404e-af50-354e7368111b,random_alnum_fixed_len
stnwsukdio.com,6740bca0-ec18-404e-af50-354e7368111b,random_alnum_fixed_len
leooqwwrvl.com,6740bca0-ec18-404e-af50-354e7368111b,random_alnum_fixed_len
lqbhomiuru.com,6740bca0-ec18-404e-af50-354e7368111b,random_alnum_fixed_len
crpxknlemc.com,6740bca0-ec18-404e-af50-354e7368111b,random_alnum_fixed_len
kncrdsinvp.com,6740bca0-ec18-404e-af50-354e7368111b,random_alnum_fixed_len
rqwzpabwaw.com,6740bca0-ec18-404e-af50-354e7368111b,random_alnum_fixed_len
ustgnojwfm.com,6740bca0-ec18-404e-af50-354e7368111b,random_alnum_fixed_len
eywkptwjzg.com,6740bca0-ec18-404e-af50-354e7368111b,random_alnum_fixed_len
pyjpwsayvz.com,6740bca0-ec18-404e-af50-354e7368111b,random_alnum_fixed_len
oymfpuarad.com,6740bca0-ec18-404e-af50-354e7368111b,random_alnum_fixed_len
ooogqebptb.com,6740bca0-ec18-404e-af50-354e7368111b,random_alnum_fixed_len
xmssjsxxdi.com,6740bca0-ec18-404e-af50-354e7368111b,random_alnum_fixed_len
vxoyxxrcix.com,6740bca0-ec18-404e-af50-354e7368111b,random_alnum_fixed_len
dvjdtgbtyj.com,6740bca0-ec18-404e-af50-354e7368111b,random_alnum_fixed_len
uwwjhfalrc.com,6740bca0-ec18-404e-af50-354e7368111b,random_alnum_fixed_len
auywpnmucp.com,6740bca0-ec18-404e-af50-354e7368111b,random_alnum_fixed_len
wlfsozpzwd.com,6740bca0-ec18-404e-af50-354e7368111b,random_alnum_fixed_len
dgkxiogxzf.com,6740bca0-ec18-404e-af50-354e7368111b,random_alnum_fixed_len
xlqbgtburw.com,6740bca0-ec18-404e-af50-354e7368111b,random_alnum_fixed_len
zgtcnddjxc.com,6740bca0-ec18-404e-af50-354e7368111b,random_alnum_fixed_len
quijntijdy.com,6740bca0-ec18-404e-af50-354e7368111b,random_alnum_fixed_len
ohfvsctlgt.com,6740bca0-ec18-404e-af50-354e7368111b,random_alnum_fixed_len
hxvugsjemx.com,6740bca0-ec18-404e-af50-354e7368111b,random_alnum_fixed_len
qahktympzr.com,6740bca0-ec18-404e-af50-354e7368111b,random_alnum_fixed_len
gaptynoust.com,6740bca0-ec18-404e-af50-354e7368111b,random_alnum_fixed_len
foajolawfh.com,6740bca0-ec18-404e-af50-354e7368111b,random_alnum_fixed_len
uujepocntd.com,6740bca0-ec18-404e-af50-354e7368111b,random_alnum_fixed_len
cmclqqzkqs.com,6740bca0-ec18-404e-af50-354e7368111b,random_alnum_fixed_len
hakizvwcgc.com,6740bca0-ec18-404e-af50-354e7368111b,random_alnum_fixed_len
jwueogyksi.com,6740bca0-ec18-404e-af50-354e7368111b,random_alnum_fixed_len
bjydttfdef.com,6740bca0-ec18-404e-af50-354e7368111b,random_alnum_fixed_len
mvzeqqielu.com,6740bca0-ec18-404e-af50-354e7368111b,random_alnum_fixed_len
vowrvqnepl.com,6740bca0-ec18-404e-af50-354e7368111b,random_alnum_fixed_len
eutbktghyc.com,6740bca0-ec18-404e-af50-354e7368111b,random_alnum_fixed_len
hvnqllkhla.com,6740bca0-ec18-404e-af50-354e7368111b,random_alnum_fixed_len
hcnvexqvyg.com,6740bca0-ec18-404e-af50-354e7368111b,random_alnum_fixed_len
vnpwflluma.com,6740bca0-ec18-404e-af50-354e7368111b,random_alnum_fixed_len
ocghdhunhl.com,6740bca0-ec18-404e-af50-354e7368111b,random_alnum_fixed_len
udtgknjnhc.com,6740bca0-ec18-404e-af50-354e7368111b,random_alnum_fixed_len
wlmujvflri.com,6740bca0-ec18-404e-af50-354e7368111b,random_alnum_fixed_len
zqunzghokq.com,6740bca0-ec18-404e-af50-354e7368111b,random_alnum_fixed_len
sskiksauaj.com,6740bca0-ec18-404e-af50-354e7368111b,random_alnum_fixed_len
ckenytdojt.com,6740bca0-ec18-404e-af50-354e7368111b,random_alnum_fixed_len
oplipufmzt.com,6740bca0-ec18-404e-af50-354e7368111b,random_alnum_fixed_len
xlzlpnghjm.com,6740bca0-ec18-404e-af50-354e7368111b,random_alnum_fixed_len
evhefuveew.com,6740bca0-ec18-404e-af50-354e7368111b,random_alnum_fixed_len
wjwtgsjfjg.com,6740bca0-ec18-404e-af50-354e7368111b,random_alnum_fixed_len
gbecanzczz.com,6740bca0-ec18-404e-af50-354e7368111b,random_alnum_fixed_len
takvozawpi.com,6740bca0-ec18-404e-af50-354e7368111b,random_alnum_fixed_len
eqrggiycra.com,6740bca0-ec18-404e-af50-354e7368111b,random_alnum_fixed_len
gbcfpllmru.com,6740bca0-ec18-404e-af50-354e7368111b,random_alnum_fixed_len
yvpiiqyeim.com,6740bca0-ec18-404e-af50-354e7368111b,random_alnum_fixed_len
rqrtzbtbvd.com,6740bca0-ec18-404e-af50-354e7368111b,random_alnum_fixed_len
iprogtnofg.com,6740bca0-ec18-404e-af50-354e7368111b,random_alnum_fixed_len
rgnmlwjpiz.com,6740bca0-ec18-404e-af50-354e7368111b,random_alnum_fixed_len
zdwkcyutwt.com,6740bca0-ec18-404e-af50-354e7368111b,random_alnum_fixed_len
viwoitwmdf.com,6740bca0-ec18-404e-af50-354e7368111b,random_alnum_fixed_len
aispwwsblw.com,6740bca0-ec18-404e-af50-354e7368111b,random_alnum_fixed_len
orrucjexzt.com,6740bca0-ec18-404e-af50-354e7368111b,random_alnum_fixed_len
filppkijnx.com,6740bca0-ec18-404e-af50-354e7368111b,random_alnum_fixed_len
cqjotxdgry.com,6740bca0-ec18-404e-af50-354e7368111b,random_alnum_fixed_len
qyefltkvsz.com,6740bca0-ec18-404e-af50-354e7368111b,random_alnum_fixed_len
piitkoxeij.com,6740bca0-ec18-404e-af50-354e7368111b,random_alnum_fixed_len
sgowkknudb.com,6740bca0-ec18-404e-af50-354e7368111b,random_alnum_fixed_len
gipllwiqps.com,6740bca0-ec18-404e-af50-354e7368111b,random_alnum_fixed_len
psfahohcoo.com,6740bca0-ec18-404e-af50-354e7368111b,random_alnum_fixed_len
grbiiowotk.com,6740bca0-ec18-404e-af50-354e7368111b,random_alnum_fixed_len
jpkvvynxty.com,6740bca0-ec18-404e-af50-354e7368111b,random_alnum_fixed_len
gzwhdthsnb.com,6740bca0-ec18-404e-af50-354e7368111b,random_alnum_fixed_len
fsogejqdtj.com,6740bca0-ec18-404e-af50-354e7368111b,random_alnum_fixed_len
hlnrzwtnic.com,6740bca0-ec18-404e-af50-354e7368111b,random_alnum_fixed_len
xpbmsnqluf.com,6740bca0-ec18-404e-af50-354e7368111b,random_alnum_fixed_len
upryjgqktt.com,6740bca0-ec18-404e-af50-354e7368111b,random_alnum_fixed_len
hpirijmlnk.com,6740bca0-ec18-404e-af50-354e7368111b,random_alnum_fixed_len
wbyfjpzjhj.com,6740bca0-ec18-404e-af50-354e7368111b,random_alnum_fixed_len
movcuiiggt.com,6740bca0-ec18-404e-af50-354e7368111b,random_alnum_fixed_len
mmpgnwhxgt.com,6740bca0-ec18-404e-af50-354e7368111b,random_alnum_fixed_len
ctfhgpbzhm.com,6740bca0-ec18-404e-af50-354e7368111b,random_alnum_fixed_len
fvkjzhviue.com,6740bca0-ec18-404e-af50-354e7368111b,random_alnum_fixed_len
wadavnqupo.com,6740bca0-ec18-404e-af50-354e7368111b,random_alnum_fixed_len
tsmcwnpswt.com,6740bca0-ec18-404e-af50-354e7368111b,random_alnum_fixed_len
uebxdxtxyd.com,6740bca0-ec18-404e-af50-354e7368111b,random_alnum_fixed_len
qguvckktbs.com,6740bca0-ec18-404e-af50-354e7368111b,random_alnum_fixed_len
yiomyszoop.com,6740bca0-ec18-404e-af50-354e7368111b,random_alnum_fixed_len
otyollshsk.com,6740bca0-ec18-404e-af50-354e7368111b,random_alnum_fixed_len
zhwvdsnvxp.com,6740bca0-ec18-404e-af50-354e7368111b,random_alnum_fixed_len
kyddevxmhh.com,6740bca0-ec18-404e-af50-354e7368111b,random_alnum_fixed_len
bswxgsjjou.com,6740bca0-ec18-404e-af50-354e7368111b,random_alnum_fixed_len
ytdgchjhes.com,6740bca0-ec18-404e-af50-354e7368111b,random_alnum_fixed_len
ejfemuaxam.com,6740bca0-ec18-404e-af50-354e7368111b,random_alnum_fixed_len
sdryfyxorl.com,6740bca0-ec18-404e-af50-354e7368111b,random_alnum_fixed_len
lvibduhrxn.com,6740bca0-ec18-404e-af50-354e7368111b,random_alnum_fixed_len
npahhwtskr.com,6740bca0-ec18-404e-af50-354e7368111b,random_alnum_fixed_len
pmjxrpembw.com,6740bca0-ec18-404e-af50-354e7368111b,random_alnum_fixed_len
wlclzsfmbv.com,6740bca0-ec18-404e-af50-354e7368111b,random_alnum_fixed_len
unqubsrymz.com,6740bca0-ec18-404e-af50-354e7368111b,random_alnum_fixed_len
zakgfmmygj.com,6740bca0-ec18-404e-af50-354e7368111b,random_alnum_fixed_len
cyxmfrjrpt.com,6740bca0-ec18-404e-af50-354e7368111b,random_alnum_fixed_len
cyryfwjyhp.com,6740bca0-ec18-404e-af50-354e7368111b,random_alnum_fixed_len
jemflctjvx.com,6740bca0-ec18-404e-af50-354e7368111b,random_alnum_fixed_len
iwxnprmiii.com,6740bca0-ec18-404e-af50-354e7368111b,random_alnum_fixed_len
rwtfyywcag.com,6740bca0-ec18-404e-af50-354e7368111b,random_alnum_fixed_len
ratzqggcyu.com,6740bca0-ec18-404e-af50-354e7368111b,random_alnum_fixed_len
naqdblkawd.com,6740bca0-ec18-404e-af50-354e7368111b,random_alnum_fixed_len
zhathsbfoa.com,6740bca0-ec18-404e-af50-354e7368111b,random_alnum_fixed_len
annolsaipz.com,6740bca0-ec18-404e-af50-354e7368111b,random_alnum_fixed_len
wmwxoaqjnf.com,6740bca0-ec18-404e-af50-354e7368111b,random_alnum_fixed_len
croazifmpb.com,6740bca0-ec18-404e-af50-354e7368111b,random_alnum_fixed_len
dusrtemhha.com,6740bca0-ec18-404e-af50-354e7368111b,random_alnum_fixed_len
nhuwcilnjl.com,6740bca0-ec18-404e-af50-354e7368111b,random_alnum_fixed_len
fqvewalvww.com,6740bca0-ec18-404e-af50-354e7368111b,random_alnum_fixed_len
xjmitnlmsg.com,6740bca0-ec18-404e-af50-354e7368111b,random_alnum_fixed_len
yllmehawjk.com,6740bca0-ec18-404e-af50-354e7368111b,random_alnum_fixed_len
hwvoxydhof.com,6740bca0-ec18-404e-af50-354e7368111b,random_alnum_fixed_len
iysflbeyvp.com,6740bca0-ec18-404e-af50-354e7368111b,random_alnum_fixed_len
atpohiwezt.com,6740bca0-ec18-404e-af50-354e7368111b,random_alnum_fixed_len
hfvthhgjvk.com,6740bca0-ec18-404e-af50-354e7368111b,random_alnum_fixed_len
gzohpqbgod.com,6740bca0-ec18-404e-af50-354e7368111b,random_alnum_fixed_len
eljlcikorl.com,6740bca0-ec18-404e-af50-354e7368111b,random_alnum_fixed_len
hbrdfoeavk.com,6740bca0-ec18-404e-af50-354e7368111b,random_alnum_fixed_len
gtaxymmlnn.com,6740bca0-ec18-404e-af50-354e7368111b,random_alnum_fixed_len
ppfddpfeil.com,6740bca0-ec18-404e-af50-354e7368111b,random_alnum_fixed_len
qghpopfpnf.com,6740bca0-ec18-404e-af50-354e7368111b,random_alnum_fixed_len
niifutnpgq.com,6740bca0-ec18-404e-af50-354e7368111b,random_alnum_fixed_len
dzrehiyvvg.com,6740bca0-ec18-404e-af50-354e7368111b,random_alnum_fixed_len
pcdmxonbxa.com,6740bca0-ec18-404e-af50-354e7368111b,random_alnum_fixed_len
qrxmolfzxf.com,6740bca0-ec18-404e-af50-354e7368111b,random_alnum_fixed_len
djzogdwgkx.com,6740bca0-ec18-404e-af50-354e7368111b,random_alnum_fixed_len
ahxblnhshb.com,6740bca0-ec18-404e-af50-354e7368111b,random_alnum_fixed_len
aembxzlsvs.com,6740bca0-ec18-404e-af50-354e7368111b,random_alnum_fixed_len
kfrdchfbbh.com,6740bca0-ec18-404e-af50-354e7368111b,random_alnum_fixed_len
hofjyyaxyj.com,6740bca0-ec18-404e-af50-354e7368111b,random_alnum_fixed_len
lyaaxwbrff.com,6740bca0-ec18-404e-af50-354e7368111b,random_alnum_fixed_len
wwhwfrltel.com,6740bca0-ec18-404e-af50-354e7368111b,random_alnum_fixed_len
pmttzzczme.com,6740bca0-ec18-404e-af50-354e7368111b,random_alnum_fixed_len
ttcbbgzojd.com,6740bca0-ec18-404e-af50-354e7368111b,random_alnum_fixed_len
oznadjhfvl.com,6740bca0-ec18-404e-af50-354e7368111b,random_alnum_fixed_len
yvbkrtzbxl.com,6740bca0-ec18-404e-af50-354e7368111b,random_alnum_fixed_len
biqyvzaebz.com,6740bca0-ec18-404e-af50-354e7368111b,random_alnum_fixed_len
tyzvxbgwha.com,6740bca0-ec18-404e-af50-354e7368111b,random_alnum_fixed_len
oirjxelmmz.com,6740bca0-ec18-404e-af50-354e7368111b,random_alnum_fixed_len
mlcnnpgeiu.com,6740bca0-ec18-404e-af50-354e7368111b,random_alnum_fixed_len
vltgnoflys.com,6740bca0-ec18-404e-af50-354e7368111b,random_alnum_fixed_len
pkeiamjepm.com,6740bca0-ec18-404e-af50-354e7368111b,random_alnum_fixed_len
xryluqhbsp.com,6740bca0-ec18-404e-af50-354e7368111b,random_alnum_fixed_len
isqvybjatw.com,6740bca0-ec18-404e-af50-354e7368111b,random_alnum_fixed_len
angapamcrn.com,6740bca0-ec18-404e-af50-354e7368111b,random_alnum_fixed_len
xcjxlmysvp.com,6740bca0-ec18-404e-af50-354e7368111b,random_alnum_fixed_len
vhypvgzswf.com,6740bca0-ec18-404e-af50-354e7368111b,random_alnum_fixed_len
ejigsfumgc.com,6740bca0-ec18-404e-af50-354e7368111b,random_alnum_fixed_len
iaxlpjkjdv.com,6740bca0-ec18-404e-af50-354e7368111b,random_alnum_fixed_len
hwpvzlxexh.com,6740bca0-ec18-404e-af50-354e7368111b,random_alnum_fixed_len
vwoewyvjuy.com,6740bca0-ec18-404e-af50-354e7368111b,random_alnum_fixed_len
abjetyjdzc.com,6740bca0-ec18-404e-af50-354e7368111b,random_alnum_fixed_len
pzplvrlzvb.com,6740bca0-ec18-404e-af50-354e7368111b,random_alnum_fixed_len
uvnsabsnue.com,6740bca0-ec18-404e-af50-354e7368111b,random_alnum_fixed_len
kbinjylvor.com,6740bca0-ec18-404e-af50-354e7368111b,random_alnum_fixed_len
gftzoxxwcj.com,6740bca0-ec18-404e-af50-354e7368111b,random_alnum_fixed_len
ecbibuvahf.com,6740bca0-ec18-404e-af50-354e7368111b,random_alnum_fixed_len
zkexatjchw.com,6740bca0-ec18-404e-af50-354e7368111b,random_alnum_fixed_len
ivmonxcjae.com,6740bca0-ec18-404e-af50-354e7368111b,random_alnum_fixed_len
zaquaqfnue.com,6740bca0-ec18-404e-af50-354e7368111b,random_alnum_fixed_len
ovlzzwbgjv.com,6740bca0-ec18-404e-af50-354e7368111b,random_alnum_fixed_len
mzeqbejvak.com,6740bca0-ec18-404e-af50-354e7368111b,random_alnum_fixed_len
olybsqajma.com,6740bca0-ec18-404e-af50-354e7368111b,random_alnum_fixed_len
vtsffolkez.com,6740bca0-ec18-404e-af50-354e7368111b,random_alnum_fixed_len
bnfiskafqy.com,6740bca0-ec18-404e-af50-354e7368111b,random_alnum_fixed_len
ikppiaqsny.com,6740bca0-ec18-404e-af50-354e7368111b,random_alnum_fixed_len
nimqflolwi.com,6740bca0-ec18-404e-af50-354e7368111b,random_alnum_fixed_len
hnwttlbhsk.com,6740bca0-ec18-404e-af50-354e7368111b,random_alnum_fixed_len
fzwawwevxz.com,6740bca0-ec18-404e-af50-354e7368111b,random_alnum_fixed_len
jbjtuzikug.com,6740bca0-ec18-404e-af50-354e7368111b,random_alnum_fixed_len
tjukrexcnq.com,6740bca0-ec18-404e-af50-354e7368111b,random_alnum_fixed_len
qobrlbopgy.com,6740bca0-ec18-404e-af50-354e7368111b,random_alnum_fixed_len
bnfoqvmsai.com,6740bca0-ec18-404e-af50-354e7368111b,random_alnum_fixed_len
rvhtamegfx.com,6740bca0-ec18-404e-af50-354e7368111b,random_alnum_fixed_len
azzosetnxa.com,6740bca0-ec18-404e-af50-354e7368111b,random_alnum_fixed_len
iawleqsjhe.com,6740bca0-ec18-404e-af50-354e7368111b,random_alnum_fixed_len
aiiyyiqdgl.com,6740bca0-ec18-404e-af50-354e7368111b,random_alnum_fixed_len
drgdqvxuow.com,6740bca0-ec18-404e-af50-354e7368111b,random_alnum_fixed_len
giroaggevu.com,6740bca0-ec18-404e-af50-354e7368111b,random_alnum_fixed_len
zmnjkuupxy.com,6740bca0-ec18-404e-af50-354e7368111b,random_alnum_fixed_len
eyjsqziijb.com,6740bca0-ec18-404e-af50-354e7368111b,random_alnum_fixed_len
mwahwdncob.com,6740bca0-ec18-404e-af50-354e7368111b,random_alnum_fixed_len
ywbrekvsjj.com,6740bca0-ec18-404e-af50-354e7368111b,random_alnum_fixed_len
ttqpkdlmbm.com,6740bca0-ec18-404e-af50-354e7368111b,random_alnum_fixed_len
zhfnsmhahz.com,6740bca0-ec18-404e-af50-354e7368111b,random_alnum_fixed_len
wqnejrntpe.com,6740bca0-ec18-404e-af50-354e7368111b,random_alnum_fixed_len
xerpxkodhy.com,6740bca0-ec18-404e-af50-354e7368111b,random_alnum_fixed_len
hbecwiphcq.com,6740bca0-ec18-404e-af50-354e7368111b,random_alnum_fixed_len
mrxwoumqnn.com,6740bca0-ec18-404e-af50-354e7368111b,random_alnum_fixed_len
jhotrfnltu.com,6740bca0-ec18-404e-af50-354e7368111b,random_alnum_fixed_len
hylabrxldz.com,6740bca0-ec18-404e-af50-354e7368111b,random_alnum_fixed_len
axazefqmyj.com,6740bca0-ec18-404e-af50-354e7368111b,random_alnum_fixed_len
emploppgyf.com,6740bca0-ec18-404e-af50-354e7368111b,random_alnum_fixed_len
gmaydbrdty.com,6740bca0-ec18-404e-af50-354e7368111b,random_alnum_fixed_len
jlphkisbnl.com,6740bca0-ec18-404e-af50-354e7368111b,random_alnum_fixed_len
hdcprwvjhm.com,6740bca0-ec18-404e-af50-354e7368111b,random_alnum_fixed_len
bmlkdfassk.com,6740bca0-ec18-404e-af50-354e7368111b,random_alnum_fixed_len
mjzlyarmsm.com,6740bca0-ec18-404e-af50-354e7368111b,random_alnum_fixed_len
vspbvrpqbq.com,6740bca0-ec18-404e-af50-354e7368111b,random_alnum_fixed_len
mhaiaexucg.com,6740bca0-ec18-404e-af50-354e7368111b,random_alnum_fixed_len
pcymzauibx.com,6740bca0-ec18-404e-af50-354e7368111b,random_alnum_fixed_len
zbcvkrpcyv.com,6740bca0-ec18-404e-af50-354e7368111b,random_alnum_fixed_len
zrlbbxmmag.com,6740bca0-ec18-404e-af50-354e7368111b,random_alnum_fixed_len
hotwxuakjt.com,6740bca0-ec18-404e-af50-354e7368111b,random_alnum_fixed_len
fqnuxoojms.com,6740bca0-ec18-404e-af50-354e7368111b,random_alnum_fixed_len
lybvbmdhil.com,6740bca0-ec18-404e-af50-354e7368111b,random_alnum_fixed_len
pignyyazir.com,6740bca0-ec18-404e-af50-354e7368111b,random_alnum_fixed_len
vnliiyqilb.com,6740bca0-ec18-404e-af50-354e7368111b,random_alnum_fixed_len
rgiidhiuwr.com,6740bca0-ec18-404e-af50-354e7368111b,random_alnum_fixed_len
deepqbkbsm.com,6740bca0-ec18-404e-af50-354e7368111b,random_alnum_fixed_len
naafgsbwal.com,6740bca0-ec18-404e-af50-354e7368111b,random_alnum_fixed_len
kgnatriwhf.com,6740bca0-ec18-404e-af50-354e7368111b,random_alnum_fixed_len
szdifkmmjv.com,6740bca0-ec18-404e-af50-354e7368111b,random_alnum_fixed_len
kpxxfxkcst.com,6740bca0-ec18-404e-af50-354e7368111b,random_alnum_fixed_len
pkwbomacok.com,6740bca0-ec18-404e-af50-354e7368111b,random_alnum_fixed_len
vrklidlnmn.com,6740bca0-ec18-404e-af50-354e7368111b,random_alnum_fixed_len
lgdlurtbfz.com,6740bca0-ec18-404e-af50-354e7368111b,random_alnum_fixed_len
cdkqgxpgpr.com,6740bca0-ec18-404e-af50-354e7368111b,random_alnum_fixed_len
astwflakat.com,6740bca0-ec18-404e-af50-354e7368111b,random_alnum_fixed_len
rzedpcxfvm.com,6740bca0-ec18-404e-af50-354e7368111b,random_alnum_fixed_len
xjldzbklpl.com,6740bca0-ec18-404e-af50-354e7368111b,random_alnum_fixed_len
ikndxnazwk.com,6740bca0-ec18-404e-af50-354e7368111b,random_alnum_fixed_len
oadntntjyo.com,6740bca0-ec18-404e-af50-354e7368111b,random_alnum_fixed_len
ubpqlkcevb.com,6740bca0-ec18-404e-af50-354e7368111b,random_alnum_fixed_len
pnomlfozsb.com,6740bca0-ec18-404e-af50-354e7368111b,random_alnum_fixed_len
gbviujkmes.com,6740bca0-ec18-404e-af50-354e7368111b,random_alnum_fixed_len
dxacyytequ.com,6740bca0-ec18-404e-af50-354e7368111b,random_alnum_fixed_len
ujuqyjhahi.com,6740bca0-ec18-404e-af50-354e7368111b,random_alnum_fixed_len
widqqtkvso.com,6740bca0-ec18-404e-af50-354e7368111b,random_alnum_fixed_len
yqsfvqlegd.com,6740bca0-ec18-404e-af50-354e7368111b,random_alnum_fixed_len
ouegjjsiid.com,6740bca0-ec18-404e-af50-354e7368111b,random_alnum_fixed_len
ldelkpuvrp.com,6740bca0-ec18-404e-af50-354e7368111b,random_alnum_fixed_len
xyfxebfsna.com,6740bca0-ec18-404e-af50-354e7368111b,random_alnum_fixed_len
pemtrnqfxz.com,6740bca0-ec18-404e-af50-354e7368111b,random_alnum_fixed_len
anyzjpvjbx.com,6740bca0-ec18-404e-af50-354e7368111b,random_alnum_fixed_len
uwdvylqzdi.com,6740bca0-ec18-404e-af50-354e7368111b,random_alnum_fixed_len
qsbnxbclyo.com,6740bca0-ec18-404e-af50-354e7368111b,random_alnum_fixed_len
iegpmegbmo.com,6740bca0-ec18-404e-af50-354e7368111b,random_alnum_fixed_len
hethehdmho.com,6740bca0-ec18-404e-af50-354e7368111b,random_alnum_fixed_len
gldnlbkxww.com,6740bca0-ec18-404e-af50-354e7368111b,random_alnum_fixed_len
zlpdmoxsox.com,6740bca0-ec18-404e-af50-354e7368111b,random_alnum_fixed_len
xqxzjnlxbn.com,6740bca0-ec18-404e-af50-354e7368111b,random_alnum_fixed_len
qapfwgcldo.com,6740bca0-ec18-404e-af50-354e7368111b,random_alnum_fixed_len
tagnrobhqq.com,6740bca0-ec18-404e-af50-354e7368111b,random_alnum_fixed_len
pcngabxjdd.com,6740bca0-ec18-404e-af50-354e7368111b,random_alnum_fixed_len
uunittfotk.com,6740bca0-ec18-404e-af50-354e7368111b,random_alnum_fixed_len
mbhkixdokt.com,6740bca0-ec18-404e-af50-354e7368111b,random_alnum_fixed_len
evzqgsaxih.com,6740bca0-ec18-404e-af50-354e7368111b,random_alnum_fixed_len
zvuedrecha.com,6740bca0-ec18-404e-af50-354e7368111b,random_alnum_fixed_len
fqlkisicwh.com,6740bca0-ec18-404e-af50-354e7368111b,random_alnum_fixed_len
bxuphpbgus.com,6740bca0-ec18-404e-af50-354e7368111b,random_alnum_fixed_len
kjhdzzeurf.com,6740bca0-ec18-404e-af50-354e7368111b,random_alnum_fixed_len
lgjvsgimnz.com,6740bca0-ec18-404e-af50-354e7368111b,random_alnum_fixed_len
mbzbqzvboj.com,6740bca0-ec18-404e-af50-354e7368111b,random_alnum_fixed_len
dawapcgudv.com,6740bca0-ec18-404e-af50-354e7368111b,random_alnum_fixed_len
hfletegjxu.com,6740bca0-ec18-404e-af50-354e7368111b,random_alnum_fixed_len
fxwmaymust.com,6740bca0-ec18-404e-af50-354e7368111b,random_alnum_fixed_len
nkvusbvgeb.com,6740bca0-ec18-404e-af50-354e7368111b,random_alnum_fixed_len
qmndafeyva.com,6740bca0-ec18-404e-af50-354e7368111b,random_alnum_fixed_len
blrrqacycl.com,6740bca0-ec18-404e-af50-354e7368111b,random_alnum_fixed_len
gthsvyxhic.com,6740bca0-ec18-404e-af50-354e7368111b,random_alnum_fixed_len
antiiliunv.com,6740bca0-ec18-404e-af50-354e7368111b,random_alnum_fixed_len
rvfmdoyytc.com,6740bca0-ec18-404e-af50-354e7368111b,random_alnum_fixed_len
hrpmzkesvu.com,6740bca0-ec18-404e-af50-354e7368111b,random_alnum_fixed_len
lhptdijfhc.com,6740bca0-ec18-404e-af50-354e7368111b,random_alnum_fixed_len
glxvzcdvfl.com,6740bca0-ec18-404e-af50-354e7368111b,random_alnum_fixed_len
dwpohzizoy.com,6740bca0-ec18-404e-af50-354e7368111b,random_alnum_fixed_len
vkmouqryvi.com,6740bca0-ec18-404e-af50-354e7368111b,random_alnum_fixed_len
sdlfktuwkv.com,6740bca0-ec18-404e-af50-354e7368111b,random_alnum_fixed_len
ejvtadendu.com,6740bca0-ec18-404e-af50-354e7368111b,random_alnum_fixed_len
ucugsvkguy.com,6740bca0-ec18-404e-af50-354e7368111b,random_alnum_fixed_len
ffxsbyauqi.com,6740bca0-ec18-404e-af50-354e7368111b,random_alnum_fixed_len
hmtbrvznyd.com,6740bca0-ec18-404e-af50-354e7368111b,random_alnum_fixed_len
czshenzrnf.com,6740bca0-ec18-404e-af50-354e7368111b,random_alnum_fixed_len
ppcqmpsnmt.com,6740bca0-ec18-404e-af50-354e7368111b,random_alnum_fixed_len
tmuxfsboag.com,6740bca0-ec18-404e-af50-354e7368111b,random_alnum_fixed_len
ngwdjonkry.com,6740bca0-ec18-404e-af50-354e7368111b,random_alnum_fixed_len
rlimsifbhy.com,6740bca0-ec18-404e-af50-354e7368111b,random_alnum_fixed_len
opajexekvc.com,6740bca0-ec18-404e-af50-354e7368111b,random_alnum_fixed_len
vfbxfdgsns.com,6740bca0-ec18-404e-af50-354e7368111b,random_alnum_fixed_len
ohsmcaewne.com,6740bca0-ec18-404e-af50-354e7368111b,random_alnum_fixed_len
llhwxwryis.com,6740bca0-ec18-404e-af50-354e7368111b,random_alnum_fixed_len
rfvtdpksvn.com,6740bca0-ec18-404e-af50-354e7368111b,random_alnum_fixed_len
vnrsbgcpgf.com,6740bca0-ec18-404e-af50-354e7368111b,random_alnum_fixed_len
lyzptbwchc.com,6740bca0-ec18-404e-af50-354e7368111b,random_alnum_fixed_len
mgsnqgizfz.com,6740bca0-ec18-404e-af50-354e7368111b,random_alnum_fixed_len
axzepsbaam.com,6740bca0-ec18-404e-af50-354e7368111b,random_alnum_fixed_len
mzmldxjakz.com,6740bca0-ec18-404e-af50-354e7368111b,random_alnum_fixed_len
zigcxvukyh.com,6740bca0-ec18-404e-af50-354e7368111b,random_alnum_fixed_len
jvmifdqkfx.com,6740bca0-ec18-404e-af50-354e7368111b,random_alnum_fixed_len
douayrzkcx.com,6740bca0-ec18-404e-af50-354e7368111b,random_alnum_fixed_len
ujxkvvixco.com,6740bca0-ec18-404e-af50-354e7368111b,random_alnum_fixed_len
9g2rdi9uga.net,6a5243c6-2a6d-4b4a-81af-523f1c41d792,random_alnum_with_digits
sdzet1aoy1os5.net,6a5243c6-2a6d-4b4a-81af-523f1c41d792,random_alnum_with_digits
nqjn4pzzdd1iaqi.net,6a5243c6-2a6d-4b4a-81af-523f1c41d792,random_alnum_with_digits
trtfgigxpon3s.net,6a5243c6-2a6d-4b4a-81af-523f1c41d792,random_alnum_with_digits
4bs4dpqz9i2.net,6a5243c6-2a6d-4b4a-81af-523f1c41d792,random_alnum_with_digits
dtr49usd9ci.net,6a5243c6-2a6d-4b4a-81af-523f1c41d792,random_alnum_with_digits
qcwxt9fp5z.net,6a5243c6-2a6d-4b4a-81af-523f1c41d792,random_alnum_with_digits
mpq5d9vhhjlv.net,6a5243c6-2a6d-4b4a-81af-523f1c41d792,random_alnum_with_digits
m2hxuzluqlf.net,6a5243c6-2a6d-4b4a-81af-523f1c41d792,random_alnum_with_digits
2hkuuuak155.net,6a5243c6-2a6d-4b4a-81af-523f1c41d792,random_alnum_with_digits
famolzylfup2ns.net,6a5243c6-2a6d-4b4a-81af-523f1c41d792,random_alnum_with_digits
1cvw9x5eoyqihj.net,6a5243c6-2a6d-4b4a-81af-523f1c41d792,random_alnum_with_digits
hnksvrnwcbwdcx.net,6a5243c6-2a6d-4b4a-81af-523f1c41d792,random_alnum_with_digits
9usq5g1923og.net,6a5243c6-2a6d-4b4a-81af-523f1c41d792,random_alnum_with_digits
dzk1kyk4tr2yq9m.net,6a5243c6-2a6d-4b4a-81af-523f1c41d792,random_alnum_with_digits
cbexfur9owzc3o.net,6a5243c6-2a6d-4b4a-81af-523f1c41d792,random_alnum_with_digits
jhpf2ngo4jxk.net,6a5243c6-2a6d-4b4a-81af-523f1c41d792,random_alnum_with_digits
wieggowhcoumcij.net,6a5243c6-2a6d-4b4a-81af-523f1c41d792,random_alnum_with_digits
srrb2mnb5j9.net,6a5243c6-2a6d-4b4a-81af-523f1c41d792,random_alnum_with_digits
evznqpts1x9z.net,6a5243c6-2a6d-4b4a-81af-523f1c41d792,random_alnum_with_digits
letf4qwbykrxsb.net,6a5243c6-2a6d-4b4a-81af-523f1c41d792,random_alnum_with_digits
fhtw54hy2b.net,6a5243c6-2a6d-4b4a-81af-523f1c41d792,random_alnum_with_digits
euwmhljisgae.net,6a5243c6-2a6d-4b4a-81af-523f1c41d792,random_alnum_with_digits
kh3ntdgfxopbzl.net,6a5243c6-2a6d-4b4a-81af-523f1c41d792,random_alnum_with_digits
5rzhh9rprs.net,6a5243c6-2a6d-4b4a-81af-523f1c41d792,random_alnum_with_digits
xdjx2svzyheg1yr.net,6a5243c6-2a6d-4b4a-81af-523f1c41d792,random_alnum_with_digits
ionnu4se3ysj3.net,6a5243c6-2a6d-4b4a-81af-523f1c41d792,random_alnum_with_digits
xkf4af15miv.net,6a5243c6-2a6d-4b4a-81af-523f1c41d792,random_alnum_with_digits
zycjrx5ewu9py.net,6a5243c6-2a6d-4b4a-81af-523f1c41d792,random_alnum_with_digits
wua52p3lz9.net,6a5243c6-2a6d-4b4a-81af-523f1c41d792,random_alnum_with_digits
e3geivmtjj5xfb.net,6a5243c6-2a6d-4b4a-81af-523f1c41d792,random_alnum_with_digits
nywbes3fu4.net,6a5243c6-2a6d-4b4a-81af-523f1c41d792,random_alnum_with_digits
opmr355ylcho.net,6a5243c6-2a6d-4b4a-81af-523f1c41d792,random_alnum_with_digits
5lun4vrhlxzdffw.net,6a5243c6-2a6d-4b4a-81af-523f1c41d792,random_alnum_with_digits
w953o1jpzsuk.net,6a5243c6-2a6d-4b4a-81af-523f1c41d792,random_alnum_with_digits
vq2yt3tl5o19cz.net,6a5243c6-2a6d-4b4a-81af-523f1c41d792,random_alnum_with_digits
sylayx4b9r.net,6a5243c6-2a6d-4b4a-81af-523f1c41d792,random_alnum_with_digits
qy3dl4z2g4zw.net,6a5243c6-2a6d-4b4a-81af-523f1c41d792,random_alnum_with_digits
5fyyi9fcmfjgcxu.net,6a5243c6-2a6d-4b4a-81af-523f1c41d792,random_alnum_with_digits
zdh1iuc1kujgwt.net,6a5243c6-2a6d-4b4a-81af-523f1c41d792,random_alnum_with_digits
99afh4noahgehm.net,6a5243c6-2a6d-4b4a-81af-523f1c41d792,random_alnum_with_digits
gihj49w1tax.net,6a5243c6-2a6d-4b4a-81af-523f1c41d792,random_alnum_with_digits
zwn3nxx9pekjl5r.net,6a5243c6-2a6d-4b4a-81af-523f1c41d792,random_alnum_with_digits
oo2gexvl9fybxxn.net,6a5243c6-2a6d-4b4a-81af-523f1c41d792,random_alnum_with_digits
ecx9fg5b2bjuwa.net,6a5243c6-2a6d-4b4a-81af-523f1c41d792,random_alnum_with_digits
hp3i9i4rvdyfb.net,6a5243c6-2a6d-4b4a-81af-523f1c41d792,random_alnum_with_digits
dbeluswtx995z.net,6a5243c6-2a6d-4b4a-81af-523f1c41d792,random_alnum_with_digits
slzwoqov5s.net,6a5243c6-2a6d-4b4a-81af-523f1c41d792,random_alnum_with_digits
1qbtapok2n.net,6a5243c6-2a6d-4b4a-81af-523f1c41d792,random_alnum_with_digits
brtmevtw2jhc.net,6a5243c6-2a6d-4b4a-81af-523f1c41d792,random_alnum_with_digits
wzbnub5ls53eonf.net,6a5243c6-2a6d-4b4a-81af-523f1c41d792,random_alnum_with_digits
45mrysj4vrpwceb.net,6a5243c6-2a6d-4b4a-81af-523f1c41d792,random_alnum_with_digits
zdls2hbw44.net,6a5243c6-2a6d-4b4a-81af-523f1c41d792,random_alnum_with_digits
wricocukyl3fy.net,6a5243c6-2a6d-4b4a-81af-523f1c41d792,random_alnum_with_digits
rrd94ut1s93n.net,6a5243c6-2a6d-4b4a-81af-523f1c41d792,random_alnum_with_digits
t3iuj239ct.net,6a5243c6-2a6d-4b4a-81af-523f1c41d792,random_alnum_with_digits
13s2xeylre1ojtq.net,6a5243c6-2a6d-4b4a-81af-523f1c41d792,random_alnum_with_digits
x91t4o5qgcm3s.net,6a5243c6-2a6d-4b4a-81af-523f1c41d792,random_alnum_with_digits
vla3eoutupsorsl.net,6a5243c6-2a6d-4b4a-81af-523f1c41d792,random_alnum_with_digits
kum95badubh.net,6a5243c6-2a6d-4b4a-81af-523f1c41d792,random_alnum_with_digits
3sgcu4vhsoqc3.net,6a5243c6-2a6d-4b4a-81af-523f1c41d792,random_alnum_with_digits
cfu2xse3imrtq.net,6a5243c6-2a6d-4b4a-81af-523f1c41d792,random_alnum_with_digits
yu1h9pc1v3i.net,6a5243c6-2a6d-4b4a-81af-523f1c41d792,random_alnum_with_digits
b5j4v5rs1nhjddg.net,6a5243c6-2a6d-4b4a-81af-523f1c41d792,random_alnum_with_digits
yomc4wwhis2iaii.net,6a5243c6-2a6d-4b4a-81af-523f1c41d792,random_alnum_with_digits
jhzq92eiultz.net,6a5243c6-2a6d-4b4a-81af-523f1c41d792,random_alnum_with_digits
mi2jtkuznl.net,6a5243c6-2a6d-4b4a-81af-523f1c41d792,random_alnum_with_digits
swps5tlxxysdh.net,6a5243c6-2a6d-4b4a-81af-523f1c41d792,random_alnum_with_digits
zla4qohqqzf.net,6a5243c6-2a6d-4b4a-81af-523f1c41d792,random_alnum_with_digits
ttrf3znwegx.net,6a5243c6-2a6d-4b4a-81af-523f1c41d792,random_alnum_with_digits
pwdphnftdp.net,6a5243c6-2a6d-4b4a-81af-523f1c41d792,random_alnum_with_digits
ij5dnedvkgw.net,6a5243c6-2a6d-4b4a-81af-523f1c41d792,random_alnum_with_digits
thefn1d135.net,6a5243c6-2a6d-4b4a-81af-523f1c41d792,random_alnum_with_digits
xhoo55akg1vri.net,6a5243c6-2a6d-4b4a-81af-523f1c41d792,random_alnum_with_digits
ztmu99dts2f.net,6a5243c6-2a6d-4b4a-81af-523f1c41d792,random_alnum_with_digits
iou1nv1cmg.net,6a5243c6-2a6d-4b4a-81af-523f1c41d792,random_alnum_with_digits
di9zljornyq.net,6a5243c6-2a6d-4b4a-81af-523f1c41d792,random_alnum_with_digits
jkpxbs9z4yhg.net,6a5243c6-2a6d-4b4a-81af-523f1c41d792,random_alnum_with_digits
yvoonavex2qi.net,6a5243c6-2a6d-4b4a-81af-523f1c41d792,random_alnum_with_digits
doqtizg9hakls.net,6a5243c6-2a6d-4b4a-81af-523f1c41d792,random_alnum_with_digits
orx4xhdtsxgmr.net,6a5243c6-2a6d-4b4a-81af-523f1c41d792,random_alnum_with_digits
3jq99jtusmu1.net,6a5243c6-2a6d-4b4a-81af-523f1c41d792,random_alnum_with_digits
xcqf92axh3uova.net,6a5243c6-2a6d-4b4a-81af-523f1c41d792,random_alnum_with_digits
ndhhhcqknq.net,6a5243c6-2a6d-4b4a-81af-523f1c41d792,random_alnum_with_digits
qgoq44mdid14.net,6a5243c6-2a6d-4b4a-81af-523f1c41d792,random_alnum_with_digits
tyedqnvdvvx.net,6a5243c6-2a6d-4b4a-81af-523f1c41d792,random_alnum_with_digits
ivwrhimzfx9lhi.net,6a5243c6-2a6d-4b4a-81af-523f1c41d792,random_alnum_with_digits
zugslpxbn3tpc.net,6a5243c6-2a6d-4b4a-81af-523f1c41d792,random_alnum_with_digits
oelrkv5huzu3d2k.net,6a5243c6-2a6d-4b4a-81af-523f1c41d792,random_alnum_with_digits
1ljzgo9dj1saj.net,6a5243c6-2a6d-4b4a-81af-523f1c41d792,random_alnum_with_digits
l5hhgauflkwx.net,6a5243c6-2a6d-4b4a-81af-523f1c41d792,random_alnum_with_digits
gnqpk1bhw9cteo4.net,6a5243c6-2a6d-4b4a-81af-523f1c41d792,random_alnum_with_digits
hz44kkuvkdwmr4.net,6a5243c6-2a6d-4b4a-81af-523f1c41d792,random_alnum_with_digits
cifjrkeqchk.net,6a5243c6-2a6d-4b4a-81af-523f1c41d792,random_alnum_with_digits
25ynvqrcop.net,6a5243c6-2a6d-4b4a-81af-523f1c41d792,random_alnum_with_digits
wej4dfivby.net,6a5243c6-2a6d-4b4a-81af-523f1c41d792,random_alnum_with_digits
2mkkzlv1tz.net,6a5243c6-2a6d-4b4a-81af-523f1c41d792,random_alnum_with_digits
uoelgx1xdahkahs.net,6a5243c6-2a6d-4b4a-81af-523f1c41d792,random_alnum_with_digits
u59y3vabhgwjsk.net,6a5243c6-2a6d-4b4a-81af-523f1c41d792,random_alnum_with_digits
b2q2iaaidpck.net,6a5243c6-2a6d-4b4a-81af-523f1c41d792,random_alnum_with_digits
gqathiy52lrm4.net,6a5243c6-2a6d-4b4a-81af-523f1c41d792,random_alnum_with_digits
x5pnb39iaatbm.net,6a5243c6-2a6d-4b4a-81af-523f1c41d792,random_alnum_with_digits
5bcyrwoajmy43bz.net,6a5243c6-2a6d-4b4a-81af-523f1c41d792,random_alnum_with_digits
nmc3ri92rs.net,6a5243c6-2a6d-4b4a-81af-523f1c41d792,random_alnum_with_digits
wfrp9rsrszfhchf.net,6a5243c6-2a6d-4b4a-81af-523f1c41d792,random_alnum_with_digits
stltk2f5m12h3.net,6a5243c6-2a6d-4b4a-81af-523f1c41d792,random_alnum_with_digits
eg1e9ix2yzcptdd.net,6a5243c6-2a6d-4b4a-81af-523f1c41d792,random_alnum_with_digits
v99r3x4qyjqli.net,6a5243c6-2a6d-4b4a-81af-523f1c41d792,random_alnum_with_digits
vin1jcyisibd2s.net,6a5243c6-2a6d-4b4a-81af-523f1c41d792,random_alnum_with_digits
ab5agmblcybt.net,6a5243c6-2a6d-4b4a-81af-523f1c41d792,random_alnum_with_digits
5k5ckzciptvktlq.net,6a5243c6-2a6d-4b4a-81af-523f1c41d792,random_alnum_with_digits
mh55u3vml3.net,6a5243c6-2a6d-4b4a-81af-523f1c41d792,random_alnum_with_digits
vipj1wbbrkn.net,6a5243c6-2a6d-4b4a-81af-523f1c41d792,random_alnum_with_digits
31cxf4lvcln.net,6a5243c6-2a6d-4b4a-81af-523f1c41d792,random_alnum_with_digits
ypavthfosakwaa.net,6a5243c6-2a6d-4b4a-81af-523f1c41d792,random_alnum_with_digits
3hh3w49afd.net,6a5243c6-2a6d-4b4a-81af-523f1c41d792,random_alnum_with_digits
ummtlikwdqqb.net,6a5243c6-2a6d-4b4a-81af-523f1c41d792,random_alnum_with_digits
wed9npdoarcd5.net,6a5243c6-2a6d-4b4a-81af-523f1c41d792,random_alnum_with_digits
up1nslyasd49eg.net,6a5243c6-2a6d-4b4a-81af-523f1c41d792,random_alnum_with_digits
ycxplfsi9swxih.net,6a5243c6-2a6d-4b4a-81af-523f1c41d792,random_alnum_with_digits
w3v3oqs1kx.net,6a5243c6-2a6d-4b4a-81af-523f1c41d792,random_alnum_with_digits
q41yip3pufn3eh5.net,6a5243c6-2a6d-4b4a-81af-523f1c41d792,random_alnum_with_digits
bfqdug1ctqihph.net,6a5243c6-2a6d-4b4a-81af-523f1c41d792,random_alnum_with_digits
eryu3h2jmghz.net,6a5243c6-2a6d-4b4a-81af-523f1c41d792,random_alnum_with_digits
355mry2zur4.net,6a5243c6-2a6d-4b4a-81af-523f1c41d792,random_alnum_with_digits
qymrvpfa1x3qj.net,6a5243c6-2a6d-4b4a-81af-523f1c41d792,random_alnum_with_digits
bi9519fpu1h.net,6a5243c6-2a6d-4b4a-81af-523f1c41d792,random_alnum_with_digits
uajbjscy5yi.net,6a5243c6-2a6d-4b4a-81af-523f1c41d792,random_alnum_with_digits
efx4s4zir234vh.net,6a5243c6-2a6d-4b4a-81af-523f1c41d792,random_alnum_with_digits
neanla42bazzr.net,6a5243c6-2a6d-4b4a-81af-523f1c41d792,random_alnum_with_digits
c2cfyftw51244q.net,6a5243c6-2a6d-4b4a-81af-523f1c41d792,random_alnum_with_digits
i1okkgrei2fc.net,6a5243c6-2a6d-4b4a-81af-523f1c41d792,random_alnum_with_digits
ze2j1ufvgu9.net,6a5243c6-2a6d-4b4a-81af-523f1c41d792,random_alnum_with_digits
volqjavdn133.net,6a5243c6-2a6d-4b4a-81af-523f1c41d792,random_alnum_with_digits
jna9a9fjk3.net,6a5243c6-2a6d-4b4a-81af-523f1c41d792,random_alnum_with_digits
qu92n2rogzipb9i.net,6a5243c6-2a6d-4b4a-81af-523f1c41d792,random_alnum_with_digits
me1azgmkzeej.net,6a5243c6-2a6d-4b4a-81af-523f1c41d792,random_alnum_with_digits
9d9fhcxqn9inv.net,6a5243c6-2a6d-4b4a-81af-523f1c41d792,random_alnum_with_digits
vrx5sa9kbx1nhc.net,6a5243c6-2a6d-4b4a-81af-523f1c41d792,random_alnum_with_digits
fsezl4nj1efiv.net,6a5243c6-2a6d-4b4a-81af-523f1c41d792,random_alnum_with_digits
rxcieidzlj.net,6a5243c6-2a6d-4b4a-81af-523f1c41d792,random_alnum_with_digits
kshu9shsvv.net,6a5243c6-2a6d-4b4a-81af-523f1c41d792,random_alnum_with_digits
z3odu4btqz4d9r.net,6a5243c6-2a6d-4b4a-81af-523f1c41d792,random_alnum_with_digits
opkgbdwpj4mhp4.net,6a5243c6-2a6d-4b4a-81af-523f1c41d792,random_alnum_with_digits
hkhidg2jrj5bvkw.net,6a5243c6-2a6d-4b4a-81af-523f1c41d792,random_alnum_with_digits
oufq5xua1rzgvhx.net,6a5243c6-2a6d-4b4a-81af-523f1c41d792,random_alnum_with_digits
rsyo9pbeb2ss9.net,6a5243c6-2a6d-4b4a-81af-523f1c41d792,random_alnum_with_digits
q1jjfxlcxrot.net,6a5243c6-2a6d-4b4a-81af-523f1c41d792,random_alnum_with_digits
3wu1aawm2whxjy.net,6a5243c6-2a6d-4b4a-81af-523f1c41d792,random_alnum_with_digits
dffedeyqrrwrk.net,6a5243c6-2a6d-4b4a-81af-523f1c41d792,random_alnum_with_digits
hrfrky4df1dz593.net,6a5243c6-2a6d-4b4a-81af-523f1c41d792,random_alnum_with_digits
tayjrlwfjms.net,6a5243c6-2a6d-4b4a-81af-523f1c41d792,random_alnum_with_digits
ixhugasxdia4.net,6a5243c6-2a6d-4b4a-81af-523f1c41d792,random_alnum_with_digits
wyc59fzpb2csriz.net,6a5243c6-2a6d-4b4a-81af-523f1c41d792,random_alnum_with_digits
osgt9pmazpo.net,6a5243c6-2a6d-4b4a-81af-523f1c41d792,random_alnum_with_digits
obw4kpz9gbfo2ky.net,6a5243c6-2a6d-4b4a-81af-523f1c41d792,random_alnum_with_digits
fu9o3bcbevnfr.net,6a5243c6-2a6d-4b4a-81af-523f1c41d792,random_alnum_with_digits
uuu9pw1ul1d.net,6a5243c6-2a6d-4b4a-81af-523f1c41d792,random_alnum_with_digits
9jylos4zpzwa.net,6a5243c6-2a6d-4b4a-81af-523f1c41d792,random_alnum_with_digits
dnkq99dgxpy39cu.net,6a5243c6-2a6d-4b4a-81af-523f1c41d792,random_alnum_with_digits
xq31ejtedymoxvm.net,6a5243c6-2a6d-4b4a-81af-523f1c41d792,random_alnum_with_digits
ycfz5eolmkwgq.net,6a5243c6-2a6d-4b4a-81af-523f1c41d792,random_alnum_with_digits
ur14frf1n59y5g.net,6a5243c6-2a6d-4b4a-81af-523f1c41d792,random_alnum_with_digits
9ze5eou9rnp9q.net,6a5243c6-2a6d-4b4a-81af-523f1c41d792,random_alnum_with_digits
nnrzrvfyicpgs.net,6a5243c6-2a6d-4b4a-81af-523f1c41d792,random_alnum_with_digits
k2p4p4shqh1rmk.net,6a5243c6-2a6d-4b4a-81af-523f1c41d792,random_alnum_with_digits
5inn5supf4.net,6a5243c6-2a6d-4b4a-81af-523f1c41d792,random_alnum_with_digits
qiiowdmysdr.net,6a5243c6-2a6d-4b4a-81af-523f1c41d792,random_alnum_with_digits
urglx93nsxqlvi.net,6a5243c6-2a6d-4b4a-81af-523f1c41d792,random_alnum_with_digits
qc2hz2pgr1wrb.net,6a5243c6-2a6d-4b4a-81af-523f1c41d792,random_alnum_with_digits
mzcphyqc35fvlgk.net,6a5243c6-2a6d-4b4a-81af-523f1c41d792,random_alnum_with_digits
az4ecnttz5qa.net,6a5243c6-2a6d-4b4a-81af-523f1c41d792,random_alnum_with_digits
ibujn4xwtdtdq.net,6a5243c6-2a6d-4b4a-81af-523f1c41d792,random_alnum_with_digits
o3bfpypazyreasr.net,6a5243c6-2a6d-4b4a-81af-523f1c41d792,random_alnum_with_digits
t44rualqbuysrp.net,6a5243c6-2a6d-4b4a-81af-523f1c41d792,random_alnum_with_digits
n1m2fkjjpsqcca.net,6a5243c6-2a6d-4b4a-81af-523f1c41d792,random_alnum_with_digits
azmhtn1rht.net,6a5243c6-2a6d-4b4a-81af-523f1c41d792,random_alnum_with_digits
udqtbsuwzg99lww.net,6a5243c6-2a6d-4b4a-81af-523f1c41d792,random_alnum_with_digits
2kjhurpf511x3s2.net,6a5243c6-2a6d-4b4a-81af-523f1c41d792,random_alnum_with_digits
whdtosmrds.net,6a5243c6-2a6d-4b4a-81af-523f1c41d792,random_alnum_with_digits
42jkxmrd5lfhrpq.net,6a5243c6-2a6d-4b4a-81af-523f1c41d792,random_alnum_with_digits
59iiuxdsthwrlu.net,6a5243c6-2a6d-4b4a-81af-523f1c41d792,random_alnum_with_digits
m44dj4xrcuvz.net,6a5243c6-2a6d-4b4a-81af-523f1c41d792,random_alnum_with_digits
s9m59ysgqcgqlu4.net,6a5243c6-2a6d-4b4a-81af-523f1c41d792,random_alnum_with_digits
skbg9ne5r4gnfwb.net,6a5243c6-2a6d-4b4a-81af-523f1c41d792,random_alnum_with_digits
zbp2zgzjaj1ba4.net,6a5243c6-2a6d-4b4a-81af-523f1c41d792,random_alnum_with_digits
34ygsqp4w1dldq.net,6a5243c6-2a6d-4b4a-81af-523f1c41d792,random_alnum_with_digits
vojjrcuds5bbl1l.net,6a5243c6-2a6d-4b4a-81af-523f1c41d792,random_alnum_with_digits
goww1xp93h.net,6a5243c6-2a6d-4b4a-81af-523f1c41d792,random_alnum_with_digits
zpm9ganlyc.net,6a5243c6-2a6d-4b4a-81af-523f1c41d792,random_alnum_with_digits
2gr1yr3dqvdq.net,6a5243c6-2a6d-4b4a-81af-523f1c41d792,random_alnum_with_digits
mbddsey1xmwsqe.net,6a5243c6-2a6d-4b4a-81af-523f1c41d792,random_alnum_with_digits
3w3onfjtemtq.net,6a5243c6-2a6d-4b4a-81af-523f1c41d792,random_alnum_with_digits
lfrr59bpizr.net,6a5243c6-2a6d-4b4a-81af-523f1c41d792,random_alnum_with_digits
oi9nj5m4pcnis.net,6a5243c6-2a6d-4b4a-81af-523f1c41d792,random_alnum_with_digits
w9x4bcyugfrykvg.net,6a5243c6-2a6d-4b4a-81af-523f1c41d792,random_alnum_with_digits
9soi94k2j1yl91.net,6a5243c6-2a6d-4b4a-81af-523f1c41d792,random_alnum_with_digits
5z9u4f35zndahg.net,6a5243c6-2a6d-4b4a-81af-523f1c41d792,random_alnum_with_digits
mmgo5nw91s.net,6a5243c6-2a6d-4b4a-81af-523f1c41d792,random_alnum_with_digits
9sdporzu2r5y.net,6a5243c6-2a6d-4b4a-81af-523f1c41d792,random_alnum_with_digits
nav34pl55rs454.net,6a5243c6-2a6d-4b4a-81af-523f1c41d792,random_alnum_with_digits
ghtklqskx3.net,6a5243c6-2a6d-4b4a-81af-523f1c41d792,random_alnum_with_digits
3m4hxfdu1c.net,6a5243c6-2a6d-4b4a-81af-523f1c41d792,random_alnum_with_digits
o5pkots9m2.net,6a5243c6-2a6d-4b4a-81af-523f1c41d792,random_alnum_with_digits
gp1zextwxm.net,6a5243c6-2a6d-4b4a-81af-523f1c41d792,random_alnum_with_digits
qdi5hdr1tnurmf.net,6a5243c6-2a6d-4b4a-81af-523f1c41d792,random_alnum_with_digits
xkwat5fphbtyi.net,6a5243c6-2a6d-4b4a-81af-523f1c41d792,random_alnum_with_digits
pwjo25tuiw2s.net,6a5243c6-2a6d-4b4a-81af-523f1c41d792,random_alnum_with_digits
djtdvdjoquuyhlz.net,6a5243c6-2a6d-4b4a-81af-523f1c41d792,random_alnum_with_digits
9iirftnfrgkbpjh.net,6a5243c6-2a6d-4b4a-81af-523f1c41d792,random_alnum_with_digits
jajv1f1ytxw.net,6a5243c6-2a6d-4b4a-81af-523f1c41d792,random_alnum_with_digits
2kwgiomkzn.net,6a5243c6-2a6d-4b4a-81af-523f1c41d792,random_alnum_with_digits
2xaa2zsskkcv.net,6a5243c6-2a6d-4b4a-81af-523f1c41d792,random_alnum_with_digits
on24eorusqsm.net,6a5243c6-2a6d-4b4a-81af-523f1c41d792,random_alnum_with_digits
l4l9tsljjngbr.net,6a5243c6-2a6d-4b4a-81af-523f1c41d792,random_alnum_with_digits
n9rssrz2lh.net,6a5243c6-2a6d-4b4a-81af-523f1c41d792,random_alnum_with_digits
u1e5npmywxat1.net,6a5243c6-2a6d-4b4a-81af-523f1c41d792,random_alnum_with_digits
twvoobfawkwo.net,6a5243c6-2a6d-4b4a-81af-523f1c41d792,random_alnum_with_digits
43hgxcdhfjow.net,6a5243c6-2a6d-4b4a-81af-523f1c41d792,random_alnum_with_digits
1tgb9frda4.net,6a5243c6-2a6d-4b4a-81af-523f1c41d792,random_alnum_with_digits
qmfx2ptqks.net,6a5243c6-2a6d-4b4a-81af-523f1c41d792,random_alnum_with_digits
dfyzkxrs9xh9z.net,6a5243c6-2a6d-4b4a-81af-523f1c41d792,random_alnum_with_digits
dl4bjyzak3gor.net,6a5243c6-2a6d-4b4a-81af-523f1c41d792,random_alnum_with_digits
wiajcxgvlqmaef.net,6a5243c6-2a6d-4b4a-81af-523f1c41d792,random_alnum_with_digits
pkoreuxqwb.net,6a5243c6-2a6d-4b4a-81af-523f1c41d792,random_alnum_with_digits
m2ylqf21zy.net,6a5243c6-2a6d-4b4a-81af-523f1c41d792,random_alnum_with_digits
taxeui9c4gijy5.net,6a5243c6-2a6d-4b4a-81af-523f1c41d792,random_alnum_with_digits
ffq9ckzocxvg.net,6a5243c6-2a6d-4b4a-81af-523f1c41d792,random_alnum_with_digits
isnm4wxifutwgb.net,6a5243c6-2a6d-4b4a-81af-523f1c41d792,random_alnum_with_digits
29klpyeuaftag.net,6a5243c6-2a6d-4b4a-81af-523f1c41d792,random_alnum_with_digits
sburw9rqsru.net,6a5243c6-2a6d-4b4a-81af-523f1c41d792,random_alnum_with_digits
xshxz52u1vqvjvz.net,6a5243c6-2a6d-4b4a-81af-523f1c41d792,random_alnum_with_digits
uafbxkr1ti1t9z.net,6a5243c6-2a6d-4b4a-81af-523f1c41d792,random_alnum_with_digits
lieq23y3wfhv19.net,6a5243c6-2a6d-4b4a-81af-523f1c41d792,random_alnum_with_digits
q3rzcq2opnrnuq.net,6a5243c6-2a6d-4b4a-81af-523f1c41d792,random_alnum_with_digits
9a5imctxt92.net,6a5243c6-2a6d-4b4a-81af-523f1c41d792,random_alnum_with_digits
5wtz51sgluuhso.net,6a5243c6-2a6d-4b4a-81af-523f1c41d792,random_alnum_with_digits
3q33adsvvxa1jpl.net,6a5243c6-2a6d-4b4a-81af-523f1c41d792,random_alnum_with_digits
koerhxm5yu2dcw.net,6a5243c6-2a6d-4b4a-81af-523f1c41d792,random_alnum_with_digits
e1ea1ua4ve4xljo.net,6a5243c6-2a6d-4b4a-81af-523f1c41d792,random_alnum_with_digits
ud2n93vmsgs1r.net,6a5243c6-2a6d-4b4a-81af-523f1c41d792,random_alnum_with_digits
kinr2bfwbc3.net,6a5243c6-2a6d-4b4a-81af-523f1c41d792,random_alnum_with_digits
ekqnzrj259.net,6a5243c6-2a6d-4b4a-81af-523f1c41d792,random_alnum_with_digits
hazqocwn2s4wzf.net,6a5243c6-2a6d-4b4a-81af-523f1c41d792,random_alnum_with_digits
5fwm5vaoivhr.net,6a5243c6-2a6d-4b4a-81af-523f1c41d792,random_alnum_with_digits
d2w3dku4yg.net,6a5243c6-2a6d-4b4a-81af-523f1c41d792,random_alnum_with_digits
ly42pu9oxigqiw.net,6a5243c6-2a6d-4b4a-81af-523f1c41d792,random_alnum_with_digits
3czeivekojsqt.net,6a5243c6-2a6d-4b4a-81af-523f1c41d792,random_alnum_with_digits
zwb12i15dp2ron.net,6a5243c6-2a6d-4b4a-81af-523f1c41d792,random_alnum_with_digits
brrwd9uhyx.net,6a5243c6-2a6d-4b4a-81af-523f1c41d792,random_alnum_with_digits
mbgjyrq1yw2pe.net,6a5243c6-2a6d-4b4a-81af-523f1c41d792,random_alnum_with_digits
xnbg591fwxew.net,6a5243c6-2a6d-4b4a-81af-523f1c41d792,random_alnum_with_digits
ol9k5qr3rjl5t.net,6a5243c6-2a6d-4b4a-81af-523f1c41d792,random_alnum_with_digits
3fvgf9iadd9nf.net,6a5243c6-2a6d-4b4a-81af-523f1c41d792,random_alnum_with_digits
ljlljan3nujxole.net,6a5243c6-2a6d-4b4a-81af-523f1c41d792,random_alnum_with_digits
qtutojtjvogox3x.net,6a5243c6-2a6d-4b4a-81af-523f1c41d792,random_alnum_with_digits
aprqhp5o5bja.net,6a5243c6-2a6d-4b4a-81af-523f1c41d792,random_alnum_with_digits
iw3whs5seq.net,6a5243c6-2a6d-4b4a-81af-523f1c41d792,random_alnum_with_digits
crr4moh3ue.net,6a5243c6-2a6d-4b4a-81af-523f1c41d792,random_alnum_with_digits
vnkhjzyuxzpdqm.net,6a5243c6-2a6d-4b4a-81af-523f1c41d792,random_alnum_with_digits
1xdjxjsinr5b2he.net,6a5243c6-2a6d-4b4a-81af-523f1c41d792,random_alnum_with_digits
wsz9i5eg4x34.net,6a5243c6-2a6d-4b4a-81af-523f1c41d792,random_alnum_with_digits
qocfahv3eplo.net,6a5243c6-2a6d-4b4a-81af-523f1c41d792,random_alnum_with_digits
1kineu2wsfwrm5.net,6a5243c6-2a6d-4b4a-81af-523f1c41d792,random_alnum_with_digits
yep95k3ts4q9.net,6a5243c6-2a6d-4b4a-81af-523f1c41d792,random_alnum_with_digits
omwd5tews52.net,6a5243c6-2a6d-4b4a-81af-523f1c41d792,random_alnum_with_digits
db5hbfzzsu.net,6a5243c6-2a6d-4b4a-81af-523f1c41d792,random_alnum_with_digits
avmja9cckvle9n.net,6a5243c6-2a6d-4b4a-81af-523f1c41d792,random_alnum_with_digits
qhnyhuzifw.net,6a5243c6-2a6d-4b4a-81af-523f1c41d792,random_alnum_with_digits
45y2y2k2tr.net,6a5243c6-2a6d-4b4a-81af-523f1c41d792,random_alnum_with_digits
tvf9rgztcjo4act.net,6a5243c6-2a6d-4b4a-81af-523f1c41d792,random_alnum_with_digits
e4ky5f4dblwzvhj.net,6a5243c6-2a6d-4b4a-81af-523f1c41d792,random_alnum_with_digits
wdxm22zhmezs5j.net,6a5243c6-2a6d-4b4a-81af-523f1c41d792,random_alnum_with_digits
i3yjhfvdqjhtxpk.net,6a5243c6-2a6d-4b4a-81af-523f1c41d792,random_alnum_with_digits
swpnesr3g9r.net,6a5243c6-2a6d-4b4a-81af-523f1c41d792,random_alnum_with_digits
mclclkvfp2qa9.net,6a5243c6-2a6d-4b4a-81af-523f1c41d792,random_alnum_with_digits
gq1ecbrmry3.net,6a5243c6-2a6d-4b4a-81af-523f1c41d792,random_alnum_with_digits
yl24gx5ruaz.net,6a5243c6-2a6d-4b4a-81af-523f1c41d792,random_alnum_with_digits
9j3bouf4n3to.net,6a5243c6-2a6d-4b4a-81af-523f1c41d792,random_alnum_with_digits
dt1xgjlqjnjrs4u.net,6a5243c6-2a6d-4b4a-81af-523f1c41d792,random_alnum_with_digits
ac5vl3h9zkx.net,6a5243c6-2a6d-4b4a-81af-523f1c41d792,random_alnum_with_digits
gijjzpzsfs2.net,6a5243c6-2a6d-4b4a-81af-523f1c41d792,random_alnum_with_digits
koklluhfvn1utg.net,6a5243c6-2a6d-4b4a-81af-523f1c41d792,random_alnum_with_digits
bf15jzpvdp5.net,6a5243c6-2a6d-4b4a-81af-523f1c41d792,random_alnum_with_digits
kumjlokf1ik.net,6a5243c6-2a6d-4b4a-81af-523f1c41d792,random_alnum_with_digits
ihz5ue5ix55.net,6a5243c6-2a6d-4b4a-81af-523f1c41d792,random_alnum_with_digits
b2yki3zddhkn5i5.net,6a5243c6-2a6d-4b4a-81af-523f1c41d792,random_alnum_with_digits
oghg3hftq49v.net,6a5243c6-2a6d-4b4a-81af-523f1c41d792,random_alnum_with_digits
1el4na5fx9.net,6a5243c6-2a6d-4b4a-81af-523f1c41d792,random_alnum_with_digits
vmw1v22jxc.net,6a5243c6-2a6d-4b4a-81af-523f1c41d792,random_alnum_with_digits
d9mdclf942vctg.net,6a5243c6-2a6d-4b4a-81af-523f1c41d792,random_alnum_with_digits
rpk5cohln4h.net,6a5243c6-2a6d-4b4a-81af-523f1c41d792,random_alnum_with_digits
h5e3buflas.net,6a5243c6-2a6d-4b4a-81af-523f1c41d792,random_alnum_with_digits
t1ft12njjyqf5j.net,6a5243c6-2a6d-4b4a-81af-523f1c41d792,random_alnum_with_digits
hieztxkqc9j.net,6a5243c6-2a6d-4b4a-81af-523f1c41d792,random_alnum_with_digits
2usjlropan4.net,6a5243c6-2a6d-4b4a-81af-523f1c41d792,random_alnum_with_digits
xb34wbjkvbfa9b.net,6a5243c6-2a6d-4b4a-81af-523f1c41d792,random_alnum_with_digits
un4na35itvv.net,6a5243c6-2a6d-4b4a-81af-523f1c41d792,random_alnum_with_digits
vse1nql95ab.net,6a5243c6-2a6d-4b4a-81af-523f1c41d792,random_alnum_with_digits
o5jpeanx1tbepu.net,6a5243c6-2a6d-4b4a-81af-523f1c41d792,random_alnum_with_digits
tvn3dgdlqltvuut.net,6a5243c6-2a6d-4b4a-81af-523f1c41d792,random_alnum_with_digits
gf1p1qdaffp.net,6a5243c6-2a6d-4b4a-81af-523f1c41d792,random_alnum_with_digits
2ykd3o3tzt2hhw.net,6a5243c6-2a6d-4b4a-81af-523f1c41d792,random_alnum_with_digits
4nbbn1plfdh.net,6a5243c6-2a6d-4b4a-81af-523f1c41d792,random_alnum_with_digits
ip5tck21aefjnfp.net,6a5243c6-2a6d-4b4a-81af-523f1c41d792,random_alnum_with_digits
tgc1wlitwbk.net,6a5243c6-2a6d-4b4a-81af-523f1c41d792,random_alnum_with_digits
cfi4clsgu5mf.net,6a5243c6-2a6d-4b4a-81af-523f1c41d792,random_alnum_with_digits
pgikurdccqe.net,6a5243c6-2a6d-4b4a-81af-523f1c41d792,random_alnum_with_digits
qcobhb32k9sc.net,6a5243c6-2a6d-4b4a-81af-523f1c41d792,random_alnum_with_digits
4eru3p5fxttiqq.net,6a5243c6-2a6d-4b4a-81af-523f1c41d792,random_alnum_with_digits
gxxv42ycndrj1xl.net,6a5243c6-2a6d-4b4a-81af-523f1c41d792,random_alnum_with_digits
1otbl3ajgeidt1g.net,6a5243c6-2a6d-4b4a-81af-523f1c41d792,random_alnum_with_digits
kkgtqlvr2s.net,6a5243c6-2a6d-4b4a-81af-523f1c41d792,random_alnum_with_digits
je14vqjmr1v.net,6a5243c6-2a6d-4b4a-81af-523f1c41d792,random_alnum_with_digits
aajwrsbi1wet.net,6a5243c6-2a6d-4b4a-81af-523f1c41d792,random_alnum_with_digits
vbliw22kgwqjxhd.net,6a5243c6-2a6d-4b4a-81af-523f1c41d792,random_alnum_with_digits
v4j59w4z99lep.net,6a5243c6-2a6d-4b4a-81af-523f1c41d792,random_alnum_with_digits
ykbow3qaoc94bn.net,6a5243c6-2a6d-4b4a-81af-523f1c41d792,random_alnum_with_digits
ffm9zwecz5xi.net,6a5243c6-2a6d-4b4a-81af-523f1c41d792,random_alnum_with_digits
no2wbb9ml2kartg.net,6a5243c6-2a6d-4b4a-81af-523f1c41d792,random_alnum_with_digits
evv4vzcinvym.net,6a5243c6-2a6d-4b4a-81af-523f1c41d792,random_alnum_with_digits
a5jj2cihrma.net,6a5243c6-2a6d-4b4a-81af-523f1c41d792,random_alnum_with_digits
5rstozwjjmd.net,6a5243c6-2a6d-4b4a-81af-523f1c41d792,random_alnum_with_digits
vq5wwviiuyzak.net,6a5243c6-2a6d-4b4a-81af-523f1c41d792,random_alnum_with_digits
mym4y4bzqywf9.net,6a5243c6-2a6d-4b4a-81af-523f1c41d792,random_alnum_with_digits
ozwyboufymbn.net,6a5243c6-2a6d-4b4a-81af-523f1c41d792,random_alnum_with_digits
4pub29cs154akn.net,6a5243c6-2a6d-4b4a-81af-523f1c41d792,random_alnum_with_digits
o3vtn1ehpq5wrff.net,6a5243c6-2a6d-4b4a-81af-523f1c41d792,random_alnum_with_digits
x5skehr5eu1fh.net,6a5243c6-2a6d-4b4a-81af-523f1c41d792,random_alnum_with_digits
huruvyb9cr.net,6a5243c6-2a6d-4b4a-81af-523f1c41d792,random_alnum_with_digits
i42el3cl4e.net,6a5243c6-2a6d-4b4a-81af-523f1c41d792,random_alnum_with_digits
2fjhxio3dmac4n2.net,6a5243c6-2a6d-4b4a-81af-523f1c41d792,random_alnum_with_digits
lnv9fw2wfey.net,6a5243c6-2a6d-4b4a-81af-523f1c41d792,random_alnum_with_digits
wpmp59pfmiwyik.net,6a5243c6-2a6d-4b4a-81af-523f1c41d792,random_alnum_with_digits
wmtspgl9bc.net,6a5243c6-2a6d-4b4a-81af-523f1c41d792,random_alnum_with_digits
smuaydpgxz4rz.net,6a5243c6-2a6d-4b4a-81af-523f1c41d792,random_alnum_with_digits
ihll39ewdff3d.net,6a5243c6-2a6d-4b4a-81af-523f1c41d792,random_alnum_with_digits
qxcvshgja5kf.net,6a5243c6-2a6d-4b4a-81af-523f1c41d792,random_alnum_with_digits
efymj53ptelfe.net,6a5243c6-2a6d-4b4a-81af-523f1c41d792,random_alnum_with_digits
fglo5yqccd15.net,6a5243c6-2a6d-4b4a-81af-523f1c41d792,random_alnum_with_digits
bild3ox5mgjda.net,6a5243c6-2a6d-4b4a-81af-523f1c41d792,random_alnum_with_digits
vtpb3nnwfd9cdf.net,6a5243c6-2a6d-4b4a-81af-523f1c41d792,random_alnum_with_digits
wytvx4saf2g.net,6a5243c6-2a6d-4b4a-81af-523f1c41d792,random_alnum_with_digits
tfusut4sqhw.net,6a5243c6-2a6d-4b4a-81af-523f1c41d792,random_alnum_with_digits
au14oqmvidebb.net,6a5243c6-2a6d-4b4a-81af-523f1c41d792,random_alnum_with_digits
y9xsthguozmy4jg.net,6a5243c6-2a6d-4b4a-81af-523f1c41d792,random_alnum_with_digits
o9vjmaxsiw2m1.net,6a5243c6-2a6d-4b4a-81af-523f1c41d792,random_alnum_with_digits
vzbxcjsrpdmrxnb.net,6a5243c6-2a6d-4b4a-81af-523f1c41d792,random_alnum_with_digits
ug4ai43qz2obvi.net,6a5243c6-2a6d-4b4a-81af-523f1c41d792,random_alnum_with_digits
u922nvu5lizs.net,6a5243c6-2a6d-4b4a-81af-523f1c41d792,random_alnum_with_digits
2mmbtjsfysw4.net,6a5243c6-2a6d-4b4a-81af-523f1c41d792,random_alnum_with_digits
1k9rkjgor92y.net,6a5243c6-2a6d-4b4a-81af-523f1c41d792,random_alnum_with_digits
mfojpqif4ttqgln.net,6a5243c6-2a6d-4b4a-81af-523f1c41d792,random_alnum_with_digits
1sdtumi39nf.net,6a5243c6-2a6d-4b4a-81af-523f1c41d792,random_alnum_with_digits
f4tgv5fm5b.net,6a5243c6-2a6d-4b4a-81af-523f1c41d792,random_alnum_with_digits
jajqisekfxzc5.net,6a5243c6-2a6d-4b4a-81af-523f1c41d792,random_alnum_with_digits
1kiu94skasu.net,6a5243c6-2a6d-4b4a-81af-523f1c41d792,random_alnum_with_digits
xfrfj5jwc2ej4l.net,6a5243c6-2a6d-4b4a-81af-523f1c41d792,random_alnum_with_digits
txqvvou3f2.net,6a5243c6-2a6d-4b4a-81af-523f1c41d792,random_alnum_with_digits
223jsoxeoku.net,6a5243c6-2a6d-4b4a-81af-523f1c41d792,random_alnum_with_digits
5gr11epecwvx.net,6a5243c6-2a6d-4b4a-81af-523f1c41d792,random_alnum_with_digits
sn1shduw9s.net,6a5243c6-2a6d-4b4a-81af-523f1c41d792,random_alnum_with_digits
kgddrmebf1pum.net,6a5243c6-2a6d-4b4a-81af-523f1c41d792,random_alnum_with_digits
yj5pspy9luabs.net,6a5243c6-2a6d-4b4a-81af-523f1c41d792,random_alnum_with_digits
a54stij2wy4jvud.net,6a5243c6-2a6d-4b4a-81af-523f1c41d792,random_alnum_with_digits
21tconm2pyrv.net,6a5243c6-2a6d-4b4a-81af-523f1c41d792,random_alnum_with_digits
orvfkomuhsz5kv.net,6a5243c6-2a6d-4b4a-81af-523f1c41d792,random_alnum_with_digits
29rr9khauuz.net,6a5243c6-2a6d-4b4a-81af-523f1c41d792,random_alnum_with_digits
pjn5brybhmif.net,6a5243c6-2a6d-4b4a-81af-523f1c41d792,random_alnum_with_digits
li2hgsemfwfnq.net,6a5243c6-2a6d-4b4a-81af-523f1c41d792,random_alnum_with_digits
xcuvq2qjzseeejp.net,6a5243c6-2a6d-4b4a-81af-523f1c41d792,random_alnum_with_digits
vr9x95jl3yn.net,6a5243c6-2a6d-4b4a-81af-523f1c41d792,random_alnum_with_digits
wsj5lm4gic.net,6a5243c6-2a6d-4b4a-81af-523f1c41d792,random_alnum_with_digits
dma3en5ypq5gjri.net,6a5243c6-2a6d-4b4a-81af-523f1c41d792,random_alnum_with_digits
ruetvobrechef.net,6a5243c6-2a6d-4b4a-81af-523f1c41d792,random_alnum_with_digits
ymjlq23i3h.net,6a5243c6-2a6d-4b4a-81af-523f1c41d792,random_alnum_with_digits
a3vebns1v9.net,6a5243c6-2a6d-4b4a-81af-523f1c41d792,random_alnum_with_digits
s2ha1bzocoof.net,6a5243c6-2a6d-4b4a-81af-523f1c41d792,random_alnum_with_digits
jknpjbhtko2cxf.net,6a5243c6-2a6d-4b4a-81af-523f1c41d792,random_alnum_with_digits
4uyopsqr9kqz.net,6a5243c6-2a6d-4b4a-81af-523f1c41d792,random_alnum_with_digits
jv44bw5jwaz.net,6a5243c6-2a6d-4b4a-81af-523f1c41d792,random_alnum_with_digits
jgtsuox2kdjxl1.net,6a5243c6-2a6d-4b4a-81af-523f1c41d792,random_alnum_with_digits
pyzh3bczuiv.net,6a5243c6-2a6d-4b4a-81af-523f1c41d792,random_alnum_with_digits
1gniy3ozs59rel.net,6a5243c6-2a6d-4b4a-81af-523f1c41d792,random_alnum_with_digits
j14jjwbetamdp.net,6a5243c6-2a6d-4b4a-81af-523f1c41d792,random_alnum_with_digits
dtv9mzj32sa92t.net,6a5243c6-2a6d-4b4a-81af-523f1c41d792,random_alnum_with_digits
5eo2tpkcoy1ynh5.net,6a5243c6-2a6d-4b4a-81af-523f1c41d792,random_alnum_with_digits
yhw2if99hkcwr5b.net,6a5243c6-2a6d-4b4a-81af-523f1c41d792,random_alnum_with_digits
ttzq1unof2ppx.net,6a5243c6-2a6d-4b4a-81af-523f1c41d792,random_alnum_with_digits
eilz21ypnkm.net,6a5243c6-2a6d-4b4a-81af-523f1c41d792,random_alnum_with_digits
zqvs2hd5htu1b.net,6a5243c6-2a6d-4b4a-81af-523f1c41d792,random_alnum_with_digits
ex259ktetg4uam.net,6a5243c6-2a6d-4b4a-81af-523f1c41d792,random_alnum_with_digits
s22k29w2wf2rhm.net,6a5243c6-2a6d-4b4a-81af-523f1c41d792,random_alnum_with_digits
5fpz1ropu2.net,6a5243c6-2a6d-4b4a-81af-523f1c41d792,random_alnum_with_digits
4jbqqy23v3lqys.net,6a5243c6-2a6d-4b4a-81af-523f1c41d792,random_alnum_with_digits
ycyc2lgicory5il.net,6a5243c6-2a6d-4b4a-81af-523f1c41d792,random_alnum_with_digits
hba15vzk4fhf2bo.net,6a5243c6-2a6d-4b4a-81af-523f1c41d792,random_alnum_with_digits
jneywc5ueqoryq.net,6a5243c6-2a6d-4b4a-81af-523f1c41d792,random_alnum_with_digits
4fb3wey9qh.net,6a5243c6-2a6d-4b4a-81af-523f1c41d792,random_alnum_with_digits
c4l5ez123y.net,6a5243c6-2a6d-4b4a-81af-523f1c41d792,random_alnum_with_digits
5j5kpeekqldtr.net,6a5243c6-2a6d-4b4a-81af-523f1c41d792,random_alnum_with_digits
u24d9upjsf3iw.net,6a5243c6-2a6d-4b4a-81af-523f1c41d792,random_alnum_with_digits
rqomnpzoaiv2m.net,6a5243c6-2a6d-4b4a-81af-523f1c41d792,random_alnum_with_digits
yqky319ljjepas.net,6a5243c6-2a6d-4b4a-81af-523f1c41d792,random_alnum_with_digits
fg9pbnv9vet.net,6a5243c6-2a6d-4b4a-81af-523f1c41d792,random_alnum_with_digits
syngilk3mofb3.net,6a5243c6-2a6d-4b4a-81af-523f1c41d792,random_alnum_with_digits
5ptkrfkno3gv4.net,6a5243c6-2a6d-4b4a-81af-523f1c41d792,random_alnum_with_digits
1bym2jhs55.net,6a5243c6-2a6d-4b4a-81af-523f1c41d792,random_alnum_with_digits
ioxeg2grqwtu9.net,6a5243c6-2a6d-4b4a-81af-523f1c41d792,random_alnum_with_digits
2u15qqvrdtfx5i.net,6a5243c6-2a6d-4b4a-81af-523f1c41d792,random_alnum_with_digits
zp1zn5fwdbctp4.net,6a5243c6-2a6d-4b4a-81af-523f1c41d792,random_alnum_with_digits
fwk5zmjsvf.net,6a5243c6-2a6d-4b4a-81af-523f1c41d792,random_alnum_with_digits
hbedpmb4uq3xq.net,6a5243c6-2a6d-4b4a-81af-523f1c41d792,random_alnum_with_digits
ntxa4smgs2vxrs.net,6a5243c6-2a6d-4b4a-81af-523f1c41d792,random_alnum_with_digits
my4fimlt2gbiev4.net,6a5243c6-2a6d-4b4a-81af-523f1c41d792,random_alnum_with_digits
xltwcum2pwybwv.net,6a5243c6-2a6d-4b4a-81af-523f1c41d792,random_alnum_with_digits
dbngf4zxxtjrw.net,6a5243c6-2a6d-4b4a-81af-523f1c41d792,random_alnum_with_digits
n9rfivcjnktry.net,6a5243c6-2a6d-4b4a-81af-523f1c41d792,random_alnum_with_digits
imifcmmh9m.net,6a5243c6-2a6d-4b4a-81af-523f1c41d792,random_alnum_with_digits
t4g3f34alfe.net,6a5243c6-2a6d-4b4a-81af-523f1c41d792,random_alnum_with_digits
hwgkkwhzolurux.net,6a5243c6-2a6d-4b4a-81af-523f1c41d792,random_alnum_with_digits
cmevnhrt4zn.net,6a5243c6-2a6d-4b4a-81af-523f1c41d792,random_alnum_with_digits
kvpp4vvxdulsd.net,6a5243c6-2a6d-4b4a-81af-523f1c41d792,random_alnum_with_digits
k5uce5xhimlizkf.net,6a5243c6-2a6d-4b4a-81af-523f1c41d792,random_alnum_with_digits
uh5gkdc34gcgg.net,6a5243c6-2a6d-4b4a-81af-523f1c41d792,random_alnum_with_digits
g1vxxfv9ej2q5.net,6a5243c6-2a6d-4b4a-81af-523f1c41d792,random_alnum_with_digits
vuyjqtxq55ryqnl.net,6a5243c6-2a6d-4b4a-81af-523f1c41d792,random_alnum_with_digits
rzp3jjjzldo.net,6a5243c6-2a6d-4b4a-81af-523f1c41d792,random_alnum_with_digits
1b3cpfivqkcabh.net,6a5243c6-2a6d-4b4a-81af-523f1c41d792,random_alnum_with_digits
krgrshnlohshynx.net,6a5243c6-2a6d-4b4a-81af-523f1c41d792,random_alnum_with_digits
kwpgxghf5ott.net,6a5243c6-2a6d-4b4a-81af-523f1c41d792,random_alnum_with_digits
vu5k9q4cmxuu.net,6a5243c6-2a6d-4b4a-81af-523f1c41d792,random_alnum_with_digits
ju9dz1uswn.net,6a5243c6-2a6d-4b4a-81af-523f1c41d792,random_alnum_with_digits
9iy4pkzkqecl2.net,6a5243c6-2a6d-4b4a-81af-523f1c41d792,random_alnum_with_digits
mtfbucp5u2.net,6a5243c6-2a6d-4b4a-81af-523f1c41d792,random_alnum_with_digits
gj5zpupbjbo.net,6a5243c6-2a6d-4b4a-81af-523f1c41d792,random_alnum_with_digits
e1l3ukbtmlekivz.net,6a5243c6-2a6d-4b4a-81af-523f1c41d792,random_alnum_with_digits
pls3gnnyt3fm.net,6a5243c6-2a6d-4b4a-81af-523f1c41d792,random_alnum_with_digits
4f244wkfussgty.net,6a5243c6-2a6d-4b4a-81af-523f1c41d792,random_alnum_with_digits
d9vpw4favieu.net,6a5243c6-2a6d-4b4a-81af-523f1c41d792,random_alnum_with_digits
2tszbh29lpa.net,6a5243c6-2a6d-4b4a-81af-523f1c41d792,random_alnum_with_digits
vqt2ypfhhj9eff.net,6a5243c6-2a6d-4b4a-81af-523f1c41d792,random_alnum_with_digits
zhf3qtxn4grsjz.net,6a5243c6-2a6d-4b4a-81af-523f1c41d792,random_alnum_with_digits
4ldaxlegqdnxbr4.net,6a5243c6-2a6d-4b4a-81af-523f1c41d792,random_alnum_with_digits
a5b9o5fjh4xgzj.net,6a5243c6-2a6d-4b4a-81af-523f1c41d792,random_alnum_with_digits
k4ib2gybs5x31q.net,6a5243c6-2a6d-4b4a-81af-523f1c41d792,random_alnum_with_digits
3denooujdly.net,6a5243c6-2a6d-4b4a-81af-523f1c41d792,random_alnum_with_digits
3ckjczhefgxh.net,6a5243c6-2a6d-4b4a-81af-523f1c41d792,random_alnum_with_digits
2cuukollfwjbk.net,6a5243c6-2a6d-4b4a-81af-523f1c41d792,random_alnum_with_digits
z2zcfccff2.net,6a5243c6-2a6d-4b4a-81af-523f1c41d792,random_alnum_with_digits
lqnwsikfdyex3q.net,6a5243c6-2a6d-4b4a-81af-523f1c41d792,random_alnum_with_digits
utnc5xlinx2almo.net,6a5243c6-2a6d-4b4a-81af-523f1c41d792,random_alnum_with_digits
ijmspnljd1vvw.net,6a5243c6-2a6d-4b4a-81af-523f1c41d792,random_alnum_with_digits
grd3d2etpyqotq.net,6a5243c6-2a6d-4b4a-81af-523f1c41d792,random_alnum_with_digits
rdos1by22u9m.net,6a5243c6-2a6d-4b4a-81af-523f1c41d792,random_alnum_with_digits
9ckeaxuwi5b.net,6a5243c6-2a6d-4b4a-81af-523f1c41d792,random_alnum_with_digits
casagf2dtrxiw.net,6a5243c6-2a6d-4b4a-81af-523f1c41d792,random_alnum_with_digits
i9wcyuat29.net,6a5243c6-2a6d-4b4a-81af-523f1c41d792,random_alnum_with_digits
e4ddg4qx4ogyzls.net,6a5243c6-2a6d-4b4a-81af-523f1c41d792,random_alnum_with_digits
bld3qbyybxkd3.net,6a5243c6-2a6d-4b4a-81af-523f1c41d792,random_alnum_with_digits
bujzsyb3lqxxu.net,6a5243c6-2a6d-4b4a-81af-523f1c41d792,random_alnum_with_digits
dfyrveqn15seo.net,6a5243c6-2a6d-4b4a-81af-523f1c41d792,random_alnum_with_digits
dgvz4233n9wr.net,6a5243c6-2a6d-4b4a-81af-523f1c41d792,random_alnum_with_digits
zij2ke2wnjw.net,6a5243c6-2a6d-4b4a-81af-523f1c41d792,random_alnum_with_digits
qgfzqpzthmah.net,6a5243c6-2a6d-4b4a-81af-523f1c41d792,random_alnum_with_digits
9emla9jwltz.net,6a5243c6-2a6d-4b4a-81af-523f1c41d792,random_alnum_with_digits
qq3vcz4y3a3c.net,6a5243c6-2a6d-4b4a-81af-523f1c41d792,random_alnum_with_digits
nvvjubdajd9mx.net,6a5243c6-2a6d-4b4a-81af-523f1c41d792,random_alnum_with_digits
whfebtnjwfa2qct.net,6a5243c6-2a6d-4b4a-81af-523f1c41d792,random_alnum_with_digits
or4r2gufthp4.net,6a5243c6-2a6d-4b4a-81af-523f1c41d792,random_alnum_with_digits
ivyksydwuw.net,6a5243c6-2a6d-4b4a-81af-523f1c41d792,random_alnum_with_digits
d4fo5r4dvqguyh.net,6a5243c6-2a6d-4b4a-81af-523f1c41d792,random_alnum_with_digits
resyyxgixmzw9d.net,6a5243c6-2a6d-4b4a-81af-523f1c41d792,random_alnum_with_digits
tyyvxixpi1.net,6a5243c6-2a6d-4b4a-81af-523f1c41d792,random_alnum_with_digits
niknkre5h9de4.net,6a5243c6-2a6d-4b4a-81af-523f1c41d792,random_alnum_with_digits
epwaqaosupysyz.net,6a5243c6-2a6d-4b4a-81af-523f1c41d792,random_alnum_with_digits
xdxvzjzrrp5o2m.net,6a5243c6-2a6d-4b4a-81af-523f1c41d792,random_alnum_with_digits
zoaxk2qhnqnz.net,6a5243c6-2a6d-4b4a-81af-523f1c41d792,random_alnum_with_digits
yky3d4chc2fk9wg.net,6a5243c6-2a6d-4b4a-81af-523f1c41d792,random_alnum_with_digits
ew2mg1bzyyi3.net,6a5243c6-2a6d-4b4a-81af-523f1c41d792,random_alnum_with_digits
vrxxmiugxxv.net,6a5243c6-2a6d-4b4a-81af-523f1c41d792,random_alnum_with_digits
4yfqm2hyc4x.net,6a5243c6-2a6d-4b4a-81af-523f1c41d792,random_alnum_with_digits
yp1q9pst2oi32ui.net,6a5243c6-2a6d-4b4a-81af-523f1c41d792,random_alnum_with_digits
okghx4dubkp.net,6a5243c6-2a6d-4b4a-81af-523f1c41d792,random_alnum_with_digits
oa33smi3r4yax.net,6a5243c6-2a6d-4b4a-81af-523f1c41d792,random_alnum_with_digits
d4nfqtprfjne.net,6a5243c6-2a6d-4b4a-81af-523f1c41d792,random_alnum_with_digits
gms3fitwp2.net,6a5243c6-2a6d-4b4a-81af-523f1c41d792,random_alnum_with_digits
l3saiy5g1p.net,6a5243c6-2a6d-4b4a-81af-523f1c41d792,random_alnum_with_digits
nd1egqe4ejtgntx.net,6a5243c6-2a6d-4b4a-81af-523f1c41d792,random_alnum_with_digits
nd3surah1r.net,6a5243c6-2a6d-4b4a-81af-523f1c41d792,random_alnum_with_digits
fjvkksweudsn.net,6a5243c6-2a6d-4b4a-81af-523f1c41d792,random_alnum_with_digits
e9iv3ed32kortq.net,6a5243c6-2a6d-4b4a-81af-523f1c41d792,random_alnum_with_digits
d19y3oeigmd.net,6a5243c6-2a6d-4b4a-81af-523f1c41d792,random_alnum_with_digits
iefwpwilej.net,6a5243c6-2a6d-4b4a-81af-523f1c41d792,random_alnum_with_digits
1ueypnilrpwl.net,6a5243c6-2a6d-4b4a-81af-523f1c41d792,random_alnum_with_digits
y1pybheqbm1.net,6a5243c6-2a6d-4b4a-81af-523f1c41d792,random_alnum_with_digits
vlipje2poui1.net,6a5243c6-2a6d-4b4a-81af-523f1c41d792,random_alnum_with_digits
tm2pc4fbomvl.net,6a5243c6-2a6d-4b4a-81af-523f1c41d792,random_alnum_with_digits
zygfo41jnfijmw.net,6a5243c6-2a6d-4b4a-81af-523f1c41d792,random_alnum_with_digits
f15ciwentozte.net,6a5243c6-2a6d-4b4a-81af-523f1c41d792,random_alnum_with_digits
rtigowejscvol.biz,9a7a29b9-5d2e-4e27-99c9-c8a1ab92831a,random_alnum_variable_len
rqjteurxmqgtezk.biz,9a7a29b9-5d2e-4e27-99c9-c8a1ab92831a,random_alnum_variable_len
mgrhmmoqtvpnjnw.biz,9a7a29b9-5d2e-4e27-99c9-c8a1ab92831a,random_alnum_variable_len
cunekiulekxztxj.biz,9a7a29b9-5d2e-4e27-99c9-c8a1ab92831a,random_alnum_variable_len
itcvkvkbqmkgfvr.biz,9a7a29b9-5d2e-4e27-99c9-c8a1ab92831a,random_alnum_variable_len
znxqnpuitrjglbui.biz,9a7a29b9-5d2e-4e27-99c9-c8a1ab92831a,random_alnum_variable_len
pjhfcfqxwxtipwn.biz,9a7a29b9-5d2e-4e27-99c9-c8a1ab92831a,random_alnum_variable_len
izmikztmolifxvof.biz,9a7a29b9-5d2e-4e27-99c9-c8a1ab92831a,random_alnum_variable_len
khnkirluryomthqk.biz,9a7a29b9-5d2e-4e27-99c9-c8a1ab92831a,random_alnum_variable_len
yrslmhgplmnmkn.biz,9a7a29b9-5d2e-4e27-99c9-c8a1ab92831a,random_alnum_variable_len
hjkppxytlimqvg.biz,9a7a29b9-5d2e-4e27-99c9-c8a1ab92831a,random_alnum_variable_len
pytkonsxgntmptfo.biz,9a7a29b9-5d2e-4e27-99c9-c8a1ab92831a,random_alnum_variable_len
ninkbjkvctlynnh.biz,9a7a29b9-5d2e-4e27-99c9-c8a1ab92831a,random_alnum_variable_len
mliqyotyykzrlht.biz,9a7a29b9-5d2e-4e27-99c9-c8a1ab92831a,random_alnum_variable_len
ywtxzidtroyrevk.biz,9a7a29b9-5d2e-4e27-99c9-c8a1ab92831a,random_alnum_variable_len
ltronppspspbph.biz,9a7a29b9-5d2e-4e27-99c9-c8a1ab92831a,random_alnum_variable_len
trflpkeotxuwyos.biz,9a7a29b9-5d2e-4e27-99c9-c8a1ab92831a,random_alnum_variable_len
ssofpwmomopwow.biz,9a7a29b9-5d2e-4e27-99c9-c8a1ab92831a,random_alnum_variable_len
ssoelowsnmtnxto.biz,9a7a29b9-5d2e-4e27-99c9-c8a1ab92831a,random_alnum_variable_len
zliuotxsvxsopxj.biz,9a7a29b9-5d2e-4e27-99c9-c8a1ab92831a,random_alnum_variable_len
qntmrgkyhpch.biz,9a7a29b9-5d2e-4e27-99c9-c8a1ab92831a,random_alnum_variable_len
tfgpwojytphnzfn.biz,9a7a29b9-5d2e-4e27-99c9-c8a1ab92831a,random_alnum_variable_len
uoyplmlaqldqvq.biz,9a7a29b9-5d2e-4e27-99c9-c8a1ab92831a,random_alnum_variable_len
pwxtormprlpnjxw.biz,9a7a29b9-5d2e-4e27-99c9-c8a1ab92831a,random_alnum_variable_len
rqkniesjnhqjpxbj.biz,9a7a29b9-5d2e-4e27-99c9-c8a1ab92831a,random_alnum_variable_len
ghfiqdwrephssiu.biz,9a7a29b9-5d2e-4e27-99c9-c8a1ab92831a,random_alnum_variable_len
imjlfmhosvsfkgnr.biz,9a7a29b9-5d2e-4e27-99c9-c8a1ab92831a,random_alnum_variable_len
xksmwrqiuurhhpdn.biz,9a7a29b9-5d2e-4e27-99c9-c8a1ab92831a,random_alnum_variable_len
cshqlqexrxmpuco.biz,9a7a29b9-5d2e-4e27-99c9-c8a1ab92831a,random_alnum_variable_len
kyrpuosugrtnupt.biz,9a7a29b9-5d2e-4e27-99c9-c8a1ab92831a,random_alnum_variable_len
trvrlxctspamkee.biz,9a7a29b9-5d2e-4e27-99c9-c8a1ab92831a,random_alnum_variable_len
uoctswktmtpxnnmq.biz,9a7a29b9-5d2e-4e27-99c9-c8a1ab92831a,random_alnum_variable_len
jopwmxlqvwrlswfv.biz,9a7a29b9-5d2e-4e27-99c9-c8a1ab92831a,random_alnum_variable_len
rjnbvpkoqizdepjm.biz,9a7a29b9-5d2e-4e27-99c9-c8a1ab92831a,random_alnum_variable_len
qszmeqlimnwopko.biz,9a7a29b9-5d2e-4e27-99c9-c8a1ab92831a,random_alnum_variable_len
lnlrmsppilsuyejs.biz,9a7a29b9-5d2e-4e27-99c9-c8a1ab92831a,random_alnum_variable_len
vzeptkooekgvkv.biz,9a7a29b9-5d2e-4e27-99c9-c8a1ab92831a,random_alnum_variable_len
tneojhscjonuhfw.biz,9a7a29b9-5d2e-4e27-99c9-c8a1ab92831a,random_alnum_variable_len
qslykqfyupqdsmp.biz,9a7a29b9-5d2e-4e27-99c9-c8a1ab92831a,random_alnum_variable_len
qmnpycmlpeurrgv.biz,9a7a29b9-5d2e-4e27-99c9-c8a1ab92831a,random_alnum_variable_len
qmwmnlxukuxssjq.biz,9a7a29b9-5d2e-4e27-99c9-c8a1ab92831a,random_alnum_variable_len
krqbvlrmrsvprbmw.biz,9a7a29b9-5d2e-4e27-99c9-c8a1ab92831a,random_alnum_variable_len
mjwrsdfskohjrh.biz,9a7a29b9-5d2e-4e27-99c9-c8a1ab92831a,random_alnum_variable_len
kzsqfxirgijrrkw.biz,9a7a29b9-5d2e-4e27-99c9-c8a1ab92831a,random_alnum_variable_len
rwuprevzswenyro.biz,9a7a29b9-5d2e-4e27-99c9-c8a1ab92831a,random_alnum_variable_len
pllqhltklppqsrwo.biz,9a7a29b9-5d2e-4e27-99c9-c8a1ab92831a,random_alnum_variable_len
pqwmlwstsmkrojwg.biz,9a7a29b9-5d2e-4e27-99c9-c8a1ab92831a,random_alnum_variable_len
ukocdpxswrnmrt.biz,9a7a29b9-5d2e-4e27-99c9-c8a1ab92831a,random_alnum_variable_len
xgpnrwxvdshnq.biz,9a7a29b9-5d2e-4e27-99c9-c8a1ab92831a,random_alnum_variable_len
qsyuyruwmnniszxd.biz,9a7a29b9-5d2e-4e27-99c9-c8a1ab92831a,random_alnum_variable_len
nhnkrijpuqwdyrr.biz,9a7a29b9-5d2e-4e27-99c9-c8a1ab92831a,random_alnum_variable_len
roeopkwnynvpgyl.biz,9a7a29b9-5d2e-4e27-99c9-c8a1ab92831a,random_alnum_variable_len
jpzqrxejkwkrmvru.biz,9a7a29b9-5d2e-4e27-99c9-c8a1ab92831a,random_alnum_variable_len
pnxtnilrgznqkr.biz,9a7a29b9-5d2e-4e27-99c9-c8a1ab92831a,random_alnum_variable_len
ekgkbstvgljmvios.biz,9a7a29b9-5d2e-4e27-99c9-c8a1ab92831a,random_alnum_variable_len
nkzpqwmvlikjjsyg.biz,9a7a29b9-5d2e-4e27-99c9-c8a1ab92831a,random_alnum_variable_len
hsdigjbmfocsnsqv.biz,9a7a29b9-5d2e-4e27-99c9-c8a1ab92831a,random_alnum_variable_len
qinksmktsoosyiw.biz,9a7a29b9-5d2e-4e27-99c9-c8a1ab92831a,random_alnum_variable_len
pywjkjrrqvhzsna.biz,9a7a29b9-5d2e-4e27-99c9-c8a1ab92831a,random_alnum_variable_len
infpguhylnhvpmv.biz,9a7a29b9-5d2e-4e27-99c9-c8a1ab92831a,random_alnum_variable_len
vajnjkgkzhkagrp.biz,9a7a29b9-5d2e-4e27-99c9-c8a1ab92831a,random_alnum_variable_len
pujifmpooodv.biz,9a7a29b9-5d2e-4e27-99c9-c8a1ab92831a,random_alnum_variable_len
erorppnlsioonzu.biz,9a7a29b9-5d2e-4e27-99c9-c8a1ab92831a,random_alnum_variable_len
ldpmmrhspmsrfenz.biz,9a7a29b9-5d2e-4e27-99c9-c8a1ab92831a,random_alnum_variable_len
rvfgxtuqtnapkru.biz,9a7a29b9-5d2e-4e27-99c9-c8a1ab92831a,random_alnum_variable_len
xopkxrpnfthjxts.biz,9a7a29b9-5d2e-4e27-99c9-c8a1ab92831a,random_alnum_variable_len
eerulrgnpiusprv.biz,9a7a29b9-5d2e-4e27-99c9-c8a1ab92831a,random_alnum_variable_len
pkysrumkrtekmvtk.biz,9a7a29b9-5d2e-4e27-99c9-c8a1ab92831a,random_alnum_variable_len
nulssnfndxnzo.biz,9a7a29b9-5d2e-4e27-99c9-c8a1ab92831a,random_alnum_variable_len
epckyuphsuqscmp.biz,9a7a29b9-5d2e-4e27-99c9-c8a1ab92831a,random_alnum_variable_len
hysytxyqkouquknm.biz,9a7a29b9-5d2e-4e27-99c9-c8a1ab92831a,random_alnum_variable_len
dnmwksnzrjgrzqj.biz,9a7a29b9-5d2e-4e27-99c9-c8a1ab92831a,random_alnum_variable_len
jmuxhsmuvlsip.biz,9a7a29b9-5d2e-4e27-99c9-c8a1ab92831a,random_alnum_variable_len
xxszrkqodphcorr.biz,9a7a29b9-5d2e-4e27-99c9-c8a1ab92831a,random_alnum_variable_len
pnltnujvnnkleswq.biz,9a7a29b9-5d2e-4e27-99c9-c8a1ab92831a,random_alnum_variable_len
ikxtytnmwwehhq.biz,9a7a29b9-5d2e-4e27-99c9-c8a1ab92831a,random_alnum_variable_len
rnuirospfxrfrl.biz,9a7a29b9-5d2e-4e27-99c9-c8a1ab92831a,random_alnum_variable_len
luzostquucrzrl.biz,9a7a29b9-5d2e-4e27-99c9-c8a1ab92831a,random_alnum_variable_len
ornsrprjwmqmop.biz,9a7a29b9-5d2e-4e27-99c9-c8a1ab92831a,random_alnum_variable_len
jbyjxrsihnolorzx.biz,9a7a29b9-5d2e-4e27-99c9-c8a1ab92831a,random_alnum_variable_len
nhnphysxfnsqqlpw.biz,9a7a29b9-5d2e-4e27-99c9-c8a1ab92831a,random_alnum_variable_len
byqqnfsqmksklpqn.biz,9a7a29b9-5d2e-4e27-99c9-c8a1ab92831a,random_alnum_variable_len
jrmtxrrippqwkmj.biz,9a7a29b9-5d2e-4e27-99c9-c8a1ab92831a,random_alnum_variable_len
mvpqzluudumxpp.biz,9a7a29b9-5d2e-4e27-99c9-c8a1ab92831a,random_alnum_variable_len
jlpnvjnkszizgqts.biz,9a7a29b9-5d2e-4e27-99c9-c8a1ab92831a,random_alnum_variable_len
hkvptyrvoyrroo.biz,9a7a29b9-5d2e-4e27-99c9-c8a1ab92831a,random_alnum_variable_len
tuucblryujifqgin.biz,9a7a29b9-5d2e-4e27-99c9-c8a1ab92831a,random_alnum_variable_len
gjpnpwpplrmthuv.biz,9a7a29b9-5d2e-4e27-99c9-c8a1ab92831a,random_alnum_variable_len
wenoridvooywjv.biz,9a7a29b9-5d2e-4e27-99c9-c8a1ab92831a,random_alnum_variable_len
rkntmnmhwsuglkst.biz,9a7a29b9-5d2e-4e27-99c9-c8a1ab92831a,random_alnum_variable_len
vxlstbiwoswxpkq.biz,9a7a29b9-5d2e-4e27-99c9-c8a1ab92831a,random_alnum_variable_len
cryrpqovmyohmnvw.biz,9a7a29b9-5d2e-4e27-99c9-c8a1ab92831a,random_alnum_variable_len
xquwbswinrsymrl.biz,9a7a29b9-5d2e-4e27-99c9-c8a1ab92831a,random_alnum_variable_len
ztgrekitnvljstd.biz,9a7a29b9-5d2e-4e27-99c9-c8a1ab92831a,random_alnum_variable_len
tkywmilqpvlhsdoe.biz,9a7a29b9-5d2e-4e27-99c9-c8a1ab92831a,random_alnum_variable_len
ifsqljdnilidvbr.biz,9a7a29b9-5d2e-4e27-99c9-c8a1ab92831a,random_alnum_variable_len
mnrgspnvfyhchber.biz,9a7a29b9-5d2e-4e27-99c9-c8a1ab92831a,random_alnum_variable_len
mzokhnliobrolbgg.biz,9a7a29b9-5d2e-4e27-99c9-c8a1ab92831a,random_alnum_variable_len
metkkvpuvnsopsp.biz,9a7a29b9-5d2e-4e27-99c9-c8a1ab92831a,random_alnum_variable_len
vzudkxiimplrd.biz,9a7a29b9-5d2e-4e27-99c9-c8a1ab92831a,random_alnum_variable_len
akslxnmtxjvequ.biz,9a7a29b9-5d2e-4e27-99c9-c8a1ab92831a,random_alnum_variable_len
gcrosqjrjnwimrkh.biz,9a7a29b9-5d2e-4e27-99c9-c8a1ab92831a,random_alnum_variable_len
lmfogiurqugoopg.biz,9a7a29b9-5d2e-4e27-99c9-c8a1ab92831a,random_alnum_variable_len
nmxvqklopdmytqm.biz,9a7a29b9-5d2e-4e27-99c9-c8a1ab92831a,random_alnum_variable_len
vgpxqmsgfojfkr.biz,9a7a29b9-5d2e-4e27-99c9-c8a1ab92831a,random_alnum_variable_len
jfksltfzwltnyknp.biz,9a7a29b9-5d2e-4e27-99c9-c8a1ab92831a,random_alnum_variable_len
cjolpnvegkougus.biz,9a7a29b9-5d2e-4e27-99c9-c8a1ab92831a,random_alnum_variable_len
tqjwnnnhmqvqgp.biz,9a7a29b9-5d2e-4e27-99c9-c8a1ab92831a,random_alnum_variable_len
gmylijiniovxrmp.biz,9a7a29b9-5d2e-4e27-99c9-c8a1ab92831a,random_alnum_variable_len
znvzkmpiujdsiftc.biz,9a7a29b9-5d2e-4e27-99c9-c8a1ab92831a,random_alnum_variable_len
unxnqgculnijtpvg.biz,9a7a29b9-5d2e-4e27-99c9-c8a1ab92831a,random_alnum_variable_len
rpqsnnmjknjcksej.biz,9a7a29b9-5d2e-4e27-99c9-c8a1ab92831a,random_alnum_variable_len
vojpoxkmpujpfsiv.biz,9a7a29b9-5d2e-4e27-99c9-c8a1ab92831a,random_alnum_variable_len
mdwmvvivpfvslpz.biz,9a7a29b9-5d2e-4e27-99c9-c8a1ab92831a,random_alnum_variable_len
hqujggejupudtly.biz,9a7a29b9-5d2e-4e27-99c9-c8a1ab92831a,random_alnum_variable_len
etbnrxvrwyknu.biz,9a7a29b9-5d2e-4e27-99c9-c8a1ab92831a,random_alnum_variable_len
umurtwrjsqlli.biz,9a7a29b9-5d2e-4e27-99c9-c8a1ab92831a,random_alnum_variable_len
mouxmnpiugxrngl.biz,9a7a29b9-5d2e-4e27-99c9-c8a1ab92831a,random_alnum_variable_len
qdmxurluntqjtvf.biz,9a7a29b9-5d2e-4e27-99c9-c8a1ab92831a,random_alnum_variable_len
wptyrqkocnggws.biz,9a7a29b9-5d2e-4e27-99c9-c8a1ab92831a,random_alnum_variable_len
lnwnvrmpsjotswm.biz,9a7a29b9-5d2e-4e27-99c9-c8a1ab92831a,random_alnum_variable_len
nwmwhykktpvikhji.biz,9a7a29b9-5d2e-4e27-99c9-c8a1ab92831a,random_alnum_variable_len
ohejysultyznbowl.biz,9a7a29b9-5d2e-4e27-99c9-c8a1ab92831a,random_alnum_variable_len
wrqgssxppmosunuk.biz,9a7a29b9-5d2e-4e27-99c9-c8a1ab92831a,random_alnum_variable_len
jiuworwnrhqpnqpm.biz,9a7a29b9-5d2e-4e27-99c9-c8a1ab92831a,random_alnum_variable_len
syldlpmjqqxlfntr.biz,9a7a29b9-5d2e-4e27-99c9-c8a1ab92831a,random_alnum_variable_len
hrofqfspmstsvko.biz,9a7a29b9-5d2e-4e27-99c9-c8a1ab92831a,random_alnum_variable_len
vknmlknnovilvnn.biz,9a7a29b9-5d2e-4e27-99c9-c8a1ab92831a,random_alnum_variable_len
lhoexpwivvthvhnl.biz,9a7a29b9-5d2e-4e27-99c9-c8a1ab92831a,random_alnum_variable_len
vnqghkppteiydkm.biz,9a7a29b9-5d2e-4e27-99c9-c8a1ab92831a,random_alnum_variable_len
qlvtwpuxytsshne.biz,9a7a29b9-5d2e-4e27-99c9-c8a1ab92831a,random_alnum_variable_len
qsuethrlvpqowtv.biz,9a7a29b9-5d2e-4e27-99c9-c8a1ab92831a,random_alnum_variable_len
vapopotvpiqqkiqm.biz,9a7a29b9-5d2e-4e27-99c9-c8a1ab92831a,random_alnum_variable_len
kwmpmrsuvpupuzel.biz,9a7a29b9-5d2e-4e27-99c9-c8a1ab92831a,random_alnum_variable_len
sogwmmpxsntru.biz,9a7a29b9-5d2e-4e27-99c9-c8a1ab92831a,random_alnum_variable_len
tohtuusskmfyoq.biz,9a7a29b9-5d2e-4e27-99c9-c8a1ab92831a,random_alnum_variable_len
gykkqhbokjrvk.biz,9a7a29b9-5d2e-4e27-99c9-c8a1ab92831a,random_alnum_variable_len
mjqyplzpsgpcnjp.biz,9a7a29b9-5d2e-4e27-99c9-c8a1ab92831a,random_alnum_variable_len
lnlqplwkusorygo.biz,9a7a29b9-5d2e-4e27-99c9-c8a1ab92831a,random_alnum_variable_len
ndpfvlnnlwcgpmlk.biz,9a7a29b9-5d2e-4e27-99c9-c8a1ab92831a,random_alnum_variable_len
uknxroxbvuusrtgl.biz,9a7a29b9-5d2e-4e27-99c9-c8a1ab92831a,random_alnum_variable_len
iteuxwtldkkphpo.biz,9a7a29b9-5d2e-4e27-99c9-c8a1ab92831a,random_alnum_variable_len
locsppoxowslmskk.biz,9a7a29b9-5d2e-4e27-99c9-c8a1ab92831a,random_alnum_variable_len
eowwjfktmovifaf.biz,9a7a29b9-5d2e-4e27-99c9-c8a1ab92831a,random_alnum_variable_len
qinqgmiyymnepc.biz,9a7a29b9-5d2e-4e27-99c9-c8a1ab92831a,random_alnum_variable_len
japmlqsjgokrnpo.biz,9a7a29b9-5d2e-4e27-99c9-c8a1ab92831a,random_alnum_variable_len
vsnvkiiohilzwlxw.biz,9a7a29b9-5d2e-4e27-99c9-c8a1ab92831a,random_alnum_variable_len
plkwluuolpchzfdo.biz,9a7a29b9-5d2e-4e27-99c9-c8a1ab92831a,random_alnum_variable_len
mppynljpwvvomccs.biz,9a7a29b9-5d2e-4e27-99c9-c8a1ab92831a,random_alnum_variable_len
wwlnflkttrnyi.biz,9a7a29b9-5d2e-4e27-99c9-c8a1ab92831a,random_alnum_variable_len
yyoqmjmgwmislst.biz,9a7a29b9-5d2e-4e27-99c9-c8a1ab92831a,random_alnum_variable_len
vktqiljfzpkkotin.biz,9a7a29b9-5d2e-4e27-99c9-c8a1ab92831a,random_alnum_variable_len
lhoxpgmztqhxkibv.biz,9a7a29b9-5d2e-4e27-99c9-c8a1ab92831a,random_alnum_variable_len
ppnrjdnkprpovzqg.biz,9a7a29b9-5d2e-4e27-99c9-c8a1ab92831a,random_alnum_variable_len
nqoysyuqfttlthh.biz,9a7a29b9-5d2e-4e27-99c9-c8a1ab92831a,random_alnum_variable_len
rxqkircottqrqgtq.biz,9a7a29b9-5d2e-4e27-99c9-c8a1ab92831a,random_alnum_variable_len
zorxrxlnjfovwyow.biz,9a7a29b9-5d2e-4e27-99c9-c8a1ab92831a,random_alnum_variable_len
uyhlmqqnlplmpdjs.biz,9a7a29b9-5d2e-4e27-99c9-c8a1ab92831a,random_alnum_variable_len
uoppnwfrhqwwmmr.biz,9a7a29b9-5d2e-4e27-99c9-c8a1ab92831a,random_alnum_variable_len
livorfmwnwvlygt.biz,9a7a29b9-5d2e-4e27-99c9-c8a1ab92831a,random_alnum_variable_len
oangkrnlontrjpvr.biz,9a7a29b9-5d2e-4e27-99c9-c8a1ab92831a,random_alnum_variable_len
rzgdptpesotmjruc.biz,9a7a29b9-5d2e-4e27-99c9-c8a1ab92831a,random_alnum_variable_len
txhvylylhsslrsm.biz,9a7a29b9-5d2e-4e27-99c9-c8a1ab92831a,random_alnum_variable_len
emtunkfohnnsco.biz,9a7a29b9-5d2e-4e27-99c9-c8a1ab92831a,random_alnum_variable_len
joqpptjtrfxtpl.biz,9a7a29b9-5d2e-4e27-99c9-c8a1ab92831a,random_alnum_variable_len
mwrljqjctjjcsskj.biz,9a7a29b9-5d2e-4e27-99c9-c8a1ab92831a,random_alnum_variable_len
mlppxoumtvsevo.biz,9a7a29b9-5d2e-4e27-99c9-c8a1ab92831a,random_alnum_variable_len
yrsmpqpiqnvqwzj.biz,9a7a29b9-5d2e-4e27-99c9-c8a1ab92831a,random_alnum_variable_len
zvqpmldetsejhu.biz,9a7a29b9-5d2e-4e27-99c9-c8a1ab92831a,random_alnum_variable_len
knjqrsfmnrhmnw.biz,9a7a29b9-5d2e-4e27-99c9-c8a1ab92831a,random_alnum_variable_len
unxmqvjlqmomvulu.biz,9a7a29b9-5d2e-4e27-99c9-c8a1ab92831a,random_alnum_variable_len
rjtothtliqspnek.biz,9a7a29b9-5d2e-4e27-99c9-c8a1ab92831a,random_alnum_variable_len
ovtkjhwuoxorzyhn.biz,9a7a29b9-5d2e-4e27-99c9-c8a1ab92831a,random_alnum_variable_len
qlkmcvvgnkgnurm.biz,9a7a29b9-5d2e-4e27-99c9-c8a1ab92831a,random_alnum_variable_len
risnaopmstlaxsjs.biz,9a7a29b9-5d2e-4e27-99c9-c8a1ab92831a,random_alnum_variable_len
tplqpwriytuoxprt.biz,9a7a29b9-5d2e-4e27-99c9-c8a1ab92831a,random_alnum_variable_len
ofmelhkxpgqunznx.biz,9a7a29b9-5d2e-4e27-99c9-c8a1ab92831a,random_alnum_variable_len
swwxvsvsmhkrrwoa.biz,9a7a29b9-5d2e-4e27-99c9-c8a1ab92831a,random_alnum_variable_len
jprqtcpompulkdsy.biz,9a7a29b9-5d2e-4e27-99c9-c8a1ab92831a,random_alnum_variable_len
ojwrlziriiuhfmun.biz,9a7a29b9-5d2e-4e27-99c9-c8a1ab92831a,random_alnum_variable_len
ojsggkwkmwmiptv.biz,9a7a29b9-5d2e-4e27-99c9-c8a1ab92831a,random_alnum_variable_len
kwuqphmrihumtyvt.biz,9a7a29b9-5d2e-4e27-99c9-c8a1ab92831a,random_alnum_variable_len
nmsqnvnsestnrmn.biz,9a7a29b9-5d2e-4e27-99c9-c8a1ab92831a,random_alnum_variable_len
rnnwritkuvjgdzok.biz,9a7a29b9-5d2e-4e27-99c9-c8a1ab92831a,random_alnum_variable_len
ocufovvnjusztdr.biz,9a7a29b9-5d2e-4e27-99c9-c8a1ab92831a,random_alnum_variable_len
ekyomrtyyvlnlqmn.biz,9a7a29b9-5d2e-4e27-99c9-c8a1ab92831a,random_alnum_variable_len
xojlocniqtvloiv.biz,9a7a29b9-5d2e-4e27-99c9-c8a1ab92831a,random_alnum_variable_len
blsjeynsrjhqbtk.biz,9a7a29b9-5d2e-4e27-99c9-c8a1ab92831a,random_alnum_variable_len
xupxclvrxckukloj.biz,9a7a29b9-5d2e-4e27-99c9-c8a1ab92831a,random_alnum_variable_len
dpcohvovloliqwq.biz,9a7a29b9-5d2e-4e27-99c9-c8a1ab92831a,random_alnum_variable_len
sppjseymsspynnux.biz,9a7a29b9-5d2e-4e27-99c9-c8a1ab92831a,random_alnum_variable_len
iqjyzxwyxwkumqy.biz,9a7a29b9-5d2e-4e27-99c9-c8a1ab92831a,random_alnum_variable_len
trujjfjsosmfmktm.biz,9a7a29b9-5d2e-4e27-99c9-c8a1ab92831a,random_alnum_variable_len
sutfumnjrkisnfz.biz,9a7a29b9-5d2e-4e27-99c9-c8a1ab92831a,random_alnum_variable_len
jrlqmnuqgjumvp.biz,9a7a29b9-5d2e-4e27-99c9-c8a1ab92831a,random_alnum_variable_len
ktvxsluumqthon.biz,9a7a29b9-5d2e-4e27-99c9-c8a1ab92831a,random_alnum_variable_len
hlfiejsngcvosjm.biz,9a7a29b9-5d2e-4e27-99c9-c8a1ab92831a,random_alnum_variable_len
zrfwoypokfhivtvu.biz,9a7a29b9-5d2e-4e27-99c9-c8a1ab92831a,random_alnum_variable_len
dmunpktplhovq.biz,9a7a29b9-5d2e-4e27-99c9-c8a1ab92831a,random_alnum_variable_len
miwwqpkgboxzxx.biz,9a7a29b9-5d2e-4e27-99c9-c8a1ab92831a,random_alnum_variable_len
dnfqjjvqysfjta.biz,9a7a29b9-5d2e-4e27-99c9-c8a1ab92831a,random_alnum_variable_len
qjxpkiknkkiyljv.biz,9a7a29b9-5d2e-4e27-99c9-c8a1ab92831a,random_alnum_variable_len
otdtlgksphgswvik.biz,9a7a29b9-5d2e-4e27-99c9-c8a1ab92831a,random_alnum_variable_len
mgokhjmvxrusllri.biz,9a7a29b9-5d2e-4e27-99c9-c8a1ab92831a,random_alnum_variable_len
tvqvqulnoexqr.biz,9a7a29b9-5d2e-4e27-99c9-c8a1ab92831a,random_alnum_variable_len
rsgvyylrftqnjm.biz,9a7a29b9-5d2e-4e27-99c9-c8a1ab92831a,random_alnum_variable_len
xpjvritqcevpskms.biz,9a7a29b9-5d2e-4e27-99c9-c8a1ab92831a,random_alnum_variable_len
nsrryopeklpnpml.biz,9a7a29b9-5d2e-4e27-99c9-c8a1ab92831a,random_alnum_variable_len
lnnerxkngxlcnoh.biz,9a7a29b9-5d2e-4e27-99c9-c8a1ab92831a,random_alnum_variable_len
ejrvlkuiplqqrg.biz,9a7a29b9-5d2e-4e27-99c9-c8a1ab92831a,random_alnum_variable_len
eanrxrfnsgvmsmr.biz,9a7a29b9-5d2e-4e27-99c9-c8a1ab92831a,random_alnum_variable_len
ssfnixohkqgzpw.biz,9a7a29b9-5d2e-4e27-99c9-c8a1ab92831a,random_alnum_variable_len
lvajlckwvlsqdy.biz,9a7a29b9-5d2e-4e27-99c9-c8a1ab92831a,random_alnum_variable_len
hnqhtjszniumll.biz,9a7a29b9-5d2e-4e27-99c9-c8a1ab92831a,random_alnum_variable_len
kmnnqnhecptozhno.biz,9a7a29b9-5d2e-4e27-99c9-c8a1ab92831a,random_alnum_variable_len
diztymgypvipnyts.biz,9a7a29b9-5d2e-4e27-99c9-c8a1ab92831a,random_alnum_variable_len
wfvrbjnnlvqjknn.biz,9a7a29b9-5d2e-4e27-99c9-c8a1ab92831a,random_alnum_variable_len
jowlrktsmhrent.biz,9a7a29b9-5d2e-4e27-99c9-c8a1ab92831a,random_alnum_variable_len
fispytkhqdpqrnuo.biz,9a7a29b9-5d2e-4e27-99c9-c8a1ab92831a,random_alnum_variable_len
ilsrpeprrqwkyqp.biz,9a7a29b9-5d2e-4e27-99c9-c8a1ab92831a,random_alnum_variable_len
cxudhifqolrnult.biz,9a7a29b9-5d2e-4e27-99c9-c8a1ab92831a,random_alnum_variable_len
qyosgtkyulvtqtqp.biz,9a7a29b9-5d2e-4e27-99c9-c8a1ab92831a,random_alnum_variable_len
wpxdxhbhouhurnw.biz,9a7a29b9-5d2e-4e27-99c9-c8a1ab92831a,random_alnum_variable_len
qhtyjmzcznlhpp.biz,9a7a29b9-5d2e-4e27-99c9-c8a1ab92831a,random_alnum_variable_len
gqmoropwssujkmm.biz,9a7a29b9-5d2e-4e27-99c9-c8a1ab92831a,random_alnum_variable_len
uwoxzqsrzzlhrxpn.biz,9a7a29b9-5d2e-4e27-99c9-c8a1ab92831a,random_alnum_variable_len
ecsriwywmtqnlup.biz,9a7a29b9-5d2e-4e27-99c9-c8a1ab92831a,random_alnum_variable_len
xlnmezyvhdrhvv.biz,9a7a29b9-5d2e-4e27-99c9-c8a1ab92831a,random_alnum_variable_len
wxmumpdanzkmnhjs.biz,9a7a29b9-5d2e-4e27-99c9-c8a1ab92831a,random_alnum_variable_len
kqjotjqeizcpqmk.biz,9a7a29b9-5d2e-4e27-99c9-c8a1ab92831a,random_alnum_variable_len
ivcmxrtozgxkinvf.biz,9a7a29b9-5d2e-4e27-99c9-c8a1ab92831a,random_alnum_variable_len
moivnnstnjyupof.biz,9a7a29b9-5d2e-4e27-99c9-c8a1ab92831a,random_alnum_variable_len
rpzkqrmnimyelfv.biz,9a7a29b9-5d2e-4e27-99c9-c8a1ab92831a,random_alnum_variable_len
eyrjnpowknghqqs.biz,9a7a29b9-5d2e-4e27-99c9-c8a1ab92831a,random_alnum_variable_len
crqjvoribkvomon.biz,9a7a29b9-5d2e-4e27-99c9-c8a1ab92831a,random_alnum_variable_len
uerqlceviorlnlfr.biz,9a7a29b9-5d2e-4e27-99c9-c8a1ab92831a,random_alnum_variable_len
trfuingzvgtfvkji.biz,9a7a29b9-5d2e-4e27-99c9-c8a1ab92831a,random_alnum_variable_len
protxltosmsrlwul.biz,9a7a29b9-5d2e-4e27-99c9-c8a1ab92831a,random_alnum_variable_len
kopmjsympflsox.biz,9a7a29b9-5d2e-4e27-99c9-c8a1ab92831a,random_alnum_variable_len
acognhqgovhuksq.biz,9a7a29b9-5d2e-4e27-99c9-c8a1ab92831a,random_alnum_variable_len
nmgkbknpiqjgfq.biz,9a7a29b9-5d2e-4e27-99c9-c8a1ab92831a,random_alnum_variable_len
cmqqdqpmolyt.biz,9a7a29b9-5d2e-4e27-99c9-c8a1ab92831a,random_alnum_variable_len
iflsigrvqijithu.biz,9a7a29b9-5d2e-4e27-99c9-c8a1ab92831a,random_alnum_variable_len
yypcuwoqnwuloof.biz,9a7a29b9-5d2e-4e27-99c9-c8a1ab92831a,random_alnum_variable_len
onzkzvpwvpnohnu.biz,9a7a29b9-5d2e-4e27-99c9-c8a1ab92831a,random_alnum_variable_len
cmtooupmjdnbxumh.biz,9a7a29b9-5d2e-4e27-99c9-c8a1ab92831a,random_alnum_variable_len
lrtnpjkqmqvnnm.biz,9a7a29b9-5d2e-4e27-99c9-c8a1ab92831a,random_alnum_variable_len
ojldlluqhkntynp.biz,9a7a29b9-5d2e-4e27-99c9-c8a1ab92831a,random_alnum_variable_len
csznqqwzspwsunq.biz,9a7a29b9-5d2e-4e27-99c9-c8a1ab92831a,random_alnum_variable_len
rjhnqlutdrzysnk.biz,9a7a29b9-5d2e-4e27-99c9-c8a1ab92831a,random_alnum_variable_len
ltmdsuytposryrir.biz,9a7a29b9-5d2e-4e27-99c9-c8a1ab92831a,random_alnum_variable_len
moymyrlyhmbslw.biz,9a7a29b9-5d2e-4e27-99c9-c8a1ab92831a,random_alnum_variable_len
moyuruzqhncrqzpp.biz,9a7a29b9-5d2e-4e27-99c9-c8a1ab92831a,random_alnum_variable_len
ypppglnrhsprotx.biz,9a7a29b9-5d2e-4e27-99c9-c8a1ab92831a,random_alnum_variable_len
rllusprirslujyp.biz,9a7a29b9-5d2e-4e27-99c9-c8a1ab92831a,random_alnum_variable_len
owquinnijjsptf.biz,9a7a29b9-5d2e-4e27-99c9-c8a1ab92831a,random_alnum_variable_len
oxnltzrfotrprlrr.biz,9a7a29b9-5d2e-4e27-99c9-c8a1ab92831a,random_alnum_variable_len
pxyonwmrjcuscn.biz,9a7a29b9-5d2e-4e27-99c9-c8a1ab92831a,random_alnum_variable_len
nvlwqyktrtljjuw.biz,9a7a29b9-5d2e-4e27-99c9-c8a1ab92831a,random_alnum_variable_len
ydhwnhfivszhuso.biz,9a7a29b9-5d2e-4e27-99c9-c8a1ab92831a,random_alnum_variable_len
nxljnfmnrsljpwyj.biz,9a7a29b9-5d2e-4e27-99c9-c8a1ab92831a,random_alnum_variable_len
nqsyuofqfoqott.biz,9a7a29b9-5d2e-4e27-99c9-c8a1ab92831a,random_alnum_variable_len
cmzriclcphutyop.biz,9a7a29b9-5d2e-4e27-99c9-c8a1ab92831a,random_alnum_variable_len
klpqopxryoiornu.biz,9a7a29b9-5d2e-4e27-99c9-c8a1ab92831a,random_alnum_variable_len
sjnynvrhesqjqppb.biz,9a7a29b9-5d2e-4e27-99c9-c8a1ab92831a,random_alnum_variable_len
pqmiyltzldtunmpt.biz,9a7a29b9-5d2e-4e27-99c9-c8a1ab92831a,random_alnum_variable_len
ohjignvllprgfqs.biz,9a7a29b9-5d2e-4e27-99c9-c8a1ab92831a,random_alnum_variable_len
ixpsiwwbjxmwyvvl.biz,9a7a29b9-5d2e-4e27-99c9-c8a1ab92831a,random_alnum_variable_len
kkknttzomzjdq.biz,9a7a29b9-5d2e-4e27-99c9-c8a1ab92831a,random_alnum_variable_len
xrrjffsbktzxrdq.biz,9a7a29b9-5d2e-4e27-99c9-c8a1ab92831a,random_alnum_variable_len
rqdmvxtgowppqwq.biz,9a7a29b9-5d2e-4e27-99c9-c8a1ab92831a,random_alnum_variable_len
zqckslkmoqdkdkfn.biz,9a7a29b9-5d2e-4e27-99c9-c8a1ab92831a,random_alnum_variable_len
tojdrlvvrypylr.biz,9a7a29b9-5d2e-4e27-99c9-c8a1ab92831a,random_alnum_variable_len
oupqkmmduqkgnrj.biz,9a7a29b9-5d2e-4e27-99c9-c8a1ab92831a,random_alnum_variable_len
vnpxlhhunkownqgl.biz,9a7a29b9-5d2e-4e27-99c9-c8a1ab92831a,random_alnum_variable_len
sqyjqjymjtksqyyf.biz,9a7a29b9-5d2e-4e27-99c9-c8a1ab92831a,random_alnum_variable_len
ycylkgicxpfnpwwx.biz,9a7a29b9-5d2e-4e27-99c9-c8a1ab92831a,random_alnum_variable_len
xrkklkxsprxpgppt.biz,9a7a29b9-5d2e-4e27-99c9-c8a1ab92831a,random_alnum_variable_len
snlpwrkkxctrsmj.biz,9a7a29b9-5d2e-4e27-99c9-c8a1ab92831a,random_alnum_variable_len
rscuoqgilrklstpr.biz,9a7a29b9-5d2e-4e27-99c9-c8a1ab92831a,random_alnum_variable_len
emnwhrobptnusnq.biz,9a7a29b9-5d2e-4e27-99c9-c8a1ab92831a,random_alnum_variable_len
oqlssokuyxhybeui.biz,9a7a29b9-5d2e-4e27-99c9-c8a1ab92831a,random_alnum_variable_len
cxqhufsiirsyqiim.biz,9a7a29b9-5d2e-4e27-99c9-c8a1ab92831a,random_alnum_variable_len
qnjilwqunqouvjq.biz,9a7a29b9-5d2e-4e27-99c9-c8a1ab92831a,random_alnum_variable_len
uwoixmxgrmqngrjh.biz,9a7a29b9-5d2e-4e27-99c9-c8a1ab92831a,random_alnum_variable_len
wprbhjuukwuonr.biz,9a7a29b9-5d2e-4e27-99c9-c8a1ab92831a,random_alnum_variable_len
jrygprrtliwicpp.biz,9a7a29b9-5d2e-4e27-99c9-c8a1ab92831a,random_alnum_variable_len
vyxopqovlqjpops.biz,9a7a29b9-5d2e-4e27-99c9-c8a1ab92831a,random_alnum_variable_len
mxutxxapzcdvltsv.biz,9a7a29b9-5d2e-4e27-99c9-c8a1ab92831a,random_alnum_variable_len
ktmqkptuqtxjmhdz.biz,9a7a29b9-5d2e-4e27-99c9-c8a1ab92831a,random_alnum_variable_len
qyfjjjghyzoftod.biz,9a7a29b9-5d2e-4e27-99c9-c8a1ab92831a,random_alnum_variable_len
gqnnorwsghunw.biz,9a7a29b9-5d2e-4e27-99c9-c8a1ab92831a,random_alnum_variable_len
ojtpuoevfnxrusxs.biz,9a7a29b9-5d2e-4e27-99c9-c8a1ab92831a,random_alnum_variable_len
oyxoovkmyrjvmoj.biz,9a7a29b9-5d2e-4e27-99c9-c8a1ab92831a,random_alnum_variable_len
awmpxwnlmiwsr.biz,9a7a29b9-5d2e-4e27-99c9-c8a1ab92831a,random_alnum_variable_len
njtrmqmlowmtp.biz,9a7a29b9-5d2e-4e27-99c9-c8a1ab92831a,random_alnum_variable_len
mwxtpjahshsjmqg.biz,9a7a29b9-5d2e-4e27-99c9-c8a1ab92831a,random_alnum_variable_len
cqqzhluuynusyq.biz,9a7a29b9-5d2e-4e27-99c9-c8a1ab92831a,random_alnum_variable_len
kmupxjmnhovsxsmn.biz,9a7a29b9-5d2e-4e27-99c9-c8a1ab92831a,random_alnum_variable_len
ysdtgusulkygsswr.biz,9a7a29b9-5d2e-4e27-99c9-c8a1ab92831a,random_alnum_variable_len
jypowukjzxrhkqo.biz,9a7a29b9-5d2e-4e27-99c9-c8a1ab92831a,random_alnum_variable_len
btqjlsqhnlvkngnb.biz,9a7a29b9-5d2e-4e27-99c9-c8a1ab92831a,random_alnum_variable_len
mwmjiuvoqvknhog.biz,9a7a29b9-5d2e-4e27-99c9-c8a1ab92831a,random_alnum_variable_len
rmpjyhqqvgenfro.biz,9a7a29b9-5d2e-4e27-99c9-c8a1ab92831a,random_alnum_variable_len
bquuzusonnjqlhql.biz,9a7a29b9-5d2e-4e27-99c9-c8a1ab92831a,random_alnum_variable_len
kzkfgnpyhfetpoo.biz,9a7a29b9-5d2e-4e27-99c9-c8a1ab92831a,random_alnum_variable_len
ohqwvgttbinuyhtq.biz,9a7a29b9-5d2e-4e27-99c9-c8a1ab92831a,random_alnum_variable_len
cptutttllpsnunz.biz,9a7a29b9-5d2e-4e27-99c9-c8a1ab92831a,random_alnum_variable_len
dxjvmpuzmnpuzmfp.biz,9a7a29b9-5d2e-4e27-99c9-c8a1ab92831a,random_alnum_variable_len
hwprmittmkbijm.biz,9a7a29b9-5d2e-4e27-99c9-c8a1ab92831a,random_alnum_variable_len
akokvpkxnkutpqug.biz,9a7a29b9-5d2e-4e27-99c9-c8a1ab92831a,random_alnum_variable_len
dvemqjvqyvpitvnl.biz,9a7a29b9-5d2e-4e27-99c9-c8a1ab92831a,random_alnum_variable_len
skorsuwhwgqff.biz,9a7a29b9-5d2e-4e27-99c9-c8a1ab92831a,random_alnum_variable_len
qhsrhqgsmnwmpnq.biz,9a7a29b9-5d2e-4e27-99c9-c8a1ab92831a,random_alnum_variable_len
svfhklywzrmtyixq.biz,9a7a29b9-5d2e-4e27-99c9-c8a1ab92831a,random_alnum_variable_len
ghtwcnxfnvisqqe.biz,9a7a29b9-5d2e-4e27-99c9-c8a1ab92831a,random_alnum_variable_len
muzonuiorifjoil.biz,9a7a29b9-5d2e-4e27-99c9-c8a1ab92831a,random_alnum_variable_len
sufdioklnssikul.biz,9a7a29b9-5d2e-4e27-99c9-c8a1ab92831a,random_alnum_variable_len
qkfrosnjslpqmquy.biz,9a7a29b9-5d2e-4e27-99c9-c8a1ab92831a,random_alnum_variable_len
ofajmojxshnmgys.biz,9a7a29b9-5d2e-4e27-99c9-c8a1ab92831a,random_alnum_variable_len
wpiuvtshifnfoprq.biz,9a7a29b9-5d2e-4e27-99c9-c8a1ab92831a,random_alnum_variable_len
wltusrmvqfqtqu.biz,9a7a29b9-5d2e-4e27-99c9-c8a1ab92831a,random_alnum_variable_len
ettkpldrkgstqmp.biz,9a7a29b9-5d2e-4e27-99c9-c8a1ab92831a,random_alnum_variable_len
uprsqwnsrsrmgp.biz,9a7a29b9-5d2e-4e27-99c9-c8a1ab92831a,random_alnum_variable_len
mwmizwopzwnksi.biz,9a7a29b9-5d2e-4e27-99c9-c8a1ab92831a,random_alnum_variable_len
xvspvswlmpoypsl.biz,9a7a29b9-5d2e-4e27-99c9-c8a1ab92831a,random_alnum_variable_len
wuorwrsmhvseir.biz,9a7a29b9-5d2e-4e27-99c9-c8a1ab92831a,random_alnum_variable_len
ojjsyoovxpqtook.biz,9a7a29b9-5d2e-4e27-99c9-c8a1ab92831a,random_alnum_variable_len
nfqunvlfwkijlo.biz,9a7a29b9-5d2e-4e27-99c9-c8a1ab92831a,random_alnum_variable_len
olpjgdvkwefquej.biz,9a7a29b9-5d2e-4e27-99c9-c8a1ab92831a,random_alnum_variable_len
kpkihjgrsyovtcjl.biz,9a7a29b9-5d2e-4e27-99c9-c8a1ab92831a,random_alnum_variable_len
rnystjyixnfqrqnk.biz,9a7a29b9-5d2e-4e27-99c9-c8a1ab92831a,random_alnum_variable_len
srnqilduujlohc.biz,9a7a29b9-5d2e-4e27-99c9-c8a1ab92831a,random_alnum_variable_len
psjdipkhdnhmmupw.biz,9a7a29b9-5d2e-4e27-99c9-c8a1ab92831a,random_alnum_variable_len
wsxwqorstkwhwxr.biz,9a7a29b9-5d2e-4e27-99c9-c8a1ab92831a,random_alnum_variable_len
lkfqjslkrsvnopp.biz,9a7a29b9-5d2e-4e27-99c9-c8a1ab92831a,random_alnum_variable_len
uvxviljxtssnjlpr.biz,9a7a29b9-5d2e-4e27-99c9-c8a1ab92831a,random_alnum_variable_len
zfnqyovpkkogmov.biz,9a7a29b9-5d2e-4e27-99c9-c8a1ab92831a,random_alnum_variable_len
oekkekzwkkciysio.biz,9a7a29b9-5d2e-4e27-99c9-c8a1ab92831a,random_alnum_variable_len
ntqwoeojthpnli.biz,9a7a29b9-5d2e-4e27-99c9-c8a1ab92831a,random_alnum_variable_len
ldctropjoqzfokp.biz,9a7a29b9-5d2e-4e27-99c9-c8a1ab92831a,random_alnum_variable_len
nqlhlplvlslsltqe.biz,9a7a29b9-5d2e-4e27-99c9-c8a1ab92831a,random_alnum_variable_len
qwqpqrueiugpndx.biz,9a7a29b9-5d2e-4e27-99c9-c8a1ab92831a,random_alnum_variable_len
nxnsthvxslgypuj.biz,9a7a29b9-5d2e-4e27-99c9-c8a1ab92831a,random_alnum_variable_len
pssqntumsqozsii.biz,9a7a29b9-5d2e-4e27-99c9-c8a1ab92831a,random_alnum_variable_len
ubinervqxzznnq.biz,9a7a29b9-5d2e-4e27-99c9-c8a1ab92831a,random_alnum_variable_len
oomqorbdrumyik.biz,9a7a29b9-5d2e-4e27-99c9-c8a1ab92831a,random_alnum_variable_len
xplgeyukuijnqvrp.biz,9a7a29b9-5d2e-4e27-99c9-c8a1ab92831a,random_alnum_variable_len
oruzfowobwxpzemu.biz,9a7a29b9-5d2e-4e27-99c9-c8a1ab92831a,random_alnum_variable_len
ysnkxrlqwlsycqk.biz,9a7a29b9-5d2e-4e27-99c9-c8a1ab92831a,random_alnum_variable_len
jrjttkympetmuojs.biz,9a7a29b9-5d2e-4e27-99c9-c8a1ab92831a,random_alnum_variable_len
zwqvnipojduxqt.biz,9a7a29b9-5d2e-4e27-99c9-c8a1ab92831a,random_alnum_variable_len
sfdrpjtbtpxtkgh.biz,9a7a29b9-5d2e-4e27-99c9-c8a1ab92831a,random_alnum_variable_len
hxxqsioxlogqslum.biz,9a7a29b9-5d2e-4e27-99c9-c8a1ab92831a,random_alnum_variable_len
ufjdufcqhnikjxqy.biz,9a7a29b9-5d2e-4e27-99c9-c8a1ab92831a,random_alnum_variable_len
pvmqyrttdmjymtsv.biz,9a7a29b9-5d2e-4e27-99c9-c8a1ab92831a,random_alnum_variable_len
jnhvnryqygqeqkz.biz,9a7a29b9-5d2e-4e27-99c9-c8a1ab92831a,random_alnum_variable_len
eqdljwinjlquunlu.biz,9a7a29b9-5d2e-4e27-99c9-c8a1ab92831a,random_alnum_variable_len
xggsmgroxnxcpovk.biz,9a7a29b9-5d2e-4e27-99c9-c8a1ab92831a,random_alnum_variable_len
qjcpolntdsauo.biz,9a7a29b9-5d2e-4e27-99c9-c8a1ab92831a,random_alnum_variable_len
zrihstevkuymtr.biz,9a7a29b9-5d2e-4e27-99c9-c8a1ab92831a,random_alnum_variable_len
pswpymxtjfsmqgnw.biz,9a7a29b9-5d2e-4e27-99c9-c8a1ab92831a,random_alnum_variable_len
oipgntlojrqkhpv.biz,9a7a29b9-5d2e-4e27-99c9-c8a1ab92831a,random_alnum_variable_len
spghuroukyuvvtg.biz,9a7a29b9-5d2e-4e27-99c9-c8a1ab92831a,random_alnum_variable_len
xutvlsiqokntvo.biz,9a7a29b9-5d2e-4e27-99c9-c8a1ab92831a,random_alnum_variable_len
umcikvegjdqiofol.biz,9a7a29b9-5d2e-4e27-99c9-c8a1ab92831a,random_alnum_variable_len
xnrhkyqqysnmywt.biz,9a7a29b9-5d2e-4e27-99c9-c8a1ab92831a,random_alnum_variable_len
mohipftmwspihdjl.biz,9a7a29b9-5d2e-4e27-99c9-c8a1ab92831a,random_alnum_variable_len
nqslppwdqpvuqmkv.biz,9a7a29b9-5d2e-4e27-99c9-c8a1ab92831a,random_alnum_variable_len
sjmntdwpjrlnhq.biz,9a7a29b9-5d2e-4e27-99c9-c8a1ab92831a,random_alnum_variable_len
xtqfzfpvjqvrouik.biz,9a7a29b9-5d2e-4e27-99c9-c8a1ab92831a,random_alnum_variable_len
bsfxfjjiwopuyxle.biz,9a7a29b9-5d2e-4e27-99c9-c8a1ab92831a,random_alnum_variable_len
tioxytmkutzsudw.biz,9a7a29b9-5d2e-4e27-99c9-c8a1ab92831a,random_alnum_variable_len
foupornkosjevutn.biz,9a7a29b9-5d2e-4e27-99c9-c8a1ab92831a,random_alnum_variable_len
sktjrsvkekpowux.biz,9a7a29b9-5d2e-4e27-99c9-c8a1ab92831a,random_alnum_variable_len
ltuoywtxpyaovql.biz,9a7a29b9-5d2e-4e27-99c9-c8a1ab92831a,random_alnum_variable_len
jqstdnvpqwcgkprx.biz,9a7a29b9-5d2e-4e27-99c9-c8a1ab92831a,random_alnum_variable_len
lqqjojiummqkpe.biz,9a7a29b9-5d2e-4e27-99c9-c8a1ab92831a,random_alnum_variable_len
tzvwqfypuwvvfvjf.biz,9a7a29b9-5d2e-4e27-99c9-c8a1ab92831a,random_alnum_variable_len
hdttkkekojimvllw.biz,9a7a29b9-5d2e-4e27-99c9-c8a1ab92831a,random_alnum_variable_len
sjigqxqkztmwimh.biz,9a7a29b9-5d2e-4e27-99c9-c8a1ab92831a,random_alnum_variable_len
rppevtzruyeoveh.biz,9a7a29b9-5d2e-4e27-99c9-c8a1ab92831a,random_alnum_variable_len
vlskdllvmksho.biz,9a7a29b9-5d2e-4e27-99c9-c8a1ab92831a,random_alnum_variable_len
uusovqdlmugohn.biz,9a7a29b9-5d2e-4e27-99c9-c8a1ab92831a,random_alnum_variable_len
lsrkrvzrozsxtphh.biz,9a7a29b9-5d2e-4e27-99c9-c8a1ab92831a,random_alnum_variable_len
gopjmekpyipsqmz.biz,9a7a29b9-5d2e-4e27-99c9-c8a1ab92831a,random_alnum_variable_len
tknykqmdcykpkh.biz,9a7a29b9-5d2e-4e27-99c9-c8a1ab92831a,random_alnum_variable_len
junvrdxwhllvoop.biz,9a7a29b9-5d2e-4e27-99c9-c8a1ab92831a,random_alnum_variable_len
euwnuemrkucjoj.biz,9a7a29b9-5d2e-4e27-99c9-c8a1ab92831a,random_alnum_variable_len
tntqltjjiyxbxmfz.biz,9a7a29b9-5d2e-4e27-99c9-c8a1ab92831a,random_alnum_variable_len
tunxokhhmnhoskm.biz,9a7a29b9-5d2e-4e27-99c9-c8a1ab92831a,random_alnum_variable_len
ulrpqppqfolkqy.biz,9a7a29b9-5d2e-4e27-99c9-c8a1ab92831a,random_alnum_variable_len
hsqqcxznsebwjpzi.biz,9a7a29b9-5d2e-4e27-99c9-c8a1ab92831a,random_alnum_variable_len
ixpikhxptsiftm.biz,9a7a29b9-5d2e-4e27-99c9-c8a1ab92831a,random_alnum_variable_len
stjsuwykyrecort.biz,9a7a29b9-5d2e-4e27-99c9-c8a1ab92831a,random_alnum_variable_len
goxgljvyqplhkint.biz,9a7a29b9-5d2e-4e27-99c9-c8a1ab92831a,random_alnum_variable_len
hoesnqlaownbhm.biz,9a7a29b9-5d2e-4e27-99c9-c8a1ab92831a,random_alnum_variable_len
prpgbjmzcmzhnnfo.biz,9a7a29b9-5d2e-4e27-99c9-c8a1ab92831a,random_alnum_variable_len
ttsiqovmyxwvktm.biz,9a7a29b9-5d2e-4e27-99c9-c8a1ab92831a,random_alnum_variable_len
qsytgqmcpzsjhho.biz,9a7a29b9-5d2e-4e27-99c9-c8a1ab92831a,random_alnum_variable_len
mqqsqzdsoooyroqw.biz,9a7a29b9-5d2e-4e27-99c9-c8a1ab92831a,random_alnum_variable_len
edqhopkrpsvyct.biz,9a7a29b9-5d2e-4e27-99c9-c8a1ab92831a,random_alnum_variable_len
ugqadsmpctkdroiu.biz,9a7a29b9-5d2e-4e27-99c9-c8a1ab92831a,random_alnum_variable_len
mljnuqqoqotzntmw.biz,9a7a29b9-5d2e-4e27-99c9-c8a1ab92831a,random_alnum_variable_len
mvgmxkoqxpxmm.biz,9a7a29b9-5d2e-4e27-99c9-c8a1ab92831a,random_alnum_variable_len
fkymtjrqpplmvpk.biz,9a7a29b9-5d2e-4e27-99c9-c8a1ab92831a,random_alnum_variable_len
lryizomqmtjkr.biz,9a7a29b9-5d2e-4e27-99c9-c8a1ab92831a,random_alnum_variable_len
sxpfxoqjunuoqlf.biz,9a7a29b9-5d2e-4e27-99c9-c8a1ab92831a,random_alnum_variable_len
ipqkfviohgphxcqg.biz,9a7a29b9-5d2e-4e27-99c9-c8a1ab92831a,random_alnum_variable_len
kueimqxllpmpsjyp.biz,9a7a29b9-5d2e-4e27-99c9-c8a1ab92831a,random_alnum_variable_len
wuynmibcsjqjrriw.biz,9a7a29b9-5d2e-4e27-99c9-c8a1ab92831a,random_alnum_variable_len
ktjjsuwpnntwkb.biz,9a7a29b9-5d2e-4e27-99c9-c8a1ab92831a,random_alnum_variable_len
jupjngpuiwsdsjm.biz,9a7a29b9-5d2e-4e27-99c9-c8a1ab92831a,random_alnum_variable_len
ftmtsspqxqcsdkvc.biz,9a7a29b9-5d2e-4e27-99c9-c8a1ab92831a,random_alnum_variable_len
ergrsoqlpsrkkqte.biz,9a7a29b9-5d2e-4e27-99c9-c8a1ab92831a,random_alnum_variable_len
xygsksrbrxlbrrxw.biz,9a7a29b9-5d2e-4e27-99c9-c8a1ab92831a,random_alnum_variable_len
puiwdhmpnvqyiq.biz,9a7a29b9-5d2e-4e27-99c9-c8a1ab92831a,random_alnum_variable_len
wuknmprhvnnkvlf.biz,9a7a29b9-5d2e-4e27-99c9-c8a1ab92831a,random_alnum_variable_len
mnnjtjiedtoc.biz,9a7a29b9-5d2e-4e27-99c9-c8a1ab92831a,random_alnum_variable_len
srhepsnehrqqz.biz,9a7a29b9-5d2e-4e27-99c9-c8a1ab92831a,random_alnum_variable_len
rrmtqwboukwnmml.biz,9a7a29b9-5d2e-4e27-99c9-c8a1ab92831a,random_alnum_variable_len
plohtxrhmnovomgn.biz,9a7a29b9-5d2e-4e27-99c9-c8a1ab92831a,random_alnum_variable_len
whqxzrwiiyktkvhi.biz,9a7a29b9-5d2e-4e27-99c9-c8a1ab92831a,random_alnum_variable_len
pzseqbowufxjtu.biz,9a7a29b9-5d2e-4e27-99c9-c8a1ab92831a,random_alnum_variable_len
jtwsonnqkpmehyl.biz,9a7a29b9-5d2e-4e27-99c9-c8a1ab92831a,random_alnum_variable_len
yhmqjomliyojimk.biz,9a7a29b9-5d2e-4e27-99c9-c8a1ab92831a,random_alnum_variable_len
jrilxpkrykbudjov.biz,9a7a29b9-5d2e-4e27-99c9-c8a1ab92831a,random_alnum_variable_len
rvznmgpoijirfsdd.biz,9a7a29b9-5d2e-4e27-99c9-c8a1ab92831a,random_alnum_variable_len
xsushomnkzholpyt.biz,9a7a29b9-5d2e-4e27-99c9-c8a1ab92831a,random_alnum_variable_len
srwpkhxbhofqtil.biz,9a7a29b9-5d2e-4e27-99c9-c8a1ab92831a,random_alnum_variable_len
vtoyxryusqgkqq.biz,9a7a29b9-5d2e-4e27-99c9-c8a1ab92831a,random_alnum_variable_len
mlvmgmxkmvvpouq.biz,9a7a29b9-5d2e-4e27-99c9-c8a1ab92831a,random_alnum_variable_len
gsjuotjslpfvkmqt.biz,9a7a29b9-5d2e-4e27-99c9-c8a1ab92831a,random_alnum_variable_len
sngnkkpcfrygopqo.biz,9a7a29b9-5d2e-4e27-99c9-c8a1ab92831a,random_alnum_variable_len
kidoyyqrstvhtnwn.biz,9a7a29b9-5d2e-4e27-99c9-c8a1ab92831a,random_alnum_variable_len
wdlokrjonxsrtsj.biz,9a7a29b9-5d2e-4e27-99c9-c8a1ab92831a,random_alnum_variable_len
qrigswuqqrgkg.biz,9a7a29b9-5d2e-4e27-99c9-c8a1ab92831a,random_alnum_variable_len
ipmnqxksnhmejwvu.biz,9a7a29b9-5d2e-4e27-99c9-c8a1ab92831a,random_alnum_variable_len
ojihpkpnlfnyjy.biz,9a7a29b9-5d2e-4e27-99c9-c8a1ab92831a,random_alnum_variable_len
nwgnjxljjkquvpm.biz,9a7a29b9-5d2e-4e27-99c9-c8a1ab92831a,random_alnum_variable_len
sowmjgjovuueqomv.biz,9a7a29b9-5d2e-4e27-99c9-c8a1ab92831a,random_alnum_variable_len
gulyvfdumlltqotj.biz,9a7a29b9-5d2e-4e27-99c9-c8a1ab92831a,random_alnum_variable_len
srmklujjuxpurjrs.biz,9a7a29b9-5d2e-4e27-99c9-c8a1ab92831a,random_alnum_variable_len
vpratflqpxgwlhj.biz,9a7a29b9-5d2e-4e27-99c9-c8a1ab92831a,random_alnum_variable_len
gdtotnkvsuwzrfr.biz,9a7a29b9-5d2e-4e27-99c9-c8a1ab92831a,random_alnum_variable_len
gmoemjrquttptpq.biz,9a7a29b9-5d2e-4e27-99c9-c8a1ab92831a,random_alnum_variable_len
rijhogqsmmobisls.biz,9a7a29b9-5d2e-4e27-99c9-c8a1ab92831a,random_alnum_variable_len
msnupkpempzqb.biz,9a7a29b9-5d2e-4e27-99c9-c8a1ab92831a,random_alnum_variable_len
xmmryonzxsidrwn.biz,9a7a29b9-5d2e-4e27-99c9-c8a1ab92831a,random_alnum_variable_len
vkxoolinhilsvozo.biz,9a7a29b9-5d2e-4e27-99c9-c8a1ab92831a,random_alnum_variable_len
qtzmcivlmwwtihc.biz,9a7a29b9-5d2e-4e27-99c9-c8a1ab92831a,random_alnum_variable_len
pxrzwuqnlrnedkk.biz,9a7a29b9-5d2e-4e27-99c9-c8a1ab92831a,random_alnum_variable_len
xqwjfsflowqhlqy.biz,9a7a29b9-5d2e-4e27-99c9-c8a1ab92831a,random_alnum_variable_len
qnqsogroojjsqttk.biz,9a7a29b9-5d2e-4e27-99c9-c8a1ab92831a,random_alnum_variable_len
qdmimfsppdnmqc.biz,9a7a29b9-5d2e-4e27-99c9-c8a1ab92831a,random_alnum_variable_len
wrzfoonpcffwnlsw.biz,9a7a29b9-5d2e-4e27-99c9-c8a1ab92831a,random_alnum_variable_len
ixrrtytlkcnlslwj.biz,9a7a29b9-5d2e-4e27-99c9-c8a1ab92831a,random_alnum_variable_len
lqkzlrlxvfexmoq.biz,9a7a29b9-5d2e-4e27-99c9-c8a1ab92831a,random_alnum_variable_len
jxurdeppglpqoiw.biz,9a7a29b9-5d2e-4e27-99c9-c8a1ab92831a,random_alnum_variable_len
otnlhdqecdeglrp.biz,9a7a29b9-5d2e-4e27-99c9-c8a1ab92831a,random_alnum_variable_len
suofporlqqinqvfw.biz,9a7a29b9-5d2e-4e27-99c9-c8a1ab92831a,random_alnum_variable_len
rkontrtgyukvotgs.biz,9a7a29b9-5d2e-4e27-99c9-c8a1ab92831a,random_alnum_variable_len
nmtlrhjtsiyhpps.biz,9a7a29b9-5d2e-4e27-99c9-c8a1ab92831a,random_alnum_variable_len
olsespumipnnwlm.biz,9a7a29b9-5d2e-4e27-99c9-c8a1ab92831a,random_alnum_variable_len
slazoqoovovslk.biz,9a7a29b9-5d2e-4e27-99c9-c8a1ab92831a,random_alnum_variable_len
jlruwrwqsfpjkqq.biz,9a7a29b9-5d2e-4e27-99c9-c8a1ab92831a,random_alnum_variable_len
ymmsonkgeiomj.biz,9a7a29b9-5d2e-4e27-99c9-c8a1ab92831a,random_alnum_variable_len
sajulzrbnnuehiip.biz,9a7a29b9-5d2e-4e27-99c9-c8a1ab92831a,random_alnum_variable_len
cvtxsoyftjzxjpnr.biz,9a7a29b9-5d2e-4e27-99c9-c8a1ab92831a,random_alnum_variable_len
kqvwkvlrvidnwkk.biz,9a7a29b9-5d2e-4e27-99c9-c8a1ab92831a,random_alnum_variable_len
ckwwrzvjqyyrswvp.biz,9a7a29b9-5d2e-4e27-99c9-c8a1ab92831a,random_alnum_variable_len
quuberqrqzrct.biz,9a7a29b9-5d2e-4e27-99c9-c8a1ab92831a,random_alnum_variable_len
lqytkprkjupuwl.biz,9a7a29b9-5d2e-4e27-99c9-c8a1ab92831a,random_alnum_variable_len
ictlgpmqmsoptnt.biz,9a7a29b9-5d2e-4e27-99c9-c8a1ab92831a,random_alnum_variable_len
wnrtmodsloutak.biz,9a7a29b9-5d2e-4e27-99c9-c8a1ab92831a,random_alnum_variable_len
imfkelzkqdhzvqls.biz,9a7a29b9-5d2e-4e27-99c9-c8a1ab92831a,random_alnum_variable_len
gpgiewqkmxmkho.biz,9a7a29b9-5d2e-4e27-99c9-c8a1ab92831a,random_alnum_variable_len
nxnpomxhuwynrp.biz,9a7a29b9-5d2e-4e27-99c9-c8a1ab92831a,random_alnum_variable_len
yjhgszsnjlcuf.biz,9a7a29b9-5d2e-4e27-99c9-c8a1ab92831a,random_alnum_variable_len
uwkqhooicjozoh.biz,9a7a29b9-5d2e-4e27-99c9-c8a1ab92831a,random_alnum_variable_len
qdnixpjbpevjmln.biz,9a7a29b9-5d2e-4e27-99c9-c8a1ab92831a,random_alnum_variable_len
kjvuqosfvpyfpoiv.biz,9a7a29b9-5d2e-4e27-99c9-c8a1ab92831a,random_alnum_variable_len
npttwjrsqlpvynws.biz,9a7a29b9-5d2e-4e27-99c9-c8a1ab92831a,random_alnum_variable_len
plstrqsgfzsgnoem.biz,9a7a29b9-5d2e-4e27-99c9-c8a1ab92831a,random_alnum_variable_len
fgopiplgvgisnscw.biz,9a7a29b9-5d2e-4e27-99c9-c8a1ab92831a,random_alnum_variable_len
qwsjdooksqvjpgh.biz,9a7a29b9-5d2e-4e27-99c9-c8a1ab92831a,random_alnum_variable_len
mfnymxmpqjlnmh.biz,9a7a29b9-5d2e-4e27-99c9-c8a1ab92831a,random_alnum_variable_len
wxxthhntjpklemow.biz,9a7a29b9-5d2e-4e27-99c9-c8a1ab92831a,random_alnum_variable_len
rihmloujxystfqs.biz,9a7a29b9-5d2e-4e27-99c9-c8a1ab92831a,random_alnum_variable_len
jmypnzymyezewfw.biz,9a7a29b9-5d2e-4e27-99c9-c8a1ab92831a,random_alnum_variable_len
vsnolxhjsuusz.biz,9a7a29b9-5d2e-4e27-99c9-c8a1ab92831a,random_alnum_variable_len
tsvnofxtkohyvl.biz,9a7a29b9-5d2e-4e27-99c9-c8a1ab92831a,random_alnum_variable_len
hcurrpvmeiquhzom.biz,9a7a29b9-5d2e-4e27-99c9-c8a1ab92831a,random_alnum_variable_len
dgkstashupkugryp.biz,9a7a29b9-5d2e-4e27-99c9-c8a1ab92831a,random_alnum_variable_len
nmyacbtwzgpvwgyr.biz,9a7a29b9-5d2e-4e27-99c9-c8a1ab92831a,random_alnum_variable_len
zrmxgjonkpfvmxph.biz,9a7a29b9-5d2e-4e27-99c9-c8a1ab92831a,random_alnum_variable_len
kpkrrhqghkkomrs.biz,9a7a29b9-5d2e-4e27-99c9-c8a1ab92831a,random_alnum_variable_len
pqrcsovpjmlysyyd.biz,9a7a29b9-5d2e-4e27-99c9-c8a1ab92831a,random_alnum_variable_len
ugosyqyxjswusmy.biz,9a7a29b9-5d2e-4e27-99c9-c8a1ab92831a,random_alnum_variable_len
rtgpynmxgnmvmok.biz,9a7a29b9-5d2e-4e27-99c9-c8a1ab92831a,random_alnum_variable_len
pidfksipycmyg.com,b5005cc7-6e4d-4dd4-a2aa-9b16a7aace07,random_alnum_mixed_tld
ormnaowlkctus.org,b5005cc7-6e4d-4dd4-a2aa-9b16a7aace07,random_alnum_mixed_tld
vsipvaxvetqx.net,b5005cc7-6e4d-4dd4-a2aa-9b16a7aace07,random_alnum_mixed_tld
otajffnxhasxiid.co.uk,b5005cc7-6e4d-4dd4-a2aa-9b16a7aace07,random_alnum_mixed_tld
decvljlhebtivr.biz,b5005cc7-6e4d-4dd4-a2aa-9b16a7aace07,random_alnum_mixed_tld
bpgpmmwesolkpxa.com,b5005cc7-6e4d-4dd4-a2aa-9b16a7aace07,random_alnum_mixed_tld
pcwplaityrkoec.org,b5005cc7-6e4d-4dd4-a2aa-9b16a7aace07,random_alnum_mixed_tld
gymfisrwrtdus.net,b5005cc7-6e4d-4dd4-a2aa-9b16a7aace07,random_alnum_mixed_tld
wldxtgnwbljt.co.uk,b5005cc7-6e4d-4dd4-a2aa-9b16a7aace07,random_alnum_mixed_tld
nannpumiptig.biz,b5005cc7-6e4d-4dd4-a2aa-9b16a7aace07,random_alnum_mixed_tld
hfpviluexyve.com,b5005cc7-6e4d-4dd4-a2aa-9b16a7aace07,random_alnum_mixed_tld
rgvwlijbjshncob.org,b5005cc7-6e4d-4dd4-a2aa-9b16a7aace07,random_alnum_mixed_tld
kdlsisnpwvcrwf.net,b5005cc7-6e4d-4dd4-a2aa-9b16a7aace07,random_alnum_mixed_tld
gawwikxpymrmh.co.uk,b5005cc7-6e4d-4dd4-a2aa-9b16a7aace07,random_alnum_mixed_tld
etxpfsyyalgj.biz,b5005cc7-6e4d-4dd4-a2aa-9b16a7aace07,random_alnum_mixed_tld
uqcssxuuhnqq.com,b5005cc7-6e4d-4dd4-a2aa-9b16a7aace07,random_alnum_mixed_tld
ycoynnenxugvte.org,b5005cc7-6e4d-4dd4-a2aa-9b16a7aace07,random_alnum_mixed_tld
stifanbdltiowoh.net,b5005cc7-6e4d-4dd4-a2aa-9b16a7aace07,random_alnum_mixed_tld
exwbnnmeybrv.co.uk,b5005cc7-6e4d-4dd4-a2aa-9b16a7aace07,random_alnum_mixed_tld
ytsgjajduupb.biz,b5005cc7-6e4d-4dd4-a2aa-9b16a7aace07,random_alnum_mixed_tld
hudgaeummuhjx.com,b5005cc7-6e4d-4dd4-a2aa-9b16a7aace07,random_alnum_mixed_tld
rrqvrrxcpadk.org,b5005cc7-6e4d-4dd4-a2aa-9b16a7aace07,random_alnum_mixed_tld
kjrjitkymcejseg.net,b5005cc7-6e4d-4dd4-a2aa-9b16a7aace07,random_alnum_mixed_tld
cwlwmeraoptuqw.co.uk,b5005cc7-6e4d-4dd4-a2aa-9b16a7aace07,random_alnum_mixed_tld
xchflyfmrapfm.biz,b5005cc7-6e4d-4dd4-a2aa-9b16a7aace07,random_alnum_mixed_tld
pmhqbkbkcdhepjx.com,b5005cc7-6e4d-4dd4-a2aa-9b16a7aace07,random_alnum_mixed_tld
pjbtrblqsietiae.org,b5005cc7-6e4d-4dd4-a2aa-9b16a7aace07,random_alnum_mixed_tld
rnvooobtfokw.net,b5005cc7-6e4d-4dd4-a2aa-9b16a7aace07,random_alnum_mixed_tld
ofvtxkobmidtj.co.uk,b5005cc7-6e4d-4dd4-a2aa-9b16a7aace07,random_alnum_mixed_tld
yodjepykhwbuyy.biz,b5005cc7-6e4d-4dd4-a2aa-9b16a7aace07,random_alnum_mixed_tld
exfivwhsoprjy.com,b5005cc7-6e4d-4dd4-a2aa-9b16a7aace07,random_alnum_mixed_tld
bscafxbyvxmd.org,b5005cc7-6e4d-4dd4-a2aa-9b16a7aace07,random_alnum_mixed_tld
gujenbqtpjhfenb.net,b5005cc7-6e4d-4dd4-a2aa-9b16a7aace07,random_alnum_mixed_tld
tohuvjcdagwuicf.co.uk,b5005cc7-6e4d-4dd4-a2aa-9b16a7aace07,random_alnum_mixed_tld
curowaebtchcfl.biz,b5005cc7-6e4d-4dd4-a2aa-9b16a7aace07,random_alnum_mixed_tld
kbwjfuytwgdccjp.com,b5005cc7-6e4d-4dd4-a2aa-9b16a7aace07,random_alnum_mixed_tld
bkvmddvjpnwyku.org,b5005cc7-6e4d-4dd4-a2aa-9b16a7aace07,random_alnum_mixed_tld
rxoctxcpbnwhk.net,b5005cc7-6e4d-4dd4-a2aa-9b16a7aace07,random_alnum_mixed_tld
dtqchgbmtxacs.co.uk,b5005cc7-6e4d-4dd4-a2aa-9b16a7aace07,random_alnum_mixed_tld
lvyreyxcbfkg.biz,b5005cc7-6e4d-4dd4-a2aa-9b16a7aace07,random_alnum_mixed_tld
qtulsohyjclp.com,b5005cc7-6e4d-4dd4-a2aa-9b16a7aace07,random_alnum_mixed_tld
anijxhxoxnjlb.org,b5005cc7-6e4d-4dd4-a2aa-9b16a7aace07,random_alnum_mixed_tld
bcahkvypwymmjw.net,b5005cc7-6e4d-4dd4-a2aa-9b16a7aace07,random_alnum_mixed_tld
rmtgcjbtamppglw.co.uk,b5005cc7-6e4d-4dd4-a2aa-9b16a7aace07,random_alnum_mixed_tld
pgejbmtnpwvacqv.biz,b5005cc7-6e4d-4dd4-a2aa-9b16a7aace07,random_alnum_mixed_tld
ocglgohkrwfvgwv.com,b5005cc7-6e4d-4dd4-a2aa-9b16a7aace07,random_alnum_mixed_tld
mwapgvlgkgnrdn.org,b5005cc7-6e4d-4dd4-a2aa-9b16a7aace07,random_alnum_mixed_tld
juxyiqafvttth.net,b5005cc7-6e4d-4dd4-a2aa-9b16a7aace07,random_alnum_mixed_tld
qpvxsaoxhvwb.co.uk,b5005cc7-6e4d-4dd4-a2aa-9b16a7aace07,random_alnum_mixed_tld
dmocctsvhbtl.biz,b5005cc7-6e4d-4dd4-a2aa-9b16a7aace07,random_alnum_mixed_tld
rvfgcuuxwaae.com,b5005cc7-6e4d-4dd4-a2aa-9b16a7aace07,random_alnum_mixed_tld
afgkkhxqcbvaksx.org,b5005cc7-6e4d-4dd4-a2aa-9b16a7aace07,random_alnum_mixed_tld
ellafqxxtrgifn.net,b5005cc7-6e4d-4dd4-a2aa-9b16a7aace07,random_alnum_mixed_tld
hdabpbusmqvfp.co.uk,b5005cc7-6e4d-4dd4-a2aa-9b16a7aace07,random_alnum_mixed_tld
dgrpxijavojc.biz,b5005cc7-6e4d-4dd4-a2aa-9b16a7aace07,random_alnum_mixed_tld
ptvjrajdvlbc.com,b5005cc7-6e4d-4dd4-a2aa-9b16a7aace07,random_alnum_mixed_tld
ymsafgfvrvadd.org,b5005cc7-6e4d-4dd4-a2aa-9b16a7aace07,random_alnum_mixed_tld
hsudclbvyreqcf.net,b5005cc7-6e4d-4dd4-a2aa-9b16a7aace07,random_alnum_mixed_tld
roeygxhtmfqnghm.co.uk,b5005cc7-6e4d-4dd4-a2aa-9b16a7aace07,random_alnum_mixed_tld
ysyjcgfpigalmfq.biz,b5005cc7-6e4d-4dd4-a2aa-9b16a7aace07,random_alnum_mixed_tld
skxlqwaxtefxblw.com,b5005cc7-6e4d-4dd4-a2aa-9b16a7aace07,random_alnum_mixed_tld
hxwcapvvinsa.org,b5005cc7-6e4d-4dd4-a2aa-9b16a7aace07,random_alnum_mixed_tld
rdclchxbfmukc.net,b5005cc7-6e4d-4dd4-a2aa-9b16a7aace07,random_alnum_mixed_tld
qmfthxemqfqji.co.uk,b5005cc7-6e4d-4dd4-a2aa-9b16a7aace07,random_alnum_mixed_tld
uytpmcuadlwebx.biz,b5005cc7-6e4d-4dd4-a2aa-9b16a7aace07,random_alnum_mixed_tld
qsmodcisvusuy.com,b5005cc7-6e4d-4dd4-a2aa-9b16a7aace07,random_alnum_mixed_tld
dyfmlkmpgyvm.org,b5005cc7-6e4d-4dd4-a2aa-9b16a7aace07,random_alnum_mixed_tld
wkewkmjotaajtyb.net,b5005cc7-6e4d-4dd4-a2aa-9b16a7aace07,random_alnum_mixed_tld
vvpvapsdbdchfn.co.uk,b5005cc7-6e4d-4dd4-a2aa-9b16a7aace07,random_alnum_mixed_tld
deqdxntspmwdml.biz,b5005cc7-6e4d-4dd4-a2aa-9b16a7aace07,random_alnum_mixed_tld
kfbgmfiaqqkrb.com,b5005cc7-6e4d-4dd4-a2aa-9b16a7aace07,random_alnum_mixed_tld
nyoxijgvhpgh.org,b5005cc7-6e4d-4dd4-a2aa-9b16a7aace07,random_alnum_mixed_tld
uqbferqxljosvku.net,b5005cc7-6e4d-4dd4-a2aa-9b16a7aace07,random_alnum_mixed_tld
qejjbkocfgkivr.co.uk,b5005cc7-6e4d-4dd4-a2aa-9b16a7aace07,random_alnum_mixed_tld
gaigwswhjmnesb.biz,b5005cc7-6e4d-4dd4-a2aa-9b16a7aace07,random_alnum_mixed_tld
gcggnjbrbkotw.com,b5005cc7-6e4d-4dd4-a2aa-9b16a7aace07,random_alnum_mixed_tld
lqdddjyerkrx.org,b5005cc7-6e4d-4dd4-a2aa-9b16a7aace07,random_alnum_mixed_tld
edfoyqqathjaboc.net,b5005cc7-6e4d-4dd4-a2aa-9b16a7aace07,random_alnum_mixed_tld
gbjpjhtjjjdojkk.co.uk,b5005cc7-6e4d-4dd4-a2aa-9b16a7aace07,random_alnum_mixed_tld
dupytdvkgtnypj.biz,b5005cc7-6e4d-4dd4-a2aa-9b16a7aace07,random_alnum_mixed_tld
mhievouilulc.com,b5005cc7-6e4d-4dd4-a2aa-9b16a7aace07,random_alnum_mixed_tld
ysbcrvbcnucbwuu.org,b5005cc7-6e4d-4dd4-a2aa-9b16a7aace07,random_alnum_mixed_tld
eincnvlgdwxtqu.net,b5005cc7-6e4d-4dd4-a2aa-9b16a7aace07,random_alnum_mixed_tld
ecmbmsxxtlrcq.co.uk,b5005cc7-6e4d-4dd4-a2aa-9b16a7aace07,random_alnum_mixed_tld
cfovubqfpiek.biz,b5005cc7-6e4d-4dd4-a2aa-9b16a7aace07,random_alnum_mixed_tld
clpdsrtvdawnk.com,b5005cc7-6e4d-4dd4-a2aa-9b16a7aace07,random_alnum_mixed_tld
eixtiajvxroqe.org,b5005cc7-6e4d-4dd4-a2aa-9b16a7aace07,random_alnum_mixed_tld
oensjdhxkiaqnp.net,b5005cc7-6e4d-4dd4-a2aa-9b16a7aace07,random_alnum_mixed_tld
iyvflskouefleqi.co.uk,b5005cc7-6e4d-4dd4-a2aa-9b16a7aace07,random_alnum_mixed_tld
qiqtgxfamcey.biz,b5005cc7-6e4d-4dd4-a2aa-9b16a7aace07,random_alnum_mixed_tld
dflfeusammoy.com,b5005cc7-6e4d-4dd4-a2aa-9b16a7aace07,random_alnum_mixed_tld
aqgmjywwcwebn.org,b5005cc7-6e4d-4dd4-a2aa-9b16a7aace07,random_alnum_mixed_tld
ssdxlwsacghak.net,b5005cc7-6e4d-4dd4-a2aa-9b16a7aace07,random_alnum_mixed_tld
minubcfygvghvo.co.uk,b5005cc7-6e4d-4dd4-a2aa-9b16a7aace07,random_alnum_mixed_tld
igmtvjojyvagltf.biz,b5005cc7-6e4d-4dd4-a2aa-9b16a7aace07,random_alnum_mixed_tld
jslqihhmtfkr.com,b5005cc7-6e4d-4dd4-a2aa-9b16a7aace07,random_alnum_mixed_tld
qhetpmtpggeodoh.org,b5005cc7-6e4d-4dd4-a2aa-9b16a7aace07,random_alnum_mixed_tld
cfekxqmcceebvs.net,b5005cc7-6e4d-4dd4-a2aa-9b16a7aace07,random_alnum_mixed_tld
jtyqbkjvodvrfl.co.uk,b5005cc7-6e4d-4dd4-a2aa-9b16a7aace07,random_alnum_mixed_tld
unmkgoikriyrr.biz,b5005cc7-6e4d-4dd4-a2aa-9b16a7aace07,random_alnum_mixed_tld
damthhbnrygtg.com,b5005cc7-6e4d-4dd4-a2aa-9b16a7aace07,random_alnum_mixed_tld
yrbckqsjhtte.org,b5005cc7-6e4d-4dd4-a2aa-9b16a7aace07,random_alnum_mixed_tld
ubinxgybefbmuow.net,b5005cc7-6e4d-4dd4-a2aa-9b16a7aace07,random_alnum_mixed_tld
xbssuaenbjgcafe.co.uk,b5005cc7-6e4d-4dd4-a2aa-9b16a7aace07,random_alnum_mixed_tld
vdpeormkygnejo.biz,b5005cc7-6e4d-4dd4-a2aa-9b16a7aace07,random_alnum_mixed_tld
eleucmoidrbkngv.com,b5005cc7-6e4d-4dd4-a2aa-9b16a7aace07,random_alnum_mixed_tld
kjnkrmsontygdt.org,b5005cc7-6e4d-4dd4-a2aa-9b16a7aace07,random_alnum_mixed_tld
adkvdbiumotiud.net,b5005cc7-6e4d-4dd4-a2aa-9b16a7aace07,random_alnum_mixed_tld
icobdlbbfkcoe.co.uk,b5005cc7-6e4d-4dd4-a2aa-9b16a7aace07,random_alnum_mixed_tld
xeanifhosocj.biz,b5005cc7-6e4d-4dd4-a2aa-9b16a7aace07,random_alnum_mixed_tld
lxxhpimmybaupgd.com,b5005cc7-6e4d-4dd4-a2aa-9b16a7aace07,random_alnum_mixed_tld
hrdiyrosogfih.org,b5005cc7-6e4d-4dd4-a2aa-9b16a7aace07,random_alnum_mixed_tld
mpjfseqxkgek.net,b5005cc7-6e4d-4dd4-a2aa-9b16a7aace07,random_alnum_mixed_tld
lpsprgfnxalbaqe.co.uk,b5005cc7-6e4d-4dd4-a2aa-9b16a7aace07,random_alnum_mixed_tld
blpuxtjtfdgvsob.biz,b5005cc7-6e4d-4dd4-a2aa-9b16a7aace07,random_alnum_mixed_tld
wbigxfqbmvrk.com,b5005cc7-6e4d-4dd4-a2aa-9b16a7aace07,random_alnum_mixed_tld
jwphaqpovhphioh.org,b5005cc7-6e4d-4dd4-a2aa-9b16a7aace07,random_alnum_mixed_tld
aybswhnbdpudrs.net,b5005cc7-6e4d-4dd4-a2aa-9b16a7aace07,random_alnum_mixed_tld
fpiawaxlrxnwg.co.uk,b5005cc7-6e4d-4dd4-a2aa-9b16a7aace07,random_alnum_mixed_tld
nafjkarfqdisy.biz,b5005cc7-6e4d-4dd4-a2aa-9b16a7aace07,random_alnum_mixed_tld
dgtqbqgmfpvyu.com,b5005cc7-6e4d-4dd4-a2aa-9b16a7aace07,random_alnum_mixed_tld
yktywvfdkxea.org,b5005cc7-6e4d-4dd4-a2aa-9b16a7aace07,random_alnum_mixed_tld
miwqotgolwgvpow.net,b5005cc7-6e4d-4dd4-a2aa-9b16a7aace07,random_alnum_mixed_tld
bdqxqxjtjlmatv.co.uk,b5005cc7-6e4d-4dd4-a2aa-9b16a7aace07,random_alnum_mixed_tld
eownamoumkfkl.biz,b5005cc7-6e4d-4dd4-a2aa-9b16a7aace07,random_alnum_mixed_tld
nprhehjmypoie.com,b5005cc7-6e4d-4dd4-a2aa-9b16a7aace07,random_alnum_mixed_tld
ypcfotaofhfanc.org,b5005cc7-6e4d-4dd4-a2aa-9b16a7aace07,random_alnum_mixed_tld
tqxerbrqqnyqss.net,b5005cc7-6e4d-4dd4-a2aa-9b16a7aace07,random_alnum_mixed_tld
ksfmkbyuvgafwwe.co.uk,b5005cc7-6e4d-4dd4-a2aa-9b16a7aace07,random_alnum_mixed_tld
yploqgafljud.biz,b5005cc7-6e4d-4dd4-a2aa-9b16a7aace07,random_alnum_mixed_tld
ovpdmxlsqkvav.com,b5005cc7-6e4d-4dd4-a2aa-9b16a7aace07,random_alnum_mixed_tld
fqjstqacofcm.org,b5005cc7-6e4d-4dd4-a2aa-9b16a7aace07,random_alnum_mixed_tld
ofhovnevuixmotr.net,b5005cc7-6e4d-4dd4-a2aa-9b16a7aace07,random_alnum_mixed_tld
mjywnwvaomqfdi.co.uk,b5005cc7-6e4d-4dd4-a2aa-9b16a7aace07,random_alnum_mixed_tld
yaqrdcjqftahi.biz,b5005cc7-6e4d-4dd4-a2aa-9b16a7aace07,random_alnum_mixed_tld
tvsftoomprywy.com,b5005cc7-6e4d-4dd4-a2aa-9b16a7aace07,random_alnum_mixed_tld
intkynrrmqhk.org,b5005cc7-6e4d-4dd4-a2aa-9b16a7aace07,random_alnum_mixed_tld
dloalerkyclw.net,b5005cc7-6e4d-4dd4-a2aa-9b16a7aace07,random_alnum_mixed_tld
ghkquykexpvpyxb.co.uk,b5005cc7-6e4d-4dd4-a2aa-9b16a7aace07,random_alnum_mixed_tld
gadmjumsbngjxb.biz,b5005cc7-6e4d-4dd4-a2aa-9b16a7aace07,random_alnum_mixed_tld
cpdruymrjigwpjj.com,b5005cc7-6e4d-4dd4-a2aa-9b16a7aace07,random_alnum_mixed_tld
vuyeivrfsdlp.org,b5005cc7-6e4d-4dd4-a2aa-9b16a7aace07,random_alnum_mixed_tld
jojfeovsjeahv.net,b5005cc7-6e4d-4dd4-a2aa-9b16a7aace07,random_alnum_mixed_tld
uxukjukrdvjkc.co.uk,b5005cc7-6e4d-4dd4-a2aa-9b16a7aace07,random_alnum_mixed_tld
fdykuadyxynsup.biz,b5005cc7-6e4d-4dd4-a2aa-9b16a7aace07,random_alnum_mixed_tld
tmvafcwgoqwa.com,b5005cc7-6e4d-4dd4-a2aa-9b16a7aace07,random_alnum_mixed_tld
uibjytdmufhtwtj.org,b5005cc7-6e4d-4dd4-a2aa-9b16a7aace07,random_alnum_mixed_tld
ypsslcgcxptbgb.net,b5005cc7-6e4d-4dd4-a2aa-9b16a7aace07,random_alnum_mixed_tld
jngvgolnxmtwy.co.uk,b5005cc7-6e4d-4dd4-a2aa-9b16a7aace07,random_alnum_mixed_tld
kucaekjlhdtsn.biz,b5005cc7-6e4d-4dd4-a2aa-9b16a7aace07,random_alnum_mixed_tld
odvkglmwdgyjh.com,b5005cc7-6e4d-4dd4-a2aa-9b16a7aace07,random_alnum_mixed_tld
yrkjwkeocrdg.org,b5005cc7-6e4d-4dd4-a2aa-9b16a7aace07,random_alnum_mixed_tld
ttugtxpcklsmlfs.net,b5005cc7-6e4d-4dd4-a2aa-9b16a7aace07,random_alnum_mixed_tld
qkekycxqwegjli.co.uk,b5005cc7-6e4d-4dd4-a2aa-9b16a7aace07,random_alnum_mixed_tld
prlclhtxgwuxg.biz,b5005cc7-6e4d-4dd4-a2aa-9b16a7aace07,random_alnum_mixed_tld
rrqylxfiouvuot.com,b5005cc7-6e4d-4dd4-a2aa-9b16a7aace07,random_alnum_mixed_tld
rofnfkjrjhpqmx.org,b5005cc7-6e4d-4dd4-a2aa-9b16a7aace07,random_alnum_mixed_tld
ywahxxmvddxak.net,b5005cc7-6e4d-4dd4-a2aa-9b16a7aace07,random_alnum_mixed_tld
wgjoxwwdwuuq.co.uk,b5005cc7-6e4d-4dd4-a2aa-9b16a7aace07,random_alnum_mixed_tld
aftmqwyukwsnxfj.biz,b5005cc7-6e4d-4dd4-a2aa-9b16a7aace07,random_alnum_mixed_tld
beykciejofaneur.com,b5005cc7-6e4d-4dd4-a2aa-9b16a7aace07,random_alnum_mixed_tld
qfduankhyawnai.org,b5005cc7-6e4d-4dd4-a2aa-9b16a7aace07,random_alnum_mixed_tld
adwmmvggabtwv.net,b5005cc7-6e4d-4dd4-a2aa-9b16a7aace07,random_alnum_mixed_tld
paaptippslbmg.co.uk,b5005cc7-6e4d-4dd4-a2aa-9b16a7aace07,random_alnum_mixed_tld
wxgslljdmguf.biz,b5005cc7-6e4d-4dd4-a2aa-9b16a7aace07,random_alnum_mixed_tld
gtdaqtluweyxpo.com,b5005cc7-6e4d-4dd4-a2aa-9b16a7aace07,random_alnum_mixed_tld
htahihqqxyquuva.org,b5005cc7-6e4d-4dd4-a2aa-9b16a7aace07,random_alnum_mixed_tld
cfpgcnktugca.net,b5005cc7-6e4d-4dd4-a2aa-9b16a7aace07,random_alnum_mixed_tld
srcbnxsoejxp.co.uk,b5005cc7-6e4d-4dd4-a2aa-9b16a7aace07,random_alnum_mixed_tld
vubmneowadagu.biz,b5005cc7-6e4d-4dd4-a2aa-9b16a7aace07,random_alnum_mixed_tld
iruoamrefdwko.com,b5005cc7-6e4d-4dd4-a2aa-9b16a7aace07,random_alnum_mixed_tld
fyeaareyiuum.org,b5005cc7-6e4d-4dd4-a2aa-9b16a7aace07,random_alnum_mixed_tld
lqmqinlgeaiqqdx.net,b5005cc7-6e4d-4dd4-a2aa-9b16a7aace07,random_alnum_mixed_tld
ygwnraltrsnynym.co.uk,b5005cc7-6e4d-4dd4-a2aa-9b16a7aace07,random_alnum_mixed_tld
gynsydibfkwocr.biz,b5005cc7-6e4d-4dd4-a2aa-9b16a7aace07,random_alnum_mixed_tld
plmofmlkgpknd.com,b5005cc7-6e4d-4dd4-a2aa-9b16a7aace07,random_alnum_mixed_tld
wuclyakdnfna.org,b5005cc7-6e4d-4dd4-a2aa-9b16a7aace07,random_alnum_mixed_tld
aldmppsrejferly.net,b5005cc7-6e4d-4dd4-a2aa-9b16a7aace07,random_alnum_mixed_tld
vojgixmbxoqhuak.co.uk,b5005cc7-6e4d-4dd4-a2aa-9b16a7aace07,random_alnum_mixed_tld
rrihhimtcgenol.biz,b5005cc7-6e4d-4dd4-a2aa-9b16a7aace07,random_alnum_mixed_tld
dybirgmvaqojs.com,b5005cc7-6e4d-4dd4-a2aa-9b16a7aace07,random_alnum_mixed_tld
xksxarbgnkma.org,b5005cc7-6e4d-4dd4-a2aa-9b16a7aace07,random_alnum_mixed_tld
mscuhqgsophejsd.net,b5005cc7-6e4d-4dd4-a2aa-9b16a7aace07,random_alnum_mixed_tld
rwgyhaqkxmdfgep.co.uk,b5005cc7-6e4d-4dd4-a2aa-9b16a7aace07,random_alnum_mixed_tld
ejiuepwkdpkijr.biz,b5005cc7-6e4d-4dd4-a2aa-9b16a7aace07,random_alnum_mixed_tld
ijjttrxtewnegle.com,b5005cc7-6e4d-4dd4-a2aa-9b16a7aace07,random_alnum_mixed_tld
inejswyatqunlys.org,b5005cc7-6e4d-4dd4-a2aa-9b16a7aace07,random_alnum_mixed_tld
evshyaseorbmei.net,b5005cc7-6e4d-4dd4-a2aa-9b16a7aace07,random_alnum_mixed_tld
vebkrclhpdfqq.co.uk,b5005cc7-6e4d-4dd4-a2aa-9b16a7aace07,random_alnum_mixed_tld
vwnvxqnyqdkl.biz,b5005cc7-6e4d-4dd4-a2aa-9b16a7aace07,random_alnum_mixed_tld
tfwkobnrxbow.com,b5005cc7-6e4d-4dd4-a2aa-9b16a7aace07,random_alnum_mixed_tld
tkoejiifvsvjl.org,b5005cc7-6e4d-4dd4-a2aa-9b16a7aace07,random_alnum_mixed_tld
cfehcmlnragblu.net,b5005cc7-6e4d-4dd4-a2aa-9b16a7aace07,random_alnum_mixed_tld
sdrlkfkhxsdsrfn.co.uk,b5005cc7-6e4d-4dd4-a2aa-9b16a7aace07,random_alnum_mixed_tld
mwmqchvumyrjwgy.biz,b5005cc7-6e4d-4dd4-a2aa-9b16a7aace07,random_alnum_mixed_tld
xtqfucjjcfcr.com,b5005cc7-6e4d-4dd4-a2aa-9b16a7aace07,random_alnum_mixed_tld
kxwxuhgrnsvryxq.org,b5005cc7-6e4d-4dd4-a2aa-9b16a7aace07,random_alnum_mixed_tld
yloqvvygurtmloy.net,b5005cc7-6e4d-4dd4-a2aa-9b16a7aace07,random_alnum_mixed_tld
edueelavlgwauo.co.uk,b5005cc7-6e4d-4dd4-a2aa-9b16a7aace07,random_alnum_mixed_tld
cujpedoqxfbsn.biz,b5005cc7-6e4d-4dd4-a2aa-9b16a7aace07,random_alnum_mixed_tld
kymjvuauoktmwp.com,b5005cc7-6e4d-4dd4-a2aa-9b16a7aace07,random_alnum_mixed_tld
cvgvwxsjghppon.org,b5005cc7-6e4d-4dd4-a2aa-9b16a7aace07,random_alnum_mixed_tld
rxybkhajisgesev.net,b5005cc7-6e4d-4dd4-a2aa-9b16a7aace07,random_alnum_mixed_tld
tjxumatrmdti.co.uk,b5005cc7-6e4d-4dd4-a2aa-9b16a7aace07,random_alnum_mixed_tld
iobtrwrgufatv.biz,b5005cc7-6e4d-4dd4-a2aa-9b16a7aace07,random_alnum_mixed_tld
brkoiskixyuimj.com,b5005cc7-6e4d-4dd4-a2aa-9b16a7aace07,random_alnum_mixed_tld
hiidlsiguexpjv.org,b5005cc7-6e4d-4dd4-a2aa-9b16a7aace07,random_alnum_mixed_tld
amhbnvybowkifus.net,b5005cc7-6e4d-4dd4-a2aa-9b16a7aace07,random_alnum_mixed_tld
hntmhkjkcvdx.co.uk,b5005cc7-6e4d-4dd4-a2aa-9b16a7aace07,random_alnum_mixed_tld
fxvtasthhxyko.biz,b5005cc7-6e4d-4dd4-a2aa-9b16a7aace07,random_alnum_mixed_tld
chuadvklmwdory.com,b5005cc7-6e4d-4dd4-a2aa-9b16a7aace07,random_alnum_mixed_tld
cpqeqqnkfncpld.org,b5005cc7-6e4d-4dd4-a2aa-9b16a7aace07,random_alnum_mixed_tld
oyyspbtyecsft.net,b5005cc7-6e4d-4dd4-a2aa-9b16a7aace07,random_alnum_mixed_tld
dkmmwoukqjbr.co.uk,b5005cc7-6e4d-4dd4-a2aa-9b16a7aace07,random_alnum_mixed_tld
jdehokmloajqavw.biz,b5005cc7-6e4d-4dd4-a2aa-9b16a7aace07,random_alnum_mixed_tld
kychcqpuesgquae.com,b5005cc7-6e4d-4dd4-a2aa-9b16a7aace07,random_alnum_mixed_tld
rcdlbosennyd.org,b5005cc7-6e4d-4dd4-a2aa-9b16a7aace07,random_alnum_mixed_tld
xvvqyilebknts.net,b5005cc7-6e4d-4dd4-a2aa-9b16a7aace07,random_alnum_mixed_tld
dktulnebjfftd.co.uk,b5005cc7-6e4d-4dd4-a2aa-9b16a7aace07,random_alnum_mixed_tld
mdivixdqsdqumi.biz,b5005cc7-6e4d-4dd4-a2aa-9b16a7aace07,random_alnum_mixed_tld
qackddlvrpspsq.com,b5005cc7-6e4d-4dd4-a2aa-9b16a7aace07,random_alnum_mixed_tld
cavgemgtghpsclx.org,b5005cc7-6e4d-4dd4-a2aa-9b16a7aace07,random_alnum_mixed_tld
eeaiaqcburso.net,b5005cc7-6e4d-4dd4-a2aa-9b16a7aace07,random_alnum_mixed_tld
salikhyrsxqn.co.uk,b5005cc7-6e4d-4dd4-a2aa-9b16a7aace07,random_alnum_mixed_tld
koyxvosajcdil.biz,b5005cc7-6e4d-4dd4-a2aa-9b16a7aace07,random_alnum_mixed_tld
eomtqyndyjkktv.com,b5005cc7-6e4d-4dd4-a2aa-9b16a7aace07,random_alnum_mixed_tld
alqyaxubrtkxkbh.org,b5005cc7-6e4d-4dd4-a2aa-9b16a7aace07,random_alnum_mixed_tld
mkvmvnegceoq.net,b5005cc7-6e4d-4dd4-a2aa-9b16a7aace07,random_alnum_mixed_tld
jwttggxdqocmd.co.uk,b5005cc7-6e4d-4dd4-a2aa-9b16a7aace07,random_alnum_mixed_tld
lokutmdloawmiy.biz,b5005cc7-6e4d-4dd4-a2aa-9b16a7aace07,random_alnum_mixed_tld
rghjwfhaulwpbb.com,b5005cc7-6e4d-4dd4-a2aa-9b16a7aace07,random_alnum_mixed_tld
yxvfbnooitboc.org,b5005cc7-6e4d-4dd4-a2aa-9b16a7aace07,random_alnum_mixed_tld
trfmnyylfdha.net,b5005cc7-6e4d-4dd4-a2aa-9b16a7aace07,random_alnum_mixed_tld
cjlueqfwicqaimy.co.uk,b5005cc7-6e4d-4dd4-a2aa-9b16a7aace07,random_alnum_mixed_tld
ndgpgkqybionxj.biz,b5005cc7-6e4d-4dd4-a2aa-9b16a7aace07,random_alnum_mixed_tld
lcxwkxhqblrdfm.com,b5005cc7-6e4d-4dd4-a2aa-9b16a7aace07,random_alnum_mixed_tld
sjuyihtcnmrul.org,b5005cc7-6e4d-4dd4-a2aa-9b16a7aace07,random_alnum_mixed_tld
wqyylvkiiibi.net,b5005cc7-6e4d-4dd4-a2aa-9b16a7aace07,random_alnum_mixed_tld
ieusuwuiugqk.co.uk,b5005cc7-6e4d-4dd4-a2aa-9b16a7aace07,random_alnum_mixed_tld
pqwgqkioasbixjr.biz,b5005cc7-6e4d-4dd4-a2aa-9b16a7aace07,random_alnum_mixed_tld
smlrufvjlpcm.com,b5005cc7-6e4d-4dd4-a2aa-9b16a7aace07,random_alnum_mixed_tld
pohsceaagefiati.org,b5005cc7-6e4d-4dd4-a2aa-9b16a7aace07,random_alnum_mixed_tld
wjnmcnvdhcfojn.net,b5005cc7-6e4d-4dd4-a2aa-9b16a7aace07,random_alnum_mixed_tld
yxjobfojbqdyyi.co.uk,b5005cc7-6e4d-4dd4-a2aa-9b16a7aace07,random_alnum_mixed_tld
gwftmrwlwjsee.biz,b5005cc7-6e4d-4dd4-a2aa-9b16a7aace07,random_alnum_mixed_tld
iyouqdtbvquwgs.com,b5005cc7-6e4d-4dd4-a2aa-9b16a7aace07,random_alnum_mixed_tld
tkdlagoieleejt.org,b5005cc7-6e4d-4dd4-a2aa-9b16a7aace07,random_alnum_mixed_tld
nfnxnitdcfrgfow.net,b5005cc7-6e4d-4dd4-a2aa-9b16a7aace07,random_alnum_mixed_tld
rjfgimfafvum.co.uk,b5005cc7-6e4d-4dd4-a2aa-9b16a7aace07,random_alnum_mixed_tld
enrbhfradotji.biz,b5005cc7-6e4d-4dd4-a2aa-9b16a7aace07,random_alnum_mixed_tld
qpbpbueoikxnbj.com,b5005cc7-6e4d-4dd4-a2aa-9b16a7aace07,random_alnum_mixed_tld
poskfvmriqclaaa.org,b5005cc7-6e4d-4dd4-a2aa-9b16a7aace07,random_alnum_mixed_tld
iyqtqxhbfexn.net,b5005cc7-6e4d-4dd4-a2aa-9b16a7aace07,random_alnum_mixed_tld
bbtgumsxkntt.co.uk,b5005cc7-6e4d-4dd4-a2aa-9b16a7aace07,random_alnum_mixed_tld
xhwlgpbyxmqmo.biz,b5005cc7-6e4d-4dd4-a2aa-9b16a7aace07,random_alnum_mixed_tld
ljhgpcgnqhlawno.com,b5005cc7-6e4d-4dd4-a2aa-9b16a7aace07,random_alnum_mixed_tld
yjbcstibhivufr.org,b5005cc7-6e4d-4dd4-a2aa-9b16a7aace07,random_alnum_mixed_tld
guaahhwqqmwnqx.net,b5005cc7-6e4d-4dd4-a2aa-9b16a7aace07,random_alnum_mixed_tld
kkymaufhkwvpr.co.uk,b5005cc7-6e4d-4dd4-a2aa-9b16a7aace07,random_alnum_mixed_tld
bvpruqvxvhsg.biz,b5005cc7-6e4d-4dd4-a2aa-9b16a7aace07,random_alnum_mixed_tld
qkffuecodjmf.com,b5005cc7-6e4d-4dd4-a2aa-9b16a7aace07,random_alnum_mixed_tld
vnrxpwtprokkp.org,b5005cc7-6e4d-4dd4-a2aa-9b16a7aace07,random_alnum_mixed_tld
hxsculhciqieff.net,b5005cc7-6e4d-4dd4-a2aa-9b16a7aace07,random_alnum_mixed_tld
xouoguonnuxypki.co.uk,b5005cc7-6e4d-4dd4-a2aa-9b16a7aace07,random_alnum_mixed_tld
wwoyuisyxilqxys.biz,b5005cc7-6e4d-4dd4-a2aa-9b16a7aace07,random_alnum_mixed_tld
wxryfsbeluvur.com,b5005cc7-6e4d-4dd4-a2aa-9b16a7aace07,random_alnum_mixed_tld
ycqsdxwxfalowm.org,b5005cc7-6e4d-4dd4-a2aa-9b16a7aace07,random_alnum_mixed_tld
utcimtardhqdxe.net,b5005cc7-6e4d-4dd4-a2aa-9b16a7aace07,random_alnum_mixed_tld
eygtqndujhoqgru.co.uk,b5005cc7-6e4d-4dd4-a2aa-9b16a7aace07,random_alnum_mixed_tld
olpbobkvjwnw.biz,b5005cc7-6e4d-4dd4-a2aa-9b16a7aace07,random_alnum_mixed_tld
ayfoeiqnnbvgc.com,b5005cc7-6e4d-4dd4-a2aa-9b16a7aace07,random_alnum_mixed_tld
asofrmxpwdenb.org,b5005cc7-6e4d-4dd4-a2aa-9b16a7aace07,random_alnum_mixed_tld
cnicukudymem.net,b5005cc7-6e4d-4dd4-a2aa-9b16a7aace07,random_alnum_mixed_tld
kldffowkyyqumuk.co.uk,b5005cc7-6e4d-4dd4-a2aa-9b16a7aace07,random_alnum_mixed_tld
bgeampdksaqfhb.biz,b5005cc7-6e4d-4dd4-a2aa-9b16a7aace07,random_alnum_mixed_tld
dhyskujcjupnqbl.com,b5005cc7-6e4d-4dd4-a2aa-9b16a7aace07,random_alnum_mixed_tld
xdyhqwqpqfgu.org,b5005cc7-6e4d-4dd4-a2aa-9b16a7aace07,random_alnum_mixed_tld
ciahuonuvumrt.net,b5005cc7-6e4d-4dd4-a2aa-9b16a7aace07,random_alnum_mixed_tld
mpiuxeplkxitj.co.uk,b5005cc7-6e4d-4dd4-a2aa-9b16a7aace07,random_alnum_mixed_tld
gefxscudfyprkw.biz,b5005cc7-6e4d-4dd4-a2aa-9b16a7aace07,random_alnum_mixed_tld
xgjnmmjpybwy.com,b5005cc7-6e4d-4dd4-a2aa-9b16a7aace07,random_alnum_mixed_tld
afruxfpkvbyxnd.org,b5005cc7-6e4d-4dd4-a2aa-9b16a7aace07,random_alnum_mixed_tld
qgjqtxfjjnquper.net,b5005cc7-6e4d-4dd4-a2aa-9b16a7aace07,random_alnum_mixed_tld
ahbniyfqwydj.co.uk,b5005cc7-6e4d-4dd4-a2aa-9b16a7aace07,random_alnum_mixed_tld
cpgrdjjamwwj.biz,b5005cc7-6e4d-4dd4-a2aa-9b16a7aace07,random_alnum_mixed_tld
cnuslgdaonyrw.com,b5005cc7-6e4d-4dd4-a2aa-9b16a7aace07,random_alnum_mixed_tld
mhgoafydmkxo.org,b5005cc7-6e4d-4dd4-a2aa-9b16a7aace07,random_alnum_mixed_tld
iyidijhkrjvjdky.net,b5005cc7-6e4d-4dd4-a2aa-9b16a7aace07,random_alnum_mixed_tld
jrvrolkjlqylrha.co.uk,b5005cc7-6e4d-4dd4-a2aa-9b16a7aace07,random_alnum_mixed_tld
xwxbfpcwlhokol.biz,b5005cc7-6e4d-4dd4-a2aa-9b16a7aace07,random_alnum_mixed_tld
oikjkfifgxtusa.com,b5005cc7-6e4d-4dd4-a2aa-9b16a7aace07,random_alnum_mixed_tld
xadgbnwysirjjhw.org,b5005cc7-6e4d-4dd4-a2aa-9b16a7aace07,random_alnum_mixed_tld
aujuufktcnkdiwu.net,b5005cc7-6e4d-4dd4-a2aa-9b16a7aace07,random_alnum_mixed_tld
vyaxlrkllrrd.co.uk,b5005cc7-6e4d-4dd4-a2aa-9b16a7aace07,random_alnum_mixed_tld
gjhbshuqqnhnc.biz,b5005cc7-6e4d-4dd4-a2aa-9b16a7aace07,random_alnum_mixed_tld
eotdtjradaeqndt.com,b5005cc7-6e4d-4dd4-a2aa-9b16a7aace07,random_alnum_mixed_tld
ocgpdvvkxasnmb.org,b5005cc7-6e4d-4dd4-a2aa-9b16a7aace07,random_alnum_mixed_tld
uminksdkaoqee.net,b5005cc7-6e4d-4dd4-a2aa-9b16a7aace07,random_alnum_mixed_tld
mjbrlqrottqu.co.uk,b5005cc7-6e4d-4dd4-a2aa-9b16a7aace07,random_alnum_mixed_tld
ibwqkchrhkbc.biz,b5005cc7-6e4d-4dd4-a2aa-9b16a7aace07,random_alnum_mixed_tld
oiwrxyykrftc.com,b5005cc7-6e4d-4dd4-a2aa-9b16a7aace07,random_alnum_mixed_tld
waxuvgdtgfshjub.org,b5005cc7-6e4d-4dd4-a2aa-9b16a7aace07,random_alnum_mixed_tld
kdkshfmmdceayy.net,b5005cc7-6e4d-4dd4-a2aa-9b16a7aace07,random_alnum_mixed_tld
gmcggmiqrooduy.co.uk,b5005cc7-6e4d-4dd4-a2aa-9b16a7aace07,random_alnum_mixed_tld
ynltdgkpglyqd.biz,b5005cc7-6e4d-4dd4-a2aa-9b16a7aace07,random_alnum_mixed_tld
wxrpnittxbti.com,b5005cc7-6e4d-4dd4-a2aa-9b16a7aace07,random_alnum_mixed_tld
vgcuwdlqcggvqnv.org,b5005cc7-6e4d-4dd4-a2aa-9b16a7aace07,random_alnum_mixed_tld
sfkyiyskhboyaf.net,b5005cc7-6e4d-4dd4-a2aa-9b16a7aace07,random_alnum_mixed_tld
napkmphmnydkta.co.uk,b5005cc7-6e4d-4dd4-a2aa-9b16a7aace07,random_alnum_mixed_tld
edvatxkstdemw.biz,b5005cc7-6e4d-4dd4-a2aa-9b16a7aace07,random_alnum_mixed_tld
vomgiwohuynu.com,b5005cc7-6e4d-4dd4-a2aa-9b16a7aace07,random_alnum_mixed_tld
ulwwyrnmhpbtlw.org,b5005cc7-6e4d-4dd4-a2aa-9b16a7aace07,random_alnum_mixed_tld
wbewvajmgqkquvp.net,b5005cc7-6e4d-4dd4-a2aa-9b16a7aace07,random_alnum_mixed_tld
leehflynvpgd.co.uk,b5005cc7-6e4d-4dd4-a2aa-9b16a7aace07,random_alnum_mixed_tld
aklmbeveiuab.biz,b5005cc7-6e4d-4dd4-a2aa-9b16a7aace07,random_alnum_mixed_tld
imfqbluofwfio.com,b5005cc7-6e4d-4dd4-a2aa-9b16a7aace07,random_alnum_mixed_tld
nypoogawowjh.org,b5005cc7-6e4d-4dd4-a2aa-9b16a7aace07,random_alnum_mixed_tld
lovhegsjycoacxr.net,b5005cc7-6e4d-4dd4-a2aa-9b16a7aace07,random_alnum_mixed_tld
nthvarykpwkhkfk.co.uk,b5005cc7-6e4d-4dd4-a2aa-9b16a7aace07,random_alnum_mixed_tld
dhwvdghmpxhqoq.biz,b5005cc7-6e4d-4dd4-a2aa-9b16a7aace07,random_alnum_mixed_tld
vtnilqwyjakpwb.com,b5005cc7-6e4d-4dd4-a2aa-9b16a7aace07,random_alnum_mixed_tld
mvfvcdgpnjcvj.org,b5005cc7-6e4d-4dd4-a2aa-9b16a7aace07,random_alnum_mixed_tld
bqvwdodokkjo.net,b5005cc7-6e4d-4dd4-a2aa-9b16a7aace07,random_alnum_mixed_tld
mkgebhixpowufej.co.uk,b5005cc7-6e4d-4dd4-a2aa-9b16a7aace07,random_alnum_mixed_tld
rauqnmpdcooarqs.biz,b5005cc7-6e4d-4dd4-a2aa-9b16a7aace07,random_alnum_mixed_tld
gukdtklsaodee.com,b5005cc7-6e4d-4dd4-a2aa-9b16a7aace07,random_alnum_mixed_tld
qlqncxqnbiymj.org,b5005cc7-6e4d-4dd4-a2aa-9b16a7aace07,random_alnum_mixed_tld
ejmgehhvxmvsfv.net,b5005cc7-6e4d-4dd4-a2aa-9b16a7aace07,random_alnum_mixed_tld
vyrphxlustapojj.co.uk,b5005cc7-6e4d-4dd4-a2aa-9b16a7aace07,random_alnum_mixed_tld
vjeavayqxmrq.biz,b5005cc7-6e4d-4dd4-a2aa-9b16a7aace07,random_alnum_mixed_tld
dbhlaablfljnxic.com,b5005cc7-6e4d-4dd4-a2aa-9b16a7aace07,random_alnum_mixed_tld
chrmxyjicjjm.org,b5005cc7-6e4d-4dd4-a2aa-9b16a7aace07,random_alnum_mixed_tld
jylvcvtdiwxq.net,b5005cc7-6e4d-4dd4-a2aa-9b16a7aace07,random_alnum_mixed_tld
ekgbteifysicf.co.uk,b5005cc7-6e4d-4dd4-a2aa-9b16a7aace07,random_alnum_mixed_tld
milseecppucayh.biz,b5005cc7-6e4d-4dd4-a2aa-9b16a7aace07,random_alnum_mixed_tld
bpfkqhufnlrlcev.com,b5005cc7-6e4d-4dd4-a2aa-9b16a7aace07,random_alnum_mixed_tld
lvjibccjutpkkj.org,b5005cc7-6e4d-4dd4-a2aa-9b16a7aace07,random_alnum_mixed_tld
hiblwbnfuvfup.net,b5005cc7-6e4d-4dd4-a2aa-9b16a7aace07,random_alnum_mixed_tld
tonxbggocieut.co.uk,b5005cc7-6e4d-4dd4-a2aa-9b16a7aace07,random_alnum_mixed_tld
vmbdurnyvtei.biz,b5005cc7-6e4d-4dd4-a2aa-9b16a7aace07,random_alnum_mixed_tld
phtcvetnxyub.com,b5005cc7-6e4d-4dd4-a2aa-9b16a7aace07,random_alnum_mixed_tld
drdcivnykeypju.org,b5005cc7-6e4d-4dd4-a2aa-9b16a7aace07,random_alnum_mixed_tld
wjahbqkksxqfqkx.net,b5005cc7-6e4d-4dd4-a2aa-9b16a7aace07,random_alnum_mixed_tld
klrtishhpbij.co.uk,b5005cc7-6e4d-4dd4-a2aa-9b16a7aace07,random_alnum_mixed_tld
hdkjdyfdjpmk.biz,b5005cc7-6e4d-4dd4-a2aa-9b16a7aace07,random_alnum_mixed_tld
cwetpypkqkpm.com,b5005cc7-6e4d-4dd4-a2aa-9b16a7aace07,random_alnum_mixed_tld
quruftgranmfkx.org,b5005cc7-6e4d-4dd4-a2aa-9b16a7aace07,random_alnum_mixed_tld
skujncxorjidjjp.net,b5005cc7-6e4d-4dd4-a2aa-9b16a7aace07,random_alnum_mixed_tld
hfywlsrpajfl.co.uk,b5005cc7-6e4d-4dd4-a2aa-9b16a7aace07,random_alnum_mixed_tld
vlkqsswjigjp.biz,b5005cc7-6e4d-4dd4-a2aa-9b16a7aace07,random_alnum_mixed_tld
eddygekhdvvfco.com,b5005cc7-6e4d-4dd4-a2aa-9b16a7aace07,random_alnum_mixed_tld
onarbwpwnjjshoc.org,b5005cc7-6e4d-4dd4-a2aa-9b16a7aace07,random_alnum_mixed_tld
abvcbcjrxhlc.net,b5005cc7-6e4d-4dd4-a2aa-9b16a7aace07,random_alnum_mixed_tld
kogbrslxquto.co.uk,b5005cc7-6e4d-4dd4-a2aa-9b16a7aace07,random_alnum_mixed_tld
uogijagvdnyub.biz,b5005cc7-6e4d-4dd4-a2aa-9b16a7aace07,random_alnum_mixed_tld
umvboicjjtseyah.com,b5005cc7-6e4d-4dd4-a2aa-9b16a7aace07,random_alnum_mixed_tld
vljhmnotwsbe.org,b5005cc7-6e4d-4dd4-a2aa-9b16a7aace07,random_alnum_mixed_tld
mnrxshkqbtsux.net,b5005cc7-6e4d-4dd4-a2aa-9b16a7aace07,random_alnum_mixed_tld
bjfkrxgqdjywl.co.uk,b5005cc7-6e4d-4dd4-a2aa-9b16a7aace07,random_alnum_mixed_tld
xxonbprhujxqqm.biz,b5005cc7-6e4d-4dd4-a2aa-9b16a7aace07,random_alnum_mixed_tld
epqrsoedtfdrp.com,b5005cc7-6e4d-4dd4-a2aa-9b16a7aace07,random_alnum_mixed_tld
lpoxipjtspgh.org,b5005cc7-6e4d-4dd4-a2aa-9b16a7aace07,random_alnum_mixed_tld
xarumrceotth.net,b5005cc7-6e4d-4dd4-a2aa-9b16a7aace07,random_alnum_mixed_tld
ugogbguqhbuvpkv.co.uk,b5005cc7-6e4d-4dd4-a2aa-9b16a7aace07,random_alnum_mixed_tld
sgnvwxqddrfkqq.biz,b5005cc7-6e4d-4dd4-a2aa-9b16a7aace07,random_alnum_mixed_tld
kfvqslvegwwix.com,b5005cc7-6e4d-4dd4-a2aa-9b16a7aace07,random_alnum_mixed_tld
iqtfcjybqaea.org,b5005cc7-6e4d-4dd4-a2aa-9b16a7aace07,random_alnum_mixed_tld
mukkbwryotlhrdc.net,b5005cc7-6e4d-4dd4-a2aa-9b16a7aace07,random_alnum_mixed_tld
bbatytjecwxpxca.co.uk,b5005cc7-6e4d-4dd4-a2aa-9b16a7aace07,random_alnum_mixed_tld
updjnlxdunymnp.biz,b5005cc7-6e4d-4dd4-a2aa-9b16a7aace07,random_alnum_mixed_tld
pslgnbfajpkgw.com,b5005cc7-6e4d-4dd4-a2aa-9b16a7aace07,random_alnum_mixed_tld
wrgoxcmleumh.org,b5005cc7-6e4d-4dd4-a2aa-9b16a7aace07,random_alnum_mixed_tld
vdnypiccaxrnljw.net,b5005cc7-6e4d-4dd4-a2aa-9b16a7aace07,random_alnum_mixed_tld
xlavxpwdewrcds.co.uk,b5005cc7-6e4d-4dd4-a2aa-9b16a7aace07,random_alnum_mixed_tld
pwuoakcfmcrsol.biz,b5005cc7-6e4d-4dd4-a2aa-9b16a7aace07,random_alnum_mixed_tld
ikukhufqjkxi.com,b5005cc7-6e4d-4dd4-a2aa-9b16a7aace07,random_alnum_mixed_tld
wglyqnmihbtm.org,b5005cc7-6e4d-4dd4-a2aa-9b16a7aace07,random_alnum_mixed_tld
wppvwmtgqladd.net,b5005cc7-6e4d-4dd4-a2aa-9b16a7aace07,random_alnum_mixed_tld
olljxcatpygbnl.co.uk,b5005cc7-6e4d-4dd4-a2aa-9b16a7aace07,random_alnum_mixed_tld
fmaghioformkfwh.biz,b5005cc7-6e4d-4dd4-a2aa-9b16a7aace07,random_alnum_mixed_tld
vqyxebgjssmdr.com,b5005cc7-6e4d-4dd4-a2aa-9b16a7aace07,random_alnum_mixed_tld
krmsyslxrrxmwp.org,b5005cc7-6e4d-4dd4-a2aa-9b16a7aace07,random_alnum_mixed_tld
kmhlhbplmwwlvmh.net,b5005cc7-6e4d-4dd4-a2aa-9b16a7aace07,random_alnum_mixed_tld
sdruypuxtnncnll.co.uk,b5005cc7-6e4d-4dd4-a2aa-9b16a7aace07,random_alnum_mixed_tld
vjidlugsmgpf.biz,b5005cc7-6e4d-4dd4-a2aa-9b16a7aace07,random_alnum_mixed_tld
ndlycubpawobha.com,b5005cc7-6e4d-4dd4-a2aa-9b16a7aace07,random_alnum_mixed_tld
fnyoqxbdliewa.org,b5005cc7-6e4d-4dd4-a2aa-9b16a7aace07,random_alnum_mixed_tld
abftahwbjntwj.net,b5005cc7-6e4d-4dd4-a2aa-9b16a7aace07,random_alnum_mixed_tld
kvfnfablqpjo.co.uk,b5005cc7-6e4d-4dd4-a2aa-9b16a7aace07,random_alnum_mixed_tld
jmrdkmfufqhehti.biz,b5005cc7-6e4d-4dd4-a2aa-9b16a7aace07,random_alnum_mixed_tld
cpmdurgxxksm.com,b5005cc7-6e4d-4dd4-a2aa-9b16a7aace07,random_alnum_mixed_tld
mgeqbmcrwwhpmjp.org,b5005cc7-6e4d-4dd4-a2aa-9b16a7aace07,random_alnum_mixed_tld
enqcrfywryredc.net,b5005cc7-6e4d-4dd4-a2aa-9b16a7aace07,random_alnum_mixed_tld
exqoeiimyfaqba.co.uk,b5005cc7-6e4d-4dd4-a2aa-9b16a7aace07,random_alnum_mixed_tld
qvyfyaeaimrab.biz,b5005cc7-6e4d-4dd4-a2aa-9b16a7aace07,random_alnum_mixed_tld
msexchyrntmrti.com,b5005cc7-6e4d-4dd4-a2aa-9b16a7aace07,random_alnum_mixed_tld
uaosngswtsbynn.org,b5005cc7-6e4d-4dd4-a2aa-9b16a7aace07,random_alnum_mixed_tld
nheetvnwojnus.net,b5005cc7-6e4d-4dd4-a2aa-9b16a7aace07,random_alnum_mixed_tld
tscbjxvjlsep.co.uk,b5005cc7-6e4d-4dd4-a2aa-9b16a7aace07,random_alnum_mixed_tld
tfthfhvffstkwcc.biz,b5005cc7-6e4d-4dd4-a2aa-9b16a7aace07,random_alnum_mixed_tld
rvaiietqgcccx.com,b5005cc7-6e4d-4dd4-a2aa-9b16a7aace07,random_alnum_mixed_tld
rhyhgwjqehnknvv.org,b5005cc7-6e4d-4dd4-a2aa-9b16a7aace07,random_alnum_mixed_tld
tbceyjmpswcwag.net,b5005cc7-6e4d-4dd4-a2aa-9b16a7aace07,random_alnum_mixed_tld
pyjruuyskatfu.co.uk,b5005cc7-6e4d-4dd4-a2aa-9b16a7aace07,random_alnum_mixed_tld
ioxemtmmcdmef.biz,b5005cc7-6e4d-4dd4-a2aa-9b16a7aace07,random_alnum_mixed_tld
xswrtwlispynmk.com,b5005cc7-6e4d-4dd4-a2aa-9b16a7aace07,random_alnum_mixed_tld
rdeumsttfkptdti.org,b5005cc7-6e4d-4dd4-a2aa-9b16a7aace07,random_alnum_mixed_tld
asgyobgrweeuqdx.net,b5005cc7-6e4d-4dd4-a2aa-9b16a7aace07,random_alnum_mixed_tld
ghnhdievwjfw.co.uk,b5005cc7-6e4d-4dd4-a2aa-9b16a7aace07,random_alnum_mixed_tld
jhsxnswdrthvi.biz,b5005cc7-6e4d-4dd4-a2aa-9b16a7aace07,random_alnum_mixed_tld
ajnshgeqqhbkran.com,b5005cc7-6e4d-4dd4-a2aa-9b16a7aace07,random_alnum_mixed_tld
gwkrhvterttcjb.org,b5005cc7-6e4d-4dd4-a2aa-9b16a7aace07,random_alnum_mixed_tld
ydfyhlfupohxf.net,b5005cc7-6e4d-4dd4-a2aa-9b16a7aace07,random_alnum_mixed_tld
hqimynssanfdk.co.uk,b5005cc7-6e4d-4dd4-a2aa-9b16a7aace07,random_alnum_mixed_tld
wiktuuxefsqh.biz,b5005cc7-6e4d-4dd4-a2aa-9b16a7aace07,random_alnum_mixed_tld
gsculfgbfrtff.com,b5005cc7-6e4d-4dd4-a2aa-9b16a7aace07,random_alnum_mixed_tld
byktvdaybpolbk.org,b5005cc7-6e4d-4dd4-a2aa-9b16a7aace07,random_alnum_mixed_tld
aadebbfwqsrtyre.net,b5005cc7-6e4d-4dd4-a2aa-9b16a7aace07,random_alnum_mixed_tld
shpomispegdkhct.co.uk,b5005cc7-6e4d-4dd4-a2aa-9b16a7aace07,random_alnum_mixed_tld
noynuvbvgeyt.biz,b5005cc7-6e4d-4dd4-a2aa-9b16a7aace07,random_alnum_mixed_tld
taeoxabxrdqqrwn.com,b5005cc7-6e4d-4dd4-a2aa-9b16a7aace07,random_alnum_mixed_tld
nbmdofbunrpfda.org,b5005cc7-6e4d-4dd4-a2aa-9b16a7aace07,random_alnum_mixed_tld
evsobkgkafbno.net,b5005cc7-6e4d-4dd4-a2aa-9b16a7aace07,random_alnum_mixed_tld
ljlxyfpprfsx.co.uk,b5005cc7-6e4d-4dd4-a2aa-9b16a7aace07,random_alnum_mixed_tld
nspygpveoaogmlp.biz,b5005cc7-6e4d-4dd4-a2aa-9b16a7aace07,random_alnum_mixed_tld
ypuxvbuxnqgogid.com,b5005cc7-6e4d-4dd4-a2aa-9b16a7aace07,random_alnum_mixed_tld
lwwsaidsydmv.org,b5005cc7-6e4d-4dd4-a2aa-9b16a7aace07,random_alnum_mixed_tld
efggpbtcudoja.net,b5005cc7-6e4d-4dd4-a2aa-9b16a7aace07,random_alnum_mixed_tld
ghlhlgvenewbby.co.uk,b5005cc7-6e4d-4dd4-a2aa-9b16a7aace07,random_alnum_mixed_tld
avhrirmuloqgopu.biz,b5005cc7-6e4d-4dd4-a2aa-9b16a7aace07,random_alnum_mixed_tld
mqvdyegiscrsu.com,b5005cc7-6e4d-4dd4-a2aa-9b16a7aace07,random_alnum_mixed_tld
swhdfqfbjiykfhh.org,b5005cc7-6e4d-4dd4-a2aa-9b16a7aace07,random_alnum_mixed_tld
jrmaaklahvqsoh.net,b5005cc7-6e4d-4dd4-a2aa-9b16a7aace07,random_alnum_mixed_tld
iplfpljmwgfto.co.uk,b5005cc7-6e4d-4dd4-a2aa-9b16a7aace07,random_alnum_mixed_tld
pgxdnsculggkl.biz,b5005cc7-6e4d-4dd4-a2aa-9b16a7aace07,random_alnum_mixed_tld
npytfyvgxsewd.com,b5005cc7-6e4d-4dd4-a2aa-9b16a7aace07,random_alnum_mixed_tld
xawggfmcwdayc.org,b5005cc7-6e4d-4dd4-a2aa-9b16a7aace07,random_alnum_mixed_tld
rodscnfonieyue.net,b5005cc7-6e4d-4dd4-a2aa-9b16a7aace07,random_alnum_mixed_tld
vxdlvvgveddfesc.co.uk,b5005cc7-6e4d-4dd4-a2aa-9b16a7aace07,random_alnum_mixed_tld
ffdrfijxiyvm.biz,b5005cc7-6e4d-4dd4-a2aa-9b16a7aace07,random_alnum_mixed_tld
ynhbmtvmcxgqgr.com,b5005cc7-6e4d-4dd4-a2aa-9b16a7aace07,random_alnum_mixed_tld
kyfarwtjpqwuqms.org,b5005cc7-6e4d-4dd4-a2aa-9b16a7aace07,random_alnum_mixed_tld
cwrsjxeybdpc.net,b5005cc7-6e4d-4dd4-a2aa-9b16a7aace07,random_alnum_mixed_tld
owhjaiaxloen.co.uk,b5005cc7-6e4d-4dd4-a2aa-9b16a7aace07,random_alnum_mixed_tld
vmkbpuefcojww.biz,b5005cc7-6e4d-4dd4-a2aa-9b16a7aace07,random_alnum_mixed_tld
awcnjlnqjlyte.com,b5005cc7-6e4d-4dd4-a2aa-9b16a7aace07,random_alnum_mixed_tld
uxmuofwyatri.org,b5005cc7-6e4d-4dd4-a2aa-9b16a7aace07,random_alnum_mixed_tld
sgarubcsqimr.net,b5005cc7-6e4d-4dd4-a2aa-9b16a7aace07,random_alnum_mixed_tld
eucyiaumkfdvvvq.co.uk,b5005cc7-6e4d-4dd4-a2aa-9b16a7aace07,random_alnum_mixed_tld
nygrivqmwsdmot.biz,b5005cc7-6e4d-4dd4-a2aa-9b16a7aace07,random_alnum_mixed_tld
nnsxwngmxhghdmb.com,b5005cc7-6e4d-4dd4-a2aa-9b16a7aace07,random_alnum_mixed_tld
plbgsqttefrdnhm.org,b5005cc7-6e4d-4dd4-a2aa-9b16a7aace07,random_alnum_mixed_tld
mjyiemuobcwrxq.net,b5005cc7-6e4d-4dd4-a2aa-9b16a7aace07,random_alnum_mixed_tld
sqktqeabfemka.co.uk,b5005cc7-6e4d-4dd4-a2aa-9b16a7aace07,random_alnum_mixed_tld
dnnosdstnxaa.biz,b5005cc7-6e4d-4dd4-a2aa-9b16a7aace07,random_alnum_mixed_tld
gmfckhfjsfmwjh.com,b5005cc7-6e4d-4dd4-a2aa-9b16a7aace07,random_alnum_mixed_tld
sknnwlbyknbqa.org,b5005cc7-6e4d-4dd4-a2aa-9b16a7aace07,random_alnum_mixed_tld
hlslicbygjyvd.net,b5005cc7-6e4d-4dd4-a2aa-9b16a7aace07,random_alnum_mixed_tld
imvkpnpqkaop.co.uk,b5005cc7-6e4d-4dd4-a2aa-9b16a7aace07,random_alnum_mixed_tld
cdusxeihdnywuqb.biz,b5005cc7-6e4d-4dd4-a2aa-9b16a7aace07,random_alnum_mixed_tld
qjiywktnpemuo.com,b5005cc7-6e4d-4dd4-a2aa-9b16a7aace07,random_alnum_mixed_tld
guuxvgjkhviyofr.org,b5005cc7-6e4d-4dd4-a2aa-9b16a7aace07,random_alnum_mixed_tld
dnjedqqrwrfdwl.net,b5005cc7-6e4d-4dd4-a2aa-9b16a7aace07,random_alnum_mixed_tld
bkwijgmdwqncq.co.uk,b5005cc7-6e4d-4dd4-a2aa-9b16a7aace07,random_alnum_mixed_tld
dgdygedvfbcl.biz,b5005cc7-6e4d-4dd4-a2aa-9b16a7aace07,random_alnum_mixed_tld
gkemqyaswvxgir.com,b5005cc7-6e4d-4dd4-a2aa-9b16a7aace07,random_alnum_mixed_tld
eseftcncklbknp.org,b5005cc7-6e4d-4dd4-a2aa-9b16a7aace07,random_alnum_mixed_tld
aowlisertmxjk.net,b5005cc7-6e4d-4dd4-a2aa-9b16a7aace07,random_alnum_mixed_tld
lybhaxwqqijq.co.uk,b5005cc7-6e4d-4dd4-a2aa-9b16a7aace07,random_alnum_mixed_tld
cjqtehoubfgqwai.biz,b5005cc7-6e4d-4dd4-a2aa-9b16a7aace07,random_alnum_mixed_tld
kjweerkyflqf.com,b5005cc7-6e4d-4dd4-a2aa-9b16a7aace07,random_alnum_mixed_tld
cxyfusjypqac.org,b5005cc7-6e4d-4dd4-a2aa-9b16a7aace07,random_alnum_mixed_tld
xnfvrvqfgkdod.net,b5005cc7-6e4d-4dd4-a2aa-9b16a7aace07,random_alnum_mixed_tld
scmotiqvnkgvdc.co.uk,b5005cc7-6e4d-4dd4-a2aa-9b16a7aace07,random_alnum_mixed_tld
jhkbkskjmfpfmnv.biz,b5005cc7-6e4d-4dd4-a2aa-9b16a7aace07,random_alnum_mixed_tld
tdxtsdfmvpqi.com,b5005cc7-6e4d-4dd4-a2aa-9b16a7aace07,random_alnum_mixed_tld
oytvqgdmquixwal.org,b5005cc7-6e4d-4dd4-a2aa-9b16a7aace07,random_alnum_mixed_tld
aayfvepfdhgmns.net,b5005cc7-6e4d-4dd4-a2aa-9b16a7aace07,random_alnum_mixed_tld
mixtfhhshcdqbp.co.uk,b5005cc7-6e4d-4dd4-a2aa-9b16a7aace07,random_alnum_mixed_tld
kfllbxnosqbqo.biz,b5005cc7-6e4d-4dd4-a2aa-9b16a7aace07,random_alnum_mixed_tld
tqdkjhvfgjmaeyf.com,b5005cc7-6e4d-4dd4-a2aa-9b16a7aace07,random_alnum_mixed_tld
goaogrmjefjowmh.org,b5005cc7-6e4d-4dd4-a2aa-9b16a7aace07,random_alnum_mixed_tld
ereajjsmklvgvn.net,b5005cc7-6e4d-4dd4-a2aa-9b16a7aace07,random_alnum_mixed_tld
slhalvrsioimd.co.uk,b5005cc7-6e4d-4dd4-a2aa-9b16a7aace07,random_alnum_mixed_tld
ohpalfgcjwey.biz,b5005cc7-6e4d-4dd4-a2aa-9b16a7aace07,random_alnum_mixed_tld
uggqwrkxmouj.com,b5005cc7-6e4d-4dd4-a2aa-9b16a7aace07,random_alnum_mixed_tld
mimgremojpnijnf.org,b5005cc7-6e4d-4dd4-a2aa-9b16a7aace07,random_alnum_mixed_tld
auyndkawmbjnua.net,b5005cc7-6e4d-4dd4-a2aa-9b16a7aace07,random_alnum_mixed_tld
mrvcyhgkqysvc.co.uk,b5005cc7-6e4d-4dd4-a2aa-9b16a7aace07,random_alnum_mixed_tld
nqleiplhwyeif.biz,b5005cc7-6e4d-4dd4-a2aa-9b16a7aace07,random_alnum_mixed_tld
xvketgaeorbl.com,b5005cc7-6e4d-4dd4-a2aa-9b16a7aace07,random_alnum_mixed_tld
xntkuqeppawu.org,b5005cc7-6e4d-4dd4-a2aa-9b16a7aace07,random_alnum_mixed_tld
buqwinismwudu.net,b5005cc7-6e4d-4dd4-a2aa-9b16a7aace07,random_alnum_mixed_tld
udbatixomervgh.co.uk,b5005cc7-6e4d-4dd4-a2aa-9b16a7aace07,random_alnum_mixed_tld
ottbaqavuxnxoyo.biz,b5005cc7-6e4d-4dd4-a2aa-9b16a7aace07,random_alnum_mixed_tld
rnkwquesguykku.com,b5005cc7-6e4d-4dd4-a2aa-9b16a7aace07,random_alnum_mixed_tld
wwapwqdabdmtbjn.org,b5005cc7-6e4d-4dd4-a2aa-9b16a7aace07,random_alnum_mixed_tld
oonqfamexamp.net,b5005cc7-6e4d-4dd4-a2aa-9b16a7aace07,random_alnum_mixed_tld
royepkavrthg.co.uk,b5005cc7-6e4d-4dd4-a2aa-9b16a7aace07,random_alnum_mixed_tld
bjlcxpaoefkpj.biz,b5005cc7-6e4d-4dd4-a2aa-9b16a7aace07,random_alnum_mixed_tld
hloqhdivvete.com,bc2a9a23-b2f5-4611-9783-0a0d78df6d4e,random_alnum_mixed_tld
qoaoxmitoassabvvf.ga,bc2a9a23-b2f5-4611-9783-0a0d78df6d4e,random_alnum_mixed_tld
qvtfrccxmtwrgtogjrbnl.us,bc2a9a23-b2f5-4611-9783-0a0d78df6d4e,random_alnum_mixed_tld
esjdyqoqjrdi.to,bc2a9a23-b2f5-4611-9783-0a0d78df6d4e,random_alnum_mixed_tld
iqcjkjbaxasf.de,bc2a9a23-b2f5-4611-9783-0a0d78df6d4e,random_alnum_mixed_tld
rlietxbhjfepinhj.bz,bc2a9a23-b2f5-4611-9783-0a0d78df6d4e,random_alnum_mixed_tld
lifbwcmpfchl.ga,bc2a9a23-b2f5-4611-9783-0a0d78df6d4e,random_alnum_mixed_tld
yudxnehc.com,bc2a9a23-b2f5-4611-9783-0a0d78df6d4e,random_alnum_mixed_tld
etheseuwdvcdgeppd.so,bc2a9a23-b2f5-4611-9783-0a0d78df6d4e,random_alnum_mixed_tld
arvnugsnlkl.me,bc2a9a23-b2f5-4611-9783-0a0d78df6d4e,random_alnum_mixed_tld
wkhdbvcd.cc,bc2a9a23-b2f5-4611-9783-0a0d78df6d4e,random_alnum_mixed_tld
ccsmxwxw.cc,bc2a9a23-b2f5-4611-9783-0a0d78df6d4e,random_alnum_mixed_tld
jqwtghlwthwwbyrctful.jp,bc2a9a23-b2f5-4611-9783-0a0d78df6d4e,random_alnum_mixed_tld
wqndvdtlpefg.im,bc2a9a23-b2f5-4611-9783-0a0d78df6d4e,random_alnum_mixed_tld
exbmjqlgi.ru,bc2a9a23-b2f5-4611-9783-0a0d78df6d4e,random_alnum_mixed_tld
swlrtaijntaqcfb.biz,bc2a9a23-b2f5-4611-9783-0a0d78df6d4e,random_alnum_mixed_tld
ysahwbqy.ir,bc2a9a23-b2f5-4611-9783-0a0d78df6d4e,random_alnum_mixed_tld
uyahwpgqorlgjbgkvw.cm,bc2a9a23-b2f5-4611-9783-0a0d78df6d4e,random_alnum_mixed_tld
fwmctahermhs.jp,bc2a9a23-b2f5-4611-9783-0a0d78df6d4e,random_alnum_mixed_tld
kittanqgposwipnwuwdqf.ir,bc2a9a23-b2f5-4611-9783-0a0d78df6d4e,random_alnum_mixed_tld
aetnbpqecrfcaj.im,bc2a9a23-b2f5-4611-9783-0a0d78df6d4e,random_alnum_mixed_tld
ytoentrxhgcjpqi.ac,bc2a9a23-b2f5-4611-9783-0a0d78df6d4e,random_alnum_mixed_tld
mfrdmhoxrjfawok.sh,bc2a9a23-b2f5-4611-9783-0a0d78df6d4e,random_alnum_mixed_tld
deqoumlvghkmeprojtro.cx,bc2a9a23-b2f5-4611-9783-0a0d78df6d4e,random_alnum_mixed_tld
dirdscekkn.tj,bc2a9a23-b2f5-4611-9783-0a0d78df6d4e,random_alnum_mixed_tld
ttqjnkmdbdnkde.pw,bc2a9a23-b2f5-4611-9783-0a0d78df6d4e,random_alnum_mixed_tld
qcntsxbmdimnodtba.tw,bc2a9a23-b2f5-4611-9783-0a0d78df6d4e,random_alnum_mixed_tld
xtwuljqgotrwtdp.im,bc2a9a23-b2f5-4611-9783-0a0d78df6d4e,random_alnum_mixed_tld
hhwqlwpgrflg.cm,bc2a9a23-b2f5-4611-9783-0a0d78df6d4e,random_alnum_mixed_tld
bgirjrjexyaoyu.ir,bc2a9a23-b2f5-4611-9783-0a0d78df6d4e,random_alnum_mixed_tld
ulvlmmmkiogabwcluyehf.net,bc2a9a23-b2f5-4611-9783-0a0d78df6d4e,random_alnum_mixed_tld
cjhatywkrdiopmxvubtnt.ki,bc2a9a23-b2f5-4611-9783-0a0d78df6d4e,random_alnum_mixed_tld
ombbhmiirphydqdcsnmil.sx,bc2a9a23-b2f5-4611-9783-0a0d78df6d4e,random_alnum_mixed_tld
lpaafwaedmsxs.mn,bc2a9a23-b2f5-4611-9783-0a0d78df6d4e,random_alnum_mixed_tld
gktrddxagw.ms,bc2a9a23-b2f5-4611-9783-0a0d78df6d4e,random_alnum_mixed_tld
nkieqmraqnadgjeokp.eu,bc2a9a23-b2f5-4611-9783-0a0d78df6d4e,random_alnum_mixed_tld
hapjuxcegdcjimy.ms,bc2a9a23-b2f5-4611-9783-0a0d78df6d4e,random_alnum_mixed_tld
nhkrdkvmbjocgbguuahjd.ug,bc2a9a23-b2f5-4611-9783-0a0d78df6d4e,random_alnum_mixed_tld
sojukaa.nu,bc2a9a23-b2f5-4611-9783-0a0d78df6d4e,random_alnum_mixed_tld
fuwwhurbod.bz,bc2a9a23-b2f5-4611-9783-0a0d78df6d4e,random_alnum_mixed_tld
cdnwkphbsxuormmexxtkt.so,bc2a9a23-b2f5-4611-9783-0a0d78df6d4e,random_alnum_mixed_tld
iaxqmflln.in,bc2a9a23-b2f5-4611-9783-0a0d78df6d4e,random_alnum_mixed_tld
fmolvlxuuw.biz,bc2a9a23-b2f5-4611-9783-0a0d78df6d4e,random_alnum_mixed_tld
eruyuxgyu.mn,bc2a9a23-b2f5-4611-9783-0a0d78df6d4e,random_alnum_mixed_tld
tvrjpnfegfrafekbsas.bz,bc2a9a23-b2f5-4611-9783-0a0d78df6d4e,random_alnum_mixed_tld
vvhauoniy.ms,bc2a9a23-b2f5-4611-9783-0a0d78df6d4e,random_alnum_mixed_tld
yrkugyo.ki,bc2a9a23-b2f5-4611-9783-0a0d78df6d4e,random_alnum_mixed_tld
vdgsajhoxqr.ki,bc2a9a23-b2f5-4611-9783-0a0d78df6d4e,random_alnum_mixed_tld
kjxjlvta.kz,bc2a9a23-b2f5-4611-9783-0a0d78df6d4e,random_alnum_mixed_tld
umeuxxpjsdnoxespdijm.tv,bc2a9a23-b2f5-4611-9783-0a0d78df6d4e,random_alnum_mixed_tld
eiximfenyfmx.nu,bc2a9a23-b2f5-4611-9783-0a0d78df6d4e,random_alnum_mixed_tld
yokfaoxfeeocwlnt.jp,bc2a9a23-b2f5-4611-9783-0a0d78df6d4e,random_alnum_mixed_tld
isrcpbobjkmsaay.nu,bc2a9a23-b2f5-4611-9783-0a0d78df6d4e,random_alnum_mixed_tld
khwsxhtgmquipm.to,bc2a9a23-b2f5-4611-9783-0a0d78df6d4e,random_alnum_mixed_tld
flkpqxjhaj.ir,bc2a9a23-b2f5-4611-9783-0a0d78df6d4e,random_alnum_mixed_tld
cvlelxa.ki,bc2a9a23-b2f5-4611-9783-0a0d78df6d4e,random_alnum_mixed_tld
yxfnglyttoqfnlwmpcwm.in,bc2a9a23-b2f5-4611-9783-0a0d78df6d4e,random_alnum_mixed_tld
tusggiqawiwcyfqtjvj.nu,bc2a9a23-b2f5-4611-9783-0a0d78df6d4e,random_alnum_mixed_tld
hhenlgifbfktremrgohf.tj,bc2a9a23-b2f5-4611-9783-0a0d78df6d4e,random_alnum_mixed_tld
eprxrikmkjsavrkjdxl.mn,bc2a9a23-b2f5-4611-9783-0a0d78df6d4e,random_alnum_mixed_tld
juqpcrcwrjfn.sx,bc2a9a23-b2f5-4611-9783-0a0d78df6d4e,random_alnum_mixed_tld
luxfwxvreagxcj.kz,bc2a9a23-b2f5-4611-9783-0a0d78df6d4e,random_alnum_mixed_tld
ofkwbwmyighpdwvdckl.cx,bc2a9a23-b2f5-4611-9783-0a0d78df6d4e,random_alnum_mixed_tld
vrjxcketnkqdwkpofhh.bz,bc2a9a23-b2f5-4611-9783-0a0d78df6d4e,random_alnum_mixed_tld
xreprbmwm.me,bc2a9a23-b2f5-4611-9783-0a0d78df6d4e,random_alnum_mixed_tld
nneavrfvwsaqh.biz,bc2a9a23-b2f5-4611-9783-0a0d78df6d4e,random_alnum_mixed_tld
trfrgdxhoung.la,bc2a9a23-b2f5-4611-9783-0a0d78df6d4e,random_alnum_mixed_tld
sgneggpqlhvpxbl.in,bc2a9a23-b2f5-4611-9783-0a0d78df6d4e,random_alnum_mixed_tld
vbkijsshoktmdeolcd.org,bc2a9a23-b2f5-4611-9783-0a0d78df6d4e,random_alnum_mixed_tld
prgsjrowykoje.tj,bc2a9a23-b2f5-4611-9783-0a0d78df6d4e,random_alnum_mixed_tld
bmacfopeatg.ac,bc2a9a23-b2f5-4611-9783-0a0d78df6d4e,random_alnum_mixed_tld
spxaojc.to,bc2a9a23-b2f5-4611-9783-0a0d78df6d4e,random_alnum_mixed_tld
gxooviebqkgkqkiu.pw,bc2a9a23-b2f5-4611-9783-0a0d78df6d4e,random_alnum_mixed_tld
glyrpbobwkeg.cm,bc2a9a23-b2f5-4611-9783-0a0d78df6d4e,random_alnum_mixed_tld
qgnfuigqgkbtgh.jp,bc2a9a23-b2f5-4611-9783-0a0d78df6d4e,random_alnum_mixed_tld
fspeafnnijmafqwtr.bz,bc2a9a23-b2f5-4611-9783-0a0d78df6d4e,random_alnum_mixed_tld
xqrtoyymbyfhoi.so,bc2a9a23-b2f5-4611-9783-0a0d78df6d4e,random_alnum_mixed_tld
ctcvcspxeyd.la,bc2a9a23-b2f5-4611-9783-0a0d78df6d4e,random_alnum_mixed_tld
enxnpqykoidah.ac,bc2a9a23-b2f5-4611-9783-0a0d78df6d4e,random_alnum_mixed_tld
hvfytjtmywtajgqxidp.ru,bc2a9a23-b2f5-4611-9783-0a0d78df6d4e,random_alnum_mixed_tld
nurdgkec.pro,bc2a9a23-b2f5-4611-9783-0a0d78df6d4e,random_alnum_mixed_tld
oxyunqpuvlxxvbhrwecsv.org,bc2a9a23-b2f5-4611-9783-0a0d78df6d4e,random_alnum_mixed_tld
stcktvnysphbdeyifwsl.nf,bc2a9a23-b2f5-4611-9783-0a0d78df6d4e,random_alnum_mixed_tld
iyrlismhlxmhrhdpngcq.ms,bc2a9a23-b2f5-4611-9783-0a0d78df6d4e,random_alnum_mixed_tld
adefegfylalfurpjd.la,bc2a9a23-b2f5-4611-9783-0a0d78df6d4e,random_alnum_mixed_tld
jndedfrkjxqnqc.to,bc2a9a23-b2f5-4611-9783-0a0d78df6d4e,random_alnum_mixed_tld
gmdqrjisrjabarplfbv.ug,bc2a9a23-b2f5-4611-9783-0a0d78df6d4e,random_alnum_mixed_tld
wvovsaadgiuj.cx,bc2a9a23-b2f5-4611-9783-0a0d78df6d4e,random_alnum_mixed_tld
gthiotkgyv.in,bc2a9a23-b2f5-4611-9783-0a0d78df6d4e,random_alnum_mixed_tld
xdciegjrtjo.de,bc2a9a23-b2f5-4611-9783-0a0d78df6d4e,random_alnum_mixed_tld
wevbxjlstdge.kz,bc2a9a23-b2f5-4611-9783-0a0d78df6d4e,random_alnum_mixed_tld
unldnjvuabfitlcao.to,bc2a9a23-b2f5-4611-9783-0a0d78df6d4e,random_alnum_mixed_tld
gjykyeepkeldlnspynxxi.mx,bc2a9a23-b2f5-4611-9783-0a0d78df6d4e,random_alnum_mixed_tld
liihsohtwwaylhwr.pw,bc2a9a23-b2f5-4611-9783-0a0d78df6d4e,random_alnum_mixed_tld
hclkmqmhgeihgmiwd.tv,bc2a9a23-b2f5-4611-9783-0a0d78df6d4e,random_alnum_mixed_tld
vqnmxymjfahop.co,bc2a9a23-b2f5-4611-9783-0a0d78df6d4e,random_alnum_mixed_tld
jsvaxwsfrupbirgegci.cc,bc2a9a23-b2f5-4611-9783-0a0d78df6d4e,random_alnum_mixed_tld
jlgmqtiwx.cm,bc2a9a23-b2f5-4611-9783-0a0d78df6d4e,random_alnum_mixed_tld
amxloctabulqklwahutv.ac,bc2a9a23-b2f5-4611-9783-0a0d78df6d4e,random_alnum_mixed_tld
jlbcsvyn.ga,bc2a9a23-b2f5-4611-9783-0a0d78df6d4e,random_alnum_mixed_tld
kuiyhyis.ms,bc2a9a23-b2f5-4611-9783-0a0d78df6d4e,random_alnum_mixed_tld
fqrvlepdubftyjgyvqa.so,bc2a9a23-b2f5-4611-9783-0a0d78df6d4e,random_alnum_mixed_tld
pjiabmlgevmeqxgyxx.im,bc2a9a23-b2f5-4611-9783-0a0d78df6d4e,random_alnum_mixed_tld
bcoicockhgv.co,bc2a9a23-b2f5-4611-9783-0a0d78df6d4e,random_alnum_mixed_tld
jxuniiebvaayhgk.im,bc2a9a23-b2f5-4611-9783-0a0d78df6d4e,random_alnum_mixed_tld
wxkixodoh.sx,bc2a9a23-b2f5-4611-9783-0a0d78df6d4e,random_alnum_mixed_tld
haxbyiaav.de,bc2a9a23-b2f5-4611-9783-0a0d78df6d4e,random_alnum_mixed_tld
qsefgiw.net,bc2a9a23-b2f5-4611-9783-0a0d78df6d4e,random_alnum_mixed_tld
xmytusqbtbugk.net,bc2a9a23-b2f5-4611-9783-0a0d78df6d4e,random_alnum_mixed_tld
kmmrgaretikqjymj.mu,bc2a9a23-b2f5-4611-9783-0a0d78df6d4e,random_alnum_mixed_tld
rgbcmurcep.com,bc2a9a23-b2f5-4611-9783-0a0d78df6d4e,random_alnum_mixed_tld
fejiegaokuakmmondg.pw,bc2a9a23-b2f5-4611-9783-0a0d78df6d4e,random_alnum_mixed_tld
kvkvlmvl.ru,bc2a9a23-b2f5-4611-9783-0a0d78df6d4e,random_alnum_mixed_tld
fsbnsxajkmibfvytc.ki,bc2a9a23-b2f5-4611-9783-0a0d78df6d4e,random_alnum_mixed_tld
jxokhtjegixmexvpwv.so,bc2a9a23-b2f5-4611-9783-0a0d78df6d4e,random_alnum_mixed_tld
cyknoipcgavhhctdke.cx,bc2a9a23-b2f5-4611-9783-0a0d78df6d4e,random_alnum_mixed_tld
idhydfhlsrmxewomt.to,bc2a9a23-b2f5-4611-9783-0a0d78df6d4e,random_alnum_mixed_tld
lxmdnjgmv.nu,bc2a9a23-b2f5-4611-9783-0a0d78df6d4e,random_alnum_mixed_tld
acklsyidxrrigchf.tw,bc2a9a23-b2f5-4611-9783-0a0d78df6d4e,random_alnum_mixed_tld
qfxuxfiy.im,bc2a9a23-b2f5-4611-9783-0a0d78df6d4e,random_alnum_mixed_tld
smgduat.mn,bc2a9a23-b2f5-4611-9783-0a0d78df6d4e,random_alnum_mixed_tld
ktcqasm.mx,bc2a9a23-b2f5-4611-9783-0a0d78df6d4e,random_alnum_mixed_tld
ahejctholvfxkbknsoer.mx,bc2a9a23-b2f5-4611-9783-0a0d78df6d4e,random_alnum_mixed_tld
fhjalvnqhdfwhrabjyrl.cm,bc2a9a23-b2f5-4611-9783-0a0d78df6d4e,random_alnum_mixed_tld
amgimhavcqp.tv,bc2a9a23-b2f5-4611-9783-0a0d78df6d4e,random_alnum_mixed_tld
ftqwmkragsyvkrbxjpmnw.nu,bc2a9a23-b2f5-4611-9783-0a0d78df6d4e,random_alnum_mixed_tld
doyhrglidlm.cc,bc2a9a23-b2f5-4611-9783-0a0d78df6d4e,random_alnum_mixed_tld
wvjffvdrghbtfuthehgif.jp,bc2a9a23-b2f5-4611-9783-0a0d78df6d4e,random_alnum_mixed_tld
iflsghinlnpudfkqwbnrg.ug,bc2a9a23-b2f5-4611-9783-0a0d78df6d4e,random_alnum_mixed_tld
dbruruqp.org,bc2a9a23-b2f5-4611-9783-0a0d78df6d4e,random_alnum_mixed_tld
bpmlmyfckskovqcwka.nu,bc2a9a23-b2f5-4611-9783-0a0d78df6d4e,random_alnum_mixed_tld
wqwrnjshmffwjbnxhf.pw,bc2a9a23-b2f5-4611-9783-0a0d78df6d4e,random_alnum_mixed_tld
lqhfmtafdnhkjahkgugm.la,bc2a9a23-b2f5-4611-9783-0a0d78df6d4e,random_alnum_mixed_tld
moqabhnbww.us,bc2a9a23-b2f5-4611-9783-0a0d78df6d4e,random_alnum_mixed_tld
grkorpqsoeiu.tv,bc2a9a23-b2f5-4611-9783-0a0d78df6d4e,random_alnum_mixed_tld
aaynvwc.org,bc2a9a23-b2f5-4611-9783-0a0d78df6d4e,random_alnum_mixed_tld
aotgvorthobauibhlufrc.com,bc2a9a23-b2f5-4611-9783-0a0d78df6d4e,random_alnum_mixed_tld
ollqykrldgqppearrsrng.eu,bc2a9a23-b2f5-4611-9783-0a0d78df6d4e,random_alnum_mixed_tld
kwcygusmoorxuse.ac,bc2a9a23-b2f5-4611-9783-0a0d78df6d4e,random_alnum_mixed_tld
cprwlftuaqjhwdbvyqde.so,bc2a9a23-b2f5-4611-9783-0a0d78df6d4e,random_alnum_mixed_tld
qpwfjebjmasanid.ms,bc2a9a23-b2f5-4611-9783-0a0d78df6d4e,random_alnum_mixed_tld
vaexmhutnxtegugjjggoy.ki,bc2a9a23-b2f5-4611-9783-0a0d78df6d4e,random_alnum_mixed_tld
obdnsvvoneh.biz,bc2a9a23-b2f5-4611-9783-0a0d78df6d4e,random_alnum_mixed_tld
rjafjqdurkygxeby.su,bc2a9a23-b2f5-4611-9783-0a0d78df6d4e,random_alnum_mixed_tld
lmyphisaleig.mx,bc2a9a23-b2f5-4611-9783-0a0d78df6d4e,random_alnum_mixed_tld
nuhspfhdk.com,bc2a9a23-b2f5-4611-9783-0a0d78df6d4e,random_alnum_mixed_tld
nnroxtrftpflayolwsbs.ru,bc2a9a23-b2f5-4611-9783-0a0d78df6d4e,random_alnum_mixed_tld
ngaassjwwamslkaf.ga,bc2a9a23-b2f5-4611-9783-0a0d78df6d4e,random_alnum_mixed_tld
eenvbaxwpcqhjkqryuic.cc,bc2a9a23-b2f5-4611-9783-0a0d78df6d4e,random_alnum_mixed_tld
ynvygnlpntrjylsvxjju.bz,bc2a9a23-b2f5-4611-9783-0a0d78df6d4e,random_alnum_mixed_tld
xjqkgrbtbrvugneqrgedw.mn,bc2a9a23-b2f5-4611-9783-0a0d78df6d4e,random_alnum_mixed_tld
icdsthjgcyucrwtfcqa.de,bc2a9a23-b2f5-4611-9783-0a0d78df6d4e,random_alnum_mixed_tld
sveiytgbbtgnmfhvvprt.org,bc2a9a23-b2f5-4611-9783-0a0d78df6d4e,random_alnum_mixed_tld
aihgjwsvbiaqafbumvq.org,bc2a9a23-b2f5-4611-9783-0a0d78df6d4e,random_alnum_mixed_tld
hrjbhoyqgqcuk.org,bc2a9a23-b2f5-4611-9783-0a0d78df6d4e,random_alnum_mixed_tld
xikemgaeinkxtkcrctsy.bz,bc2a9a23-b2f5-4611-9783-0a0d78df6d4e,random_alnum_mixed_tld
pwtygqxrtiiartqqfhd.eu,bc2a9a23-b2f5-4611-9783-0a0d78df6d4e,random_alnum_mixed_tld
mopcspolh.net,bc2a9a23-b2f5-4611-9783-0a0d78df6d4e,random_alnum_mixed_tld
iagthjkjbwvhpab.ru,bc2a9a23-b2f5-4611-9783-0a0d78df6d4e,random_alnum_mixed_tld
gutithudwrees.ir,bc2a9a23-b2f5-4611-9783-0a0d78df6d4e,random_alnum_mixed_tld
ecwlqtxv.xxx,bc2a9a23-b2f5-4611-9783-0a0d78df6d4e,random_alnum_mixed_tld
kxgdmxghvsuo.su,bc2a9a23-b2f5-4611-9783-0a0d78df6d4e,random_alnum_mixed_tld
yihjdlp.im,bc2a9a23-b2f5-4611-9783-0a0d78df6d4e,random_alnum_mixed_tld
mglweoblxkbjsiglecn.me,bc2a9a23-b2f5-4611-9783-0a0d78df6d4e,random_alnum_mixed_tld
bxejvrqbpecdsus.ir,bc2a9a23-b2f5-4611-9783-0a0d78df6d4e,random_alnum_mixed_tld
pttauuuuo.cm,bc2a9a23-b2f5-4611-9783-0a0d78df6d4e,random_alnum_mixed_tld
blkorfdaifwoksdrjal.in,bc2a9a23-b2f5-4611-9783-0a0d78df6d4e,random_alnum_mixed_tld
nrhmyajdm.tj,bc2a9a23-b2f5-4611-9783-0a0d78df6d4e,random_alnum_mixed_tld
nlcejlvkmmriexbhicuk.so,bc2a9a23-b2f5-4611-9783-0a0d78df6d4e,random_alnum_mixed_tld
ecvytbekkmiyqjlegaax.eu,bc2a9a23-b2f5-4611-9783-0a0d78df6d4e,random_alnum_mixed_tld
wfesbrhlquhxritx.ms,bc2a9a23-b2f5-4611-9783-0a0d78df6d4e,random_alnum_mixed_tld
tykvycmrnvvgm.to,bc2a9a23-b2f5-4611-9783-0a0d78df6d4e,random_alnum_mixed_tld
kcbdlysaqmtryde.cx,bc2a9a23-b2f5-4611-9783-0a0d78df6d4e,random_alnum_mixed_tld
mqcqtvigf.pw,bc2a9a23-b2f5-4611-9783-0a0d78df6d4e,random_alnum_mixed_tld
hadegyojchw.so,bc2a9a23-b2f5-4611-9783-0a0d78df6d4e,random_alnum_mixed_tld
qxupfeamqlvdfcjxciua.la,bc2a9a23-b2f5-4611-9783-0a0d78df6d4e,random_alnum_mixed_tld
dgpbdafmuwmwqxpj.in,bc2a9a23-b2f5-4611-9783-0a0d78df6d4e,random_alnum_mixed_tld
owemmumgrpu.org,bc2a9a23-b2f5-4611-9783-0a0d78df6d4e,random_alnum_mixed_tld
talohxafoixtda.mu,bc2a9a23-b2f5-4611-9783-0a0d78df6d4e,random_alnum_mixed_tld
djfayoeseiunenuqr.mn,bc2a9a23-b2f5-4611-9783-0a0d78df6d4e,random_alnum_mixed_tld
oqkhcplpnsbhplqym.com,bc2a9a23-b2f5-4611-9783-0a0d78df6d4e,random_alnum_mixed_tld
rggybdru.cc,bc2a9a23-b2f5-4611-9783-0a0d78df6d4e,random_alnum_mixed_tld
nvvyjhmwpufcv.su,bc2a9a23-b2f5-4611-9783-0a0d78df6d4e,random_alnum_mixed_tld
vvhvgslpqecjovib.su,bc2a9a23-b2f5-4611-9783-0a0d78df6d4e,random_alnum_mixed_tld
toawpxphdhjlxtqseqa.nu,bc2a9a23-b2f5-4611-9783-0a0d78df6d4e,random_alnum_mixed_tld
urwartqipqrtultlt.su,bc2a9a23-b2f5-4611-9783-0a0d78df6d4e,random_alnum_mixed_tld
oadfrewpykg.biz,bc2a9a23-b2f5-4611-9783-0a0d78df6d4e,random_alnum_mixed_tld
xdqcxlxmrem.tj,bc2a9a23-b2f5-4611-9783-0a0d78df6d4e,random_alnum_mixed_tld
iqhlugihxpofoqfgeeur.nf,bc2a9a23-b2f5-4611-9783-0a0d78df6d4e,random_alnum_mixed_tld
epsfnfhawuq.su,bc2a9a23-b2f5-4611-9783-0a0d78df6d4e,random_alnum_mixed_tld
swbtoecrdvavuwqojkjpb.cm,bc2a9a23-b2f5-4611-9783-0a0d78df6d4e,random_alnum_mixed_tld
mdnhxhdmxlttj.jp,bc2a9a23-b2f5-4611-9783-0a0d78df6d4e,random_alnum_mixed_tld
macdwpu.eu,bc2a9a23-b2f5-4611-9783-0a0d78df6d4e,random_alnum_mixed_tld
jfleombbgiqfnrdbs.de,bc2a9a23-b2f5-4611-9783-0a0d78df6d4e,random_alnum_mixed_tld
iemtoowemtooshoydpmy.co,bc2a9a23-b2f5-4611-9783-0a0d78df6d4e,random_alnum_mixed_tld
iygxjnivciqtru.org,bc2a9a23-b2f5-4611-9783-0a0d78df6d4e,random_alnum_mixed_tld
ypudrdaqgir.ga,bc2a9a23-b2f5-4611-9783-0a0d78df6d4e,random_alnum_mixed_tld
vyggsfjaa.net,bc2a9a23-b2f5-4611-9783-0a0d78df6d4e,random_alnum_mixed_tld
xgahycju.su,bc2a9a23-b2f5-4611-9783-0a0d78df6d4e,random_alnum_mixed_tld
kpuyrcnvkwxymqid.tw,bc2a9a23-b2f5-4611-9783-0a0d78df6d4e,random_alnum_mixed_tld
hgippspgmrumikfe.us,bc2a9a23-b2f5-4611-9783-0a0d78df6d4e,random_alnum_mixed_tld
uwnlyvhksurvelvnya.ru,bc2a9a23-b2f5-4611-9783-0a0d78df6d4e,random_alnum_mixed_tld
wiuavtikhrf.co,bc2a9a23-b2f5-4611-9783-0a0d78df6d4e,random_alnum_mixed_tld
vjdljkmjhpddppaltkxjc.sh,bc2a9a23-b2f5-4611-9783-0a0d78df6d4e,random_alnum_mixed_tld
qptjpkoswav.cc,bc2a9a23-b2f5-4611-9783-0a0d78df6d4e,random_alnum_mixed_tld
leomsrhaabegeiwgl.nu,bc2a9a23-b2f5-4611-9783-0a0d78df6d4e,random_alnum_mixed_tld
gvrrlpomdqrygxqloa.ir,bc2a9a23-b2f5-4611-9783-0a0d78df6d4e,random_alnum_mixed_tld
csftysipa.in,bc2a9a23-b2f5-4611-9783-0a0d78df6d4e,random_alnum_mixed_tld
jqaweiq.im,bc2a9a23-b2f5-4611-9783-0a0d78df6d4e,random_alnum_mixed_tld
bvgbpecetngdkaqvvgfd.ir,bc2a9a23-b2f5-4611-9783-0a0d78df6d4e,random_alnum_mixed_tld
nvrurxyjqa.com,bc2a9a23-b2f5-4611-9783-0a0d78df6d4e,random_alnum_mixed_tld
ndvcvrrsujwbbupnt.cm,bc2a9a23-b2f5-4611-9783-0a0d78df6d4e,random_alnum_mixed_tld
vubtlhe.cm,bc2a9a23-b2f5-4611-9783-0a0d78df6d4e,random_alnum_mixed_tld
tsckxxhxyfuujwqfhp.jp,bc2a9a23-b2f5-4611-9783-0a0d78df6d4e,random_alnum_mixed_tld
saykqsxhjrcg.su,bc2a9a23-b2f5-4611-9783-0a0d78df6d4e,random_alnum_mixed_tld
dfarvoxngcvawwkugq.tv,bc2a9a23-b2f5-4611-9783-0a0d78df6d4e,random_alnum_mixed_tld
lbvjunslxnkomus.pro,bc2a9a23-b2f5-4611-9783-0a0d78df6d4e,random_alnum_mixed_tld
jphqvvjkuc.im,bc2a9a23-b2f5-4611-9783-0a0d78df6d4e,random_alnum_mixed_tld
jgnigmye.com,bc2a9a23-b2f5-4611-9783-0a0d78df6d4e,random_alnum_mixed_tld
eekmsrevwanpxykdbx.com,bc2a9a23-b2f5-4611-9783-0a0d78df6d4e,random_alnum_mixed_tld
dhwsfpy.nu,bc2a9a23-b2f5-4611-9783-0a0d78df6d4e,random_alnum_mixed_tld
ftvidmrxikiede.mx,bc2a9a23-b2f5-4611-9783-0a0d78df6d4e,random_alnum_mixed_tld
cihoqgha.in,bc2a9a23-b2f5-4611-9783-0a0d78df6d4e,random_alnum_mixed_tld
qvuwmckdir.co,bc2a9a23-b2f5-4611-9783-0a0d78df6d4e,random_alnum_mixed_tld
mimevtrtmsfakvfjv.ru,bc2a9a23-b2f5-4611-9783-0a0d78df6d4e,random_alnum_mixed_tld
frmkduskbvxirmmihauf.xxx,bc2a9a23-b2f5-4611-9783-0a0d78df6d4e,random_alnum_mixed_tld
xfiamlckel.xxx,bc2a9a23-b2f5-4611-9783-0a0d78df6d4e,random_alnum_mixed_tld
haxbhibkpitjbqpu.in,bc2a9a23-b2f5-4611-9783-0a0d78df6d4e,random_alnum_mixed_tld
stohtwokjpsiyxe.ga,bc2a9a23-b2f5-4611-9783-0a0d78df6d4e,random_alnum_mixed_tld
tvyvpwgunp.cc,bc2a9a23-b2f5-4611-9783-0a0d78df6d4e,random_alnum_mixed_tld
lnjtuqamsaqarknvrad.me,bc2a9a23-b2f5-4611-9783-0a0d78df6d4e,random_alnum_mixed_tld
trfxankqtgf.ms,bc2a9a23-b2f5-4611-9783-0a0d78df6d4e,random_alnum_mixed_tld
lnuhrfa.ru,bc2a9a23-b2f5-4611-9783-0a0d78df6d4e,random_alnum_mixed_tld
ngkhdsovi.xxx,bc2a9a23-b2f5-4611-9783-0a0d78df6d4e,random_alnum_mixed_tld
isoujhifhekwtpgspveqb.us,bc2a9a23-b2f5-4611-9783-0a0d78df6d4e,random_alnum_mixed_tld
dcrplwbuunqwb.ug,bc2a9a23-b2f5-4611-9783-0a0d78df6d4e,random_alnum_mixed_tld
xkdracawocrbxuomd.cx,bc2a9a23-b2f5-4611-9783-0a0d78df6d4e,random_alnum_mixed_tld
tmtkwjcqwoatxxxpi.sh,bc2a9a23-b2f5-4611-9783-0a0d78df6d4e,random_alnum_mixed_tld
mubsmnbjkrmvuqjins.nu,bc2a9a23-b2f5-4611-9783-0a0d78df6d4e,random_alnum_mixed_tld
cvarrbf.us,bc2a9a23-b2f5-4611-9783-0a0d78df6d4e,random_alnum_mixed_tld
vvikxyqrmgh.mx,bc2a9a23-b2f5-4611-9783-0a0d78df6d4e,random_alnum_mixed_tld
xjcjfbln.ga,bc2a9a23-b2f5-4611-9783-0a0d78df6d4e,random_alnum_mixed_tld
wfjaddoycrovkh.com,bc2a9a23-b2f5-4611-9783-0a0d78df6d4e,random_alnum_mixed_tld
eljasqwvyn.ga,bc2a9a23-b2f5-4611-9783-0a0d78df6d4e,random_alnum_mixed_tld
dqakomvbbtvrtioi.im,bc2a9a23-b2f5-4611-9783-0a0d78df6d4e,random_alnum_mixed_tld
wyyyveugqgwmtofydc.im,bc2a9a23-b2f5-4611-9783-0a0d78df6d4e,random_alnum_mixed_tld
bersceuxlg.org,bc2a9a23-b2f5-4611-9783-0a0d78df6d4e,random_alnum_mixed_tld
addrvrjwcihlky.to,bc2a9a23-b2f5-4611-9783-0a0d78df6d4e,random_alnum_mixed_tld
bgnjefd.jp,bc2a9a23-b2f5-4611-9783-0a0d78df6d4e,random_alnum_mixed_tld
wfvibcn.mu,bc2a9a23-b2f5-4611-9783-0a0d78df6d4e,random_alnum_mixed_tld
bogxhgam.sc,bc2a9a23-b2f5-4611-9783-0a0d78df6d4e,random_alnum_mixed_tld
knsnccvwtqrttjtm.tw,bc2a9a23-b2f5-4611-9783-0a0d78df6d4e,random_alnum_mixed_tld
itnlpjbqwdweaehiwn.cm,bc2a9a23-b2f5-4611-9783-0a0d78df6d4e,random_alnum_mixed_tld
hmlbcteglwoilv.su,bc2a9a23-b2f5-4611-9783-0a0d78df6d4e,random_alnum_mixed_tld
prfpmehongwiuupq.pro,bc2a9a23-b2f5-4611-9783-0a0d78df6d4e,random_alnum_mixed_tld
vsoevnkcmprjmvkpxd.ki,bc2a9a23-b2f5-4611-9783-0a0d78df6d4e,random_alnum_mixed_tld
yfxouwk.us,bc2a9a23-b2f5-4611-9783-0a0d78df6d4e,random_alnum_mixed_tld
xogduytgu.pw,bc2a9a23-b2f5-4611-9783-0a0d78df6d4e,random_alnum_mixed_tld
ljtrtdoygpfwmwbsp.cc,bc2a9a23-b2f5-4611-9783-0a0d78df6d4e,random_alnum_mixed_tld
ufuakxgsjr.xxx,bc2a9a23-b2f5-4611-9783-0a0d78df6d4e,random_alnum_mixed_tld
tjfjwwuto.cc,bc2a9a23-b2f5-4611-9783-0a0d78df6d4e,random_alnum_mixed_tld
mtbuxdqfxitetdflvi.jp,bc2a9a23-b2f5-4611-9783-0a0d78df6d4e,random_alnum_mixed_tld
enuvusopjcj.su,bc2a9a23-b2f5-4611-9783-0a0d78df6d4e,random_alnum_mixed_tld
fwyjpuodclkfcoq.xxx,bc2a9a23-b2f5-4611-9783-0a0d78df6d4e,random_alnum_mixed_tld
wegdmyyxmuqooxhopxjg.co,bc2a9a23-b2f5-4611-9783-0a0d78df6d4e,random_alnum_mixed_tld
xbrnoljlrfeuxgdonqw.jp,bc2a9a23-b2f5-4611-9783-0a0d78df6d4e,random_alnum_mixed_tld
tggtpudkdfmyxay.ki,bc2a9a23-b2f5-4611-9783-0a0d78df6d4e,random_alnum_mixed_tld
kwvbpfpvfnbdbrdsjpnhb.sc,bc2a9a23-b2f5-4611-9783-0a0d78df6d4e,random_alnum_mixed_tld
qgmuycaeddbsp.sc,bc2a9a23-b2f5-4611-9783-0a0d78df6d4e,random_alnum_mixed_tld
vgrsbqgpsnmxurifcfh.im,bc2a9a23-b2f5-4611-9783-0a0d78df6d4e,random_alnum_mixed_tld
xwbvalmpsogfocs.in,bc2a9a23-b2f5-4611-9783-0a0d78df6d4e,random_alnum_mixed_tld
iqsyptvylaqvej.tw,bc2a9a23-b2f5-4611-9783-0a0d78df6d4e,random_alnum_mixed_tld
eapkidl.cm,bc2a9a23-b2f5-4611-9783-0a0d78df6d4e,random_alnum_mixed_tld
tfortnvvqlpajycpjfcy.cm,bc2a9a23-b2f5-4611-9783-0a0d78df6d4e,random_alnum_mixed_tld
wahcspiffkwvx.jp,bc2a9a23-b2f5-4611-9783-0a0d78df6d4e,random_alnum_mixed_tld
getdoxladq.us,bc2a9a23-b2f5-4611-9783-0a0d78df6d4e,random_alnum_mixed_tld
oibrqwlfot.su,bc2a9a23-b2f5-4611-9783-0a0d78df6d4e,random_alnum_mixed_tld
vtflrvbkgch.org,bc2a9a23-b2f5-4611-9783-0a0d78df6d4e,random_alnum_mixed_tld
vkovmcdaraybqxt.us,bc2a9a23-b2f5-4611-9783-0a0d78df6d4e,random_alnum_mixed_tld
sdavpeukllb.cx,bc2a9a23-b2f5-4611-9783-0a0d78df6d4e,random_alnum_mixed_tld
hccqauku.ms,bc2a9a23-b2f5-4611-9783-0a0d78df6d4e,random_alnum_mixed_tld
yqeajcnolrrcn.eu,bc2a9a23-b2f5-4611-9783-0a0d78df6d4e,random_alnum_mixed_tld
byssotgdqglqsyrnodai.ir,bc2a9a23-b2f5-4611-9783-0a0d78df6d4e,random_alnum_mixed_tld
hgpifgxgkm.pw,bc2a9a23-b2f5-4611-9783-0a0d78df6d4e,random_alnum_mixed_tld
lhpbaya.mx,bc2a9a23-b2f5-4611-9783-0a0d78df6d4e,random_alnum_mixed_tld
fnlgbhqfhhysln.im,bc2a9a23-b2f5-4611-9783-0a0d78df6d4e,random_alnum_mixed_tld
fbqbgar.bz,bc2a9a23-b2f5-4611-9783-0a0d78df6d4e,random_alnum_mixed_tld
imknghsj.tj,bc2a9a23-b2f5-4611-9783-0a0d78df6d4e,random_alnum_mixed_tld
aoksucpwkpiuek.su,bc2a9a23-b2f5-4611-9783-0a0d78df6d4e,random_alnum_mixed_tld
uamvmckcdjk.tv,bc2a9a23-b2f5-4611-9783-0a0d78df6d4e,random_alnum_mixed_tld
wlgapcrwlmqcaimb.su,bc2a9a23-b2f5-4611-9783-0a0d78df6d4e,random_alnum_mixed_tld
fwsoxodgepgtkbbi.de,bc2a9a23-b2f5-4611-9783-0a0d78df6d4e,random_alnum_mixed_tld
steodlqmdvnexao.mu,bc2a9a23-b2f5-4611-9783-0a0d78df6d4e,random_alnum_mixed_tld
ijrdkbfoeogwygjetxpqq.pro,bc2a9a23-b2f5-4611-9783-0a0d78df6d4e,random_alnum_mixed_tld
vyeifhqow.ug,bc2a9a23-b2f5-4611-9783-0a0d78df6d4e,random_alnum_mixed_tld
oyhrdvquda.cc,bc2a9a23-b2f5-4611-9783-0a0d78df6d4e,random_alnum_mixed_tld
kuwnnfkymif.org,bc2a9a23-b2f5-4611-9783-0a0d78df6d4e,random_alnum_mixed_tld
tgvwlxquvrbtq.cc,bc2a9a23-b2f5-4611-9783-0a0d78df6d4e,random_alnum_mixed_tld
lcqsauudpfxh.tw,bc2a9a23-b2f5-4611-9783-0a0d78df6d4e,random_alnum_mixed_tld
spnjvbfesnwhrn.us,bc2a9a23-b2f5-4611-9783-0a0d78df6d4e,random_alnum_mixed_tld
cpdnphalhoolwuelftuw.net,bc2a9a23-b2f5-4611-9783-0a0d78df6d4e,random_alnum_mixed_tld
thuicqkaletuatt.ki,bc2a9a23-b2f5-4611-9783-0a0d78df6d4e,random_alnum_mixed_tld
eyevkdvekghbde.sx,bc2a9a23-b2f5-4611-9783-0a0d78df6d4e,random_alnum_mixed_tld
tkrvudcnhkdfkdvpmcgux.nu,bc2a9a23-b2f5-4611-9783-0a0d78df6d4e,random_alnum_mixed_tld
pqthdxxqev.ac,bc2a9a23-b2f5-4611-9783-0a0d78df6d4e,random_alnum_mixed_tld
qrqeihpxmjjidmi.net,bc2a9a23-b2f5-4611-9783-0a0d78df6d4e,random_alnum_mixed_tld
dsfvrwkoami.sc,bc2a9a23-b2f5-4611-9783-0a0d78df6d4e,random_alnum_mixed_tld
ivrqgwqtsxlvwj.xxx,bc2a9a23-b2f5-4611-9783-0a0d78df6d4e,random_alnum_mixed_tld
ntkxjcndxgsickljr.cc,bc2a9a23-b2f5-4611-9783-0a0d78df6d4e,random_alnum_mixed_tld
jhgogrtvijmiflv.ac,bc2a9a23-b2f5-4611-9783-0a0d78df6d4e,random_alnum_mixed_tld
kvqgxayehqe.me,bc2a9a23-b2f5-4611-9783-0a0d78df6d4e,random_alnum_mixed_tld
eqcdyqr.me,bc2a9a23-b2f5-4611-9783-0a0d78df6d4e,random_alnum_mixed_tld
ngxpmryb.us,bc2a9a23-b2f5-4611-9783-0a0d78df6d4e,random_alnum_mixed_tld
okgwhvomwaqstvac.nu,bc2a9a23-b2f5-4611-9783-0a0d78df6d4e,random_alnum_mixed_tld
tjpnfkvshlb.kz,bc2a9a23-b2f5-4611-9783-0a0d78df6d4e,random_alnum_mixed_tld
ynthahywbwefbi.su,bc2a9a23-b2f5-4611-9783-0a0d78df6d4e,random_alnum_mixed_tld
waxmrutjylfnjylwuy.ki,bc2a9a23-b2f5-4611-9783-0a0d78df6d4e,random_alnum_mixed_tld
uxvtjitsgbaltvmpk.so,bc2a9a23-b2f5-4611-9783-0a0d78df6d4e,random_alnum_mixed_tld
xaslhlunfu.sx,bc2a9a23-b2f5-4611-9783-0a0d78df6d4e,random_alnum_mixed_tld
tleafsfesniadecmiewo.sh,bc2a9a23-b2f5-4611-9783-0a0d78df6d4e,random_alnum_mixed_tld
nkknegxm.de,bc2a9a23-b2f5-4611-9783-0a0d78df6d4e,random_alnum_mixed_tld
dqjymomqqpy.ki,bc2a9a23-b2f5-4611-9783-0a0d78df6d4e,random_alnum_mixed_tld
exnltjb.co,bc2a9a23-b2f5-4611-9783-0a0d78df6d4e,random_alnum_mixed_tld
qvniwsufajhyhjkhvnlhs.mn,bc2a9a23-b2f5-4611-9783-0a0d78df6d4e,random_alnum_mixed_tld
hdgfpbvjdju.tj,bc2a9a23-b2f5-4611-9783-0a0d78df6d4e,random_alnum_mixed_tld
urpxstodyo.in,bc2a9a23-b2f5-4611-9783-0a0d78df6d4e,random_alnum_mixed_tld
tujgbomwifddanx.ug,bc2a9a23-b2f5-4611-9783-0a0d78df6d4e,random_alnum_mixed_tld
hnyrmshkavve.tj,bc2a9a23-b2f5-4611-9783-0a0d78df6d4e,random_alnum_mixed_tld
krwkwkrgkh.cx,bc2a9a23-b2f5-4611-9783-0a0d78df6d4e,random_alnum_mixed_tld
tbugtjksnhih.in,bc2a9a23-b2f5-4611-9783-0a0d78df6d4e,random_alnum_mixed_tld
kvskjffohxjts.jp,bc2a9a23-b2f5-4611-9783-0a0d78df6d4e,random_alnum_mixed_tld
dnymfflowe.org,bc2a9a23-b2f5-4611-9783-0a0d78df6d4e,random_alnum_mixed_tld
cjlyjrth.su,bc2a9a23-b2f5-4611-9783-0a0d78df6d4e,random_alnum_mixed_tld
naakoagccct.org,bc2a9a23-b2f5-4611-9783-0a0d78df6d4e,random_alnum_mixed_tld
ddwxcomitn.la,bc2a9a23-b2f5-4611-9783-0a0d78df6d4e,random_alnum_mixed_tld
xwaktaevpp.sc,bc2a9a23-b2f5-4611-9783-0a0d78df6d4e,random_alnum_mixed_tld
egolfnq.so,bc2a9a23-b2f5-4611-9783-0a0d78df6d4e,random_alnum_mixed_tld
ypqaqefcmluwjsfeve.de,bc2a9a23-b2f5-4611-9783-0a0d78df6d4e,random_alnum_mixed_tld
vualhmvu.net,bc2a9a23-b2f5-4611-9783-0a0d78df6d4e,random_alnum_mixed_tld
fopgbvb.ms,bc2a9a23-b2f5-4611-9783-0a0d78df6d4e,random_alnum_mixed_tld
hgnxdmji.im,bc2a9a23-b2f5-4611-9783-0a0d78df6d4e,random_alnum_mixed_tld
laprosyfptsgrqgqr.ga,bc2a9a23-b2f5-4611-9783-0a0d78df6d4e,random_alnum_mixed_tld
ravresegjwgwfcpieno.ru,bc2a9a23-b2f5-4611-9783-0a0d78df6d4e,random_alnum_mixed_tld
bxlncnbkltkntnnb.jp,bc2a9a23-b2f5-4611-9783-0a0d78df6d4e,random_alnum_mixed_tld
onrvsqnipgnt.pw,bc2a9a23-b2f5-4611-9783-0a0d78df6d4e,random_alnum_mixed_tld
swafmmpsqjcaaxegeol.me,bc2a9a23-b2f5-4611-9783-0a0d78df6d4e,random_alnum_mixed_tld
rtsypnllsmpofx.tj,bc2a9a23-b2f5-4611-9783-0a0d78df6d4e,random_alnum_mixed_tld
dyphoxmsq.org,bc2a9a23-b2f5-4611-9783-0a0d78df6d4e,random_alnum_mixed_tld
neimmhxuop.ac,bc2a9a23-b2f5-4611-9783-0a0d78df6d4e,random_alnum_mixed_tld
gpddjrsyvbxyq.sx,bc2a9a23-b2f5-4611-9783-0a0d78df6d4e,random_alnum_mixed_tld
tbsimkpckgnrd.net,bc2a9a23-b2f5-4611-9783-0a0d78df6d4e,random_alnum_mixed_tld
bvdjimtfnouscntwk.sc,bc2a9a23-b2f5-4611-9783-0a0d78df6d4e,random_alnum_mixed_tld
llkfxovwioaneg.co,bc2a9a23-b2f5-4611-9783-0a0d78df6d4e,random_alnum_mixed_tld
mreojirbyj.biz,bc2a9a23-b2f5-4611-9783-0a0d78df6d4e,random_alnum_mixed_tld
ugvmknxrpmkmjouprkvx.eu,bc2a9a23-b2f5-4611-9783-0a0d78df6d4e,random_alnum_mixed_tld
xxukppcinrjuje.kz,bc2a9a23-b2f5-4611-9783-0a0d78df6d4e,random_alnum_mixed_tld
prshidcgfiqoo.net,bc2a9a23-b2f5-4611-9783-0a0d78df6d4e,random_alnum_mixed_tld
rbmtsswdruwoj.cm,bc2a9a23-b2f5-4611-9783-0a0d78df6d4e,random_alnum_mixed_tld
ijrnqixiewryihy.mx,bc2a9a23-b2f5-4611-9783-0a0d78df6d4e,random_alnum_mixed_tld
nlqbsxkeakgmtvpquqv.org,bc2a9a23-b2f5-4611-9783-0a0d78df6d4e,random_alnum_mixed_tld
wwirkuptfrlrgawubfycp.ga,bc2a9a23-b2f5-4611-9783-0a0d78df6d4e,random_alnum_mixed_tld
sokcdgidfmkfntrvvtw.co,bc2a9a23-b2f5-4611-9783-0a0d78df6d4e,random_alnum_mixed_tld
rpgiwgyh.tw,bc2a9a23-b2f5-4611-9783-0a0d78df6d4e,random_alnum_mixed_tld
kvpvuvrct.mn,bc2a9a23-b2f5-4611-9783-0a0d78df6d4e,random_alnum_mixed_tld
gkbibaxuaxyrw.cm,bc2a9a23-b2f5-4611-9783-0a0d78df6d4e,random_alnum_mixed_tld
bgkncklihkcsoqqlmpp.ir,bc2a9a23-b2f5-4611-9783-0a0d78df6d4e,random_alnum_mixed_tld
wumuokgtptjvgdlngufcd.sx,bc2a9a23-b2f5-4611-9783-0a0d78df6d4e,random_alnum_mixed_tld
yluvtfpeqtsrydfoyyv.cx,bc2a9a23-b2f5-4611-9783-0a0d78df6d4e,random_alnum_mixed_tld
tltmjdxliqnpqa.co,bc2a9a23-b2f5-4611-9783-0a0d78df6d4e,random_alnum_mixed_tld
jinvsmrfvlqgkhxqvuoo.nu,bc2a9a23-b2f5-4611-9783-0a0d78df6d4e,random_alnum_mixed_tld
skddjbmkxbd.la,bc2a9a23-b2f5-4611-9783-0a0d78df6d4e,random_alnum_mixed_tld
xgyfgjslwvn.ug,bc2a9a23-b2f5-4611-9783-0a0d78df6d4e,random_alnum_mixed_tld
fseqbvrnneyskqx.cc,bc2a9a23-b2f5-4611-9783-0a0d78df6d4e,random_alnum_mixed_tld
rbnvybv.mx,bc2a9a23-b2f5-4611-9783-0a0d78df6d4e,random_alnum_mixed_tld
rkwnanhrcbuvcmwa.bz,bc2a9a23-b2f5-4611-9783-0a0d78df6d4e,random_alnum_mixed_tld
bqhyehmxuqs.biz,bc2a9a23-b2f5-4611-9783-0a0d78df6d4e,random_alnum_mixed_tld
usxyjmxvxmgkbxyxrty.org,bc2a9a23-b2f5-4611-9783-0a0d78df6d4e,random_alnum_mixed_tld
vegcvjvgllbqsvr.mx,bc2a9a23-b2f5-4611-9783-0a0d78df6d4e,random_alnum_mixed_tld
jnomxkycuxanpmap.xxx,bc2a9a23-b2f5-4611-9783-0a0d78df6d4e,random_alnum_mixed_tld
avcnukeeoodqw.su,bc2a9a23-b2f5-4611-9783-0a0d78df6d4e,random_alnum_mixed_tld
rttvqwrrnfksxue.jp,bc2a9a23-b2f5-4611-9783-0a0d78df6d4e,random_alnum_mixed_tld
uiegqaqsfqjrsxn.sc,bc2a9a23-b2f5-4611-9783-0a0d78df6d4e,random_alnum_mixed_tld
mbllemtbjpab.mx,bc2a9a23-b2f5-4611-9783-0a0d78df6d4e,random_alnum_mixed_tld
cbqjgwqmllbcnspqubg.xxx,bc2a9a23-b2f5-4611-9783-0a0d78df6d4e,random_alnum_mixed_tld
gewliuoskwtxwdgapek.ki,bc2a9a23-b2f5-4611-9783-0a0d78df6d4e,random_alnum_mixed_tld
ymfsipgbaomxyn.ms,bc2a9a23-b2f5-4611-9783-0a0d78df6d4e,random_alnum_mixed_tld
gecaewnfvtdsygakmal.me,bc2a9a23-b2f5-4611-9783-0a0d78df6d4e,random_alnum_mixed_tld
yelgshyj.cx,bc2a9a23-b2f5-4611-9783-0a0d78df6d4e,random_alnum_mixed_tld
vlkvprwu.sc,bc2a9a23-b2f5-4611-9783-0a0d78df6d4e,random_alnum_mixed_tld
nxkphopf.mn,bc2a9a23-b2f5-4611-9783-0a0d78df6d4e,random_alnum_mixed_tld
ncuuqckugkddojv.im,bc2a9a23-b2f5-4611-9783-0a0d78df6d4e,random_alnum_mixed_tld
cstwkdjytsdiebfek.nu,bc2a9a23-b2f5-4611-9783-0a0d78df6d4e,random_alnum_mixed_tld
mugefcil.pro,bc2a9a23-b2f5-4611-9783-0a0d78df6d4e,random_alnum_mixed_tld
xhujgkfat.kz,bc2a9a23-b2f5-4611-9783-0a0d78df6d4e,random_alnum_mixed_tld
edysvglqpgtpcn.eu,bc2a9a23-b2f5-4611-9783-0a0d78df6d4e,random_alnum_mixed_tld
yqiisppuhj.eu,bc2a9a23-b2f5-4611-9783-0a0d78df6d4e,random_alnum_mixed_tld
jqdgbpfreloiq.su,bc2a9a23-b2f5-4611-9783-0a0d78df6d4e,random_alnum_mixed_tld
kitmdwsrlneysucfrglms.me,bc2a9a23-b2f5-4611-9783-0a0d78df6d4e,random_alnum_mixed_tld
rnguucmywgtcjenjxqk.jp,bc2a9a23-b2f5-4611-9783-0a0d78df6d4e,random_alnum_mixed_tld
pmwykbib.pro,bc2a9a23-b2f5-4611-9783-0a0d78df6d4e,random_alnum_mixed_tld
quxcbolwevsuag.to,bc2a9a23-b2f5-4611-9783-0a0d78df6d4e,random_alnum_mixed_tld
hqldtuhoy.kz,bc2a9a23-b2f5-4611-9783-0a0d78df6d4e,random_alnum_mixed_tld
umbggbpniugbomiwuein.tw,bc2a9a23-b2f5-4611-9783-0a0d78df6d4e,random_alnum_mixed_tld
srewcxskc.cm,bc2a9a23-b2f5-4611-9783-0a0d78df6d4e,random_alnum_mixed_tld
kjptrogjk.la,bc2a9a23-b2f5-4611-9783-0a0d78df6d4e,random_alnum_mixed_tld
icwsibqdnsvdeawpgjju.ms,bc2a9a23-b2f5-4611-9783-0a0d78df6d4e,random_alnum_mixed_tld
fqdswspra.ga,bc2a9a23-b2f5-4611-9783-0a0d78df6d4e,random_alnum_mixed_tld
mbqemmmlovbqmfoos.so,bc2a9a23-b2f5-4611-9783-0a0d78df6d4e,random_alnum_mixed_tld
euyihxrcbdco.in,bc2a9a23-b2f5-4611-9783-0a0d78df6d4e,random_alnum_mixed_tld
sfsqjqnnrqilgexgb.ga,bc2a9a23-b2f5-4611-9783-0a0d78df6d4e,random_alnum_mixed_tld
oxbhrkxwtkg.ms,bc2a9a23-b2f5-4611-9783-0a0d78df6d4e,random_alnum_mixed_tld
bueutvvyi.mx,bc2a9a23-b2f5-4611-9783-0a0d78df6d4e,random_alnum_mixed_tld
rbqupkmwrbilx.ki,bc2a9a23-b2f5-4611-9783-0a0d78df6d4e,random_alnum_mixed_tld
fkyogbaursvuu.to,bc2a9a23-b2f5-4611-9783-0a0d78df6d4e,random_alnum_mixed_tld
daffiewqmexiubpohr.me,bc2a9a23-b2f5-4611-9783-0a0d78df6d4e,random_alnum_mixed_tld
odiqimqjfih.biz,bc2a9a23-b2f5-4611-9783-0a0d78df6d4e,random_alnum_mixed_tld
gqjxxsvxbfgcth.co,bc2a9a23-b2f5-4611-9783-0a0d78df6d4e,random_alnum_mixed_tld
fiskgslrtfpxpdxlsvdlo.tj,bc2a9a23-b2f5-4611-9783-0a0d78df6d4e,random_alnum_mixed_tld
cjbcdnfbsthhkjwmlqy.tv,bc2a9a23-b2f5-4611-9783-0a0d78df6d4e,random_alnum_mixed_tld
tlvjmqipesgkgosxcew.bz,bc2a9a23-b2f5-4611-9783-0a0d78df6d4e,random_alnum_mixed_tld
fofbnibdtrwrd.co,bc2a9a23-b2f5-4611-9783-0a0d78df6d4e,random_alnum_mixed_tld
irkaswq.co,bc2a9a23-b2f5-4611-9783-0a0d78df6d4e,random_alnum_mixed_tld
bsowdojrimlbqpf.biz,bc2a9a23-b2f5-4611-9783-0a0d78df6d4e,random_alnum_mixed_tld
nkndknye.ru,bc2a9a23-b2f5-4611-9783-0a0d78df6d4e,random_alnum_mixed_tld
nwydyimx.bz,bc2a9a23-b2f5-4611-9783-0a0d78df6d4e,random_alnum_mixed_tld
effwxheroxndvtss.cx,bc2a9a23-b2f5-4611-9783-0a0d78df6d4e,random_alnum_mixed_tld
bdyugkuebuckggaa.to,bc2a9a23-b2f5-4611-9783-0a0d78df6d4e,random_alnum_mixed_tld
kutjxngbiopry.biz,bc2a9a23-b2f5-4611-9783-0a0d78df6d4e,random_alnum_mixed_tld
uqstjgpfrxwknytcai.tw,bc2a9a23-b2f5-4611-9783-0a0d78df6d4e,random_alnum_mixed_tld
jwptfudtxd.sc,bc2a9a23-b2f5-4611-9783-0a0d78df6d4e,random_alnum_mixed_tld
aevklqgdcnuuankhdcmug.tw,bc2a9a23-b2f5-4611-9783-0a0d78df6d4e,random_alnum_mixed_tld
jhhbufhnxjymryx.ms,bc2a9a23-b2f5-4611-9783-0a0d78df6d4e,random_alnum_mixed_tld
wehjsgqfcrrsiairss.ug,bc2a9a23-b2f5-4611-9783-0a0d78df6d4e,random_alnum_mixed_tld
pcpivfkxkhwt.biz,bc2a9a23-b2f5-4611-9783-0a0d78df6d4e,random_alnum_mixed_tld
cannyvcxqftgoalsuniyy.sc,bc2a9a23-b2f5-4611-9783-0a0d78df6d4e,random_alnum_mixed_tld
jspvsuhmmbrdkmbkbjr.nf,bc2a9a23-b2f5-4611-9783-0a0d78df6d4e,random_alnum_mixed_tld
yrfjfvosiyqcyla.pro,bc2a9a23-b2f5-4611-9783-0a0d78df6d4e,random_alnum_mixed_tld
fgxaktckctvrbdqywhuwo.nf,bc2a9a23-b2f5-4611-9783-0a0d78df6d4e,random_alnum_mixed_tld
snjhsqhfgf.bz,bc2a9a23-b2f5-4611-9783-0a0d78df6d4e,random_alnum_mixed_tld
adiqwentklwk.tw,bc2a9a23-b2f5-4611-9783-0a0d78df6d4e,random_alnum_mixed_tld
fxdrpfyyibsfffdhr.mx,bc2a9a23-b2f5-4611-9783-0a0d78df6d4e,random_alnum_mixed_tld
bvqmtpbwvq.mn,bc2a9a23-b2f5-4611-9783-0a0d78df6d4e,random_alnum_mixed_tld
jkuonbyocqo.de,bc2a9a23-b2f5-4611-9783-0a0d78df6d4e,random_alnum_mixed_tld
lcwqarn.cc,bc2a9a23-b2f5-4611-9783-0a0d78df6d4e,random_alnum_mixed_tld
sajccgdkuwdmmmrbsa.kz,bc2a9a23-b2f5-4611-9783-0a0d78df6d4e,random_alnum_mixed_tld
wbdepwckhujuacsqda.la,bc2a9a23-b2f5-4611-9783-0a0d78df6d4e,random_alnum_mixed_tld
hkhjyhrwjb.sc,bc2a9a23-b2f5-4611-9783-0a0d78df6d4e,random_alnum_mixed_tld
mwkvpdkvvcw.me,bc2a9a23-b2f5-4611-9783-0a0d78df6d4e,random_alnum_mixed_tld
nnqwmjnojll.us,bc2a9a23-b2f5-4611-9783-0a0d78df6d4e,random_alnum_mixed_tld
jrruummhcmjm.su,bc2a9a23-b2f5-4611-9783-0a0d78df6d4e,random_alnum_mixed_tld
upypwqqapyvoingvff.sc,bc2a9a23-b2f5-4611-9783-0a0d78df6d4e,random_alnum_mixed_tld
pwpxdpxbxqboxvcv.biz,bc2a9a23-b2f5-4611-9783-0a0d78df6d4e,random_alnum_mixed_tld
bfldlgnggewbdaaauir.ki,bc2a9a23-b2f5-4611-9783-0a0d78df6d4e,random_alnum_mixed_tld
ykhctmmeuqyjkote.mu,bc2a9a23-b2f5-4611-9783-0a0d78df6d4e,random_alnum_mixed_tld
rrvaurdatqad.sx,bc2a9a23-b2f5-4611-9783-0a0d78df6d4e,random_alnum_mixed_tld
pojehhcl.xxx,bc2a9a23-b2f5-4611-9783-0a0d78df6d4e,random_alnum_mixed_tld
xyvtreh.cc,bc2a9a23-b2f5-4611-9783-0a0d78df6d4e,random_alnum_mixed_tld
tucsbuoxbmlfkeh.cm,bc2a9a23-b2f5-4611-9783-0a0d78df6d4e,random_alnum_mixed_tld
dedbqquugenp.ir,bc2a9a23-b2f5-4611-9783-0a0d78df6d4e,random_alnum_mixed_tld
cxijyyoi.tj,bc2a9a23-b2f5-4611-9783-0a0d78df6d4e,random_alnum_mixed_tld
apxcapxegfcm.mx,bc2a9a23-b2f5-4611-9783-0a0d78df6d4e,random_alnum_mixed_tld
oddeayyltillgjydadvtj.eu,bc2a9a23-b2f5-4611-9783-0a0d78df6d4e,random_alnum_mixed_tld
eoxgbmwnjaiugs.ru,bc2a9a23-b2f5-4611-9783-0a0d78df6d4e,random_alnum_mixed_tld
cbtmaorgjpxcti.kz,bc2a9a23-b2f5-4611-9783-0a0d78df6d4e,random_alnum_mixed_tld
srsdovxhqqflr.ru,bc2a9a23-b2f5-4611-9783-0a0d78df6d4e,random_alnum_mixed_tld
ciqqphjntidsyyif.kz,bc2a9a23-b2f5-4611-9783-0a0d78df6d4e,random_alnum_mixed_tld
xjycmkeugyrqaynlpejs.la,bc2a9a23-b2f5-4611-9783-0a0d78df6d4e,random_alnum_mixed_tld
rvlawiowm.ir,bc2a9a23-b2f5-4611-9783-0a0d78df6d4e,random_alnum_mixed_tld
sbgkxijuyauxojcoxvg.sh,bc2a9a23-b2f5-4611-9783-0a0d78df6d4e,random_alnum_mixed_tld
pdxilyowikv.la,bc2a9a23-b2f5-4611-9783-0a0d78df6d4e,random_alnum_mixed_tld
hypnfwnk.mx,bc2a9a23-b2f5-4611-9783-0a0d78df6d4e,random_alnum_mixed_tld
pfuogyjail.so,bc2a9a23-b2f5-4611-9783-0a0d78df6d4e,random_alnum_mixed_tld
wdsookmffivfmatarp.org,bc2a9a23-b2f5-4611-9783-0a0d78df6d4e,random_alnum_mixed_tld
kgceesneenkwddlyi.ms,bc2a9a23-b2f5-4611-9783-0a0d78df6d4e,random_alnum_mixed_tld
opsotvyaiuruwb.tw,bc2a9a23-b2f5-4611-9783-0a0d78df6d4e,random_alnum_mixed_tld
xbyfdomcaxrto.me,bc2a9a23-b2f5-4611-9783-0a0d78df6d4e,random_alnum_mixed_tld
xacieurqqkoomcpfvdks.bz,bc2a9a23-b2f5-4611-9783-0a0d78df6d4e,random_alnum_mixed_tld
ellowmtcxcpmadar.nf,bc2a9a23-b2f5-4611-9783-0a0d78df6d4e,random_alnum_mixed_tld
giyveracpwuo.ir,bc2a9a23-b2f5-4611-9783-0a0d78df6d4e,random_alnum_mixed_tld
nwmpcfhldvyjdfgiprorh.org,bc2a9a23-b2f5-4611-9783-0a0d78df6d4e,random_alnum_mixed_tld
nertjmakieccxfu.ru,bc2a9a23-b2f5-4611-9783-0a0d78df6d4e,random_alnum_mixed_tld
rdgcfdcfvdybmoogneosu.eu,bc2a9a23-b2f5-4611-9783-0a0d78df6d4e,random_alnum_mixed_tld
qjhwhhf.us,bc2a9a23-b2f5-4611-9783-0a0d78df6d4e,random_alnum_mixed_tld
iradkuwmwqkd.org,bc2a9a23-b2f5-4611-9783-0a0d78df6d4e,random_alnum_mixed_tld
wdinjxkyqvxcfvyugyw.ru,bc2a9a23-b2f5-4611-9783-0a0d78df6d4e,random_alnum_mixed_tld
jksfvxijrsqmrs.tv,bc2a9a23-b2f5-4611-9783-0a0d78df6d4e,random_alnum_mixed_tld
uuuduba.com,bc2a9a23-b2f5-4611-9783-0a0d78df6d4e,random_alnum_mixed_tld
kgogowhjtgxqp.us,bc2a9a23-b2f5-4611-9783-0a0d78df6d4e,random_alnum_mixed_tld
iuqdpvkmu.co,bc2a9a23-b2f5-4611-9783-0a0d78df6d4e,random_alnum_mixed_tld
jhymfyyrmefnsrjntl.pw,bc2a9a23-b2f5-4611-9783-0a0d78df6d4e,random_alnum_mixed_tld
tashwypshybjwjooc.ga,bc2a9a23-b2f5-4611-9783-0a0d78df6d4e,random_alnum_mixed_tld
rivbwtmnhyta.xxx,bc2a9a23-b2f5-4611-9783-0a0d78df6d4e,random_alnum_mixed_tld
uneaghyundexasgddd.tw,bc2a9a23-b2f5-4611-9783-0a0d78df6d4e,random_alnum_mixed_tld
ihiqlpuwnbewmiyfene.nu,bc2a9a23-b2f5-4611-9783-0a0d78df6d4e,random_alnum_mixed_tld
qcndjhdgp.pw,bc2a9a23-b2f5-4611-9783-0a0d78df6d4e,random_alnum_mixed_tld
odhkhasbmdsy.ug,bc2a9a23-b2f5-4611-9783-0a0d78df6d4e,random_alnum_mixed_tld
wesvgwienl.me,bc2a9a23-b2f5-4611-9783-0a0d78df6d4e,random_alnum_mixed_tld
jfxvyudcq.mn,bc2a9a23-b2f5-4611-9783-0a0d78df6d4e,random_alnum_mixed_tld
uwtvweojnxwivqwc.cc,bc2a9a23-b2f5-4611-9783-0a0d78df6d4e,random_alnum_mixed_tld
telodmcuttnqerrw.jp,bc2a9a23-b2f5-4611-9783-0a0d78df6d4e,random_alnum_mixed_tld
migrationispeopleofof.biz,c3d29709-1c8e-40e1-a56a-787ccdce224f,dict_concat_nohyphen
beyondfortorightsthe.net,c3d29709-1c8e-40e1-a56a-787ccdce224f,dict_concat_nohyphen
aretimesforfornowwith.cn,c3d29709-1c8e-40e1-a56a-787ccdce224f,dict_concat_nohyphen
murdersthetimethetaken.net,c3d29709-1c8e-40e1-a56a-787ccdce224f,dict_concat_nohyphen
thingsandbrethrenacquiesce.ru,c3d29709-1c8e-40e1-a56a-787ccdce224f,dict_concat_nohyphen
safetyhastheirhasdepriving.com,c3d29709-1c8e-40e1-a56a-787ccdce224f,dict_concat_nohyphen
isovertocausesconjured.cn,c3d29709-1c8e-40e1-a56a-787ccdce224f,dict_concat_nohyphen
governorsthatrefused.biz,c3d29709-1c8e-40e1-a56a-787ccdce224f,dict_concat_nohyphen
whichthesuchlivesexercise.cn,c3d29709-1c8e-40e1-a56a-787ccdce224f,dict_concat_nohyphen
fromtocongressofabolishing.cn,c3d29709-1c8e-40e1-a56a-787ccdce224f,dict_concat_nohyphen
amountandonlytrainare.ru,c3d29709-1c8e-40e1-a56a-787ccdce224f,dict_concat_nohyphen
allegiancerightmanly.com,c3d29709-1c8e-40e1-a56a-787ccdce224f,dict_concat_nohyphen
thethesetheirguardspledge.biz,c3d29709-1c8e-40e1-a56a-787ccdce224f,dict_concat_nohyphen
totallynativeourdesign.net,c3d29709-1c8e-40e1-a56a-787ccdce224f,dict_concat_nohyphen
opposingimportanceutterly.com,c3d29709-1c8e-40e1-a56a-787ccdce224f,dict_concat_nohyphen
hehasandwithdeclaration.ru,c3d29709-1c8e-40e1-a56a-787ccdce224f,dict_concat_nohyphen
frombritishtakendependent.com,c3d29709-1c8e-40e1-a56a-787ccdce224f,dict_concat_nohyphen
hisshouldformidablecreator.com,c3d29709-1c8e-40e1-a56a-787ccdce224f,dict_concat_nohyphen
abusesoutkingwhichshould.net,c3d29709-1c8e-40e1-a56a-787ccdce224f,dict_concat_nohyphen
andindiantyrannywholesome.net,c3d29709-1c8e-40e1-a56a-787ccdce224f,dict_concat_nohyphen
markedofestablishment.cn,c3d29709-1c8e-40e1-a56a-787ccdce224f,dict_concat_nohyphen
insoleforpowerissuch.cn,c3d29709-1c8e-40e1-a56a-787ccdce224f,dict_concat_nohyphen
thewarthisstatesamong.ru,c3d29709-1c8e-40e1-a56a-787ccdce224f,dict_concat_nohyphen
crownothersandnatures.net,c3d29709-1c8e-40e1-a56a-787ccdce224f,dict_concat_nohyphen
andandpeaceallfitprotecting.cn,c3d29709-1c8e-40e1-a56a-787ccdce224f,dict_concat_nohyphen
keptbeonfromandofappropriations.cn,c3d29709-1c8e-40e1-a56a-787ccdce224f,dict_concat_nohyphen
theresttooutthethemconnection.com,c3d29709-1c8e-40e1-a56a-787ccdce224f,dict_concat_nohyphen
hissuchindependentcolonies.net,c3d29709-1c8e-40e1-a56a-787ccdce224f,dict_concat_nohyphen
causesandasfromwithout.net,c3d29709-1c8e-40e1-a56a-787ccdce224f,dict_concat_nohyphen
abusestheironwhichthe.com,c3d29709-1c8e-40e1-a56a-787ccdce224f,dict_concat_nohyphen
hedisposedwelegislature.ru,c3d29709-1c8e-40e1-a56a-787ccdce224f,dict_concat_nohyphen
athetheattendindiansuch.ru,c3d29709-1c8e-40e1-a56a-787ccdce224f,dict_concat_nohyphen
ofususjudgeslegislation.net,c3d29709-1c8e-40e1-a56a-787ccdce224f,dict_concat_nohyphen
whichcausejulyinwith.biz,c3d29709-1c8e-40e1-a56a-787ccdce224f,dict_concat_nohyphen
oppressionsofthethetaken.net,c3d29709-1c8e-40e1-a56a-787ccdce224f,dict_concat_nohyphen
forseparatethemostrecords.ru,c3d29709-1c8e-40e1-a56a-787ccdce224f,dict_concat_nohyphen
forforeigntheirannihilation.biz,c3d29709-1c8e-40e1-a56a-787ccdce224f,dict_concat_nohyphen
thatintoreturnedsuch.net,c3d29709-1c8e-40e1-a56a-787ccdce224f,dict_concat_nohyphen
atheyoursalariesthese.net,c3d29709-1c8e-40e1-a56a-787ccdce224f,dict_concat_nohyphen
inandthedeprivingdespotism.cn,c3d29709-1c8e-40e1-a56a-787ccdce224f,dict_concat_nohyphen
nothislivesinatopass.biz,c3d29709-1c8e-40e1-a56a-787ccdce224f,dict_concat_nohyphen
andinhabitantsandacommerce.com,c3d29709-1c8e-40e1-a56a-787ccdce224f,dict_concat_nohyphen
keptaccommodationfrom.net,c3d29709-1c8e-40e1-a56a-787ccdce224f,dict_concat_nohyphen
tyrannytheoftimetheenemies.cn,c3d29709-1c8e-40e1-a56a-787ccdce224f,dict_concat_nohyphen
oftheconstrainedforcrown.com,c3d29709-1c8e-40e1-a56a-787ccdce224f,dict_concat_nohyphen
timesinhabitantsandof.cn,c3d29709-1c8e-40e1-a56a-787ccdce224f,dict_concat_nohyphen
brethrengovernmentsof.ru,c3d29709-1c8e-40e1-a56a-787ccdce224f,dict_concat_nohyphen
assumecircumstanceson.cn,c3d29709-1c8e-40e1-a56a-787ccdce224f,dict_concat_nohyphen
agesofofresttheandutterly.ru,c3d29709-1c8e-40e1-a56a-787ccdce224f,dict_concat_nohyphen
owninhabitantstoconstrains.cn,c3d29709-1c8e-40e1-a56a-787ccdce224f,dict_concat_nohyphen
oftoabolishingofourof.biz,c3d29709-1c8e-40e1-a56a-787ccdce224f,dict_concat_nohyphen
endstheparalleledevents.com,c3d29709-1c8e-40e1-a56a-787ccdce224f,dict_concat_nohyphen
shouldandarepeoplewhich.net,c3d29709-1c8e-40e1-a56a-787ccdce224f,dict_concat_nohyphen
alteringhasthattocolonies.net,c3d29709-1c8e-40e1-a56a-787ccdce224f,dict_concat_nohyphen
nationbebyinandbritain.cn,c3d29709-1c8e-40e1-a56a-787ccdce224f,dict_concat_nohyphen
andscarcelywhileincapable.com,c3d29709-1c8e-40e1-a56a-787ccdce224f,dict_concat_nohyphen
totherectituderights.net,c3d29709-1c8e-40e1-a56a-787ccdce224f,dict_concat_nohyphen
wetomademayitagesthe.net,c3d29709-1c8e-40e1-a56a-787ccdce224f,dict_concat_nohyphen
betobeamongandandthe.com,c3d29709-1c8e-40e1-a56a-787ccdce224f,dict_concat_nohyphen
toruleofheushasthepatient.ru,c3d29709-1c8e-40e1-a56a-787ccdce224f,dict_concat_nohyphen
therighttheforgreatfor.cn,c3d29709-1c8e-40e1-a56a-787ccdce224f,dict_concat_nohyphen
hasabyamongabolishing.cn,c3d29709-1c8e-40e1-a56a-787ccdce224f,dict_concat_nohyphen
hastomigrationconstrained.cn,c3d29709-1c8e-40e1-a56a-787ccdce224f,dict_concat_nohyphen
abytheandreturnedisseas.ru,c3d29709-1c8e-40e1-a56a-787ccdce224f,dict_concat_nohyphen
lawstotorightshavebecomes.net,c3d29709-1c8e-40e1-a56a-787ccdce224f,dict_concat_nohyphen
officesandestablished.ru,c3d29709-1c8e-40e1-a56a-787ccdce224f,dict_concat_nohyphen
rightsthehedeafpeople.com,c3d29709-1c8e-40e1-a56a-787ccdce224f,dict_concat_nohyphen
denouncestheandtotally.ru,c3d29709-1c8e-40e1-a56a-787ccdce224f,dict_concat_nohyphen
goodtodeclaringourin.ru,c3d29709-1c8e-40e1-a56a-787ccdce224f,dict_concat_nohyphen
ourouroftheminpopulation.net,c3d29709-1c8e-40e1-a56a-787ccdce224f,dict_concat_nohyphen
lightravagedforeignwhich.cn,c3d29709-1c8e-40e1-a56a-787ccdce224f,dict_concat_nohyphen
begunofthatandhastoand.com,c3d29709-1c8e-40e1-a56a-787ccdce224f,dict_concat_nohyphen
declaringdissolvethe.biz,c3d29709-1c8e-40e1-a56a-787ccdce224f,dict_concat_nohyphen
tofriendsrighthasnow.biz,c3d29709-1c8e-40e1-a56a-787ccdce224f,dict_concat_nohyphen
ouramarkedsufferandkept.ru,c3d29709-1c8e-40e1-a56a-787ccdce224f,dict_concat_nohyphen
statetheofonthemabolishing.com,c3d29709-1c8e-40e1-a56a-787ccdce224f,dict_concat_nohyphen
rightsuspendedprotecting.ru,c3d29709-1c8e-40e1-a56a-787ccdce224f,dict_concat_nohyphen
amonghasjudgeusbypowers.com,c3d29709-1c8e-40e1-a56a-787ccdce224f,dict_concat_nohyphen
thewarwholesomeformidable.com,c3d29709-1c8e-40e1-a56a-787ccdce224f,dict_concat_nohyphen
abusestoandthatsamecharacter.ru,c3d29709-1c8e-40e1-a56a-787ccdce224f,dict_concat_nohyphen
ofanditsortotothestage.com,c3d29709-1c8e-40e1-a56a-787ccdce224f,dict_concat_nohyphen
ourofofdeclarationour.biz,c3d29709-1c8e-40e1-a56a-787ccdce224f,dict_concat_nohyphen
exercisetheinthingspopulation.cn,c3d29709-1c8e-40e1-a56a-787ccdce224f,dict_concat_nohyphen
necessityandthethattherefore.com,c3d29709-1c8e-40e1-a56a-787ccdce224f,dict_concat_nohyphen
unfitofpublishandprinciples.biz,c3d29709-1c8e-40e1-a56a-787ccdce224f,dict_concat_nohyphen
intilltherendersuchand.net,c3d29709-1c8e-40e1-a56a-787ccdce224f,dict_concat_nohyphen
totoofrightabsolutelong.biz,c3d29709-1c8e-40e1-a56a-787ccdce224f,dict_concat_nohyphen
asandandfellowwouldsame.com,c3d29709-1c8e-40e1-a56a-787ccdce224f,dict_concat_nohyphen
hasindeedrightswholesome.com,c3d29709-1c8e-40e1-a56a-787ccdce224f,dict_concat_nohyphen
suchofonourtheprovince.com,c3d29709-1c8e-40e1-a56a-787ccdce224f,dict_concat_nohyphen
thebegunimpelnatures.net,c3d29709-1c8e-40e1-a56a-787ccdce224f,dict_concat_nohyphen
standinginjuriestransporting.com,c3d29709-1c8e-40e1-a56a-787ccdce224f,dict_concat_nohyphen
torightoflargedependent.com,c3d29709-1c8e-40e1-a56a-787ccdce224f,dict_concat_nohyphen
establishmentweuslegislature.biz,c3d29709-1c8e-40e1-a56a-787ccdce224f,dict_concat_nohyphen
wholesomeexamplethat.cn,c3d29709-1c8e-40e1-a56a-787ccdce224f,dict_concat_nohyphen
takenfromgovernmentof.cn,c3d29709-1c8e-40e1-a56a-787ccdce224f,dict_concat_nohyphen
statestheourtopeople.com,c3d29709-1c8e-40e1-a56a-787ccdce224f,dict_concat_nohyphen
usthesetonaturesareconsent.ru,c3d29709-1c8e-40e1-a56a-787ccdce224f,dict_concat_nohyphen
undistinguishedforms.cn,c3d29709-1c8e-40e1-a56a-787ccdce224f,dict_concat_nohyphen
hasnewtobrethrenpower.net,c3d29709-1c8e-40e1-a56a-787ccdce224f,dict_concat_nohyphen
definesuchrepeatedabolish.cn,c3d29709-1c8e-40e1-a56a-787ccdce224f,dict_concat_nohyphen
livesobstructedtheto.com,c3d29709-1c8e-40e1-a56a-787ccdce224f,dict_concat_nohyphen
statebecomeslargeamong.ru,c3d29709-1c8e-40e1-a56a-787ccdce224f,dict_concat_nohyphen
byaccordinglyerected.net,c3d29709-1c8e-40e1-a56a-787ccdce224f,dict_concat_nohyphen
thatasuchandincommerce.cn,c3d29709-1c8e-40e1-a56a-787ccdce224f,dict_concat_nohyphen
annihilationtodeclaring.net,c3d29709-1c8e-40e1-a56a-787ccdce224f,dict_concat_nohyphen
insurrectionswhichfor.net,c3d29709-1c8e-40e1-a56a-787ccdce224f,dict_concat_nohyphen
independenttoexample.net,c3d29709-1c8e-40e1-a56a-787ccdce224f,dict_concat_nohyphen
separationofdeclaration.cn,c3d29709-1c8e-40e1-a56a-787ccdce224f,dict_concat_nohyphen
troopssecurewhosebecommerce.biz,c3d29709-1c8e-40e1-a56a-787ccdce224f,dict_concat_nohyphen
thesemayintotheseare.ru,c3d29709-1c8e-40e1-a56a-787ccdce224f,dict_concat_nohyphen
thewhenbymutuallycauses.com,c3d29709-1c8e-40e1-a56a-787ccdce224f,dict_concat_nohyphen
officersofonimpelthey.cn,c3d29709-1c8e-40e1-a56a-787ccdce224f,dict_concat_nohyphen
ofheearthconstitution.cn,c3d29709-1c8e-40e1-a56a-787ccdce224f,dict_concat_nohyphen
afrontiersrefusedfatiguing.com,c3d29709-1c8e-40e1-a56a-787ccdce224f,dict_concat_nohyphen
directbytotrialobject.cn,c3d29709-1c8e-40e1-a56a-787ccdce224f,dict_concat_nohyphen
certainsenttheandusevents.net,c3d29709-1c8e-40e1-a56a-787ccdce224f,dict_concat_nohyphen
timewerepresentative.biz,c3d29709-1c8e-40e1-a56a-787ccdce224f,dict_concat_nohyphen
thejustforreducemanly.cn,c3d29709-1c8e-40e1-a56a-787ccdce224f,dict_concat_nohyphen
certainofadoptedjuly.ru,c3d29709-1c8e-40e1-a56a-787ccdce224f,dict_concat_nohyphen
toestablishmentsecurity.biz,c3d29709-1c8e-40e1-a56a-787ccdce224f,dict_concat_nohyphen
onseparationthrowtheir.net,c3d29709-1c8e-40e1-a56a-787ccdce224f,dict_concat_nohyphen
fatiguingtheaallegiance.com,c3d29709-1c8e-40e1-a56a-787ccdce224f,dict_concat_nohyphen
necessaryandpopulation.ru,c3d29709-1c8e-40e1-a56a-787ccdce224f,dict_concat_nohyphen
ofmayandsameourcommon.com,c3d29709-1c8e-40e1-a56a-787ccdce224f,dict_concat_nohyphen
peacebydeclarationof.biz,c3d29709-1c8e-40e1-a56a-787ccdce224f,dict_concat_nohyphen
byprotectionsupportindependent.ru,c3d29709-1c8e-40e1-a56a-787ccdce224f,dict_concat_nohyphen
justtakenweunlessthe.cn,c3d29709-1c8e-40e1-a56a-787ccdce224f,dict_concat_nohyphen
manysuchwearmedourexercise.net,c3d29709-1c8e-40e1-a56a-787ccdce224f,dict_concat_nohyphen
suspendingrightstheof.cn,c3d29709-1c8e-40e1-a56a-787ccdce224f,dict_concat_nohyphen
repeatedofheoftheothers.com,c3d29709-1c8e-40e1-a56a-787ccdce224f,dict_concat_nohyphen
largeofhavetorepeated.com,c3d29709-1c8e-40e1-a56a-787ccdce224f,dict_concat_nohyphen
mayofcharacterforthis.net,c3d29709-1c8e-40e1-a56a-787ccdce224f,dict_concat_nohyphen
whilenatureholdandand.com,c3d29709-1c8e-40e1-a56a-787ccdce224f,dict_concat_nohyphen
ofequalofandholdunusual.biz,c3d29709-1c8e-40e1-a56a-787ccdce224f,dict_concat_nohyphen
trialtrialtrialtrial.biz,c3d29709-1c8e-40e1-a56a-787ccdce224f,dict_concat_nohyphen
aeatseparationamongunder.ru,c3d29709-1c8e-40e1-a56a-787ccdce224f,dict_concat_nohyphen
utterlyfromconstrained.ru,c3d29709-1c8e-40e1-a56a-787ccdce224f,dict_concat_nohyphen
anofdestroyedtosuchhis.biz,c3d29709-1c8e-40e1-a56a-787ccdce224f,dict_concat_nohyphen
theirandcivilabsolved.ru,c3d29709-1c8e-40e1-a56a-787ccdce224f,dict_concat_nohyphen
deprivinghaveandoperation.cn,c3d29709-1c8e-40e1-a56a-787ccdce224f,dict_concat_nohyphen
theweabusesandwhichforeigners.cn,c3d29709-1c8e-40e1-a56a-787ccdce224f,dict_concat_nohyphen
appropriationscreator.net,c3d29709-1c8e-40e1-a56a-787ccdce224f,dict_concat_nohyphen
topeoplewhichforconstrained.cn,c3d29709-1c8e-40e1-a56a-787ccdce224f,dict_concat_nohyphen
athebeentoofofainbemagnanimity.net,c3d29709-1c8e-40e1-a56a-787ccdce224f,dict_concat_nohyphen
governmentsofreducethe.cn,c3d29709-1c8e-40e1-a56a-787ccdce224f,dict_concat_nohyphen
ourwithwhichandlawstime.com,c3d29709-1c8e-40e1-a56a-787ccdce224f,dict_concat_nohyphen
andthejusticeourbecomes.ru,c3d29709-1c8e-40e1-a56a-787ccdce224f,dict_concat_nohyphen
suchpowersofaatonecessary.com,c3d29709-1c8e-40e1-a56a-787ccdce224f,dict_concat_nohyphen
shouldthesetotocases.ru,c3d29709-1c8e-40e1-a56a-787ccdce224f,dict_concat_nohyphen
markedappealedtheequal.cn,c3d29709-1c8e-40e1-a56a-787ccdce224f,dict_concat_nohyphen
ofofficesfromoughtarmies.ru,c3d29709-1c8e-40e1-a56a-787ccdce224f,dict_concat_nohyphen
tradelawsformayoverevents.ru,c3d29709-1c8e-40e1-a56a-787ccdce224f,dict_concat_nohyphen
governorsbeenofsubmitted.ru,c3d29709-1c8e-40e1-a56a-787ccdce224f,dict_concat_nohyphen
obtainedsufferindivine.cn,c3d29709-1c8e-40e1-a56a-787ccdce224f,dict_concat_nohyphen
refusingbutisexecutioners.ru,c3d29709-1c8e-40e1-a56a-787ccdce224f,dict_concat_nohyphen
crueltyinhabitantsdeclaring.cn,c3d29709-1c8e-40e1-a56a-787ccdce224f,dict_concat_nohyphen
andfromindependentmarked.biz,c3d29709-1c8e-40e1-a56a-787ccdce224f,dict_concat_nohyphen
betweenallandguardspeople.ru,c3d29709-1c8e-40e1-a56a-787ccdce224f,dict_concat_nohyphen
allwhichofficerscolonies.biz,c3d29709-1c8e-40e1-a56a-787ccdce224f,dict_concat_nohyphen
haveusthenotcolonies.ru,c3d29709-1c8e-40e1-a56a-787ccdce224f,dict_concat_nohyphen
stateforeignerslawscommerce.biz,c3d29709-1c8e-40e1-a56a-787ccdce224f,dict_concat_nohyphen
thesafetyandtolawsstates.ru,c3d29709-1c8e-40e1-a56a-787ccdce224f,dict_concat_nohyphen
ourestablishmenttosubject.ru,c3d29709-1c8e-40e1-a56a-787ccdce224f,dict_concat_nohyphen
freecircumstancesany.net,c3d29709-1c8e-40e1-a56a-787ccdce224f,dict_concat_nohyphen
welawstheoffwhichincrown.com,c3d29709-1c8e-40e1-a56a-787ccdce224f,dict_concat_nohyphen
partshepowertothefor.com,c3d29709-1c8e-40e1-a56a-787ccdce224f,dict_concat_nohyphen
ofrefusedsuchpeoplea.ru,c3d29709-1c8e-40e1-a56a-787ccdce224f,dict_concat_nohyphen
thearepeatedlyhaveto.biz,c3d29709-1c8e-40e1-a56a-787ccdce224f,dict_concat_nohyphen
thelawsthereinarmies.biz,c3d29709-1c8e-40e1-a56a-787ccdce224f,dict_concat_nohyphen
handsofdomestichisan.ru,c3d29709-1c8e-40e1-a56a-787ccdce224f,dict_concat_nohyphen
wedependenttoistheis.ru,c3d29709-1c8e-40e1-a56a-787ccdce224f,dict_concat_nohyphen
ourinestimableindian.com,c3d29709-1c8e-40e1-a56a-787ccdce224f,dict_concat_nohyphen
invariablyofficersconsanguinity.cn,c3d29709-1c8e-40e1-a56a-787ccdce224f,dict_concat_nohyphen
fatiguingsufferancehe.com,c3d29709-1c8e-40e1-a56a-787ccdce224f,dict_concat_nohyphen
theiroughttheirrepeated.cn,c3d29709-1c8e-40e1-a56a-787ccdce224f,dict_concat_nohyphen
nativetruthspeaceshould.ru,c3d29709-1c8e-40e1-a56a-787ccdce224f,dict_concat_nohyphen
ofsubmittedpeaceandrespect.cn,c3d29709-1c8e-40e1-a56a-787ccdce224f,dict_concat_nohyphen
withinabusestorulerof.biz,c3d29709-1c8e-40e1-a56a-787ccdce224f,dict_concat_nohyphen
ourprotectingpolitical.ru,c3d29709-1c8e-40e1-a56a-787ccdce224f,dict_concat_nohyphen
fortunesinatunitedof.biz,c3d29709-1c8e-40e1-a56a-787ccdce224f,dict_concat_nohyphen
theandthemselvesonto.ru,c3d29709-1c8e-40e1-a56a-787ccdce224f,dict_concat_nohyphen
oftonowcombinedthethe.biz,c3d29709-1c8e-40e1-a56a-787ccdce224f,dict_concat_nohyphen
settlementindependent.biz,c3d29709-1c8e-40e1-a56a-787ccdce224f,dict_concat_nohyphen
themgovernorsbeeninsurrections.cn,c3d29709-1c8e-40e1-a56a-787ccdce224f,dict_concat_nohyphen
rightseventsrightdowithout.ru,c3d29709-1c8e-40e1-a56a-787ccdce224f,dict_concat_nohyphen
statesmilitaryimmediate.net,c3d29709-1c8e-40e1-a56a-787ccdce224f,dict_concat_nohyphen
peopleashouldinstitute.ru,c3d29709-1c8e-40e1-a56a-787ccdce224f,dict_concat_nohyphen
ourfreetheirarenative.biz,c3d29709-1c8e-40e1-a56a-787ccdce224f,dict_concat_nohyphen
andcausesbytoourmade.biz,c3d29709-1c8e-40e1-a56a-787ccdce224f,dict_concat_nohyphen
usheeathisunderlikely.ru,c3d29709-1c8e-40e1-a56a-787ccdce224f,dict_concat_nohyphen
anytothemselvesthemof.cn,c3d29709-1c8e-40e1-a56a-787ccdce224f,dict_concat_nohyphen
undistinguishedontimes.com,c3d29709-1c8e-40e1-a56a-787ccdce224f,dict_concat_nohyphen
theheinsurrectionsthe.com,c3d29709-1c8e-40e1-a56a-787ccdce224f,dict_concat_nohyphen
civilizedofbetrialsuch.ru,c3d29709-1c8e-40e1-a56a-787ccdce224f,dict_concat_nohyphen
forwithselfevidentright.com,c3d29709-1c8e-40e1-a56a-787ccdce224f,dict_concat_nohyphen
inrendertotallyaobject.net,c3d29709-1c8e-40e1-a56a-787ccdce224f,dict_concat_nohyphen
usahavestatesabsolved.cn,c3d29709-1c8e-40e1-a56a-787ccdce224f,dict_concat_nohyphen
trialsalariesofwarbe.biz,c3d29709-1c8e-40e1-a56a-787ccdce224f,dict_concat_nohyphen
rightsouroftoontheto.cn,c3d29709-1c8e-40e1-a56a-787ccdce224f,dict_concat_nohyphen
nowpeoplepowerbritish.ru,c3d29709-1c8e-40e1-a56a-787ccdce224f,dict_concat_nohyphen
thegreattheytohathhe.cn,c3d29709-1c8e-40e1-a56a-787ccdce224f,dict_concat_nohyphen
arepeaceisofthekingwith.ru,c3d29709-1c8e-40e1-a56a-787ccdce224f,dict_concat_nohyphen
sameentitlepassitplundered.ru,c3d29709-1c8e-40e1-a56a-787ccdce224f,dict_concat_nohyphen
thegreatthetheirthose.cn,c3d29709-1c8e-40e1-a56a-787ccdce224f,dict_concat_nohyphen
englishalawsbeenthethese.net,c3d29709-1c8e-40e1-a56a-787ccdce224f,dict_concat_nohyphen
oftradethetomeantime.ru,c3d29709-1c8e-40e1-a56a-787ccdce224f,dict_concat_nohyphen
oughtwithtruthsbyacquiesce.ru,c3d29709-1c8e-40e1-a56a-787ccdce224f,dict_concat_nohyphen
oftogethertheseforthem.cn,c3d29709-1c8e-40e1-a56a-787ccdce224f,dict_concat_nohyphen
hathofthereinnowtyrant.net,c3d29709-1c8e-40e1-a56a-787ccdce224f,dict_concat_nohyphen
necessaryothertomust.com,c3d29709-1c8e-40e1-a56a-787ccdce224f,dict_concat_nohyphen
inhabitantstyrannyfor.cn,c3d29709-1c8e-40e1-a56a-787ccdce224f,dict_concat_nohyphen
operationpeopleforof.net,c3d29709-1c8e-40e1-a56a-787ccdce224f,dict_concat_nohyphen
valuablehavethelarge.ru,c3d29709-1c8e-40e1-a56a-787ccdce224f,dict_concat_nohyphen
lawspeacelegislative.net,c3d29709-1c8e-40e1-a56a-787ccdce224f,dict_concat_nohyphen
andofburnedothershas.net,c3d29709-1c8e-40e1-a56a-787ccdce224f,dict_concat_nohyphen
theirexecutionersthat.com,c3d29709-1c8e-40e1-a56a-787ccdce224f,dict_concat_nohyphen
thethatunacknowledged.net,c3d29709-1c8e-40e1-a56a-787ccdce224f,dict_concat_nohyphen
tohathathesecureadopted.ru,c3d29709-1c8e-40e1-a56a-787ccdce224f,dict_concat_nohyphen
withextendappropriations.cn,c3d29709-1c8e-40e1-a56a-787ccdce224f,dict_concat_nohyphen
patientofandlawsorhas.cn,c3d29709-1c8e-40e1-a56a-787ccdce224f,dict_concat_nohyphen
havetheravagedinhabitants.com,c3d29709-1c8e-40e1-a56a-787ccdce224f,dict_concat_nohyphen
obstructinghashasthemselves.ru,c3d29709-1c8e-40e1-a56a-787ccdce224f,dict_concat_nohyphen
andexposedobstructed.cn,c3d29709-1c8e-40e1-a56a-787ccdce224f,dict_concat_nohyphen
hisisfornecessaryare.com,c3d29709-1c8e-40e1-a56a-787ccdce224f,dict_concat_nohyphen
rightsuspendingnecessity.net,c3d29709-1c8e-40e1-a56a-787ccdce224f,dict_concat_nohyphen
alltheoveremigration.com,c3d29709-1c8e-40e1-a56a-787ccdce224f,dict_concat_nohyphen
certaingovernedathis.com,c3d29709-1c8e-40e1-a56a-787ccdce224f,dict_concat_nohyphen
suchhavewagingmustcreated.com,c3d29709-1c8e-40e1-a56a-787ccdce224f,dict_concat_nohyphen
ofgeneralinjuriesoftaking.com,c3d29709-1c8e-40e1-a56a-787ccdce224f,dict_concat_nohyphen
thethepeoplethanthesufferance.net,c3d29709-1c8e-40e1-a56a-787ccdce224f,dict_concat_nohyphen
thatamongsufferableamongst.com,c3d29709-1c8e-40e1-a56a-787ccdce224f,dict_concat_nohyphen
dopurposefatiguingall.biz,c3d29709-1c8e-40e1-a56a-787ccdce224f,dict_concat_nohyphen
thecommercehasandand.cn,c3d29709-1c8e-40e1-a56a-787ccdce224f,dict_concat_nohyphen
completeattendrectitude.net,c3d29709-1c8e-40e1-a56a-787ccdce224f,dict_concat_nohyphen
aredissolveeverykindred.net,c3d29709-1c8e-40e1-a56a-787ccdce224f,dict_concat_nohyphen
ofpeopleonlysacredahe.biz,c3d29709-1c8e-40e1-a56a-787ccdce224f,dict_concat_nohyphen
andishasononsuspended.ru,c3d29709-1c8e-40e1-a56a-787ccdce224f,dict_concat_nohyphen
suspendedonworldbeaa.cn,c3d29709-1c8e-40e1-a56a-787ccdce224f,dict_concat_nohyphen
ofthelibertyrepeated.net,c3d29709-1c8e-40e1-a56a-787ccdce224f,dict_concat_nohyphen
tradeandandrightdepository.cn,c3d29709-1c8e-40e1-a56a-787ccdce224f,dict_concat_nohyphen
publishprovidencewhereby.ru,c3d29709-1c8e-40e1-a56a-787ccdce224f,dict_concat_nohyphen
deathpowersutterlyto.cn,c3d29709-1c8e-40e1-a56a-787ccdce224f,dict_concat_nohyphen
hesuspendingperfidycolonies.cn,c3d29709-1c8e-40e1-a56a-787ccdce224f,dict_concat_nohyphen
theirstatesuchthatright.cn,c3d29709-1c8e-40e1-a56a-787ccdce224f,dict_concat_nohyphen
havelegislatureofinvariably.ru,c3d29709-1c8e-40e1-a56a-787ccdce224f,dict_concat_nohyphen
patientletofsecureties.net,c3d29709-1c8e-40e1-a56a-787ccdce224f,dict_concat_nohyphen
tothereturnedpeopleamong.com,c3d29709-1c8e-40e1-a56a-787ccdce224f,dict_concat_nohyphen
brethrenourforofincolonies.cn,c3d29709-1c8e-40e1-a56a-787ccdce224f,dict_concat_nohyphen
punishmentbutperfidy.ru,c3d29709-1c8e-40e1-a56a-787ccdce224f,dict_concat_nohyphen
beenmoreprudencebyof.net,c3d29709-1c8e-40e1-a56a-787ccdce224f,dict_concat_nohyphen
hisforeignersseemapublish.biz,c3d29709-1c8e-40e1-a56a-787ccdce224f,dict_concat_nohyphen
ofwhichwithbeoughtour.biz,c3d29709-1c8e-40e1-a56a-787ccdce224f,dict_concat_nohyphen
everyrighttheoftheir.com,c3d29709-1c8e-40e1-a56a-787ccdce224f,dict_concat_nohyphen
tothecommerceinvested.cn,c3d29709-1c8e-40e1-a56a-787ccdce224f,dict_concat_nohyphen
ofawithprovidehastoin.biz,c3d29709-1c8e-40e1-a56a-787ccdce224f,dict_concat_nohyphen
theatakingtoforourto.ru,c3d29709-1c8e-40e1-a56a-787ccdce224f,dict_concat_nohyphen
toofficersandtheirthe.com,c3d29709-1c8e-40e1-a56a-787ccdce224f,dict_concat_nohyphen
thetheaweseasofallegiance.cn,c3d29709-1c8e-40e1-a56a-787ccdce224f,dict_concat_nohyphen
theconsanguinitythey.com,c3d29709-1c8e-40e1-a56a-787ccdce224f,dict_concat_nohyphen
theirintheabdicatedthem.ru,c3d29709-1c8e-40e1-a56a-787ccdce224f,dict_concat_nohyphen
thesetoequalrightssame.net,c3d29709-1c8e-40e1-a56a-787ccdce224f,dict_concat_nohyphen
ourreducethelegislature.net,c3d29709-1c8e-40e1-a56a-787ccdce224f,dict_concat_nohyphen
suchandmayanytimeannihilation.cn,c3d29709-1c8e-40e1-a56a-787ccdce224f,dict_concat_nohyphen
evincestoourintointhe.cn,c3d29709-1c8e-40e1-a56a-787ccdce224f,dict_concat_nohyphen
arbitrarythesedeclaration.biz,c3d29709-1c8e-40e1-a56a-787ccdce224f,dict_concat_nohyphen
hasconsentsettlement.biz,c3d29709-1c8e-40e1-a56a-787ccdce224f,dict_concat_nohyphen
petitionedwarfarebeto.cn,c3d29709-1c8e-40e1-a56a-787ccdce224f,dict_concat_nohyphen
suchtoofexecutioners.cn,c3d29709-1c8e-40e1-a56a-787ccdce224f,dict_concat_nohyphen
coastsrightandthealone.net,c3d29709-1c8e-40e1-a56a-787ccdce224f,dict_concat_nohyphen
thewholesomeandwarjudge.com,c3d29709-1c8e-40e1-a56a-787ccdce224f,dict_concat_nohyphen
dangersoftoofimmediate.cn,c3d29709-1c8e-40e1-a56a-787ccdce224f,dict_concat_nohyphen
traderepeatedlyhasin.biz,c3d29709-1c8e-40e1-a56a-787ccdce224f,dict_concat_nohyphen
byeventsthemenpeacein.net,c3d29709-1c8e-40e1-a56a-787ccdce224f,dict_concat_nohyphen
markedconsentsonotbritish.cn,c3d29709-1c8e-40e1-a56a-787ccdce224f,dict_concat_nohyphen
histhemselvesrectitude.com,c3d29709-1c8e-40e1-a56a-787ccdce224f,dict_concat_nohyphen
whosetyrantstounfitthe.ru,c3d29709-1c8e-40e1-a56a-787ccdce224f,dict_concat_nohyphen
thenaturesamongstour.com,c3d29709-1c8e-40e1-a56a-787ccdce224f,dict_concat_nohyphen
greatbeenhasherechanged.ru,c3d29709-1c8e-40e1-a56a-787ccdce224f,dict_concat_nohyphen
absolutetoshouldpeople.ru,c3d29709-1c8e-40e1-a56a-787ccdce224f,dict_concat_nohyphen
byonishaslawsuscruelty.com,c3d29709-1c8e-40e1-a56a-787ccdce224f,dict_concat_nohyphen
theirdutycasesrecords.net,c3d29709-1c8e-40e1-a56a-787ccdce224f,dict_concat_nohyphen
institutetyrannyfrom.net,c3d29709-1c8e-40e1-a56a-787ccdce224f,dict_concat_nohyphen
principlesfromnotpeace.com,c3d29709-1c8e-40e1-a56a-787ccdce224f,dict_concat_nohyphen
equalbringbrethrenthe.com,c3d29709-1c8e-40e1-a56a-787ccdce224f,dict_concat_nohyphen
desolationhisinevitably.cn,c3d29709-1c8e-40e1-a56a-787ccdce224f,dict_concat_nohyphen
inandincircumstances.biz,c3d29709-1c8e-40e1-a56a-787ccdce224f,dict_concat_nohyphen
nowattendandtoabolishing.net,c3d29709-1c8e-40e1-a56a-787ccdce224f,dict_concat_nohyphen
freeandthatconsentof.net,c3d29709-1c8e-40e1-a56a-787ccdce224f,dict_concat_nohyphen
hiscasesfreedeclareto.cn,c3d29709-1c8e-40e1-a56a-787ccdce224f,dict_concat_nohyphen
countrythegovernment.cn,c3d29709-1c8e-40e1-a56a-787ccdce224f,dict_concat_nohyphen
statesrepresentative.cn,c3d29709-1c8e-40e1-a56a-787ccdce224f,dict_concat_nohyphen
whenandnowtheirthemcreated.cn,c3d29709-1c8e-40e1-a56a-787ccdce224f,dict_concat_nohyphen
forusalteratotoinvariably.com,c3d29709-1c8e-40e1-a56a-787ccdce224f,dict_concat_nohyphen
andcoloniespowertrial.biz,c3d29709-1c8e-40e1-a56a-787ccdce224f,dict_concat_nohyphen
longlawsprinciplesall.cn,c3d29709-1c8e-40e1-a56a-787ccdce224f,dict_concat_nohyphen
invariablywhichthecolonies.ru,c3d29709-1c8e-40e1-a56a-787ccdce224f,dict_concat_nohyphen
tradearmiesseparatelaws.ru,c3d29709-1c8e-40e1-a56a-787ccdce224f,dict_concat_nohyphen
ofendowedfriendshither.ru,c3d29709-1c8e-40e1-a56a-787ccdce224f,dict_concat_nohyphen
appropriationsinvariably.biz,c3d29709-1c8e-40e1-a56a-787ccdce224f,dict_concat_nohyphen
ofmostwhichpolitical.ru,c3d29709-1c8e-40e1-a56a-787ccdce224f,dict_concat_nohyphen
armsrepeatedlyunless.cn,c3d29709-1c8e-40e1-a56a-787ccdce224f,dict_concat_nohyphen
toeventsandeffectofus.com,c3d29709-1c8e-40e1-a56a-787ccdce224f,dict_concat_nohyphen
thereinreturnedconnected.ru,c3d29709-1c8e-40e1-a56a-787ccdce224f,dict_concat_nohyphen
governmenthappinessfundamentally.cn,c3d29709-1c8e-40e1-a56a-787ccdce224f,dict_concat_nohyphen
allansweredandaccommodation.com,c3d29709-1c8e-40e1-a56a-787ccdce224f,dict_concat_nohyphen
tradenaturesseparate.com,c3d29709-1c8e-40e1-a56a-787ccdce224f,dict_concat_nohyphen
ourunwarrantablepeace.com,c3d29709-1c8e-40e1-a56a-787ccdce224f,dict_concat_nohyphen
undistinguishedwilltheir.com,c3d29709-1c8e-40e1-a56a-787ccdce224f,dict_concat_nohyphen
wagingthesehandscivil.ru,c3d29709-1c8e-40e1-a56a-787ccdce224f,dict_concat_nohyphen
paymentnewanditexercise.biz,c3d29709-1c8e-40e1-a56a-787ccdce224f,dict_concat_nohyphen
alterhavejurisdiction.net,c3d29709-1c8e-40e1-a56a-787ccdce224f,dict_concat_nohyphen
justformidableoughtarmies.ru,c3d29709-1c8e-40e1-a56a-787ccdce224f,dict_concat_nohyphen
reducearmsandhighravaged.net,c3d29709-1c8e-40e1-a56a-787ccdce224f,dict_concat_nohyphen
wholesomerighthavecreator.net,c3d29709-1c8e-40e1-a56a-787ccdce224f,dict_concat_nohyphen
theassumeofindianinhas.com,c3d29709-1c8e-40e1-a56a-787ccdce224f,dict_concat_nohyphen
ofarmsofhisthatpretended.ru,c3d29709-1c8e-40e1-a56a-787ccdce224f,dict_concat_nohyphen
publicinandofhandsby.com,c3d29709-1c8e-40e1-a56a-787ccdce224f,dict_concat_nohyphen
suchthefactstoandtomarked.ru,c3d29709-1c8e-40e1-a56a-787ccdce224f,dict_concat_nohyphen
hetocrueltyneglected.cn,c3d29709-1c8e-40e1-a56a-787ccdce224f,dict_concat_nohyphen
supremegovernmentsexposed.com,c3d29709-1c8e-40e1-a56a-787ccdce224f,dict_concat_nohyphen
thereintheactexposed.biz,c3d29709-1c8e-40e1-a56a-787ccdce224f,dict_concat_nohyphen
libertyaattoabolishsuspended.net,c3d29709-1c8e-40e1-a56a-787ccdce224f,dict_concat_nohyphen
andshoulddependentconstrained.com,c3d29709-1c8e-40e1-a56a-787ccdce224f,dict_concat_nohyphen
ofalliancesusholdmercenaries.net,c3d29709-1c8e-40e1-a56a-787ccdce224f,dict_concat_nohyphen
pretendedourrightrights.ru,c3d29709-1c8e-40e1-a56a-787ccdce224f,dict_concat_nohyphen
andtheconstitutionrectitude.net,c3d29709-1c8e-40e1-a56a-787ccdce224f,dict_concat_nohyphen
thosecolonieslegislative.cn,c3d29709-1c8e-40e1-a56a-787ccdce224f,dict_concat_nohyphen
inthebrethrenabolish.ru,c3d29709-1c8e-40e1-a56a-787ccdce224f,dict_concat_nohyphen
perfidyarbitraryourtheir.ru,c3d29709-1c8e-40e1-a56a-787ccdce224f,dict_concat_nohyphen
britaintoinandberule.net,c3d29709-1c8e-40e1-a56a-787ccdce224f,dict_concat_nohyphen
ofwehistorythereinrule.ru,c3d29709-1c8e-40e1-a56a-787ccdce224f,dict_concat_nohyphen
returnedinfatiguingcommerce.cn,c3d29709-1c8e-40e1-a56a-787ccdce224f,dict_concat_nohyphen
entitleamountgovernment.net,c3d29709-1c8e-40e1-a56a-787ccdce224f,dict_concat_nohyphen
ofhecreatorthatourright.cn,c3d29709-1c8e-40e1-a56a-787ccdce224f,dict_concat_nohyphen
annihilationoffatiguing.net,c3d29709-1c8e-40e1-a56a-787ccdce224f,dict_concat_nohyphen
andfortunesbeenusurpations.net,c3d29709-1c8e-40e1-a56a-787ccdce224f,dict_concat_nohyphen
beforwartonewtoassume.cn,c3d29709-1c8e-40e1-a56a-787ccdce224f,dict_concat_nohyphen
bepeacebecomestransient.cn,c3d29709-1c8e-40e1-a56a-787ccdce224f,dict_concat_nohyphen
judiciarymentheequal.com,c3d29709-1c8e-40e1-a56a-787ccdce224f,dict_concat_nohyphen
themoffrompowersabolishing.net,c3d29709-1c8e-40e1-a56a-787ccdce224f,dict_concat_nohyphen
hasjurisdictionsuchwe.ru,c3d29709-1c8e-40e1-a56a-787ccdce224f,dict_concat_nohyphen
inwetherightsecureagood.ru,c3d29709-1c8e-40e1-a56a-787ccdce224f,dict_concat_nohyphen
thancitizensnewwhenthey.net,c3d29709-1c8e-40e1-a56a-787ccdce224f,dict_concat_nohyphen
haslightseparationthemselves.biz,c3d29709-1c8e-40e1-a56a-787ccdce224f,dict_concat_nohyphen
ofinforishelawsharass.ru,c3d29709-1c8e-40e1-a56a-787ccdce224f,dict_concat_nohyphen
overofficersonallegiance.cn,c3d29709-1c8e-40e1-a56a-787ccdce224f,dict_concat_nohyphen
evincesthesepowerscrown.biz,c3d29709-1c8e-40e1-a56a-787ccdce224f,dict_concat_nohyphen
invariablythebytheon.cn,c3d29709-1c8e-40e1-a56a-787ccdce224f,dict_concat_nohyphen
andthathavecoloniesto.biz,c3d29709-1c8e-40e1-a56a-787ccdce224f,dict_concat_nohyphen
suchanytroopsacongress.net,c3d29709-1c8e-40e1-a56a-787ccdce224f,dict_concat_nohyphen
andunwarrantableatassembled.cn,c3d29709-1c8e-40e1-a56a-787ccdce224f,dict_concat_nohyphen
alegislatureandcommerce.biz,c3d29709-1c8e-40e1-a56a-787ccdce224f,dict_concat_nohyphen
ustheheretheundersacred.net,c3d29709-1c8e-40e1-a56a-787ccdce224f,dict_concat_nohyphen
consentinhabitantslarge.cn,c3d29709-1c8e-40e1-a56a-787ccdce224f,dict_concat_nohyphen
oftopowerstheseofisto.biz,c3d29709-1c8e-40e1-a56a-787ccdce224f,dict_concat_nohyphen
causesdesignannihilation.ru,c3d29709-1c8e-40e1-a56a-787ccdce224f,dict_concat_nohyphen
allinvasionsseasindeed.biz,c3d29709-1c8e-40e1-a56a-787ccdce224f,dict_concat_nohyphen
ofandwarnedhegovernments.com,c3d29709-1c8e-40e1-a56a-787ccdce224f,dict_concat_nohyphen
officershaskeptappropriations.ru,c3d29709-1c8e-40e1-a56a-787ccdce224f,dict_concat_nohyphen
atofrectitudecallednecessary.cn,c3d29709-1c8e-40e1-a56a-787ccdce224f,dict_concat_nohyphen
institutenativeobstructing.com,c3d29709-1c8e-40e1-a56a-787ccdce224f,dict_concat_nohyphen
theshouldtyrannyofsuspending.net,c3d29709-1c8e-40e1-a56a-787ccdce224f,dict_concat_nohyphen
whichthelivesarethat.net,c3d29709-1c8e-40e1-a56a-787ccdce224f,dict_concat_nohyphen
formidableimposingdissolve.biz,c3d29709-1c8e-40e1-a56a-787ccdce224f,dict_concat_nohyphen
powertothesedutyanythe.cn,c3d29709-1c8e-40e1-a56a-787ccdce224f,dict_concat_nohyphen
lightinsurrectionsof.biz,c3d29709-1c8e-40e1-a56a-787ccdce224f,dict_concat_nohyphen
entitletheonlightawith.com,c3d29709-1c8e-40e1-a56a-787ccdce224f,dict_concat_nohyphen
newrepresentativesthese.com,c3d29709-1c8e-40e1-a56a-787ccdce224f,dict_concat_nohyphen
aandlargealtertobetween.ru,c3d29709-1c8e-40e1-a56a-787ccdce224f,dict_concat_nohyphen
necessaryforbiddensupport.cn,c3d29709-1c8e-40e1-a56a-787ccdce224f,dict_concat_nohyphen
andinhabitantsabolishing.ru,c3d29709-1c8e-40e1-a56a-787ccdce224f,dict_concat_nohyphen
righttheofpopulation.ru,c3d29709-1c8e-40e1-a56a-787ccdce224f,dict_concat_nohyphen
thatevilsinwhichperfidy.com,c3d29709-1c8e-40e1-a56a-787ccdce224f,dict_concat_nohyphen
theofthemselvesthewith.net,c3d29709-1c8e-40e1-a56a-787ccdce224f,dict_concat_nohyphen
themthereforebodiesthat.biz,c3d29709-1c8e-40e1-a56a-787ccdce224f,dict_concat_nohyphen
frommayintotoconditions.ru,c3d29709-1c8e-40e1-a56a-787ccdce224f,dict_concat_nohyphen
wepowersunitedpassthe.biz,c3d29709-1c8e-40e1-a56a-787ccdce224f,dict_concat_nohyphen
madeinstrumentourand.biz,c3d29709-1c8e-40e1-a56a-787ccdce224f,dict_concat_nohyphen
thetheycongressthatto.com,c3d29709-1c8e-40e1-a56a-787ccdce224f,dict_concat_nohyphen
apaymentallmanyfreeof.com,c3d29709-1c8e-40e1-a56a-787ccdce224f,dict_concat_nohyphen
haslawsofstatesofthe.net,c3d29709-1c8e-40e1-a56a-787ccdce224f,dict_concat_nohyphen
ourtheofintheouratof.net,c3d29709-1c8e-40e1-a56a-787ccdce224f,dict_concat_nohyphen
maythatconstrainsabdicated.com,c3d29709-1c8e-40e1-a56a-787ccdce224f,dict_concat_nohyphen
markedofofofannihilation.cn,c3d29709-1c8e-40e1-a56a-787ccdce224f,dict_concat_nohyphen
withhasthelawsoughthold.biz,c3d29709-1c8e-40e1-a56a-787ccdce224f,dict_concat_nohyphen
thatinintheheourandtyranny.com,c3d29709-1c8e-40e1-a56a-787ccdce224f,dict_concat_nohyphen
holditsthebythelarge.com,c3d29709-1c8e-40e1-a56a-787ccdce224f,dict_concat_nohyphen
destroyedtheywarsufferable.net,c3d29709-1c8e-40e1-a56a-787ccdce224f,dict_concat_nohyphen
swarmsandpretendedfortunes.ru,c3d29709-1c8e-40e1-a56a-787ccdce224f,dict_concat_nohyphen
englishnativejustice.biz,c3d29709-1c8e-40e1-a56a-787ccdce224f,dict_concat_nohyphen
andthesuffercircumstances.net,c3d29709-1c8e-40e1-a56a-787ccdce224f,dict_concat_nohyphen
andtheirboundarieswhose.cn,c3d29709-1c8e-40e1-a56a-787ccdce224f,dict_concat_nohyphen
bandsunanimousofallthe.net,c3d29709-1c8e-40e1-a56a-787ccdce224f,dict_concat_nohyphen
foreignersbeenevents.com,c3d29709-1c8e-40e1-a56a-787ccdce224f,dict_concat_nohyphen
respectabutofficesus.net,c3d29709-1c8e-40e1-a56a-787ccdce224f,dict_concat_nohyphen
thewholesomefreewhich.ru,c3d29709-1c8e-40e1-a56a-787ccdce224f,dict_concat_nohyphen
constrainsinatinjury.biz,c3d29709-1c8e-40e1-a56a-787ccdce224f,dict_concat_nohyphen
organizingcongressaundistinguished.ru,c3d29709-1c8e-40e1-a56a-787ccdce224f,dict_concat_nohyphen
thanunacknowledgedwhose.ru,c3d29709-1c8e-40e1-a56a-787ccdce224f,dict_concat_nohyphen
operationwherebyrepeatedly.ru,c3d29709-1c8e-40e1-a56a-787ccdce224f,dict_concat_nohyphen
theforontoforgovernment.cn,c3d29709-1c8e-40e1-a56a-787ccdce224f,dict_concat_nohyphen
takentheyelecteddisposed.com,c3d29709-1c8e-40e1-a56a-787ccdce224f,dict_concat_nohyphen
aofwarofcircumstances.net,c3d29709-1c8e-40e1-a56a-787ccdce224f,dict_concat_nohyphen
ofdeclarationbybyevinces.biz,c3d29709-1c8e-40e1-a56a-787ccdce224f,dict_concat_nohyphen
inhabitantswhosegovernments.biz,c3d29709-1c8e-40e1-a56a-787ccdce224f,dict_concat_nohyphen
repeatedofprovidence.net,c3d29709-1c8e-40e1-a56a-787ccdce224f,dict_concat_nohyphen
againstlongtheannihilation.cn,c3d29709-1c8e-40e1-a56a-787ccdce224f,dict_concat_nohyphen
armiesjurisdictiontheir.net,c3d29709-1c8e-40e1-a56a-787ccdce224f,dict_concat_nohyphen
thingstyranttheseparation.cn,c3d29709-1c8e-40e1-a56a-787ccdce224f,dict_concat_nohyphen
formslargeremindedwith.ru,c3d29709-1c8e-40e1-a56a-787ccdce224f,dict_concat_nohyphen
thestatesthethemhistory.com,c3d29709-1c8e-40e1-a56a-787ccdce224f,dict_concat_nohyphen
freehasthesebeofsent.cn,c3d29709-1c8e-40e1-a56a-787ccdce224f,dict_concat_nohyphen
thethethepeaceextend.net,c3d29709-1c8e-40e1-a56a-787ccdce224f,dict_concat_nohyphen
imposingthesetrialin.com,c3d29709-1c8e-40e1-a56a-787ccdce224f,dict_concat_nohyphen
actbearmutuallycourse.ru,c3d29709-1c8e-40e1-a56a-787ccdce224f,dict_concat_nohyphen
ofprotectingtheyanythey.net,c3d29709-1c8e-40e1-a56a-787ccdce224f,dict_concat_nohyphen
seemreturnedarmiesit.ru,c3d29709-1c8e-40e1-a56a-787ccdce224f,dict_concat_nohyphen
whichtheirofrepeated.ru,c3d29709-1c8e-40e1-a56a-787ccdce224f,dict_concat_nohyphen
formsofhasforeignpetitioned.ru,c3d29709-1c8e-40e1-a56a-787ccdce224f,dict_concat_nohyphen
betweenenemiesallbritish.biz,c3d29709-1c8e-40e1-a56a-787ccdce224f,dict_concat_nohyphen
causeauthorityoflands.biz,c3d29709-1c8e-40e1-a56a-787ccdce224f,dict_concat_nohyphen
dangersnecessityalter.net,c3d29709-1c8e-40e1-a56a-787ccdce224f,dict_concat_nohyphen
operationlawswarnedthe.biz,c3d29709-1c8e-40e1-a56a-787ccdce224f,dict_concat_nohyphen
hiscausestrialtobelegislative.cn,c3d29709-1c8e-40e1-a56a-787ccdce224f,dict_concat_nohyphen
intoandwagingconstrains.net,c3d29709-1c8e-40e1-a56a-787ccdce224f,dict_concat_nohyphen
powershouldrepresentative.ru,c3d29709-1c8e-40e1-a56a-787ccdce224f,dict_concat_nohyphen
whichtheformarkedonlight.biz,c3d29709-1c8e-40e1-a56a-787ccdce224f,dict_concat_nohyphen
armsusandhistohethem.net,c3d29709-1c8e-40e1-a56a-787ccdce224f,dict_concat_nohyphen
justwewithnativewith.ru,c3d29709-1c8e-40e1-a56a-787ccdce224f,dict_concat_nohyphen
athatforcreatorbehas.com,c3d29709-1c8e-40e1-a56a-787ccdce224f,dict_concat_nohyphen
declarationgreatofthings.ru,c3d29709-1c8e-40e1-a56a-787ccdce224f,dict_concat_nohyphen
separationtomutually.biz,c3d29709-1c8e-40e1-a56a-787ccdce224f,dict_concat_nohyphen
fromiscountryenglish.com,c3d29709-1c8e-40e1-a56a-787ccdce224f,dict_concat_nohyphen
ofexercisepowersmost.ru,c3d29709-1c8e-40e1-a56a-787ccdce224f,dict_concat_nohyphen
heworldshouldwhichhis.cn,c3d29709-1c8e-40e1-a56a-787ccdce224f,dict_concat_nohyphen
andithistorytroopsbe.net,c3d29709-1c8e-40e1-a56a-787ccdce224f,dict_concat_nohyphen
assumeweinvariablyhas.com,c3d29709-1c8e-40e1-a56a-787ccdce224f,dict_concat_nohyphen
toallitsattentionconjured.cn,c3d29709-1c8e-40e1-a56a-787ccdce224f,dict_concat_nohyphen
operationansalarieshe.biz,c3d29709-1c8e-40e1-a56a-787ccdce224f,dict_concat_nohyphen
politicalwitharesufferable.cn,c3d29709-1c8e-40e1-a56a-787ccdce224f,dict_concat_nohyphen
operationevilsofjust.biz,c3d29709-1c8e-40e1-a56a-787ccdce224f,dict_concat_nohyphen
sufferablethereinofto.cn,c3d29709-1c8e-40e1-a56a-787ccdce224f,dict_concat_nohyphen
ourruleofoftheourhas.com,c3d29709-1c8e-40e1-a56a-787ccdce224f,dict_concat_nohyphen
supportthemfundamentally.net,c3d29709-1c8e-40e1-a56a-787ccdce224f,dict_concat_nohyphen
thesehathobtainedand.com,c3d29709-1c8e-40e1-a56a-787ccdce224f,dict_concat_nohyphen
thatpeoplelayingevils.net,c3d29709-1c8e-40e1-a56a-787ccdce224f,dict_concat_nohyphen
andinarewewherebyhave.cn,c3d29709-1c8e-40e1-a56a-787ccdce224f,dict_concat_nohyphen
dissolveprotectingtimes.biz,c3d29709-1c8e-40e1-a56a-787ccdce224f,dict_concat_nohyphen
outfriendsdissolvedto.com,c3d29709-1c8e-40e1-a56a-787ccdce224f,dict_concat_nohyphen
thempunishmentcivilized.net,c3d29709-1c8e-40e1-a56a-787ccdce224f,dict_concat_nohyphen
peoplerightswithindeed.net,c3d29709-1c8e-40e1-a56a-787ccdce224f,dict_concat_nohyphen
formidablebyamonghas.net,c3d29709-1c8e-40e1-a56a-787ccdce224f,dict_concat_nohyphen
whosetonatureswhichthe.net,c3d29709-1c8e-40e1-a56a-787ccdce224f,dict_concat_nohyphen
athatlibertyseparation.net,c3d29709-1c8e-40e1-a56a-787ccdce224f,dict_concat_nohyphen
stateswithpowersadopted.net,c3d29709-1c8e-40e1-a56a-787ccdce224f,dict_concat_nohyphen
declaringhaveforeign.ru,c3d29709-1c8e-40e1-a56a-787ccdce224f,dict_concat_nohyphen
andarmiesattendtheir.ru,c3d29709-1c8e-40e1-a56a-787ccdce224f,dict_concat_nohyphen
thatformsatoevilsgovernments.net,c3d29709-1c8e-40e1-a56a-787ccdce224f,dict_concat_nohyphen
formergovernmentsjurisdiction.ru,c3d29709-1c8e-40e1-a56a-787ccdce224f,dict_concat_nohyphen
theabsolvedestablished.cn,c3d29709-1c8e-40e1-a56a-787ccdce224f,dict_concat_nohyphen
isgovernmentsthehasto.biz,c3d29709-1c8e-40e1-a56a-787ccdce224f,dict_concat_nohyphen
thattheirpreventtheir.net,c3d29709-1c8e-40e1-a56a-787ccdce224f,dict_concat_nohyphen
lawsdisposedconnected.com,c3d29709-1c8e-40e1-a56a-787ccdce224f,dict_concat_nohyphen
ofexcitedwhenpeopleto.cn,c3d29709-1c8e-40e1-a56a-787ccdce224f,dict_concat_nohyphen
tobecomesinestimable.com,c3d29709-1c8e-40e1-a56a-787ccdce224f,dict_concat_nohyphen
greatthusthemwouldunless.ru,c3d29709-1c8e-40e1-a56a-787ccdce224f,dict_concat_nohyphen
byonpressingfreearmies.biz,c3d29709-1c8e-40e1-a56a-787ccdce224f,dict_concat_nohyphen
abusesgovernmentsinthe.ru,c3d29709-1c8e-40e1-a56a-787ccdce224f,dict_concat_nohyphen
hasthetillforbrethren.biz,c3d29709-1c8e-40e1-a56a-787ccdce224f,dict_concat_nohyphen
dutyandustheseinstitute.net,c3d29709-1c8e-40e1-a56a-787ccdce224f,dict_concat_nohyphen
inandwhichhistoryofis.com,c3d29709-1c8e-40e1-a56a-787ccdce224f,dict_concat_nohyphen
beenoftimepeopleandof.net,c3d29709-1c8e-40e1-a56a-787ccdce224f,dict_concat_nohyphen
ofbrethrenamongmostrest.net,c3d29709-1c8e-40e1-a56a-787ccdce224f,dict_concat_nohyphen
peopleinhabitantsofreduce.biz,c3d29709-1c8e-40e1-a56a-787ccdce224f,dict_concat_nohyphen
provealteringrightswe.com,c3d29709-1c8e-40e1-a56a-787ccdce224f,dict_concat_nohyphen
whentheourourbyhemeantime.net,c3d29709-1c8e-40e1-a56a-787ccdce224f,dict_concat_nohyphen
suchtodecentbytruths.cn,c3d29709-1c8e-40e1-a56a-787ccdce224f,dict_concat_nohyphen
themselvesmostrepeatedly.net,c3d29709-1c8e-40e1-a56a-787ccdce224f,dict_concat_nohyphen
toasparalleledcircumstances.ru,c3d29709-1c8e-40e1-a56a-787ccdce224f,dict_concat_nohyphen
theirarmiestopowersole.net,c3d29709-1c8e-40e1-a56a-787ccdce224f,dict_concat_nohyphen
andsuchconsentabolishing.com,c3d29709-1c8e-40e1-a56a-787ccdce224f,dict_concat_nohyphen
usgovernmentstheirbodies.cn,c3d29709-1c8e-40e1-a56a-787ccdce224f,dict_concat_nohyphen
inforwarnedcoastspeople.net,c3d29709-1c8e-40e1-a56a-787ccdce224f,dict_concat_nohyphen
accommodationthemappealing.net,c3d29709-1c8e-40e1-a56a-787ccdce224f,dict_concat_nohyphen
ofthatforoperationon.ru,c3d29709-1c8e-40e1-a56a-787ccdce224f,dict_concat_nohyphen
usurpationsthanderiving.com,c3d29709-1c8e-40e1-a56a-787ccdce224f,dict_concat_nohyphen
keptpowerouritsforms.cn,c3d29709-1c8e-40e1-a56a-787ccdce224f,dict_concat_nohyphen
theirshouldpeoplemanly.cn,c3d29709-1c8e-40e1-a56a-787ccdce224f,dict_concat_nohyphen
thelawsbeforacquiesce.ru,c3d29709-1c8e-40e1-a56a-787ccdce224f,dict_concat_nohyphen
byourmankindlawsforin.com,c3d29709-1c8e-40e1-a56a-787ccdce224f,dict_concat_nohyphen
repeatedcauseslivesdesolation.cn,c3d29709-1c8e-40e1-a56a-787ccdce224f,dict_concat_nohyphen
tosotorequiresforheof.com,c3d29709-1c8e-40e1-a56a-787ccdce224f,dict_concat_nohyphen
thatabsoluteofgovernment.biz,c3d29709-1c8e-40e1-a56a-787ccdce224f,dict_concat_nohyphen
ofunfitouraccommodation.net,c3d29709-1c8e-40e1-a56a-787ccdce224f,dict_concat_nohyphen
hisoffwhenworldthemsuperior.com,c3d29709-1c8e-40e1-a56a-787ccdce224f,dict_concat_nohyphen
tokingtheirunitedconditions.biz,c3d29709-1c8e-40e1-a56a-787ccdce224f,dict_concat_nohyphen
indeedcommerceinsurrections.ru,c3d29709-1c8e-40e1-a56a-787ccdce224f,dict_concat_nohyphen
theyaccommodationdeclare.ru,c3d29709-1c8e-40e1-a56a-787ccdce224f,dict_concat_nohyphen
pretendedunderindefine.ru,c3d29709-1c8e-40e1-a56a-787ccdce224f,dict_concat_nohyphen
sauyxsjmubqmdjtrdm.com,dcf74541-456e-43ec-b209-740b9c8991b8,random_alnum_variable_len
npikekvnebdapgw3k.com,dcf74541-456e-43ec-b209-740b9c8991b8,random_alnum_variable_len
cpsqkqmdokyqtnkn.com,dcf74541-456e-43ec-b209-740b9c8991b8,random_alnum_variable_len
ztznzomblxeh85.com,dcf74541-456e-43ec-b209-740b9c8991b8,random_alnum_variable_len
gjwpapqipcpffef.com,dcf74541-456e-43ec-b209-740b9c8991b8,random_alnum_variable_len
hdhpljpgqoxkcy2o.com,dcf74541-456e-43ec-b209-740b9c8991b8,random_alnum_variable_len
wmmucroupubj.com,dcf74541-456e-43ec-b209-740b9c8991b8,random_alnum_variable_len
gzbyjjhnljrlopkf.com,dcf74541-456e-43ec-b209-740b9c8991b8,random_alnum_variable_len
zdkcfrscqo84.com,dcf74541-456e-43ec-b209-740b9c8991b8,random_alnum_variable_len
kxsohjhnndmowz23.com,dcf74541-456e-43ec-b209-740b9c8991b8,random_alnum_variable_len
nqfbffxeuihe.com,dcf74541-456e-43ec-b209-740b9c8991b8,random_alnum_variable_len
dghsyakbvbufohu.com,dcf74541-456e-43ec-b209-740b9c8991b8,random_alnum_variable_len
oxedmnqdofri25.com,dcf74541-456e-43ec-b209-740b9c8991b8,random_alnum_variable_len
widspnxvmdxflabk.com,dcf74541-456e-43ec-b209-740b9c8991b8,random_alnum_variable_len
gvscoooriw4m.com,dcf74541-456e-43ec-b209-740b9c8991b8,random_alnum_variable_len
zjoczhwlavghe5j.com,dcf74541-456e-43ec-b209-740b9c8991b8,random_alnum_variable_len
ycvjldunpwju1.com,dcf74541-456e-43ec-b209-740b9c8991b8,random_alnum_variable_len
krjtaoyzgdtc9t.com,dcf74541-456e-43ec-b209-740b9c8991b8,random_alnum_variable_len
bhgklolminggtx.com,dcf74541-456e-43ec-b209-740b9c8991b8,random_alnum_variable_len
yywhcoamxdjfmss5.com,dcf74541-456e-43ec-b209-740b9c8991b8,random_alnum_variable_len
fscqevlwfzzv1.com,dcf74541-456e-43ec-b209-740b9c8991b8,random_alnum_variable_len
zogzrwemmwpmqoeq.com,dcf74541-456e-43ec-b209-740b9c8991b8,random_alnum_variable_len
gopjwyzksyxoicpm68.com,dcf74541-456e-43ec-b209-740b9c8991b8,random_alnum_variable_len
pzarddcugbhsj.com,dcf74541-456e-43ec-b209-740b9c8991b8,random_alnum_variable_len
yoyvpggychcsdbf.com,dcf74541-456e-43ec-b209-740b9c8991b8,random_alnum_variable_len
bzzwnbccdksb.com,dcf74541-456e-43ec-b209-740b9c8991b8,random_alnum_variable_len
tfoxlzdhqxzurouk.com,dcf74541-456e-43ec-b209-740b9c8991b8,random_alnum_variable_len
pgzkfniqdmhu51.com,dcf74541-456e-43ec-b209-740b9c8991b8,random_alnum_variable_len
wjcotblrirjbg.com,dcf74541-456e-43ec-b209-740b9c8991b8,random_alnum_variable_len
mqpdxrzxgrrkhfk0e.com,dcf74541-456e-43ec-b209-740b9c8991b8,random_alnum_variable_len
myrtimkmkxpe.com,dcf74541-456e-43ec-b209-740b9c8991b8,random_alnum_variable_len
dhipuxneqiqwzjxt.com,dcf74541-456e-43ec-b209-740b9c8991b8,random_alnum_variable_len
cssuzuebupxku.com,dcf74541-456e-43ec-b209-740b9c8991b8,random_alnum_variable_len
dqhvzsciauzxdrffhm.com,dcf74541-456e-43ec-b209-740b9c8991b8,random_alnum_variable_len
xqpbglhghvlqiphi6.com,dcf74541-456e-43ec-b209-740b9c8991b8,random_alnum_variable_len
ykcsfygbsylc.com,dcf74541-456e-43ec-b209-740b9c8991b8,random_alnum_variable_len
aqfdhfwwavr2v.com,dcf74541-456e-43ec-b209-740b9c8991b8,random_alnum_variable_len
emmwyvpdmvrydpmg5.com,dcf74541-456e-43ec-b209-740b9c8991b8,random_alnum_variable_len
maqzwtqtspwpuu.com,dcf74541-456e-43ec-b209-740b9c8991b8,random_alnum_variable_len
fzmyivdmqlg0.com,dcf74541-456e-43ec-b209-740b9c8991b8,random_alnum_variable_len
bxxiralffgktlus.com,dcf74541-456e-43ec-b209-740b9c8991b8,random_alnum_variable_len
zxtfkdbaqnnv.com,dcf74541-456e-43ec-b209-740b9c8991b8,random_alnum_variable_len
klocdbhathbsdawa1.com,dcf74541-456e-43ec-b209-740b9c8991b8,random_alnum_variable_len
guvjjstueapjpjc.com,dcf74541-456e-43ec-b209-740b9c8991b8,random_alnum_variable_len
tdnzhocrbop8.com,dcf74541-456e-43ec-b209-740b9c8991b8,random_alnum_variable_len
ymnbawkbhri6s.com,dcf74541-456e-43ec-b209-740b9c8991b8,random_alnum_variable_len
iuxiaxjnnv1c.com,dcf74541-456e-43ec-b209-740b9c8991b8,random_alnum_variable_len
lczvsthwpphddh.com,dcf74541-456e-43ec-b209-740b9c8991b8,random_alnum_variable_len
ehdocpwigaetmek8g.com,dcf74541-456e-43ec-b209-740b9c8991b8,random_alnum_variable_len
wbzjrrxsyrac0k.com,dcf74541-456e-43ec-b209-740b9c8991b8,random_alnum_variable_len
uelcdivlgoekxzhp1s.com,dcf74541-456e-43ec-b209-740b9c8991b8,random_alnum_variable_len
gewkosmkyhkb.com,dcf74541-456e-43ec-b209-740b9c8991b8,random_alnum_variable_len
iibmrhqrfqadmv8.com,dcf74541-456e-43ec-b209-740b9c8991b8,random_alnum_variable_len
yabfpvwzkmridav.com,dcf74541-456e-43ec-b209-740b9c8991b8,random_alnum_variable_len
bbewgtarbxmhvdu.com,dcf74541-456e-43ec-b209-740b9c8991b8,random_alnum_variable_len
poxnjsfghotimeu.com,dcf74541-456e-43ec-b209-740b9c8991b8,random_alnum_variable_len
eskmhkilfykw3.com,dcf74541-456e-43ec-b209-740b9c8991b8,random_alnum_variable_len
rpccsshuvbfekx.com,dcf74541-456e-43ec-b209-740b9c8991b8,random_alnum_variable_len
lcyaorjxyuv04.com,dcf74541-456e-43ec-b209-740b9c8991b8,random_alnum_variable_len
slpjjoaaxgcaydch.com,dcf74541-456e-43ec-b209-740b9c8991b8,random_alnum_variable_len
ssrjhzkfhfrlu.com,dcf74541-456e-43ec-b209-740b9c8991b8,random_alnum_variable_len
ecavlhbujphwyxo01.com,dcf74541-456e-43ec-b209-740b9c8991b8,random_alnum_variable_len
ylhcojozrvvuh.com,dcf74541-456e-43ec-b209-740b9c8991b8,random_alnum_variable_len
mnhvvceinunwxw.com,dcf74541-456e-43ec-b209-740b9c8991b8,random_alnum_variable_len
trpywewjxfnxvhmeaj.com,dcf74541-456e-43ec-b209-740b9c8991b8,random_alnum_variable_len
qpchrsewccfpzwmcgr.com,dcf74541-456e-43ec-b209-740b9c8991b8,random_alnum_variable_len
nqdxkmhcmlduti.com,dcf74541-456e-43ec-b209-740b9c8991b8,random_alnum_variable_len
kcisgfomkne0.com,dcf74541-456e-43ec-b209-740b9c8991b8,random_alnum_variable_len
sngrgqaunv21.com,dcf74541-456e-43ec-b209-740b9c8991b8,random_alnum_variable_len
nqecyrtcxqkbwbzj.com,dcf74541-456e-43ec-b209-740b9c8991b8,random_alnum_variable_len
ytozstqeuopcpwfa35.com,dcf74541-456e-43ec-b209-740b9c8991b8,random_alnum_variable_len
pabvlygvrxtnnfiz34.com,dcf74541-456e-43ec-b209-740b9c8991b8,random_alnum_variable_len
mqvdygxjkwsmtv.com,dcf74541-456e-43ec-b209-740b9c8991b8,random_alnum_variable_len
ibtzvsmkfvegapz8a.com,dcf74541-456e-43ec-b209-740b9c8991b8,random_alnum_variable_len
tcsqjziygakf98.com,dcf74541-456e-43ec-b209-740b9c8991b8,random_alnum_variable_len
ansxcnpkclpxuiin.com,dcf74541-456e-43ec-b209-740b9c8991b8,random_alnum_variable_len
hazqdvswosarcjxv5.com,dcf74541-456e-43ec-b209-740b9c8991b8,random_alnum_variable_len
zkqkognlkgdxuegj.com,dcf74541-456e-43ec-b209-740b9c8991b8,random_alnum_variable_len
oetlkhxegx1c.com,dcf74541-456e-43ec-b209-740b9c8991b8,random_alnum_variable_len
ztnyxvnqyzygecwck.com,dcf74541-456e-43ec-b209-740b9c8991b8,random_alnum_variable_len
hzkehoprnhf3v.com,dcf74541-456e-43ec-b209-740b9c8991b8,random_alnum_variable_len
pdatbprrapvm3.com,dcf74541-456e-43ec-b209-740b9c8991b8,random_alnum_variable_len
koiquszanozpecdsn.com,dcf74541-456e-43ec-b209-740b9c8991b8,random_alnum_variable_len
speptkfszwcpiee.com,dcf74541-456e-43ec-b209-740b9c8991b8,random_alnum_variable_len
obzscauaceisbh1z.com,dcf74541-456e-43ec-b209-740b9c8991b8,random_alnum_variable_len
wszxvthoiljvt.com,dcf74541-456e-43ec-b209-740b9c8991b8,random_alnum_variable_len
xafeutwrvvgx31.com,dcf74541-456e-43ec-b209-740b9c8991b8,random_alnum_variable_len
qxrqguiqmzjoylqpwh.com,dcf74541-456e-43ec-b209-740b9c8991b8,random_alnum_variable_len
bsycxhryrqo3.com,dcf74541-456e-43ec-b209-740b9c8991b8,random_alnum_variable_len
xdyfnneexdwiid6i.com,dcf74541-456e-43ec-b209-740b9c8991b8,random_alnum_variable_len
viirherkkszcxq.com,dcf74541-456e-43ec-b209-740b9c8991b8,random_alnum_variable_len
lmpiqkqwcyiqegdn.com,dcf74541-456e-43ec-b209-740b9c8991b8,random_alnum_variable_len
bzpuprppwbn6.com,dcf74541-456e-43ec-b209-740b9c8991b8,random_alnum_variable_len
suwaunpdmrd1v.com,dcf74541-456e-43ec-b209-740b9c8991b8,random_alnum_variable_len
jojmtshglwql.com,dcf74541-456e-43ec-b209-740b9c8991b8,random_alnum_variable_len
ajsissptwczgexyaae.com,dcf74541-456e-43ec-b209-740b9c8991b8,random_alnum_variable_len
gjpnlovzneiov1i.com,dcf74541-456e-43ec-b209-740b9c8991b8,random_alnum_variable_len
zsqkswvrpquk.com,dcf74541-456e-43ec-b209-740b9c8991b8,random_alnum_variable_len
wxccergcbe8u.com,dcf74541-456e-43ec-b209-740b9c8991b8,random_alnum_variable_len
kjtewxbrcfkfher8b.com,dcf74541-456e-43ec-b209-740b9c8991b8,random_alnum_variable_len
fxrmljdrlebikm.com,dcf74541-456e-43ec-b209-740b9c8991b8,random_alnum_variable_len
ooxlxmsrpnmuls1.com,dcf74541-456e-43ec-b209-740b9c8991b8,random_alnum_variable_len
oiqsqgrcrsigq52.com,dcf74541-456e-43ec-b209-740b9c8991b8,random_alnum_variable_len
jwkxherxonae8h.com,dcf74541-456e-43ec-b209-740b9c8991b8,random_alnum_variable_len
jfgwvdpfgmarymwlf3.com,dcf74541-456e-43ec-b209-740b9c8991b8,random_alnum_variable_len
kocbdsciytaxqpmk11.com,dcf74541-456e-43ec-b209-740b9c8991b8,random_alnum_variable_len
dmfglkruyvvhykzfoo.com,dcf74541-456e-43ec-b209-740b9c8991b8,random_alnum_variable_len
mppkbikohjusfnfpaj.com,dcf74541-456e-43ec-b209-740b9c8991b8,random_alnum_variable_len
nxlmifhjgrhaylzh1.com,dcf74541-456e-43ec-b209-740b9c8991b8,random_alnum_variable_len
sqykwjxztenjhnbk8i.com,dcf74541-456e-43ec-b209-740b9c8991b8,random_alnum_variable_len
zdkjqpcyqpjtsof1g.com,dcf74541-456e-43ec-b209-740b9c8991b8,random_alnum_variable_len
hefynpmqlotqbn.com,dcf74541-456e-43ec-b209-740b9c8991b8,random_alnum_variable_len
hxgzedomhfae.com,dcf74541-456e-43ec-b209-740b9c8991b8,random_alnum_variable_len
qlzzjndpna2a.com,dcf74541-456e-43ec-b209-740b9c8991b8,random_alnum_variable_len
xhgqujebbhznzrsu.com,dcf74541-456e-43ec-b209-740b9c8991b8,random_alnum_variable_len
ceodadbgmpgvldsef.com,dcf74541-456e-43ec-b209-740b9c8991b8,random_alnum_variable_len
mlevueuarvupfubpr.com,dcf74541-456e-43ec-b209-740b9c8991b8,random_alnum_variable_len
rkqwvhslzzv8.com,dcf74541-456e-43ec-b209-740b9c8991b8,random_alnum_variable_len
xpapkarbyykschb6.com,dcf74541-456e-43ec-b209-740b9c8991b8,random_alnum_variable_len
vcqqsjakqxrq.com,dcf74541-456e-43ec-b209-740b9c8991b8,random_alnum_variable_len
dvcvogefacx96.com,dcf74541-456e-43ec-b209-740b9c8991b8,random_alnum_variable_len
dopzbyltxsnboo3.com,dcf74541-456e-43ec-b209-740b9c8991b8,random_alnum_variable_len
xaforwfzuktxer6.com,dcf74541-456e-43ec-b209-740b9c8991b8,random_alnum_variable_len
sjpstnpbvnvak.com,dcf74541-456e-43ec-b209-740b9c8991b8,random_alnum_variable_len
onjbvlnmhfeblblq0.com,dcf74541-456e-43ec-b209-740b9c8991b8,random_alnum_variable_len
cpysdcfkxclkop7.com,dcf74541-456e-43ec-b209-740b9c8991b8,random_alnum_variable_len
iysxoaoafcyogkspyg.com,dcf74541-456e-43ec-b209-740b9c8991b8,random_alnum_variable_len
mxkmbwlgswgp.com,dcf74541-456e-43ec-b209-740b9c8991b8,random_alnum_variable_len
invcqrwtzbgsnxfy9z.com,dcf74541-456e-43ec-b209-740b9c8991b8,random_alnum_variable_len
jbamnfxxoihkhogoc.com,dcf74541-456e-43ec-b209-740b9c8991b8,random_alnum_variable_len
bgoxgnilgvpjzf9.com,dcf74541-456e-43ec-b209-740b9c8991b8,random_alnum_variable_len
kkbeabtcpfq4o.com,dcf74541-456e-43ec-b209-740b9c8991b8,random_alnum_variable_len
qwqtlxtpmlxwwyin.com,dcf74541-456e-43ec-b209-740b9c8991b8,random_alnum_variable_len
oefofuvvbvc6.com,dcf74541-456e-43ec-b209-740b9c8991b8,random_alnum_variable_len
oqrkqchyxlilrsx0.com,dcf74541-456e-43ec-b209-740b9c8991b8,random_alnum_variable_len
hksqwkbrgwyrzbt0.com,dcf74541-456e-43ec-b209-740b9c8991b8,random_alnum_variable_len
zazfjceasfimz.com,dcf74541-456e-43ec-b209-740b9c8991b8,random_alnum_variable_len
aopbjsfitxoqsjgv.com,dcf74541-456e-43ec-b209-740b9c8991b8,random_alnum_variable_len
hpyilxakyttpgwan.com,dcf74541-456e-43ec-b209-740b9c8991b8,random_alnum_variable_len
cleokidytdwelsz0.com,dcf74541-456e-43ec-b209-740b9c8991b8,random_alnum_variable_len
ivamhgiemisj4.com,dcf74541-456e-43ec-b209-740b9c8991b8,random_alnum_variable_len
ipntbheslzaw.com,dcf74541-456e-43ec-b209-740b9c8991b8,random_alnum_variable_len
codpebdkveq75.com,dcf74541-456e-43ec-b209-740b9c8991b8,random_alnum_variable_len
aouiknibeggsqluqnj.com,dcf74541-456e-43ec-b209-740b9c8991b8,random_alnum_variable_len
ecvlxbsrpezycyzu5i.com,dcf74541-456e-43ec-b209-740b9c8991b8,random_alnum_variable_len
zfzotqixkdzwtmr.com,dcf74541-456e-43ec-b209-740b9c8991b8,random_alnum_variable_len
tzhrkgvdzrij.com,dcf74541-456e-43ec-b209-740b9c8991b8,random_alnum_variable_len
ospurbyplysj.com,dcf74541-456e-43ec-b209-740b9c8991b8,random_alnum_variable_len
bawmwjykkmrxq7n.com,dcf74541-456e-43ec-b209-740b9c8991b8,random_alnum_variable_len
afwqogrorikodelxmu.com,dcf74541-456e-43ec-b209-740b9c8991b8,random_alnum_variable_len
tpgiivfprauwg.com,dcf74541-456e-43ec-b209-740b9c8991b8,random_alnum_variable_len
egjivrtyuwzonrjf.com,dcf74541-456e-43ec-b209-740b9c8991b8,random_alnum_variable_len
hjlubslawppdgftwhg.com,dcf74541-456e-43ec-b209-740b9c8991b8,random_alnum_variable_len
fmyslhswnrmycknyi1.com,dcf74541-456e-43ec-b209-740b9c8991b8,random_alnum_variable_len
arsxfnvrmssq5.com,dcf74541-456e-43ec-b209-740b9c8991b8,random_alnum_variable_len
zwxqfwrhcn8a.com,dcf74541-456e-43ec-b209-740b9c8991b8,random_alnum_variable_len
mhthprrgwywbxgpz9.com,dcf74541-456e-43ec-b209-740b9c8991b8,random_alnum_variable_len
kpufjfuuonumibokwd.com,dcf74541-456e-43ec-b209-740b9c8991b8,random_alnum_variable_len
cbngsouukkn9.com,dcf74541-456e-43ec-b209-740b9c8991b8,random_alnum_variable_len
fdyzbxvktfmobgbhdd.com,dcf74541-456e-43ec-b209-740b9c8991b8,random_alnum_variable_len
agfzsmfnpzpo9.com,dcf74541-456e-43ec-b209-740b9c8991b8,random_alnum_variable_len
smgpexafqtxouxdif7.com,dcf74541-456e-43ec-b209-740b9c8991b8,random_alnum_variable_len
ahblrdkcnrmpt2a.com,dcf74541-456e-43ec-b209-740b9c8991b8,random_alnum_variable_len
ngecqcbvbwtyyx4.com,dcf74541-456e-43ec-b209-740b9c8991b8,random_alnum_variable_len
gzmrdkiivzer76.com,dcf74541-456e-43ec-b209-740b9c8991b8,random_alnum_variable_len
zssqrnnhafnnmdrpfc.com,dcf74541-456e-43ec-b209-740b9c8991b8,random_alnum_variable_len
qscstuxclffqvln5h.com,dcf74541-456e-43ec-b209-740b9c8991b8,random_alnum_variable_len
xwedcnvoamejqnwry.com,dcf74541-456e-43ec-b209-740b9c8991b8,random_alnum_variable_len
jjvarmuazshhd.com,dcf74541-456e-43ec-b209-740b9c8991b8,random_alnum_variable_len
pfrnvpustftza.com,dcf74541-456e-43ec-b209-740b9c8991b8,random_alnum_variable_len
lpdbhgfaai1k.com,dcf74541-456e-43ec-b209-740b9c8991b8,random_alnum_variable_len
qimuablutwimyghz1.com,dcf74541-456e-43ec-b209-740b9c8991b8,random_alnum_variable_len
gfftflkxdlxk.com,dcf74541-456e-43ec-b209-740b9c8991b8,random_alnum_variable_len
ryjboqbrutvyxmuxl.com,dcf74541-456e-43ec-b209-740b9c8991b8,random_alnum_variable_len
cdsftgmjrfoermv.com,dcf74541-456e-43ec-b209-740b9c8991b8,random_alnum_variable_len
cezcgrpqyhc17.com,dcf74541-456e-43ec-b209-740b9c8991b8,random_alnum_variable_len
xnhdnjlnfirpvqr.com,dcf74541-456e-43ec-b209-740b9c8991b8,random_alnum_variable_len
xwiltlexabcoejles.com,dcf74541-456e-43ec-b209-740b9c8991b8,random_alnum_variable_len
mnwzokpoyxzujoao0.com,dcf74541-456e-43ec-b209-740b9c8991b8,random_alnum_variable_len
qhmcwjhmsjhab8.com,dcf74541-456e-43ec-b209-740b9c8991b8,random_alnum_variable_len
otdgiplfjsxffiyl2.com,dcf74541-456e-43ec-b209-740b9c8991b8,random_alnum_variable_len
ufciwqpaysdsokn.com,dcf74541-456e-43ec-b209-740b9c8991b8,random_alnum_variable_len
ygflpzcizhaiyo.com,dcf74541-456e-43ec-b209-740b9c8991b8,random_alnum_variable_len
jxwxcstryclqz9.com,dcf74541-456e-43ec-b209-740b9c8991b8,random_alnum_variable_len
owktdytchaubzrio4b.com,dcf74541-456e-43ec-b209-740b9c8991b8,random_alnum_variable_len
sayfkunplopxbtm.com,dcf74541-456e-43ec-b209-740b9c8991b8,random_alnum_variable_len
fbbhrdaexttpbbpyug.com,dcf74541-456e-43ec-b209-740b9c8991b8,random_alnum_variable_len
cdadwetseaerl.com,dcf74541-456e-43ec-b209-740b9c8991b8,random_alnum_variable_len
cednfdzjfl6j.com,dcf74541-456e-43ec-b209-740b9c8991b8,random_alnum_variable_len
rilffscyvyjhxqb3y.com,dcf74541-456e-43ec-b209-740b9c8991b8,random_alnum_variable_len
mkqkxsgntbv9.com,dcf74541-456e-43ec-b209-740b9c8991b8,random_alnum_variable_len
pnfndoamcrionveieh.com,dcf74541-456e-43ec-b209-740b9c8991b8,random_alnum_variable_len
mebipbkxzlov2.com,dcf74541-456e-43ec-b209-740b9c8991b8,random_alnum_variable_len
pbrtqyxjulmm39.com,dcf74541-456e-43ec-b209-740b9c8991b8,random_alnum_variable_len
hbicvrowcdic8.com,dcf74541-456e-43ec-b209-740b9c8991b8,random_alnum_variable_len
bouervkbfrkkov.com,dcf74541-456e-43ec-b209-740b9c8991b8,random_alnum_variable_len
gpcyvugibiybd.com,dcf74541-456e-43ec-b209-740b9c8991b8,random_alnum_variable_len
uysqusbzyqblqe0w.com,dcf74541-456e-43ec-b209-740b9c8991b8,random_alnum_variable_len
ldxlohfttbgpgc.com,dcf74541-456e-43ec-b209-740b9c8991b8,random_alnum_variable_len
hhsazjclfekblz.com,dcf74541-456e-43ec-b209-740b9c8991b8,random_alnum_variable_len
clqksfohtsnap7.com,dcf74541-456e-43ec-b209-740b9c8991b8,random_alnum_variable_len
lsgggzycdnsy.com,dcf74541-456e-43ec-b209-740b9c8991b8,random_alnum_variable_len
xxxebhaiuedfnla9.com,dcf74541-456e-43ec-b209-740b9c8991b8,random_alnum_variable_len
ztuftxjnqfzei.com,dcf74541-456e-43ec-b209-740b9c8991b8,random_alnum_variable_len
bqxjezejkeqfmswgb.com,dcf74541-456e-43ec-b209-740b9c8991b8,random_alnum_variable_len
apackzpuedydreczwm.com,dcf74541-456e-43ec-b209-740b9c8991b8,random_alnum_variable_len
nhvwodkdkjztrka8.com,dcf74541-456e-43ec-b209-740b9c8991b8,random_alnum_variable_len
rktjizxdqulakpu.com,dcf74541-456e-43ec-b209-740b9c8991b8,random_alnum_variable_len
waefnaqpulgt6.com,dcf74541-456e-43ec-b209-740b9c8991b8,random_alnum_variable_len
fpgslfugfivowrqpv.com,dcf74541-456e-43ec-b209-740b9c8991b8,random_alnum_variable_len
xmnsspwawzilma.com,dcf74541-456e-43ec-b209-740b9c8991b8,random_alnum_variable_len
xwptwejsllcsnkp9m.com,dcf74541-456e-43ec-b209-740b9c8991b8,random_alnum_variable_len
syebatssvnkjf1y.com,dcf74541-456e-43ec-b209-740b9c8991b8,random_alnum_variable_len
iwgdzstyoksj.com,dcf74541-456e-43ec-b209-740b9c8991b8,random_alnum_variable_len
girpflwfvhjsmt.com,dcf74541-456e-43ec-b209-740b9c8991b8,random_alnum_variable_len
rwtxrkqyduxsv.com,dcf74541-456e-43ec-b209-740b9c8991b8,random_alnum_variable_len
wfrekujqhgurwu.com,dcf74541-456e-43ec-b209-740b9c8991b8,random_alnum_variable_len
jneggpjfxevavwval3.com,dcf74541-456e-43ec-b209-740b9c8991b8,random_alnum_variable_len
bxhrezdjhdgngc.com,dcf74541-456e-43ec-b209-740b9c8991b8,random_alnum_variable_len
paedkqlukjqk1b.com,dcf74541-456e-43ec-b209-740b9c8991b8,random_alnum_variable_len
fvnzuigvhmjpaea.com,dcf74541-456e-43ec-b209-740b9c8991b8,random_alnum_variable_len
fciyibwejruwyeyqj7.com,dcf74541-456e-43ec-b209-740b9c8991b8,random_alnum_variable_len
peonzxhxpumsjy6.com,dcf74541-456e-43ec-b209-740b9c8991b8,random_alnum_variable_len
wuxqlccezwqycu.com,dcf74541-456e-43ec-b209-740b9c8991b8,random_alnum_variable_len
hjwhfkxeqjkx8.com,dcf74541-456e-43ec-b209-740b9c8991b8,random_alnum_variable_len
pxjntwrwgmmsrrws2m.com,dcf74541-456e-43ec-b209-740b9c8991b8,random_alnum_variable_len
varlpxhubt6s.com,dcf74541-456e-43ec-b209-740b9c8991b8,random_alnum_variable_len
pglsyqmpdqn7p.com,dcf74541-456e-43ec-b209-740b9c8991b8,random_alnum_variable_len
topdxrbekldgbmmoq.com,dcf74541-456e-43ec-b209-740b9c8991b8,random_alnum_variable_len
pgrxtjevyonrt5v.com,dcf74541-456e-43ec-b209-740b9c8991b8,random_alnum_variable_len
vjekvxdpbsojcjwx2a.com,dcf74541-456e-43ec-b209-740b9c8991b8,random_alnum_variable_len
kqoxivyrnconufdlv.com,dcf74541-456e-43ec-b209-740b9c8991b8,random_alnum_variable_len
chbumhjuxaguq.com,dcf74541-456e-43ec-b209-740b9c8991b8,random_alnum_variable_len
xvtfxppyblpdyc.com,dcf74541-456e-43ec-b209-740b9c8991b8,random_alnum_variable_len
vtxieaveqbyjkat2z.com,dcf74541-456e-43ec-b209-740b9c8991b8,random_alnum_variable_len
tjzsvqqiwnpn.com,dcf74541-456e-43ec-b209-740b9c8991b8,random_alnum_variable_len
vllevkjspap3f.com,dcf74541-456e-43ec-b209-740b9c8991b8,random_alnum_variable_len
mwpoitapjjvgwx25.com,dcf74541-456e-43ec-b209-740b9c8991b8,random_alnum_variable_len
flrxjalepmbkgzls6j.com,dcf74541-456e-43ec-b209-740b9c8991b8,random_alnum_variable_len
hnzvgrsaomkkxsfos.com,dcf74541-456e-43ec-b209-740b9c8991b8,random_alnum_variable_len
edpnkojtrkwopeqp3.com,dcf74541-456e-43ec-b209-740b9c8991b8,random_alnum_variable_len
ddgnifuuvbrgya11.com,dcf74541-456e-43ec-b209-740b9c8991b8,random_alnum_variable_len
fusiqkqbjtvnqdgt.com,dcf74541-456e-43ec-b209-740b9c8991b8,random_alnum_variable_len
ltbpoxnwfvbxwby85.com,dcf74541-456e-43ec-b209-740b9c8991b8,random_alnum_variable_len
oroowuynzppyfie6e.com,dcf74541-456e-43ec-b209-740b9c8991b8,random_alnum_variable_len
kzjtgcsvlcof.com,dcf74541-456e-43ec-b209-740b9c8991b8,random_alnum_variable_len
saxxlaaszax0t.com,dcf74541-456e-43ec-b209-740b9c8991b8,random_alnum_variable_len
xxwbsmefgqhytwe4.com,dcf74541-456e-43ec-b209-740b9c8991b8,random_alnum_variable_len
kkcicqtbgtsawedbx.com,dcf74541-456e-43ec-b209-740b9c8991b8,random_alnum_variable_len
ljrcymznwhaxw4.com,dcf74541-456e-43ec-b209-740b9c8991b8,random_alnum_variable_len
hpudxpmyzcpbz8m.com,dcf74541-456e-43ec-b209-740b9c8991b8,random_alnum_variable_len
bkusbpszyxjqpie8.com,dcf74541-456e-43ec-b209-740b9c8991b8,random_alnum_variable_len
qgdhxqhvtjjyhizgwg.com,dcf74541-456e-43ec-b209-740b9c8991b8,random_alnum_variable_len
aneoibpixqcuzhttdt.com,dcf74541-456e-43ec-b209-740b9c8991b8,random_alnum_variable_len
wsrguyylfpef7.com,dcf74541-456e-43ec-b209-740b9c8991b8,random_alnum_variable_len
xyuvfnlrjyphkrnxv5.com,dcf74541-456e-43ec-b209-740b9c8991b8,random_alnum_variable_len
mitkjwjecajcq.com,dcf74541-456e-43ec-b209-740b9c8991b8,random_alnum_variable_len
ylxouhpuyeafa.com,dcf74541-456e-43ec-b209-740b9c8991b8,random_alnum_variable_len
hncfgyphjkmsqgnjml.com,dcf74541-456e-43ec-b209-740b9c8991b8,random_alnum_variable_len
xgxkwsdsnimnddnfqp.com,dcf74541-456e-43ec-b209-740b9c8991b8,random_alnum_variable_len
puopdsfucpbaaj5.com,dcf74541-456e-43ec-b209-740b9c8991b8,random_alnum_variable_len
jcprksdorakxalfaes.com,dcf74541-456e-43ec-b209-740b9c8991b8,random_alnum_variable_len
pqhtnwwojfeotvo7f.com,dcf74541-456e-43ec-b209-740b9c8991b8,random_alnum_variable_len
hsfanqfzzqpujn.com,dcf74541-456e-43ec-b209-740b9c8991b8,random_alnum_variable_len
vzfxkneudnldvwra.com,dcf74541-456e-43ec-b209-740b9c8991b8,random_alnum_variable_len
qwaksylycigz.com,dcf74541-456e-43ec-b209-740b9c8991b8,random_alnum_variable_len
quhdlvlbkqhd8o.com,dcf74541-456e-43ec-b209-740b9c8991b8,random_alnum_variable_len
vxvtbujdbnjzw.com,dcf74541-456e-43ec-b209-740b9c8991b8,random_alnum_variable_len
gdpxwfhkkadbgh.com,dcf74541-456e-43ec-b209-740b9c8991b8,random_alnum_variable_len
ekszyypgeehyqdo4.com,dcf74541-456e-43ec-b209-740b9c8991b8,random_alnum_variable_len
jwstrbqozxabji2t.com,dcf74541-456e-43ec-b209-740b9c8991b8,random_alnum_variable_len
jbanihaltfyi6j.com,dcf74541-456e-43ec-b209-740b9c8991b8,random_alnum_variable_len
wqzgtwrxqbyugktbx.com,dcf74541-456e-43ec-b209-740b9c8991b8,random_alnum_variable_len
woibwrftxfyj.com,dcf74541-456e-43ec-b209-740b9c8991b8,random_alnum_variable_len
bwiztlhnaqbvssumr.com,dcf74541-456e-43ec-b209-740b9c8991b8,random_alnum_variable_len
pwysmqhkfhcsd.com,dcf74541-456e-43ec-b209-740b9c8991b8,random_alnum_variable_len
lixysmeuzpsnaflv.com,dcf74541-456e-43ec-b209-740b9c8991b8,random_alnum_variable_len
znvrgnryavfmi3.com,dcf74541-456e-43ec-b209-740b9c8991b8,random_alnum_variable_len
sifnryygadcxf46.com,dcf74541-456e-43ec-b209-740b9c8991b8,random_alnum_variable_len
iwxycuvrcnylwjglr.com,dcf74541-456e-43ec-b209-740b9c8991b8,random_alnum_variable_len
kylhwljlqquouoeq.com,dcf74541-456e-43ec-b209-740b9c8991b8,random_alnum_variable_len
rztubxkgyfbvnqdl.com,dcf74541-456e-43ec-b209-740b9c8991b8,random_alnum_variable_len
yvidpjhywvoyhw4n.com,dcf74541-456e-43ec-b209-740b9c8991b8,random_alnum_variable_len
ozrlxlkhalfxmco99.com,dcf74541-456e-43ec-b209-740b9c8991b8,random_alnum_variable_len
ejgserupxeyz36.com,dcf74541-456e-43ec-b209-740b9c8991b8,random_alnum_variable_len
ptoxytqaoaiqnxqa.com,dcf74541-456e-43ec-b209-740b9c8991b8,random_alnum_variable_len
kukztsaajriqdhxdf6.com,dcf74541-456e-43ec-b209-740b9c8991b8,random_alnum_variable_len
ratqqxfydxrjwr.com,dcf74541-456e-43ec-b209-740b9c8991b8,random_alnum_variable_len
zolunjeigipfhzl.com,dcf74541-456e-43ec-b209-740b9c8991b8,random_alnum_variable_len
jgzgcvkugemxuzs.com,dcf74541-456e-43ec-b209-740b9c8991b8,random_alnum_variable_len
wobcaaqoyrlnaqhkvj.com,dcf74541-456e-43ec-b209-740b9c8991b8,random_alnum_variable_len
yrfvlyguozpkli.com,dcf74541-456e-43ec-b209-740b9c8991b8,random_alnum_variable_len
dhhfexnsjibseyo9z.com,dcf74541-456e-43ec-b209-740b9c8991b8,random_alnum_variable_len
mnvwqvpmlzmsg0e.com,dcf74541-456e-43ec-b209-740b9c8991b8,random_alnum_variable_len
yaagaajfidwenhzxyk.com,dcf74541-456e-43ec-b209-740b9c8991b8,random_alnum_variable_len
xupojwlbvbwha.com,dcf74541-456e-43ec-b209-740b9c8991b8,random_alnum_variable_len
xrymnbgqxzziu.com,dcf74541-456e-43ec-b209-740b9c8991b8,random_alnum_variable_len
tbrarungeaqfscxlx.com,dcf74541-456e-43ec-b209-740b9c8991b8,random_alnum_variable_len
hsmsvddqffliisqd0g.com,dcf74541-456e-43ec-b209-740b9c8991b8,random_alnum_variable_len
zadhjsqksowticm.com,dcf74541-456e-43ec-b209-740b9c8991b8,random_alnum_variable_len
dyxgjsyczhdileqr5x.com,dcf74541-456e-43ec-b209-740b9c8991b8,random_alnum_variable_len
fwqawbfrozlqad.com,dcf74541-456e-43ec-b209-740b9c8991b8,random_alnum_variable_len
nuyabpsciqlff.com,dcf74541-456e-43ec-b209-740b9c8991b8,random_alnum_variable_len
ssvorvrivgexbr.com,dcf74541-456e-43ec-b209-740b9c8991b8,random_alnum_variable_len
tvapcuenjcawbxjnp6.com,dcf74541-456e-43ec-b209-740b9c8991b8,random_alnum_variable_len
osfplsahghvb.com,dcf74541-456e-43ec-b209-740b9c8991b8,random_alnum_variable_len
okqidsxwsg1x.com,dcf74541-456e-43ec-b209-740b9c8991b8,random_alnum_variable_len
qyqgcwmomthinyll.com,dcf74541-456e-43ec-b209-740b9c8991b8,random_alnum_variable_len
uxeaexsvnslx9.com,dcf74541-456e-43ec-b209-740b9c8991b8,random_alnum_variable_len
jpzliuyizdwtida1.com,dcf74541-456e-43ec-b209-740b9c8991b8,random_alnum_variable_len
ubveepjxkpzgzlflqr.com,dcf74541-456e-43ec-b209-740b9c8991b8,random_alnum_variable_len
knomebihmmavbjym05.com,dcf74541-456e-43ec-b209-740b9c8991b8,random_alnum_variable_len
usolyuvnnhufab.com,dcf74541-456e-43ec-b209-740b9c8991b8,random_alnum_variable_len
awjssmfsgnr3.com,dcf74541-456e-43ec-b209-740b9c8991b8,random_alnum_variable_len
ktjqiajzhdtwst.com,dcf74541-456e-43ec-b209-740b9c8991b8,random_alnum_variable_len
ldhrcnfptmckfe7.com,dcf74541-456e-43ec-b209-740b9c8991b8,random_alnum_variable_len
ibabmsmmnavd.com,dcf74541-456e-43ec-b209-740b9c8991b8,random_alnum_variable_len
sctpcvjpqpvs.com,dcf74541-456e-43ec-b209-740b9c8991b8,random_alnum_variable_len
kcsmzxeggexmxjxrh.com,dcf74541-456e-43ec-b209-740b9c8991b8,random_alnum_variable_len
rhytgoaimspqolhyo.com,dcf74541-456e-43ec-b209-740b9c8991b8,random_alnum_variable_len
ofshpwpwszqmk8.com,dcf74541-456e-43ec-b209-740b9c8991b8,random_alnum_variable_len
rfvcadlekwwc.com,dcf74541-456e-43ec-b209-740b9c8991b8,random_alnum_variable_len
xzrlcujqhlabbadv8z.com,dcf74541-456e-43ec-b209-740b9c8991b8,random_alnum_variable_len
xqcnyorwjrywqy1m.com,dcf74541-456e-43ec-b209-740b9c8991b8,random_alnum_variable_len
fuednygmoa7k.com,dcf74541-456e-43ec-b209-740b9c8991b8,random_alnum_variable_len
rygozjfqyfes6b.com,dcf74541-456e-43ec-b209-740b9c8991b8,random_alnum_variable_len
xskmdfvqajxz8c.com,dcf74541-456e-43ec-b209-740b9c8991b8,random_alnum_variable_len
yikrvqqjxxwgs.com,dcf74541-456e-43ec-b209-740b9c8991b8,random_alnum_variable_len
gvstzjdjitipqaipia.com,dcf74541-456e-43ec-b209-740b9c8991b8,random_alnum_variable_len
hvmpimaljizqs8a.com,dcf74541-456e-43ec-b209-740b9c8991b8,random_alnum_variable_len
rlsapwlrzxtyadlbqr.com,dcf74541-456e-43ec-b209-740b9c8991b8,random_alnum_variable_len
bixpbkoxmfnx2.com,dcf74541-456e-43ec-b209-740b9c8991b8,random_alnum_variable_len
jnbynjyoakggfhvw6.com,dcf74541-456e-43ec-b209-740b9c8991b8,random_alnum_variable_len
hrspametnppmth9.com,dcf74541-456e-43ec-b209-740b9c8991b8,random_alnum_variable_len
raqztcrrliegtqf2.com,dcf74541-456e-43ec-b209-740b9c8991b8,random_alnum_variable_len
afqkdybwqzgm.com,dcf74541-456e-43ec-b209-740b9c8991b8,random_alnum_variable_len
xsaiojfjpvjoaxgpa.com,dcf74541-456e-43ec-b209-740b9c8991b8,random_alnum_variable_len
mkwwvqtukelrggzoul.com,dcf74541-456e-43ec-b209-740b9c8991b8,random_alnum_variable_len
ydxdtpwvfjmnyb.com,dcf74541-456e-43ec-b209-740b9c8991b8,random_alnum_variable_len
agjxyeotaui10.com,dcf74541-456e-43ec-b209-740b9c8991b8,random_alnum_variable_len
cuogmujkndkn.com,dcf74541-456e-43ec-b209-740b9c8991b8,random_alnum_variable_len
lfyvzarwgoyhvyzfng.com,dcf74541-456e-43ec-b209-740b9c8991b8,random_alnum_variable_len
dwzuagozhmrqhwju.com,dcf74541-456e-43ec-b209-740b9c8991b8,random_alnum_variable_len
cfaxyipxgscs.com,dcf74541-456e-43ec-b209-740b9c8991b8,random_alnum_variable_len
ppjvfjgdptcld1.com,dcf74541-456e-43ec-b209-740b9c8991b8,random_alnum_variable_len
dcztearesnibauzjhm.com,dcf74541-456e-43ec-b209-740b9c8991b8,random_alnum_variable_len
liprxaknlupr.com,dcf74541-456e-43ec-b209-740b9c8991b8,random_alnum_variable_len
fgvxewcedpnkopda0.com,dcf74541-456e-43ec-b209-740b9c8991b8,random_alnum_variable_len
scwxvodpqtqzg.com,dcf74541-456e-43ec-b209-740b9c8991b8,random_alnum_variable_len
nizouohvmhcqhn7.com,dcf74541-456e-43ec-b209-740b9c8991b8,random_alnum_variable_len
whanjpgwweiherhf4.com,dcf74541-456e-43ec-b209-740b9c8991b8,random_alnum_variable_len
guniubcelnxuyl07.com,dcf74541-456e-43ec-b209-740b9c8991b8,random_alnum_variable_len
ucjkfwjbxpyiycyvt.com,dcf74541-456e-43ec-b209-740b9c8991b8,random_alnum_variable_len
orewpxxahphktsgl2a.com,dcf74541-456e-43ec-b209-740b9c8991b8,random_alnum_variable_len
uxjvwwezkbqqma.com,dcf74541-456e-43ec-b209-740b9c8991b8,random_alnum_variable_len
fgwoibecmhbqn.com,dcf74541-456e-43ec-b209-740b9c8991b8,random_alnum_variable_len
nzzrspmgrxn0f.com,dcf74541-456e-43ec-b209-740b9c8991b8,random_alnum_variable_len
hizfxjsoxvzlvstu7u.com,dcf74541-456e-43ec-b209-740b9c8991b8,random_alnum_variable_len
uforemsgdnlynosra.com,dcf74541-456e-43ec-b209-740b9c8991b8,random_alnum_variable_len
mtxefgniohdm.com,dcf74541-456e-43ec-b209-740b9c8991b8,random_alnum_variable_len
avgxsobabdlng0q.com,dcf74541-456e-43ec-b209-740b9c8991b8,random_alnum_variable_len
lgfifvjqkqxlognd71.com,dcf74541-456e-43ec-b209-740b9c8991b8,random_alnum_variable_len
hqvwrizwzvjljf4.com,dcf74541-456e-43ec-b209-740b9c8991b8,random_alnum_variable_len
kwxucbwznvjfj.com,dcf74541-456e-43ec-b209-740b9c8991b8,random_alnum_variable_len
udwrjaxtcgxrrsfhx5.com,dcf74541-456e-43ec-b209-740b9c8991b8,random_alnum_variable_len
fpsgmukweumfpjxot1.com,dcf74541-456e-43ec-b209-740b9c8991b8,random_alnum_variable_len
mdrevxmwyegdmys.com,dcf74541-456e-43ec-b209-740b9c8991b8,random_alnum_variable_len
ilomqlipyvarxmfg5.com,dcf74541-456e-43ec-b209-740b9c8991b8,random_alnum_variable_len
rbykygxmbgytwlzcy.com,dcf74541-456e-43ec-b209-740b9c8991b8,random_alnum_variable_len
tnqcxeufydm6d.com,dcf74541-456e-43ec-b209-740b9c8991b8,random_alnum_variable_len
onryhbbpwkefd.com,dcf74541-456e-43ec-b209-740b9c8991b8,random_alnum_variable_len
ooybcnxluniaqeou6.com,dcf74541-456e-43ec-b209-740b9c8991b8,random_alnum_variable_len
spnxrcgcurml.com,dcf74541-456e-43ec-b209-740b9c8991b8,random_alnum_variable_len
hmnodpmekba1.com,dcf74541-456e-43ec-b209-740b9c8991b8,random_alnum_variable_len
vmocgybvmjpytsq.com,dcf74541-456e-43ec-b209-740b9c8991b8,random_alnum_variable_len
ucamajssnwmuh.com,dcf74541-456e-43ec-b209-740b9c8991b8,random_alnum_variable_len
rzgvokwcnqg3n.com,dcf74541-456e-43ec-b209-740b9c8991b8,random_alnum_variable_len
zqwxifmsbhwdac1.com,dcf74541-456e-43ec-b209-740b9c8991b8,random_alnum_variable_len
shnhmzhsydxlvofi.com,dcf74541-456e-43ec-b209-740b9c8991b8,random_alnum_variable_len
vvmarmtxwizryuiv.com,dcf74541-456e-43ec-b209-740b9c8991b8,random_alnum_variable_len
cceumcxrbgdtcfr.com,dcf74541-456e-43ec-b209-740b9c8991b8,random_alnum_variable_len
vhknofwoptupew7.com,dcf74541-456e-43ec-b209-740b9c8991b8,random_alnum_variable_len
qolotjmeaifii3.com,dcf74541-456e-43ec-b209-740b9c8991b8,random_alnum_variable_len
flsbbzjldbmqdaqq.com,dcf74541-456e-43ec-b209-740b9c8991b8,random_alnum_variable_len
hbdhccetjad9z.com,dcf74541-456e-43ec-b209-740b9c8991b8,random_alnum_variable_len
ukvdttaapvuk8.com,dcf74541-456e-43ec-b209-740b9c8991b8,random_alnum_variable_len
tskvilsxvnyxbxjrk.com,dcf74541-456e-43ec-b209-740b9c8991b8,random_alnum_variable_len
beefmsyxjrzhqb.com,dcf74541-456e-43ec-b209-740b9c8991b8,random_alnum_variable_len
dzrfpycgaslaqmp.com,dcf74541-456e-43ec-b209-740b9c8991b8,random_alnum_variable_len
elytxfnrscxkwqdsu.com,dcf74541-456e-43ec-b209-740b9c8991b8,random_alnum_variable_len
joutleeumbdjdqrk.com,dcf74541-456e-43ec-b209-740b9c8991b8,random_alnum_variable_len
uyeduucqixijdzg6.com,dcf74541-456e-43ec-b209-740b9c8991b8,random_alnum_variable_len
myqjtcvpsxyhz91.com,dcf74541-456e-43ec-b209-740b9c8991b8,random_alnum_variable_len
saltqcnjmojxi6y.com,dcf74541-456e-43ec-b209-740b9c8991b8,random_alnum_variable_len
htpfuvzmcfmodugs.com,dcf74541-456e-43ec-b209-740b9c8991b8,random_alnum_variable_len
lzfzhrhfjkpbqqcp.com,dcf74541-456e-43ec-b209-740b9c8991b8,random_alnum_variable_len
dcpztwbwirc8.com,dcf74541-456e-43ec-b209-740b9c8991b8,random_alnum_variable_len
klxadkqqfocgaxhnsi.com,dcf74541-456e-43ec-b209-740b9c8991b8,random_alnum_variable_len
qwxlfvhgqbrmsw2.com,dcf74541-456e-43ec-b209-740b9c8991b8,random_alnum_variable_len
arwpuagindqd5.com,dcf74541-456e-43ec-b209-740b9c8991b8,random_alnum_variable_len
ucoievikjp3p.com,dcf74541-456e-43ec-b209-740b9c8991b8,random_alnum_variable_len
fyxbgxbpjnke1.com,dcf74541-456e-43ec-b209-740b9c8991b8,random_alnum_variable_len
uimngzkljphwga5.com,dcf74541-456e-43ec-b209-740b9c8991b8,random_alnum_variable_len
owwwjjytdexgmudyd.com,dcf74541-456e-43ec-b209-740b9c8991b8,random_alnum_variable_len
yflxgkwely49.com,dcf74541-456e-43ec-b209-740b9c8991b8,random_alnum_variable_len
nucrzhdvjgpkoreg9x.com,dcf74541-456e-43ec-b209-740b9c8991b8,random_alnum_variable_len
gkmkdvxemyfg.com,dcf74541-456e-43ec-b209-740b9c8991b8,random_alnum_variable_len
nflkjvpyalvgkbxvn.com,dcf74541-456e-43ec-b209-740b9c8991b8,random_alnum_variable_len
aflevwykmbj1.com,dcf74541-456e-43ec-b209-740b9c8991b8,random_alnum_variable_len
adokmvkczmjjlihky.com,dcf74541-456e-43ec-b209-740b9c8991b8,random_alnum_variable_len
gonyinzyhleh2r.com,dcf74541-456e-43ec-b209-740b9c8991b8,random_alnum_variable_len
brguhfsyducgitsyc.com,dcf74541-456e-43ec-b209-740b9c8991b8,random_alnum_variable_len
xleojdfravejpdgs5.com,dcf74541-456e-43ec-b209-740b9c8991b8,random_alnum_variable_len
hyygamnmuzbmfqva.com,dcf74541-456e-43ec-b209-740b9c8991b8,random_alnum_variable_len
wvrmpnssqgjr.com,dcf74541-456e-43ec-b209-740b9c8991b8,random_alnum_variable_len
tgiycijgabgtslm.com,dcf74541-456e-43ec-b209-740b9c8991b8,random_alnum_variable_len
avgrhhxzkhptzfsev.com,dcf74541-456e-43ec-b209-740b9c8991b8,random_alnum_variable_len
skgvybautkblpls2z.com,dcf74541-456e-43ec-b209-740b9c8991b8,random_alnum_variable_len
jtmnhjzbzbrc5.com,dcf74541-456e-43ec-b209-740b9c8991b8,random_alnum_variable_len
cpelkckizrqyf7r.com,dcf74541-456e-43ec-b209-740b9c8991b8,random_alnum_variable_len
evhgamdgmtnscor26.com,dcf74541-456e-43ec-b209-740b9c8991b8,random_alnum_variable_len
bsxikubhpvo91.com,dcf74541-456e-43ec-b209-740b9c8991b8,random_alnum_variable_len
qoiloxctvuxf58.com,dcf74541-456e-43ec-b209-740b9c8991b8,random_alnum_variable_len
vzmkvhjpcstwgukh.com,dcf74541-456e-43ec-b209-740b9c8991b8,random_alnum_variable_len
jgjuvqboobudcohh.com,dcf74541-456e-43ec-b209-740b9c8991b8,random_alnum_variable_len
tftqyyltcewrp.com,dcf74541-456e-43ec-b209-740b9c8991b8,random_alnum_variable_len
vvlllkbtpii8.com,dcf74541-456e-43ec-b209-740b9c8991b8,random_alnum_variable_len
zfmtamcrgtbsanni1b.com,dcf74541-456e-43ec-b209-740b9c8991b8,random_alnum_variable_len
fasjphrepcsxwgstm8.com,dcf74541-456e-43ec-b209-740b9c8991b8,random_alnum_variable_len
nqfulffpzuvear4j.com,dcf74541-456e-43ec-b209-740b9c8991b8,random_alnum_variable_len
lygkgqlgyixeb0x.com,dcf74541-456e-43ec-b209-740b9c8991b8,random_alnum_variable_len
xlmjtonduvpjz9.com,dcf74541-456e-43ec-b209-740b9c8991b8,random_alnum_variable_len
kujssbsbfyty.com,dcf74541-456e-43ec-b209-740b9c8991b8,random_alnum_variable_len
rcgoyyxgspnhjfdb.com,dcf74541-456e-43ec-b209-740b9c8991b8,random_alnum_variable_len
ahceiarhlvqlla.com,dcf74541-456e-43ec-b209-740b9c8991b8,random_alnum_variable_len
apcdfohmwrxwboc.com,dcf74541-456e-43ec-b209-740b9c8991b8,random_alnum_variable_len
hsfqlqxdugoc.com,dcf74541-456e-43ec-b209-740b9c8991b8,random_alnum_variable_len
dqqyumaiejhv.com,dcf74541-456e-43ec-b209-740b9c8991b8,random_alnum_variable_len
nimaevzfsehzfju1.com,dcf74541-456e-43ec-b209-740b9c8991b8,random_alnum_variable_len
wklvxlmytrqhvzea.com,dcf74541-456e-43ec-b209-740b9c8991b8,random_alnum_variable_len
qgcypcjrawhvtojqbk.com,dcf74541-456e-43ec-b209-740b9c8991b8,random_alnum_variable_len
xxibtnipmfagxke.com,dcf74541-456e-43ec-b209-740b9c8991b8,random_alnum_variable_len
xkjspebnoqop.com,dcf74541-456e-43ec-b209-740b9c8991b8,random_alnum_variable_len
nwtnrsejhyujxsxi2i.com,dcf74541-456e-43ec-b209-740b9c8991b8,random_alnum_variable_len
pgisjpxovfpds.com,dcf74541-456e-43ec-b209-740b9c8991b8,random_alnum_variable_len
yphcnovmdqpdz4.com,dcf74541-456e-43ec-b209-740b9c8991b8,random_alnum_variable_len
pxfajhooggaurmg7.com,dcf74541-456e-43ec-b209-740b9c8991b8,random_alnum_variable_len
pkzmotkzuglckzt3.com,dcf74541-456e-43ec-b209-740b9c8991b8,random_alnum_variable_len
adpzmawdxi8z.com,dcf74541-456e-43ec-b209-740b9c8991b8,random_alnum_variable_len
gpbgbzeigetcs34.com,dcf74541-456e-43ec-b209-740b9c8991b8,random_alnum_variable_len
rtqijinxytevwnwccq.com,dcf74541-456e-43ec-b209-740b9c8991b8,random_alnum_variable_len
vynladyjhjad.com,dcf74541-456e-43ec-b209-740b9c8991b8,random_alnum_variable_len
iiifgvclnjvfk.com,dcf74541-456e-43ec-b209-740b9c8991b8,random_alnum_variable_len
apkqkpuutfwxq.com,dcf74541-456e-43ec-b209-740b9c8991b8,random_alnum_variable_len
zshlyjphswgmvi5.com,dcf74541-456e-43ec-b209-740b9c8991b8,random_alnum_variable_len
qvtpwnzsosatqt20.com,dcf74541-456e-43ec-b209-740b9c8991b8,random_alnum_variable_len
cwfuwdtjvnygfs46.com,dcf74541-456e-43ec-b209-740b9c8991b8,random_alnum_variable_len
ylppnnnocjrureu.com,dcf74541-456e-43ec-b209-740b9c8991b8,random_alnum_variable_len
ronbwrqcupycju2.com,dcf74541-456e-43ec-b209-740b9c8991b8,random_alnum_variable_len
poaunwutcdbmnv.com,dcf74541-456e-43ec-b209-740b9c8991b8,random_alnum_variable_len
ppzenjtbjqkpyizyy.com,dcf74541-456e-43ec-b209-740b9c8991b8,random_alnum_variable_len
xohmehfmumkimbfv.com,dcf74541-456e-43ec-b209-740b9c8991b8,random_alnum_variable_len
osspepmobapwclwzaz.com,dcf74541-456e-43ec-b209-740b9c8991b8,random_alnum_variable_len
vyldpoiahdjrmbwtb.com,dcf74541-456e-43ec-b209-740b9c8991b8,random_alnum_variable_len
uoqffagkgdqaxz.com,dcf74541-456e-43ec-b209-740b9c8991b8,random_alnum_variable_len
susasowdivma.com,dcf74541-456e-43ec-b209-740b9c8991b8,random_alnum_variable_len
twrwfevpmydthv3a.com,dcf74541-456e-43ec-b209-740b9c8991b8,random_alnum_variable_len
cowrbcdfhhacq.com,dcf74541-456e-43ec-b209-740b9c8991b8,random_alnum_variable_len
zjgllnjziknywecoie.com,dcf74541-456e-43ec-b209-740b9c8991b8,random_alnum_variable_len
crszxybpaimrzp.com,dcf74541-456e-43ec-b209-740b9c8991b8,random_alnum_variable_len
exmqjcgqpdvohgm0.com,dcf74541-456e-43ec-b209-740b9c8991b8,random_alnum_variable_len
qyjcncranhqa.com,dcf74541-456e-43ec-b209-740b9c8991b8,random_alnum_variable_len
zyfwgjtjiffm95.com,dcf74541-456e-43ec-b209-740b9c8991b8,random_alnum_variable_len
mizrpbbibrhqnasrfx.com,dcf74541-456e-43ec-b209-740b9c8991b8,random_alnum_variable_len
macekrepwyuhsbjoxw.com,dcf74541-456e-43ec-b209-740b9c8991b8,random_alnum_variable_len
bztxuxuazgqrhf.com,dcf74541-456e-43ec-b209-740b9c8991b8,random_alnum_variable_len
gpamoqlkzprkqqfc.com,dcf74541-456e-43ec-b209-740b9c8991b8,random_alnum_variable_len
xiiyzhvecynembphnn.com,dcf74541-456e-43ec-b209-740b9c8991b8,random_alnum_variable_len
fpasglogzmctnt.com,dcf74541-456e-43ec-b209-740b9c8991b8,random_alnum_variable_len
ltsvsbzvljfn7f.com,dcf74541-456e-43ec-b209-740b9c8991b8,random_alnum_variable_len
qlgalstqvhdx6.com,dcf74541-456e-43ec-b209-740b9c8991b8,random_alnum_variable_len
soksvskxdkoyfqrj33.com,dcf74541-456e-43ec-b209-740b9c8991b8,random_alnum_variable_len
btclqozsgwnaaru.com,dcf74541-456e-43ec-b209-740b9c8991b8,random_alnum_variable_len
lesqiuzkvgjdwnlzfa.com,dcf74541-456e-43ec-b209-740b9c8991b8,random_alnum_variable_len
gikqmuuecnqbktt.com,dcf74541-456e-43ec-b209-740b9c8991b8,random_alnum_variable_len
lntadixnkmnxfn.com,dcf74541-456e-43ec-b209-740b9c8991b8,random_alnum_variable_len
vhjpdwtmxuaqcvr0n.com,dcf74541-456e-43ec-b209-740b9c8991b8,random_alnum_variable_len
iggovzffrvrko1.com,dcf74541-456e-43ec-b209-740b9c8991b8,random_alnum_variable_len
qprcvvrifvoydkxl42.com,dcf74541-456e-43ec-b209-740b9c8991b8,random_alnum_variable_len
wyacywfplfzirft.com,dcf74541-456e-43ec-b209-740b9c8991b8,random_alnum_variable_len
pylesyqtauehyjnr78.com,dcf74541-456e-43ec-b209-740b9c8991b8,random_alnum_variable_len
ngvqpdffqymacyxnk.com,dcf74541-456e-43ec-b209-740b9c8991b8,random_alnum_variable_len
zlllbqoannjsvn4.com,dcf74541-456e-43ec-b209-740b9c8991b8,random_alnum_variable_len
buuciuvnchxdvc.com,dcf74541-456e-43ec-b209-740b9c8991b8,random_alnum_variable_len
ztadkttxlbfq.com,dcf74541-456e-43ec-b209-740b9c8991b8,random_alnum_variable_len
jradmdobojl5l.com,dcf74541-456e-43ec-b209-740b9c8991b8,random_alnum_variable_len
fkdgouoxgtzhuxy.com,dcf74541-456e-43ec-b209-740b9c8991b8,random_alnum_variable_len
ujurrwujgcmwbroow.com,dcf74541-456e-43ec-b209-740b9c8991b8,random_alnum_variable_len
rvfwkfybfvf8.com,dcf74541-456e-43ec-b209-740b9c8991b8,random_alnum_variable_len
jbkkarwkcrab6v.com,dcf74541-456e-43ec-b209-740b9c8991b8,random_alnum_variable_len
